onset	duration	nwb_table	visited_matched_expected	visited_arm	expected_arm	recordings	is_familiar_maze	ripple_durations	peaks	peak_normed_power	peak_frequencies	peak_amplitudes	label
0.0	8611.967966666667	epochs											
1.0	322.0	SleepStates											Awake
108.6136	0.02559999999999718	Ripples						0.02559999999999718	108.632	5.675182124239013	153.48369981531906	729.7615133259928	
109.888	0.021600000000006503	Ripples						0.021600000000006503	109.9024	9.311075360233964	159.6984312554175	951.2959259727035	
114.5728	0.024799999999999045	Ripples						0.024799999999999045	114.58720000000001	7.154357341458755	153.12038951286996	781.9721739902266	
116.9984	0.0367999999999995	Ripples						0.0367999999999995	117.028	8.395346618943922	151.6336206112327	786.4579706172735	
128.9024	0.07920000000001437	Ripples						0.07920000000001437	128.96880000000002	9.97840316250615	159.38245176314155	1030.716303649098	
131.1976	0.0367999999999995	Ripples						0.0367999999999995	131.2056	8.278823271254641	158.8588456352041	837.5081866381274	
131.8856	0.03119999999998413	Ripples						0.03119999999998413	131.9	6.4849039306603045	153.3240047828926	830.6194637619404	
132.6344	0.04560000000000741	Ripples						0.04560000000000741	132.6616	11.00360566540585	152.09275391592578	815.3432435921002	
133.88240000000002	0.036000000000001364	Ripples						0.036000000000001364	133.9048	13.307975276680258	158.23097273219673	1054.0789385820015	
134.0432	0.0367999999999995	Ripples						0.0367999999999995	134.064	14.339054653682485	161.12570643065817	1451.2417658051904	
141.7104	0.05680000000000973	Ripples						0.05680000000000973	141.76000000000002	5.714702104508256	152.4752398686921	643.424080074274	
141.9008	0.04560000000000741	Ripples						0.04560000000000741	141.9392	8.530233114967434	151.4056489677943	900.9381859620743	
144.4016	0.030400000000014415	Ripples						0.030400000000014415	144.4216	9.069256954070275	167.135452477148	1026.72243688824	
145.5672	0.04239999999998645	Ripples						0.04239999999998645	145.59120000000001	19.455799679741887	155.32865581734316	1339.357433342054	
153.83360000000002	0.026399999999995316	Ripples						0.026399999999995316	153.84480000000002	8.823131640242726	168.53282324687476	979.73646289144	
156.5456	0.026399999999995316	Ripples						0.026399999999995316	156.5592	9.911687110589686	165.1613249130202	1091.307314463771	
158.3384	0.07839999999998781	Ripples						0.07839999999998781	158.4032	11.099463904416535	165.3791669153874	1056.5429675852922	
160.0632	0.020000000000010232	Ripples						0.020000000000010232	160.0736	7.028348419093758	164.04231870987294	857.8506773313893	
160.80960000000002	0.03839999999999577	Ripples						0.03839999999999577	160.8184	6.504801837985128	156.3205630261056	690.4698645925192	
165.2432	0.023200000000002774	Ripples						0.023200000000002774	165.2568	11.388533476945245	164.71657375527107	1060.8061175983778	
166.45440000000002	0.05279999999999063	Ripples						0.05279999999999063	166.4904	11.31731369874418	151.85784156765882	1059.6271653763752	
170.9496	0.04640000000000555	Ripples						0.04640000000000555	170.9744	7.7924229265014855	153.77207085624707	777.6510562234643	
173.5136	0.021600000000006503	Ripples						0.021600000000006503	173.5248	6.282013143296377	154.54425135801299	772.0984352544336	
178.488	0.07600000000002183	Ripples						0.07600000000002183	178.536	5.538874881337857	151.9251575224389	877.7622150879901	
178.61360000000002	0.04399999999998272	Ripples						0.04399999999998272	178.6304	15.162969762705997	155.43579983293472	1342.8288831828743	
184.4248	0.060000000000002274	Ripples						0.060000000000002274	184.4632	11.425707733302277	152.38673615773868	1041.655396656532	
184.60000000000002	0.03439999999997667	Ripples						0.03439999999997667	184.6216	5.2805689146287085	151.60652035165978	762.7733512985715	
189.4016	0.024799999999999045	Ripples						0.024799999999999045	189.416	11.13177292382289	159.8806463062183	1043.7091728581017	
190.148	0.09360000000000923	Ripples						0.09360000000000923	190.2176	12.765355188905088	150.43622063205459	1113.391810392822	
190.43280000000001	0.02240000000000464	Ripples						0.02240000000000464	190.4472	10.957538530833553	155.93845088296888	942.1858553036615	
287.56800000000004	0.022399999999947795	Ripples						0.022399999999947795	287.58000000000004	6.821301594107399	158.42268246409785	860.8955415828801	
293.8456	0.024800000000027467	Ripples						0.024800000000027467	293.86	12.156967643294948	161.58058398564538	1115.6702879849593	
294.1256	0.037599999999997635	Ripples						0.037599999999997635	294.15360000000004	5.767899353883956	157.34338641066685	803.8196697036618	
307.476	0.02559999999999718	Ripples						0.02559999999999718	307.4936	6.778550250271894	159.78915454993188	863.0299948738709	
313.3216	0.02559999999999718	Ripples						0.02559999999999718	313.336	8.454400152835579	156.61218632010775	885.6317082579477	
317.13280000000003	0.03519999999997481	Ripples						0.03519999999997481	317.1512	11.351412332518212	158.02538814214063	1235.9818409026332	
317.2608	0.041600000000016735	Ripples						0.041600000000016735	317.2776	10.901218374547806	154.5034759685357	1143.6603274140589	
318.98560000000003	0.028799999999989723	Ripples						0.028799999999989723	319.004	8.39474042141418	152.32577210706427	902.5625327013341	
324.0	675.0	SleepStates											Non-REM
329.1	0.07200000000000273	Ripples						0.07200000000000273	329.11600000000004	7.4903968421949445	160.79324968485105	1022.5446760301193	
333.30400000000003	0.026399999999966894	Ripples						0.026399999999966894	333.3176	5.267604803941601	166.83709957542368	809.8975118341839	
337.4336	0.02960000000001628	Ripples						0.02960000000001628	337.4472	5.446243644968572	162.95147913927522	866.4700690136236	
341.7576	0.020800000000008367	Ripples						0.020800000000008367	341.772	7.018597515612192	160.02138805119006	721.6659839705578	
342.4248	0.03200000000003911	Ripples						0.03200000000003911	342.4392	14.96531105764367	155.81200018302255	1233.2776124562972	
342.5672	0.05680000000000973	Ripples						0.05680000000000973	342.58160000000004	9.119359993262597	165.6989366291083	1052.0182132633515	
348.39680000000004	0.024799999999970623	Ripples						0.024799999999970623	348.408	13.0037206381725	166.50225093035343	1159.297577916283	
349.7336	0.037599999999997635	Ripples						0.037599999999997635	349.7504	11.399565822448647	158.84698960609845	1177.4624997217652	
350.07840000000004	0.04239999999998645	Ripples						0.04239999999998645	350.108	7.788094463668003	165.19132690196656	955.8775697760196	
352.2112	0.03679999999997108	Ripples						0.03679999999997108	352.22560000000004	13.834063196989405	166.34443419319436	1208.523090860836	
353.44640000000004	0.02159999999997808	Ripples						0.02159999999997808	353.45680000000004	6.533306779422952	160.85002929742606	780.4978336321869	
353.5072	0.057599999999979445	Ripples						0.057599999999979445	353.5328	10.88984076156059	148.652873906397	796.1135641233147	
355.56	0.020000000000038654	Ripples						0.020000000000038654	355.5704	5.107091079124448	163.27582415547857	745.8021210500673	
358.6744	0.0776000000000181	Ripples						0.0776000000000181	358.7416	5.983174213361667	154.66047507363064	787.7819029502685	
360.26	0.030400000000042837	Ripples						0.030400000000042837	360.27520000000004	17.96792182895872	163.1100850569713	1495.8476972918938	
360.368	0.048800000000028376	Ripples						0.048800000000028376	360.39520000000005	19.64260146830971	162.34430871447856	1593.1743645677577	
360.696	0.03679999999997108	Ripples						0.03679999999997108	360.7264	5.756973943194232	153.20163632420153	716.2519790719185	
367.74240000000003	0.031999999999982265	Ripples						0.031999999999982265	367.7536	10.067833162746942	156.510881869958	1059.4661875911042	
369.66400000000004	0.02719999999999345	Ripples						0.02719999999999345	369.68080000000003	11.134700741689493	163.06946543946452	1103.9035204416743	
370.81280000000004	0.04800000000000182	Ripples						0.04800000000000182	370.8336	10.649877215519872	152.23118965948473	1149.0562107123096	
379.0032	0.02960000000001628	Ripples						0.02960000000001628	379.02000000000004	10.685907298850708	163.66570474089812	1152.167299410975	
379.64480000000003	0.02719999999999345	Ripples						0.02719999999999345	379.6592	8.164966190803316	169.6241026680331	969.2076381021174	
379.8048	0.02559999999999718	Ripples						0.02559999999999718	379.81280000000004	5.67783759774148	154.94825516163897	728.1488289288234	
380.2944	0.02400000000000091	Ripples						0.02400000000000091	380.308	7.8169683039894595	163.68697573973347	957.7337086958142	
381.17920000000004	0.02559999999999718	Ripples						0.02559999999999718	381.20000000000005	5.677690222600132	155.7234938956914	682.948141136245	
383.61760000000004	0.03679999999997108	Ripples						0.03679999999997108	383.632	7.311364913465574	150.91852893670972	935.2396104057765	
388.6936	0.02559999999999718	Ripples						0.02559999999999718	388.7096	7.440764077962283	167.33360180904924	904.7275647681843	
388.808	0.036000000000001364	Ripples						0.036000000000001364	388.8224	8.903083946426118	149.17288367440233	851.1397655148911	
390.29040000000003	0.057599999999979445	Ripples						0.057599999999979445	390.33840000000004	5.280009414289993	163.25708894935198	768.825768288456	
390.5344	0.047200000000032105	Ripples						0.047200000000032105	390.564	11.204025537211072	151.86155742189845	1079.0654913564365	
392.87760000000003	0.04399999999998272	Ripples						0.04399999999998272	392.8976	16.788809515347783	158.98126708558982	1439.428178325754	
396.66880000000003	0.030399999999985994	Ripples						0.030399999999985994	396.6888	6.924968950948332	164.06505163751666	926.069524282047	
396.7912	0.045600000000035834	Ripples						0.045600000000035834	396.8056	14.527708254798815	156.88718362937317	1215.7460402969025	
396.98400000000004	0.027999999999963165	Ripples						0.027999999999963165	396.9952	12.068152578573066	167.5749019595907	1096.7460714951044	
399.54720000000003	0.03679999999997108	Ripples						0.03679999999997108	399.572	8.295447213413944	158.7207832103495	1032.536849034378	
401.44480000000004	0.04559999999997899	Ripples						0.04559999999997899	401.4776	6.274556064382361	158.19207911456974	738.4465844885501	
402.344	0.023200000000031196	Ripples						0.023200000000031196	402.35760000000005	6.823563885095197	166.85128596576482	861.5155266785323	
403.18800000000005	0.02400000000000091	Ripples						0.02400000000000091	403.1992	8.351416598468377	164.37640280531002	953.0181085863367	
408.9488	0.09120000000001482	Ripples						0.09120000000001482	408.96000000000004	11.919570182159017	166.59715145299737	1098.6635232272629	
409.1456	0.03280000000000882	Ripples						0.03280000000000882	409.16240000000005	13.476897461975206	161.04698210941368	1272.689008817884	
411.9096	0.048800000000028376	Ripples						0.048800000000028376	411.94800000000004	7.274258754109284	167.0148602094277	872.6300959669369	
412.4384	0.03120000000001255	Ripples						0.03120000000001255	412.456	14.03793796441533	162.9165526894672	1297.4722679695556	
413.6968	0.020800000000008367	Ripples						0.020800000000008367	413.7072	5.336139866431348	162.84791920888267	829.7650575267065	
416.53200000000004	0.0543999999999869	Ripples						0.0543999999999869	416.5744	12.026796079781395	169.484493972692	1103.7341017511912	
416.6784	0.03440000000000509	Ripples						0.03440000000000509	416.6976	16.46992704487951	167.46628637220195	1419.4919184560022	
421.37280000000004	0.029599999999959437	Ripples						0.029599999999959437	421.384	13.429306522496173	157.81156334174617	1174.9971394707734	
431.3704	0.02719999999999345	Ripples						0.02719999999999345	431.38480000000004	10.857859557398928	162.01273790590207	1166.2429185769283	
433.84880000000004	0.06399999999996453	Ripples						0.06399999999996453	433.90160000000003	5.852896144494314	148.60188052449428	641.1154126404539	
434.4112	0.040000000000020464	Ripples						0.040000000000020464	434.42560000000003	10.353992645408335	153.89351949446208	1079.2354692396405	
437.2576	0.03679999999997108	Ripples						0.03679999999997108	437.2776	16.36904559732597	160.93485966693422	1355.293141881015	
440.71520000000004	0.04239999999998645	Ripples						0.04239999999998645	440.73040000000003	10.912978229336689	156.839156331568	1048.2694524430233	
443.6496	0.02960000000001628	Ripples						0.02960000000001628	443.6608	11.864294990154278	158.529923089069	948.0727436004025	
457.1976	0.03519999999997481	Ripples						0.03519999999997481	457.21200000000005	12.013940890372274	156.72216212311878	1175.9048781047024	
460.32000000000005	0.033599999999978536	Ripples						0.033599999999978536	460.3464	5.473335547615418	161.77095406244794	674.3432026290908	
465.98	0.023200000000031196	Ripples						0.023200000000031196	465.992	12.166484940463079	160.991762166861	1080.6899095510091	
466.90160000000003	0.031999999999982265	Ripples						0.031999999999982265	466.9152	12.76080644325761	157.3435301711075	1160.767801373948	
467.0752	0.048800000000028376	Ripples						0.048800000000028376	467.10080000000005	28.654587579999586	157.29391318189568	1792.8585383865316	
469.81600000000003	0.03440000000000509	Ripples						0.03440000000000509	469.82800000000003	12.458438660155196	160.1379423104962	1168.0939506858901	
475.4408	0.02159999999997808	Ripples						0.02159999999997808	475.4488	7.254153110290523	155.46309094176007	805.3918745185061	
478.6816	0.023200000000031196	Ripples						0.023200000000031196	478.6952	8.76368160317227	158.04191609884458	946.6035367559216	
478.848	0.036000000000001364	Ripples						0.036000000000001364	478.87120000000004	10.61274175449759	162.18886958064098	1118.0711336651364	
479.47040000000004	0.023199999999974352	Ripples						0.023199999999974352	479.4864	8.305541977249876	161.47055649503085	857.5567509151542	
481.3288	0.030400000000042837	Ripples						0.030400000000042837	481.3392	7.698370201095482	171.412684564649	834.3506493370558	
481.4648	0.020800000000008367	Ripples						0.020800000000008367	481.4784	8.3648420669315	163.22053556656135	928.6744092767493	
481.6872	0.02559999999999718	Ripples						0.02559999999999718	481.70160000000004	10.052207005702936	159.43404452393537	1040.3267915140134	
482.5296	0.05920000000003256	Ripples						0.05920000000003256	482.552	15.557588920831417	154.65928529911616	1214.0123838484838	
491.7216	0.031999999999982265	Ripples						0.031999999999982265	491.73600000000005	17.32860035124658	162.3291940386908	1381.2879961739086	
491.85360000000003	0.02800000000002001	Ripples						0.02800000000002001	491.8704	6.074473828352833	147.24956540416912	755.2452556554604	
492.5552	0.02559999999999718	Ripples						0.02559999999999718	492.5704	5.020028675868179	153.23146304348583	633.8836826161933	
493.5656	0.026400000000023738	Ripples						0.026400000000023738	493.57680000000005	9.977795025107861	167.4180652127509	1010.4946716656135	
497.8056	0.028799999999989723	Ripples						0.028799999999989723	497.8208	5.110998672979015	147.6165907879471	609.8445341535127	
498.01120000000003	0.0776000000000181	Ripples						0.0776000000000181	498.06800000000004	5.467640984706377	150.85450013428343	810.3513480883656	
502.7624	0.03360000000003538	Ripples						0.03360000000003538	502.7848	11.95448736861195	155.0592574372288	1043.893304670839	
503.50480000000005	0.02559999999999718	Ripples						0.02559999999999718	503.5208	10.114562140923843	167.8153044483331	967.5988682602213	
503.6576	0.024800000000027467	Ripples						0.024800000000027467	503.6712	9.980948484205335	163.54411710438282	1113.4073993572215	
504.29200000000003	0.030399999999985994	Ripples						0.030399999999985994	504.3056	15.015977446329627	158.72100352077607	1167.2758361565413	
504.4664	0.04800000000000182	Ripples						0.04800000000000182	504.504	8.067933340756545	152.09734090223512	804.511067176229	
504.62080000000003	0.02800000000002001	Ripples						0.02800000000002001	504.6344	12.389754808409574	159.23892633281406	1165.766156311958	
507.8552	0.031999999999982265	Ripples						0.031999999999982265	507.8672	11.943496085713935	157.94289472451658	1150.64395335864	
511.74800000000005	0.033599999999978536	Ripples						0.033599999999978536	511.764	17.938636778856743	158.46454778773057	1446.1598982527357	
512.6504	0.020800000000008367	Ripples						0.020800000000008367	512.6608	5.8998865107596075	156.75648532814662	762.8272259050681	
513.0888	0.024800000000027467	Ripples						0.024800000000027467	513.1	6.3809513321122875	157.65993729150696	802.0806830145591	
514.2936	0.029600000000073123	Ripples						0.029600000000073123	514.312	7.474718712687658	155.05800576771685	799.8875100347132	
515.8328	0.05520000000001346	Ripples						0.05520000000001346	515.8712	12.09846954754718	154.65469802044652	1004.5252035265536	
517.9344	0.06000000000005912	Ripples						0.06000000000005912	517.948	6.610781939891732	151.0661772003641	722.0768074794642	
520.4144	0.02800000000002001	Ripples						0.02800000000002001	520.4288	11.158988445123082	159.08736020345665	1063.937832612457	
521.2944	0.0624000000000251	Ripples						0.0624000000000251	521.3056	6.735818283914173	156.50664574453432	708.295759523112	
521.4536	0.02400000000000091	Ripples						0.02400000000000091	521.4648	7.3950634002472935	164.33532289815147	938.355402182518	
525.904	0.04000000000007731	Ripples						0.04000000000007731	525.9304000000001	10.69242747045234	154.6800291799116	1013.4663942952548	
526.4104	0.03520000000003165	Ripples						0.03520000000003165	526.4384	6.4167303672623275	172.26238414192426	770.5864127873692	
526.5488	0.028800000000046566	Ripples						0.028800000000046566	526.5640000000001	14.397747177312045	168.68200754074604	1220.0865554789182	
532.9944	0.058400000000006	Ripples						0.058400000000006	533.0184	10.217425499378274	161.12476361808018	1014.6679366164083	
533.9616	0.03520000000003165	Ripples						0.03520000000003165	533.9832	14.7388512039183	162.54021114105274	1289.2369713204534	
535.6800000000001	0.029599999999959437	Ripples						0.029599999999959437	535.7016	7.843810417528063	151.1898801000895	783.5859508524403	
535.836	0.04480000000000928	Ripples						0.04480000000000928	535.868	5.285063181787143	154.27921784215732	743.0520684642044	
536.6752	0.03200000000003911	Ripples						0.03200000000003911	536.6928	6.0995350164542	152.2704940389442	727.9562456156642	
536.7648	0.04800000000000182	Ripples						0.04800000000000182	536.7952	14.905589143659745	157.9783500583495	1239.6851707673588	
544.2368	0.033599999999978536	Ripples						0.033599999999978536	544.2568	16.256374070380193	162.7326980735204	1456.0425470035614	
545.1056	0.032800000000065666	Ripples						0.032800000000065666	545.124	12.019026303873307	152.33909280249648	1048.362873448365	
549.3712	0.03999999999996362	Ripples						0.03999999999996362	549.3976	6.066603266196426	150.1672864154176	570.9632082460366	
549.9008	0.030399999999985994	Ripples						0.030399999999985994	549.9216	7.351561118422212	159.7964755709399	932.2448593319627	
550.6824	0.033599999999978536	Ripples						0.033599999999978536	550.6944	6.312364859824305	150.98437315435345	727.3237185723614	
552.6272	0.03200000000003911	Ripples						0.03200000000003911	552.652	6.46950633809042	151.21740607924474	688.8371733107462	
552.9216	0.023199999999974352	Ripples						0.023199999999974352	552.9352	5.983724304938364	158.98174567168593	840.6861892692713	
563.924	0.03520000000003165	Ripples						0.03520000000003165	563.9432	19.14132950482904	162.93899828725765	1502.19363836995	
575.7632	0.04800000000000182	Ripples						0.04800000000000182	575.7784	12.776284486654836	158.44873335305505	1087.7938503910013	
576.0880000000001	0.02719999999999345	Ripples						0.02719999999999345	576.0992	12.935700291373763	163.36678382619797	1199.2820358964002	
582.3408000000001	0.035199999999917964	Ripples						0.035199999999917964	582.3568	14.715535876156983	162.99438230159822	1375.9571908608355	
582.6928	0.03440000000000509	Ripples						0.03440000000000509	582.7064	12.783310676909112	156.3410749098214	1216.9590660231438	
587.9608000000001	0.029599999999959437	Ripples						0.029599999999959437	587.9688	6.0934248912787154	152.92379104693504	727.6085925115967	
589.9216	0.026399999999966894	Ripples						0.026399999999966894	589.932	11.917843958740479	164.94068008488588	1151.5659602767553	
590.8944	0.0968000000000302	Ripples						0.0968000000000302	590.9336000000001	7.418730589693488	157.92374561239285	991.1729142037194	
596.0152	0.037599999999997635	Ripples						0.037599999999997635	596.0328000000001	19.65303264005885	157.50008238462252	1471.6939226107552	
596.5208	0.026399999999966894	Ripples						0.026399999999966894	596.5368000000001	13.46610489703635	164.9269334586065	1216.9801885271322	
596.7080000000001	0.037599999999997635	Ripples						0.037599999999997635	596.7224	8.066738649845394	159.3925851328484	729.652968722064	
598.1968	0.04079999999999018	Ripples						0.04079999999999018	598.2176000000001	13.285146480906562	157.48340832237156	1259.2023875162379	
598.5112	0.05520000000001346	Ripples						0.05520000000001346	598.5216	6.34440565555933	163.93296857675074	622.4946732557003	
598.7232	0.03600000000005821	Ripples						0.03600000000005821	598.7344	8.461839790014164	156.7170149606953	1009.8806071527039	
598.8616000000001	0.035199999999917964	Ripples						0.035199999999917964	598.876	11.422272856386341	158.70898819781596	1060.4397308849534	
599.36	0.023199999999974352	Ripples						0.023199999999974352	599.3736	14.986148500637036	168.67521200436903	1147.9885963852146	
601.8240000000001	0.03279999999995198	Ripples						0.03279999999995198	601.8416000000001	8.72050186147927	162.23488695303288	1038.738590428751	
601.9864	0.022400000000061482	Ripples						0.022400000000061482	602.0016	6.250150534076837	152.50583465201132	711.620532300568	
603.8856000000001	0.025599999999940337	Ripples						0.025599999999940337	603.9032000000001	14.961968186516327	158.22446314222603	1067.1293952196213	
608.7568	0.033599999999978536	Ripples						0.033599999999978536	608.7824	5.7476717496405945	149.65703094881766	612.2250610465999	
608.9096000000001	0.04559999999992215	Ripples						0.04559999999992215	608.9304000000001	19.221063741677217	154.67353070112443	1253.5179384155895	
609.6	0.029599999999959437	Ripples						0.029599999999959437	609.6248	5.421610292522964	160.82276884966907	648.9369271234692	
618.5952	0.03920000000005075	Ripples						0.03920000000005075	618.624	7.106647089390924	151.7490527630273	862.745066710859	
620.8536	0.06560000000001764	Ripples						0.06560000000001764	620.912	7.554984820500924	154.21188983234487	824.8380063879565	
632.4952000000001	0.07439999999996871	Ripples						0.07439999999996871	632.5128000000001	13.022587006912989	155.884858654747	1127.0516423157774	
637.4952000000001	0.04719999999997526	Ripples						0.04719999999997526	637.532	6.989094857493987	159.60946058086316	970.7285544295327	
638.4744000000001	0.021599999999921238	Ripples						0.021599999999921238	638.4864	6.103256496131307	157.65049839584947	728.5783557862744	
641.46	0.021600000000034925	Ripples						0.021600000000034925	641.4688	6.757552813122273	162.40230010923975	877.4402130464897	
641.6128	0.03920000000005075	Ripples						0.03920000000005075	641.6312	10.775347624649799	154.71627013934523	1130.3040915591666	
642.6248	0.02400000000000091	Ripples						0.02400000000000091	642.6360000000001	7.530491090427306	158.19895071400703	907.9096518583659	
643.7504	0.08320000000003347	Ripples						0.08320000000003347	643.7752	11.434915171333323	146.7907983496895	936.9616590276282	
645.4576000000001	0.03599999999994452	Ripples						0.03599999999994452	645.4824	6.637656943616773	152.08910123575794	784.7006517448364	
646.3776	0.03120000000001255	Ripples						0.03120000000001255	646.3888000000001	13.443944033142563	159.03819524713768	1171.2740632760801	
650.768	0.03279999999995198	Ripples						0.03279999999995198	650.7848	13.018043244521536	159.15973200082186	1248.0856211628814	
652.828	0.03040000000009968	Ripples						0.03040000000009968	652.8480000000001	6.292565385170102	158.44611687600874	853.2407154120895	
663.2504	0.06560000000001764	Ripples						0.06560000000001764	663.2688	16.36459625018052	150.3363276568061	1229.1241099233782	
666.2792000000001	0.037599999999997635	Ripples						0.037599999999997635	666.3064	7.062766774729154	151.85233978078213	838.7371776801538	
671.3496	0.024800000000027467	Ripples						0.024800000000027467	671.364	13.994294776621402	163.16947118737446	1208.6481217214873	
675.9232000000001	0.020800000000008367	Ripples						0.020800000000008367	675.936	9.066734411733123	173.13112115328548	887.4816633619274	
677.4424	0.03920000000005075	Ripples						0.03920000000005075	677.4528	5.374390745661012	166.0605111983745	801.9187366749503	
691.0464000000001	0.07439999999996871	Ripples						0.07439999999996871	691.0608000000001	10.435399649140267	157.93936560086618	1120.0593203998765	
691.4064000000001	0.029599999999959437	Ripples						0.029599999999959437	691.4232000000001	6.380872009275447	164.1798244747064	876.1575766519322	
698.6664000000001	0.03919999999993706	Ripples						0.03919999999993706	698.692	8.063100024576885	150.32269551061916	845.2003108917276	
707.172	0.04079999999999018	Ripples						0.04079999999999018	707.1904000000001	16.894152296868064	158.0628706266158	1388.991277867327	
710.5168	0.025600000000054024	Ripples						0.025600000000054024	710.528	9.073972373587333	158.70392093203378	932.2591950614893	
712.1384	0.03520000000003165	Ripples						0.03520000000003165	712.152	16.527094359378594	156.67781587898628	1268.6555295751928	
713.8968	0.022400000000061482	Ripples						0.022400000000061482	713.908	11.360981415906204	159.90696309616195	934.3438720461086	
715.5568000000001	0.046399999999948704	Ripples						0.046399999999948704	715.5832	10.220281944180126	150.41688369235322	1022.4639169550015	
719.2624000000001	0.02479999999991378	Ripples						0.02479999999991378	719.2768	6.015009234968724	152.8811592690919	711.6483449566136	
723.6048000000001	0.046399999999948704	Ripples						0.046399999999948704	723.6232	16.59210008898349	158.9371012466214	1415.9292503753147	
723.8096	0.04800000000000182	Ripples						0.04800000000000182	723.8352	10.104269026968431	149.09211345959034	827.5058345127794	
723.9984000000001	0.029599999999959437	Ripples						0.029599999999959437	724.0136	9.773734309921439	152.66025542434835	985.1584463078786	
734.528	0.03920000000005075	Ripples						0.03920000000005075	734.5528	10.35697777784177	154.05377852178253	887.4421403951081	
736.9608000000001	0.03840000000002419	Ripples						0.03840000000002419	736.9856000000001	16.673359145890487	155.14234007069643	1197.5713315804906	
737.1024	0.022400000000061482	Ripples						0.022400000000061482	737.1144	11.796396018128815	160.8329019343561	1009.769261767568	
741.0024000000001	0.053599999999960346	Ripples						0.053599999999960346	741.0136	6.884034819866525	154.88085555205703	839.9649505733082	
741.1456000000001	0.030399999999985994	Ripples						0.030399999999985994	741.1592	13.213348099553558	161.95338276949684	1269.6179125861327	
743.8536	0.022400000000061482	Ripples						0.022400000000061482	743.868	8.505689041335813	159.63755451406695	901.774205607701	
750.3496	0.04480000000000928	Ripples						0.04480000000000928	750.364	13.955685295129738	155.89965082095173	1300.4162761424127	
750.6544	0.028800000000046566	Ripples						0.028800000000046566	750.6688	10.535769288166716	160.05097717114182	1003.8101101413974	
777.4472000000001	0.03279999999995198	Ripples						0.03279999999995198	777.4720000000001	13.057948718466111	162.09559063523017	1106.8036027999308	
783.4920000000001	0.057599999999979445	Ripples						0.057599999999979445	783.5392	12.557027575277482	160.23912265164878	1191.1220741097973	
783.6600000000001	0.029599999999959437	Ripples						0.029599999999959437	783.6712	5.417268134600543	151.65000853440878	708.6540610788571	
784.9776	0.04399999999998272	Ripples						0.04399999999998272	784.9928	18.695466180119638	156.8446156745347	1456.229989637701	
788.9824	0.036800000000084765	Ripples						0.036800000000084765	789.0024000000001	7.669916290883716	157.80330365953824	984.6304669628795	
791.1128	0.036800000000084765	Ripples						0.036800000000084765	791.1344	14.223463639433648	151.1630276876962	1124.7925555719019	
791.3872	0.04079999999999018	Ripples						0.04079999999999018	791.3984	5.018855455300475	162.97097688591978	670.2688553179788	
793.7808	0.03200000000003911	Ripples						0.03200000000003911	793.7912	11.742739551871852	157.19657759549065	975.5174464175773	
794.5032	0.05920000000003256	Ripples						0.05920000000003256	794.5448	9.56098738158156	147.43066994504716	801.4812260266149	
794.7	0.028800000000046566	Ripples						0.028800000000046566	794.7144000000001	9.690860981414291	153.527513571227	992.8508339265021	
799.1120000000001	0.05119999999999436	Ripples						0.05119999999999436	799.1312	13.792439883247626	150.5885152858562	1234.8318848306817	
799.5008	0.02400000000000091	Ripples						0.02400000000000091	799.5120000000001	9.113632906615083	162.2654330420755	981.3462088523925	
811.9056	0.037599999999997635	Ripples						0.037599999999997635	811.9264000000001	16.178229312450256	154.6554801193968	1326.3448559591786	
817.1608	0.032800000000065666	Ripples						0.032800000000065666	817.1728	8.24939157291204	155.14636318774842	910.1178400971663	
817.2712	0.03920000000005075	Ripples						0.03920000000005075	817.2896000000001	26.90107849511889	155.41124466658204	1735.1738781249649	
819.2304	0.024800000000027467	Ripples						0.024800000000027467	819.2384000000001	9.402066371718423	159.517749266546	917.3836849952762	
823.0872	0.03679999999997108	Ripples						0.03679999999997108	823.1128	6.8537648413965915	150.12387265911283	685.234373684514	
823.9176	0.024800000000027467	Ripples						0.024800000000027467	823.9352	9.00858497309626	158.16481012058566	888.5120936659205	
824.028	0.06960000000003674	Ripples						0.06960000000003674	824.0704000000001	10.00146798715933	146.53089185556416	1085.3086035392048	
826.0928	0.02400000000000091	Ripples						0.02400000000000091	826.104	9.953933034330822	166.4535581388382	1024.4115709438358	
828.1096	0.04800000000000182	Ripples						0.04800000000000182	828.1216000000001	9.020436280393035	147.6833057450453	811.8627843274465	
839.5384	0.021600000000034925	Ripples						0.021600000000034925	839.5464000000001	5.8137100554443695	163.01403931422203	773.7397613103541	
839.7056	0.03520000000003165	Ripples						0.03520000000003165	839.7208	12.027698176136967	152.71334631228174	997.3115820669202	
842.7208	0.061599999999998545	Ripples						0.061599999999998545	842.76	5.089282555268706	152.49092448505053	619.2362900960884	
850.4808	0.024800000000027467	Ripples						0.024800000000027467	850.4952000000001	6.246406865933477	153.22381349686637	667.4457342764138	
850.5264000000001	0.03199999999992542	Ripples						0.03199999999992542	850.548	11.303307419084453	158.43050418299424	1094.4845528998005	
850.7272	0.03520000000003165	Ripples						0.03520000000003165	850.7392000000001	8.375156655478985	156.3329392089578	932.7492056584429	
850.832	0.05119999999999436	Ripples						0.05119999999999436	850.8608	8.018234798482387	146.74118292378336	745.1815906933058	
851.0408	0.022400000000061482	Ripples						0.022400000000061482	851.052	5.257942447509325	156.4986707925274	813.5615568733573	
854.8536	0.03600000000005821	Ripples						0.03600000000005821	854.8688000000001	8.790656983502235	148.7106594538781	876.3541160218762	
854.9168000000001	0.02879999999993288	Ripples						0.02879999999993288	854.9272000000001	5.985523303750635	163.83725157439625	708.4980017001608	
857.456	0.025600000000054024	Ripples						0.025600000000054024	857.4712000000001	5.371708072195647	149.2812116199254	530.2278326035859	
858.2296	0.029600000000073123	Ripples						0.029600000000073123	858.2376	6.69859448829394	155.09235930647407	770.8970906456474	
869.4864	0.028800000000046566	Ripples						0.028800000000046566	869.4976	6.893179372601624	149.87801444111545	760.4266843192052	
870.3304	0.02800000000002001	Ripples						0.02800000000002001	870.3488000000001	6.151374052634869	158.43976605451508	842.6185014207763	
872.9208	0.029600000000073123	Ripples						0.029600000000073123	872.9328	10.078151071546044	157.2870751242726	946.172036632844	
873.46	0.03999999999996362	Ripples						0.03999999999996362	873.4720000000001	11.646495284502596	161.7375419177044	1161.7687267267138	
887.2848	0.025600000000054024	Ripples						0.025600000000054024	887.3000000000001	11.265475365464884	154.70392563639547	884.9623968498279	
890.6832	0.022399999999947795	Ripples						0.022399999999947795	890.6944000000001	5.3525657234206365	154.1898210313372	714.9043214431359	
893.6504	0.044000000000096406	Ripples						0.044000000000096406	893.6808000000001	13.99304885022564	161.12185645330425	1332.2909673050779	
898.3184	0.024800000000027467	Ripples						0.024800000000027467	898.3328	8.709370123307929	162.96350317042254	946.5791537555818	
900.5152	0.05920000000003256	Ripples						0.05920000000003256	900.5568000000001	13.195299147693351	151.52931575848248	1126.732946270455	
906.7976	0.060800000000085674	Ripples						0.060800000000085674	906.8232	14.18568050912728	146.7352089169094	1099.5217985487516	
907.1224000000001	0.02879999999993288	Ripples						0.02879999999993288	907.1368	13.234425742204673	159.52491247451064	1212.223396641478	
916.0288	0.028800000000046566	Ripples						0.028800000000046566	916.0400000000001	8.070140676870173	153.95654586422026	861.7088832373402	
918.4968	0.022400000000061482	Ripples						0.022400000000061482	918.5056000000001	6.402812940223869	158.028677923438	689.0548694336577	
918.8728000000001	0.033599999999978536	Ripples						0.033599999999978536	918.892	8.095553696941513	151.6221023145846	725.3275397114318	
918.9784000000001	0.03199999999992542	Ripples						0.03199999999992542	918.9960000000001	8.342515927625568	149.0258160160193	826.3465153129528	
925.5904	0.04240000000004329	Ripples						0.04240000000004329	925.6056000000001	9.638351134048518	156.39473458523898	1090.5491916511744	
928.8512000000001	0.03520000000003165	Ripples						0.03520000000003165	928.8768	6.639363823181665	152.68652783952422	806.4120053901021	
940.5840000000001	0.033599999999978536	Ripples						0.033599999999978536	940.5984000000001	8.526230011566332	151.02322673370307	780.0297711273631	
952.9656	0.03840000000002419	Ripples						0.03840000000002419	952.9872	16.345937594397327	158.56105102351867	1409.5486277904577	
953.4920000000001	0.06319999999993797	Ripples						0.06319999999993797	953.5168	10.83851532672848	144.02531249854277	1006.0639415559737	
962.9184	0.04640000000006239	Ripples						0.04640000000006239	962.9264000000001	5.346118652915697	151.71379706919083	628.2381880829397	
965.2256000000001	0.02719999999999345	Ripples						0.02719999999999345	965.2432	13.848285823862762	158.65736702681798	1107.5445506971425	
965.7296	0.048800000000028376	Ripples						0.048800000000028376	965.7432	10.690356533823046	152.18752503945157	1034.0661646677072	
965.9176	0.02400000000000091	Ripples						0.02400000000000091	965.932	7.8487476981203095	157.40184723184848	852.0214747175569	
966.3632	0.030399999999985994	Ripples						0.030399999999985994	966.3744	6.076659891848875	158.6207057241576	625.0279267226308	
971.7624000000001	0.026399999999966894	Ripples						0.026399999999966894	971.7808	6.451754793162251	155.14212819033577	610.7009956281323	
973.1104	0.026399999999966894	Ripples						0.026399999999966894	973.1224000000001	10.819160817692673	156.0233982281678	957.6112766766071	
979.4088	0.030399999999985994	Ripples						0.030399999999985994	979.4232000000001	16.046275997271458	167.09136145688424	1353.814760697409	
980.0984000000001	0.04879999999991469	Ripples						0.04879999999991469	980.1096	9.080204349682532	154.72395630184272	966.0180451626117	
980.8392	0.044000000000096406	Ripples						0.044000000000096406	980.8528	11.045058393906638	162.82008199379695	1161.3626905553685	
986.3816	0.02800000000002001	Ripples						0.02800000000002001	986.3992000000001	12.827433366189366	155.580691325388	1134.92183766479	
987.5288	0.030399999999985994	Ripples						0.030399999999985994	987.5496	8.791176485816559	158.00432304819157	983.6285649837394	
1000.0	27.0	SleepStates											Awake
1000.0504000000001	0.022399999999947795	Ripples						0.022399999999947795	1000.0648	6.735741785571575	155.42936295687971	758.388739370078	
1005.4928000000001	0.022399999999947795	Ripples						0.022399999999947795	1005.508	9.053172894821506	165.9738419174779	814.6698244052974	
1006.5528	0.024800000000027467	Ripples						0.024800000000027467	1006.5680000000001	5.919114277500347	157.58752120585046	785.1676733250777	
1028.0	196.0	SleepStates											Non-REM
1048.0568	0.09040000000004511	Ripples						0.09040000000004511	1048.1024	10.690810743075708	153.52955992811516	959.0208249755469	
1049.796	0.025599999999940337	Ripples						0.025599999999940337	1049.8104	8.671749759241175	159.93814773211645	924.9754522618531	
1058.1328	0.022400000000061482	Ripples						0.022400000000061482	1058.1472	13.378507190669588	160.07621893896663	1061.2618987618102	
1059.6760000000002	0.03999999999996362	Ripples						0.03999999999996362	1059.6976	11.04960364561981	166.56201539246027	1151.675986912942	
1059.8728	0.026399999999966894	Ripples						0.026399999999966894	1059.8848	13.225074752920209	154.53457598363653	1132.310012154317	
1061.2024000000001	0.03440000000000509	Ripples						0.03440000000000509	1061.2208	21.60611186216003	167.6430613066711	1580.3792345290656	
1067.0784	0.028800000000046566	Ripples						0.028800000000046566	1067.0944	13.31003478030073	167.4295838271634	1262.6809903673604	
1067.2336	0.046399999999948704	Ripples						0.046399999999948704	1067.2584	12.327237902666592	150.46373771526396	1075.7454990769086	
1068.8552	0.03040000000009968	Ripples						0.03040000000009968	1068.8744000000002	7.628845349648864	150.1739884698723	606.7628078238766	
1069.0112000000001	0.05039999999985412	Ripples						0.05039999999985412	1069.0288	13.415521581317998	160.58795500711358	1204.011558005925	
1074.3488	0.021600000000034925	Ripples						0.021600000000034925	1074.3608000000002	9.000099179682813	161.29701895314696	972.9868760323276	
1074.492	0.03600000000005821	Ripples						0.03600000000005821	1074.508	12.950633082459927	166.9925257046682	1271.2582104061432	
1079.2488	0.020800000000008367	Ripples						0.020800000000008367	1079.2568	5.743560245596664	161.01988621415032	882.5849939133406	
1079.8216	0.046399999999948704	Ripples						0.046399999999948704	1079.8472000000002	21.327411806472824	155.19236956381963	1389.5146023690247	
1093.9992	0.04079999999999018	Ripples						0.04079999999999018	1094.0128	12.460654475009243	160.69263327477898	1203.328065736044	
1094.1616000000001	0.020800000000008367	Ripples						0.020800000000008367	1094.1696	8.80404800650743	161.25994508741445	840.0889580633738	
1098.2192	0.04719999999997526	Ripples						0.04719999999997526	1098.2336	7.364461715486918	151.63377868360874	756.3876521684746	
1111.1552000000001	0.035999999999830834	Ripples						0.035999999999830834	1111.1776	7.4816273225837975	161.54995324067065	1002.3554664053485	
1118.5032	0.04719999999997526	Ripples						0.04719999999997526	1118.5192	10.567238124724483	160.40021656433308	1050.7188619282463	
1119.5272	0.024000000000114596	Ripples						0.024000000000114596	1119.5352	5.523886928710846	164.49761604145348	672.7323551376992	
1129.6736	0.03440000000000509	Ripples						0.03440000000000509	1129.688	21.051778390211535	160.1894320017625	1481.1668879570902	
1144.9	0.021600000000034925	Ripples						0.021600000000034925	1144.9144000000001	8.442363120103057	162.30584694011117	888.1873930901261	
1146.0576	0.04479999999989559	Ripples						0.04479999999989559	1146.0784	6.770329454871431	148.19770110132177	824.2823899352306	
1149.2416	0.03520000000003165	Ripples						0.03520000000003165	1149.2664	7.818429057957623	155.53427992456463	959.4584221210821	
1149.9968000000001	0.03440000000000509	Ripples						0.03440000000000509	1150.0072	13.74979339135969	160.85067925072067	1157.7469447835654	
1164.6696	0.020800000000008367	Ripples						0.020800000000008367	1164.6832	8.676895233746775	162.1882932124635	851.531226194789	
1164.8112	0.031199999999898864	Ripples						0.031199999999898864	1164.8232	6.605666091867581	148.59852656725877	572.7901891731092	
1165.9432000000002	0.025599999999940337	Ripples						0.025599999999940337	1165.9584	6.382249172646744	152.22212138938625	747.4103072899718	
1186.2904	0.03919999999993706	Ripples						0.03919999999993706	1186.3056000000001	5.481752630679545	145.368213297331	771.3752294252982	
1186.5520000000001	0.03440000000000509	Ripples						0.03440000000000509	1186.5728000000001	12.060036485300595	154.71378531619175	1046.5321322820757	
1186.9488000000001	0.046399999999948704	Ripples						0.046399999999948704	1186.968	11.436715626228407	161.8913590114263	1171.9912395268655	
1194.4592	0.05600000000004002	Ripples						0.05600000000004002	1194.4936	11.638122344371178	147.15566617412958	1067.4760401521698	
1201.9856	0.02560000000016771	Ripples						0.02560000000016771	1202.0040000000001	6.3899772354189714	159.4063754743129	766.6893025891984	
1202.3128000000002	0.03919999999993706	Ripples						0.03919999999993706	1202.324	6.5828458057315515	162.26068158699906	826.023358283221	
1225.0	27.0	SleepStates											Awake
1253.0	406.0	SleepStates											Non-REM
1261.4152000000001	0.02800000000002001	Ripples						0.02800000000002001	1261.4328	18.79279289018988	160.12111941010198	1329.8948073264999	
1270.0632	0.05760000000009313	Ripples						0.05760000000009313	1270.1104	11.21033128738405	155.90897054635383	1040.3299691470459	
1272.7640000000001	0.02719999999999345	Ripples						0.02719999999999345	1272.7752	5.752726411696537	161.8744822057744	850.0059807729128	
1273.2912000000001	0.02800000000002001	Ripples						0.02800000000002001	1273.3024	19.249831393643674	161.60038042781542	1371.4875174526005	
1273.4104	0.04560000000014952	Ripples						0.04560000000014952	1273.4456	21.10693311496452	156.5469131144554	1397.3105197449574	
1274.076	0.03919999999993706	Ripples						0.03919999999993706	1274.088	8.957584498793189	153.12488025097574	966.6548416949972	
1286.8848	0.036800000000084765	Ripples						0.036800000000084765	1286.9072	6.691814822043941	148.18910534882806	807.8966727915124	
1289.904	0.024800000000141154	Ripples						0.024800000000141154	1289.9192	6.62653472186219	161.01035368223924	839.4030286156352	
1298.1960000000001	0.03279999999995198	Ripples						0.03279999999995198	1298.2240000000002	5.933823742800381	155.6800181864982	612.8660030095045	
1301.1672	0.04399999999986903	Ripples						0.04399999999986903	1301.2008	5.963059061653659	149.7724413832802	664.8152179712034	
1305.0720000000001	0.05919999999991887	Ripples						0.05919999999991887	1305.1104	12.883979465878289	149.5643802845577	1193.7248706922283	
1307.3	0.03920000000016444	Ripples						0.03920000000016444	1307.3176	20.919374261017868	158.8405331688632	1231.9003952883393	
1309.328	0.028800000000046566	Ripples						0.028800000000046566	1309.3400000000001	11.54359558129053	158.30158904104675	1063.3891830550851	
1329.0096	0.04240000000004329	Ripples						0.04240000000004329	1329.0344	15.014099023413952	154.1739591362562	1306.4472338956782	
1329.4256	0.04559999999992215	Ripples						0.04559999999992215	1329.44	12.839332878057395	155.5888970735057	1127.1829051844977	
1330.4696000000001	0.030399999999872307	Ripples						0.030399999999872307	1330.4840000000002	8.819121376374707	163.20978201149344	1043.943242233494	
1331.4464	0.05120000000010805	Ripples						0.05120000000010805	1331.4704000000002	11.329386454706723	151.4648155479624	1106.6856413653459	
1347.1648	0.029600000000073123	Ripples						0.029600000000073123	1347.1784	13.830407941010252	163.61613359120295	1257.944684007056	
1348.4576	0.07920000000012806	Ripples						0.07920000000012806	1348.5024	15.821013758414123	147.55592030374714	1113.7433985471218	
1348.7608	0.049600000000054933	Ripples						0.049600000000054933	1348.7792000000002	11.773378194523609	152.79783197697475	998.1037616874772	
1356.2984000000001	0.04959999999982756	Ripples						0.04959999999982756	1356.3408000000002	9.329730899804524	156.05204977486034	918.390335693992	
1370.1888000000001	0.05199999999990723	Ripples						0.05199999999990723	1370.2112	7.991846485802802	144.2647672278935	582.949314500332	
1370.4048	0.024800000000141154	Ripples						0.024800000000141154	1370.4184	7.584702925610946	154.31052447389854	858.3045955768092	
1390.2696	0.02479999999991378	Ripples						0.02479999999991378	1390.276	5.149665310919869	160.93522171717208	700.5141762508257	
1390.396	0.03600000000005821	Ripples						0.03600000000005821	1390.4176	15.123923749188922	150.21883405309254	1123.8174430254317	
1390.4944	0.0543999999999869	Ripples						0.0543999999999869	1390.5120000000002	8.993855761986703	145.43376599089288	782.2633800253806	
1395.9392	0.03919999999993706	Ripples						0.03919999999993706	1395.9536	7.031710688937772	151.63595966951002	751.2529379937033	
1406.5328000000002	0.0567999999998392	Ripples						0.0567999999998392	1406.5448000000001	7.456860114837945	149.94871351817713	752.8992951890149	
1430.3464000000001	0.020800000000008367	Ripples						0.020800000000008367	1430.3544000000002	11.059841768026256	163.6558531961187	935.8222295909892	
1439.8088	0.021600000000034925	Ripples						0.021600000000034925	1439.8200000000002	6.2233617768926734	154.64518488986505	659.7760614466376	
1440.2688	0.02479999999991378	Ripples						0.02479999999991378	1440.28	7.413715545389102	158.18448383129447	903.4518300485217	
1441.6664	0.03600000000005821	Ripples						0.03600000000005821	1441.6832000000002	12.369299539320934	162.73604088571943	1256.240275014163	
1441.832	0.03600000000005821	Ripples						0.03600000000005821	1441.8432	8.01911412769318	155.36127396485847	832.994716927258	
1445.0184000000002	0.05279999999993379	Ripples						0.05279999999993379	1445.044	10.705329669621149	163.4820841112379	1210.8451763936077	
1445.488	0.04719999999997526	Ripples						0.04719999999997526	1445.5072	19.270132469827242	150.89957739835248	1364.526373480713	
1445.6672	0.023999999999887223	Ripples						0.023999999999887223	1445.6744	5.057862877016471	162.23988431038603	739.914955919264	
1453.0232	0.05199999999990723	Ripples						0.05199999999990723	1453.0384000000001	9.729497154608433	154.49991645373854	954.5095963208736	
1458.5152	0.025599999999940337	Ripples						0.025599999999940337	1458.5336	6.693948602014661	153.42332004334446	747.7397779208183	
1458.8296	0.05920000000014625	Ripples						0.05920000000014625	1458.848	15.978290332562713	152.83799718208346	1307.5014347428012	
1459.2	0.04079999999999018	Ripples						0.04079999999999018	1459.2240000000002	15.477738988320837	155.61404805275	1297.9695656006072	
1459.7992000000002	0.025599999999940337	Ripples						0.025599999999940337	1459.8136000000002	8.185874694072123	152.00507989413808	811.7458136035087	
1462.1992	0.03440000000000509	Ripples						0.03440000000000509	1462.22	6.940743458818232	154.11957951722277	884.5309664638695	
1462.4048	0.03520000000003165	Ripples						0.03520000000003165	1462.4264	11.696921115936268	149.75780983278602	954.0419451257518	
1467.6960000000001	0.025599999999940337	Ripples						0.025599999999940337	1467.7144	9.713841153674707	161.91517173206972	904.4025510282133	
1470.8448	0.03999999999996362	Ripples						0.03999999999996362	1470.8616000000002	16.091618824070373	158.14126230494165	1387.0080646216397	
1471.256	0.03279999999995198	Ripples						0.03279999999995198	1471.2672	6.088356544180781	155.07843448619946	688.8583109417052	
1472.4096000000002	0.03279999999995198	Ripples						0.03279999999995198	1472.424	8.233502549676201	149.64421689623208	816.2118023498872	
1472.6464	0.03279999999995198	Ripples						0.03279999999995198	1472.6584	6.895698217876575	154.72399887061985	845.8975476292683	
1473.8544000000002	0.03759999999988395	Ripples						0.03759999999988395	1473.8616000000002	5.86054933340879	158.20732322611735	783.6171666891361	
1479.332	0.02800000000002001	Ripples						0.02800000000002001	1479.3464000000001	8.527739161181996	168.4522541141942	1011.1629022631308	
1479.9	0.021600000000034925	Ripples						0.021600000000034925	1479.9136	9.786016805888258	162.05587325377383	869.8207670104824	
1483.6664	0.04320000000006985	Ripples						0.04320000000006985	1483.6952	5.775397101534402	152.90214878670986	667.8210924049188	
1487.8208	0.032000000000152795	Ripples						0.032000000000152795	1487.8392000000001	9.299833227755647	155.03666685760294	1001.0985311911669	
1491.7576000000001	0.035999999999830834	Ripples						0.035999999999830834	1491.7728	14.708388456359181	156.08229449265812	1233.510500864838	
1491.8792	0.02479999999991378	Ripples						0.02479999999991378	1491.8904	6.057564610572005	153.90804347823664	755.0335337087662	
1514.0776	0.03759999999988395	Ripples						0.03759999999988395	1514.1024	7.395150633582843	151.77752575746342	890.691808673448	
1517.2096000000001	0.06639999999993051	Ripples						0.06639999999993051	1517.2624	10.137964611418033	154.85180158730273	1009.268009453663	
1518.0464000000002	0.025599999999940337	Ripples						0.025599999999940337	1518.0584000000001	8.964651192569763	157.79144008771175	891.7386435106075	
1531.1664	0.024000000000114596	Ripples						0.024000000000114596	1531.1776	5.0819195071712935	155.3108587734427	701.6455052044704	
1531.828	0.03040000000009968	Ripples						0.03040000000009968	1531.8408000000002	5.612185891639634	152.73191969720972	700.2155037107665	
1533.0608	0.032000000000152795	Ripples						0.032000000000152795	1533.0816	14.838595931216974	168.67772574359336	1269.6053050233954	
1538.7416	0.036800000000084765	Ripples						0.036800000000084765	1538.76	8.590413819264462	149.95978624255298	736.5678115261514	
1538.94	0.03199999999992542	Ripples						0.03199999999992542	1538.9544	13.388050253829883	160.30131333608531	1280.515310599434	
1539.0720000000001	0.05039999999985412	Ripples						0.05039999999985412	1539.0992	16.09665077180906	152.31623798327468	1322.7839338197957	
1544.5152	0.028800000000046566	Ripples						0.028800000000046566	1544.5312000000001	12.311010003896511	168.5646433725034	1185.9964147444698	
1562.3176	0.03600000000005821	Ripples						0.03600000000005821	1562.336	14.629794558803642	154.31209340803798	1219.9330620401295	
1585.2176000000002	0.02159999999980755	Ripples						0.02159999999980755	1585.2288	7.812019928889651	155.70199134818768	847.6652107844444	
1589.2	0.02320000000008804	Ripples						0.02320000000008804	1589.208	9.461289308521286	156.51380321475983	825.4178415207946	
1589.6752000000001	0.03440000000000509	Ripples						0.03440000000000509	1589.692	15.065935492153487	160.2294581998514	1316.9659357549224	
1592.8848	0.03520000000003165	Ripples						0.03520000000003165	1592.9128	5.336701952349364	155.39843574587945	734.193148830379	
1596.6136000000001	0.06399999999985084	Ripples						0.06399999999985084	1596.6352000000002	10.250990624619991	151.4831239485111	860.0160411415387	
1597.276	0.02719999999999345	Ripples						0.02719999999999345	1597.2864000000002	10.051268756425442	162.78692988505202	1051.5830030442944	
1597.7376000000002	0.03440000000000509	Ripples						0.03440000000000509	1597.7488	5.282040022183043	156.51226682055022	780.7312418196316	
1598.084	0.03999999999996362	Ripples						0.03999999999996362	1598.1016000000002	13.45522512422233	160.7157291669024	1274.536179191738	
1598.2984000000001	0.03999999999996362	Ripples						0.03999999999996362	1598.3136000000002	13.644207610414	151.77980521849256	1144.9841621825922	
1599.6808	0.033599999999978536	Ripples						0.033599999999978536	1599.6928	14.004190814944652	156.36769767921584	1124.2621928652857	
1607.4264	0.02719999999999345	Ripples						0.02719999999999345	1607.432	5.853381135733767	152.60730584904175	579.592904964245	
1607.6104	0.03999999999996362	Ripples						0.03999999999996362	1607.632	11.332333751925853	155.46400555727737	1177.841921841656	
1607.7752	0.03600000000005821	Ripples						0.03600000000005821	1607.7904	8.863771164842397	152.59694395422184	1015.9354751265233	
1615.2792000000002	0.05199999999990723	Ripples						0.05199999999990723	1615.2904	10.627927389216966	154.54473433598437	1061.6028355716223	
1620.3536000000001	0.030399999999872307	Ripples						0.030399999999872307	1620.376	8.003627605364635	152.2518322658507	755.7075656592572	
1620.4072	0.028800000000046566	Ripples						0.028800000000046566	1620.4216000000001	6.275528596541704	150.6319589640195	701.5063736827256	
1625.0352	0.022400000000061482	Ripples						0.022400000000061482	1625.0432	5.9698663738485545	159.67305249721005	728.5188662523891	
1630.0320000000002	0.023999999999887223	Ripples						0.023999999999887223	1630.0432	9.475384787612217	162.0316227842239	983.4823523065676	
1630.5912	0.028800000000046566	Ripples						0.028800000000046566	1630.604	6.991055310570204	163.31384234465898	946.9668851315234	
1632.884	0.028800000000046566	Ripples						0.028800000000046566	1632.8984	14.295036672719238	157.4683633530418	1275.348749347152	
1633.0744	0.028800000000046566	Ripples						0.028800000000046566	1633.0888	9.015722570880454	154.90857366704114	991.5411530295014	
1634.0112000000001	0.061599999999998545	Ripples						0.061599999999998545	1634.0304	12.97158326833643	149.3774117999465	1029.0257283951025	
1634.1776	0.03280000000017935	Ripples						0.03280000000017935	1634.1928	11.620302521422554	155.20912505796377	939.8510268230323	
1635.8264000000001	0.04079999999999018	Ripples						0.04079999999999018	1635.8408000000002	14.970535062456012	162.05565077784826	1305.2169907915459	
1639.5520000000001	0.028800000000046566	Ripples						0.028800000000046566	1639.5592000000001	6.396277390381369	154.27230832967106	709.7945614080066	
1648.6816000000001	0.021600000000034925	Ripples						0.021600000000034925	1648.6936	6.810674866403415	157.31426251355967	843.4371929459196	
1651.2696	0.04320000000006985	Ripples						0.04320000000006985	1651.28	5.1484173943706795	159.89326930835966	528.4940198143016	
1660.0	159.0	SleepStates											REM
1673.3832	0.036800000000084765	Ripples						0.036800000000084765	1673.4024000000002	7.754291816525233	150.8469260074224	799.9492114573553	
1673.544	0.030399999999872307	Ripples						0.030399999999872307	1673.5696	6.504469708431745	152.97320172682333	633.5395761870012	
1820.0	145.0	SleepStates											Awake
1908.88	0.028800000000046566	Ripples						0.028800000000046566	1908.8912	11.121434374065034	157.06120503775924	1056.4826273423198	
1909.2824	0.021600000000034925	Ripples						0.021600000000034925	1909.2944	7.386592226313728	156.95734045261085	798.7200305483348	
1916.0544	0.024800000000141154	Ripples						0.024800000000141154	1916.0624	5.596589172914822	164.01066852128315	767.8855676988497	
1918.5864000000001	0.021600000000034925	Ripples						0.021600000000034925	1918.5952000000002	5.815233544867417	158.08787958880842	814.1142065309745	
1926.9488000000001	0.02719999999999345	Ripples						0.02719999999999345	1926.9592	11.424363801668584	158.5405821338558	991.886505007863	
1938.7752	0.03760000000011132	Ripples						0.03760000000011132	1938.784	6.500442739550374	166.3963338930358	863.5231869214894	
1941.1104	0.032000000000152795	Ripples						0.032000000000152795	1941.1208000000001	6.727449295683028	155.30108556305024	798.6857471899431	
1945.2488	0.03279999999995198	Ripples						0.03279999999995198	1945.2672	8.507710149219667	151.03031044388393	917.3912897384748	
1966.0	473.0	SleepStates											Non-REM
1976.6152000000002	0.043199999999842476	Ripples						0.043199999999842476	1976.6512	5.42913129547635	148.6068469694139	695.0158672326887	
1976.6864	0.044800000000122964	Ripples						0.044800000000122964	1976.7008	10.28459099799328	156.2652904207309	1178.371467669049	
1981.596	0.06320000000005166	Ripples						0.06320000000005166	1981.6072000000001	13.148385203835652	156.2674530406789	1050.9721568483722	
1983.3808000000001	0.023999999999887223	Ripples						0.023999999999887223	1983.3912	6.756519554919975	153.28484733468753	770.6062692876314	
1984.9264	0.03600000000005821	Ripples						0.03600000000005821	1984.9416	9.694265393660316	150.8397652785655	847.2452288159665	
1985.4160000000002	0.04800000000000182	Ripples						0.04800000000000182	1985.4296000000002	10.036665257735459	159.1567606999275	1062.0070488145304	
1985.5832	0.036800000000084765	Ripples						0.036800000000084765	1985.604	18.038558690455243	161.3946274639015	1470.1083170782535	
1988.3368	0.020800000000008367	Ripples						0.020800000000008367	1988.3512	8.39814383605185	163.13614801796805	831.1860354026702	
1988.5072	0.06079999999997199	Ripples						0.06079999999997199	1988.5240000000001	10.987623504852317	151.12343509285722	1091.8928115581389	
1990.1552000000001	0.033599999999978536	Ripples						0.033599999999978536	1990.1656	13.089184423782577	155.50487135503593	1072.3580868332538	
1991.9864	0.056800000000066575	Ripples						0.056800000000066575	1991.9984000000002	15.904453559808784	154.75691258117268	1350.3726722304577	
1994.9904000000001	0.028800000000046566	Ripples						0.028800000000046566	1995.0072	10.09638431403814	165.87481852219327	1085.3426599267927	
1997.8176	0.036800000000084765	Ripples						0.036800000000084765	1997.8408000000002	8.001752069292724	160.52725319237706	975.0315065790021	
2002.0424	0.041600000000016735	Ripples						0.041600000000016735	2002.0528000000002	9.615459185530556	153.91519721389724	959.4807981012152	
2006.8128000000002	0.05039999999985412	Ripples						0.05039999999985412	2006.8264000000001	10.82108363821324	160.89111702681157	1035.1354227016666	
2011.9408	0.03919999999993706	Ripples						0.03919999999993706	2011.9544	8.566206974854724	157.48166938196766	950.2905276304	
2015.5248000000001	0.02800000000002001	Ripples						0.02800000000002001	2015.5352	9.426411289688627	157.71064323352388	899.0304224193709	
2016.8208000000002	0.043199999999842476	Ripples						0.043199999999842476	2016.8424	6.6581233407965845	163.30946955684664	728.5456361994383	
2016.9792	0.024800000000141154	Ripples						0.024800000000141154	2016.9864	5.197441396143811	155.34666941766744	637.0958235327959	
2017.1024	0.06080000000019936	Ripples						0.06080000000019936	2017.1232	14.020237801646433	157.4306446405057	1396.2241215842907	
2018.8656	0.036800000000084765	Ripples						0.036800000000084765	2018.8776	8.964028866784984	154.4408236632614	853.2511735077794	
2030.1128	0.038399999999910506	Ripples						0.038399999999910506	2030.124	7.8972866906763475	156.12076982295017	897.2134942243563	
2030.4560000000001	0.03919999999993706	Ripples						0.03919999999993706	2030.4816	10.853443084440583	159.11569864354595	1174.5319133209564	
2030.6936	0.03440000000000509	Ripples						0.03440000000000509	2030.7048000000002	14.206930126832281	157.35474797551555	1180.1106366030779	
2050.328	0.03040000000009968	Ripples						0.03040000000009968	2050.3424	16.614693011060428	161.44252038064536	1370.6826865121666	
2052.5848	0.10080000000016298	Ripples						0.10080000000016298	2052.64	11.865085026249417	152.75643058059487	1285.2324848165763	
2059.9608000000003	0.030399999999644933	Ripples						0.030399999999644933	2059.9776	11.973296306427757	162.8100080369487	1207.0652090922897	
2063.2648	0.06880000000001019	Ripples						0.06880000000001019	2063.28	16.70396022386972	154.84967025630374	1224.4984793699884	
2083.9032	0.028800000000046566	Ripples						0.028800000000046566	2083.9208000000003	8.877130814445364	156.35264815894652	970.4940979749867	
2092.0824000000002	0.030399999999644933	Ripples						0.030399999999644933	2092.1040000000003	11.759102996471778	160.17375484283463	1033.7712474847162	
2096.5112	0.035200000000259024	Ripples						0.035200000000259024	2096.5184	5.178068462475996	151.66987912986042	643.9067840144069	
2100.0480000000002	0.023999999999887223	Ripples						0.023999999999887223	2100.0624000000003	14.904836587839197	162.2353109797696	1190.2450684277646	
2104.2024	0.021600000000034925	Ripples						0.021600000000034925	2104.2136	6.6185034737611215	155.20023850738227	808.4333049349175	
2112.1040000000003	0.023999999999887223	Ripples						0.023999999999887223	2112.1144	6.174335928558931	154.20576331543919	715.5768150576779	
2120.3376000000003	0.022399999999834108	Ripples						0.022399999999834108	2120.3464	6.352265109895242	157.80729326403272	673.9841026615691	
2120.4704	0.03519999999980428	Ripples						0.03519999999980428	2120.4912	11.725870063320077	153.97858837804236	1067.3065996841738	
2121.832	0.03040000000009968	Ripples						0.03040000000009968	2121.8456	12.719785415651751	155.0994582431178	1172.2724686029803	
2124.1696	0.021600000000034925	Ripples						0.021600000000034925	2124.184	8.08381062936588	169.87253008242968	843.7755073770115	
2139.2032	0.03840000000036525	Ripples						0.03840000000036525	2139.2152	10.958531636004023	153.88544633561955	812.8419758106271	
2146.092	0.027999999999792635	Ripples						0.027999999999792635	2146.1088	15.751731112191111	162.67300230995355	1283.1771060559122	
2147.1384000000003	0.03359999999975116	Ripples						0.03359999999975116	2147.1528000000003	8.858695139835818	160.85355149634375	1035.8900652733623	
2156.8248000000003	0.022399999999834108	Ripples						0.022399999999834108	2156.8368	5.605835946736261	153.86397739561755	647.4840580272	
2164.7264	0.025599999999940337	Ripples						0.025599999999940337	2164.7376	5.218459208396712	153.46741558709002	603.8273941855998	
2180.096	0.042400000000270666	Ripples						0.042400000000270666	2180.1112000000003	28.463613511321515	159.89231467356655	1807.1944671260712	
2182.3752	0.028000000000247383	Ripples						0.028000000000247383	2182.3864000000003	13.807199040155885	157.96981045746753	1197.8026808023071	
2188.1888	0.021600000000034925	Ripples						0.021600000000034925	2188.204	7.117982200406376	156.23062295886479	696.5135737667026	
2188.3312	0.026400000000194268	Ripples						0.026400000000194268	2188.3456	10.990731877303553	156.06166494094	915.855334364015	
2189.2824	0.052000000000134605	Ripples						0.052000000000134605	2189.2936	5.576999332757351	150.11485881026223	588.6568606500473	
2189.9952000000003	0.024799999999686406	Ripples						0.024799999999686406	2190.0096000000003	9.485019120519752	163.2287305801398	1039.4586388315658	
2190.152	0.026400000000194268	Ripples						0.026400000000194268	2190.164	9.580884939554421	159.89132244907063	1101.4020312650086	
2190.3936	0.021600000000034925	Ripples						0.021600000000034925	2190.4072	10.655414739532798	160.77126991704222	1015.651996021434	
2194.5968000000003	0.03519999999980428	Ripples						0.03519999999980428	2194.6192	8.807202577298387	154.03303131474792	957.0865014853059	
2194.7192	0.04719999999997526	Ripples						0.04719999999997526	2194.7336	5.848220180210295	147.0457559953496	568.8754431872136	
2196.7400000000002	0.02959999999984575	Ripples						0.02959999999984575	2196.748	7.539262073556461	154.80509425815958	763.3826230292001	
2207.2768	0.0704000000000633	Ripples						0.0704000000000633	2207.3232000000003	7.148860781017092	150.4328104708347	962.1022031903668	
2225.3864000000003	0.020799999999780994	Ripples						0.020799999999780994	2225.3968	7.538735782082482	163.06177433761866	923.6911278276589	
2227.6904	0.062400000000252476	Ripples						0.062400000000252476	2227.7224	8.436630178091896	152.86856164727797	1127.420982751876	
2231.0144	0.02080000000023574	Ripples						0.02080000000023574	2231.0224000000003	7.776259410584322	158.31262762747474	824.4870057308303	
2244.3504000000003	0.021600000000034925	Ripples						0.021600000000034925	2244.3576000000003	5.613784752217823	157.58490060730279	710.2076899571085	
2250.9672	0.028000000000247383	Ripples						0.028000000000247383	2250.9816	14.213425586968238	157.17690158030751	1183.7091528053436	
2251.2608	0.031199999999898864	Ripples						0.031199999999898864	2251.2744000000002	17.265084379876324	159.6575717589486	1360.9516021905147	
2253.6600000000003	0.06639999999970314	Ripples						0.06639999999970314	2253.6712	13.674590162506114	156.28381057403442	1133.9465430894572	
2254.2176	0.032000000000152795	Ripples						0.032000000000152795	2254.2296	13.236206145083694	155.18017366644372	1164.464135019901	
2260.5472	0.028000000000247383	Ripples						0.028000000000247383	2260.5616	6.097062127072261	155.5926244818277	758.3245901293026	
2261.1352	0.024800000000141154	Ripples						0.024800000000141154	2261.1440000000002	7.809890288190799	158.60823697893878	856.6680206283316	
2273.996	0.021600000000034925	Ripples						0.021600000000034925	2274.004	6.6916813534023385	167.01832617500676	830.4474448457779	
2277.8848000000003	0.03279999999995198	Ripples						0.03279999999995198	2277.896	7.497701450674588	154.63176639668492	896.1400559433838	
2280.5216	0.025599999999940337	Ripples						0.025599999999940337	2280.536	11.089067628187298	157.8887938141782	970.0804695478996	
2280.7776	0.035200000000259024	Ripples						0.035200000000259024	2280.7952	7.630239332817847	153.57384547600628	749.0240132007564	
2286.6	0.032000000000152795	Ripples						0.032000000000152795	2286.6216	8.337301033463664	155.5308242757877	877.5143640595096	
2289.3472	0.024800000000141154	Ripples						0.024800000000141154	2289.3608	6.418750039980027	157.14684987693838	839.2220035865885	
2295.0344	0.03040000000009968	Ripples						0.03040000000009968	2295.0504	10.03321054075717	162.2174489897297	1116.4475085149315	
2304.384	0.02320000000008804	Ripples						0.02320000000008804	2304.396	6.857489450938457	155.35030756821124	744.5411278301843	
2305.42	0.03440000000000509	Ripples						0.03440000000000509	2305.4272	6.122419980306958	154.29338767058204	662.9158892696759	
2306.6128000000003	0.0543999999999869	Ripples						0.0543999999999869	2306.628	10.166671020243497	156.72617320261207	997.6791285283588	
2306.82	0.02639999999973952	Ripples						0.02639999999973952	2306.8312	6.131843405519115	152.924116319526	607.7425597665512	
2309.8856	0.022399999999834108	Ripples						0.022399999999834108	2309.8936000000003	7.473472674546914	158.34725451300008	793.7162753546618	
2321.0488	0.03279999999995198	Ripples						0.03279999999995198	2321.0640000000003	8.955216133605639	152.8064463752913	857.4727051183993	
2329.7392	0.03680000000031214	Ripples						0.03680000000031214	2329.7552	5.710939352573805	146.58367843086654	553.4131844736488	
2336.9808000000003	0.027999999999792635	Ripples						0.027999999999792635	2336.992	9.808172352667468	158.72121658797866	1008.3793937560264	
2362.1232	0.042400000000270666	Ripples						0.042400000000270666	2362.1352	6.588948376129512	149.5951797799552	779.5350098059467	
2362.612	0.041600000000016735	Ripples						0.041600000000016735	2362.6336	15.8871257448568	154.84450731389072	1265.4836755793276	
2365.5128	0.025599999999940337	Ripples						0.025599999999940337	2365.5248	9.314819707852086	159.11637371413536	1000.2256132912597	
2366.2784	0.031199999999898864	Ripples						0.031199999999898864	2366.2968	7.0235558650782375	164.53091316679536	876.469007124683	
2367.1168000000002	0.031199999999898864	Ripples						0.031199999999898864	2367.1272	9.05381580259781	155.83148637242837	872.2624251534205	
2368.0472	0.035200000000259024	Ripples						0.035200000000259024	2368.0656	16.112100938219953	156.58784338980368	1279.2476281458944	
2380.1968	0.040799999999762804	Ripples						0.040799999999762804	2380.2232	7.508611051310845	150.30775055768115	553.8110102842862	
2381.7496	0.05760000000009313	Ripples						0.05760000000009313	2381.7576	6.098318573870867	156.59461739267684	684.7696860734812	
2383.3544	0.058399999999892316	Ripples						0.058399999999892316	2383.3656	7.842073633638199	153.1047457247398	876.7269262613519	
2385.1032	0.03760000000011132	Ripples						0.03760000000011132	2385.1272	10.553041205312471	169.07508097003142	1160.6014967942942	
2385.4680000000003	0.025599999999940337	Ripples						0.025599999999940337	2385.4824000000003	8.362508422966407	156.39564852984813	792.8646644706569	
2386.0664	0.03440000000000509	Ripples						0.03440000000000509	2386.0832	13.36897947862394	161.9328016805525	1225.7762569878023	
2386.3512	0.03600000000005821	Ripples						0.03600000000005821	2386.3688	22.599026422607157	162.3381260410946	1676.514932474068	
2393.6064	0.025599999999940337	Ripples						0.025599999999940337	2393.6176	6.9742078743838665	153.51124879406188	840.4702292510178	
2398.86	0.022399999999834108	Ripples						0.022399999999834108	2398.8712	7.16002513038135	157.8152652451925	841.7993049201534	
2415.576	0.031199999999898864	Ripples						0.031199999999898864	2415.588	6.927850741076814	156.15012644472432	648.2363260068246	
2429.7888000000003	0.021600000000034925	Ripples						0.021600000000034925	2429.8032000000003	12.306738667031766	161.86247254013352	1004.0848636366239	
2429.9144	0.03999999999996362	Ripples						0.03999999999996362	2429.9264000000003	13.301537090491792	155.58393083167803	1073.4563862613927	
2440.0	13.0	SleepStates											Awake
2454.0	320.0	SleepStates											Non-REM
2462.4632	0.027999999999792635	Ripples						0.027999999999792635	2462.4744	5.256888717557167	153.58489872229023	719.5862674715436	
2464.8832	0.02320000000008804	Ripples						0.02320000000008804	2464.8952	8.103838014362678	157.60885277418876	849.1170103167264	
2468.5096000000003	0.03199999999969805	Ripples						0.03199999999969805	2468.5240000000003	12.614991725681639	156.9421977136708	1120.916464736857	
2473.0672	0.021600000000034925	Ripples						0.021600000000034925	2473.0784000000003	5.901940276584538	156.27837314057194	665.7216184802621	
2473.5632	0.026400000000194268	Ripples						0.026400000000194268	2473.5856000000003	5.009734633185803	156.17896117669855	558.3338885293771	
2474.0168000000003	0.04239999999981592	Ripples						0.04239999999981592	2474.0280000000002	6.854152045876852	152.69160001630357	843.0178046717489	
2474.4480000000003	0.02639999999973952	Ripples						0.02639999999973952	2474.4648	7.653859203345347	163.61089850753766	976.5408566534642	
2480.3872	0.02320000000008804	Ripples						0.02320000000008804	2480.396	8.585128310601352	158.97845110267698	852.50605691759	
2480.5336	0.023999999999887223	Ripples						0.023999999999887223	2480.5440000000003	10.565076101086527	165.82844233688792	1091.8598944001826	
2486.364	0.031199999999898864	Ripples						0.031199999999898864	2486.3824	6.269038509998403	155.85847079787263	823.474878660265	
2486.6312000000003	0.03199999999969805	Ripples						0.03199999999969805	2486.6424	7.926625683950945	156.29712901690505	950.2207028834238	
2491.0016	0.04800000000022919	Ripples						0.04800000000022919	2491.0352000000003	12.876573924204248	152.51185342751086	961.0136136560037	
2494.1664	0.031199999999898864	Ripples						0.031199999999898864	2494.1800000000003	6.183137173182594	155.2125236393842	812.6012017032706	
2494.3432000000003	0.038399999999910506	Ripples						0.038399999999910506	2494.3568	9.186242231176685	155.37098188719267	856.8922019412944	
2505.0768000000003	0.03519999999980428	Ripples						0.03519999999980428	2505.0904	8.713458363441323	154.6006575753822	923.243300980501	
2517.424	0.03920000000016444	Ripples						0.03920000000016444	2517.452	7.145528619891074	161.71626750889533	877.4365063187915	
2519.7896	0.05040000000008149	Ripples						0.05040000000008149	2519.8320000000003	5.355672088725323	156.27575002800998	769.7853963393026	
2527.2144000000003	0.020799999999780994	Ripples						0.020799999999780994	2527.2256	6.349829064151176	162.7429743222339	818.3834716345184	
2532.3208	0.02719999999999345	Ripples						0.02719999999999345	2532.3344	11.323102957368882	157.27282169743327	1035.1983184112835	
2553.996	0.021600000000034925	Ripples						0.021600000000034925	2554.0064	5.243426596627704	154.45857555006916	687.3753958952709	
2556.6872000000003	0.03199999999969805	Ripples						0.03199999999969805	2556.7016000000003	10.213054937011053	153.7692451370312	1059.5387983985074	
2557.4344	0.061599999999998545	Ripples						0.061599999999998545	2557.4464000000003	8.356779009069847	152.02892807426363	789.3881788509858	
2564.9712	0.029600000000300497	Ripples						0.029600000000300497	2564.9856	10.327520397876322	165.94125120893014	1132.763214033859	
2566.8784	0.03999999999996362	Ripples						0.03999999999996362	2566.8920000000003	16.590736952081446	159.7932883717902	1395.8804927045542	
2579.0832	0.04559999999992215	Ripples						0.04559999999992215	2579.1216	5.415739004725477	154.57379830502603	554.1050526731432	
2585.1888	0.02080000000023574	Ripples						0.02080000000023574	2585.1968	7.006937713458456	162.5593762118083	623.2965417950753	
2585.2664	0.028800000000046566	Ripples						0.028800000000046566	2585.2776000000003	6.62168441314203	152.04323452664292	687.6191710282569	
2585.6216	0.032000000000152795	Ripples						0.032000000000152795	2585.6352	8.554825629841066	151.28507236541788	876.8471941657001	
2587.3008	0.024800000000141154	Ripples						0.024800000000141154	2587.3160000000003	6.232150066865573	154.07150541924503	846.3535508167943	
2591.5648	0.04239999999981592	Ripples						0.04239999999981592	2591.5792	10.503378043279612	152.3010107058502	1036.5951132803148	
2596.5552000000002	0.04959999999982756	Ripples						0.04959999999982756	2596.5736	11.80101146967856	150.65820819558567	1103.2979843951089	
2625.4464000000003	0.03359999999975116	Ripples						0.03359999999975116	2625.46	14.064602752840768	158.58420430673485	1264.8464948532583	
2627.192	0.03600000000005821	Ripples						0.03600000000005821	2627.204	9.287750151979619	156.1699937278446	1072.3767512364313	
2628.4904	0.041600000000016735	Ripples						0.041600000000016735	2628.5080000000003	8.38660731190017	153.7156773264464	911.6155015185354	
2628.6400000000003	0.024799999999686406	Ripples						0.024799999999686406	2628.6512000000002	15.481449771302504	160.550153567586	1208.8301803091822	
2635.2208	0.028800000000046566	Ripples						0.028800000000046566	2635.232	8.099629105283393	154.08807896594368	841.3003078512962	
2667.4248000000002	0.03279999999995198	Ripples						0.03279999999995198	2667.4464000000003	5.021431624745155	148.69590294537736	645.1930374349876	
2677.692	0.024800000000141154	Ripples						0.024800000000141154	2677.7072000000003	10.848665501460525	159.34654533591618	1051.645516857805	
2680.0888	0.048800000000028376	Ripples						0.048800000000028376	2680.1024	20.579224663971395	161.39967604003618	1526.1756780388662	
2700.6816000000003	0.022399999999834108	Ripples						0.022399999999834108	2700.6928000000003	6.416269199356628	154.22067299693975	645.7017472379167	
2701.3712	0.04559999999992215	Ripples						0.04559999999992215	2701.3928	17.756319283799396	154.96835160213757	1285.0736352043803	
2705.2424	0.03440000000000509	Ripples						0.03440000000000509	2705.2632000000003	10.987211762940785	154.10957292147145	1027.3654793461653	
2710.6448	0.05360000000018772	Ripples						0.05360000000018772	2710.6688	5.853339560266473	157.9318738549187	545.6078256237539	
2718.976	0.025599999999940337	Ripples						0.025599999999940337	2718.9880000000003	7.857706057146467	153.26423885917734	812.8878477782681	
2719.1392	0.025599999999940337	Ripples						0.025599999999940337	2719.1576	5.255736485176859	148.18181110110854	629.1394641513972	
2720.3520000000003	0.025599999999940337	Ripples						0.025599999999940337	2720.3664000000003	10.234674354039825	155.3837131761852	905.1897915064803	
2730.4712	0.026400000000194268	Ripples						0.026400000000194268	2730.4864000000002	7.57062128935871	153.67900554293286	811.6363994830696	
2733.1352	0.027999999999792635	Ripples						0.027999999999792635	2733.1504	9.65570583455253	158.61007426854815	1044.6445266384246	
2733.264	0.06399999999985084	Ripples						0.06399999999985084	2733.2808	15.537198141918823	164.25178110913697	1356.5051457860834	
2735.4768	0.02080000000023574	Ripples						0.02080000000023574	2735.4872	6.357932321734087	158.85585991502128	784.6036498331227	
2745.2176	0.04080000000021755	Ripples						0.04080000000021755	2745.2472000000002	6.820643977327933	155.49815390887085	640.741847445999	
2746.1552	0.021600000000034925	Ripples						0.021600000000034925	2746.1664	7.119765450451145	159.45485332251135	745.3768819612618	
2755.0208000000002	0.0591999999996915	Ripples						0.0591999999996915	2755.0672	15.8820115675752	155.05540802718193	1298.208585201366	
2755.2216000000003	0.025599999999940337	Ripples						0.025599999999940337	2755.2392	12.86178208258993	161.88745695253726	1041.9284872884384	
2775.0	138.0	SleepStates											REM
2914.0	1180.0	SleepStates											Awake
2937.6064	0.03920000000016444	Ripples						0.03920000000016444	2937.6192	6.757283351617743	165.54741267971494	899.1962386365655	
2939.7808	0.03360000000020591	Ripples						0.03360000000020591	2939.7960000000003	14.817469645565208	154.16630592992547	1164.9353033982347	
2957.8184	0.03360000000020591	Ripples						0.03360000000020591	2957.824	5.910679406564483	157.76418343763203	714.1868525568717	
2963.0872	0.04720000000043001	Ripples						0.04720000000043001	2963.1064	11.303792927230457	157.37701177151374	1018.7970766626374	
2964.2272000000003	0.03679999999985739	Ripples						0.03679999999985739	2964.2384	5.4953695095021295	156.32990527193527	733.0868978127396	
2964.3296	0.048800000000028376	Ripples						0.048800000000028376	2964.3568	16.537502855492193	152.97119073616213	1042.303543645288	
2967.6008	0.02959999999984575	Ripples						0.02959999999984575	2967.6208	8.982742886749824	161.23947795810244	991.9580043954254	
2972.6904	0.022400000000288856	Ripples						0.022400000000288856	2972.7056000000002	7.099338996339838	158.02394170812107	708.2721498027821	
2976.3544	0.021600000000034925	Ripples						0.021600000000034925	2976.3656	8.398931729223833	162.32306586619123	910.6392343467022	
2980.1352	0.04399999999986903	Ripples						0.04399999999986903	2980.1608	6.869786409671169	144.28410048890711	682.371888756062	
2981.6912	0.03279999999995198	Ripples						0.03279999999995198	2981.6992	5.123897153897033	151.8065737706289	640.7715986603979	
2993.7904000000003	0.05199999999967986	Ripples						0.05199999999967986	2993.8264	11.856275155938196	154.10377071593993	1249.6311594157562	
2999.7024	0.03040000000009968	Ripples						0.03040000000009968	2999.7192	14.232341423296957	158.89352827656555	1225.3142383083348	
3005.4104	0.027999999999792635	Ripples						0.027999999999792635	3005.424	10.037157727479173	154.55960728396627	1053.188647268922	
3005.9776	0.03679999999985739	Ripples						0.03679999999985739	3005.9976	11.106935039491034	160.63235697975438	1185.8431839519053	
3013.8352	0.02080000000023574	Ripples						0.02080000000023574	3013.8424	5.2566695378844255	159.27008821891556	713.5031000364983	
3023.0536	0.032000000000152795	Ripples						0.032000000000152795	3023.0616	5.017508155795652	156.33077914850347	615.8708469145821	
3037.772	0.025600000000395084	Ripples						0.025600000000395084	3037.7832000000003	15.337986446099485	159.80672414476655	1200.6772588934998	
3040.076	0.03279999999995198	Ripples						0.03279999999995198	3040.0904	7.227696004940324	149.6187598570835	728.1387629551281	
3085.4208000000003	0.08559999999988577	Ripples						0.08559999999988577	3085.4456	15.923189941512444	157.2635657659094	1333.5571334855167	
3408.2112	0.028800000000046566	Ripples						0.028800000000046566	3408.2288000000003	13.00492962824163	161.37981255516365	1234.3483211061257	
3409.824	0.031199999999898864	Ripples						0.031199999999898864	3409.8408	9.790206779087756	155.25778360151438	983.6441009142704	
3418.3936000000003	0.06559999999990396	Ripples						0.06559999999990396	3418.4296	5.563928928561527	158.17779911207577	792.6655091357256	
3463.1008	0.03440000000000509	Ripples						0.03440000000000509	3463.1152	17.275433686373916	159.41375986032168	1417.037959667459	
3472.3768	0.021600000000034925	Ripples						0.021600000000034925	3472.3912	8.422662817321497	167.07075085047757	876.341839326833	
3472.4992	0.038399999999910506	Ripples						0.038399999999910506	3472.5272	9.078957050835779	163.68844470285958	982.3398879608834	
3476.9544	0.022400000000288856	Ripples						0.022400000000288856	3476.9664000000002	6.266861872290515	164.41435879830212	896.6989485167032	
3477.0296000000003	0.05600000000004002	Ripples						0.05600000000004002	3477.0512000000003	18.416369626258938	161.0900483939944	1598.7185819543106	
3478.992	0.03359999999975116	Ripples						0.03359999999975116	3479.0032	19.922130336498977	163.92860698702742	1414.9150753641763	
3483.2968	0.023999999999887223	Ripples						0.023999999999887223	3483.3136	6.092786324172777	171.39509111520502	780.8620975965528	
3486.6104	0.028800000000046566	Ripples						0.028800000000046566	3486.628	14.048160241037332	161.00602816386262	1260.707652036062	
3490.1888000000004	0.030399999999644933	Ripples						0.030399999999644933	3490.2000000000003	6.859893680773464	166.26433750913347	884.8638534616251	
3506.8504000000003	0.023999999999887223	Ripples						0.023999999999887223	3506.864	5.42033154889275	158.16828985508954	795.611721730164	
3506.9208000000003	0.023999999999887223	Ripples						0.023999999999887223	3506.9344	5.2275362830884005	169.2207327993544	770.567941044176	
3519.1744000000003	0.031199999999898864	Ripples						0.031199999999898864	3519.1856000000002	10.413019444783044	159.80883699214675	1077.0962471250311	
3534.1240000000003	0.03440000000000509	Ripples						0.03440000000000509	3534.1416000000004	11.780100937882588	155.79335633744805	1166.4030263964708	
3544.4184	0.0656000000003587	Ripples						0.0656000000003587	3544.4680000000003	14.442577335821396	159.03870819725265	1354.3441564418486	
3550.828	0.02400000000034197	Ripples						0.02400000000034197	3550.8448000000003	8.54133114809876	162.2373146525778	894.2171045506079	
3554.9048000000003	0.023999999999887223	Ripples						0.023999999999887223	3554.9184	9.958246424580791	160.95350380721996	1041.7610975692057	
3564.6352	0.025599999999940337	Ripples						0.025599999999940337	3564.6464	7.98781766589045	156.34441131861294	838.4588019264293	
3577.6384000000003	0.06559999999990396	Ripples						0.06559999999990396	3577.6760000000004	13.276176747408849	164.47994859666915	1271.6131076153335	
3577.7448000000004	0.03199999999969805	Ripples						0.03199999999969805	3577.7648000000004	21.92013126789633	166.83637377235152	1528.494744196214	
3593.7736	0.03120000000035361	Ripples						0.03120000000035361	3593.788	8.49181689835349	155.82461055824825	977.5655796928638	
3593.8616	0.03360000000020591	Ripples						0.03360000000020591	3593.8752	13.345429520546025	165.19494460695248	1259.4382905867872	
3619.2872	0.03679999999985739	Ripples						0.03679999999985739	3619.3008	11.307845146383132	176.2697330563233	1100.2614390751278	
3625.26	0.021600000000034925	Ripples						0.021600000000034925	3625.2712	7.542179443207382	161.79922848803602	950.9402610966002	
3645.8608000000004	0.06719999999995707	Ripples						0.06719999999995707	3645.8768	8.544931041902347	160.02351015845176	1036.073322084694	
3649.0856000000003	0.041600000000016735	Ripples						0.041600000000016735	3649.1072000000004	18.39547931554949	167.37246367385399	1448.9526322871282	
3649.8096	0.021600000000034925	Ripples						0.021600000000034925	3649.8208	6.077389996056984	159.55361346855838	802.1522241441849	
3652.456	0.02080000000023574	Ripples						0.02080000000023574	3652.4704	6.62199077407512	161.50282103945327	813.1893421781565	
3654.5152000000003	0.028800000000046566	Ripples						0.028800000000046566	3654.5264	7.632618595236215	175.06619958908894	831.5448979003146	
3662.5824000000002	0.044800000000122964	Ripples						0.044800000000122964	3662.608	7.685157609199784	170.4419138921216	1013.7385874396973	
3694.9544	0.032000000000152795	Ripples						0.032000000000152795	3694.9784	14.463365173108942	160.00700896286006	1125.6559645215566	
3695.0808	0.021600000000034925	Ripples						0.021600000000034925	3695.0912000000003	10.029720588146073	161.18244377693875	965.0590458033489	
3695.2616000000003	0.025599999999940337	Ripples						0.025599999999940337	3695.2760000000003	18.602275892876747	161.8576397235702	1394.2940133940247	
3695.4712	0.03120000000035361	Ripples						0.03120000000035361	3695.4824000000003	8.50894625580078	160.06600008032427	942.0043217350463	
3699.2552	0.03040000000009968	Ripples						0.03040000000009968	3699.2696	15.287727766828947	170.66437023639548	1263.1153048490703	
3699.7528	0.03279999999995198	Ripples						0.03279999999995198	3699.7792000000004	5.975006662807272	165.14743589221635	775.3965712947006	
3709.7496	0.025599999999940337	Ripples						0.025599999999940337	3709.7648000000004	10.649338635943849	162.570948196872	1003.6179178218551	
3714.9888	0.023999999999887223	Ripples						0.023999999999887223	3715.0024000000003	12.4337937438641	163.08534918097453	1133.4177658502924	
3715.9936000000002	0.023999999999887223	Ripples						0.023999999999887223	3716.0080000000003	5.752097206103057	159.40011801145567	785.8789866687911	
3718.2968	0.06080000000019936	Ripples						0.06080000000019936	3718.3504000000003	9.03585037163108	161.50359755143293	919.2539651461885	
3718.6608	0.03040000000009968	Ripples						0.03040000000009968	3718.6728000000003	8.150193497994227	168.106202406025	1009.9893702429521	
3726.9312	0.025600000000395084	Ripples						0.025600000000395084	3726.9424000000004	12.175851110932724	160.58116210568917	1109.6047038566642	
3729.1032	0.026400000000194268	Ripples						0.026400000000194268	3729.1192	12.177701331514806	161.47886836253906	1110.1984565699229	
3729.6784000000002	0.021600000000034925	Ripples						0.021600000000034925	3729.6864	8.964281541004006	160.5740441289768	889.6610401307161	
3754.0856000000003	0.021600000000034925	Ripples						0.021600000000034925	3754.1000000000004	9.841044138416182	164.5750502821115	980.0776179676924	
3782.856	0.02959999999984575	Ripples						0.02959999999984575	3782.8792000000003	7.771781576114943	161.32743369018988	832.0552283242242	
3783.0544	0.029600000000300497	Ripples						0.029600000000300497	3783.0656000000004	5.514981256897346	153.31189968967035	580.5211453440236	
3785.8016000000002	0.05359999999973297	Ripples						0.05359999999973297	3785.8312	6.073121193678689	159.45061173691641	840.6546966111188	
3802.8296	0.04640000000017608	Ripples						0.04640000000017608	3802.8624	10.23260223175091	153.75743858527247	1030.614986720471	
3805.2584	0.03440000000000509	Ripples						0.03440000000000509	3805.28	11.218994502849016	164.09399663492786	1133.0668680808105	
3805.6704	0.02080000000023574	Ripples						0.02080000000023574	3805.6816000000003	8.121937220768809	163.66426399241584	930.4741370648684	
3807.0448	0.048800000000028376	Ripples						0.048800000000028376	3807.0696000000003	8.229207165541858	161.82194659346965	917.6622572042044	
3807.5616	0.028800000000046566	Ripples						0.028800000000046566	3807.5832	5.427470000213088	172.18965121499465	729.0488488256613	
3809.3376000000003	0.024799999999686406	Ripples						0.024799999999686406	3809.3520000000003	7.041919294814938	158.06705125490825	919.0295307992611	
3809.452	0.03760000000011132	Ripples						0.03760000000011132	3809.4632	8.439189057615591	158.0809331828561	920.0308917713174	
3811.8008	0.021600000000034925	Ripples						0.021600000000034925	3811.8088000000002	5.5124405627684165	161.34646322665841	690.179118213573	
3811.8680000000004	0.03599999999960346	Ripples						0.03599999999960346	3811.8912	25.933959537721226	163.76573377622336	1650.101124097667	
3812.6128000000003	0.04320000000006985	Ripples						0.04320000000006985	3812.6272000000004	11.586042572231737	161.9030673643244	1174.6722444301442	
3819.748	0.028800000000046566	Ripples						0.028800000000046566	3819.7648000000004	8.90418428154708	171.27029513589983	931.6518811716013	
3819.9008000000003	0.03519999999980428	Ripples						0.03519999999980428	3819.92	17.933535839281358	167.4619377342961	1436.5675997022652	
3822.4728	0.02080000000023574	Ripples						0.02080000000023574	3822.4808000000003	5.385167602767745	158.75954251098824	751.5637576420684	
3822.5776	0.03600000000005821	Ripples						0.03600000000005821	3822.5952	12.646472703140793	158.94844224511397	1259.7871354106326	
3823.0128	0.032800000000406726	Ripples						0.032800000000406726	3823.0352000000003	11.339844988006364	153.45860233810706	985.0409741019254	
3823.4304	0.03519999999980428	Ripples						0.03519999999980428	3823.4552000000003	13.556478914297413	155.32774384857515	1207.0995462460598	
3824.3352	0.02080000000023574	Ripples						0.02080000000023574	3824.3432000000003	7.000849569344471	167.73106829153716	852.9514115992912	
3834.4640000000004	0.025599999999940337	Ripples						0.025599999999940337	3834.4752000000003	8.942089883047942	157.46657185115137	1003.4058667443801	
3862.2920000000004	0.022399999999834108	Ripples						0.022399999999834108	3862.3072	8.030000440493827	159.094174717931	846.8012370585313	
4016.1800000000003	0.04959999999982756	Ripples						0.04959999999982756	4016.1888000000004	6.218352782625097	158.89808595231807	794.6813414598397	
4065.4232	0.02959999999984575	Ripples						0.02959999999984575	4065.4384	6.463773711347755	152.4435077630964	709.044170119004	
4078.9408000000003	0.03040000000009968	Ripples						0.03040000000009968	4078.9608000000003	7.214556756505259	154.2888463500431	861.0878835209902	
4086.4848	0.023999999999887223	Ripples						0.023999999999887223	4086.496	8.03034004682667	159.93088294390387	936.720722846392	
4093.78	0.048800000000028376	Ripples						0.048800000000028376	4093.8120000000004	9.976213022246833	162.092933801954	1119.8667434314618	
4094.9616	0.022400000000288856	Ripples						0.022400000000288856	4094.9712000000004	6.358695489201135	171.09339431988397	761.6718742051446	
4095.0	711.0	SleepStates											Non-REM
4116.8208	0.03279999999995198	Ripples						0.03279999999995198	4116.8376	16.30442007956349	163.89206846672278	1363.9569964198374	
4118.1864000000005	0.03359999999975116	Ripples						0.03359999999975116	4118.2	16.908383795683093	157.409609141453	1265.531093259813	
4118.400000000001	0.02479999999923166	Ripples						0.02479999999923166	4118.4152	10.272137069916884	160.92097499418952	1031.3498791233826	
4122.3576	0.032000000000152795	Ripples						0.032000000000152795	4122.3696	13.44439234474349	160.17279788992258	1180.5809259936548	
4122.496	0.023200000000542786	Ripples						0.023200000000542786	4122.5064	7.4593587443308955	157.59402433865077	912.7337664676169	
4124.7208	0.03120000000035361	Ripples						0.03120000000035361	4124.7456	5.287100925609939	155.02221419340225	689.4155692839183	
4128.3824	0.051199999999880674	Ripples						0.051199999999880674	4128.4264	10.396665752243692	159.16335169057976	984.9555765904877	
4132.3024000000005	0.09599999999954889	Ripples						0.09599999999954889	4132.3824	15.842766729269295	150.85662390010066	1336.8641741640824	
4135.374400000001	0.03919999999925494	Ripples						0.03919999999925494	4135.3992	12.49398915817993	156.42262869503398	1130.80938221642	
4135.9336	0.030399999999644933	Ripples						0.030399999999644933	4135.9472000000005	11.836927047156717	165.0979918756405	1206.8876542945793	
4137.088000000001	0.031199999999444117	Ripples						0.031199999999444117	4137.1032000000005	12.356716715000204	170.27809421678506	1176.1087633323625	
4137.497600000001	0.030399999999644933	Ripples						0.030399999999644933	4137.5168	8.392171550997002	167.3144747872527	773.4903923626443	
4137.6368	0.03679999999985739	Ripples						0.03679999999985739	4137.6528	15.799900553704907	172.09467727851234	1301.2689781627414	
4141.9488	0.02639999999973952	Ripples						0.02639999999973952	4141.9656	5.046077753862858	169.06090004722344	791.0910356674042	
4142.135200000001	0.040799999999762804	Ripples						0.040799999999762804	4142.156	14.359869117044726	154.25199419326648	1302.910686682614	
4142.3768	0.032000000000152795	Ripples						0.032000000000152795	4142.3952	6.138670863599684	149.38419944762205	717.6992741815468	
4144.6672	0.026400000000649015	Ripples						0.026400000000649015	4144.684	8.869848904226506	166.07132023439843	991.6588414850395	
4145.2792	0.03360000000066066	Ripples						0.03360000000066066	4145.2944	8.533815913959867	176.37135351629692	914.2451557372759	
4145.4096	0.03920000000016444	Ripples						0.03920000000016444	4145.4296	15.509691153779512	171.93946793240272	1407.3506421774146	
4145.834400000001	0.034399999999550346	Ripples						0.034399999999550346	4145.8552	13.602993154794817	158.07925898484532	1250.4709291933157	
4149.5832	0.025599999999940337	Ripples						0.025599999999940337	4149.5976	6.609844371076645	155.36643454080476	804.3117538558058	
4150.8928000000005	0.04719999999997526	Ripples						0.04719999999997526	4150.9264	5.705371303582463	158.11571176596803	891.8444513963286	
4161.3008	0.028800000000046566	Ripples						0.028800000000046566	4161.320000000001	6.170351523700428	178.39001792615866	745.4279618889049	
4162.490400000001	0.03919999999925494	Ripples						0.03919999999925494	4162.5072	17.36678311789002	164.7751939181925	1388.679377665938	
4164.0336	0.047200000000884756	Ripples						0.047200000000884756	4164.0672	9.511627935171372	152.3856821972004	988.9708351451327	
4164.3704	0.023200000000542786	Ripples						0.023200000000542786	4164.3832	8.743005146449422	165.03721145481455	940.5136684343876	
4167.1736	0.03679999999985739	Ripples						0.03679999999985739	4167.196800000001	16.323723720582528	158.6986625040984	1332.6818044913316	
4167.7384	0.04879999999957363	Ripples						0.04879999999957363	4167.7464	6.824293134628817	159.03135241143667	661.0542593874719	
4169.764	0.028000000000247383	Ripples						0.028000000000247383	4169.7784	11.500568778904826	159.815854638397	1066.4912713363922	
4171.0832	0.0272000000004482	Ripples						0.0272000000004482	4171.1	12.859697907785002	164.3701125072408	1159.09815850588	
4171.4848	0.03440000000045984	Ripples						0.03440000000045984	4171.5008	11.398637860997221	171.58097748754255	1107.6229378718806	
4178.584	0.036800000000766886	Ripples						0.036800000000766886	4178.604	15.442731077298468	163.41658463716618	1444.7223881446607	
4180.2384	0.032000000000152795	Ripples						0.032000000000152795	4180.2544	18.34021197217265	168.25603819635813	1410.1783450452488	
4180.8592	0.032000000000152795	Ripples						0.032000000000152795	4180.8696	10.829227356098535	173.17604840038706	1046.2474039913693	
4182.124	0.05040000000008149	Ripples						0.05040000000008149	4182.16	6.576655662033758	145.503911619073	713.9380488315674	
4182.3496000000005	0.03839999999945576	Ripples						0.03839999999945576	4182.3712000000005	17.806561875780783	158.41112592717207	1473.9770168941116	
4184.428800000001	0.04239999999936117	Ripples						0.04239999999936117	4184.456	7.769360803738843	163.67577122305306	1001.095091356747	
4185.156	0.0272000000004482	Ripples						0.0272000000004482	4185.1704	9.407326281388949	160.10464033190118	980.0108324282976	
4187.6504	0.04399999999986903	Ripples						0.04399999999986903	4187.6768	8.716874209138638	148.31872781928564	919.3170545394534	
4188.232	0.022399999999834108	Ripples						0.022399999999834108	4188.24	6.469376802510205	152.40354585941125	732.8903913754955	
4193.0872	0.052800000000388536	Ripples						0.052800000000388536	4193.1272	9.873342106716052	165.41908061554687	1078.9124418431336	
4196.3024000000005	0.023999999999432475	Ripples						0.023999999999432475	4196.3168000000005	6.285865018133763	162.77481301189732	770.7008498776621	
4197.4936	0.032000000000152795	Ripples						0.032000000000152795	4197.5016000000005	9.647853533083703	163.48978007108332	954.9237176177326	
4197.856	0.03360000000066066	Ripples						0.03360000000066066	4197.8728	10.486057562923113	155.83938989128623	1115.9612765261686	
4198.1816	0.035200000000259024	Ripples						0.035200000000259024	4198.196	9.631104452428714	166.56138408120097	1117.5837487102347	
4199.2648	0.03760000000056607	Ripples						0.03760000000056607	4199.2824	11.72752466103158	161.58810284555858	1310.8713859765978	
4201.0872	0.042400000000270666	Ripples						0.042400000000270666	4201.1048	8.431571930916038	154.9158508205437	901.7392151358347	
4201.772	0.024800000000141154	Ripples						0.024800000000141154	4201.7864	7.156485236235765	163.18629008127542	921.3747329229159	
4201.8824	0.022399999999834108	Ripples						0.022399999999834108	4201.8936	8.022527536286262	155.99552471960754	880.9511552935039	
4207.1648000000005	0.0455999999994674	Ripples						0.0455999999994674	4207.1768	14.014614933158644	156.64502690689213	1241.912019665625	
4208.7888	0.06719999999950232	Ripples						0.06719999999950232	4208.8104	8.17010539062569	160.59948674068562	836.4110390566323	
4208.9568	0.04800000000068394	Ripples						0.04800000000068394	4208.9776	13.996302093529884	161.15666978882663	1269.741861706978	
4211.4984	0.028000000000247383	Ripples						0.028000000000247383	4211.5128	14.088885693498183	163.17656126757848	1221.2925256603617	
4211.6	0.034399999999550346	Ripples						0.034399999999550346	4211.6216	9.871523543484761	172.36722441710552	990.3701212146591	
4211.7480000000005	0.021600000000034925	Ripples						0.021600000000034925	4211.7592	5.004147048625635	153.7389718829221	708.0028238931895	
4217.9400000000005	0.03600000000005821	Ripples						0.03600000000005821	4217.9624	9.248527178439842	156.7076257184947	906.7751591740272	
4218.5560000000005	0.034399999999550346	Ripples						0.034399999999550346	4218.572	16.41885644363594	156.52025797699736	1278.9148136888757	
4219.5432	0.032000000000152795	Ripples						0.032000000000152795	4219.56	12.899150639041094	152.03536615979672	1097.2641939596176	
4225.4728000000005	0.03839999999945576	Ripples						0.03839999999945576	4225.4936	8.65952977666402	154.8843755624551	973.8588771355412	
4225.6104000000005	0.031199999999444117	Ripples						0.031199999999444117	4225.6312	11.709555442962193	170.5679465237968	1047.0620558658866	
4225.736800000001	0.040799999999762804	Ripples						0.040799999999762804	4225.7496	15.781412558100351	168.38035152446733	1268.1617688235954	
4226.3472	0.023199999999633292	Ripples						0.023199999999633292	4226.3576	7.599526836157317	167.45599383709865	862.4931647297275	
4231.26	0.03999999999996362	Ripples						0.03999999999996362	4231.276800000001	6.534919536565912	157.05807567113098	894.4800329051586	
4231.3576	0.025599999999940337	Ripples						0.025599999999940337	4231.372	5.981797628624654	149.22921974461144	629.6165419459733	
4236.780000000001	0.023999999999432475	Ripples						0.023999999999432475	4236.7936	8.885438834430806	160.76587231854637	997.8435309102375	
4236.8832	0.032000000000152795	Ripples						0.032000000000152795	4236.8944	5.969014380440201	153.31390113517512	762.9127849090584	
4244.367200000001	0.056799999999384454	Ripples						0.056799999999384454	4244.4056	8.678254147499786	165.06542679323073	1092.020618106163	
4245.7096	0.028800000000046566	Ripples						0.028800000000046566	4245.7208	8.20828056455448	155.55545322632918	901.7782846381454	
4247.6232	0.03279999999995198	Ripples						0.03279999999995198	4247.648	5.692071329707334	148.4403322004742	709.6423591504839	
4248.7232	0.023999999999432475	Ripples						0.023999999999432475	4248.7336000000005	5.894002826827005	162.38706706962788	823.3067668023136	
4249.4496	0.030400000000554428	Ripples						0.030400000000554428	4249.4608	11.200946138821543	165.0702398759935	1064.757719063443	
4249.6368	0.045600000000376895	Ripples						0.045600000000376895	4249.648	11.201975897602189	164.83733059331118	1093.4716426507105	
4250.838400000001	0.061599999999998545	Ripples						0.061599999999998545	4250.852800000001	6.599551590819144	155.82027731014622	857.7071069681133	
4252.9936	0.036800000000766886	Ripples						0.036800000000766886	4253.0176	13.776742764738852	160.58244864814546	1270.6101326555079	
4253.1728	0.02639999999973952	Ripples						0.02639999999973952	4253.188	13.222616328942046	158.58545759084387	1190.276500542141	
4258.3392	0.031199999999444117	Ripples						0.031199999999444117	4258.3536	15.321022048447198	162.70276645638768	1375.322115700198	
4260.396000000001	0.023999999999432475	Ripples						0.023999999999432475	4260.4064	5.75006805577733	162.1735007667595	764.7409624895672	
4260.580800000001	0.06799999999930151	Ripples						0.06799999999930151	4260.599200000001	9.51820854193864	149.16486230154965	874.5486852321751	
4260.928	0.032000000000152795	Ripples						0.032000000000152795	4260.9424	9.700674971364512	158.477823192235	922.1145615466394	
4268.073600000001	0.027199999999538704	Ripples						0.027199999999538704	4268.0848000000005	11.958358361616446	164.90332731392024	1129.7070536832932	
4271.9808	0.021600000000034925	Ripples						0.021600000000034925	4271.9952	5.924419554094461	164.01194617123528	791.3376738122603	
4275.608	0.022399999999834108	Ripples						0.022399999999834108	4275.6168	8.09528877070166	157.31596983087516	868.4268192218238	
4275.704000000001	0.046399999999266583	Ripples						0.046399999999266583	4275.7264000000005	26.79724282615031	153.4439291718516	1655.044628233378	
4277.188	0.04640000000017608	Ripples						0.04640000000017608	4277.222400000001	12.369803841694033	165.00918765081715	1219.911221124919	
4278.3952	0.048800000000483124	Ripples						0.048800000000483124	4278.4336	6.34046637468338	153.68777677657908	800.505917635212	
4280.160800000001	0.023199999999633292	Ripples						0.023199999999633292	4280.1744	7.753194145917168	158.8399885793782	899.2843683995374	
4280.6128	0.030400000000554428	Ripples						0.030400000000554428	4280.6264	22.461595232632284	167.26989596346792	1577.9584686876472	
4280.716	0.027199999999538704	Ripples						0.027199999999538704	4280.7272	7.457408974558034	158.42309005741467	904.4931843094093	
4284.1288	0.040799999999762804	Ripples						0.040799999999762804	4284.1616	8.471331698851346	160.84847487252176	960.2972798707616	
4284.4856	0.03360000000066066	Ripples						0.03360000000066066	4284.4952	8.223539910816692	158.2229945944951	943.702932715114	
4291.6296	0.05360000000018772	Ripples						0.05360000000018772	4291.6728	6.481389039088402	157.6954346941473	823.7737688341598	
4291.798400000001	0.028800000000046566	Ripples						0.028800000000046566	4291.8104	10.949179079768369	161.0597114978934	1094.7764813296023	
4293.1592	0.025599999999940337	Ripples						0.025599999999940337	4293.1704	7.5928620080192895	164.9317692977916	886.7335657993054	
4293.2848	0.037599999999656575	Ripples						0.037599999999656575	4293.304	5.726686303326232	144.01034939571466	649.0532217971602	
4294.2696000000005	0.05040000000008149	Ripples						0.05040000000008149	4294.284000000001	7.435714492810139	149.9151045448992	861.4536195309488	
4298.8944	0.02639999999973952	Ripples						0.02639999999973952	4298.9104	10.10481698953073	164.2976335526822	1051.429956241309	
4301.3016	0.02400000000034197	Ripples						0.02400000000034197	4301.312	5.445601114796025	156.81336391117608	690.6834073022627	
4308.483200000001	0.05519999999978609	Ripples						0.05519999999978609	4308.5168	11.5708918263363	155.42669381251284	1183.2196493548254	
4308.5944	0.05520000000069558	Ripples						0.05520000000069558	4308.6320000000005	12.627306866759065	156.04277186848174	1019.3446699950152	
4309.983200000001	0.040799999999762804	Ripples						0.040799999999762804	4310.0104	14.097878723767634	151.62986874726525	1096.5978896403878	
4310.116	0.0272000000004482	Ripples						0.0272000000004482	4310.1296	13.156514273047016	158.78344673599946	1171.3801628986046	
4313.2704	0.024800000000141154	Ripples						0.024800000000141154	4313.2848	9.676685087824302	161.41902995585576	997.570823010395	
4313.4400000000005	0.030399999999644933	Ripples						0.030399999999644933	4313.4544000000005	10.511714806874375	160.95132879824283	1106.5683138331215	
4313.8568000000005	0.051199999999880674	Ripples						0.051199999999880674	4313.8784000000005	7.609112335013287	157.08739935900547	788.811507805316	
4314.3208	0.06480000000010477	Ripples						0.06480000000010477	4314.3752	7.492966977890854	162.61558533742428	991.6921056019548	
4315.1592	0.02400000000034197	Ripples						0.02400000000034197	4315.1736	6.207138937168857	158.05580679735363	773.2084279304222	
4324.2344	0.02400000000034197	Ripples						0.02400000000034197	4324.2456	6.5599727327955115	163.5890798010835	780.1549453890276	
4324.381600000001	0.025599999999940337	Ripples						0.025599999999940337	4324.3944	7.597171231486147	169.77657682541755	882.3713624540956	
4330.2872	0.05200000000058935	Ripples						0.05200000000058935	4330.3256	10.418357733200066	166.29407965422482	1058.52410508821	
4330.4312	0.03120000000035361	Ripples						0.03120000000035361	4330.4512	12.129341642652417	162.5301937061608	1162.9519084454412	
4336.224	0.030399999999644933	Ripples						0.030399999999644933	4336.2376	18.22602672798332	164.89477633067358	1447.2165285047993	
4338.8048	0.023200000000542786	Ripples						0.023200000000542786	4338.8168000000005	7.476835405227093	153.39381054687462	778.8290286096573	
4340.3952	0.052800000000388536	Ripples						0.052800000000388536	4340.4376	8.392352994311382	152.29511261775744	936.590718144737	
4340.6448	0.042400000000270666	Ripples						0.042400000000270666	4340.6672	25.78867398262569	157.8510650054145	1599.7868390652711	
4341.5648	0.03679999999985739	Ripples						0.03679999999985739	4341.5784	8.189185269388934	155.59408203709404	908.8614051578207	
4341.8616	0.03920000000016444	Ripples						0.03920000000016444	4341.8792	15.483440051839995	152.83880338350568	1158.0025758628883	
4342.497600000001	0.03279999999995198	Ripples						0.03279999999995198	4342.5144	8.349111882459521	153.27990040567582	959.7933874470128	
4343.2528	0.024800000000141154	Ripples						0.024800000000141154	4343.2632	22.410819719143447	162.6946398115632	1351.1701401388218	
4344.6744	0.03120000000035361	Ripples						0.03120000000035361	4344.6856	5.993713427112605	164.24924378173787	608.0672250085229	
4356.1664	0.06400000000030559	Ripples						0.06400000000030559	4356.218400000001	12.405028224081743	167.37967276116115	1155.9258461051013	
4357.1168	0.0272000000004482	Ripples						0.0272000000004482	4357.1288	12.409087978231412	166.7806365100948	1163.6344825853653	
4358.4744	0.030400000000554428	Ripples						0.030400000000554428	4358.4864	6.991396360596523	151.38434643627966	802.741979483216	
4359.164	0.026400000000649015	Ripples						0.026400000000649015	4359.1784	10.836616504068658	167.8122839246014	1080.8503627163918	
4359.3136	0.028800000000046566	Ripples						0.028800000000046566	4359.328	9.296019148504852	152.05819200574942	882.537270212543	
4361.1488	0.056000000000494765	Ripples						0.056000000000494765	4361.1696	16.229021748300454	151.25941524111522	1305.8568480839426	
4361.3512	0.025599999999940337	Ripples						0.025599999999940337	4361.3616	8.225611928691157	166.28900620438225	944.5893712301813	
4361.6992	0.03840000000036525	Ripples						0.03840000000036525	4361.7104	10.523038422067042	156.6059169249525	1029.3894094512207	
4362.345600000001	0.027199999999538704	Ripples						0.027199999999538704	4362.360000000001	7.619793947450985	161.90882492053962	868.3268047496482	
4363.232	0.03840000000036525	Ripples						0.03840000000036525	4363.2576	5.3368728345123255	168.51924296644026	729.32888439272	
4363.711200000001	0.05519999999978609	Ripples						0.05519999999978609	4363.7528	9.569201898431489	149.98731715021933	1015.8224419626393	
4371.5296	0.030400000000554428	Ripples						0.030400000000554428	4371.544800000001	11.830134607172113	152.59265903954963	962.4143789041361	
4371.6432	0.02959999999984575	Ripples						0.02959999999984575	4371.6648000000005	13.131931001483125	156.92442720888704	1097.7588163791188	
4378.0416000000005	0.03920000000016444	Ripples						0.03920000000016444	4378.0624	9.803646494916363	160.47773158861165	1117.949940646928	
4378.1592	0.035200000000259024	Ripples						0.035200000000259024	4378.1744	18.21114108989425	158.0480241749712	1435.369293915917	
4378.4552	0.028000000000247383	Ripples						0.028000000000247383	4378.4728000000005	8.971176474921588	154.1627186608266	925.8321569281219	
4378.8976	0.034399999999550346	Ripples						0.034399999999550346	4378.912	10.797766945871254	163.00078593977366	1140.5689120500228	
4379.2104	0.024800000000141154	Ripples						0.024800000000141154	4379.2248	13.652216461326129	157.83231468484388	1086.2697928305001	
4380.5968	0.037599999999656575	Ripples						0.037599999999656575	4380.6176000000005	13.998578309526977	156.312483743418	1251.650337446004	
4381.6952	0.051199999999880674	Ripples						0.051199999999880674	4381.7248	7.173963048646554	144.0047151937148	726.4111391509381	
4381.8584	0.0272000000004482	Ripples						0.0272000000004482	4381.8728	11.42108545747764	159.67632263183916	1050.1429578673458	
4390.3432	0.027199999999538704	Ripples						0.027199999999538704	4390.3568000000005	7.885296936860991	164.3062070494645	936.3190443391233	
4390.756	0.06239999999979773	Ripples						0.06239999999979773	4390.7872	13.836799212933892	148.0246129045317	1190.8895991101579	
4391.2952000000005	0.028800000000046566	Ripples						0.028800000000046566	4391.3088	11.597492767180512	163.84044971583268	1193.330943835658	
4392.758400000001	0.05999999999949068	Ripples						0.05999999999949068	4392.7936	11.010066908894276	144.74601731719127	1010.4950132828881	
4393.903200000001	0.047999999999774445	Ripples						0.047999999999774445	4393.9208	13.603291372949817	157.18190944219907	1161.9701541699437	
4394.116	0.03679999999985739	Ripples						0.03679999999985739	4394.14	8.224337962199188	154.77521583774512	979.769418896305	
4409.2744	0.02959999999984575	Ripples						0.02959999999984575	4409.2824	6.956132288615347	159.09031411580762	763.1225303894132	
4409.5216	0.052800000000388536	Ripples						0.052800000000388536	4409.5512	17.017343116433835	154.31009217001218	1430.233003043346	
4414.772800000001	0.02479999999923166	Ripples						0.02479999999923166	4414.7808	8.529496618755369	160.00692229729663	888.6673688184073	
4418.6304	0.0272000000004482	Ripples						0.0272000000004482	4418.644	9.276920183075031	168.03727459082694	1046.955325049925	
4419.8928000000005	0.04959999999937281	Ripples						0.04959999999937281	4419.9128	15.333705787861339	162.70096816785266	1389.7432757416555	
4421.3024000000005	0.03839999999945576	Ripples						0.03839999999945576	4421.3240000000005	11.219501244868846	153.82821930507464	1010.4142157380013	
4432.8864	0.037599999999656575	Ripples						0.037599999999656575	4432.910400000001	13.774568148893284	168.55505736358054	1216.9893568907805	
4434.2752	0.03920000000016444	Ripples						0.03920000000016444	4434.2928	13.148861101918007	157.30727261078192	1167.0899196471112	
4437.7288	0.028000000000247383	Ripples						0.028000000000247383	4437.7432	8.966306761917377	158.67093903915452	947.520757502276	
4438.7696000000005	0.03519999999934953	Ripples						0.03519999999934953	4438.791200000001	7.99567809228534	150.28745407617942	698.1198917058746	
4442.6624	0.032000000000152795	Ripples						0.032000000000152795	4442.6808	12.30009912078128	159.22435055667873	1165.5701668783531	
4442.8696	0.032000000000152795	Ripples						0.032000000000152795	4442.8856000000005	17.57424033082148	158.17778303988467	1435.346177732147	
4443.0768	0.024800000000141154	Ripples						0.024800000000141154	4443.088000000001	11.795297814411455	163.07358913465072	1153.5435875747055	
4443.8968	0.021600000000034925	Ripples						0.021600000000034925	4443.908	5.90739918523016	165.48035230881936	856.2248774091895	
4444.0616	0.02959999999984575	Ripples						0.02959999999984575	4444.08	16.851953167232164	163.36522277659495	1357.7956820447894	
4445.1304	0.03600000000005821	Ripples						0.03600000000005821	4445.1592	6.6422362272076745	153.7584489647936	815.8488402315573	
4445.996	0.022399999999834108	Ripples						0.022399999999834108	4446.0072	6.014895926826333	154.27094123326316	636.333846590304	
4446.8896	0.022399999999834108	Ripples						0.022399999999834108	4446.9016	8.42665631864295	162.65433689667887	932.2239600394624	
4452.2928	0.061599999999998545	Ripples						0.061599999999998545	4452.3264	12.641028845542808	157.69967517095677	1316.9848623483572	
4453.6192	0.025599999999940337	Ripples						0.025599999999940337	4453.6312	5.855191983407197	158.00738979175193	776.6824637877236	
4453.756	0.027199999999538704	Ripples						0.027199999999538704	4453.7672	15.584808668986858	163.4054215652667	1225.2441475931626	
4453.8728	0.05519999999978609	Ripples						0.05519999999978609	4453.884	10.268363776032121	154.20662713889675	1029.201197600677	
4454.0712	0.022399999999834108	Ripples						0.022399999999834108	4454.0792	5.155491156369423	158.55871282565508	612.776392711435	
4467.032	0.045600000000376895	Ripples						0.045600000000376895	4467.0584	11.491352123891428	162.56996829271336	1236.765206058574	
4476.2344	0.042400000000270666	Ripples						0.042400000000270666	4476.2576	26.740924841480357	165.80284492120998	1838.1748540415454	
4476.5632000000005	0.04879999999957363	Ripples						0.04879999999957363	4476.595200000001	17.390124236390626	155.08372170598977	1410.2075926731902	
4478.8728	0.028800000000046566	Ripples						0.028800000000046566	4478.8896	11.00434303073446	169.73470990949303	1095.3156090340065	
4479.2696000000005	0.04159999999956199	Ripples						0.04159999999956199	4479.298400000001	17.970189048744967	156.30487926544794	1375.0972728490833	
4480.268	0.024800000000141154	Ripples						0.024800000000141154	4480.2824	8.370991191866858	157.75248842378562	911.0739431863717	
4480.5224	0.048800000000483124	Ripples						0.048800000000483124	4480.5344000000005	11.109549413116007	151.01175279296845	971.7869664051373	
4480.6552	0.03440000000045984	Ripples						0.03440000000045984	4480.6728	13.784793451081091	156.70522545283788	1274.4396266081967	
4481.0248	0.03999999999996362	Ripples						0.03999999999996362	4481.0392	5.8330498986664665	144.89500674748325	612.1333131051712	
4485.5896	0.04159999999956199	Ripples						0.04159999999956199	4485.608	13.485858329151178	154.97766913703222	1242.125138379093	
4485.7568	0.021600000000034925	Ripples						0.021600000000034925	4485.7672	7.852142103472957	160.24740150382303	825.5649308628299	
4489.4808	0.04399999999986903	Ripples						0.04399999999986903	4489.497600000001	14.939161857684125	155.1146954585421	1291.2644142584877	
4493.5816	0.03600000000005821	Ripples						0.03600000000005821	4493.5944	9.899094958943744	176.3942348519201	994.5460714615622	
4493.8792	0.02400000000034197	Ripples						0.02400000000034197	4493.8904	9.081127115209933	161.2006319056708	1023.8884763753495	
4494.0176	0.03600000000005821	Ripples						0.03600000000005821	4494.0296	11.373378013591996	153.44975819637477	969.9660869553815	
4495.3032	0.04320000000006985	Ripples						0.04320000000006985	4495.3144	13.432798903217956	157.58647382428504	1209.494873197764	
4498.1368	0.035200000000259024	Ripples						0.035200000000259024	4498.1504	18.23591945733624	164.98557760368098	1407.536854655432	
4500.3136	0.021600000000034925	Ripples						0.021600000000034925	4500.3248	7.706876220209951	166.65718497257632	910.3259926722878	
4500.3928000000005	0.061599999999998545	Ripples						0.061599999999998545	4500.404	9.687364447947832	159.4943554533295	1066.8100103580855	
4500.6320000000005	0.02639999999973952	Ripples						0.02639999999973952	4500.6456	7.281540991486731	161.65651108804613	1028.6987778785283	
4508.4816	0.02080000000023574	Ripples						0.02080000000023574	4508.4928	7.374597088051828	164.69935072982625	857.6633020726491	
4511.483200000001	0.04959999999937281	Ripples						0.04959999999937281	4511.508	11.288978164239932	163.42258402625342	1206.2719540208989	
4513.450400000001	0.02639999999973952	Ripples						0.02639999999973952	4513.464	13.699434189594058	165.12975371582579	1248.9903498479337	
4518.2432	0.028000000000247383	Ripples						0.028000000000247383	4518.2544	6.402335228110997	150.9310343163726	656.4840150093562	
4528.1720000000005	0.024800000000141154	Ripples						0.024800000000141154	4528.1872	11.665863405051885	158.53138576942305	934.9481625409202	
4528.3088	0.026400000000649015	Ripples						0.026400000000649015	4528.3248	7.373215073639783	164.67693453958805	950.5585096131925	
4528.8536	0.028000000000247383	Ripples						0.028000000000247383	4528.8616	5.933365089331926	158.85327872238165	771.5042701605458	
4529.0176	0.024800000000141154	Ripples						0.024800000000141154	4529.0296	10.850444114753666	161.48718867241155	1091.6317005833366	
4532.7608	0.028000000000247383	Ripples						0.028000000000247383	4532.7824	7.940315927896556	157.19375063864135	739.79983172071	
4533.642400000001	0.030399999999644933	Ripples						0.030399999999644933	4533.6616	8.955845484816276	156.48646911602341	944.2506923560273	
4534.372	0.04879999999957363	Ripples						0.04879999999957363	4534.408	12.150725280146276	163.854245905948	1264.6364411766433	
4536.6272	0.04320000000006985	Ripples						0.04320000000006985	4536.6488	9.886518676839714	147.61612825681974	869.1768493173448	
4543.2128	0.03279999999995198	Ripples						0.03279999999995198	4543.224	7.764601004767304	157.3336273136944	877.6150716761425	
4546.956	0.032000000000152795	Ripples						0.032000000000152795	4546.9736	8.402826246363375	152.67686885116413	814.2819331735736	
4549.3536	0.02639999999973952	Ripples						0.02639999999973952	4549.3688	5.1570264858865995	151.2067333494801	628.5698340786121	
4550.3736	0.07440000000042346	Ripples						0.07440000000042346	4550.381600000001	5.478330152612435	160.43067945356623	740.8867185954011	
4550.5328	0.03840000000036525	Ripples						0.03840000000036525	4550.5544	18.538322253970797	154.608437418397	1318.0430420231494	
4550.6464000000005	0.021600000000034925	Ripples						0.021600000000034925	4550.656800000001	11.65038223660969	165.2561769734316	1019.4779911044931	
4550.8728	0.07760000000052969	Ripples						0.07760000000052969	4550.881600000001	6.272596822531638	151.94876187493284	768.6611544532553	
4564.8368	0.028800000000046566	Ripples						0.028800000000046566	4564.8448	7.271241292177858	160.45466404407668	776.6358713141476	
4567.852800000001	0.03839999999945576	Ripples						0.03839999999945576	4567.8808	13.067197254034095	170.48506623510784	1124.347160358991	
4573.2264000000005	0.024800000000141154	Ripples						0.024800000000141154	4573.2344	5.127998821086944	154.1683171036438	651.7621058645416	
4576.0608	0.032000000000152795	Ripples						0.032000000000152795	4576.0792	14.062158889708137	152.31275134413406	1079.353226232635	
4576.6952	0.02639999999973952	Ripples						0.02639999999973952	4576.711200000001	11.664551775896015	164.66067522824522	1115.6073422545549	
4576.776	0.026400000000649015	Ripples						0.026400000000649015	4576.7928	8.197039133531558	158.76048957232283	944.3530753638455	
4580.0488000000005	0.04159999999956199	Ripples						0.04159999999956199	4580.0648	12.370241906778942	162.21565111804935	1159.9525322634654	
4580.2384	0.035200000000259024	Ripples						0.035200000000259024	4580.2496	10.108125595338437	154.51521906550568	1026.8299387282889	
4580.4224	0.034399999999550346	Ripples						0.034399999999550346	4580.4400000000005	9.102799771130945	162.905757300915	1051.972747982186	
4582.452	0.03600000000005821	Ripples						0.03600000000005821	4582.4664	11.975363804071847	152.83987986460073	1124.6846623382444	
4584.8992	0.03999999999996362	Ripples						0.03999999999996362	4584.914400000001	13.465233673562505	153.00356752884514	1218.1565826589763	
4585.116	0.025599999999940337	Ripples						0.025599999999940337	4585.128000000001	6.786790749120361	156.17045596079012	853.6240530977287	
4585.8072	0.03999999999996362	Ripples						0.03999999999996362	4585.828	23.20868589547547	159.95526343326327	1651.49510431678	
4585.9376	0.04160000000047148	Ripples						0.04160000000047148	4585.9528	6.670233116728476	151.98666576596736	596.7269761603931	
4586.3392	0.028800000000046566	Ripples						0.028800000000046566	4586.3608	6.637135695285893	158.08282424947035	691.6132996015373	
4586.6648000000005	0.040799999999762804	Ripples						0.040799999999762804	4586.696	17.12376119174033	155.33270770642946	1179.4233961237965	
4586.7936	0.04480000000057771	Ripples						0.04480000000057771	4586.8016	6.162872319408432	152.84478119364735	756.2823018152586	
4588.3504	0.035200000000259024	Ripples						0.035200000000259024	4588.3688	16.59916990736219	152.01999156405373	1319.439331585654	
4590.352800000001	0.027199999999538704	Ripples						0.027199999999538704	4590.372	5.736594508255166	157.58006144318034	522.2185695745122	
4594.02	0.028800000000046566	Ripples						0.028800000000046566	4594.0328	10.560550350109285	162.88547628634586	1123.6575832270282	
4595.192	0.024800000000141154	Ripples						0.024800000000141154	4595.2064	11.95557710880472	161.03043162898985	1180.662243500852	
4596.4752	0.04960000000028231	Ripples						0.04960000000028231	4596.492	9.575675879264665	161.91409198510053	1108.5495355081048	
4597.689600000001	0.053599999999278225	Ripples						0.053599999999278225	4597.7288	11.101631921686446	147.05927107175776	889.4125951258293	
4598.0368	0.024800000000141154	Ripples						0.024800000000141154	4598.0496	8.604855384322175	163.8576228327016	976.2122150749168	
4600.9768	0.02959999999984575	Ripples						0.02959999999984575	4600.9928	7.245580385951906	166.9133442101444	928.2301340437969	
4601.1	0.027199999999538704	Ripples						0.027199999999538704	4601.1168	14.1533261704977	163.5889548282377	1217.0309815597275	
4607.6152	0.028800000000046566	Ripples						0.028800000000046566	4607.6288	7.1851165761059015	165.4512841694806	951.751476889966	
4607.9272	0.03920000000016444	Ripples						0.03920000000016444	4607.9400000000005	7.654608242026161	163.69756306445635	916.3233501295064	
4609.468800000001	0.05279999999947904	Ripples						0.05279999999947904	4609.5016000000005	16.403002754475654	152.39025280166052	1275.3999960890721	
4610.3696	0.0408000000006723	Ripples						0.0408000000006723	4610.3952	8.85231997764639	162.52252067449987	943.8851498126339	
4613.2024	0.028000000000247383	Ripples						0.028000000000247383	4613.2144	9.497819173103919	164.28152487451445	1002.4639934317092	
4613.3592	0.030400000000554428	Ripples						0.030400000000554428	4613.372	7.316558943862022	149.61118113011668	723.7888521601146	
4620.9496	0.021600000000034925	Ripples						0.021600000000034925	4620.964	6.612718299747599	158.74079830817684	810.6560525421414	
4622.5656	0.020000000000436557	Ripples						0.020000000000436557	4622.5728	5.064280243575483	160.2436076032112	688.4987190124976	
4624.1096	0.04160000000047148	Ripples						0.04160000000047148	4624.120800000001	14.699363608712975	155.306105931375	1148.9981997787227	
4624.222400000001	0.04719999999997526	Ripples						0.04719999999997526	4624.2632	7.847941460337043	153.76920330738227	808.7694922704294	
4629.3704	0.025600000000849832	Ripples						0.025600000000849832	4629.381600000001	7.017463320618259	151.6863040185634	699.9603217828437	
4629.4312	0.04320000000006985	Ripples						0.04320000000006985	4629.4384	6.331040702156057	153.11518388303443	783.7321177296694	
4632.3608	0.05040000000008149	Ripples						0.05040000000008149	4632.404	12.337471090750558	153.52696189574485	975.7345893413378	
4643.950400000001	0.03599999999914871	Ripples						0.03599999999914871	4643.9704	8.39469015747429	170.17658223891655	1028.8729744744883	
4645.6088	0.020000000000436557	Ripples						0.020000000000436557	4645.624	5.112039753342128	157.53890327270022	633.4992371882834	
4661.5072	0.059200000000600994	Ripples						0.059200000000600994	4661.5224	5.648465013126455	158.2909203665511	809.9613264812388	
4661.950400000001	0.044799999999668216	Ripples						0.044799999999668216	4661.9728000000005	10.643348242466848	145.06960049369368	915.2721912557605	
4671.4752	0.035200000000259024	Ripples						0.035200000000259024	4671.4992	12.138423492158337	159.62017006139638	1149.4003120442865	
4671.595200000001	0.03519999999934953	Ripples						0.03519999999934953	4671.6088	6.448275847538953	161.68435118701925	805.3848187097645	
4673.3288	0.03840000000036525	Ripples						0.03840000000036525	4673.3496000000005	21.029775874550232	154.49278944241385	1434.266750686349	
4675.294400000001	0.0639999999993961	Ripples						0.0639999999993961	4675.336	17.58543246712254	153.15899823848903	1080.9221567017278	
4681.1632	0.021600000000034925	Ripples						0.021600000000034925	4681.1744	5.403601757770192	171.87304788201428	768.533372917894	
4682.4352	0.04719999999997526	Ripples						0.04719999999997526	4682.450400000001	15.16563172520382	153.62455232359764	1096.0467774049985	
4682.5512	0.03840000000036525	Ripples						0.03840000000036525	4682.5656	25.434827208755735	157.36032858608144	1654.1802490862005	
4683.168000000001	0.02479999999923166	Ripples						0.02479999999923166	4683.1792000000005	10.170846104923966	156.35085770075813	1003.4455603996264	
4684.0112	0.025599999999940337	Ripples						0.025599999999940337	4684.0224	6.258275789663414	154.52512019511127	653.1627541673224	
4684.112	0.04640000000017608	Ripples						0.04640000000017608	4684.1416	26.337568453554194	155.88269755417093	1664.2497893622049	
4684.3464	0.022399999999834108	Ripples						0.022399999999834108	4684.3576	6.730134170674473	161.1619917001405	865.853707544594	
4688.0552	0.05520000000069558	Ripples						0.05520000000069558	4688.0696	11.095791727700043	160.40337842783885	1100.2637481927898	
4689.8904	0.03279999999995198	Ripples						0.03279999999995198	4689.907200000001	13.563863346123336	168.51731558374902	1307.1995350570364	
4694.7456	0.028000000000247383	Ripples						0.028000000000247383	4694.7536	5.47381198915945	151.04543525647787	682.4881223437059	
4699.374400000001	0.06959999999980937	Ripples						0.06959999999980937	4699.424	9.078271616977194	154.70414029336123	1067.1859238060792	
4700.4896	0.03840000000036525	Ripples						0.03840000000036525	4700.504	17.475813495277567	157.1390750370825	1331.5378685884516	
4701.948	0.042400000000270666	Ripples						0.042400000000270666	4701.9800000000005	10.809829440676102	152.5001169549029	976.5466821290065	
4705.7832	0.028000000000247383	Ripples						0.028000000000247383	4705.7976	6.998088969595496	159.94468408913065	928.3961022528349	
4706.9784	0.03120000000035361	Ripples						0.03120000000035361	4706.996	14.971226467743582	157.8219574915198	1262.4119790352747	
4707.2904	0.0272000000004482	Ripples						0.0272000000004482	4707.304	11.601840885112804	164.13206835282998	1080.7934863954833	
4707.4208	0.0272000000004482	Ripples						0.0272000000004482	4707.4384	9.122556800212008	158.55893701534958	1066.1600426810837	
4707.5064	0.023199999999633292	Ripples						0.023199999999633292	4707.524	8.293887218723649	160.71655920131226	798.1475258831053	
4710.436000000001	0.025599999999940337	Ripples						0.025599999999940337	4710.4544000000005	5.194800027681286	150.38760433678738	581.5125109497463	
4710.9592	0.03120000000035361	Ripples						0.03120000000035361	4710.9776	21.477315563715873	159.3907982499073	1476.2438233693622	
4711.1296	0.061599999999998545	Ripples						0.061599999999998545	4711.1696	12.998151759347216	147.0191081273815	1107.5091096329027	
4712.804	0.02080000000023574	Ripples						0.02080000000023574	4712.8144	5.901065906329348	156.75112190059983	790.1232420962764	
4716.497600000001	0.022399999999834108	Ripples						0.022399999999834108	4716.5096	6.490173765842083	155.81071431551374	843.3841434433266	
4737.492	0.02080000000023574	Ripples						0.02080000000023574	4737.5056	6.487472082169408	163.24969940347188	776.0697208171752	
4741.7904	0.03920000000016444	Ripples						0.03920000000016444	4741.8184	13.390046878939046	154.55675557955195	1110.0010144704463	
4742.2096	0.04320000000006985	Ripples						0.04320000000006985	4742.2288	14.41005898999491	158.19914099871187	1332.6527391421032	
4745.8232	0.023200000000542786	Ripples						0.023200000000542786	4745.8368	9.109744460847955	161.89836591179517	944.9728295713945	
4746.7776	0.03279999999995198	Ripples						0.03279999999995198	4746.7928	9.253496171545544	152.78534599933639	887.7702988560997	
4747.1048	0.03920000000016444	Ripples						0.03920000000016444	4747.1376	7.812791376027662	154.7890612189067	798.957873489183	
4750.0864	0.0272000000004482	Ripples						0.0272000000004482	4750.0944	5.116277493828046	149.23501565759605	557.8830233104625	
4755.464	0.035200000000259024	Ripples						0.035200000000259024	4755.4856	14.159937267160188	172.30730759052378	1252.9578498585693	
4758.5552	0.028000000000247383	Ripples						0.028000000000247383	4758.566400000001	8.64663374683471	163.13266756590173	1004.5616238389938	
4765.6784	0.0408000000006723	Ripples						0.0408000000006723	4765.7056	8.730187321540315	163.1298439798215	994.009700471017	
4765.900000000001	0.03919999999925494	Ripples						0.03919999999925494	4765.928	18.297054879937743	153.93990662621133	1264.014537385612	
4773.606400000001	0.04159999999956199	Ripples						0.04159999999956199	4773.6144	6.61906373376291	158.85599058392168	815.2942971998184	
4773.8824	0.030399999999644933	Ripples						0.030399999999644933	4773.8968	17.215222610109695	156.14557330724546	1347.5790248449282	
4780.144	0.028000000000247383	Ripples						0.028000000000247383	4780.160800000001	12.749803441194297	157.1985055017256	1140.3184670169987	
4807.0	67.0	SleepStates											Awake
4844.4328000000005	0.04640000000017608	Ripples						0.04640000000017608	4844.448	17.838987508402603	155.2245566484871	1365.201398062642	
4854.5288	0.021600000000034925	Ripples						0.021600000000034925	4854.54	7.7020996457425674	158.100604625063	870.881665454627	
4854.9264	0.035200000000259024	Ripples						0.035200000000259024	4854.944	13.713061749646679	154.8732775218008	1116.2945835640755	
4875.0	395.0	SleepStates											Non-REM
4880.6384	0.03440000000045984	Ripples						0.03440000000045984	4880.6576000000005	19.193840357647783	173.20520612296326	1391.7337272426148	
4887.5	0.028800000000046566	Ripples						0.028800000000046566	4887.5176	12.450742957223556	156.0695776328308	1127.7029197415054	
4889.6936000000005	0.031199999999444117	Ripples						0.031199999999444117	4889.7080000000005	17.29006866231034	158.33460966114936	1326.2906325441263	
4889.8392	0.03279999999995198	Ripples						0.03279999999995198	4889.8584	20.0803503959868	173.02181997191207	1412.5216347857895	
4897.7288	0.020000000000436557	Ripples						0.020000000000436557	4897.7424	5.400090917156462	159.5435187710859	726.3609112787848	
4898.4800000000005	0.031199999999444117	Ripples						0.031199999999444117	4898.5	12.193914441510772	164.14779470405648	1197.9734847634327	
4898.8688	0.044799999999668216	Ripples						0.044799999999668216	4898.8904	22.682828111737294	156.0314785396995	1704.001259840022	
4898.957600000001	0.05599999999958527	Ripples						0.05599999999958527	4898.9816	22.024964754597004	151.24146792966735	1465.8045646339701	
4899.6256	0.03120000000035361	Ripples						0.03120000000035361	4899.6416	13.984220510993184	168.55510127393927	1295.31842601552	
4900.6512	0.037599999999656575	Ripples						0.037599999999656575	4900.6656	19.938060038049247	161.69009498257634	1539.845929042122	
4902.291200000001	0.06079999999928987	Ripples						0.06079999999928987	4902.316	16.046775557561055	152.2603950893461	1335.6823302786468	
4902.4568	0.022400000000743603	Ripples						0.022400000000743603	4902.464800000001	6.73244700108797	155.82746008559954	730.5716696645126	
4903.0392	0.023199999999633292	Ripples						0.023199999999633292	4903.0528	5.7610395246221024	158.65749543706718	813.0501489265815	
4905.0928	0.03600000000005821	Ripples						0.03600000000005821	4905.1112	12.973084452114183	153.04654468773134	1148.32450342698	
4907.675200000001	0.0319999999992433	Ripples						0.0319999999992433	4907.696800000001	12.968686836724928	156.05840298497952	1135.4976474886744	
4907.8104	0.0543999999999869	Ripples						0.0543999999999869	4907.8536	8.366729727703573	153.88944948811172	1011.561302941553	
4909.1928	0.035200000000259024	Ripples						0.035200000000259024	4909.2176	8.197559664879517	154.8245904705578	910.2623325059262	
4909.3136	0.034399999999550346	Ripples						0.034399999999550346	4909.328	15.025054820395283	160.98703109806632	1374.1450628448902	
4912.3024000000005	0.031199999999444117	Ripples						0.031199999999444117	4912.320000000001	14.090724114455087	156.56654032211574	1253.6630573146829	
4914.404	0.051199999999880674	Ripples						0.051199999999880674	4914.436000000001	18.076320931865475	156.0521478143382	1504.7482205693793	
4922.367200000001	0.03519999999934953	Ripples						0.03519999999934953	4922.3872	18.760656442258842	164.8584152635168	1470.9621763160785	
4925.8376	0.025600000000849832	Ripples						0.025600000000849832	4925.8552	13.58893097815129	158.84993431228335	1103.4536086987584	
4928.1704	0.025599999999940337	Ripples						0.025599999999940337	4928.182400000001	5.890987364413997	152.42955130919717	734.8966258313751	
4928.9304	0.04399999999986903	Ripples						0.04399999999986903	4928.9592	14.22929385635896	149.11153465322045	1024.2307318610526	
4935.884	0.061599999999998545	Ripples						0.061599999999998545	4935.9208	21.764526095851235	158.26191226018537	1557.5284565378154	
4936.1864000000005	0.03519999999934953	Ripples						0.03519999999934953	4936.2088	11.426876981957344	148.1549130580022	958.3188559646275	
4940.0184	0.03679999999985739	Ripples						0.03679999999985739	4940.0296	8.40422589151598	149.97448961624588	813.5155838682656	
4940.1416	0.030400000000554428	Ripples						0.030400000000554428	4940.1528	8.096055020604469	163.03742983718607	1029.7393460060714	
4940.728	0.023200000000542786	Ripples						0.023200000000542786	4940.7408000000005	6.731443297716392	163.7876789830731	859.8186368572075	
4941.0872	0.02400000000034197	Ripples						0.02400000000034197	4941.1008	10.219913094085436	157.56278512592965	953.9716742633091	
4944.3336	0.048800000000483124	Ripples						0.048800000000483124	4944.3552	6.28201980636308	152.11865235767291	777.839956926448	
4945.5168	0.0455999999994674	Ripples						0.0455999999994674	4945.5328	10.552814549318684	147.09828915645636	763.449623428279	
4947.3824	0.08159999999952561	Ripples						0.08159999999952561	4947.4536	13.420378375074586	152.3565116958608	1074.6618253446425	
4949.8328	0.04320000000006985	Ripples						0.04320000000006985	4949.8472	14.205784772348414	155.4274811166941	1178.9089346452927	
4957.2216	0.03760000000056607	Ripples						0.03760000000056607	4957.240000000001	22.488540500777706	157.54152018090647	1522.4356885892776	
4957.3376	0.03360000000066066	Ripples						0.03360000000066066	4957.3512	14.70571740947134	161.36722995421928	1248.394077824491	
4961.464800000001	0.06079999999928987	Ripples						0.06079999999928987	4961.4896	15.926232120258334	151.73728252917658	1282.361101672568	
4963.5872	0.02080000000023574	Ripples						0.02080000000023574	4963.6008	5.015831430863358	158.71564450011576	731.6630752623195	
4964.682400000001	0.03839999999945576	Ripples						0.03839999999945576	4964.7072	12.41200389248362	154.7929432252042	1089.368472661729	
4982.5568	0.02400000000034197	Ripples						0.02400000000034197	4982.5704000000005	6.92190137714378	166.73933928727254	883.8083579371702	
4982.678400000001	0.0727999999999156	Ripples						0.0727999999999156	4982.6928	16.00776515050174	157.97265549077764	1389.5236651052078	
4990.2608	0.024800000000141154	Ripples						0.024800000000141154	4990.272	8.026185424225108	155.97589144997917	859.1057665305476	
4996.4552	0.022399999999834108	Ripples						0.022399999999834108	4996.464	6.543317622556056	157.80351900386626	775.0379712393752	
4996.9272	0.08240000000023429	Ripples						0.08240000000023429	4996.9952	10.485026410512894	149.7345946850836	963.2538832173271	
4997.0832	0.05040000000008149	Ripples						0.05040000000008149	4997.095200000001	15.223395383896039	156.4662246977334	1238.1763703006961	
5001.4752	0.03600000000005821	Ripples						0.03600000000005821	5001.4928	15.54078938416958	163.40533902269735	1391.7130077100956	
5003.0496	0.024800000000141154	Ripples						0.024800000000141154	5003.064	19.433614159316413	162.05630643988104	1300.6392325019694	
5008.7	0.02080000000023574	Ripples						0.02080000000023574	5008.7144	6.488052851519359	154.06200579921753	738.187620545321	
5009.0728	0.07440000000042346	Ripples						0.07440000000042346	5009.136	9.80363924347573	155.632310363541	1067.9310779520413	
5014.9744	0.04399999999986903	Ripples						0.04399999999986903	5014.9968	7.794753112291067	145.7652133226565	747.3730320101448	
5015.1592	0.02959999999984575	Ripples						0.02959999999984575	5015.1704	6.429170206450915	154.84010282467833	625.3683785669481	
5015.3704	0.020000000000436557	Ripples						0.020000000000436557	5015.3808	7.401708328209145	163.40240287799475	854.9846899587423	
5024.4088	0.028000000000247383	Ripples						0.028000000000247383	5024.42	8.743106045084298	154.62453497958452	884.6711326036377	
5024.4816	0.06000000000040018	Ripples						0.06000000000040018	5024.512000000001	14.218026435006088	155.44567930304038	1329.4405180162944	
5024.9592	0.06720000000041182	Ripples						0.06720000000041182	5024.9800000000005	14.550093549728935	161.18217803668182	1417.9021873266227	
5025.6016	0.06559999999990396	Ripples						0.06559999999990396	5025.648	9.441500183573067	159.0877446425157	1142.2738207199861	
5029.224	0.04719999999997526	Ripples						0.04719999999997526	5029.2576	12.340218180559042	149.35268671454494	1030.6802726905257	
5029.3696	0.05200000000058935	Ripples						0.05200000000058935	5029.388	22.97208416466645	151.9492567570038	1575.668584227246	
5045.984	0.03279999999995198	Ripples						0.03279999999995198	5045.9952	7.405766141095935	155.519503852975	831.2208922656331	
5046.228	0.035200000000259024	Ripples						0.035200000000259024	5046.2416	6.9488328152863135	156.48822474366818	828.3843371648999	
5046.692	0.0408000000006723	Ripples						0.0408000000006723	5046.7136	9.149392541379727	173.52328303381626	1073.6380388677085	
5046.9848	0.03120000000035361	Ripples						0.03120000000035361	5046.996	12.11450132339575	158.0306679992925	1122.3771626143216	
5048.338400000001	0.03999999999996362	Ripples						0.03999999999996362	5048.3536	6.717736912832525	148.99228935904443	830.9208680922063	
5048.4944000000005	0.023199999999633292	Ripples						0.023199999999633292	5048.5064	12.32488430273593	157.10695393089173	1042.3939710868342	
5051.604	0.04719999999997526	Ripples						0.04719999999997526	5051.6384	8.579249993004645	155.6455614606792	919.953095358618	
5051.979200000001	0.043199999999160354	Ripples						0.043199999999160354	5051.990400000001	7.5596901027154075	157.99462960200484	772.3902578732748	
5052.5128	0.03600000000005821	Ripples						0.03600000000005821	5052.52	8.84475404103621	155.87022750800503	766.5141087030419	
5052.7024	0.021600000000034925	Ripples						0.021600000000034925	5052.7168	5.2058793787598265	154.84740491937185	681.0876703199972	
5052.8424	0.03679999999985739	Ripples						0.03679999999985739	5052.8504	6.8332371297271735	155.80799142976971	791.649575476913	
5060.952	0.02080000000023574	Ripples						0.02080000000023574	5060.9664	9.587681949368687	161.55679873825855	829.116507380123	
5079.4448	0.044799999999668216	Ripples						0.044799999999668216	5079.472000000001	14.103447405452286	151.77800408613234	1044.4061713000035	
5081.1336	0.02400000000034197	Ripples						0.02400000000034197	5081.1448	8.89134902543753	158.42984821869902	799.36016931126	
5082.9544000000005	0.04399999999986903	Ripples						0.04399999999986903	5082.9816	8.490082523917973	152.4465026379475	858.6843835811059	
5084.2616	0.03840000000036525	Ripples						0.03840000000036525	5084.2896	11.813339904801511	157.74498575817077	1092.8394950692023	
5089.914400000001	0.0319999999992433	Ripples						0.0319999999992433	5089.932000000001	11.829322859465735	155.52621027992362	1075.4496385476816	
5092.983200000001	0.03519999999934953	Ripples						0.03519999999934953	5092.993600000001	9.266735954974454	158.0565245775698	933.9692971868282	
5098.320000000001	0.0455999999994674	Ripples						0.0455999999994674	5098.3352	10.53276642283725	156.801918282792	1193.8502986665872	
5114.8112	0.02639999999973952	Ripples						0.02639999999973952	5114.828	11.819194265887067	161.69749917147826	1082.1221100246034	
5121.276	0.028000000000247383	Ripples						0.028000000000247383	5121.287200000001	6.435517062198761	166.73868830166992	905.7366085697292	
5121.381600000001	0.0319999999992433	Ripples						0.0319999999992433	5121.396000000001	19.736948504278082	160.1884195133038	1326.7713484388848	
5123.196	0.026400000000649015	Ripples						0.026400000000649015	5123.2080000000005	13.00796505118403	156.0115944925662	1035.7465857906197	
5123.4112000000005	0.03839999999945576	Ripples						0.03839999999945576	5123.4352	8.245196448000062	157.90357931091262	1043.6816257964767	
5129.1944	0.06400000000030559	Ripples						0.06400000000030559	5129.2096	8.919815826372057	155.24838625284465	1051.8789449314959	
5136.1648000000005	0.058399999999892316	Ripples						0.058399999999892316	5136.188	11.333243153540716	152.1002655560184	962.3185868422856	
5136.3216	0.03840000000036525	Ripples						0.03840000000036525	5136.336	10.361810687772156	150.5658649667235	909.1367168839282	
5139.348800000001	0.021600000000034925	Ripples						0.021600000000034925	5139.3568000000005	7.5996530782414125	160.85598703377448	793.2642690876921	
5144.224	0.03840000000036525	Ripples						0.03840000000036525	5144.2448	7.731398133781793	146.0497191143426	731.1516816625714	
5144.5984	0.04719999999997526	Ripples						0.04719999999997526	5144.6184	17.610590971046054	153.52222232179446	1385.8506563125193	
5146.2832	0.022400000000743603	Ripples						0.022400000000743603	5146.292	7.225891292777678	161.73427628653505	822.550645180097	
5146.6432	0.02959999999984575	Ripples						0.02959999999984575	5146.6616	9.797497164341376	151.50041323371153	815.3022970228411	
5150.2232	0.03600000000005821	Ripples						0.03600000000005821	5150.2448	11.117224703621213	153.95968154193014	981.8994313323138	
5156.612	0.03679999999985739	Ripples						0.03679999999985739	5156.6288	9.112687417022782	164.98003845070033	1155.4136748598924	
5166.0256	0.028800000000046566	Ripples						0.028800000000046566	5166.0392	14.142888446007984	169.93110693725623	1245.5410993052667	
5166.787200000001	0.034399999999550346	Ripples						0.034399999999550346	5166.8048	17.749258511830515	164.53409105562605	1513.7158834355585	
5166.9168	0.052800000000388536	Ripples						0.052800000000388536	5166.9376	14.63768784834511	157.98719947033769	1128.8299845341455	
5170.914400000001	0.040799999999762804	Ripples						0.040799999999762804	5170.932000000001	17.626772598040553	157.9712650512297	1427.0072631650187	
5175.5904	0.03600000000005821	Ripples						0.03600000000005821	5175.6128	10.962684081404873	157.56802384897318	1150.426825415861	
5175.8544	0.04160000000047148	Ripples						0.04160000000047148	5175.8624	6.7759169381212265	157.97601324028517	702.8195251046053	
5180.838400000001	0.031199999999444117	Ripples						0.031199999999444117	5180.856000000001	12.764792266908016	160.84141831781193	1271.0567394432949	
5183.1336	0.04640000000017608	Ripples						0.04640000000017608	5183.148	8.59839344962722	155.49659370428594	911.8502282997468	
5187.9312	0.028800000000046566	Ripples						0.028800000000046566	5187.9424	10.972042372911211	163.75967935566072	1070.764938449535	
5189.156	0.028000000000247383	Ripples						0.028000000000247383	5189.171200000001	6.0653898554901575	156.65276127034073	696.96519508551	
5190.6648000000005	0.0543999999999869	Ripples						0.0543999999999869	5190.7016	6.556687026484016	151.16256983247237	646.8924731397575	
5191.4800000000005	0.028800000000046566	Ripples						0.028800000000046566	5191.4992	8.99478801888962	162.79470215704134	1016.1905907826714	
5191.8576	0.03600000000005821	Ripples						0.03600000000005821	5191.8728	6.01472320850138	150.46605293552415	732.8770852669496	
5198.2392	0.02959999999984575	Ripples						0.02959999999984575	5198.247200000001	5.896474291632316	151.54897522957674	744.5532325073973	
5203.8552	0.04719999999997526	Ripples						0.04719999999997526	5203.8848	16.233802851065455	151.10709799027865	1201.1256087676536	
5208.6144	0.035200000000259024	Ripples						0.035200000000259024	5208.636	14.055955222747086	155.79277932523505	1200.6132966401076	
5222.8968	0.028000000000247383	Ripples						0.028000000000247383	5222.9112000000005	9.490885206412512	159.1740219157128	1076.9478001463863	
5223.1952	0.05040000000008149	Ripples						0.05040000000008149	5223.2216	11.157724172344315	152.43640715922538	931.2271698177025	
5229.7496	0.02400000000034197	Ripples						0.02400000000034197	5229.764	9.254772250242466	163.69894618423868	940.8339333600613	
5243.5312	0.035200000000259024	Ripples						0.035200000000259024	5243.5464	9.912162130276066	152.2177478113201	1019.2351028162725	
5246.9328000000005	0.03359999999975116	Ripples						0.03359999999975116	5246.9448	5.729420934336701	150.01076424249072	702.8300261669489	
5256.367200000001	0.05199999999967986	Ripples						0.05199999999967986	5256.3912	16.296158295886432	148.57007401909019	1154.3067926577744	
5265.196	0.03440000000045984	Ripples						0.03440000000045984	5265.2168	9.998254140392483	157.6163413573733	1056.170099058196	
5265.9136	0.024800000000141154	Ripples						0.024800000000141154	5265.928	15.868388676426237	161.17576213494138	1242.0422051897076	
5267.728	0.03760000000056607	Ripples						0.03760000000056607	5267.736	5.802207259675897	152.39087942030235	667.7837536470497	
5267.8992	0.0543999999999869	Ripples						0.0543999999999869	5267.9472000000005	5.196519652791088	151.23519433247088	648.3312551810767	
5271.0	50.0	SleepStates											REM
5283.7072	0.03280000000086147	Ripples						0.03280000000086147	5283.7272	8.795059168102469	159.52228022522638	1071.233884871079	
5290.9744	0.03279999999995198	Ripples						0.03279999999995198	5290.9912	21.01176589073105	158.38292587148388	1560.7269068703677	
5296.348	0.0272000000004482	Ripples						0.0272000000004482	5296.3568000000005	5.798120882002389	147.29270172667083	591.9272963507134	
5299.2056	0.030399999999644933	Ripples						0.030399999999644933	5299.224	9.437224637058295	153.94762708439416	967.564195168577	
5322.0	35.0	SleepStates											Awake
5351.301600000001	0.0319999999992433	Ripples						0.0319999999992433	5351.3232	9.175923376856737	150.17886983453812	783.54653405555	
5353.6368	0.035200000000259024	Ripples						0.035200000000259024	5353.6552	15.8064921580149	154.91375237721115	1309.800101672035	
5358.0	86.0	SleepStates											Non-REM
5359.0424	0.051199999999880674	Ripples						0.051199999999880674	5359.0744	18.904391526009945	160.42034449128715	1636.9180823478473	
5359.729600000001	0.0319999999992433	Ripples						0.0319999999992433	5359.7480000000005	11.003186873870922	153.86890361429587	946.3531056612879	
5360.0536	0.021600000000034925	Ripples						0.021600000000034925	5360.0704000000005	5.899070860419319	161.7707400949426	707.4582933114133	
5361.9784	0.02080000000023574	Ripples						0.02080000000023574	5361.9888	6.714774572227692	165.14737613995993	844.9606738790294	
5365.9872000000005	0.032000000000152795	Ripples						0.032000000000152795	5366.0096	5.154286222022308	165.57951928512503	816.9018448773567	
5372.2992	0.03279999999995198	Ripples						0.03279999999995198	5372.316	14.34942382868483	166.06414458706874	1308.484494364622	
5372.4304	0.03840000000036525	Ripples						0.03840000000036525	5372.4416	12.11217050794184	156.1256203317952	1147.5383457761259	
5377.004800000001	0.020799999999326246	Ripples						0.020799999999326246	5377.0160000000005	6.4645199763997825	175.29687984616868	792.335803257896	
5381.595200000001	0.03919999999925494	Ripples						0.03919999999925494	5381.606400000001	10.654117325932337	157.69926125499927	1037.0050357289335	
5381.7504	0.029600000000755244	Ripples						0.029600000000755244	5381.7664	22.267559801139853	161.35723202024857	1529.280914927982	
5385.8664	0.06240000000070722	Ripples						0.06240000000070722	5385.88	7.446235933106485	146.29898285127837	686.8184629281687	
5386.3368	0.058399999999892316	Ripples						0.058399999999892316	5386.3544	14.767182831729729	156.18052707454726	1387.016506356642	
5390.979200000001	0.037599999999656575	Ripples						0.037599999999656575	5390.996	11.913253403558366	161.27606655000702	1238.4614005038181	
5391.1296	0.02959999999984575	Ripples						0.02959999999984575	5391.1432	20.542582646330974	159.97450076185814	1406.2380801678428	
5392.0832	0.024800000000141154	Ripples						0.024800000000141154	5392.0976	8.13511896991404	157.89138422260504	959.3077917796	
5401.732800000001	0.03359999999975116	Ripples						0.03359999999975116	5401.747200000001	9.236669807731001	166.5945800910176	1105.7812028919682	
5403.3256	0.03679999999985739	Ripples						0.03679999999985739	5403.34	8.639296328303304	162.00429480132016	1023.399972211042	
5406.222400000001	0.0543999999999869	Ripples						0.0543999999999869	5406.236800000001	5.54878516254822	155.2831280637546	752.9782290667443	
5406.5752	0.02400000000034197	Ripples						0.02400000000034197	5406.5888	9.855947974240543	164.69396359969215	1002.8213003545632	
5409.6032000000005	0.023999999999432475	Ripples						0.023999999999432475	5409.6144	8.100536347508363	159.57408407143822	920.369954834221	
5410.9768	0.02080000000023574	Ripples						0.02080000000023574	5410.9872000000005	5.699373413041821	162.00906300114477	766.5872069192458	
5411.033600000001	0.03599999999914871	Ripples						0.03599999999914871	5411.0616	5.582194043953415	150.99220540429124	667.3998451210415	
5411.312	0.029600000000755244	Ripples						0.029600000000755244	5411.327200000001	9.91427481452266	152.51851441200014	945.0770904038084	
5420.4256000000005	0.03600000000005821	Ripples						0.03600000000005821	5420.4472000000005	6.256038443165935	149.2540437113848	523.222302201593	
5424.3736	0.03120000000035361	Ripples						0.03120000000035361	5424.3872	8.958162731497541	159.19028873085568	1015.4956271662414	
5427.8696	0.03279999999995198	Ripples						0.03279999999995198	5427.8896	32.25091438610879	165.88780494267195	1819.5149798800317	
5432.2832	0.03760000000056607	Ripples						0.03760000000056607	5432.3	15.479090442542411	159.50951679094163	1358.2685784891926	
5436.8032	0.025599999999940337	Ripples						0.025599999999940337	5436.8144	6.336595529120607	151.15912972498668	699.039425454833	
5438.1720000000005	0.023999999999432475	Ripples						0.023999999999432475	5438.1832	9.436817938878026	164.19347678200307	1014.2744507441854	
5445.0	27.0	SleepStates											Awake
5473.0	366.0	SleepStates											Non-REM
5475.116	0.0272000000004482	Ripples						0.0272000000004482	5475.1328	7.443833309278556	160.1145085230342	924.0609352056938	
5475.72	0.024800000000141154	Ripples						0.024800000000141154	5475.7312	9.490625518841018	159.32552597619787	994.9309702521289	
5475.872	0.06000000000040018	Ripples						0.06000000000040018	5475.903200000001	14.478853703558801	149.56492441083117	1202.7245127553235	
5476.7408000000005	0.061599999999998545	Ripples						0.061599999999998545	5476.7888	11.781988686141712	160.0938551863896	1175.1695213569826	
5477.3352	0.02959999999984575	Ripples						0.02959999999984575	5477.3432	6.318214329533534	154.49306754880348	777.804999650486	
5480.8136	0.022399999999834108	Ripples						0.022399999999834108	5480.828	11.6196764705924	157.0901002390073	1002.1219380508616	
5482.3984	0.024800000000141154	Ripples						0.024800000000141154	5482.4096	7.893385992852843	159.7595479624097	890.1343879381856	
5482.5608	0.0272000000004482	Ripples						0.0272000000004482	5482.5744	7.555368334121982	153.77723318934065	859.8045030825509	
5489.1648000000005	0.040799999999762804	Ripples						0.040799999999762804	5489.176	5.63274760044255	162.6146407762156	756.4844696904147	
5493.5816	0.051199999999880674	Ripples						0.051199999999880674	5493.606400000001	9.177547379645285	149.67006419029212	924.4651501387178	
5496.2192000000005	0.03999999999996362	Ripples						0.03999999999996362	5496.2416	11.607388405095215	152.7007949867869	1031.0915753933348	
5502.360000000001	0.04879999999957363	Ripples						0.04879999999957363	5502.4016	7.038609237584011	152.23443947519806	642.2633932240674	
5509.3432	0.03279999999995198	Ripples						0.03279999999995198	5509.3616	19.68222242825364	153.7107028594117	1289.2146926270943	
5514.9096	0.035200000000259024	Ripples						0.035200000000259024	5514.9208	5.6510347593211785	149.31214312128787	735.8134341169741	
5518.3664	0.030400000000554428	Ripples						0.030400000000554428	5518.381600000001	13.984444354844351	166.16085742769243	1311.0040736846204	
5521.9696	0.03920000000016444	Ripples						0.03920000000016444	5521.9808	12.7299867603907	162.90121718218492	1140.4396438313563	
5523.2936	0.048800000000483124	Ripples						0.048800000000483124	5523.305600000001	7.2640096300331605	155.47537026367232	745.8976238565963	
5525.1048	0.08880000000044674	Ripples						0.08880000000044674	5525.1832	8.756662672488655	154.8561696247421	964.7185822685879	
5525.3288	0.03120000000035361	Ripples						0.03120000000035361	5525.345600000001	12.98859615726621	154.8557170825827	1126.9918437231127	
5527.044	0.025600000000849832	Ripples						0.025600000000849832	5527.0560000000005	5.027989145988902	150.96661516247408	700.0460477628604	
5528.363200000001	0.025599999999940337	Ripples						0.025599999999940337	5528.3752	6.465034539823027	152.4936526025508	680.3488707992523	
5534.196800000001	0.03359999999975116	Ripples						0.03359999999975116	5534.212	8.878056433462687	150.70510307170872	816.4250597065387	
5535.768	0.022399999999834108	Ripples						0.022399999999834108	5535.7824	8.274334089552092	156.19942070737085	806.727097665833	
5536.019200000001	0.04239999999936117	Ripples						0.04239999999936117	5536.030400000001	5.11999287417656	150.62384571013604	607.0530113417744	
5539.1	0.03679999999985739	Ripples						0.03679999999985739	5539.1104000000005	13.383836445992413	160.58061538787092	1126.3382236619384	
5542.7104	0.03600000000005821	Ripples						0.03600000000005821	5542.718400000001	5.495081891190835	159.11944655010004	679.0772864613576	
5553.492	0.020000000000436557	Ripples						0.020000000000436557	5553.504800000001	6.679231433277934	156.74587873897931	787.5785863511904	
5554.4592	0.03440000000045984	Ripples						0.03440000000045984	5554.4728000000005	10.30488253863698	160.34526169507478	1066.716923832441	
5559.5848000000005	0.04399999999986903	Ripples						0.04399999999986903	5559.6	6.966875439455878	152.95175719225935	687.8690875271194	
5561.2848	0.042400000000270666	Ripples						0.042400000000270666	5561.3104	15.147660108122619	150.51514214098484	1152.6301019330838	
5565.660800000001	0.04159999999956199	Ripples						0.04159999999956199	5565.6720000000005	6.682779225112639	153.17506180066096	794.4775413930386	
5577.932000000001	0.03839999999945576	Ripples						0.03839999999945576	5577.943200000001	5.467296080864151	162.28312786294765	669.2319908373692	
5579.0168	0.08079999999972642	Ripples						0.08079999999972642	5579.0792	17.89357930408781	149.9019649837533	1141.4949349955011	
5579.4944000000005	0.04959999999937281	Ripples						0.04959999999937281	5579.528	11.858529129359484	152.24029073358398	1099.627635229141	
5581.718400000001	0.025599999999940337	Ripples						0.025599999999940337	5581.7304	16.761378873310736	162.16513071151832	1293.8909944879238	
5582.211200000001	0.0319999999992433	Ripples						0.0319999999992433	5582.236800000001	6.038045079782031	155.71217387114163	784.1484505409609	
5582.3424	0.023199999999633292	Ripples						0.023199999999633292	5582.356000000001	6.766218321356834	162.57189984509748	893.6202721152521	
5597.4112000000005	0.044799999999668216	Ripples						0.044799999999668216	5597.4488	9.463682037309297	167.0033371032865	931.4463817849407	
5598.0112	0.0408000000006723	Ripples						0.0408000000006723	5598.0384	13.480527183777038	156.85649504054743	1133.4229830024005	
5603.0984	0.030400000000554428	Ripples						0.030400000000554428	5603.1144	5.53986405162735	146.8002283009543	594.3111172920409	
5608.2080000000005	0.028800000000046566	Ripples						0.028800000000046566	5608.2232	5.789332478662729	153.63730231967136	595.729409099551	
5615.033600000001	0.03600000000005821	Ripples						0.03600000000005821	5615.0584	14.480601766205309	155.48379006656893	1087.8520411824584	
5630.3144	0.025599999999940337	Ripples						0.025599999999940337	5630.3232	6.519222006067378	157.35962461265416	802.049450994129	
5630.9544000000005	0.032000000000152795	Ripples						0.032000000000152795	5630.976000000001	7.447086654584048	163.48988160670393	907.9636494501111	
5631.8448	0.040000000000873115	Ripples						0.040000000000873115	5631.856000000001	6.895346309357477	148.77201261677902	821.6489357888996	
5631.9264	0.03679999999985739	Ripples						0.03679999999985739	5631.9408	11.94467508103492	161.97238686409088	1174.0281782218733	
5637.8048	0.032000000000152795	Ripples						0.032000000000152795	5637.816000000001	5.721119581342538	155.14115113806838	717.8288604812386	
5638.5704000000005	0.03839999999945576	Ripples						0.03839999999945576	5638.588000000001	8.536905872203418	149.03042431164113	868.0213738998491	
5642.099200000001	0.022399999999834108	Ripples						0.022399999999834108	5642.1112	9.075132605854472	158.10777804471334	842.0000501947618	
5642.2104	0.03279999999995198	Ripples						0.03279999999995198	5642.2304	21.28987255835875	162.2666780821215	1496.4655428479014	
5643.099200000001	0.025599999999940337	Ripples						0.025599999999940337	5643.1144	7.644542388997642	151.09709495427458	764.8803076614927	
5643.3448	0.03600000000005821	Ripples						0.03600000000005821	5643.3624	5.227808702940269	145.79728143653557	623.6419736247512	
5656.388800000001	0.09519999999974971	Ripples						0.09519999999974971	5656.432000000001	6.4594244964628125	147.43303938979494	752.4338881081815	
5656.5848000000005	0.027999999999337888	Ripples						0.027999999999337888	5656.599200000001	11.780181957362156	156.11934960458157	1074.988913787477	
5664.0160000000005	0.04399999999986903	Ripples						0.04399999999986903	5664.0416000000005	8.557545520166707	147.944330195719	793.6606608703071	
5664.135200000001	0.03519999999934953	Ripples						0.03519999999934953	5664.1488	13.678803020592065	153.26808913465803	1134.5916381925215	
5711.0368	0.026400000000649015	Ripples						0.026400000000649015	5711.0488000000005	8.771590140088257	163.90230124488372	1027.2936350531074	
5713.54	0.07440000000042346	Ripples						0.07440000000042346	5713.5648	10.287561278634193	157.67156807996204	1097.164724644844	
5723.073600000001	0.021600000000034925	Ripples						0.021600000000034925	5723.0856	9.94459381570386	163.2418344213714	991.3309031570969	
5723.9192	0.032000000000152795	Ripples						0.032000000000152795	5723.9328000000005	15.440425187393316	164.3169321177767	1323.4212727066651	
5726.827200000001	0.021600000000034925	Ripples						0.021600000000034925	5726.838400000001	6.30065785188376	154.2959793364125	672.1774199216787	
5733.5032	0.03279999999995198	Ripples						0.03279999999995198	5733.528	5.833248634666879	150.46117412309817	702.7962762910524	
5733.7864	0.032000000000152795	Ripples						0.032000000000152795	5733.8112	5.558752409164525	154.5128690572494	660.5043196599543	
5733.9624	0.06319999999959691	Ripples						0.06319999999959691	5734.0160000000005	8.28215386191343	152.67324810114172	806.2132697392584	
5740.3312000000005	0.030399999999644933	Ripples						0.030399999999644933	5740.3448	10.900398849039313	165.6788323535069	1150.8872072424012	
5743.772	0.025599999999940337	Ripples						0.025599999999940337	5743.7832	7.070396097268523	156.62016056653624	859.7069957819643	
5745.6376	0.025599999999940337	Ripples						0.025599999999940337	5745.6528	5.888509574774776	155.267835360972	716.2162727552368	
5747.7568	0.04320000000006985	Ripples						0.04320000000006985	5747.7736	9.288705451577538	159.98241530655633	1038.901816874439	
5753.182400000001	0.028800000000046566	Ripples						0.028800000000046566	5753.1976	6.991066028420559	149.93025383230278	787.6921618385259	
5760.2496	0.04160000000047148	Ripples						0.04160000000047148	5760.268	8.626103238068486	151.46344398252816	866.1927876384825	
5760.6016	0.028000000000247383	Ripples						0.028000000000247383	5760.6192	8.627190785552584	153.56382349881872	919.817372684624	
5775.3064	0.028000000000247383	Ripples						0.028000000000247383	5775.327200000001	5.459874393143141	151.6045189678844	655.5729810892184	
5781.2192000000005	0.0727999999999156	Ripples						0.0727999999999156	5781.2696000000005	16.547092482067807	153.95496531891948	1434.1490700559082	
5783.1048	0.04640000000017608	Ripples						0.04640000000017608	5783.1216	11.62525924617508	160.0568405414251	1202.4674825945422	
5788.7432	0.03360000000066066	Ripples						0.03360000000066066	5788.7608	12.640586128842713	160.6858245549476	1259.212794114038	
5790.6736	0.05040000000008149	Ripples						0.05040000000008149	5790.7136	6.744576736059354	149.73886809269405	977.9535919551332	
5791.2008000000005	0.027199999999538704	Ripples						0.027199999999538704	5791.2144	10.161905427013682	165.4108259873863	1054.8022214643424	
5793.7888	0.05760000000009313	Ripples						0.05760000000009313	5793.8216	7.034662757871339	151.7450161410111	910.012024529187	
5798.450400000001	0.0455999999994674	Ripples						0.0455999999994674	5798.4664	11.527668781917933	160.8610809571387	1195.5837210253317	
5800.336	0.03679999999985739	Ripples						0.03679999999985739	5800.3472	8.017731014668357	155.54532856033282	831.0974405275987	
5804.4368	0.03999999999996362	Ripples						0.03999999999996362	5804.4536	11.983884865113438	155.008100854437	1115.527821091323	
5814.46	0.024800000000141154	Ripples						0.024800000000141154	5814.4744	8.02564355606576	158.01798025218972	886.596699190705	
5825.4048	0.03840000000036525	Ripples						0.03840000000036525	5825.4296	8.033465219770296	149.19509784150867	841.6228212900048	
5834.066400000001	0.03600000000005821	Ripples						0.03600000000005821	5834.092000000001	5.1395594787449195	149.19382756770148	532.2404231488989	
5840.0	33.0	SleepStates											REM
5874.0	33.0	SleepStates											Awake
5880.9624	0.024800000000141154	Ripples						0.024800000000141154	5880.9800000000005	6.5116437952094515	155.29296794848088	774.0464439243472	
5907.4856	0.03600000000005821	Ripples						0.03600000000005821	5907.5064	11.492244744263937	153.6921430098399	1031.030741946418	
5908.0	217.0	SleepStates											Non-REM
5911.4008	0.02400000000034197	Ripples						0.02400000000034197	5911.414400000001	8.532110236209299	165.77279006988078	970.6715217785764	
5912.330400000001	0.053599999999278225	Ripples						0.053599999999278225	5912.367200000001	18.542471080166944	149.42219524761975	1311.3852831572783	
5913.0824	0.040799999999762804	Ripples						0.040799999999762804	5913.113600000001	12.097425025126714	152.12259485671308	1097.6685190927888	
5916.004800000001	0.053599999999278225	Ripples						0.053599999999278225	5916.0512	10.291553188891424	156.91625271307277	964.9351540369781	
5918.684	0.022399999999834108	Ripples						0.022399999999834108	5918.692	6.893529125286791	153.80076616422048	678.2048557967395	
5922.1176000000005	0.023999999999432475	Ripples						0.023999999999432475	5922.128000000001	11.220503143940679	159.65909838098554	1045.886551501728	
5933.8976	0.06639999999970314	Ripples						0.06639999999970314	5933.9472000000005	9.206563267907024	150.8690073235892	1010.0069756389775	
5934.2952000000005	0.040799999999762804	Ripples						0.040799999999762804	5934.3	5.560149394291468	154.25660263477369	661.6323603515244	
5935.0032	0.040799999999762804	Ripples						0.040799999999762804	5935.0112	5.638666358384604	156.26420569589627	638.6792247994946	
5935.0872	0.05360000000018772	Ripples						0.05360000000018772	5935.1296	8.173717804737603	148.6931250722908	905.9592632481789	
5935.254400000001	0.027999999999337888	Ripples						0.027999999999337888	5935.268800000001	15.872366880887341	158.84928870426177	1231.2655523072217	
5941.3824	0.044799999999668216	Ripples						0.044799999999668216	5941.396000000001	8.278345331436208	159.77446547189928	1057.7118142436325	
5941.5392	0.023200000000542786	Ripples						0.023200000000542786	5941.5496	8.306553923179573	160.38155930357837	945.927927874379	
5951.2576	0.045600000000376895	Ripples						0.045600000000376895	5951.268800000001	7.970935673108085	157.00984487174114	982.7642243868144	
5956.0816	0.047999999999774445	Ripples						0.047999999999774445	5956.106400000001	12.73754548733504	155.34434148568837	1209.2139431042826	
5956.6672	0.02400000000034197	Ripples						0.02400000000034197	5956.6816	11.383664053505507	164.2747450825882	1038.9815912220818	
5965.328	0.035200000000259024	Ripples						0.035200000000259024	5965.3392	6.871179682250472	155.89177751078725	886.4223534896095	
5971.456	0.03679999999985739	Ripples						0.03679999999985739	5971.4704	19.481139648719825	158.92066227011483	1459.008123372718	
5971.5912	0.026400000000649015	Ripples						0.026400000000649015	5971.602400000001	8.04866871470605	162.77587967231298	982.5191222717965	
5977.892000000001	0.02159999999912543	Ripples						0.02159999999912543	5977.900000000001	10.440601925559305	158.94429270034252	930.5619303203875	
5990.968	0.04480000000057771	Ripples						0.04480000000057771	5990.9896	15.685436791729074	156.17096010693638	1205.608437460076	
5991.6632	0.02080000000023574	Ripples						0.02080000000023574	5991.6744	9.284210144865941	160.32694826895667	914.2955119847123	
5994.8592	0.02400000000034197	Ripples						0.02400000000034197	5994.8736	5.32836713591911	162.67146017142218	819.5939498339411	
5999.1272	0.028000000000247383	Ripples						0.028000000000247383	5999.1448	12.317487526569629	160.3213153633632	1170.4266197354793	
5999.812	0.029600000000755244	Ripples						0.029600000000755244	5999.827200000001	5.321744871060243	150.73472029784958	601.889550899594	
6000.062400000001	0.03359999999975116	Ripples						0.03359999999975116	6000.0792	12.271550435757149	158.79026539144516	1196.0936612377598	
6000.6144	0.03839999999945576	Ripples						0.03839999999945576	6000.631200000001	10.68819528909539	167.2130208890749	1148.0202079049568	
6000.7624000000005	0.02639999999973952	Ripples						0.02639999999973952	6000.7808	5.3969775962882816	150.75759134497133	594.6447188489002	
6003.682400000001	0.0591999999996915	Ripples						0.0591999999996915	6003.7008000000005	13.870841277175922	153.2071313953352	1195.3197801959484	
6014.2168	0.0591999999996915	Ripples						0.0591999999996915	6014.232800000001	12.353289382253124	171.6336896278112	1137.890125916573	
6023.222400000001	0.030399999999644933	Ripples						0.030399999999644933	6023.236	18.517474884951064	161.45632349559085	1415.7877301097938	
6024.8752	0.024800000000141154	Ripples						0.024800000000141154	6024.8856000000005	6.765149699040111	159.62330955088262	762.0974609875575	
6024.9368	0.032000000000152795	Ripples						0.032000000000152795	6024.9552	8.59737316995679	155.08619825645184	943.1821301481754	
6035.0504	0.03440000000045984	Ripples						0.03440000000045984	6035.059200000001	8.733081781493778	155.35661207261225	793.5947984874581	
6035.2136	0.032000000000152795	Ripples						0.032000000000152795	6035.232	7.928344859796251	149.60738584604653	842.4443923430562	
6038.2848	0.030399999999644933	Ripples						0.030399999999644933	6038.2976	10.420772088653298	150.8294674945844	868.3454672586372	
6038.9192	0.028800000000046566	Ripples						0.028800000000046566	6038.9344	5.670050646420281	147.32736497377348	566.8124229728463	
6050.216	0.040799999999762804	Ripples						0.040799999999762804	6050.2416	10.025001806412405	146.13339161826696	771.7752262513295	
6050.404	0.051199999999880674	Ripples						0.051199999999880674	6050.4296	8.163463907968335	149.7493715651618	885.4976794276961	
6053.225600000001	0.034399999999550346	Ripples						0.034399999999550346	6053.2480000000005	9.938631684099374	157.54113877716304	1063.0938012600352	
6053.2992	0.044799999999668216	Ripples						0.044799999999668216	6053.3104	7.333501810835852	161.02118852875083	946.4772809197773	
6056.1104000000005	0.03279999999995198	Ripples						0.03279999999995198	6056.1288	12.317437656147384	164.81135395574717	1245.709130233677	
6059.0112	0.04320000000006985	Ripples						0.04320000000006985	6059.0432	17.62874112107183	153.50026849964104	1195.5650688100216	
6059.16	0.045600000000376895	Ripples						0.045600000000376895	6059.1744	12.33406803362582	149.3268492224021	1047.9347357875006	
6071.609600000001	0.03839999999945576	Ripples						0.03839999999945576	6071.6264	13.722203936172559	154.61569912641042	1058.0510617371872	
6073.0584	0.04160000000047148	Ripples						0.04160000000047148	6073.08	19.046120207910977	154.0372318175879	1381.6647871188925	
6092.798400000001	0.027199999999538704	Ripples						0.027199999999538704	6092.812800000001	6.699015234298905	163.6939297083566	881.8596510478149	
6098.3736	0.03920000000016444	Ripples						0.03920000000016444	6098.388	10.952323019454424	172.0819786912841	1101.0215029538153	
6098.8064	0.02639999999973952	Ripples						0.02639999999973952	6098.8168000000005	13.211512692421262	161.7213698155196	1104.2125155589467	
6104.7056	0.02639999999973952	Ripples						0.02639999999973952	6104.7144	6.549804061658519	152.61178936769178	722.5851456054589	
6105.4632	0.035200000000259024	Ripples						0.035200000000259024	6105.4816	14.975851911813223	160.24869735731335	1232.5478114636232	
6107.5648	0.032000000000152795	Ripples						0.032000000000152795	6107.5864	5.173889815347687	148.9216999913204	711.766983290616	
6115.0232000000005	0.031199999999444117	Ripples						0.031199999999444117	6115.048000000001	6.1781137766798215	155.19265862888648	763.8940829204976	
6115.192	0.02080000000023574	Ripples						0.02080000000023574	6115.2056	7.848734755469755	165.62315345506073	838.0450006674635	
6115.5888	0.03999999999996362	Ripples						0.03999999999996362	6115.6224	5.179716913379091	156.53115364246992	724.4979942324161	
6126.0	874.0	SleepStates											Awake
6182.004	0.032000000000152795	Ripples						0.032000000000152795	6182.0184	7.488254483335707	151.48047416077486	855.0438744784163	
6186.924	0.03600000000005821	Ripples						0.03600000000005821	6186.943200000001	15.677960044870828	166.9493443482979	1422.489594266316	
6187.5848000000005	0.028800000000046566	Ripples						0.028800000000046566	6187.6	12.978011844132038	157.79049904536393	1169.0450591701924	
6205.8904	0.03359999999975116	Ripples						0.03359999999975116	6205.910400000001	7.63947629012696	160.99866404251117	911.2895001643101	
6215.684	0.04399999999986903	Ripples						0.04399999999986903	6215.6984	11.399686987336466	162.03896064235317	1182.824146829798	
6252.2784	0.021600000000034925	Ripples						0.021600000000034925	6252.287200000001	6.953707307085039	164.65168336934067	871.1003108068078	
6402.334400000001	0.0727999999999156	Ripples						0.0727999999999156	6402.3512	13.814035153678931	165.91006892478288	1298.4223222968799	
6467.7632	0.05360000000018772	Ripples						0.05360000000018772	6467.8024000000005	12.304798070126402	153.4317374156493	1125.6385853239528	
6467.9512	0.023999999999432475	Ripples						0.023999999999432475	6467.9656	8.67573534953639	162.32842576032814	964.5306594147925	
6472.0728	0.028000000000247383	Ripples						0.028000000000247383	6472.080800000001	6.892353868994424	155.72161123737126	891.2134221885061	
6473.8792	0.04719999999997526	Ripples						0.04719999999997526	6473.8904	10.278789950399968	158.6133229339436	971.2709773771064	
6474.3584	0.028000000000247383	Ripples						0.028000000000247383	6474.3728	11.828543439327987	159.06321319471783	1133.3143495229058	
6476.0128	0.031199999999444117	Ripples						0.031199999999444117	6476.026400000001	9.8289974012119	162.81534437842396	1017.6568411303739	
6527.496	0.028000000000247383	Ripples						0.028000000000247383	6527.5136	8.727481730007328	156.3566961702432	897.8866894997328	
6527.783200000001	0.023999999999432475	Ripples						0.023999999999432475	6527.7928	8.21822191895078	156.9576539700808	947.5726924499196	
6536.7192000000005	0.07920000000012806	Ripples						0.07920000000012806	6536.784000000001	8.188171820313471	159.47148810449124	963.9553925372609	
6543.9552	0.04879999999957363	Ripples						0.04879999999957363	6543.9800000000005	10.497326195904263	150.64475268819712	1063.747616960014	
6549.215200000001	0.03679999999985739	Ripples						0.03679999999985739	6549.2384	6.468256909728143	154.08622578554818	834.8740853421342	
6549.4192	0.03359999999975116	Ripples						0.03359999999975116	6549.439200000001	11.781747238629292	161.9667668376592	1224.2610534255598	
6549.4992	0.047999999999774445	Ripples						0.047999999999774445	6549.5312	12.066918777384485	158.20463818317498	1273.3503352599341	
6553.3696	0.03840000000036525	Ripples						0.03840000000036525	6553.3808	9.119628811532563	158.3901433929618	1001.414467102839	
6555.9048	0.044799999999668216	Ripples						0.044799999999668216	6555.9400000000005	9.860462640552557	166.8663149559427	957.9459060256381	
6556.5536	0.035200000000259024	Ripples						0.035200000000259024	6556.5752	11.614421372777722	165.89098982593933	1145.23640808287	
6556.765600000001	0.030399999999644933	Ripples						0.030399999999644933	6556.784000000001	9.83467623896407	173.3543855586533	966.0287660675085	
6556.8808	0.05680000000029395	Ripples						0.05680000000029395	6556.907200000001	14.194130076174819	151.38354082996312	1308.9159309841841	
6557.9984	0.03279999999995198	Ripples						0.03279999999995198	6558.0184	15.28689157837462	165.9853986984106	1342.2630221219995	
6559.533600000001	0.056799999999384454	Ripples						0.056799999999384454	6559.559200000001	8.219563097955016	155.02383860089896	1002.4555781943444	
6572.1744	0.06880000000001019	Ripples						0.06880000000001019	6572.2128	6.886805650491399	150.47923093546297	832.9822338318475	
6575.1272	0.04320000000006985	Ripples						0.04320000000006985	6575.1416	5.640574303438141	159.18981432207383	877.3860517801751	
6589.2304	0.028000000000247383	Ripples						0.028000000000247383	6589.2416	10.774732472899098	163.30773229549692	1086.9823269480182	
6590.5584	0.052800000000388536	Ripples						0.052800000000388536	6590.5792	13.668788157961627	151.35567516262205	1203.8070092864962	
6601.488	0.021600000000034925	Ripples						0.021600000000034925	6601.4992	6.149790216836881	165.57245647598518	848.9874175866083	
6639.1072	0.027199999999538704	Ripples						0.027199999999538704	6639.1192	11.033209145635942	161.33564347907262	1121.1005499306534	
6641.3824	0.0727999999999156	Ripples						0.0727999999999156	6641.4448	8.495606937565276	158.8635079793553	1047.4813732459797	
6642.2672	0.023200000000542786	Ripples						0.023200000000542786	6642.280000000001	7.622274589474906	159.1928218924333	880.4480932914056	
6643.1128	0.024800000000141154	Ripples						0.024800000000141154	6643.12	5.493429931509052	160.35750171223572	695.7325119910198	
6644.1768	0.022399999999834108	Ripples						0.022399999999834108	6644.188	5.813681381277794	154.4664360364666	714.451820374431	
6644.2928	0.040799999999762804	Ripples						0.040799999999762804	6644.3096000000005	12.782062695408557	152.2732805250497	1139.5237031886422	
6646.1664	0.051199999999880674	Ripples						0.051199999999880674	6646.18	10.62539464714229	167.75469135534993	1119.320889676749	
6662.0560000000005	0.03600000000005821	Ripples						0.03600000000005821	6662.069600000001	9.196520995827074	161.5996483380918	1103.456651270346	
6670.3856000000005	0.028000000000247383	Ripples						0.028000000000247383	6670.400000000001	17.72507160891775	162.37185167471293	1401.0530467797146	
6674.5024	0.03120000000035361	Ripples						0.03120000000035361	6674.52	7.267788874509547	157.28369489558938	952.4285898093885	
6681.5816	0.02080000000023574	Ripples						0.02080000000023574	6681.595200000001	6.3527551215835505	155.9054088044934	751.0763760256882	
6696.921600000001	0.032000000000152795	Ripples						0.032000000000152795	6696.9376	10.705328638801959	165.9496875052568	1161.302609139119	
6697.9304	0.0272000000004482	Ripples						0.0272000000004482	6697.944	10.097155536765763	160.19042341504655	1086.597114341781	
6703.102400000001	0.03999999999996362	Ripples						0.03999999999996362	6703.1344	6.55380105737835	164.16814538330703	760.6779053067995	
6703.5160000000005	0.030399999999644933	Ripples						0.030399999999644933	6703.5288	12.641609912840776	160.35142996927465	1154.6991532844963	
6703.598400000001	0.03839999999945576	Ripples						0.03839999999945576	6703.6152	15.111444139958738	171.2825869859977	1338.6854603467764	
6839.5896	0.058399999999892316	Ripples						0.058399999999892316	6839.604	14.246156403938642	158.94179965269072	1239.0895894604116	
6856.5712	0.07359999999971478	Ripples						0.07359999999971478	6856.6288	10.650129619937568	159.44951760707127	1140.8042796751408	
6859.4696	0.15599999999994907	Ripples						0.15599999999994907	6859.572	19.572439995953594	151.7056578799758	1445.676974085795	
6868.443200000001	0.03679999999985739	Ripples						0.03679999999985739	6868.464	15.70033994516214	162.38054337932212	1424.8626918832674	
6872.080800000001	0.03600000000005821	Ripples						0.03600000000005821	6872.095200000001	15.599471384703117	163.62886883948318	1389.694749138927	
6877.456	0.042400000000270666	Ripples						0.042400000000270666	6877.4712	13.0882535626746	156.56566514842712	1217.5217557820827	
6878.7856	0.03760000000056607	Ripples						0.03760000000056607	6878.8152	7.863150750649571	152.1026001923491	784.3531338742163	
6881.667200000001	0.0319999999992433	Ripples						0.0319999999992433	6881.6832	8.516945623331017	163.80341672906502	1044.4372519157132	
6884.156	0.03279999999995198	Ripples						0.03279999999995198	6884.1768	12.481416904104787	168.0493281219592	1187.2478213105298	
6886.910400000001	0.04719999999997526	Ripples						0.04719999999997526	6886.950400000001	11.528762656462815	159.11599967976838	1000.7407649062316	
6894.524	0.06880000000001019	Ripples						0.06880000000001019	6894.5712	13.707712119290173	153.65082114353004	1271.5083142198703	
6894.6776	0.0408000000006723	Ripples						0.0408000000006723	6894.6944	16.38550275511892	155.7802486035588	1234.2412728505224	
6895.3104	0.028800000000046566	Ripples						0.028800000000046566	6895.3256	16.536283215205874	162.6873490144737	1374.215304326218	
6897.1504	0.024800000000141154	Ripples						0.024800000000141154	6897.1624	10.169685249617354	162.88354788448632	1106.3877862254146	
6898.3936	0.02639999999973952	Ripples						0.02639999999973952	6898.4048	8.482204762879887	173.80818792959641	917.5278489505508	
6906.3240000000005	0.040799999999762804	Ripples						0.040799999999762804	6906.344800000001	7.316599078705045	157.23998652448608	975.3033527342144	
6916.116800000001	0.02639999999973952	Ripples						0.02639999999973952	6916.1304	9.227210516555443	162.2156563050885	1026.0571559390676	
6918.595200000001	0.02959999999984575	Ripples						0.02959999999984575	6918.6088	14.856304565607147	166.83479064021796	1312.2237827110462	
6918.9664	0.023199999999633292	Ripples						0.023199999999633292	6918.982400000001	6.406899912893779	173.5516096738531	707.6585859031734	
6920.0144	0.03279999999995198	Ripples						0.03279999999995198	6920.033600000001	6.232253991646557	167.89334554627166	924.7997283893309	
6922.5832	0.032000000000152795	Ripples						0.032000000000152795	6922.6032000000005	6.550591516028325	168.03516081551317	845.6824945400932	
6922.644	0.06239999999979773	Ripples						0.06239999999979773	6922.696	9.285277587213686	155.93532636268975	1033.650937178595	
6925.7344	0.020000000000436557	Ripples						0.020000000000436557	6925.747200000001	7.602372551427838	161.81413469538975	865.9808227232314	
6930.059200000001	0.09679999999934807	Ripples						0.09679999999934807	6930.104	11.847769982007568	161.34916276613313	1170.435431236953	
6935.388800000001	0.032000000000152795	Ripples						0.032000000000152795	6935.4048	9.775837978856366	165.1185410837911	1156.8985194487143	
6942.54	0.024800000000141154	Ripples						0.024800000000141154	6942.5488000000005	6.921985642795022	164.55752814380924	854.8135849810388	
6942.6944	0.04160000000047148	Ripples						0.04160000000047148	6942.7088	7.905890121368567	158.97096274840837	907.7989637022451	
6943.2376	0.03359999999975116	Ripples						0.03359999999975116	6943.2624000000005	7.6222379624415275	170.720962804857	844.33139526484	
6944.8616	0.028800000000046566	Ripples						0.028800000000046566	6944.88	5.000553516024584	149.12406861730963	670.7822992807094	
6945.8608	0.1048000000000684	Ripples						0.1048000000000684	6945.9152	8.155927980272507	153.30744516677646	950.4143483142776	
6951.638400000001	0.03279999999995198	Ripples						0.03279999999995198	6951.649600000001	12.943721466667599	155.5317166374911	1070.8423557696744	
6951.791200000001	0.04399999999986903	Ripples						0.04399999999986903	6951.812	19.41229785209944	163.42145446386343	1545.2350565250733	
6956.258400000001	0.03279999999995198	Ripples						0.03279999999995198	6956.2776	16.709839663776673	164.42289417255404	1375.1731402189525	
6957.7128	0.02400000000034197	Ripples						0.02400000000034197	6957.7272	11.352766012798451	160.5015640635046	1070.5955013283442	
6958.200000000001	0.028800000000046566	Ripples						0.028800000000046566	6958.221600000001	5.529206948654787	174.58687349584554	694.4058653603748	
6964.0256	0.04400000000077853	Ripples						0.04400000000077853	6964.0416000000005	14.551137136959374	153.8605529187375	1233.8213822363177	
6964.2008000000005	0.03920000000016444	Ripples						0.03920000000016444	6964.2168	12.432001152585588	161.29802065008153	1339.0985355974053	
6973.6176000000005	0.03359999999975116	Ripples						0.03359999999975116	6973.638400000001	10.567249495347134	169.0896492688021	1039.711821069119	
6978.5160000000005	0.05279999999947904	Ripples						0.05279999999947904	6978.5496	11.908238549876529	163.05565627486047	1268.6889277075215	
6982.407200000001	0.03519999999934953	Ripples						0.03519999999934953	6982.420800000001	8.773135652256192	152.63094989790022	897.4918303552131	
6984.8248	0.03840000000036525	Ripples						0.03840000000036525	6984.838400000001	8.834894096835423	165.53525562387773	1057.0362686349033	
6988.8984	0.028800000000046566	Ripples						0.028800000000046566	6988.916	7.52807303422268	159.88410821816154	999.7468480861713	
6994.2792	0.06400000000030559	Ripples						0.06400000000030559	6994.2936	12.158588307121546	156.4433247390654	1073.6306898470305	
6995.029600000001	0.023199999999633292	Ripples						0.023199999999633292	6995.0416000000005	6.0321105023855575	158.39809767745774	731.4594166762444	
6999.2344	0.048800000000483124	Ripples						0.048800000000483124	6999.2632	12.971640550000387	148.97759076007858	1162.1160456198284	
6999.4016	0.035200000000259024	Ripples						0.035200000000259024	6999.4128	11.100566076802592	157.47808450142338	1008.8611997400094	
6999.5560000000005	0.0543999999999869	Ripples						0.0543999999999869	6999.5928	13.730463504858808	155.8881925137635	1239.6529166093947	
7001.0	548.0	SleepStates											Non-REM
7001.8296	0.04960000000028231	Ripples						0.04960000000028231	7001.8472	16.139740098674686	160.78109452088134	1428.486197370556	
7001.968800000001	0.04239999999936117	Ripples						0.04239999999936117	7001.9848	21.09782015343892	175.71650765494888	1305.5060595909515	
7002.3664	0.03440000000045984	Ripples						0.03440000000045984	7002.3872	6.717431767383632	153.8057460423039	882.3647340810195	
7002.4224	0.05360000000018772	Ripples						0.05360000000018772	7002.4568	12.950970666971198	159.2531473535102	1303.8966457347624	
7007.5584	0.042400000000270666	Ripples						0.042400000000270666	7007.5752	17.069801373724257	156.94701941149003	1408.9614054332678	
7007.6776	0.0272000000004482	Ripples						0.0272000000004482	7007.6888	15.503777505283969	165.23060433859342	1226.7875232253714	
7010.1776	0.028800000000046566	Ripples						0.028800000000046566	7010.1912	5.594074703166522	175.20285386152494	749.88565728052	
7010.986400000001	0.02959999999984575	Ripples						0.02959999999984575	7011.0032	8.356464909368665	169.72816718338822	965.647795323982	
7011.528	0.024800000000141154	Ripples						0.024800000000141154	7011.5432	6.142286026421699	154.8977843331046	833.416911968742	
7013.5776000000005	0.05519999999978609	Ripples						0.05519999999978609	7013.602400000001	12.522856299005745	157.35454273347932	1330.5998939671756	
7015.7336000000005	0.05199999999967986	Ripples						0.05199999999967986	7015.747200000001	10.479784613340252	165.0122164340611	1065.7696909080164	
7016.4368	0.02400000000034197	Ripples						0.02400000000034197	7016.450400000001	9.647815325999854	159.70467966617136	975.8208787567023	
7019.5032	0.024800000000141154	Ripples						0.024800000000141154	7019.5168	16.19085575227142	163.04359468401597	1290.3119942961612	
7020.412	0.04160000000047148	Ripples						0.04160000000047148	7020.444	12.775132381613531	154.52704173683688	1170.7101379663984	
7020.979200000001	0.0319999999992433	Ripples						0.0319999999992433	7021.000800000001	8.476227127165846	153.5625021745437	762.709877699286	
7034.374400000001	0.030399999999644933	Ripples						0.030399999999644933	7034.3904	12.229991038192654	164.35528310007302	1178.0572849562543	
7035.152	0.042400000000270666	Ripples						0.042400000000270666	7035.182400000001	13.328296143688952	173.45924963374807	1156.7391707265892	
7035.3296	0.029600000000755244	Ripples						0.029600000000755244	7035.341600000001	9.297085187221645	154.39792033623803	978.3262059018776	
7035.6256	0.04399999999986903	Ripples						0.04399999999986903	7035.653600000001	11.080565530547549	158.01685022496102	1141.8449477905508	
7035.7504	0.05680000000029395	Ripples						0.05680000000029395	7035.7712	8.404385721409373	149.24915396038682	850.4142735198459	
7035.914400000001	0.04719999999997526	Ripples						0.04719999999997526	7035.9344	16.910098461985854	155.81598481142245	1391.5695990463432	
7037.323200000001	0.02479999999923166	Ripples						0.02479999999923166	7037.334400000001	10.766501254819326	161.78884007529683	1067.0224945625696	
7038.917600000001	0.034399999999550346	Ripples						0.034399999999550346	7038.9312	9.937973275474118	159.29108238148189	1064.589220201097	
7041.6144	0.03120000000035361	Ripples						0.03120000000035361	7041.628000000001	11.259876940082972	156.77520923517002	1056.2922918576728	
7041.714400000001	0.027999999999337888	Ripples						0.027999999999337888	7041.732	8.80361043093869	153.10262769107712	869.5652149568641	
7042.4968	0.05680000000029395	Ripples						0.05680000000029395	7042.5144	9.718929945650917	156.64083400553974	1035.2510490429206	
7043.9704	0.04480000000057771	Ripples						0.04480000000057771	7043.9952	10.218312125616706	163.5682687905298	1231.0957100839498	
7045.2568	0.024800000000141154	Ripples						0.024800000000141154	7045.2712	8.97746772394562	159.5076720432613	871.841905558282	
7048.604	0.0272000000004482	Ripples						0.0272000000004482	7048.620800000001	10.090544821306327	164.41509440895734	1058.0112360319645	
7049.580800000001	0.056799999999384454	Ripples						0.056799999999384454	7049.6032000000005	14.62314024530642	162.3536925873801	1275.3506515307572	
7051.3368	0.042400000000270666	Ripples						0.042400000000270666	7051.3608	16.492181151880445	164.24911593951737	1421.1104677818773	
7054.3	0.02400000000034197	Ripples						0.02400000000034197	7054.3112	7.497967152538539	169.52570285989717	886.5263625121333	
7061.2248	0.02080000000023574	Ripples						0.02080000000023574	7061.2384	6.80445080539097	166.47608713129523	783.6884500542519	
7063.2176	0.028000000000247383	Ripples						0.028000000000247383	7063.232	9.263021026553929	158.3199211581578	1014.5485660634653	
7063.3288	0.04640000000017608	Ripples						0.04640000000017608	7063.344	16.449108253791234	157.46461088662895	1393.8942055036339	
7064.1632	0.025599999999940337	Ripples						0.025599999999940337	7064.1792000000005	11.326943075687266	167.37874821249682	1032.6491044624934	
7064.280000000001	0.031199999999444117	Ripples						0.031199999999444117	7064.291200000001	17.01555920385608	158.93570984535302	1300.2966526794266	
7064.6864000000005	0.030399999999644933	Ripples						0.030399999999644933	7064.700000000001	12.236099286226622	162.3321513859087	1189.7006305714062	
7064.8472	0.02639999999973952	Ripples						0.02639999999973952	7064.8664	6.72092900572034	166.55157170635465	839.0556249489116	
7065.9488	0.03679999999985739	Ripples						0.03679999999985739	7065.972000000001	8.660995879179179	161.31526760172963	1010.667850578383	
7066.0848000000005	0.028000000000247383	Ripples						0.028000000000247383	7066.098400000001	7.353844043071619	153.33360060792302	860.5034321119748	
7066.6144	0.02400000000034197	Ripples						0.02400000000034197	7066.628000000001	7.947152683279818	165.28607146653718	951.131480712689	
7067.8736	0.042400000000270666	Ripples						0.042400000000270666	7067.8936	12.51863446410547	158.39194144697507	1276.4330213788467	
7071.888800000001	0.04159999999956199	Ripples						0.04159999999956199	7071.903200000001	9.786802481041645	156.52889146125216	1015.8993661982823	
7072.9296	0.04960000000028231	Ripples						0.04960000000028231	7072.968000000001	5.886196385858813	151.3135475185106	807.0427225141917	
7075.0632000000005	0.05760000000009313	Ripples						0.05760000000009313	7075.0968	10.471917820441766	152.84036298412832	1005.1002657415556	
7075.6192	0.04480000000057771	Ripples						0.04480000000057771	7075.6296	9.194427350545554	160.10077616312356	1002.2216325395738	
7075.7496	0.030400000000554428	Ripples						0.030400000000554428	7075.7664	11.827001333049388	164.66185555926452	1205.7801978617458	
7076.251200000001	0.03519999999934953	Ripples						0.03519999999934953	7076.2592	5.269959593172299	164.32753786521252	708.709962605849	
7080.0824	0.03359999999975116	Ripples						0.03359999999975116	7080.098400000001	7.6226161668767025	163.6371731228961	912.2291192844103	
7084.072	0.03679999999985739	Ripples						0.03679999999985739	7084.095200000001	9.957088359320295	158.7707221673254	1149.6012935086294	
7084.5616	0.045600000000376895	Ripples						0.045600000000376895	7084.5936	12.550747777070226	160.3958339802128	1243.597642211308	
7085.4168	0.024800000000141154	Ripples						0.024800000000141154	7085.4272	5.44435754574236	152.75804173848243	676.0149352910802	
7091.225600000001	0.02639999999973952	Ripples						0.02639999999973952	7091.236000000001	6.980678219174621	170.17483123947108	852.9747260564995	
7104.5528	0.02400000000034197	Ripples						0.02400000000034197	7104.5672	12.01328890141445	163.71524023565019	1114.880477900637	
7108.055200000001	0.031199999999444117	Ripples						0.031199999999444117	7108.0656	9.37151225050966	155.59078580180255	977.3429384080329	
7108.805600000001	0.05279999999947904	Ripples						0.05279999999947904	7108.841600000001	15.616885766720063	160.94134577875965	1397.7375117237548	
7110.936000000001	0.031199999999444117	Ripples						0.031199999999444117	7110.96	9.097626021423794	156.33649408722462	867.6265986646068	
7115.247200000001	0.040799999999762804	Ripples						0.040799999999762804	7115.272	10.546976456239923	156.24030058995885	1098.6173810326814	
7119.0056	0.04640000000017608	Ripples						0.04640000000017608	7119.0272	8.928892778626656	143.02246232423045	778.3347616771761	
7120.068	0.024800000000141154	Ripples						0.024800000000141154	7120.0792	8.486692949901137	158.6556233604778	986.2291284922558	
7120.3032	0.03920000000016444	Ripples						0.03920000000016444	7120.3168000000005	7.004404389664268	154.5564437520678	822.615610585704	
7120.4416	0.030400000000554428	Ripples						0.030400000000554428	7120.4552	6.720966329089186	153.13878522152126	886.6306889706891	
7120.9944000000005	0.025599999999940337	Ripples						0.025599999999940337	7121.012000000001	6.310276927128373	154.53459804855223	721.8363361069672	
7123.0168	0.03279999999995198	Ripples						0.03279999999995198	7123.0312	9.33859944495194	156.30205623175564	717.3276276757913	
7126.0088000000005	0.044799999999668216	Ripples						0.044799999999668216	7126.0256	11.130442594582112	153.2958193613833	1096.08385861788	
7126.084000000001	0.05199999999967986	Ripples						0.05199999999967986	7126.1072	13.188202488406201	163.1454494353656	1261.3506641164686	
7126.728	0.03600000000005821	Ripples						0.03600000000005821	7126.7480000000005	9.304511490261989	160.7810727503945	1105.66178245501	
7127.384800000001	0.058399999999892316	Ripples						0.058399999999892316	7127.413600000001	10.632571767378009	152.46782864227703	1092.948017363448	
7134.7696000000005	0.03999999999996362	Ripples						0.03999999999996362	7134.7808	10.449528484742642	166.06361802142743	985.0738633940139	
7134.913600000001	0.022399999999834108	Ripples						0.022399999999834108	7134.9256000000005	6.112202744084253	161.12310534914812	826.8085099265884	
7135.3792	0.025599999999940337	Ripples						0.025599999999940337	7135.3976	5.719588466172247	154.15944966010366	704.8418476315093	
7136.573600000001	0.032000000000152795	Ripples						0.032000000000152795	7136.5928	9.098009052367354	155.86752277977345	797.0059371526307	
7138.7808	0.025599999999940337	Ripples						0.025599999999940337	7138.796	8.700198914131235	165.80873907376758	974.2712954503502	
7144.2096	0.032000000000152795	Ripples						0.032000000000152795	7144.2208	11.525883105589104	155.94753024909218	1003.9954926625792	
7144.3768	0.08560000000034051	Ripples						0.08560000000034051	7144.3912	13.873241201765559	157.2178321345827	1184.2794028096414	
7144.9048	0.03840000000036525	Ripples						0.03840000000036525	7144.9264	8.770154059540664	155.36228360376296	1005.7531931554165	
7145.8552	0.07999999999992724	Ripples						0.07999999999992724	7145.866400000001	6.398029661332385	156.2371715719871	692.8040008827846	
7156.0832	0.04160000000047148	Ripples						0.04160000000047148	7156.1112	15.169799006222878	153.50641648513084	1270.2962206514305	
7156.2376	0.028800000000046566	Ripples						0.028800000000046566	7156.2528	14.844261525137808	169.64305893901542	1226.0563743275015	
7156.960800000001	0.040799999999762804	Ripples						0.040799999999762804	7156.9768	12.036255695272315	167.72804020325464	1214.5913148094946	
7160.9336	0.032000000000152795	Ripples						0.032000000000152795	7160.9496	23.283495576947246	163.10958556844503	1687.231260620533	
7161.996	0.03600000000005821	Ripples						0.03600000000005821	7162.0072	7.6760475984811025	153.94487557798618	797.0297975209978	
7173.2496	0.03999999999996362	Ripples						0.03999999999996362	7173.2632	11.33877755712356	158.30448291642483	1087.0417900217042	
7174.914400000001	0.05999999999949068	Ripples						0.05999999999949068	7174.9400000000005	10.843179316213792	147.329885718231	1029.0263927190626	
7175.068	0.02639999999973952	Ripples						0.02639999999973952	7175.0848000000005	10.960925269058185	170.42984007274833	1029.3777883478983	
7176.7424	0.020000000000436557	Ripples						0.020000000000436557	7176.7528	7.967066947940671	169.58720087230768	844.3109427630671	
7176.9656	0.04320000000006985	Ripples						0.04320000000006985	7176.992	10.311786729050274	157.61192565415513	1052.547534999005	
7177.1008	0.02639999999973952	Ripples						0.02639999999973952	7177.116	9.166632811183321	156.10450972457588	937.7060167963909	
7186.996	0.03840000000036525	Ripples						0.03840000000036525	7187.0096	5.285708136358129	153.13220025140794	759.7327737157835	
7187.145600000001	0.028800000000046566	Ripples						0.028800000000046566	7187.160800000001	14.396292128912936	160.50130967304958	1245.685979905114	
7189.2936	0.025599999999940337	Ripples						0.025599999999940337	7189.304800000001	7.277965910457438	153.87525013404868	823.3440357314513	
7192.1072	0.02639999999973952	Ripples						0.02639999999973952	7192.124000000001	9.034628445376633	162.85557623666634	990.8076247556172	
7192.22	0.0272000000004482	Ripples						0.0272000000004482	7192.2336000000005	10.659648482203297	164.3059698901986	1122.465768332568	
7192.3248	0.045600000000376895	Ripples						0.045600000000376895	7192.3496000000005	12.056059867465665	143.78022321369568	961.8514240614077	
7197.095200000001	0.021600000000034925	Ripples						0.021600000000034925	7197.102400000001	5.017782355857597	155.96357658101454	547.6410214456657	
7197.211200000001	0.028800000000046566	Ripples						0.028800000000046566	7197.229600000001	7.959221470812787	151.68573001006575	859.3132658845441	
7198.2648	0.12000000000080036	Ripples						0.12000000000080036	7198.3112	10.152228516628622	152.61458450729626	849.3836338814933	
7200.0632000000005	0.03999999999996362	Ripples						0.03999999999996362	7200.0816	17.250787985540757	151.84328376460846	1345.9405591260613	
7200.3752	0.02080000000023574	Ripples						0.02080000000023574	7200.3864	8.066073765512893	167.53248342364392	910.426162053882	
7200.468000000001	0.04399999999986903	Ripples						0.04399999999986903	7200.486400000001	12.468102984858312	150.45895196607057	906.0890955736292	
7206.0	0.029600000000755244	Ripples						0.029600000000755244	7206.0168	13.499566423982797	165.3412323203054	1244.7960830405184	
7206.3608	0.03679999999985739	Ripples						0.03679999999985739	7206.3784000000005	18.434476146950246	159.78795511100088	1488.9729852489174	
7206.604	0.024800000000141154	Ripples						0.024800000000141154	7206.616	7.480029717763773	151.04847785106085	720.4909892600615	
7209.7464	0.021600000000034925	Ripples						0.021600000000034925	7209.7576	5.358029286936694	152.5190528379409	783.9198057129029	
7210.446400000001	0.03279999999995198	Ripples						0.03279999999995198	7210.468000000001	6.5967122696352	149.71198729450475	694.3251604763296	
7214.5504	0.04640000000017608	Ripples						0.04640000000017608	7214.572	5.765509014209316	144.7627209316769	631.8973137913722	
7216.8984	0.0408000000006723	Ripples						0.0408000000006723	7216.9088	7.114366237894802	162.86010950040964	941.4176429341817	
7225.3032	0.03679999999985739	Ripples						0.03679999999985739	7225.3328	5.181014076397328	146.6070308862772	552.9498329640041	
7228.4224	0.05199999999967986	Ripples						0.05199999999967986	7228.450400000001	13.550209701682775	162.9950578003695	1297.7136269619507	
7229.3472	0.03920000000016444	Ripples						0.03920000000016444	7229.3576	6.37605651421035	153.99238516729412	804.7097061959598	
7230.2776	0.04159999999956199	Ripples						0.04159999999956199	7230.304	8.372457482084561	159.60911223033204	1089.1599151949313	
7235.4016	0.02400000000034197	Ripples						0.02400000000034197	7235.416	7.377366570616762	161.0352813523397	885.8370811278588	
7236.8808	0.02080000000023574	Ripples						0.02080000000023574	7236.8912	6.160645526173009	160.55759508839733	749.3656720841504	
7237.084000000001	0.031199999999444117	Ripples						0.031199999999444117	7237.1016	15.352562331419731	159.18331597062658	1374.430459735611	
7237.2792	0.03440000000045984	Ripples						0.03440000000045984	7237.2928	11.44266994327707	156.00757074686993	1111.4007497713487	
7237.3952	0.028800000000046566	Ripples						0.028800000000046566	7237.413600000001	7.784888748123676	155.2913167307064	914.8574334193739	
7239.8	0.02639999999973952	Ripples						0.02639999999973952	7239.8152	6.068690321089667	153.42432665414884	714.8789426020575	
7239.8904	0.02639999999973952	Ripples						0.02639999999973952	7239.8984	5.953825081533323	152.1118775682027	684.8099896998937	
7241.4304	0.02080000000023574	Ripples						0.02080000000023574	7241.4384	7.954444980995867	157.48085806199165	885.2646969367997	
7249.152	0.025599999999940337	Ripples						0.025599999999940337	7249.164000000001	6.27488701136142	151.46073629795936	721.4085572580881	
7255.9344	0.021600000000034925	Ripples						0.021600000000034925	7255.9424	6.927499630143988	159.9074922235653	814.4627486652062	
7257.688	0.026400000000649015	Ripples						0.026400000000649015	7257.7016	6.0418431990076	169.70065401265364	868.76292231111	
7258.2672	0.03279999999995198	Ripples						0.03279999999995198	7258.280000000001	18.772891874525317	162.59572768944884	1376.7454748246575	
7264.4872000000005	0.023199999999633292	Ripples						0.023199999999633292	7264.497600000001	7.9752853681014315	159.42585772219462	901.6177657682284	
7265.3152	0.03600000000005821	Ripples						0.03600000000005821	7265.3264	12.228510411256167	156.17699034621586	1078.9950867322143	
7265.64	0.04960000000028231	Ripples						0.04960000000028231	7265.6552	11.792059329106667	154.63588583351324	1213.4003360876068	
7269.128000000001	0.03519999999934953	Ripples						0.03519999999934953	7269.145600000001	10.85640130874382	155.86599273580637	1014.5777946715709	
7269.2592	0.03279999999995198	Ripples						0.03279999999995198	7269.2848	7.421171668665204	153.86338298938918	853.6249471143764	
7277.9800000000005	0.03600000000005821	Ripples						0.03600000000005821	7277.996	9.089600949318505	165.0230935244402	1010.9026943739053	
7280.088000000001	0.051199999999880674	Ripples						0.051199999999880674	7280.128000000001	9.35651936950485	155.37545086339165	917.2059949387846	
7280.228800000001	0.02959999999984575	Ripples						0.02959999999984575	7280.2408000000005	10.687050216494438	154.60406970289026	984.7191346740825	
7280.7232	0.028000000000247383	Ripples						0.028000000000247383	7280.7384	13.986587130576286	158.73044454028633	1196.2926163670606	
7281.9416	0.051199999999880674	Ripples						0.051199999999880674	7281.976000000001	13.204570985454948	152.5577965165582	1216.976555663407	
7283.004800000001	0.023999999999432475	Ripples						0.023999999999432475	7283.0160000000005	6.059215965404506	165.90358150497877	862.3304611287974	
7283.1016	0.03360000000066066	Ripples						0.03360000000066066	7283.1152	9.330637327959945	155.4493227513599	1049.526166946997	
7298.116800000001	0.02959999999984575	Ripples						0.02959999999984575	7298.1368	7.599828110352885	160.06617322490152	915.0740472398851	
7298.174400000001	0.023999999999432475	Ripples						0.023999999999432475	7298.188	9.381959902363958	158.5520057555346	970.8956861104642	
7301.7232	0.032000000000152795	Ripples						0.032000000000152795	7301.7312	7.070758497536085	146.77732037563413	668.3542608303762	
7312.9632	0.023200000000542786	Ripples						0.023200000000542786	7312.9736	8.759856738698257	164.3505047098078	947.6031064432809	
7313.566400000001	0.03279999999995198	Ripples						0.03279999999995198	7313.5864	13.858864599987744	164.6559593702993	1229.4011244315523	
7322.2664	0.030399999999644933	Ripples						0.030399999999644933	7322.2856	6.781367714425475	150.46097689175124	654.743322961545	
7322.468000000001	0.03919999999925494	Ripples						0.03919999999925494	7322.490400000001	7.252679564007589	147.2287713487154	760.8093887708767	
7326.920800000001	0.02159999999912543	Ripples						0.02159999999912543	7326.9296	8.287331052347673	157.86273333549107	841.4681667679184	
7327.4488	0.04960000000028231	Ripples						0.04960000000028231	7327.4848	13.832444007492805	155.6234335633235	1276.4158625108773	
7327.68	0.05760000000009313	Ripples						0.05760000000009313	7327.724	6.874731077880298	149.05031715584917	843.1426246394042	
7330.7864	0.03279999999995198	Ripples						0.03279999999995198	7330.808	15.40371805196818	158.85064106779012	1320.5283511534867	
7331.232	0.03760000000056607	Ripples						0.03760000000056607	7331.2496	9.785432678873864	156.8751568871662	978.914272100507	
7331.7504	0.040000000000873115	Ripples						0.040000000000873115	7331.7664	9.446665212620559	165.3213771730855	1072.4957094712945	
7331.946400000001	0.03279999999995198	Ripples						0.03279999999995198	7331.960800000001	13.103400561680319	159.57350599905416	995.058313952996	
7333.46	0.04640000000017608	Ripples						0.04640000000017608	7333.4848	9.986935974776584	145.54808513095642	841.4147991728076	
7333.756	0.044799999999668216	Ripples						0.044799999999668216	7333.768	6.849450782685427	158.5379598096475	866.3016977712618	
7333.8928000000005	0.030399999999644933	Ripples						0.030399999999644933	7333.907200000001	11.922887873073607	158.0994833965786	1147.5787164843698	
7334.8224	0.03360000000066066	Ripples						0.03360000000066066	7334.8408	10.44603750208246	162.862031509233	1105.0080126510127	
7335.812	0.03120000000035361	Ripples						0.03120000000035361	7335.8336	5.941067301603466	152.75860962320147	787.155452597425	
7356.4704	0.03679999999985739	Ripples						0.03679999999985739	7356.490400000001	17.3542989857008	156.17494113817997	1363.361624408981	
7356.6032000000005	0.031199999999444117	Ripples						0.031199999999444117	7356.620000000001	16.742503655017227	158.5635520824546	1359.814828590018	
7357.1392000000005	0.024800000000141154	Ripples						0.024800000000141154	7357.1504	9.712605381015713	156.27065188757567	903.0691677269458	
7360.032	0.05040000000008149	Ripples						0.05040000000008149	7360.0472	20.981429890494844	158.48130651880862	1506.8013296626377	
7362.5824	0.025599999999940337	Ripples						0.025599999999940337	7362.595200000001	9.661510581599723	159.78102255652664	946.8908162490557	
7362.8688	0.03279999999995198	Ripples						0.03279999999995198	7362.8912	10.743615014358515	157.09517026419746	882.2756078879332	
7365.685600000001	0.022399999999834108	Ripples						0.022399999999834108	7365.6936000000005	5.243576960656932	154.8345582940352	630.0657643308588	
7367.2736	0.021600000000034925	Ripples						0.021600000000034925	7367.2888	8.472854592159946	157.9410343655038	743.8193395371524	
7370.783200000001	0.031199999999444117	Ripples						0.031199999999444117	7370.7952000000005	7.844773559688839	151.57587983897525	804.5995446327067	
7370.9304	0.024800000000141154	Ripples						0.024800000000141154	7370.9416	5.960336534897716	148.89940914350225	661.0322327553941	
7374.1832	0.068000000000211	Ripples						0.068000000000211	7374.240000000001	5.267791551228041	148.0679058809078	577.9362679363309	
7377.4848	0.040799999999762804	Ripples						0.040799999999762804	7377.4992	11.534990340559407	176.40176513401317	1039.4187644928695	
7382.4696	0.052800000000388536	Ripples						0.052800000000388536	7382.5024	7.877035344303823	161.99297813168786	1034.3371650543795	
7382.5936	0.04640000000017608	Ripples						0.04640000000017608	7382.616	10.018119685449461	144.14254674982863	797.358281374341	
7383.752	0.02639999999973952	Ripples						0.02639999999973952	7383.7648	6.51640781679347	163.49859526505884	890.4791050752062	
7387.1688	0.028000000000247383	Ripples						0.028000000000247383	7387.185600000001	13.23768946840943	159.71995143091019	1096.409037670622	
7389.544800000001	0.025599999999940337	Ripples						0.025599999999940337	7389.5560000000005	9.954821601082113	157.074358138918	902.4877493088408	
7393.696800000001	0.020799999999326246	Ripples						0.020799999999326246	7393.711200000001	6.760704454543667	159.54815560895122	692.8830103622427	
7395.7480000000005	0.022399999999834108	Ripples						0.022399999999834108	7395.7568	6.920442676738618	155.735603356629	817.7923700558497	
7395.859200000001	0.051199999999880674	Ripples						0.051199999999880674	7395.873600000001	8.061111502908187	153.5086851617568	723.1871124342622	
7399.4048	0.03600000000005821	Ripples						0.03600000000005821	7399.4264	5.305142894742503	152.6520015820264	537.3240618633515	
7408.1184	0.04640000000017608	Ripples						0.04640000000017608	7408.1304	5.450140430233202	169.16313170274432	590.2282428775602	
7412.6408	0.025599999999940337	Ripples						0.025599999999940337	7412.652	7.9290634416872035	155.6825780511585	882.0961046746535	
7420.9376	0.02959999999984575	Ripples						0.02959999999984575	7420.9496	15.249499612641833	160.37509893549966	1317.490566102817	
7421.0656	0.03280000000086147	Ripples						0.03280000000086147	7421.0744	8.649747538732743	153.88744465787266	882.3451294305738	
7427.576	0.08560000000034051	Ripples						0.08560000000034051	7427.6176000000005	10.686230573366576	148.322119475858	1115.2021848792992	
7429.872	0.07999999999992724	Ripples						0.07999999999992724	7429.8856000000005	7.653900261656538	159.38786553372609	985.0506571199876	
7430.939200000001	0.03519999999934953	Ripples						0.03519999999934953	7430.960800000001	19.448240527855962	159.9366535600692	1477.0737437537864	
7435.1632	0.025600000000849832	Ripples						0.025600000000849832	7435.1776	7.833902127196688	156.9518714538927	850.1893897047325	
7435.296	0.044799999999668216	Ripples						0.044799999999668216	7435.3264	20.219928291147585	153.04995154295045	1469.0762972774855	
7436.2664	0.02400000000034197	Ripples						0.02400000000034197	7436.280000000001	12.991680180962476	164.36300504569545	1151.8255701667385	
7440.7048	0.03920000000016444	Ripples						0.03920000000016444	7440.72	11.52050611874439	157.81528682906455	1067.1007803225061	
7440.8512	0.03360000000066066	Ripples						0.03360000000066066	7440.863200000001	6.428565315332525	146.56933877169925	679.3177938900129	
7441.184	0.03999999999996362	Ripples						0.03999999999996362	7441.196	10.9616134523295	159.84173905347345	917.3644968881987	
7441.26	0.030400000000554428	Ripples						0.030400000000554428	7441.2784	9.080966242452858	148.99835220803453	804.8702749314085	
7441.384800000001	0.023999999999432475	Ripples						0.023999999999432475	7441.396000000001	6.096277591023515	158.6835830600882	856.2798663586244	
7449.1904	0.05760000000009313	Ripples						0.05760000000009313	7449.224	9.558978693417865	147.26203665264043	852.5132586987111	
7450.7272	0.047999999999774445	Ripples						0.047999999999774445	7450.752	9.267723016006988	155.51291869758094	1072.5509230971468	
7451.0864	0.023200000000542786	Ripples						0.023200000000542786	7451.099200000001	16.153190404375177	164.35195999737422	1209.0081226590387	
7465.488	0.040799999999762804	Ripples						0.040799999999762804	7465.5016000000005	11.697890708930963	157.80931198842558	1109.5422230366119	
7467.424800000001	0.023999999999432475	Ripples						0.023999999999432475	7467.436000000001	9.212623356911344	168.86983563073676	1016.8601231335879	
7471.2272	0.03920000000016444	Ripples						0.03920000000016444	7471.2456	13.069467707931997	154.14799940305835	1274.0580984761646	
7476.3192	0.05840000000080181	Ripples						0.05840000000080181	7476.3464	10.642146158300491	150.60445060707607	1110.7315467009455	
7476.4744	0.032000000000152795	Ripples						0.032000000000152795	7476.4888	11.299316086827188	159.75029022493786	1212.8575538025361	
7489.569600000001	0.03519999999934953	Ripples						0.03519999999934953	7489.5944	12.294228283903923	153.14537603298115	1082.6047097821925	
7501.7104	0.03840000000036525	Ripples						0.03840000000036525	7501.729600000001	7.32152735313373	149.98630848187486	671.2612114391188	
7502.073600000001	0.03279999999995198	Ripples						0.03279999999995198	7502.092000000001	12.719959092881096	154.80142444679467	1125.3891907983657	
7505.3296	0.03279999999995198	Ripples						0.03279999999995198	7505.344	9.731446256421204	164.34795654318333	1020.1768561151263	
7505.804800000001	0.023999999999432475	Ripples						0.023999999999432475	7505.8152	9.251780290377114	159.67897715059647	915.1669179654297	
7506.8904	0.03920000000016444	Ripples						0.03920000000016444	7506.9016	14.748971866693353	156.23026050113836	1234.0138178709276	
7514.0792	0.03600000000005821	Ripples						0.03600000000005821	7514.104	10.692300758822855	151.63228105617011	995.5208945897539	
7514.448	0.0272000000004482	Ripples						0.0272000000004482	7514.4624	11.55569757406347	163.9944268119749	1208.8894923903865	
7516.768	0.04480000000057771	Ripples						0.04480000000057771	7516.804800000001	9.184716677391453	159.4628011270443	809.7480814585372	
7517.7552000000005	0.03359999999975116	Ripples						0.03359999999975116	7517.7672	13.249480282122867	160.7318041005378	1062.4641053512692	
7527.065600000001	0.02479999999923166	Ripples						0.02479999999923166	7527.076800000001	5.431483960509482	161.0912872754342	783.2009374252332	
7531.6248000000005	0.03999999999996362	Ripples						0.03999999999996362	7531.649600000001	8.86677544830104	149.25630636101673	807.1630778367639	
7540.3504	0.03600000000005821	Ripples						0.03600000000005821	7540.3648	9.796627324626806	153.01442701270526	908.4610171591821	
7546.3224	0.04640000000017608	Ripples						0.04640000000017608	7546.3368	6.518750269493272	168.12340113472976	934.8218068228656	
7550.0	34.0	SleepStates											REM
7581.4712	0.032000000000152795	Ripples						0.032000000000152795	7581.489600000001	6.169397256108651	151.96597649229403	728.9554605099274	
7585.0	29.0	SleepStates											Awake
7606.896000000001	0.04719999999997526	Ripples						0.04719999999997526	7606.9184000000005	6.04372959403339	147.1211160132621	664.0157652007734	
7610.1448	0.029600000000755244	Ripples						0.029600000000755244	7610.1624	8.839094848919757	163.86126313602603	1027.184083434048	
7613.667200000001	0.023199999999633292	Ripples						0.023199999999633292	7613.6776	14.2567727361729	166.47054658606493	1164.9898957577275	
7613.761600000001	0.023999999999432475	Ripples						0.023999999999432475	7613.7752	13.939669896489159	162.98586157535283	1188.8966845539157	
7615.0	331.0	SleepStates											Non-REM
7616.903200000001	0.03839999999945576	Ripples						0.03839999999945576	7616.9232	22.788712995420543	169.4300224039023	1669.6594776502243	
7621.7232	0.030399999999644933	Ripples						0.030399999999644933	7621.736000000001	14.02233557393019	166.84140488501558	1207.5900414888677	
7622.8872	0.03679999999985739	Ripples						0.03679999999985739	7622.9056	6.023841961155272	163.91526283471583	904.8304740284035	
7624.1072	0.03120000000035361	Ripples						0.03120000000035361	7624.120800000001	9.259996175133903	154.29661799395072	993.9590208965528	
7624.421600000001	0.051199999999880674	Ripples						0.051199999999880674	7624.4592	8.15849511655437	152.82080345232788	913.4155237449381	
7626.9872000000005	0.0455999999994674	Ripples						0.0455999999994674	7627.000800000001	9.071685764875356	149.56227156189806	905.0471591400282	
7627.528	0.025599999999940337	Ripples						0.025599999999940337	7627.544000000001	10.994419609670693	163.2185867842519	1058.619311375783	
7627.6656	0.040799999999762804	Ripples						0.040799999999762804	7627.6984	5.834481922692951	147.42545046640416	705.0611093066096	
7632.3784000000005	0.04159999999956199	Ripples						0.04159999999956199	7632.403200000001	12.47352836776139	157.4864226915522	1149.105127586807	
7648.388800000001	0.024800000000141154	Ripples						0.024800000000141154	7648.403200000001	12.412668415391352	159.16608245346632	1113.374867926784	
7648.548000000001	0.025599999999940337	Ripples						0.025599999999940337	7648.5568	11.514597731755169	158.3988585328135	1009.445837774122	
7667.792	0.032000000000152795	Ripples						0.032000000000152795	7667.8064	9.66546125588485	153.85856142871165	973.8166224757189	
7672.2968	0.05360000000018772	Ripples						0.05360000000018772	7672.3112	12.731916040258414	159.97824815856868	1164.101235972839	
7672.4296	0.04399999999986903	Ripples						0.04399999999986903	7672.4552	16.591350790022148	144.8167713068522	1040.574831016339	
7673.1152	0.04320000000006985	Ripples						0.04320000000006985	7673.1336	15.869458043281654	153.20849228236503	1201.356816295568	
7673.3688	0.020000000000436557	Ripples						0.020000000000436557	7673.380800000001	8.317764286388678	157.44985346033835	747.0099919494202	
7674.0872	0.08240000000023429	Ripples						0.08240000000023429	7674.1152	10.731426001019653	148.99084954241974	1104.436477791898	
7674.268	0.020000000000436557	Ripples						0.020000000000436557	7674.2816	6.711655635604748	157.48185236829656	682.3980486317157	
7676.4656	0.0455999999994674	Ripples						0.0455999999994674	7676.500800000001	6.355189808285542	155.11360943443498	855.3152767354968	
7681.3216	0.03760000000056607	Ripples						0.03760000000056607	7681.3408	10.354630073121378	158.19434445054628	1063.7244977576158	
7691.2104	0.025600000000849832	Ripples						0.025600000000849832	7691.224	12.576975307916946	167.65083140319976	1139.9518677592343	
7691.3256	0.03440000000045984	Ripples						0.03440000000045984	7691.3392	13.725456421711852	167.27469862551004	1330.9079549320622	
7691.692800000001	0.030399999999644933	Ripples						0.030399999999644933	7691.7104	5.800867151439105	158.55842230863337	744.6473529467223	
7693.9728000000005	0.06080000000019936	Ripples						0.06080000000019936	7693.9912	7.19121115750074	149.86533303615573	917.7379817915531	
7695.975200000001	0.020799999999326246	Ripples						0.020799999999326246	7695.9856	8.926468993088331	160.09839595406442	982.7544536029018	
7718.327200000001	0.07920000000012806	Ripples						0.07920000000012806	7718.345600000001	12.14348902353029	147.26812998031215	922.2126205798407	
7718.483200000001	0.05040000000008149	Ripples						0.05040000000008149	7718.5	18.269533838447522	155.06977970052583	1399.576547406719	
7718.6912	0.05760000000009313	Ripples						0.05760000000009313	7718.7016	11.367366821572363	155.81928123369485	1073.5955252396413	
7719.8176	0.03679999999985739	Ripples						0.03679999999985739	7719.8464	7.478530585738691	148.60370043517602	671.2003733320432	
7719.968800000001	0.03839999999945576	Ripples						0.03839999999945576	7719.983200000001	19.766628133537886	158.25213082450557	1393.0375477728621	
7721.794400000001	0.031199999999444117	Ripples						0.031199999999444117	7721.812000000001	13.861045230349603	160.76205109024855	1211.3756995217304	
7724.751200000001	0.027999999999337888	Ripples						0.027999999999337888	7724.7648	17.743369327268663	164.7826812966617	1385.7186214856515	
7727.8216	0.028800000000046566	Ripples						0.028800000000046566	7727.836	7.660785803976251	147.96101065011226	890.291194872498	
7728.091200000001	0.02959999999984575	Ripples						0.02959999999984575	7728.105600000001	10.115328255899868	152.187343711571	872.9144799922428	
7728.7856	0.023200000000542786	Ripples						0.023200000000542786	7728.797600000001	6.6621841532102	153.2963496353087	663.4773251619085	
7728.9096	0.04640000000017608	Ripples						0.04640000000017608	7728.924	6.882079393000528	154.55892716711958	900.8546109575522	
7730.6192	0.04960000000028231	Ripples						0.04960000000028231	7730.6368	8.84991031442755	151.74739727643157	963.6023259709038	
7735.3896	0.03120000000035361	Ripples						0.03120000000035361	7735.408	13.373681068982485	156.294996479748	1137.8986199066023	
7736.3176	0.02639999999973952	Ripples						0.02639999999973952	7736.3328	7.5001238491523345	153.1886575160264	788.7519370169127	
7761.504000000001	0.02639999999973952	Ripples						0.02639999999973952	7761.519200000001	5.815258256250721	151.61175186563952	617.9893083029694	
7762.8768	0.021600000000034925	Ripples						0.021600000000034925	7762.892000000001	5.930551657164696	155.0053712988733	718.548257961149	
7762.9912	0.021600000000034925	Ripples						0.021600000000034925	7763.004800000001	5.399139611925136	159.18243078942334	627.9391752763029	
7767.2416	0.02959999999984575	Ripples						0.02959999999984575	7767.2608	8.741200579245936	165.4592203888021	977.878564249976	
7767.488	0.021600000000034925	Ripples						0.021600000000034925	7767.5024	7.867736575038345	156.32303260536915	696.8999638888649	
7768.244000000001	0.040799999999762804	Ripples						0.040799999999762804	7768.2712	13.500075714847213	151.5581487501501	1061.4633592969637	
7768.8968	0.025599999999940337	Ripples						0.025599999999940337	7768.9048	5.352996060307181	150.25627150507856	619.0687253452684	
7769.1472	0.03359999999975116	Ripples						0.03359999999975116	7769.1728	6.8412115424310995	153.16515845250763	799.0074901144204	
7769.2896	0.026400000000649015	Ripples						0.026400000000649015	7769.304	9.827988383742525	157.38030296199872	1022.6398537987659	
7770.2488	0.06720000000041182	Ripples						0.06720000000041182	7770.2776	16.469037146756378	150.9455402195073	1193.8997863959128	
7785.7032	0.036800000000766886	Ripples						0.036800000000766886	7785.7232	14.540657786585042	161.194569890444	1348.6398494044465	
7788.5184	0.0272000000004482	Ripples						0.0272000000004482	7788.5288	10.72051329375194	164.92136624540345	1067.8005796214115	
7790.2208	0.03840000000036525	Ripples						0.03840000000036525	7790.2416	21.145953240558025	156.4632209226256	1467.635215393116	
7791.008000000001	0.0455999999994674	Ripples						0.0455999999994674	7791.033600000001	11.699157714986374	154.2955746817826	1184.787704932712	
7792.1144	0.02639999999973952	Ripples						0.02639999999973952	7792.131200000001	11.004376334620373	162.35746666405197	1093.6758533048883	
7794.406400000001	0.02479999999923166	Ripples						0.02479999999923166	7794.417600000001	10.93490868521286	161.62937042698934	1070.9680808936362	
7794.7952000000005	0.024800000000141154	Ripples						0.024800000000141154	7794.8096000000005	6.77012739219725	156.4827683185376	817.2007000255827	
7799.4296	0.02639999999973952	Ripples						0.02639999999973952	7799.4376	5.996270021776467	156.7183009925279	673.6685986682788	
7803.8496000000005	0.03120000000035361	Ripples						0.03120000000035361	7803.860000000001	8.640988132292362	157.91988077086324	968.8469299455944	
7822.064	0.021600000000034925	Ripples						0.021600000000034925	7822.076	9.119210391329696	157.53564289022185	899.5391694262947	
7824.9672	0.04480000000057771	Ripples						0.04480000000057771	7824.992	9.680697313106513	150.4369068856345	960.8559268762453	
7825.1032000000005	0.03999999999996362	Ripples						0.03999999999996362	7825.1232	18.69807502403263	157.38122714262104	1445.8099571233067	
7827.0496	0.0272000000004482	Ripples						0.0272000000004482	7827.0616	6.324030999201204	151.00183212752225	624.7160163875775	
7829.8328	0.03999999999996362	Ripples						0.03999999999996362	7829.844800000001	5.701078069059527	149.49852405507193	598.9638934276524	
7840.1664	0.04719999999997526	Ripples						0.04719999999997526	7840.1776	9.579689002671588	156.75603832841085	852.1332594626323	
7840.9400000000005	0.04159999999956199	Ripples						0.04159999999956199	7840.9528	8.981370268807407	151.44765380839468	789.5800818353376	
7841.0608	0.04399999999986903	Ripples						0.04399999999986903	7841.0976	7.4702814850106884	157.25051537963895	791.9354409209692	
7841.3216	0.05680000000029395	Ripples						0.05680000000029395	7841.3472	14.34379306034023	151.15853821622665	1207.9752124460206	
7842.718400000001	0.05519999999978609	Ripples						0.05519999999978609	7842.7336000000005	7.61426924088855	153.55328788014273	896.2816311773113	
7852.453600000001	0.03679999999985739	Ripples						0.03679999999985739	7852.468000000001	19.426348122804107	160.93080728914668	1512.992642229715	
7852.6016	0.03280000000086147	Ripples						0.03280000000086147	7852.620800000001	6.879306021343801	168.05234949497418	972.4792123668836	
7852.830400000001	0.023199999999633292	Ripples						0.023199999999633292	7852.8464	6.547095836200454	161.8022207717063	848.4594305561935	
7853.1552	0.032000000000152795	Ripples						0.032000000000152795	7853.1664	7.2365422052810136	153.60971430072894	835.0076748280505	
7860.0464	0.03279999999995198	Ripples						0.03279999999995198	7860.069600000001	5.184567094980645	152.43146850379537	581.3190168547472	
7864.0904	0.0408000000006723	Ripples						0.0408000000006723	7864.105600000001	10.332089329696476	147.76561498213547	871.5699524740618	
7867.6976	0.028000000000247383	Ripples						0.028000000000247383	7867.712	7.218368274348036	163.16559278677542	965.083231856575	
7868.798400000001	0.021600000000034925	Ripples						0.021600000000034925	7868.812800000001	8.36189904327557	161.74082503426385	883.5710969126554	
7869.2896	0.030400000000554428	Ripples						0.030400000000554428	7869.3	8.682766210140558	153.5243479550755	837.5883895378319	
7876.160800000001	0.08320000000003347	Ripples						0.08320000000003347	7876.1792000000005	12.150167969188303	149.88213735072316	1058.2576703879993	
7877.2496	0.025599999999940337	Ripples						0.025599999999940337	7877.264	11.522196198380847	158.65691393346705	1072.9550477686469	
7879.5216	0.03120000000035361	Ripples						0.03120000000035361	7879.532	9.562822073955319	158.9780482544388	985.5549513390978	
7888.0384	0.0543999999999869	Ripples						0.0543999999999869	7888.0568	18.53543880612404	156.34012744013572	1475.8658856305265	
7891.5064	0.04160000000047148	Ripples						0.04160000000047148	7891.532	17.789474027118203	152.9435865895795	1447.606764582275	
7893.326400000001	0.022399999999834108	Ripples						0.022399999999834108	7893.337600000001	5.197244546829097	157.7557036066444	652.9046233329578	
7893.7104	0.0408000000006723	Ripples						0.0408000000006723	7893.7248	10.334207281111484	156.84117436309594	1100.4528620134142	
7894.436000000001	0.030399999999644933	Ripples						0.030399999999644933	7894.449600000001	8.686424796968769	170.2525237153756	1019.426947480229	
7894.6904	0.02400000000034197	Ripples						0.02400000000034197	7894.6984	5.523509191603768	162.68704524670173	782.039521092791	
7895.076800000001	0.03600000000005821	Ripples						0.03600000000005821	7895.0960000000005	13.214346620411286	162.79711516074894	1234.6951913107478	
7896.801600000001	0.02639999999973952	Ripples						0.02639999999973952	7896.8152	11.71776631529022	162.92605656645364	1129.941324446977	
7908.519200000001	0.027199999999538704	Ripples						0.027199999999538704	7908.536	9.67889137383086	155.90612880433198	879.5308839774326	
7908.6736	0.06080000000019936	Ripples						0.06080000000019936	7908.7128	5.239210314283875	150.40983894451628	619.4820392478165	
7909.544000000001	0.022399999999834108	Ripples						0.022399999999834108	7909.5616	5.87829727389612	156.08990237765485	653.709298409761	
7919.312000000001	0.020799999999326246	Ripples						0.020799999999326246	7919.3224	5.6268129264959255	159.37120027340458	708.0867233026178	
7920.997600000001	0.037599999999656575	Ripples						0.037599999999656575	7921.0248	10.334067618032064	158.86171390595712	1054.381910223541	
7924.1664	0.04160000000047148	Ripples						0.04160000000047148	7924.185600000001	6.157841756686223	156.5986420654232	564.0895014911446	
7924.380800000001	0.02159999999912543	Ripples						0.02159999999912543	7924.392000000001	5.7834254167689005	157.13088145908816	590.5784247168405	
7947.0	77.0	SleepStates											REM
8025.0	26.0	SleepStates											Awake
8042.5160000000005	0.02959999999984575	Ripples						0.02959999999984575	8042.528	8.043625031825092	151.38288345390023	786.2756212993423	
8043.852000000001	0.05519999999978609	Ripples						0.05519999999978609	8043.88	29.026872736280392	154.02803568778486	1796.0621898166828	
8046.204000000001	0.02959999999984575	Ripples						0.02959999999984575	8046.216	11.465494397750177	155.58358310400442	1082.2404928628946	
8048.624000000001	0.0455999999994674	Ripples						0.0455999999994674	8048.652800000001	7.686259028402785	156.22163707677043	965.9124275636605	
8052.0	312.0	SleepStates											Non-REM
8063.432000000001	0.06319999999959691	Ripples						0.06319999999959691	8063.450400000001	11.710783038121185	150.45076820093965	1149.8331668104431	
8065.2704	0.056000000000494765	Ripples						0.056000000000494765	8065.2968	6.260821405892226	149.984393517706	580.146012502009	
8073.457600000001	0.05360000000018772	Ripples						0.05360000000018772	8073.4696	6.150960132024043	153.35481496697693	773.6413653721504	
8077.135200000001	0.04879999999957363	Ripples						0.04879999999957363	8077.1472	14.196891094295069	153.81319340161807	1178.288951139842	
8077.2856	0.04320000000006985	Ripples						0.04320000000006985	8077.296	7.49376486062581	164.23866582790257	944.517222896135	
8078.171200000001	0.06719999999950232	Ripples						0.06719999999950232	8078.188800000001	10.902162926333975	160.06108791873083	1173.8427498118026	
8078.3152	0.05680000000029395	Ripples						0.05680000000029395	8078.323200000001	11.14215790709532	162.05290756033577	945.0348361195973	
8096.8912	0.04800000000068394	Ripples						0.04800000000068394	8096.9128	9.180113152412948	150.89609092664017	979.1456628065527	
8098.152800000001	0.03279999999995198	Ripples						0.03279999999995198	8098.1696	14.99058834043731	163.65702780658884	1354.1939905414938	
8103.7704	0.024800000000141154	Ripples						0.024800000000141154	8103.784000000001	11.29300929484722	166.82973729560175	1125.1744789403856	
8103.884800000001	0.0319999999992433	Ripples						0.0319999999992433	8103.903200000001	24.54635251610863	167.86301397840478	1633.3777295819855	
8106.6152	0.035200000000259024	Ripples						0.035200000000259024	8106.6392000000005	8.803991591008035	158.60677483469738	945.9039442486694	
8116.834400000001	0.03279999999995198	Ripples						0.03279999999995198	8116.8504	17.78667697263653	169.8312269080256	1390.6819714383569	
8121.268	0.03760000000056607	Ripples						0.03760000000056607	8121.2864	12.735868129743764	155.8764157034043	1122.5359145444168	
8125.9856	0.025600000000849832	Ripples						0.025600000000849832	8125.997600000001	6.425490750424696	154.94293983734602	713.3718708115846	
8126.0384	0.021600000000034925	Ripples						0.021600000000034925	8126.0496	10.028887686367485	159.94117098023588	842.7806127501699	
8132.178400000001	0.030399999999644933	Ripples						0.030399999999644933	8132.204000000001	5.5577086451493765	154.41027688855758	677.7937933821574	
8141.6592	0.06960000000071886	Ripples						0.06960000000071886	8141.714400000001	14.309749831584126	152.00770671579744	1258.4629910724143	
8150.5560000000005	0.04879999999957363	Ripples						0.04879999999957363	8150.5704000000005	12.852984049045862	158.8563980162673	1239.112958185735	
8152.1728	0.044799999999668216	Ripples						0.044799999999668216	8152.1976	9.769872278049212	151.88646770234774	1034.7165878977798	
8152.8792	0.03440000000045984	Ripples						0.03440000000045984	8152.900000000001	10.8368740069676	155.25015308997416	1089.940970132058	
8153.0160000000005	0.06480000000010477	Ripples						0.06480000000010477	8153.0536	11.91475281066359	150.67197116991596	1041.9646640430833	
8155.4184000000005	0.03999999999996362	Ripples						0.03999999999996362	8155.4296	8.982964507203976	161.70761614832395	837.5324120674738	
8155.722400000001	0.040799999999762804	Ripples						0.040799999999762804	8155.7336000000005	13.740994540462253	158.94672052384448	1214.2419741950591	
8156.7952000000005	0.025599999999940337	Ripples						0.025599999999940337	8156.8112	11.907106816537919	167.23868801334237	1075.8764572234295	
8157.42	0.032000000000152795	Ripples						0.032000000000152795	8157.4272	5.001509993609034	157.65700547965176	649.231363788881	
8157.7928	0.0272000000004482	Ripples						0.0272000000004482	8157.8072	12.577172923748062	158.61811327481655	1117.239806282152	
8169.1864000000005	0.022399999999834108	Ripples						0.022399999999834108	8169.2016	8.69160271831684	155.38121503385736	818.7139149895904	
8171.4408	0.0591999999996915	Ripples						0.0591999999996915	8171.4808	9.920856737007085	163.91537650665262	1170.8834464780325	
8172.3464	0.030399999999644933	Ripples						0.030399999999644933	8172.3624	13.061816498353815	156.21124412255767	1213.2669629312668	
8175.9768	0.028800000000046566	Ripples						0.028800000000046566	8175.992	7.784699043465875	156.75786176541118	947.3913214134578	
8189.4264	0.06480000000010477	Ripples						0.06480000000010477	8189.4808	6.396134614323666	157.84519058453736	902.4941184525992	
8195.1216	0.03360000000066066	Ripples						0.03360000000066066	8195.1368	9.714706145632801	150.0913161555643	765.2644763709076	
8215.6448	0.051199999999880674	Ripples						0.051199999999880674	8215.676000000001	10.848818781476352	156.21364694278725	1158.8641472334234	
8215.7864	0.035200000000259024	Ripples						0.035200000000259024	8215.800000000001	13.582863718337842	157.25712508173862	1108.7109133767995	
8216.0856	0.06559999999990396	Ripples						0.06559999999990396	8216.1096	10.110225412469944	150.47133556732126	913.5865484653979	
8216.7256	0.0544000000008964	Ripples						0.0544000000008964	8216.7504	20.894692522381572	152.01749870434747	1470.9882804064237	
8216.876	0.031199999999444117	Ripples						0.031199999999444117	8216.8904	23.837510120007458	160.1054999882111	1548.4092102345783	
8223.046400000001	0.02719999999862921	Ripples						0.02719999999862921	8223.0656	5.191096921150745	148.58795981733263	552.4611567101088	
8231.0936	0.026400000000649015	Ripples						0.026400000000649015	8231.1072	11.486999271799045	159.2115083780798	1059.2628343486804	
8231.2968	0.03440000000045984	Ripples						0.03440000000045984	8231.3056	7.0608774510252355	152.35673746631502	615.8140978424267	
8233.968	0.0272000000004482	Ripples						0.0272000000004482	8233.9872	5.6290870848307195	147.68798800891	564.4213852677213	
8254.2608	0.02959999999984575	Ripples						0.02959999999984575	8254.28	16.4563574626475	163.698468808414	1319.7845795504188	
8257.144	0.03440000000045984	Ripples						0.03440000000045984	8257.1584	17.186836111266434	162.7637234027194	1370.1926647039113	
8258.324	0.032799999999042484	Ripples						0.032799999999042484	8258.3424	21.675584402736803	154.31281153876813	1431.7993897815327	
8261.206400000001	0.032799999999042484	Ripples						0.032799999999042484	8261.228000000001	12.939670460736885	155.49186969391766	951.8779928277728	
8261.7976	0.03200000000106229	Ripples						0.03200000000106229	8261.812	18.41326561168256	158.31453050563366	1218.0981901350938	
8264.822400000001	0.037599999999656575	Ripples						0.037599999999656575	8264.84	16.365344092425254	157.07772533843277	1335.344635663964	
8273.7576	0.022399999999834108	Ripples						0.022399999999834108	8273.7688	11.256812255666764	161.81161506102853	1072.8492170117474	
8274.9392	0.0319999999992433	Ripples						0.0319999999992433	8274.9608	8.02646682781843	152.80277554375843	794.7261487418284	
8275.5488	0.03679999999985739	Ripples						0.03679999999985739	8275.5624	8.689132886085593	156.2806261982521	1027.3024913220506	
8275.9832	0.03839999999945576	Ripples						0.03839999999945576	8276.012	5.895697748146724	152.55936408425265	793.3060354902607	
8282.5768	0.030399999999644933	Ripples						0.030399999999644933	8282.588	9.411885299741346	160.162863646206	980.4716821751189	
8286.6944	0.023999999999432475	Ripples						0.023999999999432475	8286.705600000001	12.9036040915658	164.56059759620825	1188.6134808515678	
8286.967200000001	0.03919999999925494	Ripples						0.03919999999925494	8286.988000000001	6.488344120237759	145.32179122334398	759.9789784639473	
8287.116	0.02959999999984575	Ripples						0.02959999999984575	8287.1312	6.254533494960773	148.56893667327233	721.5604122925505	
8288.748800000001	0.03600000000005821	Ripples						0.03600000000005821	8288.770400000001	8.054826399866412	153.47057329068227	814.0843407100037	
8302.348	0.021600000000034925	Ripples						0.021600000000034925	8302.3592	5.494371353545944	152.72282588572781	670.8939589815136	
8303.8008	0.026399999998830026	Ripples						0.026399999998830026	8303.816	9.36469977073049	152.63848563001918	870.9417504144373	
8306.8832	0.028000000000247383	Ripples						0.028000000000247383	8306.8976	10.922930682494927	161.10614919701487	1081.3670290644438	
8306.9936	0.0272000000004482	Ripples						0.0272000000004482	8307.009600000001	6.782200373771616	152.42206486098283	866.2393912723699	
8308.3456	0.0319999999992433	Ripples						0.0319999999992433	8308.368	5.909460352439985	151.44851674713007	743.9975135427463	
8311.9936	0.03920000000107393	Ripples						0.03920000000107393	8312.0048	10.804550902459976	155.89787037525713	994.440946025309	
8327.1032	0.048800000000483124	Ripples						0.048800000000483124	8327.1248	12.216769727963378	154.28340313060684	1166.2801910277676	
8328.776	0.05040000000008149	Ripples						0.05040000000008149	8328.7944	16.679427015965327	156.26180297210945	1281.8894662782186	
8329.612000000001	0.02719999999862921	Ripples						0.02719999999862921	8329.626400000001	7.828127266242883	160.00053817150464	978.3802683656301	
8329.7144	0.03919999999925494	Ripples						0.03919999999925494	8329.7256	7.275546687354578	153.52819512434527	825.429613438248	
8329.9632	0.03360000000066066	Ripples						0.03360000000066066	8329.98	11.335734584954512	158.428016722935	1219.6760721675573	
8331.090400000001	0.04159999999865249	Ripples						0.04159999999865249	8331.104000000001	8.491493332676917	151.67623327319464	915.9106927061481	
8335.4464	0.025599999999030842	Ripples						0.025599999999030842	8335.4608	9.20557604284731	153.60291671575646	838.0926491023805	
8336.306400000001	0.023999999999432475	Ripples						0.023999999999432475	8336.32	11.583019033354944	159.49006777910216	1088.0034901264335	
8338.8096	0.021600000000034925	Ripples						0.021600000000034925	8338.8248	5.655455589310164	159.36876457175526	695.4889698963574	
8338.9312	0.05199999999967986	Ripples						0.05199999999967986	8338.9496	8.259347305559327	158.76517467373588	983.8886201973127	
8347.944	0.04960000000028231	Ripples						0.04960000000028231	8347.959200000001	8.308978384271153	156.5339204465464	945.4288213861518	
8348.1056	0.022399999999834108	Ripples						0.022399999999834108	8348.1144	9.075316437822922	160.479313699528	927.2930808952456	
8361.4688	0.023999999999432475	Ripples						0.023999999999432475	8361.4824	9.952587185725001	162.29169607714064	1047.9245537424106	
8364.321600000001	0.02719999999862921	Ripples						0.02719999999862921	8364.3384	10.127131056578333	164.96143737616407	1062.6090019700976	
8365.0	61.0	SleepStates											REM
8427.0	2939.0	SleepStates											Awake
8440.7048	0.020000000000436557	Ripples						0.020000000000436557	8440.7152	7.3671119152855935	165.9133541375705	837.0039634816061	
8449.1896	0.04320000000006985	Ripples						0.04320000000006985	8449.206400000001	17.216168655816247	161.31411237492577	1524.4525696613362	
8453.3952	0.03839999999945576	Ripples						0.03839999999945576	8453.4128	11.593106083082006	163.38466752854032	1276.3473803520205	
8483.748	0.024000000001251465	Ripples						0.024000000001251465	8483.7584	8.385477778320793	159.56471118204138	950.1890723078523	
8487.1504	0.056000000000494765	Ripples						0.056000000000494765	8487.1856	19.277677562621967	156.55922497143152	1451.427990566906	
8502.1656	0.046399999999266583	Ripples						0.046399999999266583	8502.1872	9.831704137741527	148.38214089341704	936.1223342331471	
8504.0944	0.03280000000086147	Ripples						0.03280000000086147	8504.1096	9.397602625567814	151.46045392195813	860.3631818495427	
8505.9552	0.042400000000270666	Ripples						0.042400000000270666	8505.981600000001	6.58019463879011	160.35124672615441	897.2749500838715	
8506.924	0.03839999999945576	Ripples						0.03839999999945576	8506.9416	13.648716696464655	153.06385287326916	1105.570254860551	
8509.8448	0.025599999999030842	Ripples						0.025599999999030842	8509.8592	9.075496091608445	157.71756671005167	949.2401086433746	
8513.7736	0.03280000000086147	Ripples						0.03280000000086147	8513.792800000001	11.884313805260966	170.91274171019444	1177.0180633616274	
8521.938400000001	0.03439999999864085	Ripples						0.03439999999864085	8521.959200000001	14.94247137794077	160.9118982793805	1261.7712331223286	
8522.872000000001	0.031199999999444117	Ripples						0.031199999999444117	8522.887200000001	9.796812953797764	157.17282734795967	1005.6856348702548	
8537.7504	0.025599999999030842	Ripples						0.025599999999030842	8537.7656	5.675024929194755	154.09976017298897	721.1055111422701	
8538.0048	0.07679999999891152	Ripples						0.07679999999891152	8538.068000000001	14.524863278311534	153.8268219212074	1225.8465161771783	
8558.4536	0.02959999999984575	Ripples						0.02959999999984575	8558.4648	9.760883561920162	155.50471437380656	955.2317925576065	
8566.1008	0.021600000000034925	Ripples						0.021600000000034925	8566.1144	5.366143839982901	163.2159154061173	741.1884313100978	
8566.2048	0.04400000000168802	Ripples						0.04400000000168802	8566.224	10.029643584140066	143.5117094564344	837.6464214641339	
8570.1288	0.026400000000649015	Ripples						0.026400000000649015	8570.1368	7.616141154451126	169.38319862604047	846.1997048942384	
8573.4848	0.04800000000068394	Ripples						0.04800000000068394	8573.5216	15.863717865032724	155.68403175982382	1286.3819775917054	
8577.307200000001	0.021600000000034925	Ripples						0.021600000000034925	8577.316	7.912286152485984	165.4769701942051	939.1266488403837	
8600.183200000001	0.026399999998830026	Ripples						0.026399999998830026	8600.1888	5.264738996827586	157.69179916180192	778.47733108669	
8611.968	1403.7119666666658	epochs											
8639.706666666667	50.812866666667105	trials		left	none	1.0	True						
8692.7201	35.94243333333361	trials	0.0	left	right	1.0	True						
8729.796166666667	43.27763333333314	trials	1.0	right	right	1.0	False						
8768.575200000001	0.025599999999030842	Ripples						0.025599999999030842	8768.5864	58.282133644669315	170.9116819043659	1994.615872764255	
8775.174333333334	43.21093333333374	trials	1.0	left	left	1.0	False						
8819.652266666668	58.71486666666533	trials	0.0	left	right	1.0	False						
8884.902133333335	38.30969999999979	trials	1.0	right	right	1.0	False						
8929.613466666668	51.813099999999395	trials	1.0	left	left	1.0	False						
8951.0496	0.021600000000034925	Ripples						0.021600000000034925	8951.0584	6.33955634857101	166.17203550920166	860.9490534991282	
8952.2696	0.02080000000023574	Ripples						0.02080000000023574	8952.2808	6.294383500999464	162.44887408234413	817.2303584890541	
8977.7984	0.02080000000023574	Ripples						0.02080000000023574	8977.8096	5.587772907827003	163.16496524091158	790.0698959161513	
8982.526866666667	32.741633333333084	trials	1.0	right	right	1.0	False						
8998.8768	0.02080000000023574	Ripples						0.02080000000023574	8998.888	5.156589630854106	156.25840612767638	739.9340090747667	
9027.471566666667	56.3143	trials	1.0	left	left	1.0	False						
9087.520133333333	36.74263333333329	trials	1.0	right	right	1.0	False						
9121.343200000001	0.025599999999030842	Ripples						0.025599999999030842	9121.3544	66.67120826111231	168.41176522532467	2180.2954391758403	
9127.496933333334	92.19003333333421	trials	1.0	left	left	1.0	False						
9165.6088	0.025600000000849832	Ripples						0.025600000000849832	9165.6208	5.968918781957362	161.97650584020516	905.2380036560683	
9220.253766666667	28.740600000000995	trials	1.0	right	right	1.0	False						
9230.0888	0.02480000000105065	Ripples						0.02480000000105065	9230.1	45.307679419883705	167.0890017457193	1848.2778500089057	
9233.7152	0.042400000000270666	Ripples						0.042400000000270666	9233.7504	5.206120497009216	172.24680138591046	706.7847950191351	
9250.2947	38.60980000000018	trials	0.0	right	left	1.0	False						
9287.4104	0.0272000000004482	Ripples						0.0272000000004482	9287.415200000001	5.141188281286074	171.381707811001	602.9589220790582	
9296.139666666668	61.54893333333348	trials	0.0	right	left	1.0	False						
9344.699200000001	0.06959999999889988	Ripples						0.06959999999889988	9344.735200000001	6.320048915688923	166.26806281074036	848.8869247502942	
9345.676800000001	0.031199999999444117	Ripples						0.031199999999444117	9345.690400000001	6.7633093068567565	155.0150556478481	836.4994932275416	
9362.289766666667	22.772433333333538	trials	0.0	right	left	1.0	False						
9388.363033333335	53.613566666665065	trials	1.0	left	left	1.0	False						
9395.7304	0.028800000000046566	Ripples						0.028800000000046566	9395.7432	103.37175043623631	169.51978351083957	2840.201382518561	
9402.951200000001	0.046399999999266583	Ripples						0.046399999999266583	9402.968	11.513294069407971	169.80779723214366	1169.3741757289863	
9447.778066666668	25.439800000000105	trials	1.0	right	right	1.0	False						
9480.0216	0.02480000000105065	Ripples						0.02480000000105065	9480.0328	34.83122511495099	170.91808817120622	1683.9525194551939	
9481.553300000001	37.976300000000265	trials	1.0	left	left	1.0	False						
9526.698066666668	24.406199999999444	trials	0.0	left	right	1.0	False						
9556.372266666667	29.174066666666477	trials	1.0	right	right	1.0	False						
9563.268	0.06559999999990396	Ripples						0.06559999999990396	9563.300000000001	6.324643867699119	159.4941341354865	948.9176934702908	
9587.980266666667	45.91163333333316	trials	0.0	right	left	1.0	False						
9634.8588	62.48250000000007	trials	1.0	left	left	1.0	False						
9636.696	0.02080000000023574	Ripples						0.02080000000023574	9636.7072	5.200226035946492	156.30535941677502	758.0493555986166	
9648.1008	0.02959999999984575	Ripples						0.02959999999984575	9648.12	5.416137447206374	170.1352627812563	852.636687625886	
9649.6952	0.053600000001097214	Ripples						0.053600000001097214	9649.706400000001	6.645230384730666	157.84284289229032	819.9083313619122	
9659.32	0.022400000001653098	Ripples						0.022400000001653098	9659.3328	5.6047623811117235	165.59530918764503	816.585005077809	
9666.880000000001	0.02479999999923166	Ripples						0.02479999999923166	9666.893600000001	7.695447977778589	164.0312001272682	945.7911918367753	
9685.2864	0.037599999999656575	Ripples						0.037599999999656575	9685.313600000001	6.634779747838515	169.44435534301303	842.8689398544435	
9698.174866666668	38.17633333333288	trials	1.0	right	right	1.0	False						
9706.6592	0.026400000000649015	Ripples						0.026400000000649015	9706.6704	38.15909275323177	166.34943107075105	1738.6788720845936	
9737.1514	36.40923333333376	trials	1.0	left	left	1.0	False						
9780.062266666668	30.240999999999985	trials	1.0	right	right	1.0	False						
9793.0	0.03280000000086147	Ripples						0.03280000000086147	9793.0128	6.058892468114562	164.76702146270526	870.8809692003873	
9810.9608	0.028000000000247383	Ripples						0.028000000000247383	9810.972800000001	61.218152279912914	166.58371595781105	2222.960871399469	
9811.003433333333	32.24153333333379	trials	1.0	left	left	1.0	False						
9823.0952	0.08560000000034051	Ripples						0.08560000000034051	9823.1288	9.616463187901921	175.56817467431605	1092.80338205619	
9893.3456	0.037599999999656575	Ripples						0.037599999999656575	9893.3592	10.748153643834417	170.10299465826995	1093.578680621554	
9893.8688	0.03600000000005821	Ripples						0.03600000000005821	9893.8768	5.647537301242008	167.83142444710677	805.7325968901959	
9955.713600000001	0.023199999999633292	Ripples						0.023199999999633292	9955.7248	9.501425842394863	165.7439067491735	983.3423513335903	
10015.68	4528.799966666666	epochs											
10016.915200000001	0.039999999999054126	Ripples						0.039999999999054126	10016.944800000001	8.114728028576643	164.79248366829677	1049.0987991316879	
10017.0256	0.026399999998830026	Ripples						0.026399999998830026	10017.0408	13.370278383417883	166.18221038627834	1205.3603167253632	
10017.1432	0.023999999999432475	Ripples						0.023999999999432475	10017.1536	11.094372733595934	166.07708338382642	1056.0098700014323	
10017.3024	0.0319999999992433	Ripples						0.0319999999992433	10017.3272	5.093760893455648	149.39047046714575	668.9657775616275	
10018.7936	0.032799999999042484	Ripples						0.032799999999042484	10018.8128	6.243945710223956	165.83602684773234	878.6757045069692	
10021.332	0.03679999999985739	Ripples						0.03679999999985739	10021.3408	5.918647084803382	163.50689361924938	832.7797405427601	
10021.429600000001	0.02719999999862921	Ripples						0.02719999999862921	10021.437600000001	13.873067380810705	165.26992804684897	1111.0736365563303	
10021.5848	0.03440000000045984	Ripples						0.03440000000045984	10021.5984	7.453348093954529	154.53959172771002	881.0120015934796	
10022.2032	0.02480000000105065	Ripples						0.02480000000105065	10022.2176	7.5200341083446	155.80664703272572	877.4144503245407	
10023.1376	0.05280000000129803	Ripples						0.05280000000129803	10023.1752	10.957751729299538	164.15509698566726	1174.527884870078	
10024.6216	0.0904000000009546	Ripples						0.0904000000009546	10024.6296	7.164376052082053	166.0371036991581	932.5298790844178	
10069.8896	0.053599999999278225	Ripples						0.053599999999278225	10069.9064	14.850407485171612	164.75369940699167	1300.4455607118728	
10071.8024	0.05279999999947904	Ripples						0.05279999999947904	10071.813600000001	11.688541217508549	164.3544646202563	1192.7798587616003	
10072.5952	0.0632000000005064	Ripples						0.0632000000005064	10072.612000000001	14.15691043842488	163.5828272246164	1378.9180317841676	
10076.5328	0.03359999999884167	Ripples						0.03359999999884167	10076.5496	17.28203591122632	159.20085140051958	1389.8327357032813	
10097.1424	0.05279999999947904	Ripples						0.05279999999947904	10097.1856	5.565472824006361	158.44937699389678	869.3230335965153	
10108.313600000001	0.09359999999833235	Ripples						0.09359999999833235	10108.3928	10.23843421429484	159.10575995649634	982.092552280542	
10108.429600000001	0.06319999999868742	Ripples						0.06319999999868742	10108.4424	7.675785250068108	170.18088593992783	917.8899201557483	
10110.6632	0.10399999999935972	Ripples						0.10399999999935972	10110.7288	12.778226510632752	168.34328527881695	1287.0640295217875	
10113.7576	0.04079999999885331	Ripples						0.04079999999885331	10113.784800000001	9.669164751460984	155.500296641358	980.3867521846056	
10114.4944	0.022400000001653098	Ripples						0.022400000001653098	10114.5048	9.079289828382274	174.40752239223713	777.1573349144882	
10114.661600000001	0.053599999999278225	Ripples						0.053599999999278225	10114.6784	12.209525056821326	159.75626895481648	1146.722054574946	
10116.056	0.044799999999668216	Ripples						0.044799999999668216	10116.0696	7.8595386350216385	162.5436659319135	1076.4659223240458	
10120.4328	0.04399999999986903	Ripples						0.04399999999986903	10120.452000000001	10.78382822607999	174.52697473763922	1097.0902368869108	
10122.0544	0.028800000000046566	Ripples						0.028800000000046566	10122.0696	14.422023720634469	160.94231285052527	1312.5939237258458	
10125.4616	0.035200000000259024	Ripples						0.035200000000259024	10125.467200000001	6.555417974194383	172.90445926077533	664.799913405477	
10132.4328	0.06960000000071886	Ripples						0.06960000000071886	10132.4832	7.263355660125707	172.97072547301045	1000.3193991358671	
10141.9712	0.02080000000023574	Ripples						0.02080000000023574	10141.9824	6.244742323367884	168.71793349458343	769.8835758045742	
10142.053600000001	0.06079999999928987	Ripples						0.06079999999928987	10142.089600000001	15.786204104927238	173.1988079158351	1365.7887462355525	
10150.8896	0.030399999999644933	Ripples						0.030399999999644933	10150.9	6.6453764408991995	154.5003359359685	857.4504065278389	
10153.619200000001	0.04399999999986903	Ripples						0.04399999999986903	10153.6352	15.13207026616554	170.50629672564222	1342.9832840356046	
10153.8488	0.020000000000436557	Ripples						0.020000000000436557	10153.8616	5.875155351964432	169.64007851304385	778.3564092542223	
10155.9392	0.03679999999985739	Ripples						0.03679999999985739	10155.9472	5.0970930808549255	169.80805866326673	743.4316312784842	
10158.704800000001	0.0775999999987107	Ripples						0.0775999999987107	10158.7216	6.999594430259824	161.78955590677484	981.8681813913458	
10159.5192	0.025599999999030842	Ripples						0.025599999999030842	10159.5304	5.807522192915763	174.67148498964045	709.6137309829014	
10161.0712	0.0591999999996915	Ripples						0.0591999999996915	10161.081600000001	7.612716467300632	178.6899425967949	638.4555507779805	
10161.161600000001	0.037599999999656575	Ripples						0.037599999999656575	10161.184000000001	8.470220758445908	168.5311067728447	1054.1391096818813	
10164.7032	0.048800000000483124	Ripples						0.048800000000483124	10164.719200000001	7.562452224339251	180.33780447892852	796.0830397800734	
10169.0304	0.02080000000023574	Ripples						0.02080000000023574	10169.0416	6.559309736781115	167.49312590373162	847.9696516254334	
10172.3824	0.06960000000071886	Ripples						0.06960000000071886	10172.436800000001	13.47278625576042	173.8046434961	1201.2288217242858	
10178.5432	0.06639999999970314	Ripples						0.06639999999970314	10178.5592	13.406083745623675	169.16674087407674	1213.757898071865	
10178.6376	0.037599999999656575	Ripples						0.037599999999656575	10178.6496	6.520747375364953	154.54614677498395	741.7366176570844	
10180.356800000001	0.09279999999853317	Ripples						0.09279999999853317	10180.3848	6.985360505348716	162.6553716896076	847.9201647237604	
10182.1664	0.06160000000090804	Ripples						0.06160000000090804	10182.2176	6.8524496665887105	159.61506409478415	890.0038254360672	
10184.778400000001	0.03919999999925494	Ripples						0.03919999999925494	10184.808	6.966114918725018	166.59721274705353	857.7599508712105	
10190.038400000001	0.07119999999849824	Ripples						0.07119999999849824	10190.0552	15.774439671232974	162.0551997580255	1381.3581158042057	
10191.5368	0.028000000000247383	Ripples						0.028000000000247383	10191.5544	5.4300377631929075	160.39606206080282	838.4375182589959	
10192.3848	0.051199999999880674	Ripples						0.051199999999880674	10192.4024	10.867121520274564	167.4845496288732	1179.694270181721	
10192.7144	0.04160000000047148	Ripples						0.04160000000047148	10192.736	8.968915070212681	151.3367686527871	1014.0979776223359	
10193.7656	0.028800000000046566	Ripples						0.028800000000046566	10193.7816	7.3052858964213145	170.60201108801235	871.0708041919211	
10193.8528	0.023999999999432475	Ripples						0.023999999999432475	10193.864000000001	10.068518304143769	167.21784615273887	1017.1165710702879	
10196.4992	0.028800000000046566	Ripples						0.028800000000046566	10196.5128	5.275826423432998	178.81510920235903	620.7267353414713	
10196.7224	0.06960000000071886	Ripples						0.06960000000071886	10196.7552	12.522885600744996	167.3507469151991	1387.0424598117445	
10200.416000000001	0.044799999999668216	Ripples						0.044799999999668216	10200.4312	7.677290075279807	158.43146497842974	950.3481001683289	
10202.879200000001	0.02479999999923166	Ripples						0.02479999999923166	10202.893600000001	9.320491729419713	162.8391511003732	972.0090314587474	
10203.056	0.021600000000034925	Ripples						0.021600000000034925	10203.0648	7.530031635081278	160.59599517147464	908.5800899032467	
10203.8768	0.030399999999644933	Ripples						0.030399999999644933	10203.893600000001	5.910612337284848	152.50881311818634	858.1175350017991	
10205.423200000001	0.023999999999432475	Ripples						0.023999999999432475	10205.437600000001	5.998806006336872	158.21197122427304	803.945759126166	
10207.5664	0.02080000000023574	Ripples						0.02080000000023574	10207.5792	6.358600816231839	166.17134478260573	825.8548995587103	
10207.672	0.06079999999928987	Ripples						0.06079999999928987	10207.706400000001	10.455385633702397	156.610252769267	1057.677892336601	
10207.7888	0.0272000000004482	Ripples						0.0272000000004482	10207.8024	10.777608349336415	160.74943523040415	1119.9293474243993	
10208.342400000001	0.04799999999886495	Ripples						0.04799999999886495	10208.3544	8.432764236519303	178.53311988429166	873.8950704106373	
10209.9936	0.03200000000106229	Ripples						0.03200000000106229	10210.0184	5.6335909763163246	167.69156917197913	790.5435652788891	
10210.104800000001	0.04719999999906577	Ripples						0.04719999999906577	10210.1216	14.100936062292622	167.194637335834	1304.2774689622117	
10213.4416	0.04960000000028231	Ripples						0.04960000000028231	10213.456	8.355510491660661	164.05024791517516	1039.8834001724883	
10221.394400000001	0.04960000000028231	Ripples						0.04960000000028231	10221.4144	12.241667513758319	159.07970763153867	1306.273299697235	
10221.7224	0.0632000000005064	Ripples						0.0632000000005064	10221.7728	8.020807185859178	165.15709244720696	1005.2742688187478	
10222.084	0.05040000000008149	Ripples						0.05040000000008149	10222.124	5.564502381864935	172.23357715842718	657.2484457189198	
10223.306400000001	0.023999999999432475	Ripples						0.023999999999432475	10223.320800000001	5.557366356256955	161.09562265869008	818.0050588661273	
10228.1304	0.028800000000046566	Ripples						0.028800000000046566	10228.147200000001	9.729381453787797	168.11705211817352	1046.7082628242379	
10228.7472	0.02959999999984575	Ripples						0.02959999999984575	10228.7576	6.548165103533422	175.29564894056742	765.5987041499303	
10230.1248	0.06720000000132131	Ripples						0.06720000000132131	10230.1416	14.21077956378476	166.64373359090675	1297.081597559572	
10230.3848	0.03440000000045984	Ripples						0.03440000000045984	10230.3984	10.851665750334796	171.02043299011115	1073.562397509044	
10244.3016	0.09599999999954889	Ripples						0.09599999999954889	10244.3192	11.412650449649474	164.50086605133353	1179.0819243759381	
10248.5296	0.031200000001263106	Ripples						0.031200000001263106	10248.54	5.949824195283987	155.07633316877119	798.0192879948215	
10248.590400000001	0.02080000000023574	Ripples						0.02080000000023574	10248.6016	5.233936474673167	162.56231536472276	789.0721445748153	
10249.538400000001	0.026399999998830026	Ripples						0.026399999998830026	10249.5496	12.413053741385308	169.84900033349962	1052.7958509412574	
10249.608	0.11440000000038708	Ripples						0.11440000000038708	10249.633600000001	12.145590197967442	169.71801574432507	1167.1777071952224	
10250.720000000001	0.04959999999846332	Ripples						0.04959999999846332	10250.734400000001	9.482313220079181	169.00647823048618	1110.731398252994	
10256.7888	0.0408000000006723	Ripples						0.0408000000006723	10256.8048	10.189157474527729	173.48310360854464	1056.6003539089795	
10257.640000000001	0.032799999999042484	Ripples						0.032799999999042484	10257.6568	6.170378932392918	160.33572075604744	947.029623670214	
10257.7792	0.02479999999923166	Ripples						0.02479999999923166	10257.7872	8.378005117175075	155.78673806145105	870.5852223011289	
10260.980800000001	0.02479999999923166	Ripples						0.02479999999923166	10260.9992	6.545531707930996	170.15539575694476	778.0465989107183	
10264.2752	0.020000000000436557	Ripples						0.020000000000436557	10264.288	8.888393339532636	162.3278370307792	904.8823669044763	
10265.7904	0.02080000000023574	Ripples						0.02080000000023574	10265.7984	7.777529607982417	165.32195450300284	814.9716597864276	
10269.3664	0.05040000000008149	Ripples						0.05040000000008149	10269.4072	10.116563154040787	165.9504853187554	1043.1714418354647	
10271.829600000001	0.022399999999834108	Ripples						0.022399999999834108	10271.84	8.549416343578518	170.97015094725117	876.0569688578596	
10272.5472	0.06159999999908905	Ripples						0.06159999999908905	10272.5704	11.760656081536803	166.14453817997023	1174.9099836438409	
10273.9936	0.030400000001463923	Ripples						0.030400000001463923	10274.0016	5.0034778636256645	167.5926105382888	726.8355539448404	
10275.951200000001	0.027999999998428393	Ripples						0.027999999998428393	10275.9624	6.875553829709182	156.47956944657446	888.4905368977566	
10276.0864	0.022399999999834108	Ripples						0.022399999999834108	10276.0992	6.09552545502046	170.61346681083947	810.310516704181	
10281.220800000001	0.055999999998675776	Ripples						0.055999999998675776	10281.2536	6.607841600350219	160.7498230229914	891.6324090261941	
10282.6008	0.03360000000066066	Ripples						0.03360000000066066	10282.6176	9.009671174793029	162.10961004195622	1123.219033681229	
10291.6024	0.03440000000045984	Ripples						0.03440000000045984	10291.6136	6.7234405290142645	163.11729769456315	898.6995043239544	
10293.1088	0.035200000000259024	Ripples						0.035200000000259024	10293.1288	10.916663460790874	163.1410560584765	1139.3929350268568	
10293.2176	0.031200000001263106	Ripples						0.031200000001263106	10293.232	19.263536492027615	160.52434507151838	1476.430874729452	
10294.064	0.051199999999880674	Ripples						0.051199999999880674	10294.1024	8.675717595268935	163.42916890450633	1007.2880154453377	
10294.1488	0.046399999999266583	Ripples						0.046399999999266583	10294.1792	9.721752799793313	157.49879434645325	1064.442004652522	
10296.4192	0.0272000000004482	Ripples						0.0272000000004482	10296.4392	5.990929204418768	172.7311256088725	715.7891356943288	
10298.544	0.02320000000145228	Ripples						0.02320000000145228	10298.5552	7.4327605711804114	169.7345522355839	840.0680335292623	
10345.1856	0.02959999999984575	Ripples						0.02959999999984575	10345.204800000001	9.264159682488811	174.93181758853154	900.8011830113546	
10348.0488	0.03280000000086147	Ripples						0.03280000000086147	10348.060000000001	9.85743171599473	171.25286544529058	997.6414114951415	
10392.3184	0.05199999999967986	Ripples						0.05199999999967986	10392.3328	8.879458176123064	154.8939409562457	959.3400020553734	
10394.0232	0.042400000000270666	Ripples						0.042400000000270666	10394.04	9.596326308031996	180.23331171715597	866.7137840094508	
10394.1344	0.09839999999894644	Ripples						0.09839999999894644	10394.1504	12.234280961203702	162.13575556199459	1112.143966381784	
10395.6496	0.025599999999030842	Ripples						0.025599999999030842	10395.6656	7.791799842277444	173.1487865629752	752.7262421047794	
10396.112000000001	0.031199999999444117	Ripples						0.031199999999444117	10396.126400000001	8.255291764226733	157.4792329618454	1050.588041035368	
10397.1528	0.04560000000128639	Ripples						0.04560000000128639	10397.1664	5.693637444427723	170.00306867941595	816.1649828620992	
10397.2624	0.06000000000130967	Ripples						0.06000000000130967	10397.299200000001	11.989299627027428	158.13365046761353	1269.9629641371143	
10397.44	0.023199999999633292	Ripples						0.023199999999633292	10397.451200000001	10.558693702462588	171.3447611783981	983.2349425866632	
10402.6592	0.04160000000047148	Ripples						0.04160000000047148	10402.676000000001	11.051328551675674	162.325434497988	1188.3379246387096	
10402.727200000001	0.021600000000034925	Ripples						0.021600000000034925	10402.7384	5.3998337575517885	170.41115024873793	803.7459247160821	
10402.792800000001	0.02080000000023574	Ripples						0.02080000000023574	10402.8032	7.5222095388943915	170.46233497935958	863.500909089454	
10403.6488	0.04399999999986903	Ripples						0.04399999999986903	10403.6704	16.65425622543382	171.3035013832039	1434.7043724920622	
10405.1736	0.035200000000259024	Ripples						0.035200000000259024	10405.1928	13.914830097608705	166.02538024566277	1305.7088357674215	
10410.2952	0.04800000000068394	Ripples						0.04800000000068394	10410.321600000001	7.1631615643746445	182.32562281309436	849.5494209995879	
10415.9272	0.06240000000070722	Ripples						0.06240000000070722	10415.9784	16.227713518977666	159.62271452178854	1360.270001987793	
10419.4192	0.0455999999994674	Ripples						0.0455999999994674	10419.44	9.477084927209923	165.50960424665146	1094.5049355279077	
10435.9184	0.1000000000003638	Ripples						0.1000000000003638	10435.932	7.141816048884653	166.3092247797722	909.580593988445	
10436.0576	0.060800000001108856	Ripples						0.060800000001108856	10436.0952	6.978358105914044	173.96582773338068	779.212904129345	
10448.111200000001	0.06559999999990396	Ripples						0.06559999999990396	10448.1488	13.711967698663642	168.29820258406184	1319.500155573836	
10452.672	0.0455999999994674	Ripples						0.0455999999994674	10452.699200000001	11.194165928140118	174.34252405610067	1054.4111898538342	
10456.965600000001	0.0503999999982625	Ripples						0.0503999999982625	10456.976	6.851540474348431	167.7666180618162	817.8358898233315	
10457.728000000001	0.051199999999880674	Ripples						0.051199999999880674	10457.748800000001	19.26337738811925	166.67131281069538	1469.7070707737619	
10460.4648	0.04399999999986903	Ripples						0.04399999999986903	10460.480800000001	9.823703551946405	169.30861256749	1116.9718341901541	
10462.6088	0.023199999999633292	Ripples						0.023199999999633292	10462.619200000001	6.85722178523449	163.7630005150086	862.3018310879903	
10466.249600000001	0.058399999999892316	Ripples						0.058399999999892316	10466.2664	14.43137352173134	168.43521583793012	1342.5473369610907	
10466.6088	0.02480000000105065	Ripples						0.02480000000105065	10466.6232	9.60780472619721	158.47905600383285	1007.2510337132032	
10466.8696	0.022399999999834108	Ripples						0.022399999999834108	10466.8784	6.079362316576415	164.45809491013907	832.3249425209125	
10467.024800000001	0.022399999999834108	Ripples						0.022399999999834108	10467.039200000001	17.612370846015015	160.08880804641205	1208.8214574697702	
10472.1936	0.03679999999985739	Ripples						0.03679999999985739	10472.2104	11.8022447575174	157.82457161746987	1156.1982355081052	
10475.226400000001	0.05679999999847496	Ripples						0.05679999999847496	10475.2368	5.8466865521728115	159.50364941313143	818.7282297753491	
10494.8016	0.06799999999930151	Ripples						0.06799999999930151	10494.821600000001	17.094164457767427	161.61356644075565	1385.9396904831012	
10495.18	0.030399999999644933	Ripples						0.030399999999644933	10495.2	16.785504052266862	168.46574009859867	1308.3668013919048	
10496.0736	0.03360000000066066	Ripples						0.03360000000066066	10496.096800000001	8.321703957020834	177.77136035855227	887.6472239201437	
10497.012	0.035200000000259024	Ripples						0.035200000000259024	10497.031200000001	11.644104220880227	171.52824024068278	1104.8919182985733	
10497.894400000001	0.025599999999030842	Ripples						0.025599999999030842	10497.9048	10.252057447005079	168.44966625334573	1001.2561373953737	
10497.9408	0.025600000000849832	Ripples						0.025600000000849832	10497.9568	10.815246751412865	162.86786072013618	1010.4312538379769	
10499.3912	0.08560000000034051	Ripples						0.08560000000034051	10499.4128	12.202961832845066	159.76852175538386	1232.530834070696	
10501.4048	0.023199999999633292	Ripples						0.023199999999633292	10501.4184	8.296419317491575	168.95126494075106	904.6054175109924	
10501.792800000001	0.028000000000247383	Ripples						0.028000000000247383	10501.804	11.520631222825747	167.134155773559	1108.9374570545224	
10502.974400000001	0.026399999998830026	Ripples						0.026399999998830026	10502.9904	13.941671491392485	170.91811448107123	1133.2680490733362	
10503.3696	0.03440000000045984	Ripples						0.03440000000045984	10503.393600000001	7.127751170133278	168.63380473150337	935.8290096032022	
10505.6312	0.022399999999834108	Ripples						0.022399999999834108	10505.644	7.417894049223964	168.39340853608343	830.9313603952526	
10505.8632	0.028800000000046566	Ripples						0.028800000000046566	10505.879200000001	10.171954328561826	160.63077681851485	1080.0913697909953	
10506.8976	0.023999999999432475	Ripples						0.023999999999432475	10506.912	8.709676097339194	160.62926362517223	940.6115720572628	
10506.948	0.028000000000247383	Ripples						0.028000000000247383	10506.9648	11.38643592774641	160.1213344552982	1117.3288307464952	
10508.9	0.02320000000145228	Ripples						0.02320000000145228	10508.916000000001	5.3199521916303185	160.4793646517313	773.0310035072139	
10510.400800000001	0.02479999999923166	Ripples						0.02479999999923166	10510.416000000001	8.033075217254483	158.17263427052276	927.2564211043909	
10511.6656	0.08240000000114378	Ripples						0.08240000000114378	10511.68	13.741593241964798	154.62821465506605	1235.6251692291505	
10511.7904	0.02480000000105065	Ripples						0.02480000000105065	10511.808	6.09896476710789	151.34647365790903	687.787093324126	
10516.1504	0.03440000000045984	Ripples						0.03440000000045984	10516.1744	10.412522731242015	168.79629483347682	1060.5213840770634	
10516.26	0.03600000000005821	Ripples						0.03600000000005821	10516.2888	6.060960788064681	160.18126591450908	769.6487189840811	
10518.300000000001	0.023199999999633292	Ripples						0.023199999999633292	10518.3128	6.796904824106156	161.8778529262058	921.1127480927194	
10518.4904	0.0319999999992433	Ripples						0.0319999999992433	10518.504	15.320468794786052	171.9780205464635	1247.9696741799169	
10518.8264	0.024000000001251465	Ripples						0.024000000001251465	10518.836800000001	8.280099837611422	163.4267550675051	969.6648997748881	
10520.3192	0.06559999999990396	Ripples						0.06559999999990396	10520.343200000001	18.06164185743402	153.64708718079194	1213.9882017548382	
10521.136	0.046399999999266583	Ripples						0.046399999999266583	10521.1496	8.014941591014503	162.15695705170629	892.1150955824402	
10521.296	0.04399999999986903	Ripples						0.04399999999986903	10521.313600000001	20.869913052073674	157.7463594356042	1662.6290621267758	
10522.232	0.02959999999984575	Ripples						0.02959999999984575	10522.2512	9.979487346531752	171.37793792019775	1030.5800860769411	
10524.976	0.0727999999999156	Ripples						0.0727999999999156	10524.9896	12.282279568283206	163.23775259404536	1298.4462572626976	
10525.161600000001	0.039999999999054126	Ripples						0.039999999999054126	10525.1784	16.2416460180866	167.45019302139397	1305.1488694985983	
10525.306400000001	0.032799999999042484	Ripples						0.032799999999042484	10525.3256	14.171911808486549	170.85932601419148	1242.5955530157191	
10527.248800000001	0.04320000000006985	Ripples						0.04320000000006985	10527.2624	17.91817962450374	164.01098581307048	1373.8594897274686	
10530.7544	0.02480000000105065	Ripples						0.02480000000105065	10530.7688	7.471376893088318	159.49033625089334	958.2600112171767	
10531.816	0.031199999999444117	Ripples						0.031199999999444117	10531.84	6.451293702396397	151.4092497368589	699.4277132496017	
10531.9056	0.03280000000086147	Ripples						0.03280000000086147	10531.922400000001	8.089926648335643	173.07979263360843	994.4493956643386	
10532.912	0.028000000000247383	Ripples						0.028000000000247383	10532.9264	9.564909382478664	164.48496192323773	1129.737637849394	
10534.7984	0.022400000001653098	Ripples						0.022400000001653098	10534.8128	8.198364404259642	168.1284559584584	898.7724580354509	
10536.0928	0.03839999999945576	Ripples						0.03839999999945576	10536.1096	7.8409731153434885	160.6936014366356	893.2003606375183	
10536.626400000001	0.03439999999864085	Ripples						0.03439999999864085	10536.647200000001	17.931442272024807	162.07410080228382	1465.152046825163	
10630.0592	0.04800000000068394	Ripples						0.04800000000068394	10630.0872	7.000900596534338	154.02372623810166	963.7313115647734	
10639.010400000001	0.03439999999864085	Ripples						0.03439999999864085	10639.032000000001	6.747473031669327	172.47788407974576	926.8083591705122	
10639.1744	0.030400000001463923	Ripples						0.030400000001463923	10639.1872	5.734615913326632	178.9048284358492	686.3591729984028	
10726.2456	0.031199999999444117	Ripples						0.031199999999444117	10726.2592	7.042353614924395	173.45120752928267	769.6732979763296	
10726.324	0.0319999999992433	Ripples						0.0319999999992433	10726.343200000001	12.526146513145273	162.89049720917336	1206.0682737319494	
10729.0208	0.025600000000849832	Ripples						0.025600000000849832	10729.036	6.506273044266001	152.72729467187781	810.1066922981471	
10729.3952	0.046399999999266583	Ripples						0.046399999999266583	10729.432	10.290904701695418	164.24229010444304	988.4893662878754	
10729.480800000001	0.027999999998428393	Ripples						0.027999999998428393	10729.4936	6.888278149011827	173.37986498260318	823.2442737415059	
10855.509600000001	0.02079999999841675	Ripples						0.02079999999841675	10855.517600000001	10.973304248926654	169.72032953019684	927.2783114618596	
10855.5648	0.06480000000010477	Ripples						0.06480000000010477	10855.5944	15.936422232761137	162.54103698350428	1409.7427678859858	
10874.3184	0.06719999999950232	Ripples						0.06719999999950232	10874.332	18.439113534367987	172.00982102086405	1286.9024966638285	
10874.458400000001	0.04159999999865249	Ripples						0.04159999999865249	10874.4832	13.92823503617663	163.27849860781765	1257.7689147726267	
10876.3312	0.06480000000010477	Ripples						0.06480000000010477	10876.3704	9.7525346992071	162.40568477221123	1136.0586947547326	
10878.9288	0.024000000001251465	Ripples						0.024000000001251465	10878.9424	7.1991870459622636	166.64458106500808	975.1360666309685	
10878.974400000001	0.02959999999984575	Ripples						0.02959999999984575	10878.9856	9.852522610158374	171.35636475732315	1013.5812282100852	
10882.4712	0.03280000000086147	Ripples						0.03280000000086147	10882.4856	15.983718847351058	175.06722206084854	1260.3575337132704	
10885.0368	0.05040000000008149	Ripples						0.05040000000008149	10885.0504	6.149405939475144	176.87181403185826	705.2477602158539	
10885.1136	0.0319999999992433	Ripples						0.0319999999992433	10885.132800000001	13.171012773750546	170.95868855431743	1200.0980666704359	
10885.169600000001	0.048799999998664134	Ripples						0.048799999998664134	10885.198400000001	7.919264615052895	161.19667032554452	937.3382436804015	
10885.8256	0.028000000000247383	Ripples						0.028000000000247383	10885.836000000001	9.01782381747469	173.66518862560443	888.8776872370507	
10887.74	0.02480000000105065	Ripples						0.02480000000105065	10887.7536	6.919593048103022	156.4712451535214	874.7525384578327	
10887.8176	0.03200000000106229	Ripples						0.03200000000106229	10887.8256	6.524707494742308	156.33510531305797	787.8602775443067	
10888.481600000001	0.058399999999892316	Ripples						0.058399999999892316	10888.4936	8.396758702752617	148.93740885101607	768.3622036474274	
10890.213600000001	0.031199999999444117	Ripples						0.031199999999444117	10890.233600000001	10.056001437817915	160.41295707441407	1052.3215452444945	
10890.3776	0.024000000001251465	Ripples						0.024000000001251465	10890.3912	11.326955142775889	163.20163192864774	1072.208832184031	
10891.2304	0.044799999999668216	Ripples						0.044799999999668216	10891.248000000001	23.955612743733433	159.33716633715832	1763.1445492000237	
10891.336800000001	0.025599999999030842	Ripples						0.025599999999030842	10891.3552	5.478402546913942	173.4854731639189	589.1552270183046	
10894.9832	0.08400000000074215	Ripples						0.08400000000074215	10895.017600000001	10.477473120975027	170.17517410529823	1095.0816200116637	
10895.5552	0.09200000000055297	Ripples						0.09200000000055297	10895.604800000001	12.391614634469548	156.771526497852	1394.3595671783544	
10898.379200000001	0.05519999999887659	Ripples						0.05519999999887659	10898.4208	14.191605374379595	163.02221143389912	1186.1848076084668	
10902.220000000001	0.0455999999994674	Ripples						0.0455999999994674	10902.2304	5.184173946358502	165.05226171662352	861.9628632425006	
10902.3272	0.03360000000066066	Ripples						0.03360000000066066	10902.3384	10.444615983965264	172.21292965812583	1003.8555533284203	
10903.278400000001	0.048799999998664134	Ripples						0.048799999998664134	10903.2976	20.301725255944362	172.08452399156093	1514.1479882622896	
10903.872800000001	0.031199999999444117	Ripples						0.031199999999444117	10903.8832	8.249714279733206	180.1527464638692	732.0735788259307	
10904.008	0.04320000000006985	Ripples						0.04320000000006985	10904.024000000001	15.635902329056055	168.8823075196407	1324.2898461140612	
10911.36	0.06639999999970314	Ripples						0.06639999999970314	10911.3832	24.236497452508818	157.75936132016773	1683.593337076275	
10911.5704	0.048800000000483124	Ripples						0.048800000000483124	10911.608	10.548657731951407	156.65358974889693	1032.3936675155949	
10919.0272	0.040000000000873115	Ripples						0.040000000000873115	10919.0544	15.335193403221696	173.81666544982085	1236.0922488192232	
10931.6512	0.021600000000034925	Ripples						0.021600000000034925	10931.6656	6.432863482977872	156.3516025248001	801.5547114667794	
10938.987200000001	0.0455999999994674	Ripples						0.0455999999994674	10939.0152	8.025699195014353	146.76097287072932	890.1524372552171	
10943.632000000001	0.0503999999982625	Ripples						0.0503999999982625	10943.6664	14.485685282315021	160.23799628293722	1249.5437880576344	
10946.4536	0.11759999999958382	Ripples						0.11759999999958382	10946.4704	24.90911943260852	169.50484914213305	1588.1920013338124	
10946.6232	0.023199999999633292	Ripples						0.023199999999633292	10946.6392	7.991097588939573	168.20861526120856	892.1721057840756	
10947.5928	0.046399999999266583	Ripples						0.046399999999266583	10947.616	27.48996624506741	170.14659103093481	1722.8428334097723	
10947.6864	0.031199999999444117	Ripples						0.031199999999444117	10947.7008	10.127958116789767	155.9304977575969	999.594559392153	
10949.156	0.05519999999887659	Ripples						0.05519999999887659	10949.1936	7.633487313986198	175.20437001381424	983.5000098819904	
10957.5328	0.026399999998830026	Ripples						0.026399999998830026	10957.5448	5.958287098223156	148.81884140314938	728.7220689903253	
10959.952000000001	0.06159999999908905	Ripples						0.06159999999908905	10959.9968	14.695509720671732	158.8060248152836	1357.7586883576564	
10960.036	0.048800000000483124	Ripples						0.048800000000483124	10960.0624	18.326867992822223	171.0640125022288	1420.4630713487209	
10969.5912	0.021600000000034925	Ripples						0.021600000000034925	10969.6	10.605294720389626	165.91649001408234	1009.5979841787029	
10977.524800000001	0.03919999999925494	Ripples						0.03919999999925494	10977.548	9.907034026787116	162.96030117184375	1185.9538107396995	
10977.6352	0.037599999999656575	Ripples						0.037599999999656575	10977.654400000001	21.090640195250945	172.1808216096602	1513.6417586653956	
10979.654400000001	0.044799999999668216	Ripples						0.044799999999668216	10979.6816	21.68565277031503	171.66560424011573	1533.874163408843	
10980.348	0.02080000000023574	Ripples						0.02080000000023574	10980.3608	8.250732045951843	162.17674670218486	961.887470009748	
10980.468	0.0319999999992433	Ripples						0.0319999999992433	10980.487200000001	17.79064364458476	164.14151405691686	1406.4685189416366	
10981.7072	0.07840000000032887	Ripples						0.07840000000032887	10981.724	24.536055833605253	167.47325102411295	1643.1890573499732	
10983.900800000001	0.02479999999923166	Ripples						0.02479999999923166	10983.915200000001	7.39469272470279	158.3529083612707	883.1502041567238	
10984.233600000001	0.04399999999986903	Ripples						0.04399999999986903	10984.2648	5.322409869007064	166.71038111090326	767.0529755392013	
10984.474400000001	0.03359999999884167	Ripples						0.03359999999884167	10984.4896	17.449198270462542	159.51232092228983	1303.0805779830143	
10985.1312	0.04560000000128639	Ripples						0.04560000000128639	10985.1448	6.379656947351709	167.52117944574226	901.4467253700408	
10986.828800000001	0.03839999999945576	Ripples						0.03839999999945576	10986.8536	8.884457698306884	160.10350729386047	973.4774403577812	
10987.012	0.03360000000066066	Ripples						0.03360000000066066	10987.0352	7.645247210493813	152.65828148740255	780.4541339914823	
10988.110400000001	0.06639999999970314	Ripples						0.06639999999970314	10988.1312	16.827965712370197	163.31543061658934	1430.9927654979006	
10988.2592	0.05040000000008149	Ripples						0.05040000000008149	10988.299200000001	7.982228514094598	163.94766445479007	930.3759246124054	
10989.2608	0.07120000000031723	Ripples						0.07120000000031723	10989.285600000001	19.15677363395505	171.20783408214155	1486.707115257676	
10989.3928	0.03280000000086147	Ripples						0.03280000000086147	10989.4096	29.539384289190316	162.89743004387464	1853.7738414553155	
11012.0792	0.1136000000005879	Ripples						0.1136000000005879	11012.168	19.035771620491914	163.44355002438346	1542.378596158785	
11014.8488	0.0408000000006723	Ripples						0.0408000000006723	11014.86	9.006411725936388	168.1588790646558	1006.5925910285802	
11016.6928	0.022399999999834108	Ripples						0.022399999999834108	11016.704	6.606596558550399	163.66539628442712	827.2254633346641	
11018.0344	0.03839999999945576	Ripples						0.03839999999945576	11018.0504	14.774183574524853	164.30044027917603	1360.1919073105964	
11024.1232	0.02080000000023574	Ripples						0.02080000000023574	11024.1344	13.481954440383722	163.76387689290527	1119.1091099965197	
11026.7368	0.06480000000010477	Ripples						0.06480000000010477	11026.7584	12.527499767254303	162.92198567080897	1202.039398518323	
11027.8328	0.028000000000247383	Ripples						0.028000000000247383	11027.8488	6.022144421188874	181.11918004052475	670.506860905675	
11027.9624	0.03200000000106229	Ripples						0.03200000000106229	11027.974400000001	8.680847951508222	155.82724598947337	923.725590831967	
11030.742400000001	0.02959999999984575	Ripples						0.02959999999984575	11030.7616	8.550164805540234	166.5718492864176	991.2500278250809	
11030.8256	0.03200000000106229	Ripples						0.03200000000106229	11030.84	17.520374170711804	168.6631135558577	1410.1960414626951	
11034.5784	0.023199999999633292	Ripples						0.023199999999633292	11034.588800000001	6.767173088480192	168.71503940462205	849.6589069921232	
11037.3776	0.0408000000006723	Ripples						0.0408000000006723	11037.3912	10.826420214194945	169.10315234708563	994.2117009456181	
11038.44	0.0768000000007305	Ripples						0.0768000000007305	11038.4504	7.486455217319237	161.96004142514064	863.7620152147393	
11038.611200000001	0.044799999999668216	Ripples						0.044799999999668216	11038.6232	10.765389428948332	157.81992662933686	960.7500342865226	
11041.884	0.03360000000066066	Ripples						0.03360000000066066	11041.8976	9.623627485480673	160.64006475114758	1055.27060152576	
11067.428	0.048800000000483124	Ripples						0.048800000000483124	11067.4632	6.79781533427448	153.2841407406743	945.7449772576613	
11072.8544	0.03600000000005821	Ripples						0.03600000000005821	11072.8736	17.038521603813464	170.02783070909382	1411.9299903286712	
11074.128	0.09439999999995052	Ripples						0.09439999999995052	11074.192000000001	14.707805370459315	148.69944888920216	1396.9224612573066	
11080.922400000001	0.04959999999846332	Ripples						0.04959999999846332	11080.9392	16.30620770237055	157.2919082054796	1352.884086345557	
11081.016	0.02480000000105065	Ripples						0.02480000000105065	11081.0304	12.013901689340695	162.8681649509722	1159.4632896870899	
11084.0328	0.03679999999985739	Ripples						0.03679999999985739	11084.0504	15.796044883878285	162.9502226407515	1424.6980100000314	
11090.2432	0.08480000000054133	Ripples						0.08480000000054133	11090.312	16.05382468780379	163.74327423054288	1273.4660936985815	
11094.1856	0.04399999999986903	Ripples						0.04399999999986903	11094.2104	9.862687683133188	170.18730072968222	1107.5742100658101	
11095.1376	0.03679999999985739	Ripples						0.03679999999985739	11095.155200000001	15.103786567575264	164.27665708764366	1367.6245588612821	
11099.6744	0.040000000000873115	Ripples						0.040000000000873115	11099.6824	5.2143259273246425	151.1630225794672	631.7927971171177	
11100.7376	0.035200000000259024	Ripples						0.035200000000259024	11100.7504	19.273369809209854	168.19971568070955	1331.0468156433642	
11101.1144	0.07760000000052969	Ripples						0.07760000000052969	11101.168800000001	10.684834220709893	160.21616076490236	1156.0759827303189	
11103.828000000001	0.02479999999923166	Ripples						0.02479999999923166	11103.8408	11.8247923218821	168.73953370844595	1084.648405463538	
11103.8808	0.08239999999932479	Ripples						0.08239999999932479	11103.894400000001	17.458033826201024	166.063825443215	1422.8028874506379	
11104.0	0.05280000000129803	Ripples						0.05280000000129803	11104.0136	16.988007703128915	160.9938331245657	1344.5543680088033	
11106.692000000001	0.04719999999906577	Ripples						0.04719999999906577	11106.7088	8.63366902555508	178.70495442973322	849.9175855392925	
11106.8344	0.02080000000023574	Ripples						0.02080000000023574	11106.8448	7.533140170497711	159.4295623156118	876.7996166821096	
11107.2512	0.03440000000045984	Ripples						0.03440000000045984	11107.2728	21.09096570387489	168.68871194279254	1468.0370344573332	
11108.887200000001	0.028000000000247383	Ripples						0.028000000000247383	11108.8984	7.072726250601346	162.81960768665172	939.0889041544107	
11109.060000000001	0.07439999999951397	Ripples						0.07439999999951397	11109.1	8.378796155827926	165.0972988323168	952.8473608390264	
11115.879200000001	0.02479999999923166	Ripples						0.02479999999923166	11115.893600000001	5.822737729790565	155.64824943200193	730.5129440748715	
11116.4192	0.051199999999880674	Ripples						0.051199999999880674	11116.4272	9.427439683885723	166.69571132309238	921.089545291638	
11117.0288	0.030399999999644933	Ripples						0.030399999999644933	11117.0416	6.665221131559545	163.80409930330842	821.4181343176017	
11117.9096	0.035200000000259024	Ripples						0.035200000000259024	11117.9208	8.435430515048733	154.63431446756366	931.6607154137427	
11118.839999999998	0.09599999999954889	Ripples						0.09599999999954889	11118.879999999997	16.198621870394952	152.68649214748007	1251.458268202623	
11124.263199999998	0.044799999999668216	Ripples						0.044799999999668216	11124.272799999997	12.27378986441365	167.0886847207373	1070.5900094459598	
11128.822399999997	0.042400000000270666	Ripples						0.042400000000270666	11128.835999999998	9.747768369554787	167.46242877613335	1018.1305331565152	
11129.082399999998	0.07200000000011642	Ripples						0.07200000000011642	11129.120799999999	19.657632266327784	165.69586530582546	1627.9440743785315	
11130.887199999997	0.024000000001251465	Ripples						0.024000000001251465	11130.900799999998	7.722197878962393	164.0215357001365	879.1807698858096	
11141.395199999997	0.020000000000436557	Ripples						0.020000000000436557	11141.402399999997	6.432935458521526	164.02675172350786	768.9645966739379	
11142.732799999998	0.039999999999054126	Ripples						0.039999999999054126	11142.753599999998	23.723406053540163	170.66849759904642	1682.7860968244715	
11145.381599999997	0.028000000000247383	Ripples						0.028000000000247383	11145.395199999997	6.609747719259678	157.59622626127623	873.3222517937753	
11150.002399999998	0.05999999999949068	Ripples						0.05999999999949068	11150.024799999997	13.32759279280777	170.55594862870805	1306.432314044877	
11150.456799999998	0.031199999999444117	Ripples						0.031199999999444117	11150.474399999997	6.035096645386299	165.6294049198434	921.434742174757	
11150.517599999997	0.044799999999668216	Ripples						0.044799999999668216	11150.549599999998	15.45207489295901	168.12406425790846	1340.5827936703374	
11151.314399999997	0.03440000000045984	Ripples						0.03440000000045984	11151.326399999998	10.859271483141706	158.7216798349161	1127.6761629181312	
11152.093599999998	0.05279999999947904	Ripples						0.05279999999947904	11152.115199999998	11.962546843118115	150.5584817145451	1064.1651283410945	
11153.631999999998	0.042400000000270666	Ripples						0.042400000000270666	11153.646399999998	15.709285775308476	168.87320097744416	1335.5306000843784	
11153.733599999998	0.0455999999994674	Ripples						0.0455999999994674	11153.747999999998	8.526130971619931	172.7183549486389	925.772735134144	
11154.587199999998	0.02080000000023574	Ripples						0.02080000000023574	11154.599999999999	7.131859989316005	162.9860596413373	872.4562371658577	
11154.995199999998	0.07439999999951397	Ripples						0.07439999999951397	11155.055999999999	11.155675360083698	156.86966822915198	1190.7349168014252	
11155.167199999998	0.030399999999644933	Ripples						0.030399999999644933	11155.184799999997	14.96161658285799	165.38726578317406	1373.5395858147165	
11157.035999999998	0.028000000000247383	Ripples						0.028000000000247383	11157.050399999998	7.520433801590776	165.69607245015976	908.4221523604565	
11157.809599999999	0.046399999999266583	Ripples						0.046399999999266583	11157.839199999999	14.865728203128823	160.82371390820816	1361.33795917256	
11162.881599999997	0.1136000000005879	Ripples						0.1136000000005879	11162.973599999998	21.77836711638456	167.27402309193474	1604.9024398882361	
11163.092799999999	0.03679999999985739	Ripples						0.03679999999985739	11163.114399999999	21.627990338835815	168.6876543603329	1503.621784864803	
11164.998399999999	0.1415999999990163	Ripples						0.1415999999990163	11165.011999999997	11.48182724886175	167.2413582788596	1153.8169180677837	
11168.349599999998	0.0864000000001397	Ripples						0.0864000000001397	11168.383999999998	16.402871278557857	156.2511974099544	1225.604897304051	
11170.667999999998	0.023199999999633292	Ripples						0.023199999999633292	11170.675999999998	10.068298988129634	168.3226427810956	989.6425537026472	
11170.846399999999	0.039999999999054126	Ripples						0.039999999999054126	11170.864799999998	13.186319885268912	151.9275937269162	1133.663305211738	
11172.107199999999	0.0319999999992433	Ripples						0.0319999999992433	11172.121599999999	12.920944203127824	161.90971102202096	1222.421628796176	
11172.962399999999	0.028800000000046566	Ripples						0.028800000000046566	11172.975999999999	9.135840575476815	172.1929710219077	1011.71928650395	
11174.863999999998	0.03280000000086147	Ripples						0.03280000000086147	11174.871199999998	5.357324112966879	155.19245305479717	737.9732684709046	
11174.974399999997	0.028000000000247383	Ripples						0.028000000000247383	11174.992799999998	13.148019192621769	166.8777520580555	1148.2924205427096	
11175.134399999997	0.020000000000436557	Ripples						0.020000000000436557	11175.141599999997	5.049467326526292	164.76250802389714	691.305221618791	
11178.078399999999	0.02959999999984575	Ripples						0.02959999999984575	11178.095199999998	23.84651454099359	168.76693339472777	1517.8565964305506	
11178.606399999999	0.05439999999907741	Ripples						0.05439999999907741	11178.635199999997	14.548951170778759	150.6283162624058	1037.3003483628033	
11178.779199999997	0.028000000000247383	Ripples						0.028000000000247383	11178.797599999998	20.07041582508022	169.08372121483745	1293.8549354587492	
11179.152799999998	0.03679999999985739	Ripples						0.03679999999985739	11179.163999999997	7.131174263914131	169.93660013154496	909.1034449724558	
11182.623199999998	0.03839999999945576	Ripples						0.03839999999945576	11182.643199999999	14.588587784940556	169.5411439645515	1245.8648452061	
11183.766399999999	0.06079999999928987	Ripples						0.06079999999928987	11183.813599999998	10.595648462402002	168.1016265751045	1008.8550701665655	
11185.814399999997	0.06960000000071886	Ripples						0.06960000000071886	11185.835999999998	11.15216179978738	153.96720986892737	1067.7730503088442	
11187.787999999999	0.05199999999967986	Ripples						0.05199999999967986	11187.807199999997	15.039740226707075	160.40757651762428	1272.4484150545593	
11188.474399999997	0.07440000000133296	Ripples						0.07440000000133296	11188.491999999998	14.478277226587576	158.6613313042119	1206.141965058529	
11188.610399999998	0.03360000000066066	Ripples						0.03360000000066066	11188.630399999998	18.25614249059478	163.91830783322828	1517.0327795210774	
11191.131999999998	0.04399999999986903	Ripples						0.04399999999986903	11191.143199999999	9.469711429940551	169.38064822927737	1010.1079480256827	
11191.259199999999	0.03359999999884167	Ripples						0.03359999999884167	11191.272799999997	14.8285603900154	163.0983894202558	1266.5368799857533	
11191.610399999998	0.0272000000004482	Ripples						0.0272000000004482	11191.619999999997	5.7797168269193335	178.29881235205204	685.8281015199119	
11192.333599999998	0.030399999999644933	Ripples						0.030399999999644933	11192.343199999998	6.872582231862257	161.34459605911246	830.6672337453014	
11192.511199999997	0.03840000000127475	Ripples						0.03840000000127475	11192.527999999998	13.676276872873018	153.02800308831235	1092.6583368417173	
11194.231999999998	0.031199999999444117	Ripples						0.031199999999444117	11194.247999999998	9.86294486279975	174.9103146581647	981.2951172908681	
11194.604799999997	0.02959999999984575	Ripples						0.02959999999984575	11194.621599999999	15.135752287449348	172.9169156848751	1197.0374862665515	
11194.839199999999	0.04320000000006985	Ripples						0.04320000000006985	11194.850399999998	7.288245838736483	153.80105454870534	862.7654329431097	
11195.418399999999	0.04079999999885331	Ripples						0.04079999999885331	11195.440799999998	11.381678047546663	149.06499889426775	1047.0409017960408	
11197.289599999998	0.02080000000023574	Ripples						0.02080000000023574	11197.298399999998	8.158956724713384	163.33592470542163	932.9087834023727	
11199.602399999998	0.03679999999985739	Ripples						0.03679999999985739	11199.613599999999	9.066376150208482	174.42295701013862	907.5229955927123	
11199.688799999998	0.048800000000483124	Ripples						0.048800000000483124	11199.716799999998	17.165014067755724	165.51854348647808	1480.5731694062358	
11201.999199999998	0.04799999999886495	Ripples						0.04799999999886495	11202.021599999998	20.67450172762658	167.56818220479826	1591.2998644470713	
11202.111199999998	0.03280000000086147	Ripples						0.03280000000086147	11202.128799999999	22.270813946300006	164.2984044134128	1592.063311152384	
11204.771199999997	0.053600000001097214	Ripples						0.053600000001097214	11204.795199999999	14.618071946247136	154.65015783462314	1301.5131608640538	
11208.266399999999	0.11039999999957217	Ripples						0.11039999999957217	11208.319999999998	16.507420590068495	155.8392154957904	1493.8309879255646	
11208.531199999998	0.03440000000045984	Ripples						0.03440000000045984	11208.545599999998	11.733951428521403	151.01828421694813	1114.087267701651	
11211.384799999998	0.02080000000023574	Ripples						0.02080000000023574	11211.398399999998	7.681574631337971	160.84164945432906	852.662319553533	
11211.437599999997	0.05199999999967986	Ripples						0.05199999999967986	11211.451199999998	9.358476255128522	158.6192397817112	1047.7352105728994	
11214.205599999998	0.06559999999990396	Ripples						0.06559999999990396	11214.237599999999	10.808941655337827	177.52035590907127	948.1329699874418	
11216.873599999997	0.04160000000047148	Ripples						0.04160000000047148	11216.894399999997	8.999933799905444	153.0863381732231	964.6241724071058	
11216.982399999997	0.048800000000483124	Ripples						0.048800000000483124	11217.001599999998	18.840051057115392	161.9836080215021	1544.3889017143454	
11218.431199999997	0.04960000000028231	Ripples						0.04960000000028231	11218.458399999998	9.192029822746356	154.0389292638801	972.7626647888552	
11234.342399999998	0.03360000000066066	Ripples						0.03360000000066066	11234.360799999999	13.698377912566876	170.28283518445448	1234.6469770658848	
11258.719199999998	0.040000000000873115	Ripples						0.040000000000873115	11258.742399999997	7.629416307518664	157.8382188408808	986.8914132068738	
11261.977599999998	0.03600000000005821	Ripples						0.03600000000005821	11261.991199999999	10.315076131233015	163.96777575252003	1121.8431718135698	
11263.320799999998	0.04320000000006985	Ripples						0.04320000000006985	11263.345599999999	17.98890052040779	167.53193887810235	1433.3704429309698	
11270.975199999997	0.03440000000045984	Ripples						0.03440000000045984	11270.988799999997	21.6765382582828	161.4817006563852	1516.7260019165274	
11272.759999999998	0.039999999999054126	Ripples						0.039999999999054126	11272.776799999998	12.951699756374667	153.56528925474692	1091.945416667989	
11274.800799999997	0.05040000000008149	Ripples						0.05040000000008149	11274.815199999997	15.989506262069634	155.63659192350394	1337.8916629861676	
11277.129599999998	0.028000000000247383	Ripples						0.028000000000247383	11277.143999999998	17.16520115119382	164.5850311241032	1368.0170018164229	
11279.683999999997	0.03360000000066066	Ripples						0.03360000000066066	11279.710399999998	10.341732645341578	164.42449592454486	915.7354912168504	
11283.099199999999	0.02719999999862921	Ripples						0.02719999999862921	11283.115999999998	11.518079859985962	164.07731706061818	1144.4492847141835	
11283.663199999997	0.04320000000006985	Ripples						0.04320000000006985	11283.679199999999	11.548993801038474	170.88330263069957	1186.8429772887248	
11283.807999999997	0.03280000000086147	Ripples						0.03280000000086147	11283.827999999998	8.183482675778478	156.7685351403168	982.8253061872166	
11285.831199999999	0.02079999999841675	Ripples						0.02079999999841675	11285.844799999997	9.94197399973441	160.34063440391694	872.2481786061446	
11286.064799999998	0.022399999999834108	Ripples						0.022399999999834108	11286.075999999997	10.980500343839829	164.64180336597838	1045.865317495925	
11291.961599999999	0.04079999999885331	Ripples						0.04079999999885331	11291.986399999998	8.99610561479127	167.47113975008918	1097.3411564734438	
11292.251999999999	0.02719999999862921	Ripples						0.02719999999862921	11292.266399999999	5.010710869789278	166.8656287620613	853.6287921264535	
11293.292799999997	0.028800000000046566	Ripples						0.028800000000046566	11293.309599999999	16.22590102142622	170.28630937822345	1273.930800070575	
11293.663999999997	0.03840000000127475	Ripples						0.03840000000127475	11293.687199999998	16.576383800311145	167.05048558564388	1374.3546784339644	
11295.847199999998	0.08719999999993888	Ripples						0.08719999999993888	11295.901599999997	14.745952333844262	169.35141186241466	1168.1085863252447	
11296.053599999997	0.021600000000034925	Ripples						0.021600000000034925	11296.067199999998	11.221556058893354	159.58700462378982	1043.168237667276	
11299.263999999997	0.031200000001263106	Ripples						0.031200000001263106	11299.281599999998	8.882109026751575	157.23779566861634	993.2530900268558	
11305.082399999998	0.035200000000259024	Ripples						0.035200000000259024	11305.110399999998	5.567285356938393	163.37023017541682	745.0254111344417	
11305.596799999998	0.08719999999993888	Ripples						0.08719999999993888	11305.666399999998	13.095341172502682	158.38639432692264	1124.6227233129835	
11305.767999999998	0.04160000000047148	Ripples						0.04160000000047148	11305.781599999998	12.665011483831	169.60411218650202	1032.6706412738129	
11325.223999999998	0.037599999999656575	Ripples						0.037599999999656575	11325.243999999999	15.053191986038781	162.57059018848724	1432.135469207478	
11347.880799999997	0.028000000000247383	Ripples						0.028000000000247383	11347.891199999998	8.381066672717072	171.07891018534895	923.0218748430325	
11367.0	1694.0	SleepStates											Non-REM
11372.642399999997	0.06720000000132131	Ripples						0.06720000000132131	11372.667199999998	16.387987330224398	173.62416302319667	1318.64791548273	
11374.583999999997	0.037600000001475564	Ripples						0.037600000001475564	11374.608799999998	12.45995435566412	167.44274584736056	1187.2233198063057	
11379.519999999999	0.14239999999881547	Ripples						0.14239999999881547	11379.561599999997	19.755319609512348	154.1026571299875	1536.6307099741248	
11381.716799999998	0.051199999999880674	Ripples						0.051199999999880674	11381.743999999999	14.290013713517553	175.86856124413262	1203.9049602554167	
11386.579199999998	0.031199999999444117	Ripples						0.031199999999444117	11386.590399999997	11.85975764959097	156.19512552927355	1060.2530865076296	
11389.595999999998	0.02959999999984575	Ripples						0.02959999999984575	11389.614399999999	5.233063061937003	143.61748132053285	595.9170599057076	
11391.741599999998	0.06240000000070722	Ripples						0.06240000000070722	11391.755199999998	8.083946768870067	163.53883398060805	905.0583709074241	
11392.314399999997	0.020000000000436557	Ripples						0.020000000000436557	11392.323999999999	6.733543562285303	164.11504022695496	814.840704905188	
11392.389599999999	0.02959999999984575	Ripples						0.02959999999984575	11392.399999999998	16.725094529386283	164.8617466112085	1295.2445417301246	
11392.968799999999	0.0319999999992433	Ripples						0.0319999999992433	11392.987199999998	21.242360728899815	161.8079277890367	1613.3522487460398	
11395.551999999998	0.10560000000077707	Ripples						0.10560000000077707	11395.566399999998	9.135955986726735	161.8325441880535	952.4984942274426	
11396.222399999999	0.06639999999970314	Ripples						0.06639999999970314	11396.275999999998	9.36886381194427	166.24281497496418	1056.0316734899413	
11396.801599999997	0.09840000000076543	Ripples						0.09840000000076543	11396.844799999997	10.028260714750715	168.69031072318782	998.5257464300091	
11396.927999999998	0.06079999999928987	Ripples						0.06079999999928987	11396.980799999998	8.093294644485772	161.61465792959055	965.2038614372211	
11399.175999999998	0.03200000000106229	Ripples						0.03200000000106229	11399.197599999998	8.153131796459391	152.39579796972126	817.0429578254989	
11399.231999999998	0.03839999999945576	Ripples						0.03839999999945576	11399.251199999999	16.823498265163146	160.30056911141696	1445.1517313188901	
11400.956799999998	0.022399999999834108	Ripples						0.022399999999834108	11400.971199999998	5.117339081687089	158.38310318515133	679.2520293142617	
11403.437599999997	0.06000000000130967	Ripples						0.06000000000130967	11403.475199999997	23.390768602755706	163.43613786882065	1771.36952634025	
11404.330399999997	0.02320000000145228	Ripples						0.02320000000145228	11404.339999999998	8.475802497091985	167.57858460662274	918.607906403058	
11404.431199999997	0.03200000000106229	Ripples						0.03200000000106229	11404.447999999999	12.898770004575224	172.32528186031917	1168.0148652420935	
11404.900799999998	0.05520000000069558	Ripples						0.05520000000069558	11404.928799999998	10.301485455088727	165.37091586961964	1147.852254374486	
11407.831199999999	0.027999999998428393	Ripples						0.027999999998428393	11407.845599999999	11.928683569413476	160.46749872184265	1224.3137699307756	
11407.935999999998	0.09039999999913562	Ripples						0.09039999999913562	11407.952799999997	17.394187467754435	164.8097881482198	1583.882445498541	
11410.656799999997	0.03920000000107393	Ripples						0.03920000000107393	11410.681599999998	9.798266735810001	148.93704327461845	940.9180681398245	
11411.393599999998	0.023999999999432475	Ripples						0.023999999999432475	11411.409599999997	10.79446093151825	165.86132119172464	1031.632287881142	
11411.523999999998	0.03920000000107393	Ripples						0.03920000000107393	11411.549599999998	11.181527697242554	170.17716457628	1142.250183449285	
11411.683999999997	0.056000000000494765	Ripples						0.056000000000494765	11411.694399999998	5.398944733626805	167.88614099918	734.7063970025348	
11416.152799999998	0.03839999999945576	Ripples						0.03839999999945576	11416.177599999997	12.738438470980574	171.18902049059733	1157.784018714438	
11416.251199999999	0.03439999999864085	Ripples						0.03439999999864085	11416.270399999998	13.138755565764006	176.42917019343648	1113.4366099339113	
11418.514399999998	0.03359999999884167	Ripples						0.03359999999884167	11418.533599999997	13.36212800404242	158.71198743357317	1215.7185590892132	
11419.230399999999	0.02080000000023574	Ripples						0.02080000000023574	11419.240799999998	5.127695722390115	163.29074195906728	723.79222384119	
11420.605599999997	0.02480000000105065	Ripples						0.02480000000105065	11420.620799999999	10.13234927832927	160.60636089016387	1056.348015256755	
11421.801599999997	0.025600000000849832	Ripples						0.025600000000849832	11421.815199999997	10.907770525335023	176.12119988370776	920.9121616211103	
11424.994399999998	0.026400000000649015	Ripples						0.026400000000649015	11425.005599999999	5.8921110375489505	170.49170438518036	801.1624463210841	
11425.911999999998	0.023999999999432475	Ripples						0.023999999999432475	11425.925599999999	11.200902710743978	156.6826128722527	971.443006463587	
11426.756799999997	0.1000000000003638	Ripples						0.1000000000003638	11426.840799999998	18.946107578040156	165.68068896094127	1473.1353173685038	
11427.563199999999	0.035199999998440035	Ripples						0.035199999998440035	11427.574399999998	13.619308710060379	159.7076112681975	1182.940743013938	
11429.936799999998	0.08400000000074215	Ripples						0.08400000000074215	11429.985599999998	8.992617733998982	159.74546745827965	997.8889257451775	
11432.777599999998	0.04800000000068394	Ripples						0.04800000000068394	11432.800799999997	13.624951157294781	168.8686200964469	1265.0875567029314	
11433.069599999997	0.02480000000105065	Ripples						0.02480000000105065	11433.081599999998	11.286140324301975	161.47323332660145	1105.6311293750234	
11433.257599999997	0.035200000000259024	Ripples						0.035200000000259024	11433.275999999998	13.932698782030155	165.6777318803428	1311.1478308511698	
11434.631199999998	0.039999999999054126	Ripples						0.039999999999054126	11434.652799999998	28.16045903153063	168.62556326427605	1856.339385620555	
11436.091199999997	0.025600000000849832	Ripples						0.025600000000849832	11436.105599999997	12.192672942596534	159.33975933518903	1163.5883900432289	
11436.193599999999	0.11679999999978463	Ripples						0.11679999999978463	11436.276799999998	14.624769864434128	152.98706716178236	1220.420947457732	
11437.209599999998	0.023999999999432475	Ripples						0.023999999999432475	11437.220799999997	11.966830788832507	162.67716200150863	1135.6066035035296	
11437.368799999998	0.02719999999862921	Ripples						0.02719999999862921	11437.379199999998	5.33331098931108	164.47325255107862	842.7115810327044	
11437.427199999998	0.056000000000494765	Ripples						0.056000000000494765	11437.449599999998	12.565232768453406	148.94516264717387	1127.5146420377196	
11444.169599999997	0.02959999999984575	Ripples						0.02959999999984575	11444.186399999999	12.89961651005349	164.976330517119	1233.8736006904885	
11444.316799999999	0.05040000000008149	Ripples						0.05040000000008149	11444.331199999999	11.432626477450063	151.86242531683584	1058.5641874657165	
11446.385599999998	0.12080000000059954	Ripples						0.12080000000059954	11446.399199999998	8.285041596193304	152.33771801638844	912.7086162208107	
11447.052799999998	0.02959999999984575	Ripples						0.02959999999984575	11447.065599999998	6.593962128276003	163.2351842324379	954.5844853806494	
11448.003199999997	0.030399999999644933	Ripples						0.030399999999644933	11448.014399999998	16.765436779790363	164.8647946646499	1331.1017582341062	
11448.083999999997	0.044800000001487206	Ripples						0.044800000001487206	11448.108799999998	29.70493721147644	156.90825627218925	1806.4343403902462	
11453.584799999999	0.055999999998675776	Ripples						0.055999999998675776	11453.606399999999	18.950170440312256	163.92758743175645	1459.386119628766	
11453.965599999998	0.03839999999945576	Ripples						0.03839999999945576	11453.976799999999	11.107737549179694	166.02781854019128	1114.5340423634304	
11457.047199999997	0.044800000001487206	Ripples						0.044800000001487206	11457.066399999998	13.76253923279959	169.68477304465026	1217.6628040284786	
11457.439199999997	0.07600000000093132	Ripples						0.07600000000093132	11457.461599999999	27.28370544616259	157.79448184575716	1760.444842195235	
11458.760799999998	0.07120000000031723	Ripples						0.07120000000031723	11458.808799999997	16.356591397356723	162.1106137052458	1404.0180645839139	
11458.865599999997	0.021600000000034925	Ripples						0.021600000000034925	11458.879999999997	8.445705737490233	160.32546824634102	924.2684591305404	
11458.939999999999	0.03679999999985739	Ripples						0.03679999999985739	11458.960799999997	10.464821721309812	154.05311344079465	1043.3271500841386	
11459.428799999998	0.030399999999644933	Ripples						0.030399999999644933	11459.442399999998	11.23095484375433	159.57967825279837	1104.7466413570605	
11460.226399999998	0.0272000000004482	Ripples						0.0272000000004482	11460.243199999997	14.990573336435968	160.3804571629866	1215.3837482255617	
11467.077599999999	0.028800000000046566	Ripples						0.028800000000046566	11467.088799999998	5.865261783324916	157.11030176856926	690.6412933982452	
11469.303999999998	0.04160000000047148	Ripples						0.04160000000047148	11469.319999999998	15.323453412697283	169.72824879955388	1264.8127543390028	
11469.563199999999	0.04719999999906577	Ripples						0.04719999999906577	11469.574399999998	9.26438181490936	160.6980181577355	981.3803027011263	
11469.683199999998	0.047200000000884756	Ripples						0.047200000000884756	11469.713599999997	11.40846675894968	152.42229385655702	1158.8333846122316	
11469.929599999998	0.13040000000000873	Ripples						0.13040000000000873	11470.044799999998	21.06000852928871	164.78048859323766	1684.735184383527	
11474.140799999997	0.03840000000127475	Ripples						0.03840000000127475	11474.154399999998	9.634064047937457	170.07378718781524	1038.0106089536969	
11474.881599999999	0.03439999999864085	Ripples						0.03439999999864085	11474.897599999998	15.69104154734915	168.07956075074415	1297.3155429490496	
11474.975199999997	0.05680000000029395	Ripples						0.05680000000029395	11474.994399999998	12.742316355692322	174.51196051293408	1151.2317051105338	
11475.090399999997	0.07120000000031723	Ripples						0.07120000000031723	11475.103999999998	18.111532644258716	159.3311663851025	1495.3408037127895	
11478.024799999997	0.025600000000849832	Ripples						0.025600000000849832	11478.043199999998	5.0125086674834645	177.97627622414473	641.2215220223908	
11478.107199999999	0.06639999999970314	Ripples						0.06639999999970314	11478.155999999997	22.09281679523501	149.40752072681337	1387.7272643217989	
11479.912799999998	0.06879999999910069	Ripples						0.06879999999910069	11479.923999999997	15.570779875412807	162.69910053800103	1317.7685777800107	
11480.075199999997	0.03280000000086147	Ripples						0.03280000000086147	11480.089599999998	18.217874530490104	159.16153760686177	1329.7106640907996	
11481.190399999998	0.020000000000436557	Ripples						0.020000000000436557	11481.198399999997	7.2375648628502285	165.6153747211444	832.9352460979759	
11484.251999999999	0.05040000000008149	Ripples						0.05040000000008149	11484.269599999998	21.110414715565565	166.41693625528956	1592.225491713697	
11486.415199999998	0.03920000000107393	Ripples						0.03920000000107393	11486.423199999997	8.047588959295316	155.73110789005258	809.6632253153144	
11486.521599999998	0.0591999999996915	Ripples						0.0591999999996915	11486.559199999998	11.636816577701321	174.4097201923661	1200.5842161452078	
11486.712799999998	0.028000000000247383	Ripples						0.028000000000247383	11486.726399999998	9.156637723123023	153.11488196806982	940.2749183379166	
11489.227999999997	0.08079999999972642	Ripples						0.08079999999972642	11489.291999999998	19.89366569553858	158.86522497596593	1597.8223359110211	
11489.390399999998	0.02479999999923166	Ripples						0.02479999999923166	11489.400799999998	8.192210540129235	159.7981557421003	968.6211143637213	
11489.492799999998	0.023999999999432475	Ripples						0.023999999999432475	11489.507199999998	12.423069624065148	166.16998871287515	1119.5334220581467	
11489.863999999998	0.03600000000005821	Ripples						0.03600000000005821	11489.880799999997	8.03171354454009	168.6325372244718	1017.7856245486204	
11493.595199999998	0.03600000000005821	Ripples						0.03600000000005821	11493.618399999998	17.672412170517774	159.78076158629946	1373.815822400885	
11493.749599999997	0.02480000000105065	Ripples						0.02480000000105065	11493.767999999998	5.659198566216607	159.0888095435645	715.556760079634	
11494.536799999998	0.042400000000270666	Ripples						0.042400000000270666	11494.565599999998	10.263330432510882	160.43927768154856	1085.165885942482	
11494.599999999999	0.030399999999644933	Ripples						0.030399999999644933	11494.617599999998	5.765205149468218	153.54175211603626	748.1931464135214	
11496.611999999997	0.035200000000259024	Ripples						0.035200000000259024	11496.625599999998	7.971775701192158	157.55047470305237	856.4434623167347	
11497.160799999998	0.026400000000649015	Ripples						0.026400000000649015	11497.179999999998	5.996350583901928	172.22848323506295	705.4628704985493	
11500.248799999998	0.025600000000849832	Ripples						0.025600000000849832	11500.259999999998	5.967155286480611	153.98441837342747	842.2181439730442	
11500.378399999998	0.031199999999444117	Ripples						0.031199999999444117	11500.395199999997	21.402382027726507	159.85384446221235	1425.0056799866734	
11500.522399999998	0.02080000000023574	Ripples						0.02080000000023574	11500.532799999997	8.207688687654125	159.72108895973204	919.7880799368478	
11504.499199999998	0.025599999999030842	Ripples						0.025599999999030842	11504.509599999998	9.979139430947894	164.33103661405218	1031.3495539229102	
11507.191999999997	0.037600000001475564	Ripples						0.037600000001475564	11507.205599999998	9.342337292910651	161.06434541550223	986.2816926888336	
11508.951999999997	0.044799999999668216	Ripples						0.044799999999668216	11508.972799999998	24.52129145900146	166.3443345534565	1764.9049996634324	
11509.131199999998	0.021600000000034925	Ripples						0.021600000000034925	11509.142399999997	6.055905750644726	154.76262453636258	764.4260200229813	
11509.699999999997	0.09280000000035216	Ripples						0.09280000000035216	11509.716799999998	10.85309036787247	166.41375980229583	1051.386579782253	
11510.971199999998	0.023199999999633292	Ripples						0.023199999999633292	11510.981599999997	8.11802215470195	165.9390220047826	919.6429383983223	
11512.036799999998	0.035200000000259024	Ripples						0.035200000000259024	11512.055199999997	14.315108355725457	153.07300575356808	1222.9889989758492	
11512.204799999998	0.028800000000046566	Ripples						0.028800000000046566	11512.213599999997	7.184124111114135	154.310813185148	736.3209748500282	
11512.867999999999	0.027999999998428393	Ripples						0.027999999998428393	11512.886399999998	6.923355758641781	168.87930653364467	824.0917699906344	
11512.982399999997	0.044800000001487206	Ripples						0.044800000001487206	11512.992799999998	12.490621532138528	156.16317849780827	1170.8444598066578	
11513.049599999998	0.025599999999030842	Ripples						0.025599999999030842	11513.065599999998	9.953769799822531	164.3029063658155	968.0039936484862	
11522.168799999998	0.04960000000028231	Ripples						0.04960000000028231	11522.195199999998	19.118404002150136	161.35096860485822	1637.6004937488347	
11522.387999999997	0.08800000000155705	Ripples						0.08800000000155705	11522.421599999998	16.989451950060015	156.8006863511567	1491.786195255619	
11522.573599999998	0.021600000000034925	Ripples						0.021600000000034925	11522.587999999998	8.244133221849225	154.82030835237944	840.75842498913	
11524.305599999998	0.02080000000023574	Ripples						0.02080000000023574	11524.312799999998	9.867860498960647	163.28482538922083	845.673597539658	
11524.421599999998	0.040000000000873115	Ripples						0.040000000000873115	11524.448799999998	16.287896515908788	158.87718355071934	1351.0519676022502	
11524.575999999997	0.030400000001463923	Ripples						0.030400000001463923	11524.601599999998	5.08364662960908	153.20462788198645	681.1723179891247	
11525.010399999997	0.11520000000018626	Ripples						0.11520000000018626	11525.104799999997	8.476137467859282	147.40323410144322	1021.6002940852333	
11531.332799999998	0.0319999999992433	Ripples						0.0319999999992433	11531.354399999998	9.289672502943626	160.9012872481175	995.8590718364167	
11532.903999999999	0.03600000000005821	Ripples						0.03600000000005821	11532.922399999998	15.838733072582146	152.86255368770685	1228.6508681702767	
11533.423999999997	0.04160000000047148	Ripples						0.04160000000047148	11533.436799999998	12.83442438727885	165.43167683524942	1145.3752520452203	
11533.638399999998	0.028000000000247383	Ripples						0.028000000000247383	11533.652799999998	14.659269914025174	162.2417530053931	1272.959071859346	
11533.987999999998	0.028800000000046566	Ripples						0.028800000000046566	11533.999199999998	7.589957417363162	155.42953902986494	850.1453616733994	
11534.124799999998	0.0408000000006723	Ripples						0.0408000000006723	11534.148799999997	16.4312379158341	164.9706885361152	1362.166089530792	
11536.704799999998	0.02080000000023574	Ripples						0.02080000000023574	11536.712799999998	7.28206260956499	173.62376392848432	744.4935434376688	
11543.575999999997	0.02959999999984575	Ripples						0.02959999999984575	11543.587199999998	9.362600778702003	154.95762231688752	918.1271846570887	
11544.855999999998	0.053599999999278225	Ripples						0.053599999999278225	11544.890399999998	13.339312452715973	172.07421070977202	1195.9345977876524	
11545.340799999998	0.037599999999656575	Ripples						0.037599999999656575	11545.357599999998	16.754556017984253	165.82840606839682	1421.0017903761614	
11545.823199999997	0.028000000000247383	Ripples						0.028000000000247383	11545.840799999998	12.616505827131638	158.66097649159622	1106.7699826949959	
11545.875199999999	0.031199999999444117	Ripples						0.031199999999444117	11545.892799999998	5.988176945029649	152.82086292744518	778.314787881511	
11545.997599999999	0.030399999999644933	Ripples						0.030399999999644933	11546.011199999997	21.963340483569763	165.22648211921447	1529.399127366704	
11546.250399999997	0.026400000000649015	Ripples						0.026400000000649015	11546.267199999998	6.59808814574403	162.8846180660362	890.1420810808092	
11547.452799999997	0.04800000000068394	Ripples						0.04800000000068394	11547.467199999997	14.648509883404362	157.73778704560868	1269.710920981143	
11547.696799999998	0.0455999999994674	Ripples						0.0455999999994674	11547.713599999997	16.294574110673114	158.71667966360596	1413.8763329810135	
11550.518399999997	0.04160000000047148	Ripples						0.04160000000047148	11550.545599999998	5.753721295133616	154.5148215456796	880.6473790084999	
11552.809599999999	0.037599999999656575	Ripples						0.037599999999656575	11552.827199999998	27.205000555242567	159.17976515542773	1737.7855316213715	
11552.985599999998	0.02479999999923166	Ripples						0.02479999999923166	11552.999199999998	10.074434734318654	168.1014850206197	1069.162333811125	
11553.340799999998	0.02080000000023574	Ripples						0.02080000000023574	11553.348799999998	6.593994308859914	159.468047348523	792.1110514221938	
11555.291199999998	0.03600000000005821	Ripples						0.03600000000005821	11555.299199999998	10.543176850681784	165.51876026494304	914.9916445866068	
11555.502399999998	0.03679999999985739	Ripples						0.03679999999985739	11555.511199999997	8.210926351340781	161.58183377865416	810.0578428881489	
11555.579999999998	0.039999999999054126	Ripples						0.039999999999054126	11555.605599999997	9.719190767741672	149.93726301662235	925.8188804964732	
11555.745599999998	0.03600000000005821	Ripples						0.03600000000005821	11555.756799999997	7.7836728932150745	148.306714308793	850.8130586377653	
11558.379199999998	0.03200000000106229	Ripples						0.03200000000106229	11558.393599999998	12.619933242309733	155.62854870133236	1125.9656867705103	
11558.526399999997	0.020000000000436557	Ripples						0.020000000000436557	11558.536799999998	7.016143583129357	163.88793642916963	834.2950054148903	
11561.178399999997	0.05200000000149885	Ripples						0.05200000000149885	11561.208799999999	25.06492248389645	156.1185228751571	1674.912122215652	
11561.278399999997	0.044799999999668216	Ripples						0.044799999999668216	11561.289599999998	6.311126877357266	156.54852834379312	646.4413346802023	
11567.823199999997	0.026400000000649015	Ripples						0.026400000000649015	11567.833599999998	13.514821524877012	159.0281499264991	1154.7458641974545	
11567.887199999997	0.03840000000127475	Ripples						0.03840000000127475	11567.906399999998	17.602590972257257	162.61793534568056	1425.4422321137147	
11568.095199999998	0.0319999999992433	Ripples						0.0319999999992433	11568.115999999998	9.753114336976276	153.9165339192157	1048.5451155493042	
11568.623999999998	0.06240000000070722	Ripples						0.06240000000070722	11568.663199999997	15.619715096226171	149.34200693966034	1241.8593966357028	
11568.762399999998	0.048800000000483124	Ripples						0.048800000000483124	11568.793599999997	14.193498300482338	155.36429630843347	1294.789033016582	
11570.635999999999	0.04399999999986903	Ripples						0.04399999999986903	11570.667199999998	8.344766253436594	169.42473541800783	917.1930034506013	
11572.119999999997	0.03280000000086147	Ripples						0.03280000000086147	11572.138399999998	7.685901340558535	152.9412839205521	921.6527080159541	
11583.905599999998	0.023999999999432475	Ripples						0.023999999999432475	11583.916799999997	6.117953244769615	158.97138528113425	730.0102028289773	
11586.324799999999	0.06639999999970314	Ripples						0.06639999999970314	11586.351999999997	10.76171133929094	159.4947264812735	1201.9078703688774	
11586.518399999997	0.04160000000047148	Ripples						0.04160000000047148	11586.531999999997	26.488082923222688	158.9421602090093	1707.5632917062198	
11586.598399999997	0.04399999999986903	Ripples						0.04399999999986903	11586.631199999998	10.132689776019928	153.4159351919601	1014.8957798868281	
11588.024799999997	0.05199999999967986	Ripples						0.05199999999967986	11588.041599999999	15.491170807779692	158.3065557541161	1256.0848542133638	
11588.115999999998	0.08399999999892316	Ripples						0.08399999999892316	11588.175199999998	18.714954194296563	161.72130478198014	1548.9183543028362	
11588.796799999998	0.08079999999972642	Ripples						0.08079999999972642	11588.807999999997	15.448641074859838	168.436945433631	1274.0296929839365	
11589.077599999999	0.02959999999984575	Ripples						0.02959999999984575	11589.096799999998	10.30716700358609	168.07271481270962	1043.0652365991145	
11593.640799999997	0.02959999999984575	Ripples						0.02959999999984575	11593.654399999998	6.974525172036244	175.19928591032922	841.4531956206182	
11593.772799999997	0.028800000000046566	Ripples						0.028800000000046566	11593.786399999997	14.412078266409686	173.21038536810792	1062.4368794067384	
11593.862399999998	0.03359999999884167	Ripples						0.03359999999884167	11593.877599999998	7.80010059448259	146.51384764408598	764.5306197655975	
11594.414399999998	0.035200000000259024	Ripples						0.035200000000259024	11594.435999999998	19.396083348136518	156.80832473491304	1395.6080919386084	
11601.121599999999	0.07999999999992724	Ripples						0.07999999999992724	11601.185599999997	13.102607833307566	168.77946929801067	1210.668681246314	
11601.267999999998	0.07359999999971478	Ripples						0.07359999999971478	11601.273599999999	7.1456773593966405	157.26396620726413	798.2374588362494	
11602.614399999999	0.027999999998428393	Ripples						0.027999999998428393	11602.632799999998	7.079330299401103	175.9183880661902	788.4411176998534	
11602.790399999998	0.10239999999976135	Ripples						0.10239999999976135	11602.807999999997	22.369934273351973	158.39783504200986	1704.5146251985213	
11603.987999999998	0.04399999999986903	Ripples						0.04399999999986903	11604.003199999997	6.691255708723236	177.69000970021182	789.2919947020963	
11605.955199999999	0.037599999999656575	Ripples						0.037599999999656575	11605.966399999998	11.385527719078652	156.32444777965554	1038.180209220893	
11608.110399999998	0.044799999999668216	Ripples						0.044799999999668216	11608.139199999998	16.11558239197556	160.24902011636112	1467.1500483749821	
11610.519999999999	0.03919999999925494	Ripples						0.03919999999925494	11610.548799999999	15.54543178573172	155.46764128312623	1209.586164688049	
11610.684799999997	0.030400000001463923	Ripples						0.030400000001463923	11610.697599999998	12.165469450635053	172.30085240956825	1103.4811625979464	
11611.601599999998	0.04160000000047148	Ripples						0.04160000000047148	11611.626399999997	14.461283735820965	153.14164076827458	1082.5053247523067	
11614.427199999998	0.062399999998888234	Ripples						0.062399999998888234	11614.478399999998	19.38663065171377	162.03812372925398	1423.3849346039606	
11614.623199999998	0.030399999999644933	Ripples						0.030399999999644933	11614.639999999998	10.131161028612869	163.9347279681829	1169.5212756233798	
11618.090399999997	0.05680000000029395	Ripples						0.05680000000029395	11618.130399999998	10.546757026395442	153.71033183473136	1097.8163818046723	
11618.848799999998	0.035200000000259024	Ripples						0.035200000000259024	11618.867999999999	5.6067486819004095	166.6582066105726	775.560451964735	
11618.939199999997	0.05680000000029395	Ripples						0.05680000000029395	11618.964799999998	25.27154704757785	160.27069944509935	1761.1384041981885	
11621.047999999997	0.035200000000259024	Ripples						0.035200000000259024	11621.072799999998	11.079867741450839	152.7085005348112	970.7865450979552	
11621.130399999998	0.04399999999986903	Ripples						0.04399999999986903	11621.154399999998	19.45717686878754	158.13626088219684	1564.550479062629	
11621.303199999998	0.055999999998675776	Ripples						0.055999999998675776	11621.345599999999	14.721440762612396	163.5943544664063	1358.7858533538722	
11623.127199999997	0.048800000000483124	Ripples						0.048800000000483124	11623.164799999999	6.845674216883466	152.21964639465253	596.5139154818866	
11624.325599999998	0.06959999999889988	Ripples						0.06959999999889988	11624.341599999998	18.001844744666048	153.90986640653307	1263.269127848555	
11624.463999999998	0.03440000000045984	Ripples						0.03440000000045984	11624.481599999997	8.782771566395349	150.6660142088683	925.7584210994004	
11624.622399999998	0.030399999999644933	Ripples						0.030399999999644933	11624.635999999999	19.594788065256086	160.12375440248428	1477.4531450366585	
11625.611199999998	0.02080000000023574	Ripples						0.02080000000023574	11625.622399999998	7.551249836716887	159.58837551597955	822.8170616925032	
11629.728799999997	0.030400000001463923	Ripples						0.030400000001463923	11629.745599999998	10.121093297263904	164.95503972487813	1080.1400544832566	
11629.847999999998	0.03679999999985739	Ripples						0.03679999999985739	11629.859199999997	11.889280371782956	158.3830151820323	990.7091090892582	
11629.960799999997	0.06559999999990396	Ripples						0.06559999999990396	11629.978399999998	7.878305113589427	149.65956219259198	723.7755742945612	
11630.323199999997	0.024000000001251465	Ripples						0.024000000001251465	11630.334399999998	6.27259364563435	168.7613423631402	865.7730369384017	
11630.486399999998	0.035200000000259024	Ripples						0.035200000000259024	11630.510399999997	9.435199451065158	155.2376352453093	975.1190817215637	
11633.335199999998	0.042400000000270666	Ripples						0.042400000000270666	11633.346399999999	8.431905485375736	156.71540385024863	910.426640145071	
11633.628799999999	0.037599999999656575	Ripples						0.037599999999656575	11633.643199999999	10.86622415869103	158.82503684883696	1110.1709487666592	
11638.268799999998	0.026400000000649015	Ripples						0.026400000000649015	11638.285599999997	5.870539117842767	168.3589668847449	840.3621897556754	
11638.451999999997	0.058399999999892316	Ripples						0.058399999999892316	11638.490399999999	16.810975238487647	158.17102418665297	1518.0771439156558	
11638.847199999998	0.05199999999967986	Ripples						0.05199999999967986	11638.889599999999	6.697830490403169	172.33676982199492	779.0786314808837	
11639.279999999997	0.028000000000247383	Ripples						0.028000000000247383	11639.293599999997	15.076737370876751	158.6549361542159	1212.7044227326385	
11639.802399999999	0.0319999999992433	Ripples						0.0319999999992433	11639.816799999999	15.866224042055475	158.58950834408057	1257.3609047870175	
11641.910399999997	0.024000000001251465	Ripples						0.024000000001251465	11641.921599999998	9.793966153126425	167.55813572727388	1026.8686571795113	
11652.574399999998	0.028800000000046566	Ripples						0.028800000000046566	11652.590399999997	14.273437515672816	165.54143547765472	1165.837544490641	
11654.309599999999	0.023999999999432475	Ripples						0.023999999999432475	11654.323199999997	8.400905732325105	158.18243636739246	919.1098243484039	
11654.366399999997	0.05680000000029395	Ripples						0.05680000000029395	11654.380799999997	14.338498987518967	155.38339208832082	1281.1876487940085	
11657.064799999998	0.05279999999947904	Ripples						0.05279999999947904	11657.104799999997	9.437978604267178	164.24294840690962	1103.1749990437495	
11657.254399999998	0.03440000000045984	Ripples						0.03440000000045984	11657.267999999998	11.336082335540775	154.24012432166697	1134.8051150584643	
11657.400799999998	0.04160000000047148	Ripples						0.04160000000047148	11657.422399999998	16.548598348167186	151.79939724230587	1312.8459917356065	
11657.513599999998	0.028000000000247383	Ripples						0.028000000000247383	11657.531199999998	9.84731838492374	158.86577285111187	1005.7093005618368	
11662.109599999998	0.0272000000004482	Ripples						0.0272000000004482	11662.126399999997	8.977987313800206	166.29643188584996	953.7417258162153	
11662.319999999998	0.037599999999656575	Ripples						0.037599999999656575	11662.334399999998	17.878557918985567	158.89344323255375	1427.4347747263537	
11663.471199999998	0.020000000000436557	Ripples						0.020000000000436557	11663.484799999998	5.419917194815668	161.87079724947915	725.6040035023967	
11663.590399999997	0.026400000000649015	Ripples						0.026400000000649015	11663.607199999999	11.762536013471697	166.9280972816476	1080.795731738306	
11663.735199999997	0.03840000000127475	Ripples						0.03840000000127475	11663.747999999998	14.063820699606868	160.06203460902887	1263.1264925805774	
11663.935999999998	0.023199999999633292	Ripples						0.023199999999633292	11663.946399999997	10.827435847157213	167.0995531078185	1067.3145482666453	
11668.704799999998	0.03839999999945576	Ripples						0.03839999999945576	11668.720799999997	27.36016972936812	165.78104868200586	1759.4634390585672	
11670.123999999998	0.031199999999444117	Ripples						0.031199999999444117	11670.141599999997	15.884296596170744	161.59602924822408	1353.5380809310766	
11672.150399999999	0.021600000000034925	Ripples						0.021600000000034925	11672.161599999998	6.506641276999933	163.3918507701607	868.7196905579042	
11672.236799999999	0.03839999999945576	Ripples						0.03839999999945576	11672.258399999999	10.693446240111813	167.50372321573087	1228.6705771400811	
11674.265599999999	0.023999999999432475	Ripples						0.023999999999432475	11674.275999999998	9.28656940777323	164.1060077830911	971.8693657485234	
11675.224799999998	0.031199999999444117	Ripples						0.031199999999444117	11675.240799999998	9.171115334506203	177.60561302651809	920.9739267794411	
11675.683999999997	0.03600000000005821	Ripples						0.03600000000005821	11675.706399999997	5.5351853579284915	147.86791041369221	749.7360518108902	
11676.167999999998	0.028800000000046566	Ripples						0.028800000000046566	11676.181599999998	11.720249824952099	174.1722627294161	1077.395391944075	
11676.369599999998	0.02479999999923166	Ripples						0.02479999999923166	11676.383999999998	8.460569391928413	165.15150197146156	1010.2952797497688	
11676.687199999998	0.02719999999862921	Ripples						0.02719999999862921	11676.700799999999	7.230308016881855	155.19255830308103	899.7408554415737	
11677.729599999999	0.02479999999923166	Ripples						0.02479999999923166	11677.743999999999	10.747397093505832	160.90742245242828	913.1017740897154	
11679.643999999998	0.042400000000270666	Ripples						0.042400000000270666	11679.671999999999	13.534163392698817	160.68298077537554	1177.729349144568	
11679.759999999998	0.04399999999986903	Ripples						0.04399999999986903	11679.781599999998	13.629080444756585	149.22436663988805	1019.5952325297081	
11683.926399999998	0.05040000000008149	Ripples						0.05040000000008149	11683.949599999998	11.211416425958882	151.8590391122706	979.7284517810962	
11684.140799999997	0.035200000000259024	Ripples						0.035200000000259024	11684.151999999998	5.728518250123907	166.8868198827152	792.3138098228596	
11691.442399999998	0.03360000000066066	Ripples						0.03360000000066066	11691.462399999999	14.618989581625959	159.0119397146221	1279.7053073315133	
11691.700799999999	0.062399999998888234	Ripples						0.062399999998888234	11691.733599999998	17.714274609086424	152.29316355702088	1435.7077066728095	
11692.977599999998	0.03440000000045984	Ripples						0.03440000000045984	11692.984799999998	7.5207743173379145	162.13548820188785	836.6796524204194	
11693.067999999997	0.06639999999970314	Ripples						0.06639999999970314	11693.093599999998	12.625906619673001	167.42115990011493	1194.0171775747472	
11694.475999999999	0.035199999998440035	Ripples						0.035199999998440035	11694.495999999997	22.87015351524874	169.23257946636605	1622.9968086611104	
11713.120799999999	0.037599999999656575	Ripples						0.037599999999656575	11713.144799999998	23.447344872867454	156.1248431717344	1526.2164747648512	
11715.763999999997	0.03200000000106229	Ripples						0.03200000000106229	11715.775199999998	8.393044355100102	152.62162424898406	861.4970715490932	
11716.051199999998	0.023999999999432475	Ripples						0.023999999999432475	11716.061599999997	6.403713352946584	161.9350852192613	781.7942657258282	
11716.555199999997	0.04320000000006985	Ripples						0.04320000000006985	11716.567199999998	12.542200440325747	153.5192829355066	1088.0335966268708	
11717.923199999997	0.03679999999985739	Ripples						0.03679999999985739	11717.943999999998	12.260984214811321	169.64954580297731	1220.7352522669762	
11721.523999999998	0.021600000000034925	Ripples						0.021600000000034925	11721.538399999998	7.7777100313050305	162.24155216107175	900.0217789902359	
11721.711199999998	0.03440000000045984	Ripples						0.03440000000045984	11721.728799999997	9.323494100668427	152.2098987759997	942.4995889049491	
11722.831199999999	0.04159999999865249	Ripples						0.04159999999865249	11722.865599999997	7.9175720153089175	158.9949407626381	874.2325262185063	
11723.152799999998	0.06799999999930151	Ripples						0.06799999999930151	11723.197599999998	11.808252196590113	151.41684569132593	1052.384225122206	
11723.542399999998	0.042400000000270666	Ripples						0.042400000000270666	11723.561599999997	14.832384483070824	159.19201980880248	1390.9731052751897	
11724.271199999997	0.03679999999985739	Ripples						0.03679999999985739	11724.283199999998	7.948720676059422	152.5538020491007	583.6220653647881	
11728.270399999998	0.04960000000028231	Ripples						0.04960000000028231	11728.307999999997	10.977370479667849	153.04276403424694	1142.7283234615354	
11729.787999999999	0.02079999999841675	Ripples						0.02079999999841675	11729.799199999998	6.896740477423323	158.91510607130616	778.951208493506	
11729.892799999998	0.03839999999945576	Ripples						0.03839999999945576	11729.907199999998	30.39730699140848	159.4595392569766	1790.5424430812286	
11731.655999999997	0.02080000000023574	Ripples						0.02080000000023574	11731.669599999997	5.7301740211671754	164.3561649437515	766.9275916136602	
11733.841599999998	0.025600000000849832	Ripples						0.025600000000849832	11733.848799999998	5.104817627527874	153.35382575311007	626.7720834786033	
11734.091999999999	0.02959999999984575	Ripples						0.02959999999984575	11734.107199999999	9.977758819528042	152.92256889836113	1014.7065985061893	
11734.220799999997	0.030400000001463923	Ripples						0.030400000001463923	11734.237599999999	15.064459181540032	161.75217977908807	1208.7577901291882	
11736.155999999997	0.022399999999834108	Ripples						0.022399999999834108	11736.168799999998	9.297926093155452	162.43042141767998	1011.3219352427391	
11736.340799999998	0.05040000000008149	Ripples						0.05040000000008149	11736.359199999997	7.141023923457812	152.05885272929748	758.8774424584395	
11741.447999999999	0.0455999999994674	Ripples						0.0455999999994674	11741.483999999999	10.347704740190833	162.62503752697754	1002.1837771070988	
11741.537599999998	0.051199999999880674	Ripples						0.051199999999880674	11741.566399999998	11.027588992968449	167.5572643519572	1148.9427475471343	
11742.703999999998	0.0272000000004482	Ripples						0.0272000000004482	11742.715199999999	8.23432447503477	165.4008727983236	1007.4494691870992	
11742.951999999997	0.03920000000107393	Ripples						0.03920000000107393	11742.963199999998	5.474085146822924	151.76771553285923	725.2559260709397	
11743.291999999998	0.037599999999656575	Ripples						0.037599999999656575	11743.303199999998	9.074708665447114	156.47957834004995	921.2256694410052	
11746.844799999997	0.03360000000066066	Ripples						0.03360000000066066	11746.861599999998	16.837621060089756	157.98485316769617	1399.599378213128	
11746.971199999998	0.042400000000270666	Ripples						0.042400000000270666	11746.988799999997	12.716962834507774	147.98110638437208	991.8764738135869	
11748.049599999998	0.02080000000023574	Ripples						0.02080000000023574	11748.057599999998	6.961119678092434	159.43512740789592	761.8416886249969	
11748.338399999999	0.03439999999864085	Ripples						0.03439999999864085	11748.350399999998	5.961852533894499	165.6528935150004	624.2890409372302	
11749.859199999997	0.02320000000145228	Ripples						0.02320000000145228	11749.869599999998	7.456173973607776	164.38847605186942	944.6848331570155	
11750.189599999998	0.05680000000029395	Ripples						0.05680000000029395	11750.203199999998	12.013474612357227	165.5944815385828	1156.9327636489982	
11756.469599999999	0.023199999999633292	Ripples						0.023199999999633292	11756.480799999998	10.210757401930776	170.38221717905807	1005.3571948145066	
11763.895999999997	0.031200000001263106	Ripples						0.031200000001263106	11763.913599999998	10.709860816763511	161.9241125233214	1144.649945310796	
11764.407999999998	0.07999999999992724	Ripples						0.07999999999992724	11764.432799999999	15.96014966386518	167.7347195686647	1368.3891660277184	
11764.597599999997	0.0272000000004482	Ripples						0.0272000000004482	11764.608799999998	15.932456709156547	167.84534662713477	1279.5509790199123	
11766.320799999998	0.044799999999668216	Ripples						0.044799999999668216	11766.335199999998	11.857107605314871	163.72438949119473	1209.3894245467043	
11766.861599999998	0.037599999999656575	Ripples						0.037599999999656575	11766.884799999998	22.932889387602433	159.22476947643017	1609.1353972225131	
11767.075199999997	0.03360000000066066	Ripples						0.03360000000066066	11767.092799999999	21.547666621576237	157.7768145805244	1465.7663789608152	
11768.403199999997	0.07280000000173459	Ripples						0.07280000000173459	11768.428799999998	18.182727632294	149.42761238489695	1291.00431345675	
11768.563199999999	0.022399999999834108	Ripples						0.022399999999834108	11768.575199999997	14.334635363484386	160.48220667299066	1091.9542809010354	
11768.703999999998	0.026400000000649015	Ripples						0.026400000000649015	11768.716799999998	15.006901203288226	166.09694344895232	1260.7926194348552	
11769.246399999998	0.03919999999925494	Ripples						0.03919999999925494	11769.267999999998	14.49109306988777	169.32422376673702	1151.0319545717884	
11769.334399999998	0.0319999999992433	Ripples						0.0319999999992433	11769.342399999998	5.194684626689294	148.5476946997191	631.785033395293	
11769.673599999998	0.02959999999984575	Ripples						0.02959999999984575	11769.684799999997	6.818769654040325	154.1845971663595	744.3079644086297	
11773.874399999999	0.027999999998428393	Ripples						0.027999999998428393	11773.886399999998	15.318099308465396	166.8312010134418	1258.6452759273996	
11774.032799999997	0.02480000000105065	Ripples						0.02480000000105065	11774.043999999998	6.661981477278062	157.8553304435543	904.9269945371132	
11774.177599999997	0.05760000000009313	Ripples						0.05760000000009313	11774.183199999998	5.2971463819761215	162.45476471288714	580.678517026369	
11774.975999999999	0.03359999999884167	Ripples						0.03359999999884167	11774.989599999997	16.994504009243673	166.9646318588662	1280.2562040728928	
11775.718399999998	0.028800000000046566	Ripples						0.028800000000046566	11775.729599999999	7.063062780197233	155.70661860178868	833.5405739260426	
11780.147199999998	0.04320000000006985	Ripples						0.04320000000006985	11780.165599999998	19.771385064015675	168.79143936642404	1369.388293953246	
11784.575199999997	0.02959999999984575	Ripples						0.02959999999984575	11784.590399999997	15.267187738956604	158.09431128474242	1246.5850430600235	
11789.940799999998	0.022399999999834108	Ripples						0.022399999999834108	11789.955999999998	7.331024667490639	156.0903094358685	827.7772325136397	
11798.667199999998	0.0319999999992433	Ripples						0.0319999999992433	11798.679999999998	10.815002890229449	168.63539463086215	1099.1529883829346	
11802.381599999999	0.0591999999996915	Ripples						0.0591999999996915	11802.391199999998	5.898256194288164	173.987494106129	763.9506964535964	
11802.779199999997	0.04960000000028231	Ripples						0.04960000000028231	11802.811999999998	23.246612028269613	155.96889052069994	1496.982589175051	
11802.864799999998	0.021600000000034925	Ripples						0.021600000000034925	11802.878399999998	8.351224890831903	160.64076103616569	871.0840496873044	
11803.043199999998	0.025599999999030842	Ripples						0.025599999999030842	11803.058399999998	12.806430991278663	160.75144052384505	1268.964467247915	
11803.096799999998	0.021600000000034925	Ripples						0.021600000000034925	11803.107999999998	6.198593617198652	158.36836817852023	829.231165576991	
11803.231999999998	0.031199999999444117	Ripples						0.031199999999444117	11803.245599999998	10.219815728175623	159.02888938192947	1116.905311094858	
11807.526399999997	0.03200000000106229	Ripples						0.03200000000106229	11807.536799999998	6.191054958091951	160.55967180894828	804.4798310451521	
11808.508799999998	0.04800000000068394	Ripples						0.04800000000068394	11808.541599999999	10.516086589096316	161.05351872625903	1192.5685925450944	
11810.087999999998	0.044799999999668216	Ripples						0.044799999999668216	11810.105599999997	11.076637501210875	151.52832060364028	1111.747178695089	
11810.240799999998	0.07040000000051805	Ripples						0.07040000000051805	11810.296799999998	15.301221088647356	154.0672440517331	1309.1432228813433	
11810.568799999997	0.04640000000108557	Ripples						0.04640000000108557	11810.604799999997	6.201652466846381	160.43981147535834	856.9391594215244	
11811.017599999997	0.02480000000105065	Ripples						0.02480000000105065	11811.028799999998	14.944394808827766	168.7677273226955	1235.6348333255487	
11811.294399999997	0.024000000001251465	Ripples						0.024000000001251465	11811.308799999997	18.35769339734591	163.87435034654115	1302.7094889585314	
11819.063199999999	0.03600000000005821	Ripples						0.03600000000005821	11819.078399999999	11.403772740958665	153.30821334072138	1017.0742483627312	
11819.730399999999	0.025599999999030842	Ripples						0.025599999999030842	11819.749599999997	6.76130124325047	152.00982854494438	661.3768762629614	
11820.267199999998	0.035200000000259024	Ripples						0.035200000000259024	11820.295199999999	7.471362020474261	153.65247200753313	810.1007362889304	
11822.981599999997	0.04560000000128639	Ripples						0.04560000000128639	11822.993599999998	13.012541457409963	160.26370861752667	1257.2825500882748	
11823.279999999997	0.03360000000066066	Ripples						0.03360000000066066	11823.300799999997	17.05721499372551	174.75255311127287	1241.7585256843363	
11823.483199999999	0.09279999999853317	Ripples						0.09279999999853317	11823.545599999998	18.881024427003435	152.29014940995475	1674.4163652617804	
11823.961599999999	0.04719999999906577	Ripples						0.04719999999906577	11823.975199999997	7.948421702556074	154.99032530247285	898.089418000879	
11824.255199999998	0.0319999999992433	Ripples						0.0319999999992433	11824.268799999998	13.229298848048023	166.22537042280229	1331.102639219517	
11825.695999999998	0.039999999999054126	Ripples						0.039999999999054126	11825.710399999998	6.070426139381178	154.27730571929678	747.1488628314828	
11830.683199999998	0.03200000000106229	Ripples						0.03200000000106229	11830.700799999999	14.27829044712627	156.4442165927666	1199.0463100472348	
11830.853599999999	0.08319999999912397	Ripples						0.08319999999912397	11830.890399999998	9.457807314109607	158.94481935817902	1094.9760495467206	
11833.879199999998	0.0455999999994674	Ripples						0.0455999999994674	11833.911199999999	8.381240576397806	147.55551913866196	910.9827974701651	
11839.480799999998	0.024000000001251465	Ripples						0.024000000001251465	11839.491199999999	6.881471643299084	160.9543575808225	856.6945020813984	
11840.631999999998	0.028000000000247383	Ripples						0.028000000000247383	11840.645599999998	9.385361793669942	157.50422881581622	974.598710983206	
11857.067999999997	0.030399999999644933	Ripples						0.030399999999644933	11857.079199999998	13.505220420084072	166.74839034287604	1221.68522949241	
11858.754399999998	0.06960000000071886	Ripples						0.06960000000071886	11858.810399999998	18.06256003979221	154.57643424686773	1330.339831312836	
11863.061599999997	0.028000000000247383	Ripples						0.028000000000247383	11863.075999999997	18.224739027249974	164.76779982709084	1438.9032047168246	
11863.175199999998	0.05520000000069558	Ripples						0.05520000000069558	11863.222399999999	8.666316104844126	157.45890248489897	866.4871584578083	
11868.467999999997	0.05040000000008149	Ripples						0.05040000000008149	11868.493599999998	10.881503668772092	150.6001719189646	896.5234186022376	
11868.538399999998	0.03200000000106229	Ripples						0.03200000000106229	11868.559199999998	12.43464243903841	159.94443692382663	1224.284356531635	
11872.560799999997	0.03600000000005821	Ripples						0.03600000000005821	11872.575999999997	11.299966616626655	154.72535364104024	1090.5523189631742	
11873.033599999997	0.0272000000004482	Ripples						0.0272000000004482	11873.045599999998	5.85007897711601	150.00608868303576	616.6793362386742	
11875.243199999997	0.035200000000259024	Ripples						0.035200000000259024	11875.254399999998	10.38458497485698	168.13310540214164	967.7806321016268	
11875.371999999998	0.03679999999985739	Ripples						0.03679999999985739	11875.391199999998	12.395564830673036	165.1429812808249	1300.5536474647013	
11876.876799999998	0.025599999999030842	Ripples						0.025599999999030842	11876.895199999997	5.607733352472672	150.93794001281915	716.3372676060726	
11877.343999999997	0.05040000000008149	Ripples						0.05040000000008149	11877.380799999997	12.372929049686126	155.52973682492006	1113.5355058491866	
11878.208799999999	0.03919999999925494	Ripples						0.03919999999925494	11878.228799999997	11.299876317934304	166.3249452900148	1284.3597076443216	
11878.944799999997	0.040000000000873115	Ripples						0.040000000000873115	11878.963199999998	10.508565606111397	148.59509414483784	984.0505811262703	
11880.215999999999	0.023999999999432475	Ripples						0.023999999999432475	11880.226399999998	8.70802658092305	165.3267556876652	971.8265373719537	
11880.626399999997	0.028800000000046566	Ripples						0.028800000000046566	11880.638399999998	6.9433305767344775	150.16647917833674	804.3367061467097	
11884.809599999999	0.02719999999862921	Ripples						0.02719999999862921	11884.823199999997	8.377756854714843	155.9670927493258	915.4492827991871	
11885.921599999998	0.035200000000259024	Ripples						0.035200000000259024	11885.948799999998	8.485982386353102	159.041971313805	888.1395884317019	
11886.096799999998	0.040000000000873115	Ripples						0.040000000000873115	11886.128799999999	8.435820454103936	157.05254587124935	848.8763454601249	
11887.571999999998	0.05199999999967986	Ripples						0.05199999999967986	11887.607199999999	9.778924338290276	152.8162449903001	1010.0067995367605	
11887.717599999998	0.042400000000270666	Ripples						0.042400000000270666	11887.732799999998	14.68837572303915	153.7499887683183	1258.749886058783	
11887.862399999998	0.032799999999042484	Ripples						0.032799999999042484	11887.873599999997	13.777013127831879	156.91245603947036	1074.817667107297	
11888.525599999997	0.03200000000106229	Ripples						0.03200000000106229	11888.549599999998	10.175589534702945	154.75819835768718	946.8383562084088	
11897.591199999997	0.028000000000247383	Ripples						0.028000000000247383	11897.605599999997	9.467119104525004	163.72000778310377	1024.4213370490752	
11900.129599999998	0.0455999999994674	Ripples						0.0455999999994674	11900.141599999997	10.524664386303145	155.21279448226855	1053.4018151313953	
11918.093599999998	0.032799999999042484	Ripples						0.032799999999042484	11918.105599999997	10.27714047582774	151.71101833953492	860.1767195187647	
11918.214399999997	0.03600000000005821	Ripples						0.03600000000005821	11918.228799999997	18.806016811145426	157.98518797505068	1454.9543374093585	
11919.855199999998	0.09280000000035216	Ripples						0.09280000000035216	11919.869599999998	10.323248987452189	154.783090454444	1068.8492226691685	
11920.102399999998	0.023999999999432475	Ripples						0.023999999999432475	11920.112799999997	12.68973041872046	163.9295488157347	1199.7475686254638	
11923.945599999997	0.0272000000004482	Ripples						0.0272000000004482	11923.959999999997	7.114385775991073	161.7738950522897	972.7069382558261	
11927.715999999999	0.03919999999925494	Ripples						0.03919999999925494	11927.730399999999	8.614908197468777	169.1869492670264	1069.0058108060375	
11930.954399999999	0.046399999999266583	Ripples						0.046399999999266583	11930.989599999997	11.602584838251024	155.5518007945147	1106.8402373120412	
11932.163199999997	0.021600000000034925	Ripples						0.021600000000034925	11932.174399999998	7.95214847006173	166.50409861457806	896.4640137431082	
11932.298399999998	0.05279999999947904	Ripples						0.05279999999947904	11932.327999999998	11.332051180639064	151.11127347020533	859.5651160059803	
11934.659999999998	0.028800000000046566	Ripples						0.028800000000046566	11934.671199999997	15.597472407913733	158.03449229174973	1284.684195965911	
11940.672799999998	0.026399999998830026	Ripples						0.026399999998830026	11940.683199999998	10.209223367930674	171.00157641343543	1023.1503342731902	
11940.815999999997	0.028800000000046566	Ripples						0.028800000000046566	11940.830399999997	11.833661826623716	155.5767894231828	1150.5795034488997	
11941.999199999998	0.028800000000046566	Ripples						0.028800000000046566	11942.014399999998	6.082746220162651	149.76921800418697	602.7979308150585	
11942.304799999998	0.02080000000023574	Ripples						0.02080000000023574	11942.315999999997	5.355076660372848	158.8396586445837	779.0673514997615	
11942.823999999999	0.03439999999864085	Ripples						0.03439999999864085	11942.834399999998	6.611918467863756	157.46239038680534	806.1892221960635	
11945.189599999998	0.0272000000004482	Ripples						0.0272000000004482	11945.206399999997	10.052092007484973	164.33945521500146	1074.8106143999323	
11945.400799999998	0.021600000000034925	Ripples						0.021600000000034925	11945.412799999998	13.560590926941689	162.68407556701302	1081.3336748729232	
11945.499999999998	0.04960000000028231	Ripples						0.04960000000028231	11945.511999999999	12.517049036925414	157.2019788699932	1086.7823593653509	
11945.661599999998	0.02959999999984575	Ripples						0.02959999999984575	11945.678399999997	20.41252127630443	165.47520742945218	1505.12230857569	
11945.793599999997	0.02320000000145228	Ripples						0.02320000000145228	11945.805599999998	8.6404568570886	157.1517996515814	886.4684818421445	
11946.531999999997	0.03200000000106229	Ripples						0.03200000000106229	11946.556799999998	8.650017851269881	155.83134217605672	806.3917001287372	
11949.152799999998	0.04320000000006985	Ripples						0.04320000000006985	11949.167999999998	8.676862932749964	158.1567032767198	947.3905597104564	
11949.363199999998	0.028800000000046566	Ripples						0.028800000000046566	11949.379199999998	14.418385873657222	166.24931351161266	1230.7333817902536	
11949.503199999997	0.02480000000105065	Ripples						0.02480000000105065	11949.513599999998	11.622624186844961	155.84661449683162	891.372656888041	
11953.333599999998	0.02959999999984575	Ripples						0.02959999999984575	11953.350399999998	15.55504250427603	165.66319475354123	1304.7852004242895	
11953.455199999999	0.09439999999995052	Ripples						0.09439999999995052	11953.508799999998	9.021660373126634	156.6964411077093	958.6697690842697	
11956.463199999998	0.022399999999834108	Ripples						0.022399999999834108	11956.471199999998	6.120785045650228	156.97108700895717	650.8012197151113	
11965.479999999998	0.07600000000093132	Ripples						0.07600000000093132	11965.499999999998	16.817766892958854	162.28529638776655	1465.5814989966611	
11968.148799999997	0.028000000000247383	Ripples						0.028000000000247383	11968.163199999997	13.459603394163441	163.5032037533272	1226.818904327506	
11971.251199999999	0.053599999999278225	Ripples						0.053599999999278225	11971.271199999997	12.158404682498663	156.8864163050501	1255.8761661812762	
11972.978399999998	0.023199999999633292	Ripples						0.023199999999633292	11972.994399999998	11.407759276007836	169.13154773206017	881.1395141276339	
11973.083199999997	0.03360000000066066	Ripples						0.03360000000066066	11973.103999999998	13.148729449822955	163.63045530616736	1255.5912020457565	
11973.279199999997	0.07600000000093132	Ripples						0.07600000000093132	11973.295999999998	17.514618061237503	161.9792939447694	1504.8037886676557	
11975.229599999999	0.032799999999042484	Ripples						0.032799999999042484	11975.243199999997	11.383107352981169	161.53375546530316	1190.7798392326308	
11977.269599999998	0.03280000000086147	Ripples						0.03280000000086147	11977.283199999998	6.91122456885578	155.2197526894798	775.1990355138046	
11979.047199999997	0.03840000000127475	Ripples						0.03840000000127475	11979.055199999997	6.200342414577998	166.7913958491292	787.4648919724094	
11979.151999999998	0.031199999999444117	Ripples						0.031199999999444117	11979.169599999997	10.680265744920195	150.0115048096055	855.9223821926412	
11979.203199999998	0.0319999999992433	Ripples						0.0319999999992433	11979.220799999997	7.991705513803547	150.6963194677031	805.8177721885768	
11984.489599999997	0.035200000000259024	Ripples						0.035200000000259024	11984.500799999998	13.282801166748085	159.30205915152774	1091.879480167794	
11986.158399999998	0.042400000000270666	Ripples						0.042400000000270666	11986.183999999997	11.068943922231805	152.31817052783606	984.6952682966078	
11986.829599999997	0.02320000000145228	Ripples						0.02320000000145228	11986.837599999997	6.116687672358698	156.4333487640285	774.0497865171742	
11989.806399999998	0.0408000000006723	Ripples						0.0408000000006723	11989.819999999998	10.694214405095826	162.3580911521299	1167.7763495090344	
11991.061599999997	0.047200000000884756	Ripples						0.047200000000884756	11991.087199999998	6.680600683703373	146.70276618537085	763.3818980239946	
11991.977599999998	0.08159999999952561	Ripples						0.08159999999952561	11992.016799999998	8.577368024915781	155.6044429360329	1031.06140907765	
11993.166399999998	0.0319999999992433	Ripples						0.0319999999992433	11993.188799999998	6.584241665303311	164.29748301329687	900.2508925405667	
11993.223999999998	0.025599999999030842	Ripples						0.025599999999030842	11993.239199999998	9.085082253505718	159.6647954832871	1024.9868558044916	
11996.456799999998	0.04320000000006985	Ripples						0.04320000000006985	11996.488799999997	7.765590099373991	157.76491121943124	926.9339673734938	
11999.412799999998	0.02479999999923166	Ripples						0.02479999999923166	11999.423199999997	5.295764199685972	151.2975230424413	706.5037461786466	
12000.159199999998	0.022399999999834108	Ripples						0.022399999999834108	12000.169599999997	6.970865396427135	165.06411875753184	899.6381552935886	
12003.692799999997	0.025600000000849832	Ripples						0.025600000000849832	12003.703199999998	6.185690589688818	169.56322702689457	777.9937056307388	
12004.298399999998	0.026400000000649015	Ripples						0.026400000000649015	12004.311199999998	5.1267323133255704	175.2502570122585	768.2361244321039	
12004.486399999998	0.03919999999925494	Ripples						0.03919999999925494	12004.515199999998	7.336986690058306	169.88848551184128	868.9816531035054	
12004.633599999997	0.02959999999984575	Ripples						0.02959999999984575	12004.647199999998	11.355537509353281	160.0284244976481	1164.9315265718803	
12009.191999999997	0.028800000000046566	Ripples						0.028800000000046566	12009.206399999997	10.123773748729592	155.2875511734285	947.0883166773523	
12010.151999999998	0.06400000000030559	Ripples						0.06400000000030559	12010.166399999998	10.233428447349736	150.43517015662513	991.7881030404843	
12010.869599999998	0.025599999999030842	Ripples						0.025599999999030842	12010.882399999999	12.38427389572772	168.79560985058382	1143.4080785744363	
12013.678399999997	0.03200000000106229	Ripples						0.03200000000106229	12013.686399999999	8.01058430968782	156.19637766423412	851.0788800714997	
12014.624799999998	0.037599999999656575	Ripples						0.037599999999656575	12014.639999999998	7.404441631189092	149.70265682501497	787.4666057815233	
12023.424799999997	0.053600000001097214	Ripples						0.053600000001097214	12023.462399999999	11.411486589685717	159.7345840676561	1208.9867912484576	
12026.148799999997	0.026400000000649015	Ripples						0.026400000000649015	12026.159199999998	10.345676596316379	169.05330441699772	1020.9429776531871	
12026.339999999998	0.032799999999042484	Ripples						0.032799999999042484	12026.354399999998	6.3399844491128805	154.14977013108336	847.5373618914329	
12031.155999999997	0.03840000000127475	Ripples						0.03840000000127475	12031.177599999997	17.10839037469396	155.69187765800814	1319.0143042522845	
12032.035199999998	0.02719999999862921	Ripples						0.02719999999862921	12032.051999999998	15.334979398925078	164.46631841941218	1221.9370299945092	
12032.149599999999	0.03839999999945576	Ripples						0.03839999999945576	12032.163199999997	8.987299973550337	152.426685195358	949.198462339037	
12034.835999999998	0.03280000000086147	Ripples						0.03280000000086147	12034.847199999998	6.677675375788525	159.11354063135894	686.5785190012891	
12035.333599999998	0.02479999999923166	Ripples						0.02479999999923166	12035.343999999997	9.976092734679545	161.35866535204744	906.2329683986575	
12036.985599999998	0.07439999999951397	Ripples						0.07439999999951397	12037.007999999998	10.309718208745272	153.99712511180599	992.8577623316916	
12038.753599999998	0.0272000000004482	Ripples						0.0272000000004482	12038.770399999998	19.8215019402288	159.59238184140438	1320.6813746420407	
12040.271199999997	0.04640000000108557	Ripples						0.04640000000108557	12040.283999999998	6.570390459395025	159.99467412874773	893.2496013292993	
12041.285599999997	0.0408000000006723	Ripples						0.0408000000006723	12041.303199999998	8.196909272122209	159.86100482166145	833.5910762212445	
12045.101599999998	0.022399999999834108	Ripples						0.022399999999834108	12045.113599999999	6.74525329999347	169.56099345708003	880.835257269886	
12046.729599999999	0.03439999999864085	Ripples						0.03439999999864085	12046.739199999998	12.826228701616177	160.28431628246906	1018.4616817606224	
12048.584799999999	0.02719999999862921	Ripples						0.02719999999862921	12048.595199999998	12.308214713540384	162.29153738418748	1136.0650204919289	
12050.054399999997	0.04640000000108557	Ripples						0.04640000000108557	12050.068799999997	8.54996234424071	154.07047071580715	931.4185153467117	
12050.275199999998	0.025599999999030842	Ripples						0.025599999999030842	12050.283999999998	7.979085463234412	153.5806992391111	838.810225518242	
12051.612799999997	0.021600000000034925	Ripples						0.021600000000034925	12051.627199999997	5.988421437599742	158.68642128655972	718.6695038760355	
12053.171999999999	0.02959999999984575	Ripples						0.02959999999984575	12053.183199999998	6.723771146161424	153.21875053577435	617.1888007295805	
12055.080799999998	0.06559999999990396	Ripples						0.06559999999990396	12055.131999999998	11.126097502291241	158.97451115248612	1017.7951859523848	
12055.503199999997	0.037599999999656575	Ripples						0.037599999999656575	12055.524799999997	15.450690531191004	153.4172208550098	1254.460246118805	
12061.772799999999	0.025599999999030842	Ripples						0.025599999999030842	12061.784799999998	5.378319605653894	152.61007588578732	656.7628055747541	
12074.296799999998	0.025599999999030842	Ripples						0.025599999999030842	12074.312799999998	13.366363907052735	169.0552083618742	1093.955133776979	
12079.236799999999	0.046399999999266583	Ripples						0.046399999999266583	12079.259999999998	16.930263840649253	160.2256951240969	1417.222702287185	
12087.009599999998	0.028000000000247383	Ripples						0.028000000000247383	12087.023199999998	18.652948900962315	161.36323252226995	1370.3228696115614	
12089.378399999998	0.037599999999656575	Ripples						0.037599999999656575	12089.406399999998	6.072863881023199	147.42198191832503	684.4011641995284	
12089.855199999998	0.051199999999880674	Ripples						0.051199999999880674	12089.877599999998	10.723862393573896	146.69086078618957	818.5204590514098	
12090.120799999999	0.027999999998428393	Ripples						0.027999999998428393	12090.135199999999	12.231195192104158	153.58619764309404	974.5350533828596	
12090.245599999998	0.02479999999923166	Ripples						0.02479999999923166	12090.254399999998	10.687575904087801	166.95870658617545	998.3675733098322	
12090.451199999998	0.02080000000023574	Ripples						0.02080000000023574	12090.464799999998	10.765872724196408	161.35061731257662	899.8236834552589	
12092.782399999998	0.02080000000023574	Ripples						0.02080000000023574	12092.795999999998	5.321939865406778	166.06402536113268	695.1460379096338	
12092.848799999998	0.02080000000023574	Ripples						0.02080000000023574	12092.862399999998	7.3679095450568814	161.07877545003655	839.9371107835101	
12093.139199999998	0.022399999999834108	Ripples						0.022399999999834108	12093.150399999999	5.976805006544061	164.69179785313108	828.2927753546785	
12093.997599999999	0.06319999999868742	Ripples						0.06319999999868742	12094.008799999998	11.050630513846505	154.98619483024882	1018.8287690674082	
12096.440799999998	0.021600000000034925	Ripples						0.021600000000034925	12096.455199999999	6.6901466130358145	158.21695286750926	816.5250201206034	
12098.592799999999	0.039999999999054126	Ripples						0.039999999999054126	12098.606399999999	9.016063561046995	169.2784058748249	1046.9886942952787	
12098.706399999997	0.05520000000069558	Ripples						0.05520000000069558	12098.744799999999	14.28154336512277	157.84281862051344	1345.960917082221	
12100.816799999999	0.06159999999908905	Ripples						0.06159999999908905	12100.862399999998	9.443144771363324	154.41852540178826	1133.3136781758	
12100.923199999997	0.022399999999834108	Ripples						0.022399999999834108	12100.931999999997	7.739411886365022	160.36006312757934	905.2049735313254	
12101.010399999997	0.03200000000106229	Ripples						0.03200000000106229	12101.025599999997	12.132268189395008	153.98705603972087	1100.5080302411711	
12102.391199999998	0.025599999999030842	Ripples						0.025599999999030842	12102.403199999999	10.208014777518708	158.6792607414385	1017.0295165103357	
12103.529599999998	0.028000000000247383	Ripples						0.028000000000247383	12103.539999999997	5.226884290116858	158.46270442275178	761.467996362619	
12106.187199999998	0.06799999999930151	Ripples						0.06799999999930151	12106.203999999998	10.595149240123213	160.33514119789507	1060.0279909026692	
12106.323999999999	0.022399999999834108	Ripples						0.022399999999834108	12106.339199999999	9.08293052027495	159.3772612685362	870.4971895091638	
12117.739999999998	0.025600000000849832	Ripples						0.025600000000849832	12117.755999999998	10.736801133533161	170.24445224123065	1002.0982795846044	
12122.227999999997	0.056000000000494765	Ripples						0.056000000000494765	12122.241599999998	8.063218512915943	163.40509074650677	687.5260064066291	
12123.356799999998	0.020000000000436557	Ripples						0.020000000000436557	12123.367999999999	6.407048560430787	169.6472874160466	814.6511268068925	
12123.564799999998	0.035200000000259024	Ripples						0.035200000000259024	12123.575999999997	14.35553613708641	157.07745427271124	1205.8785908535547	
12123.710399999998	0.0591999999996915	Ripples						0.0591999999996915	12123.721599999997	7.622467420195757	156.78565675542308	956.2750671599724	
12128.467199999997	0.03280000000086147	Ripples						0.03280000000086147	12128.479199999998	8.898960619497867	158.92261401742206	964.3440062259424	
12132.741599999998	0.04160000000047148	Ripples						0.04160000000047148	12132.764799999997	9.825105493071822	151.7604723655275	1053.58749392575	
12132.949599999998	0.03679999999985739	Ripples						0.03679999999985739	12132.975199999997	21.022994051666597	158.94672256597804	1466.3663658585451	
12136.735199999997	0.03600000000005821	Ripples						0.03600000000005821	12136.760799999998	9.954197170772716	154.77615965783085	1016.4998003960843	
12139.560799999997	0.025600000000849832	Ripples						0.025600000000849832	12139.575999999997	6.319215245252531	152.80387527758626	726.7335339075057	
12140.838399999999	0.05279999999947904	Ripples						0.05279999999947904	12140.876799999998	9.670997453961377	147.16555022542988	966.383395983974	
12144.983199999999	0.05759999999827414	Ripples						0.05759999999827414	12144.998399999999	13.54821547566721	151.55753232113062	1114.5268941774996	
12145.511999999999	0.026399999998830026	Ripples						0.026399999998830026	12145.530399999998	5.7903285005583935	149.4413548426079	652.7011486685391	
12150.840799999998	0.05760000000009313	Ripples						0.05760000000009313	12150.865599999997	15.700269069483852	151.736608378985	1196.2650434899642	
12150.989599999997	0.044800000001487206	Ripples						0.044800000001487206	12151.010399999997	24.73449226811261	158.2904189039909	1677.00578804746	
12155.777599999998	0.07999999999992724	Ripples						0.07999999999992724	12155.785599999997	11.914391252048064	168.0956075450092	1027.061208147891	
12155.884799999998	0.08400000000074215	Ripples						0.08400000000074215	12155.951199999998	13.622515195913868	152.8820533738285	1300.6456727839236	
12160.217599999998	0.022399999999834108	Ripples						0.022399999999834108	12160.232799999998	6.209494923393537	156.4678634094686	761.2785465935252	
12162.846399999999	0.062399999998888234	Ripples						0.062399999998888234	12162.879199999998	12.859092707478522	152.69993463567417	861.8645006382477	
12163.252799999998	0.030399999999644933	Ripples						0.030399999999644933	12163.264799999997	5.5377390602018535	157.31942777477298	646.8723249510371	
12170.035999999998	0.051199999999880674	Ripples						0.051199999999880674	12170.050399999998	18.213722461204846	162.35781563967063	1488.6128038966988	
12173.586399999998	0.03839999999945576	Ripples						0.03839999999945576	12173.603199999998	15.493134941537251	167.53709821101643	1380.1773350062845	
12181.515199999998	0.08400000000074215	Ripples						0.08400000000074215	12181.527199999999	7.724559777718387	156.02799655876674	767.8814637611462	
12181.659999999998	0.05040000000008149	Ripples						0.05040000000008149	12181.691999999997	8.34702442010616	158.32703297199714	975.1765275068237	
12184.854399999998	0.02080000000023574	Ripples						0.02080000000023574	12184.867999999999	5.118694151255597	161.9477430435247	690.4140999373949	
12199.287199999997	0.028000000000247383	Ripples						0.028000000000247383	12199.303999999998	8.010823299927724	155.66132245545612	763.2156110366044	
12199.681599999998	0.07359999999971478	Ripples						0.07359999999971478	12199.707999999999	7.191088275398477	151.1782493213557	873.5382580304043	
12199.879999999997	0.028000000000247383	Ripples						0.028000000000247383	12199.895199999997	13.878652229690742	157.65056762485966	1210.0793355842266	
12206.227199999998	0.028800000000046566	Ripples						0.028800000000046566	12206.241599999998	10.804320083458295	158.0903470180454	1078.746922820002	
12207.569599999997	0.02480000000105065	Ripples						0.02480000000105065	12207.584799999999	6.77922640537729	168.5982186075933	818.7978978625999	
12207.753599999998	0.03359999999884167	Ripples						0.03359999999884167	12207.779999999999	9.738880292569903	156.51740767174732	805.0937247196667	
12208.227199999998	0.024000000001251465	Ripples						0.024000000001251465	12208.241599999998	10.96359855642302	162.2702712314978	980.0495729099567	
12208.333599999998	0.06079999999928987	Ripples						0.06079999999928987	12208.379999999997	21.466812160101234	154.03401635979813	1510.704250708887	
12210.318399999998	0.07120000000031723	Ripples						0.07120000000031723	12210.346399999999	15.970826725778394	158.33900210775272	1326.4173128879393	
12214.508799999998	0.021600000000034925	Ripples						0.021600000000034925	12214.516799999998	10.032372581072478	162.50714987741836	902.7529628990294	
12214.610399999998	0.044799999999668216	Ripples						0.044799999999668216	12214.630399999998	15.9277779807711	161.91406734276222	1429.5814162105403	
12214.820799999998	0.02959999999984575	Ripples						0.02959999999984575	12214.843199999998	6.899994434183567	148.04553238830496	645.4817183863734	
12215.466399999998	0.028800000000046566	Ripples						0.028800000000046566	12215.479999999998	11.930935151762155	167.78837557902636	1179.528624530858	
12215.600799999998	0.051199999999880674	Ripples						0.051199999999880674	12215.628799999999	22.566466511894387	154.33142844660068	1489.9897914752494	
12215.815199999997	0.0408000000006723	Ripples						0.0408000000006723	12215.832799999998	11.07714979205204	155.78082037992013	1094.3897419575626	
12217.139199999998	0.021600000000034925	Ripples						0.021600000000034925	12217.153599999998	10.64551161104363	157.60619084471384	944.2384114540229	
12221.151199999998	0.0319999999992433	Ripples						0.0319999999992433	12221.170399999997	10.643852189498594	168.12773818968702	1091.614936061134	
12221.295199999999	0.02079999999841675	Ripples						0.02079999999841675	12221.305599999998	8.432737321401293	169.56136124985036	879.4565428840837	
12225.793599999997	0.05040000000008149	Ripples						0.05040000000008149	12225.807999999997	11.074302385579832	155.71608051041494	985.6881938770761	
12227.366399999997	0.040000000000873115	Ripples						0.040000000000873115	12227.393599999998	16.256370605754284	172.46994998792957	1256.8777235228165	
12227.715999999999	0.04719999999906577	Ripples						0.04719999999906577	12227.748799999998	5.783595725698504	150.39586321835463	710.4510395355776	
12227.839199999999	0.030399999999644933	Ripples						0.030399999999644933	12227.853599999999	9.789038438726026	163.1450949933114	1069.8604595025934	
12228.383999999998	0.021600000000034925	Ripples						0.021600000000034925	12228.391999999998	5.469039372081158	160.81345621064102	738.120417176611	
12228.572799999998	0.021600000000034925	Ripples						0.021600000000034925	12228.580799999998	6.900614240180665	162.25420350050925	844.9728097936112	
12229.628799999999	0.031199999999444117	Ripples						0.031199999999444117	12229.645599999998	11.175405480264537	158.71655534022992	1101.398343266881	
12230.610399999998	0.023199999999633292	Ripples						0.023199999999633292	12230.618399999998	11.050221044040562	162.44228679622157	1013.8062948677488	
12234.237599999999	0.06719999999950232	Ripples						0.06719999999950232	12234.291199999998	12.609925815143455	158.08463129252027	1221.780212518319	
12236.329599999997	0.04160000000047148	Ripples						0.04160000000047148	12236.340799999998	6.785325414636379	152.6221267303489	765.2781822595321	
12243.207999999999	0.0455999999994674	Ripples						0.0455999999994674	12243.227999999997	18.59238296177746	164.07090115917939	1547.3763866319582	
12243.386399999998	0.09439999999995052	Ripples						0.09439999999995052	12243.420799999998	7.946212658385579	149.4636795041609	904.3101457379455	
12245.370399999998	0.06159999999908905	Ripples						0.06159999999908905	12245.384799999998	9.890393077330815	163.36931822361822	1025.6970233547643	
12251.221599999997	0.02960000000166474	Ripples						0.02960000000166474	12251.237599999999	10.68526700593484	163.75813356054996	1126.9538257638833	
12257.965599999998	0.03920000000107393	Ripples						0.03920000000107393	12257.983999999999	17.401868180898983	154.35207187072575	1286.904046086034	
12258.510399999997	0.024000000001251465	Ripples						0.024000000001251465	12258.524799999997	10.152106356758656	165.41521556797073	991.3968315220341	
12312.955999999998	0.03359999999884167	Ripples						0.03359999999884167	12312.963199999998	5.013914008382091	167.6148027296892	689.1238769190634	
12320.036799999998	0.037599999999656575	Ripples						0.037599999999656575	12320.051999999998	19.47095133302643	159.06840568743533	1434.8583571421914	
12320.184799999997	0.031200000001263106	Ripples						0.031200000001263106	12320.198399999997	23.842286116650296	165.3498529699009	1587.8891580676548	
12324.086399999998	0.023199999999633292	Ripples						0.023199999999633292	12324.099999999999	7.669187375704295	171.65558499886	886.8748448523876	
12333.691199999997	0.030399999999644933	Ripples						0.030399999999644933	12333.708799999999	9.949071393143797	160.55602585456134	1049.8090483877643	
12334.017599999997	0.053600000001097214	Ripples						0.053600000001097214	12334.042399999998	14.389266327924124	161.09042182674435	1141.4274098016547	
12339.779999999999	0.06079999999928987	Ripples						0.06079999999928987	12339.791999999998	8.263209613524717	151.5476329565132	739.2563537915606	
12340.522399999998	0.039999999999054126	Ripples						0.039999999999054126	12340.551999999998	9.345540285758561	152.62857301782893	762.6455954037449	
12341.897599999998	0.10399999999935972	Ripples						0.10399999999935972	12341.907999999998	10.845926573957499	154.84915230202373	1051.133365333139	
12346.019999999999	0.03839999999945576	Ripples						0.03839999999945576	12346.033599999999	5.575070357056796	176.69232645065776	737.4711060827125	
12346.094399999998	0.09039999999913562	Ripples						0.09039999999913562	12346.166399999998	19.161160437842057	150.18827375169477	1539.678097506691	
12346.703199999998	0.0408000000006723	Ripples						0.0408000000006723	12346.730399999999	11.59087602790232	157.3358936676969	1136.2905517003464	
12346.904799999998	0.025599999999030842	Ripples						0.025599999999030842	12346.921599999998	7.197844030587732	166.19774432345707	936.2767294202714	
12347.053599999997	0.025600000000849832	Ripples						0.025600000000849832	12347.067999999997	10.848431059035963	159.84737909081622	1115.7259698147968	
12348.259999999998	0.04960000000028231	Ripples						0.04960000000028231	12348.278399999997	10.83753822749178	151.03189253140386	1051.7409443040524	
12355.661599999998	0.02959999999984575	Ripples						0.02959999999984575	12355.670399999997	5.502098968234494	152.43069003853688	651.1664764452656	
12356.670399999997	0.026400000000649015	Ripples						0.026400000000649015	12356.686399999999	9.600380658921834	169.53386910316135	981.5773817846687	
12357.062399999997	0.030400000001463923	Ripples						0.030400000001463923	12357.075999999997	11.681317527018964	160.35379044542358	1205.236505797806	
12360.311199999998	0.05999999999949068	Ripples						0.05999999999949068	12360.360799999999	8.725971376092101	152.63552141611228	954.0492786363942	
12361.455199999999	0.039999999999054126	Ripples						0.039999999999054126	12361.469599999999	10.943398596835937	163.3807418928774	1028.1947692743438	
12366.134399999997	0.02959999999984575	Ripples						0.02959999999984575	12366.151199999998	8.466065187342354	170.7357717385031	979.2709944499896	
12371.284799999998	0.022399999999834108	Ripples						0.022399999999834108	12371.294399999997	7.493562467158157	168.55782368893583	898.2874226156005	
12375.059999999998	0.02480000000105065	Ripples						0.02480000000105065	12375.074399999998	8.38620401808226	160.0261963114779	930.2571103975437	
12378.642399999999	0.02719999999862921	Ripples						0.02719999999862921	12378.653599999998	16.412138033386007	166.0184440759082	1302.4758278990275	
12383.322399999997	0.030400000001463923	Ripples						0.030400000001463923	12383.333599999998	8.135245026703647	173.61081261952998	917.8290280180622	
12386.591999999999	0.025599999999030842	Ripples						0.025599999999030842	12386.610399999998	5.04729602839557	153.50041005412584	570.1182441490893	
12386.674399999998	0.022399999999834108	Ripples						0.022399999999834108	12386.688799999998	9.88948042405447	159.15074407739672	950.9207626997808	
12393.328799999997	0.0544000000008964	Ripples						0.0544000000008964	12393.359199999997	12.78702919779951	165.63511600934282	1198.6419864388652	
12399.007199999998	0.023999999999432475	Ripples						0.023999999999432475	12399.020799999998	5.238643805237134	151.37747649872705	733.5626107559824	
12399.185599999997	0.031200000001263106	Ripples						0.031200000001263106	12399.202399999998	16.444922612908222	159.51416242755724	1334.825807408785	
12399.317599999998	0.04320000000006985	Ripples						0.04320000000006985	12399.342399999998	7.136393104161811	148.65672574466137	663.7669734730442	
12400.014399999998	0.026399999998830026	Ripples						0.026399999998830026	12400.024799999997	6.888145992041636	171.37385173877433	858.5434875367714	
12407.261599999998	0.032799999999042484	Ripples						0.032799999999042484	12407.278399999997	28.92959559099725	163.9561123299842	1806.7097216864609	
12407.428799999998	0.035200000000259024	Ripples						0.035200000000259024	12407.453599999997	10.516729386639234	153.79121670733167	1100.5565162631021	
12407.647199999998	0.02480000000105065	Ripples						0.02480000000105065	12407.655999999997	12.667204494035	163.86993176761683	1083.5169597287124	
12408.011199999997	0.025600000000849832	Ripples						0.025600000000849832	12408.022399999998	6.385309736840677	159.7886702946544	740.9636718967583	
12408.321599999997	0.022399999999834108	Ripples						0.022399999999834108	12408.333599999998	9.052101494456146	165.87398772418274	973.1049083913072	
12408.364799999998	0.026400000000649015	Ripples						0.026400000000649015	12408.378399999998	12.695837756827656	162.91958202377867	1163.804930305112	
12412.695199999998	0.021600000000034925	Ripples						0.021600000000034925	12412.706399999997	5.683744462395362	153.68085237215143	716.3175348057626	
12414.861599999998	0.023999999999432475	Ripples						0.023999999999432475	12414.875999999998	6.794690834831953	163.0371159724066	793.6887674140976	
12418.500799999998	0.023199999999633292	Ripples						0.023199999999633292	12418.515999999998	11.319871695377927	161.00369080101677	997.1169934565107	
12418.687999999998	0.0319999999992433	Ripples						0.0319999999992433	12418.704799999998	13.140883265972416	155.7877937911033	1148.8697836855995	
12419.014399999998	0.04799999999886495	Ripples						0.04799999999886495	12419.042399999998	19.162806279717007	156.04044149546073	1467.6100921829727	
12419.154399999998	0.03920000000107393	Ripples						0.03920000000107393	12419.164799999999	11.774777782614292	154.17947194022935	1043.3753756463343	
12419.660799999998	0.09200000000055297	Ripples						0.09200000000055297	12419.732799999998	9.860527565704418	154.7903354871909	1047.2217826600854	
12419.816799999999	0.042399999998451676	Ripples						0.042399999998451676	12419.844799999997	13.469378629827885	156.2971629702087	1252.1223111568831	
12419.931199999997	0.044800000001487206	Ripples						0.044800000001487206	12419.964799999998	8.45837312812033	151.47085836187074	936.6131603759362	
12421.102399999998	0.03839999999945576	Ripples						0.03839999999945576	12421.121599999999	21.580374238908465	168.99350005582465	1648.8100988950362	
12423.215999999999	0.02719999999862921	Ripples						0.02719999999862921	12423.227999999997	5.1560137200611695	150.9641827969292	647.9203528562927	
12424.531999999997	0.023199999999633292	Ripples						0.023199999999633292	12424.545599999998	8.747849381716195	162.14572792722328	986.1492269364837	
12426.979999999998	0.03600000000005821	Ripples						0.03600000000005821	12426.991999999998	16.37642007069119	164.82508418492935	1328.4939630660779	
12427.143199999999	0.08239999999932479	Ripples						0.08239999999932479	12427.167999999998	14.605493841141032	152.17204146159662	1189.3659632051838	
12428.719999999998	0.028000000000247383	Ripples						0.028000000000247383	12428.738399999998	5.928083695441539	151.91930889866063	789.0246376227695	
12431.729599999999	0.025599999999030842	Ripples						0.025599999999030842	12431.745599999998	9.671958813249661	166.6820985618989	1002.697214119533	
12432.051999999998	0.022399999999834108	Ripples						0.022399999999834108	12432.059999999998	8.171920968222569	152.8400617176463	624.5094865007402	
12434.121599999999	0.021600000000034925	Ripples						0.021600000000034925	12434.131999999998	5.324411930845758	153.70131570339797	650.572059877321	
12435.041599999999	0.03600000000005821	Ripples						0.03600000000005821	12435.063199999999	5.955235358021481	151.6497087600799	858.2896822677757	
12435.415199999998	0.028800000000046566	Ripples						0.028800000000046566	12435.432799999999	5.796082254888448	159.66690787137614	851.1985535276372	
12435.568799999997	0.021600000000034925	Ripples						0.021600000000034925	12435.579999999998	7.040736551644347	162.04361878541866	891.9768750677802	
12436.480799999998	0.030399999999644933	Ripples						0.030399999999644933	12436.497599999999	12.261100092348514	163.85352886838697	1131.2708504758534	
12445.695199999998	0.02479999999923166	Ripples						0.02479999999923166	12445.711999999998	11.465520175414756	161.1320025302469	1037.9401655410074	
12447.232799999998	0.04800000000068394	Ripples						0.04800000000068394	12447.250399999997	11.6634365163879	157.59556592634638	1218.6081407830618	
12450.334399999998	0.028800000000046566	Ripples						0.028800000000046566	12450.352799999999	13.5044032347407	158.0087814402745	1150.6075617304782	
12457.679199999999	0.02959999999984575	Ripples						0.02959999999984575	12457.695999999998	11.150177875928186	168.9648588033091	1141.803789308121	
12457.787999999999	0.023199999999633292	Ripples						0.023199999999633292	12457.801599999997	15.941539610899857	166.77162546671306	1194.8177803017188	
12460.376799999998	0.046399999999266583	Ripples						0.046399999999266583	12460.387999999997	16.613080730543935	165.6500537141446	1286.8482370969355	
12460.674399999998	0.028800000000046566	Ripples						0.028800000000046566	12460.692799999997	8.099294722340346	154.39968513908616	813.9179874252442	
12460.835999999998	0.037599999999656575	Ripples						0.037599999999656575	12460.853599999999	14.421532070109688	153.83466113975206	1191.431612331371	
12461.142399999999	0.039999999999054126	Ripples						0.039999999999054126	12461.171999999999	7.646601268569687	150.66128437696725	742.4443598182881	
12461.523199999998	0.044799999999668216	Ripples						0.044799999999668216	12461.535199999998	11.625725845163238	149.68893771267716	924.350012888636	
12481.772799999999	0.028799999998227577	Ripples						0.028799999998227577	12481.787199999999	9.223886586001763	155.78840318856433	952.3050680916614	
12486.883999999998	0.026400000000649015	Ripples						0.026400000000649015	12486.896799999999	14.910621266049	170.06829509614238	1200.9357793562451	
12489.290399999998	0.03360000000066066	Ripples						0.03360000000066066	12489.310399999998	21.138423971348853	164.42568505632934	1548.7594299993862	
12495.300799999997	0.020000000000436557	Ripples						0.020000000000436557	12495.311199999998	5.6179171304944315	164.70541135544752	766.5415806361239	
12495.379199999998	0.021600000000034925	Ripples						0.021600000000034925	12495.387999999997	8.402968928810918	167.49465798336874	908.3560692488734	
12496.727199999998	0.028800000000046566	Ripples						0.028800000000046566	12496.742399999997	12.71630602128942	159.01843028419879	1114.7033665060465	
12509.454399999999	0.028800000000046566	Ripples						0.028800000000046566	12509.469599999999	5.462273687782204	150.1986107494183	691.9218755607928	
12509.775999999998	0.07920000000012806	Ripples						0.07920000000012806	12509.799199999998	7.670235706978833	152.31476154751456	700.5325844576074	
12510.571199999998	0.04159999999865249	Ripples						0.04159999999865249	12510.599999999999	14.739995179096777	156.9988935717424	1298.3432158842782	
12514.685599999997	0.09680000000116706	Ripples						0.09680000000116706	12514.761599999998	19.11451883043083	150.43871087155222	1389.8166162872394	
12515.033599999999	0.028799999998227577	Ripples						0.028799999998227577	12515.048799999999	6.8839472591281385	157.43701915829203	926.1561622473538	
12515.895199999997	0.028800000000046566	Ripples						0.028800000000046566	12515.906399999998	9.523134368563325	156.3078985040257	1033.6662112176	
12518.667999999998	0.07519999999931315	Ripples						0.07519999999931315	12518.722399999999	8.177101845893134	145.5265319985441	712.731522878351	
12518.923999999997	0.0272000000004482	Ripples						0.0272000000004482	12518.940799999998	16.850443899614906	159.43899718141589	1276.8134810092486	
12523.301599999997	0.08880000000135624	Ripples						0.08880000000135624	12523.375999999998	22.299943713936045	157.97312452634014	1577.1015944628673	
12523.458399999998	0.035200000000259024	Ripples						0.035200000000259024	12523.469599999999	11.362294120491509	158.28164085840746	1111.1216401867327	
12530.353599999999	0.03359999999884167	Ripples						0.03359999999884167	12530.379199999998	5.956151491705456	151.73912245333588	688.1286061439212	
12531.011999999999	0.05999999999949068	Ripples						0.05999999999949068	12531.055199999997	18.664539891424553	157.68918569047145	1484.207854642456	
12531.218399999998	0.031199999999444117	Ripples						0.031199999999444117	12531.232799999998	18.667500574707578	161.3387278475389	1473.9602485321395	
12531.471999999998	0.05680000000029395	Ripples						0.05680000000029395	12531.495199999998	7.884244174651429	154.78229930568742	645.7793097314142	
12535.476799999999	0.051199999999880674	Ripples						0.051199999999880674	12535.498399999999	14.207220796469183	148.38726751883175	1156.486971883126	
12542.589599999998	0.03840000000127475	Ripples						0.03840000000127475	12542.610399999998	16.528544011476214	156.04477224745997	1385.6571411613484	
12543.025599999997	0.028000000000247383	Ripples						0.028000000000247383	12543.042399999998	10.36211358788231	159.3112251749792	1122.0797541753573	
12543.123199999998	0.056000000000494765	Ripples						0.056000000000494765	12543.137599999998	10.662535252682956	150.4716291446526	1098.0763393623777	
12546.285599999997	0.025600000000849832	Ripples						0.025600000000849832	12546.297599999998	6.962498087159324	157.73579583350394	836.9750325478408	
12546.843199999998	0.03200000000106229	Ripples						0.03200000000106229	12546.854399999998	6.895903157722476	153.7177247215082	852.1955395312917	
12568.095999999998	0.02480000000105065	Ripples						0.02480000000105065	12568.110399999998	10.884003059841296	157.15500148803636	1000.2982491399553	
12569.414399999998	0.022399999999834108	Ripples						0.022399999999834108	12569.428799999998	6.372497363288157	158.68660415288784	793.7722438269167	
12570.514399999998	0.044799999999668216	Ripples						0.044799999999668216	12570.528799999998	14.78085148185754	157.63555117177842	1311.1912335046945	
12570.641599999997	0.06559999999990396	Ripples						0.06559999999990396	12570.659999999998	14.098793274056975	160.19374623982426	1353.9142804797161	
12570.924799999997	0.026400000000649015	Ripples						0.026400000000649015	12570.938399999997	7.0575040011594	161.13544393469775	988.5507240046563	
12571.147999999997	0.05040000000008149	Ripples						0.05040000000008149	12571.162399999997	14.868766802322536	154.13829884467413	1276.1187943390164	
12572.636799999998	0.026399999998830026	Ripples						0.026399999998830026	12572.655199999997	6.743319065684442	157.12553425398525	882.3191291867485	
12574.735199999997	0.028000000000247383	Ripples						0.028000000000247383	12574.751199999999	5.8117923341767	176.822607900566	747.5870700087413	
12574.876799999998	0.035200000000259024	Ripples						0.035200000000259024	12574.901599999997	8.460037805910313	169.99125295611248	963.6090837753729	
12574.977599999998	0.07359999999971478	Ripples						0.07359999999971478	12575.013599999998	7.730891966538063	151.48484909577226	857.2100779247601	
12576.085599999999	0.022399999999834108	Ripples						0.022399999999834108	12576.094399999998	9.56663424427482	167.98007407252294	969.6425083414897	
12576.230399999999	0.04399999999986903	Ripples						0.04399999999986903	12576.260799999998	16.762982412446387	157.10060398939615	1251.1106290921634	
12576.367999999999	0.02959999999984575	Ripples						0.02959999999984575	12576.384799999998	22.41439017571373	164.216720991865	1553.6563788657058	
12581.112799999997	0.03200000000106229	Ripples						0.03200000000106229	12581.123999999998	6.1254884458166705	158.7614051370958	663.0728621356088	
12589.993599999998	0.03440000000045984	Ripples						0.03440000000045984	12590.007199999998	15.955405510386397	161.88477631069412	1355.8727054537082	
12594.419199999998	0.0319999999992433	Ripples						0.0319999999992433	12594.443999999998	9.583530128301247	169.53982440200062	993.6197112301026	
12594.523199999998	0.022399999999834108	Ripples						0.022399999999834108	12594.531999999997	13.979069420562777	172.5851208660091	1040.1306568026087	
12594.688799999998	0.046399999999266583	Ripples						0.046399999999266583	12594.717599999998	12.230060384758538	145.63963808792298	1014.5877772453027	
12594.946399999997	0.024000000001251465	Ripples						0.024000000001251465	12594.960799999997	6.728801823609169	162.57216433333892	873.187417972507	
12598.622399999998	0.055999999998675776	Ripples						0.055999999998675776	12598.655199999997	6.376147577967752	157.14583564986566	896.8442927935695	
12600.007199999998	0.04399999999986903	Ripples						0.04399999999986903	12600.040799999999	7.883543206643093	157.73516106856266	943.3539947626572	
12600.142399999999	0.030399999999644933	Ripples						0.030399999999644933	12600.159199999998	12.683882779272608	159.4769606490461	1210.1472297156688	
12601.501599999998	0.020000000000436557	Ripples						0.020000000000436557	12601.511199999997	5.945385434301007	157.8725509960151	832.2638671588938	
12601.613599999999	0.02959999999984575	Ripples						0.02959999999984575	12601.628799999999	15.737266592940866	161.5470019265303	1255.4022845871025	
12602.267199999998	0.032799999999042484	Ripples						0.032799999999042484	12602.278399999997	19.13066074150459	161.46746757527671	1317.3407363481356	
12603.352799999999	0.0319999999992433	Ripples						0.0319999999992433	12603.367199999999	15.507374896405436	159.31744283072055	1276.4484384456225	
12603.515199999998	0.030399999999644933	Ripples						0.030399999999644933	12603.529599999998	15.525447990006526	164.77529925029273	1344.6308414580255	
12604.151999999998	0.03359999999884167	Ripples						0.03359999999884167	12604.178399999997	8.216155420075134	158.0520657997185	765.0213432960335	
12607.337599999997	0.06880000000091968	Ripples						0.06880000000091968	12607.381599999999	5.892828845187721	141.63608522696686	690.6218661196287	
12607.750399999997	0.028000000000247383	Ripples						0.028000000000247383	12607.767999999998	8.605887530218189	163.41846801588068	990.7114764677738	
12612.358399999997	0.031200000001263106	Ripples						0.031200000001263106	12612.379199999998	18.05578492210139	159.56021228777126	1371.063893856138	
12613.874399999999	0.032799999999042484	Ripples						0.032799999999042484	12613.889599999999	10.6285177293173	151.26510169228357	1028.82017873178	
12614.081599999998	0.03360000000066066	Ripples						0.03360000000066066	12614.099199999999	14.09097765043955	161.98849035682792	1288.7340841183488	
12614.323999999999	0.030399999999644933	Ripples						0.030399999999644933	12614.343199999998	8.082570542039752	154.41583456961212	830.4397374188942	
12622.193599999999	0.03600000000005821	Ripples						0.03600000000005821	12622.207999999999	7.7818546191176186	170.73234292586494	985.1882362624609	
12625.196799999998	0.03440000000045984	Ripples						0.03440000000045984	12625.210399999998	9.276605816405757	155.35608188685876	1001.0827091213654	
12626.221599999997	0.06400000000030559	Ripples						0.06400000000030559	12626.272799999999	9.920310323824149	161.34978095868723	1027.4468732006953	
12629.984799999998	0.04079999999885331	Ripples						0.04079999999885331	12629.999999999998	6.375545539452715	150.20198563808373	634.227572872306	
12637.315999999997	0.07040000000051805	Ripples						0.07040000000051805	12637.372799999997	8.439899380507514	149.65645614627917	872.6077301758032	
12637.483999999999	0.023199999999633292	Ripples						0.023199999999633292	12637.494399999998	8.587074327513614	161.10688253818083	948.7883672448986	
12637.652799999998	0.032799999999042484	Ripples						0.032799999999042484	12637.671199999997	6.498349893352481	149.4051782369573	815.0739488036818	
12640.598399999997	0.044800000001487206	Ripples						0.044800000001487206	12640.612799999997	7.585660299215849	158.4921264512009	976.0128732184769	
12640.903999999999	0.030399999999644933	Ripples						0.030399999999644933	12640.919999999998	5.213575955987333	145.72636744612387	586.6012261055266	
12649.098399999997	0.0408000000006723	Ripples						0.0408000000006723	12649.113599999999	9.498084574654614	148.79031539747197	788.1446182874774	
12656.003199999997	0.03440000000045984	Ripples						0.03440000000045984	12656.016799999998	6.283121653396399	153.521516680099	850.1351769617416	
12661.600799999998	0.02959999999984575	Ripples						0.02959999999984575	12661.623199999998	6.475561603542554	151.92398149362378	569.6777762380107	
12663.326399999998	0.06240000000070722	Ripples						0.06240000000070722	12663.369599999998	10.622907955644225	153.70262360013632	1164.2646527147513	
12668.648799999997	0.026400000000649015	Ripples						0.026400000000649015	12668.659999999998	12.00209281467335	170.003632859267	1101.7837128184442	
12674.005599999999	0.04320000000006985	Ripples						0.04320000000006985	12674.019999999999	10.457788669702415	158.12385448389662	1056.8358881449417	
12675.271999999997	0.03360000000066066	Ripples						0.03360000000066066	12675.288799999998	9.207306958361594	163.77234941054977	1116.2551476771544	
12675.671199999999	0.027999999998428393	Ripples						0.027999999998428393	12675.684799999997	6.226082915521646	155.56627621543177	736.1377609407745	
12679.512799999999	0.053599999999278225	Ripples						0.053599999999278225	12679.531999999997	9.32699991445733	154.12591004804418	1015.0271414605556	
12679.983999999999	0.02719999999862921	Ripples						0.02719999999862921	12679.994399999998	11.386522902004618	169.04706897899896	1093.3734704474755	
12680.643199999999	0.030399999999644933	Ripples						0.030399999999644933	12680.659199999998	8.864502972353248	149.28247697926213	875.0067442031806	
12681.735199999997	0.03840000000127475	Ripples						0.03840000000127475	12681.745599999998	7.229812971319002	158.57257608640802	868.756265787307	
12687.290399999998	0.037599999999656575	Ripples						0.037599999999656575	12687.306399999998	8.41429001842398	169.45319231618785	1060.7491196931537	
12687.382399999999	0.06559999999990396	Ripples						0.06559999999990396	12687.435199999998	7.223364137298098	172.1987925524403	889.1656347900383	
12690.695999999998	0.030399999999644933	Ripples						0.030399999999644933	12690.710399999998	11.400865267948884	162.14358534075458	1137.0065166042602	
12691.680799999998	0.02080000000023574	Ripples						0.02080000000023574	12691.694399999998	8.221126556928429	163.2054442651386	940.7586820091901	
12699.306399999998	0.026400000000649015	Ripples						0.026400000000649015	12699.319999999998	9.858666459837684	159.82757313563258	1003.2609889697786	
12704.097599999997	0.024000000001251465	Ripples						0.024000000001251465	12704.107999999998	8.703235509503115	160.66105427969353	960.7949912768574	
12705.060799999997	0.0272000000004482	Ripples						0.0272000000004482	12705.074399999998	10.576885030602044	161.73367208604435	1050.4600546172942	
12720.939999999999	0.03679999999985739	Ripples						0.03679999999985739	12720.961599999999	27.510778808926798	169.79368364969022	1736.3312300790756	
12737.983999999999	0.021600000000034925	Ripples						0.021600000000034925	12737.995199999998	6.425072193241476	157.87348332398236	738.5844983032586	
12742.427999999998	0.0272000000004482	Ripples						0.0272000000004482	12742.441599999998	8.625318557042581	168.84401944629298	1001.8273960324079	
12748.919199999998	0.023999999999432475	Ripples						0.023999999999432475	12748.930399999997	14.303289631091868	163.40964216786648	1182.387339418399	
12749.412799999998	0.028800000000046566	Ripples						0.028800000000046566	12749.429599999998	9.608253984800461	164.35844612021313	1070.9737604974218	
12749.539999999997	0.03280000000086147	Ripples						0.03280000000086147	12749.551199999998	6.70890877819113	151.95260977648758	765.9003818941343	
12751.484799999998	0.06559999999990396	Ripples						0.06559999999990396	12751.526399999999	8.1445886807932	149.54102459259192	1001.869149742854	
12752.491999999998	0.05279999999947904	Ripples						0.05279999999947904	12752.506399999998	17.956778302172022	160.15500514893142	1476.4512905091815	
12756.309599999999	0.07119999999849824	Ripples						0.07119999999849824	12756.319999999998	11.743313950895354	155.54098650620853	1141.323585112755	
12756.484799999998	0.031199999999444117	Ripples						0.031199999999444117	12756.495199999998	8.92090223262969	156.13881371003538	976.1590362128176	
12757.858399999997	0.06240000000070722	Ripples						0.06240000000070722	12757.899199999998	7.740276965612562	146.82254758936588	678.2161755968584	
12758.061599999997	0.02480000000105065	Ripples						0.02480000000105065	12758.072799999998	19.541169178281123	166.61572247818538	1333.439853690434	
12758.475999999999	0.07039999999869906	Ripples						0.07039999999869906	12758.515199999998	13.892306544352289	152.46628043045877	1399.4731712083208	
12759.543999999998	0.03600000000005821	Ripples						0.03600000000005821	12759.559199999998	5.896715299359473	146.7311020952281	622.4235969596435	
12760.408799999997	0.026400000000649015	Ripples						0.026400000000649015	12760.420799999998	10.854659401918033	156.28908528304294	938.2202363939277	
12764.175999999998	0.022399999999834108	Ripples						0.022399999999834108	12764.187999999998	5.056859490666763	153.38794668348896	507.9961321306089	
12767.047199999997	0.022399999999834108	Ripples						0.022399999999834108	12767.059199999998	5.210253402066286	157.69081152282135	711.3868070878236	
12778.795999999998	0.02479999999923166	Ripples						0.02479999999923166	12778.811199999998	7.644473388234882	160.81425069445092	961.8612761126507	
12778.984799999998	0.02479999999923166	Ripples						0.02479999999923166	12778.995199999998	5.793416480545284	154.63911138590282	654.4567079202918	
12780.349599999998	0.037599999999656575	Ripples						0.037599999999656575	12780.370399999998	15.47080719775569	152.1779111554161	1168.6808110298784	
12781.602399999998	0.023999999999432475	Ripples						0.023999999999432475	12781.618399999998	13.61624457393032	167.92181050597748	1115.3064460108255	
12785.063199999999	0.06079999999928987	Ripples						0.06079999999928987	12785.087999999998	11.027638676074645	153.48636318016028	1053.267962612344	
12785.376799999998	0.028000000000247383	Ripples						0.028000000000247383	12785.391199999998	13.900878906638289	160.07468057532495	1147.5123475998487	
12785.719999999998	0.0408000000006723	Ripples						0.0408000000006723	12785.735199999997	14.177380824745176	155.2650919980588	936.6681599091131	
12785.959999999997	0.022399999999834108	Ripples						0.022399999999834108	12785.971199999998	9.87757649188366	153.3144693448822	948.2193228060908	
12794.311999999998	0.053599999999278225	Ripples						0.053599999999278225	12794.330399999997	11.514257872208836	148.93046749144384	1027.2062808213987	
12795.080799999998	0.021600000000034925	Ripples						0.021600000000034925	12795.088799999998	6.93585108740642	161.90187568483879	821.5544829963574	
12795.287199999999	0.023999999999432475	Ripples						0.023999999999432475	12795.300799999997	8.35992958007848	161.8264528984699	951.9874967708074	
12796.722399999999	0.023999999999432475	Ripples						0.023999999999432475	12796.732799999998	10.079022701995251	162.62360252765203	1019.0900728088634	
12808.902399999997	0.08960000000115542	Ripples						0.08960000000115542	12808.913599999998	9.89526908046017	154.6072249412393	917.8516916698719	
12814.554399999997	0.06160000000090804	Ripples						0.06160000000090804	12814.592799999999	16.484572416043946	156.49528532943916	1413.9299240935877	
12819.463199999998	0.0864000000001397	Ripples						0.0864000000001397	12819.491199999999	11.763536319928695	150.24104819105915	1067.9963877218086	
12820.119199999997	0.03200000000106229	Ripples						0.03200000000106229	12820.138399999998	6.190280371571349	168.40629796127087	853.355159765518	
12820.383199999998	0.023999999999432475	Ripples						0.023999999999432475	12820.397599999998	7.9933947170432935	162.13160230894354	905.558828601413	
12825.153599999998	0.0319999999992433	Ripples						0.0319999999992433	12825.167999999998	7.086453954128312	154.61205984213007	865.1142825557353	
12827.207999999999	0.05279999999947904	Ripples						0.05279999999947904	12827.215999999999	5.309218468256749	158.5565116904728	622.5061624033975	
12828.445599999997	0.042400000000270666	Ripples						0.042400000000270666	12828.460799999997	17.89601088980152	153.90347571365422	1219.6788788503295	
12832.822399999997	0.03280000000086147	Ripples						0.03280000000086147	12832.829599999997	5.345201758648112	161.36958246376554	697.4232400033968	
12835.220799999997	0.02480000000105065	Ripples						0.02480000000105065	12835.235199999997	5.758577409423911	155.70723261399277	720.7604322282426	
12836.948799999998	0.032799999999042484	Ripples						0.032799999999042484	12836.967999999997	19.816187502663006	169.64113738407764	1531.804889075462	
12837.081599999998	0.06960000000071886	Ripples						0.06960000000071886	12837.099199999999	9.185352011450949	151.94547129054516	1078.8468917386617	
12841.218399999998	0.02479999999923166	Ripples						0.02479999999923166	12841.229599999999	6.888885591184478	156.10636309482902	800.8635162141483	
12842.540799999999	0.03359999999884167	Ripples						0.03359999999884167	12842.551999999998	6.5920176277027025	150.48089058768477	675.8091737044807	
12844.078399999999	0.031199999999444117	Ripples						0.031199999999444117	12844.099999999999	6.123318638734998	169.3418611961485	833.541367492428	
12844.279199999997	0.025600000000849832	Ripples						0.025600000000849832	12844.293599999997	9.316636684123136	157.70640179169936	950.6454902058384	
12844.357599999998	0.04800000000068394	Ripples						0.04800000000068394	12844.391999999998	8.017072551823789	152.1201013414011	700.2713201326161	
12848.483999999999	0.026399999998830026	Ripples						0.026399999998830026	12848.499199999998	13.795707712051623	156.0776473501481	1094.6204937744244	
12861.491999999998	0.03600000000005821	Ripples						0.03600000000005821	12861.518399999997	5.831231933134844	157.85146493684343	695.783666853392	
12862.663999999999	0.02479999999923166	Ripples						0.02479999999923166	12862.675199999998	5.154781904332409	151.7560100515956	591.8362694305057	
12873.642399999999	0.06159999999908905	Ripples						0.06159999999908905	12873.675999999998	15.422205996398604	148.76957079362106	1216.1228120851695	
12884.238399999998	0.0455999999994674	Ripples						0.0455999999994674	12884.247199999998	8.145099684623663	164.62484461991482	943.4615283955197	
12884.385599999998	0.03839999999945576	Ripples						0.03839999999945576	12884.403999999999	15.421189490475104	151.84955181201727	1215.391108826582	
12885.243999999999	0.023999999999432475	Ripples						0.023999999999432475	12885.251999999999	5.0178620190258805	161.51596777326733	780.0675231008751	
12885.535999999998	0.04399999999986903	Ripples						0.04399999999986903	12885.568799999997	10.912943845941802	155.58510147966254	1136.601562620617	
12885.791999999998	0.03280000000086147	Ripples						0.03280000000086147	12885.809599999999	6.566299981948966	146.517468047741	745.0122743321804	
12890.522399999998	0.03679999999985739	Ripples						0.03679999999985739	12890.552799999998	6.938695215497779	154.92414653404273	781.5005070381853	
12892.545599999998	0.04960000000028231	Ripples						0.04960000000028231	12892.574399999998	16.968834665549274	159.79431209316456	1291.5339507555043	
12892.651999999998	0.04960000000028231	Ripples						0.04960000000028231	12892.683999999997	18.417016490309123	163.26136291864805	1590.9246246027326	
12902.735199999997	0.0272000000004482	Ripples						0.0272000000004482	12902.748799999998	10.254597629214327	163.8174271027249	997.7579224706066	
12904.099999999999	0.048799999998664134	Ripples						0.048799999998664134	12904.115199999998	17.592165852998644	158.16034626661497	1449.6436595541832	
12905.135199999999	0.032799999999042484	Ripples						0.032799999999042484	12905.151999999998	15.006613366045597	167.13179381469504	1308.8060568420622	
12911.899999999998	0.03839999999945576	Ripples						0.03839999999945576	12911.915999999997	18.133350587099045	167.2637361200108	1517.9882516740256	
12912.124799999998	0.04399999999986903	Ripples						0.04399999999986903	12912.141599999997	13.441654282110148	158.4722715834539	1293.1521027293647	
12912.345599999999	0.025599999999030842	Ripples						0.025599999999030842	12912.358399999997	8.661866491662096	157.3537484314155	941.0506740153353	
12912.715199999999	0.028800000000046566	Ripples						0.028800000000046566	12912.723999999998	5.098184258892307	160.92380256355122	731.6720068712783	
12914.581599999998	0.03679999999985739	Ripples						0.03679999999985739	12914.600799999998	7.359012344674028	152.77619822603776	690.2693347976459	
12914.644799999998	0.030399999999644933	Ripples						0.030399999999644933	12914.659199999998	9.9933802128677	161.6988343044853	1059.3858574089938	
12919.089599999998	0.024000000001251465	Ripples						0.024000000001251465	12919.105599999997	6.803323340609735	150.6121809031018	597.9585342280353	
12925.311199999998	0.03359999999884167	Ripples						0.03359999999884167	12925.336799999997	6.762333836887148	151.02563597140085	728.3925675387799	
12932.179999999998	0.05760000000009313	Ripples						0.05760000000009313	12932.194399999998	11.238347957205473	157.51219774041138	1116.0694954933024	
12932.265599999999	0.025599999999030842	Ripples						0.025599999999030842	12932.279999999999	7.923110732626299	158.1771447506689	892.7555891062527	
12932.421599999998	0.02080000000023574	Ripples						0.02080000000023574	12932.429599999998	10.017819700196002	166.12887788132733	956.4486271465452	
12933.487199999998	0.058399999999892316	Ripples						0.058399999999892316	12933.535199999998	10.416435748143313	164.55848169113378	1057.4718578993306	
12938.373599999997	0.03440000000045984	Ripples						0.03440000000045984	12938.381599999999	10.333816182189972	158.8966739753929	1033.433285876172	
12939.286399999997	0.020000000000436557	Ripples						0.020000000000436557	12939.298399999998	6.412126015395843	155.82955384636145	604.0626333480249	
12944.412799999998	0.03359999999884167	Ripples						0.03359999999884167	12944.429599999998	13.655624501921716	162.09948426335598	1315.8686948994782	
12945.186399999999	0.04320000000006985	Ripples						0.04320000000006985	12945.208799999999	14.02069559783815	150.82027858180672	1212.514195093713	
12945.558399999998	0.03600000000005821	Ripples						0.03600000000005821	12945.579999999998	7.7892901487106405	148.68799853951649	769.8294690052184	
12950.952799999997	0.09280000000035216	Ripples						0.09280000000035216	12950.969599999999	13.067457468049454	163.39454586379378	1253.0160501028597	
12951.110399999998	0.02480000000105065	Ripples						0.02480000000105065	12951.121599999999	9.717989123460086	157.98877463454244	969.012501264544	
12963.427999999998	0.026400000000649015	Ripples						0.026400000000649015	12963.444799999997	7.9388914097864856	163.38173981493907	931.1636398389998	
12964.163199999997	0.05920000000151049	Ripples						0.05920000000151049	12964.180799999998	18.80949256363287	156.65673563056868	1442.0160336367278	
12970.179999999998	0.06719999999950232	Ripples						0.06719999999950232	12970.194399999998	16.84767390223027	164.70500040276784	1341.0285077281371	
12970.364799999998	0.053600000001097214	Ripples						0.053600000001097214	12970.379199999998	9.390358798158916	154.57468037939	929.5876990301256	
12970.549599999998	0.032799999999042484	Ripples						0.032799999999042484	12970.563999999998	11.281146533034576	154.49198717681293	956.1367988944259	
12972.386399999998	0.06160000000090804	Ripples						0.06160000000090804	12972.403199999999	8.431981317671298	159.88394610532507	1112.0919662518527	
12973.199999999997	0.048800000000483124	Ripples						0.048800000000483124	12973.222399999999	11.793852579798687	158.09358925113574	1156.6037252317594	
12973.476799999999	0.02080000000023574	Ripples						0.02080000000023574	12973.487999999998	6.120657414885307	165.3204841199223	810.590601784909	
12978.478399999998	0.02080000000023574	Ripples						0.02080000000023574	12978.486399999998	7.124074960840572	167.9105365435556	834.1693922593797	
12983.608799999998	0.06079999999928987	Ripples						0.06079999999928987	12983.639199999998	13.511532386709444	153.74356860542252	1287.3252707081892	
12988.008799999998	0.053599999999278225	Ripples						0.053599999999278225	12988.020799999998	17.10836589220529	166.47696350919188	1310.5894337370262	
12988.189599999998	0.028800000000046566	Ripples						0.028800000000046566	12988.210399999998	7.001530779168071	147.05431489553274	786.068144553634	
12988.538399999998	0.03440000000045984	Ripples						0.03440000000045984	12988.549599999998	6.7638000015168	159.2126289559908	880.5409862226487	
12988.689599999998	0.06880000000091968	Ripples						0.06880000000091968	12988.707199999997	23.651831769322186	156.63249035573224	1707.5042511780944	
12990.277599999998	0.03360000000066066	Ripples						0.03360000000066066	12990.292799999997	10.630244678397078	152.6168742066719	954.0278599038172	
12991.357599999998	0.028000000000247383	Ripples						0.028000000000247383	12991.375199999999	8.188843986001727	163.84151211658155	942.7368049173903	
12996.066399999998	0.037599999999656575	Ripples						0.037599999999656575	12996.080799999998	5.749553606559932	151.57958499055843	546.1827267038617	
12998.409599999997	0.025600000000849832	Ripples						0.025600000000849832	12998.427199999998	11.496342594173642	155.4248844071335	991.2063411047073	
12998.547199999997	0.08800000000155705	Ripples						0.08800000000155705	12998.620799999999	12.900378502368627	154.61208986761633	1117.4677579270844	
13006.872799999997	0.025600000000849832	Ripples						0.025600000000849832	13006.886399999998	7.437857104606517	169.8757837760427	927.099838293108	
13009.545599999998	0.05199999999967986	Ripples						0.05199999999967986	13009.559999999998	14.15816016136142	155.276119907659	1223.614452690704	
13009.967999999997	0.024000000001251465	Ripples						0.024000000001251465	13009.981599999997	8.997371413615243	165.90350072257644	949.567338901649	
13013.235199999997	0.035200000000259024	Ripples						0.035200000000259024	13013.246399999998	8.612026961038715	155.80526187391905	835.9179393069996	
13013.729599999999	0.044799999999668216	Ripples						0.044799999999668216	13013.746399999998	14.106745464821822	159.59849240018485	1351.6122876016411	
13013.906399999998	0.0272000000004482	Ripples						0.0272000000004482	13013.923999999997	9.912248636345979	155.48104893561717	920.3227153048009	
13014.061599999997	0.03280000000086147	Ripples						0.03280000000086147	13014.075999999997	6.538082518763293	150.35711693960113	633.8470256581899	
13014.137599999998	0.062399999998888234	Ripples						0.062399999998888234	13014.163999999999	9.83640830385103	144.90774713460993	820.3026975748061	
13014.330399999997	0.028000000000247383	Ripples						0.028000000000247383	13014.341599999998	5.753981548585365	151.21435755925987	741.4174122048736	
13014.935199999998	0.048800000000483124	Ripples						0.048800000000483124	13014.949599999998	7.7440635012336125	155.22756764578062	959.6242202682894	
13015.061599999997	0.04640000000108557	Ripples						0.04640000000108557	13015.073599999998	6.497367566042919	154.11349549739143	823.3167929023548	
13015.308799999997	0.047200000000884756	Ripples						0.047200000000884756	13015.319999999998	12.645646132755532	156.91747250672103	1084.838314101294	
13017.996799999997	0.028800000000046566	Ripples						0.028800000000046566	13018.011199999997	7.773678034612843	153.76180561454697	824.7169064826118	
13021.184799999997	0.03440000000045984	Ripples						0.03440000000045984	13021.208799999999	6.588435948282758	148.68684220242284	592.0202820029443	
13022.227199999998	0.022399999999834108	Ripples						0.022399999999834108	13022.238399999998	5.916843380588872	158.57933494249514	799.3550164471403	
13023.602399999998	0.037599999999656575	Ripples						0.037599999999656575	13023.626399999997	17.085737871525037	163.36337867896006	1410.172179910297	
13023.735199999997	0.021600000000034925	Ripples						0.021600000000034925	13023.743199999997	12.263322422554616	164.703103125377	959.9714064194761	
13024.516799999998	0.03840000000127475	Ripples						0.03840000000127475	13024.544799999998	7.138610208826211	153.75905733410093	917.3047312295387	
13024.679199999999	0.030399999999644933	Ripples						0.030399999999644933	13024.692799999997	11.884382475584413	162.39532368758773	1237.7770554200472	
13035.829599999997	0.03840000000127475	Ripples						0.03840000000127475	13035.843199999998	7.706910742967196	155.0678912224487	862.1091107514997	
13035.971199999998	0.09519999999974971	Ripples						0.09519999999974971	13036.020799999998	10.938234973748807	148.18598445269373	1056.8212454168554	
13036.215199999999	0.02479999999923166	Ripples						0.02479999999923166	13036.229599999999	10.210756058230848	160.15260057925892	1014.1696078118247	
13062.0	730.0	SleepStates											Awake
13074.771999999997	0.026400000000649015	Ripples						0.026400000000649015	13074.787199999999	8.950714692045574	154.2005359526596	770.7905517966581	
13103.225599999998	0.0319999999992433	Ripples						0.0319999999992433	13103.242399999997	10.211800235976769	170.48901040323165	1104.0631511397917	
13106.164799999999	0.021600000000034925	Ripples						0.021600000000034925	13106.175199999998	5.322350136786168	157.84423083030802	726.8429837171079	
13111.020799999998	0.025599999999030842	Ripples						0.025599999999030842	13111.029599999998	6.365992965621776	154.54667501037156	737.6111629008226	
13111.327199999998	0.03600000000005821	Ripples						0.03600000000005821	13111.338399999999	8.101575469138513	157.99810723301425	936.3378812551103	
13112.899999999998	0.030399999999644933	Ripples						0.030399999999644933	13112.913599999998	11.549781977570612	161.13842473123083	1209.8452292913648	
13120.952799999997	0.031200000001263106	Ripples						0.031200000001263106	13120.976799999999	5.8944008051452865	154.3237557859076	739.8415308183008	
13122.171199999999	0.048799999998664134	Ripples						0.048799999998664134	13122.203999999998	10.136073368288445	157.03162526713837	1092.8846593862286	
13136.742399999997	0.024000000001251465	Ripples						0.024000000001251465	13136.752799999998	8.695118642370398	164.99591191483375	950.9711335640937	
13136.865599999997	0.06400000000030559	Ripples						0.06400000000030559	13136.882399999999	19.260365127932765	157.77672138431254	1516.1962748168783	
13146.728799999997	0.09680000000116706	Ripples						0.09680000000116706	13146.767999999998	9.68643612789901	163.27616629387197	1017.6765438432981	
13146.971999999998	0.030399999999644933	Ripples						0.030399999999644933	13146.990399999999	7.245316832525052	146.83615981387365	785.0483713473834	
13149.914399999998	0.1000000000003638	Ripples						0.1000000000003638	13149.935999999998	13.706794522746254	162.92961312300173	1325.0512900946162	
13161.404799999998	0.04320000000006985	Ripples						0.04320000000006985	13161.431999999999	9.858197734392743	161.86107334857184	1133.9613954425758	
13162.685599999999	0.037599999999656575	Ripples						0.037599999999656575	13162.696799999998	6.840403100730693	153.04250149143942	818.8667892235195	
13189.231999999998	0.021600000000034925	Ripples						0.021600000000034925	13189.239999999998	8.039661227319712	154.74309983024568	782.1561907364617	
13191.612799999997	0.042400000000270666	Ripples						0.042400000000270666	13191.631199999998	7.410272511841167	152.04989680177246	861.3293152208399	
13191.734399999998	0.028000000000247383	Ripples						0.028000000000247383	13191.751999999999	7.3286802017731025	156.67383259606373	853.5534743321695	
13202.110399999998	0.040000000000873115	Ripples						0.040000000000873115	13202.139999999998	5.563975728994057	164.0017136255285	805.2384569092984	
13203.515199999998	0.030399999999644933	Ripples						0.030399999999644933	13203.535199999998	8.97990561217862	159.5462063608491	998.004272962203	
13208.595199999998	0.028000000000247383	Ripples						0.028000000000247383	13208.612799999997	7.623280863886016	162.47540795081	967.3193437622137	
13210.577599999999	0.030399999999644933	Ripples						0.030399999999644933	13210.591999999999	16.122159629713803	159.54391147898306	1265.7631648950521	
13212.536799999998	0.02080000000023574	Ripples						0.02080000000023574	13212.544799999998	9.083198244463947	168.27830398850853	879.0240680245695	
13219.227999999997	0.020000000000436557	Ripples						0.020000000000436557	13219.241599999998	5.946632977101964	158.80617730133199	722.3818896320792	
13231.119199999997	0.05200000000149885	Ripples						0.05200000000149885	13231.138399999998	8.524378055939442	163.1074679955037	1036.2682202907235	
13241.703999999998	0.0319999999992433	Ripples						0.0319999999992433	13241.719999999998	12.852521297826593	166.72893901502732	1271.4733564318692	
13262.127199999997	0.03600000000005821	Ripples						0.03600000000005821	13262.151999999998	5.954031993467601	149.0467389215724	653.7745311869509	
13264.095199999998	0.0455999999994674	Ripples						0.0455999999994674	13264.132799999998	7.788103956080885	162.95099396446898	827.307018836172	
13272.491199999999	0.026399999998830026	Ripples						0.026399999998830026	13272.507199999998	13.846181265514913	168.94637167642747	1137.7725960158375	
13274.579199999998	0.035200000000259024	Ripples						0.035200000000259024	13274.598399999997	10.302241711283692	168.99629760411895	1150.9038902359925	
13326.691199999997	0.037599999999656575	Ripples						0.037599999999656575	13326.712799999998	7.170300704931956	153.95185287485458	902.6455977645876	
13327.858399999997	0.03360000000066066	Ripples						0.03360000000066066	13327.875199999999	8.20916521433801	166.12769893998347	1060.0004399676332	
13329.079999999998	0.05999999999949068	Ripples						0.05999999999949068	13329.119999999997	6.141273271476623	158.413733802866	867.6330467435134	
13331.199199999997	0.048800000000483124	Ripples						0.048800000000483124	13331.231199999998	20.524021522543094	157.05955096543894	1559.8664409705168	
13515.553599999997	0.022399999999834108	Ripples						0.022399999999834108	13515.561599999997	8.152321352713358	166.83095810605192	912.588984697919	
13547.630399999998	0.030399999999644933	Ripples						0.030399999999644933	13547.650399999999	11.922329021912171	161.77824229427475	1155.9322304583125	
13552.918399999999	0.06879999999910069	Ripples						0.06879999999910069	13552.973599999998	11.271543392285754	157.26819968208508	1133.7972392300057	
13615.343999999997	0.07360000000153377	Ripples						0.07360000000153377	13615.373599999997	13.82705969882875	175.3300694552454	1152.549871459589	
13624.484799999998	0.06480000000010477	Ripples						0.06480000000010477	13624.523199999998	7.419761779486932	167.22516808132843	997.6126450320392	
13631.223999999998	0.023199999999633292	Ripples						0.023199999999633292	13631.234399999998	10.800238127402844	168.62003022555982	1017.5345641560872	
13631.337599999997	0.0408000000006723	Ripples						0.0408000000006723	13631.354399999998	14.563564407990967	153.4221671096248	1334.4211248359472	
13636.195999999998	0.02479999999923166	Ripples						0.02479999999923166	13636.210399999998	5.342411127164273	164.68051629419887	809.8894345111327	
13636.312799999998	0.025600000000849832	Ripples						0.025600000000849832	13636.327999999998	7.369838359508544	154.6641027931359	840.6691705705824	
13636.410399999999	0.03600000000005821	Ripples						0.03600000000005821	13636.430399999997	10.02151775914052	168.2713461409075	1131.3460466401164	
13639.804799999998	0.07999999999992724	Ripples						0.07999999999992724	13639.823999999999	11.082190032011734	160.55036701022317	1236.4805591021625	
13640.320799999998	0.022399999999834108	Ripples						0.022399999999834108	13640.331999999999	5.34330203605564	160.08578241194007	790.2111799550739	
13641.253599999998	0.022399999999834108	Ripples						0.022399999999834108	13641.266399999999	5.640996743427746	174.84882590979115	703.2796803645034	
13642.350399999998	0.06480000000010477	Ripples						0.06480000000010477	13642.361599999998	10.766668331504324	156.67828878312343	1008.4198842238777	
13644.082399999998	0.07999999999992724	Ripples						0.07999999999992724	13644.106399999999	9.361307574949219	164.40041628202252	1121.10846650779	
13682.416799999997	0.03840000000127475	Ripples						0.03840000000127475	13682.427199999998	6.466149998391486	153.61207282668838	833.6470779639124	
13684.391999999998	0.02479999999923166	Ripples						0.02479999999923166	13684.406399999998	7.37727377148525	162.80474705967939	915.2149410541535	
13689.857599999998	0.021600000000034925	Ripples						0.021600000000034925	13689.868799999998	6.777584850942149	167.5162897017527	890.2886729614418	
13690.159999999998	0.021600000000034925	Ripples						0.021600000000034925	13690.170399999997	8.665777835563405	165.95539155497403	924.4970209737317	
13730.652799999998	0.04800000000068394	Ripples						0.04800000000068394	13730.683999999997	8.408732904417652	161.73568942273332	1040.7341653533047	
13740.720799999997	0.03360000000066066	Ripples						0.03360000000066066	13740.737599999999	13.015567420738448	164.6087715157848	1268.8213997666676	
13743.740799999998	0.023999999999432475	Ripples						0.023999999999432475	13743.751999999999	16.73825532673124	168.60279467007177	1219.819382083872	
13746.107199999999	0.023999999999432475	Ripples						0.023999999999432475	13746.117599999998	7.123108746954594	173.524346915821	747.3718093740475	
13748.990399999999	0.021600000000034925	Ripples						0.021600000000034925	13749.000799999998	6.010503847451235	157.42876415600026	745.8174880345542	
13749.706399999997	0.09840000000076543	Ripples						0.09840000000076543	13749.765599999999	19.491260497694057	162.16326234147772	1496.9378865301924	
13749.842399999998	0.02480000000105065	Ripples						0.02480000000105065	13749.853599999999	5.975421110933601	153.432798518443	722.8612238124078	
13753.863199999998	0.07439999999951397	Ripples						0.07439999999951397	13753.899999999998	18.846581816078995	162.04639151168155	1502.3668886608066	
13756.751199999999	0.026399999998830026	Ripples						0.026399999998830026	13756.761599999998	10.358884485965394	165.87691163952886	1070.7518424746538	
13761.986399999998	0.042400000000270666	Ripples						0.042400000000270666	13762.003199999997	8.652465222954387	167.90722668842966	885.664709224088	
13765.431999999999	0.030399999999644933	Ripples						0.030399999999644933	13765.448799999998	14.211337319429258	167.39893973689885	1337.1762101382762	
13765.916799999997	0.028800000000046566	Ripples						0.028800000000046566	13765.932799999999	9.192432734068596	175.11514270068676	926.9336789062243	
13770.089599999998	0.05199999999967986	Ripples						0.05199999999967986	13770.103999999998	16.197937612795965	175.64460186757245	1183.9158624848935	
13771.602399999998	0.026400000000649015	Ripples						0.026400000000649015	13771.615199999998	11.086642432348471	165.64757762531056	1063.0274682898787	
13774.370399999998	0.030399999999644933	Ripples						0.030399999999644933	13774.391199999998	13.630238147068656	158.47441787108718	1133.6260871222012	
13774.647999999997	0.03280000000086147	Ripples						0.03280000000086147	13774.672799999998	6.77051019792585	169.88145836924375	862.159457280558	
13775.033599999999	0.03439999999864085	Ripples						0.03439999999864085	13775.049599999998	15.246219234260053	178.92690871210712	1073.2649963456424	
13776.600799999998	0.06799999999930151	Ripples						0.06799999999930151	13776.623199999998	7.764949599265371	152.2647127731053	1002.6813784681207	
13778.691199999997	0.042400000000270666	Ripples						0.042400000000270666	13778.711999999998	8.928933101485592	160.28641403099888	1144.7713898315562	
13780.146399999998	0.0455999999994674	Ripples						0.0455999999994674	13780.175199999998	7.585834249673249	151.36484906050492	899.9316053255791	
13780.243999999999	0.03600000000005821	Ripples						0.03600000000005821	13780.268799999998	5.609799750964123	148.0540534495031	681.258248512267	
13781.121599999999	0.044799999999668216	Ripples						0.044799999999668216	13781.155999999997	8.484160790672432	167.31157467684272	959.1977311487526	
13781.281599999998	0.021600000000034925	Ripples						0.021600000000034925	13781.290399999998	9.60271065603509	166.74889523289048	953.2081800617268	
13782.515199999998	0.11599999999998545	Ripples						0.11599999999998545	13782.550399999998	12.303616133720297	153.53840965150016	1223.4953441031914	
13783.064799999998	0.02959999999984575	Ripples						0.02959999999984575	13783.072799999998	5.561748418272543	172.42190632168047	788.8544850533351	
13784.975999999999	0.023999999999432475	Ripples						0.023999999999432475	13784.989599999997	9.407090813130901	163.88821601602504	998.3785649083185	
13786.151999999998	0.023999999999432475	Ripples						0.023999999999432475	13786.162399999997	7.705794928719465	164.99773785651914	898.7000090730169	
13786.999199999998	0.023199999999633292	Ripples						0.023199999999633292	13787.015199999998	12.032071091816936	164.71629178157923	1009.528913689286	
13787.069599999999	0.06079999999928987	Ripples						0.06079999999928987	13787.083999999997	17.325504663609323	158.04462177568064	1346.777178178391	
13788.819199999998	0.028000000000247383	Ripples						0.028000000000247383	13788.835199999998	13.284654633296714	171.71341000589567	1093.5010441177844	
13790.865599999997	0.030400000001463923	Ripples						0.030400000001463923	13790.876799999998	16.414127187414348	164.40839836335732	1311.914654582132	
13793.0	435.0	SleepStates											Non-REM
13794.081599999998	0.03360000000066066	Ripples						0.03360000000066066	13794.099999999999	12.92723943257074	173.38155920243327	1151.9416414579232	
13797.482399999997	0.030400000001463923	Ripples						0.030400000001463923	13797.495999999997	10.136611780191568	162.79868207996077	1122.9359378477827	
13800.858399999997	0.03360000000066066	Ripples						0.03360000000066066	13800.875199999999	10.307459039015399	158.8865307787338	1175.4814681494422	
13801.356799999998	0.030399999999644933	Ripples						0.030399999999644933	13801.373599999997	9.655364135558951	163.6658676382231	1087.9937693057639	
13802.022399999998	0.0408000000006723	Ripples						0.0408000000006723	13802.035999999998	7.6257381572766665	156.25543255709215	924.4832575354994	
13806.140799999997	0.03440000000045984	Ripples						0.03440000000045984	13806.151999999998	11.554394469695568	171.65854393226587	1065.397144752132	
13806.832799999998	0.02959999999984575	Ripples						0.02959999999984575	13806.849599999998	6.2781863489667185	159.55695523765598	804.5044482417065	
13807.021599999998	0.03440000000045984	Ripples						0.03440000000045984	13807.039199999997	15.793719165853592	161.6788638200052	1413.795525429237	
13809.532799999997	0.021600000000034925	Ripples						0.021600000000034925	13809.543999999998	5.24929780595375	161.13864336250313	724.049457224613	
13811.174399999998	0.10159999999996217	Ripples						0.10159999999996217	13811.243199999997	7.61702333678038	150.73923253898275	913.5642149796968	
13811.403999999999	0.05679999999847496	Ripples						0.05679999999847496	13811.451199999998	6.823084959624603	152.74171358956775	878.6593159349767	
13812.096799999998	0.026400000000649015	Ripples						0.026400000000649015	13812.110399999998	7.104101107143551	162.2541505102178	942.3507037044562	
13814.808799999999	0.03919999999925494	Ripples						0.03919999999925494	13814.820799999998	9.707276770165002	164.87130802375754	1041.4865600455773	
13817.403999999999	0.042400000000270666	Ripples						0.042400000000270666	13817.420799999998	7.721545840457131	161.92919959129827	987.7492766717181	
13817.499199999998	0.04079999999885331	Ripples						0.04079999999885331	13817.527199999999	10.541994651489333	151.85683038057797	1106.801304620715	
13817.597599999997	0.03200000000106229	Ripples						0.03200000000106229	13817.614399999999	13.86955339415176	170.64910537575355	1264.7915654908227	
13818.725599999998	0.028000000000247383	Ripples						0.028000000000247383	13818.739999999998	12.663830163451815	165.4419919698457	1205.9206627363046	
13819.554399999997	0.09120000000075379	Ripples						0.09120000000075379	13819.573599999998	18.029314371018568	163.00108146255275	1409.4903981534067	
13821.849599999998	0.02480000000105065	Ripples						0.02480000000105065	13821.861599999998	10.82896880126107	159.69327035369878	1050.6577557098824	
13822.855999999998	0.03679999999985739	Ripples						0.03679999999985739	13822.869599999998	8.64153295596405	178.95571115886582	900.3532936932626	
13822.951199999998	0.022399999999834108	Ripples						0.022399999999834108	13822.966399999998	5.070610160540833	153.63114192037204	586.9225354386464	
13823.593599999998	0.023999999999432475	Ripples						0.023999999999432475	13823.604799999997	7.735833416694212	163.02613345658756	951.5068450089549	
13833.876799999998	0.03440000000045984	Ripples						0.03440000000045984	13833.887999999997	10.826080039059011	176.12599400803302	1012.3268420085424	
13834.383999999998	0.032799999999042484	Ripples						0.032799999999042484	13834.397599999998	11.557280389319983	162.47669231781595	1148.1408453403087	
13834.494399999998	0.02959999999984575	Ripples						0.02959999999984575	13834.510399999997	18.66139272033133	164.37937154162339	1453.5718508884088	
13836.135999999999	0.0319999999992433	Ripples						0.0319999999992433	13836.151999999998	5.849299467785607	172.71375035170706	839.7267186285499	
13837.012799999999	0.04079999999885331	Ripples						0.04079999999885331	13837.031999999997	17.570026030598182	158.84042292564837	1428.9978297150888	
13838.807199999997	0.1632000000008702	Ripples						0.1632000000008702	13838.823999999999	12.098061643927096	160.33001485040148	1204.439298857043	
13840.551999999998	0.05680000000029395	Ripples						0.05680000000029395	13840.576799999999	5.561902206690003	147.76477186968245	704.2167260771862	
13842.607199999999	0.035200000000259024	Ripples						0.035200000000259024	13842.626399999997	10.878881267156606	168.86509068364495	1169.544174564635	
13848.352799999999	0.0319999999992433	Ripples						0.0319999999992433	13848.370399999998	15.685756437439577	155.9580760545114	1233.3769732036037	
13848.531199999998	0.06480000000010477	Ripples						0.06480000000010477	13848.542399999998	10.697990269360643	154.47392230473602	958.5214813143656	
13848.890399999998	0.02959999999984575	Ripples						0.02959999999984575	13848.904799999998	13.613622138636698	156.4592791675384	1173.9725991580485	
13849.320799999998	0.03280000000086147	Ripples						0.03280000000086147	13849.333599999998	7.557108563217646	175.43531578518326	850.5922382161581	
13851.290399999998	0.046399999999266583	Ripples						0.046399999999266583	13851.321599999997	7.7628399784904065	160.31649269148951	1031.882984459622	
13852.256799999997	0.0272000000004482	Ripples						0.0272000000004482	13852.271999999997	17.727900347568468	163.51901672258003	1331.5832688422745	
13852.960799999997	0.051200000001699664	Ripples						0.051200000001699664	13852.988799999997	13.766045885756688	160.35599565678214	1308.719440377619	
13853.129599999998	0.05279999999947904	Ripples						0.05279999999947904	13853.143199999999	14.120913997291026	164.3427109681516	1298.8285229239007	
13857.182399999998	0.0272000000004482	Ripples						0.0272000000004482	13857.199199999997	12.682669286430052	156.22666902695127	1157.6563906835706	
13857.240799999998	0.06559999999990396	Ripples						0.06559999999990396	13857.276799999998	20.00440381223622	151.63585234241916	1447.7972849082432	
13857.464799999998	0.042400000000270666	Ripples						0.042400000000270666	13857.487999999998	15.676466741659224	159.14527514581627	1431.3506780148357	
13861.006399999998	0.028000000000247383	Ripples						0.028000000000247383	13861.022399999998	10.718314900636193	169.64733614488102	1061.4328867186127	
13861.110399999998	0.03440000000045984	Ripples						0.03440000000045984	13861.123999999998	9.23481933777675	176.79895293699025	918.6105029480146	
13861.908799999997	0.03200000000106229	Ripples						0.03200000000106229	13861.927999999998	7.000349392129118	171.21519417422755	890.4913470375553	
13863.492799999998	0.02959999999984575	Ripples						0.02959999999984575	13863.503199999997	6.533821259010632	177.034880722157	737.8465207468881	
13863.803199999998	0.051199999999880674	Ripples						0.051199999999880674	13863.841599999998	8.016778509481847	152.55286137878755	1001.3176708985571	
13864.421599999998	0.042400000000270666	Ripples						0.042400000000270666	13864.451199999998	13.833714142588427	171.25156830367646	1268.6031696342027	
13869.643999999998	0.032799999999042484	Ripples						0.032799999999042484	13869.665599999998	12.483623270063609	169.18522004188696	1135.236126265059	
13869.779999999999	0.025599999999030842	Ripples						0.025599999999030842	13869.792799999997	9.234928396178594	172.126181771851	882.5920763130946	
13870.471999999998	0.040000000000873115	Ripples						0.040000000000873115	13870.492799999998	7.2305992062339275	156.70072572480447	873.5212719234319	
13877.843999999997	0.07760000000052969	Ripples						0.07760000000052969	13877.899199999998	14.252456224101886	173.43809261743556	1145.4223376084951	
13877.984799999998	0.030399999999644933	Ripples						0.030399999999644933	13877.994399999998	11.480077691505654	171.90719327827028	969.9970375361185	
13878.142399999999	0.07039999999869906	Ripples						0.07039999999869906	13878.158399999998	20.039723390826417	165.5148295340598	1494.5464227150092	
13880.912799999998	0.0272000000004482	Ripples						0.0272000000004482	13880.926399999998	8.801827517568997	173.51298679785535	986.3538915247275	
13882.573599999998	0.047200000000884756	Ripples						0.047200000000884756	13882.604799999997	16.193759655500976	161.04696719384498	1379.7019317599668	
13887.035999999998	0.028000000000247383	Ripples						0.028000000000247383	13887.050399999998	15.921604270630901	161.74658300379755	1280.591688286161	
13890.743199999997	0.02960000000166474	Ripples						0.02960000000166474	13890.762399999998	9.700566281745969	169.49848863963535	1021.8822248924199	
13895.944799999997	0.03280000000086147	Ripples						0.03280000000086147	13895.960799999997	19.06981411453483	168.83217277426934	1502.4575106461086	
13899.126399999997	0.03280000000086147	Ripples						0.03280000000086147	13899.137599999998	6.732505916366917	159.62696930868466	879.3532030812381	
13899.729599999999	0.04079999999885331	Ripples						0.04079999999885331	13899.753599999998	8.81399185992601	152.7921988853987	941.2351717175679	
13900.486399999998	0.04960000000028231	Ripples						0.04960000000028231	13900.523199999998	13.159299123204391	161.756972621251	1336.0790821955866	
13902.083999999997	0.030400000001463923	Ripples						0.030400000001463923	13902.103999999998	12.575034066077782	160.8828914646403	1157.1591787245234	
13902.716799999998	0.03359999999884167	Ripples						0.03359999999884167	13902.731199999998	10.56526785002013	162.00423050890365	1090.1793384874154	
13904.090399999997	0.024000000001251465	Ripples						0.024000000001251465	13904.101599999998	9.958412679100507	162.33839655067052	1038.9816353438032	
13909.625599999998	0.024000000001251465	Ripples						0.024000000001251465	13909.636799999998	6.364672173785502	164.57536521321725	930.415902490489	
13916.826399999998	0.0319999999992433	Ripples						0.0319999999992433	13916.851199999997	7.132116973823512	152.21613920394194	716.0725250147862	
13917.403199999999	0.03359999999884167	Ripples						0.03359999999884167	13917.419999999998	9.434384973938467	181.80129740493186	809.2879164564097	
13919.463999999998	0.15680000000065775	Ripples						0.15680000000065775	13919.563199999999	20.444429940683776	154.84293316873004	1408.0530600730388	
13921.547199999997	0.058399999999892316	Ripples						0.058399999999892316	13921.569599999999	9.635532019331114	147.75321035074353	725.4820853758712	
13923.052799999998	0.03200000000106229	Ripples						0.03200000000106229	13923.067199999998	18.79571391783422	160.0287379926589	1391.6133080876261	
13926.626399999997	0.0272000000004482	Ripples						0.0272000000004482	13926.643999999998	16.53737319718233	160.2591023530682	1258.6114129616349	
13927.636799999998	0.05199999999967986	Ripples						0.05199999999967986	13927.662399999997	10.309084275720581	167.37875895877968	1169.1881473372493	
13927.832799999998	0.020000000000436557	Ripples						0.020000000000436557	13927.843999999997	11.713796931837857	164.2594380221414	987.8056079464112	
13927.959999999997	0.037600000001475564	Ripples						0.037600000001475564	13927.967199999997	5.339580230583149	154.8089704681025	746.5632419098582	
13928.141599999997	0.02320000000145228	Ripples						0.02320000000145228	13928.151199999998	12.231584743908657	163.1523870873661	1054.4400254423156	
13933.154399999998	0.044799999999668216	Ripples						0.044799999999668216	13933.167999999998	13.588698819054732	157.7158370217104	1228.5095952014412	
13938.339999999998	0.02479999999923166	Ripples						0.02479999999923166	13938.354399999998	8.313658373700884	156.43351606602639	883.5821481772684	
13938.981599999997	0.040000000000873115	Ripples						0.040000000000873115	13938.991999999998	5.709533515023235	158.6750628303592	640.3386631515949	
13939.575999999997	0.12480000000141445	Ripples						0.12480000000141445	13939.681599999998	10.130911520934749	158.82912469144964	1118.1622054760164	
13939.768799999998	0.028000000000247383	Ripples						0.028000000000247383	13939.781599999998	6.686553961039823	171.36757757710106	866.5508773117475	
13939.972799999998	0.06559999999990396	Ripples						0.06559999999990396	13939.987199999998	7.420012195771348	157.18750714093048	883.656416232175	
13940.227999999997	0.02480000000105065	Ripples						0.02480000000105065	13940.241599999998	8.261916227808033	158.02829371925935	882.7362507068601	
13941.214399999997	0.058400000001711305	Ripples						0.058400000001711305	13941.265599999999	8.483078266744611	159.83579830682248	926.2400725530589	
13941.475199999997	0.05040000000008149	Ripples						0.05040000000008149	13941.519199999999	7.2747444295115855	149.44086590416165	601.4446023107663	
13944.786399999997	0.025600000000849832	Ripples						0.025600000000849832	13944.798399999998	7.6836269849993615	159.3177635469866	850.4572639171339	
13944.892799999998	0.0591999999996915	Ripples						0.0591999999996915	13944.935199999998	12.444391842006153	154.63004578461207	1276.0190269479983	
13945.233599999998	0.030399999999644933	Ripples						0.030399999999644933	13945.247199999998	7.499279156998079	165.51967536651418	945.8083234428262	
13945.397599999998	0.056000000000494765	Ripples						0.056000000000494765	13945.436799999998	18.657850528194892	156.9800588581939	1516.1360116717835	
13945.531999999997	0.030400000001463923	Ripples						0.030400000001463923	13945.548799999999	15.21671321091557	159.13420350996162	1207.7410788865086	
13947.060799999997	0.02959999999984575	Ripples						0.02959999999984575	13947.069599999999	6.609688766860186	151.80872243495807	633.2554835249946	
13948.345599999999	0.037599999999656575	Ripples						0.037599999999656575	13948.354399999998	6.697929576631629	167.73993003885383	677.0198851303606	
13948.743999999999	0.032799999999042484	Ripples						0.032799999999042484	13948.762399999998	9.788317050003583	149.786505438282	874.0225224501554	
13950.451199999998	0.07600000000093132	Ripples						0.07600000000093132	13950.483199999999	14.431293670572776	146.96469721470774	1166.9712956121552	
13951.769599999998	0.0272000000004482	Ripples						0.0272000000004482	13951.786399999997	11.435545156757241	161.27059974950734	1102.2183010976546	
13955.553599999997	0.0408000000006723	Ripples						0.0408000000006723	13955.567999999997	7.846026981594784	156.87556737664403	950.6481008110858	
13955.624799999998	0.0272000000004482	Ripples						0.0272000000004482	13955.639199999998	6.786754736012644	164.20291387117607	932.7171917402285	
13959.298399999998	0.04399999999986903	Ripples						0.04399999999986903	13959.310399999998	15.497030032622726	159.0292095470469	1255.8976468554604	
13959.679999999998	0.023999999999432475	Ripples						0.023999999999432475	13959.693599999999	15.026963249220941	164.52175293434996	1187.9894696595552	
13961.678399999999	0.021600000000034925	Ripples						0.021600000000034925	13961.692799999999	5.694246687014526	155.44181315465354	673.1407614460176	
13961.724799999998	0.05439999999907741	Ripples						0.05439999999907741	13961.732799999998	6.12346575223776	150.04294676577558	762.9389565087386	
13961.974399999997	0.03440000000045984	Ripples						0.03440000000045984	13961.995999999997	9.738644517644968	150.88911352621082	939.0380328031741	
13974.746399999998	0.03919999999925494	Ripples						0.03919999999925494	13974.764799999997	14.593463742460012	152.7511831145857	1197.4638870155177	
13978.099999999999	0.02479999999923166	Ripples						0.02479999999923166	13978.115199999998	5.365927415976163	162.78481548415454	788.892431428913	
13979.123199999998	0.03440000000045984	Ripples						0.03440000000045984	13979.137599999998	10.262653742587537	162.22895029159162	1141.2316036937905	
13979.231199999998	0.03919999999925494	Ripples						0.03919999999925494	13979.256799999997	23.673367353053703	156.19189553014618	1556.7589429308748	
13980.293599999997	0.042400000000270666	Ripples						0.042400000000270666	13980.301599999999	5.2596763940695	157.63413563411595	646.9108949594153	
13980.720799999997	0.02959999999984575	Ripples						0.02959999999984575	13980.739999999998	7.980883826501725	167.89192583442085	921.2953963346226	
13980.907999999998	0.026400000000649015	Ripples						0.026400000000649015	13980.919999999998	7.2138622113166955	153.8806539334984	620.1516599826864	
13981.070399999999	0.026399999998830026	Ripples						0.026399999998830026	13981.087199999998	5.610580632234563	166.3858891323748	843.8726556981127	
13981.789599999998	0.020000000000436557	Ripples						0.020000000000436557	13981.802399999999	5.377901789816551	169.04615591551595	746.7655007644977	
13982.280799999999	0.03359999999884167	Ripples						0.03359999999884167	13982.290399999998	10.927603309717195	176.21714640284415	923.7048160261189	
13982.397599999998	0.028800000000046566	Ripples						0.028800000000046566	13982.405599999998	7.465798417594541	171.16772117265532	865.2898405201746	
13982.502399999998	0.035200000000259024	Ripples						0.035200000000259024	13982.518399999997	12.27074713828839	163.7916919776379	1252.3521708816472	
13983.140799999997	0.030400000001463923	Ripples						0.030400000001463923	13983.154399999998	12.160141284425055	161.7962506557262	1210.3003262986824	
13983.261599999998	0.02479999999923166	Ripples						0.02479999999923166	13983.272799999999	12.833087740047578	163.5639964024562	1167.957287132312	
13987.929599999998	0.0768000000007305	Ripples						0.0768000000007305	13987.958399999998	15.119780489864425	164.10780296817367	1394.2374273881878	
13989.847199999998	0.04160000000047148	Ripples						0.04160000000047148	13989.862399999998	8.220600300046055	154.0900717504932	922.448612952902	
13990.508799999998	0.031199999999444117	Ripples						0.031199999999444117	13990.523199999998	9.136216179659753	158.854464055911	1037.1244652983094	
13994.674399999998	0.030399999999644933	Ripples						0.030399999999644933	13994.688799999998	9.409154807407017	161.80847881395525	1079.570368557034	
13995.726399999998	0.030399999999644933	Ripples						0.030399999999644933	13995.740799999998	13.22963596937716	162.70811259315818	1252.9712993008582	
13996.021599999998	0.039999999999054126	Ripples						0.039999999999054126	13996.040799999999	8.858041492159364	152.20253201383224	910.0978036276797	
13997.294399999999	0.0319999999992433	Ripples						0.0319999999992433	13997.321599999997	5.352197554338683	152.4022940977201	689.5629171828357	
14002.620799999999	0.030399999999644933	Ripples						0.030399999999644933	14002.637599999998	14.659844406697342	161.7220581334659	1315.532825159618	
14003.022399999998	0.04800000000068394	Ripples						0.04800000000068394	14003.039999999997	13.803980809438952	156.2362424824004	1208.48677108295	
14003.134399999997	0.07280000000173459	Ripples						0.07280000000173459	14003.155199999997	12.912346055110415	155.50482489376753	1197.1948461482384	
14008.454399999999	0.053599999999278225	Ripples						0.053599999999278225	14008.467999999997	11.073692835630425	166.7047850713073	1095.5523671850788	
14015.967199999997	0.09600000000136788	Ripples						0.09600000000136788	14015.978399999998	9.842612813371423	154.03096311849603	979.5360494190124	
14018.150399999999	0.03359999999884167	Ripples						0.03359999999884167	14018.167999999998	13.051843177588918	165.9998081685929	1242.7472434244214	
14018.435199999998	0.03360000000066066	Ripples						0.03360000000066066	14018.455199999999	8.076764892519716	155.53576788890678	1017.3390331638958	
14019.074399999998	0.026400000000649015	Ripples						0.026400000000649015	14019.091199999997	6.79658983590298	166.59585444834215	903.1792767239875	
14021.125599999998	0.022399999999834108	Ripples						0.022399999999834108	14021.135199999999	8.613283942411968	168.98181773246557	925.5770847123457	
14021.219199999998	0.04160000000047148	Ripples						0.04160000000047148	14021.244799999999	17.357161764723166	155.26985630698792	1409.8952753693122	
14021.544799999998	0.03360000000066066	Ripples						0.03360000000066066	14021.565599999998	6.7901482345850654	168.54426152005075	894.3666789804822	
14025.552799999998	0.03360000000066066	Ripples						0.03360000000066066	14025.566399999998	14.90966062810092	161.96383856662408	1237.2784153414757	
14026.574399999998	0.0455999999994674	Ripples						0.0455999999994674	14026.589599999998	12.129511012490244	153.51178184477806	1025.2515776159682	
14027.079199999998	0.03440000000045984	Ripples						0.03440000000045984	14027.099999999999	11.435631146784797	156.330718235714	1155.599852237314	
14036.172799999998	0.023199999999633292	Ripples						0.023199999999633292	14036.187999999998	5.79389247383253	157.80748521297693	720.1335048102794	
14042.259999999998	0.026399999998830026	Ripples						0.026399999998830026	14042.275199999998	9.93150745525851	153.432652146659	855.0883262374842	
14042.407999999998	0.02480000000105065	Ripples						0.02480000000105065	14042.419199999998	9.598341942716393	162.81546332707617	1021.3071394876579	
14042.841599999998	0.023199999999633292	Ripples						0.023199999999633292	14042.851999999997	10.20086332794346	167.63881344259343	1000.1301360115527	
14046.286399999997	0.035200000002078013	Ripples						0.035200000002078013	14046.300799999997	12.746491381966397	166.64409507408206	1131.2340397987382	
14050.086399999998	0.03919999999925494	Ripples						0.03919999999925494	14050.104799999997	9.898385968039953	147.0711350499747	952.3165339291455	
14059.389599999999	0.051199999998061685	Ripples						0.051199999998061685	14059.403999999999	16.211742561972155	158.3907921557244	1360.759193137528	
14059.883999999998	0.03359999999884167	Ripples						0.03359999999884167	14059.901599999997	19.70142085916162	161.94351160259012	1486.2287587787807	
14060.051999999998	0.02959999999984575	Ripples						0.02959999999984575	14060.063999999998	9.667268391162816	155.22935246369352	1017.5970393021792	
14060.150399999999	0.05040000000008149	Ripples						0.05040000000008149	14060.165599999998	12.27748834203752	150.01488951815014	1031.492933388009	
14061.496799999997	0.023199999999633292	Ripples						0.023199999999633292	14061.507199999998	9.928087753150434	164.64858927305343	1011.5442456815355	
14064.001599999998	0.04320000000006985	Ripples						0.04320000000006985	14064.031199999998	15.014532299296276	153.44476451498113	1220.7464292556215	
14064.149599999997	0.03200000000106229	Ripples						0.03200000000106229	14064.164799999999	14.389336433467214	157.41467300672755	1256.2627374155745	
14064.5968	0.032799999999042484	Ripples						0.032799999999042484	14064.607999999998	9.06282724046877	161.81531289402247	973.3741859161947	
14065.273599999997	0.02320000000145228	Ripples						0.02320000000145228	14065.287199999999	8.820574763711962	162.4245752552747	982.6817434623795	
14065.391999999998	0.02080000000023574	Ripples						0.02080000000023574	14065.402399999999	6.515058665963973	157.88618635758917	816.2116003481616	
14067.298399999998	0.032799999999042484	Ripples						0.032799999999042484	14067.309599999997	9.526225152489417	157.03001851155787	855.9693136497626	
14069.243999999999	0.03440000000045984	Ripples						0.03440000000045984	14069.265599999999	10.438962382749425	168.50831780166027	1113.41337382323	
14069.367999999999	0.03919999999925494	Ripples						0.03919999999925494	14069.393599999998	8.457358114326247	152.5738101455709	832.4891008330408	
14072.234399999998	0.0319999999992433	Ripples						0.0319999999992433	14072.255999999998	6.357251444165998	156.86109603072896	797.2051410868975	
14096.402399999999	0.02239999999801512	Ripples						0.02239999999801512	14096.417599999997	7.436205433591837	150.87665135402716	729.4364614863185	
14096.526399999999	0.03839999999945576	Ripples						0.03839999999945576	14096.547999999999	12.797000405192087	154.5029937799142	1164.2205448939142	
14097.818399999998	0.02080000000023574	Ripples						0.02080000000023574	14097.826399999998	6.0877425978019035	165.75376683427422	799.7023382695714	
14098.4384	0.03839999999763677	Ripples						0.03839999999763677	14098.463999999998	15.903813511007717	166.20899049376814	1323.1787454835792	
14099.892799999998	0.0272000000004482	Ripples						0.0272000000004482	14099.907199999998	11.608722297813948	160.71065189550276	1144.857570400337	
14100.371999999998	0.03679999999985739	Ripples						0.03679999999985739	14100.398399999998	8.614655857087746	146.80325467654922	810.5022380767891	
14102.834399999998	0.044799999999668216	Ripples						0.044799999999668216	14102.846399999999	5.408935538023838	151.13672160671	614.2272326280852	
14105.823199999999	0.05760000000009313	Ripples						0.05760000000009313	14105.8576	16.14032562889471	159.11419949090984	1447.6116275670188	
14107.780799999997	0.03840000000127475	Ripples						0.03840000000127475	14107.801599999999	7.515341572655626	150.34683200794285	867.4619324692145	
14108.579199999998	0.04399999999986903	Ripples						0.04399999999986903	14108.5968	5.188186813139447	153.46301410514621	561.8712599806668	
14109.0824	0.02719999999862921	Ripples						0.02719999999862921	14109.0968	9.096434841311902	160.48119152186274	1093.1224239379608	
14110.631199999998	0.055999999998675776	Ripples						0.055999999998675776	14110.649599999997	21.081874818217162	158.9089415937098	1624.5683513652634	
14111.7856	0.042399999998451676	Ripples						0.042399999998451676	14111.8144	9.531126430571895	157.48712722193113	1052.5148874487165	
14112.951199999998	0.03200000000106229	Ripples						0.03200000000106229	14112.973599999998	9.57047126006961	174.4356114921971	963.6172812147456	
14119.855999999998	0.0272000000004482	Ripples						0.0272000000004482	14119.867199999997	12.796640080233857	166.2486155533645	1162.5639205736602	
14133.208799999997	0.024000000001251465	Ripples						0.024000000001251465	14133.223199999997	5.701247863137951	163.50271775674688	779.4911335016569	
14136.848799999998	0.04399999999986903	Ripples						0.04399999999986903	14136.873599999999	13.475801114610313	161.5800854733803	1326.0717614802275	
14136.919199999998	0.028799999998227577	Ripples						0.028799999998227577	14136.933599999997	9.732470914070285	155.66191850400972	970.7584443176613	
14137.572799999998	0.047200000000884756	Ripples						0.047200000000884756	14137.583999999999	9.56060830139602	167.46638415484006	1069.6032693161005	
14139.443199999998	0.07760000000052969	Ripples						0.07760000000052969	14139.463999999998	7.459953230701801	160.61020249856037	986.2890095664869	
14140.487999999998	0.0319999999992433	Ripples						0.0319999999992433	14140.507199999998	14.771646873879126	164.50245520423408	1202.9104591256244	
14145.692	0.03919999999925494	Ripples						0.03919999999925494	14145.709599999998	10.956603460017654	161.43151996427295	1090.6538491216945	
14145.793599999997	0.04160000000047148	Ripples						0.04160000000047148	14145.817599999998	7.224798373717913	156.92835553467253	1027.5959324623602	
14145.860799999999	0.03919999999925494	Ripples						0.03919999999925494	14145.889599999999	5.470524414744357	148.26801677590558	688.3143735275409	
14147.744799999997	0.05040000000008149	Ripples						0.05040000000008149	14147.772799999999	13.76096937975161	156.51301743759439	1344.2177898250166	
14148.982399999997	0.02480000000105065	Ripples						0.02480000000105065	14148.994399999998	11.458196265111125	159.7829873638201	1016.9472281321583	
14149.571199999998	0.046399999999266583	Ripples						0.046399999999266583	14149.586399999998	11.965391869359884	156.38415801821304	1116.9905603136697	
14149.774399999998	0.031199999999444117	Ripples						0.031199999999444117	14149.795199999997	13.753864929483678	159.39830675028898	1277.2858176429168	
14154.155999999999	0.023199999999633292	Ripples						0.023199999999633292	14154.169599999997	7.019303476881492	160.66840418375537	870.240910423894	
14156.162399999997	0.03440000000045984	Ripples						0.03440000000045984	14156.186399999999	12.375366948955651	158.5856585762603	1180.9204061741482	
14164.396799999999	0.020000000000436557	Ripples						0.020000000000436557	14164.404799999998	6.183778755577048	174.56412315529747	749.3269788847573	
14172.404799999998	0.022399999999834108	Ripples						0.022399999999834108	14172.417599999997	6.734065709409178	170.30220776538076	836.5979599125183	
14172.453599999997	0.05760000000009313	Ripples						0.05760000000009313	14172.497599999999	6.296048172830559	149.58714707258724	719.6309971304217	
14179.679199999999	0.037599999999656575	Ripples						0.037599999999656575	14179.702399999998	7.1265952512122075	161.8057403668319	965.7853772412827	
14182.819999999998	0.05200000000149885	Ripples						0.05200000000149885	14182.846399999999	11.406621537582264	152.96649637950094	903.7630324309102	
14185.300799999997	0.03440000000045984	Ripples						0.03440000000045984	14185.311999999998	11.259429700889518	172.63638712015603	1076.6447929167525	
14186.683199999998	0.039999999999054126	Ripples						0.039999999999054126	14186.699999999997	25.731325633426273	162.1809149626195	1747.999233260494	
14187.428799999998	0.08480000000054133	Ripples						0.08480000000054133	14187.487999999998	6.6272724013448485	155.09287967445064	780.0730266916266	
14187.764	0.035199999998440035	Ripples						0.035199999998440035	14187.7784	12.604643144378539	153.05602457829093	1132.1722152126379	
14193.032799999997	0.03360000000066066	Ripples						0.03360000000066066	14193.041599999997	7.040238554971838	152.56928762467302	749.5887774089737	
14193.163199999999	0.0319999999992433	Ripples						0.0319999999992433	14193.174399999998	6.732225376517141	155.1802352722895	693.6135558614816	
14195.96	0.0319999999992433	Ripples						0.0319999999992433	14195.9744	14.955693748364823	161.92995554094102	1327.4193030335266	
14196.023199999998	0.025599999999030842	Ripples						0.025599999999030842	14196.037599999998	7.9053442235541835	157.2688377889511	928.4916022185517	
14203.616799999998	0.022399999999834108	Ripples						0.022399999999834108	14203.628799999999	5.115203779014805	157.9696592257701	719.5908682591773	
14203.947199999999	0.027999999998428393	Ripples						0.027999999998428393	14203.958399999998	14.04891239820866	160.95903721645374	1189.6945597813217	
14204.232799999998	0.051199999999880674	Ripples						0.051199999999880674	14204.276799999998	6.506457403522235	152.01246138424912	766.1062042363366	
14204.3432	0.027999999998428393	Ripples						0.027999999998428393	14204.354399999998	13.374602597013443	159.7205520161497	1181.9156328762917	
14204.443999999998	0.026400000000649015	Ripples						0.026400000000649015	14204.457599999998	12.773859585347273	170.83419286719288	1116.0597274309139	
14217.127999999997	0.020000000000436557	Ripples						0.020000000000436557	14217.136799999998	7.121770314599688	160.6908288944911	719.4073821988848	
14217.2064	0.02479999999923166	Ripples						0.02479999999923166	14217.216799999998	8.340048649587322	157.24355660899874	827.7920981872248	
14229.0	2794.0	SleepStates											Awake
14312.333599999998	0.03440000000045984	Ripples						0.03440000000045984	14312.354399999998	10.583028155897884	159.0705247432501	1084.6025171402507	
14320.229599999999	0.023999999999432475	Ripples						0.023999999999432475	14320.240799999998	6.667443014243973	160.72242222502513	894.7005941984925	
14326.134399999999	0.02079999999841675	Ripples						0.02079999999841675	14326.147999999997	6.816206885883706	170.25419058670997	814.5947352365687	
14339.504799999999	0.06719999999950232	Ripples						0.06719999999950232	14339.515999999998	8.485578886270023	168.24467590489604	967.5657008317697	
14340.331199999997	0.03200000000106229	Ripples						0.03200000000106229	14340.347999999998	8.14328479837062	164.5311077588747	1040.090682101757	
14345.639199999998	0.022399999999834108	Ripples						0.022399999999834108	14345.650399999999	7.432717268650364	155.20015185021145	835.0008458003446	
14348.514399999998	0.07359999999971478	Ripples						0.07359999999971478	14348.536799999998	19.435921980861043	160.35299725857885	1690.5135236773478	
14350.494399999998	0.031199999999444117	Ripples						0.031199999999444117	14350.513599999998	10.76301315508367	170.8967351141478	1070.1647368204287	
14350.998399999997	0.037600000001475564	Ripples						0.037600000001475564	14351.013599999998	8.496833904098382	164.67293330782383	1028.1023630042246	
14353.703199999998	0.06319999999868742	Ripples						0.06319999999868742	14353.724799999998	9.797643926306286	165.76907787872364	940.0408861912423	
14368.204799999998	0.06879999999910069	Ripples						0.06879999999910069	14368.262399999998	5.771371300548883	161.27447582222018	877.4653509946492	
14368.384799999998	0.03600000000005821	Ripples						0.03600000000005821	14368.401599999997	12.328598283953454	169.62392202457332	1237.9913728044087	
14380.253599999998	0.02480000000105065	Ripples						0.02480000000105065	14380.267199999998	8.891324597270826	157.93460855752903	969.7300420915103	
14393.487199999998	0.03600000000005821	Ripples						0.03600000000005821	14393.498399999997	7.0370821476861645	151.92203289468318	853.9060090811564	
14393.616799999998	0.035200000000259024	Ripples						0.035200000000259024	14393.637599999998	11.402302949372963	157.17954284835378	1168.8730385969118	
14394.370399999998	0.021600000000034925	Ripples						0.021600000000034925	14394.384799999998	5.952668806352981	153.58745976272488	757.7607900617656	
14398.147999999997	0.024000000001251465	Ripples						0.024000000001251465	14398.161599999998	6.680686031630595	164.36925632494473	950.0535055343868	
14409.730399999997	0.042400000002089655	Ripples						0.042400000002089655	14409.738399999998	5.514147933153674	166.3658973378864	755.3525940091926	
14416.205599999998	0.09840000000076543	Ripples						0.09840000000076543	14416.279199999997	11.46916438433413	144.74222397177408	1003.4446094860461	
14418.574399999998	0.08079999999972642	Ripples						0.08079999999972642	14418.588799999998	8.793599293197651	165.5433195939163	1012.2055217505284	
14418.741599999998	0.08720000000175787	Ripples						0.08720000000175787	14418.7712	21.079430289128716	159.3746388045948	1687.0621527945764	
14422.987999999998	0.025600000000849832	Ripples						0.025600000000849832	14423.002399999998	12.004263531855996	159.39875624709035	1151.2959292398732	
14423.071999999998	0.035200000000259024	Ripples						0.035200000000259024	14423.090399999997	14.7636155920098	168.99346003372054	1258.4366530548675	
14425.428799999998	0.030399999999644933	Ripples						0.030399999999644933	14425.440799999998	6.749654449745563	156.23505927228493	815.3913996854945	
14433.703199999998	0.10239999999976135	Ripples						0.10239999999976135	14433.779199999997	23.24799967936025	162.3472514857989	1752.0544252393302	
14435.637599999998	0.08559999999852153	Ripples						0.08559999999852153	14435.694399999997	8.959849018341773	153.28253991432206	1059.6293272473067	
14457.930399999997	0.07840000000032887	Ripples						0.07840000000032887	14457.980799999998	14.95578351316868	149.9708099480031	1192.8590581495178	
14470.341599999998	0.021600000000034925	Ripples						0.021600000000034925	14470.3504	8.923070895481478	157.2108951261382	852.7804836820786	
14479.519199999999	0.11119999999937136	Ripples						0.11119999999937136	14479.549599999998	8.123109971072255	164.6500227886201	1038.1347370622873	
14483.288799999998	0.05679999999847496	Ripples						0.05679999999847496	14483.3288	13.627748561921422	165.29341756804095	1329.3571357268856	
14485.071199999998	0.03839999999945576	Ripples						0.03839999999945576	14485.095199999998	8.659096441646293	151.16388782701102	932.0745268502416	
14486.383199999998	0.035200000000259024	Ripples						0.035200000000259024	14486.400799999998	23.14556381918557	160.2928773643069	1637.8994008879667	
14487.301599999999	0.02079999999841675	Ripples						0.02079999999841675	14487.311999999998	6.595349141880458	165.7705197334365	880.2400064460347	
14494.764	0.02479999999923166	Ripples						0.02479999999923166	14494.7784	10.535703066166127	162.04246911937912	1057.2905163829807	
14544.48	1856.7999666666656	epochs											
14822.983199999999	0.02079999999841675	Ripples						0.02079999999841675	14822.993599999998	6.841320445201232	167.5067642336671	911.5711004062609	
15218.14	0.023199999999633292	Ripples						0.023199999999633292	15218.154399999998	5.084476179958724	166.7938332233883	752.678489761624	
15345.561599999997	0.0272000000004482	Ripples						0.0272000000004482	15345.572799999998	10.110428188488687	163.78638127677536	1112.0305433539422	
15475.480799999998	0.02960000000166474	Ripples						0.02960000000166474	15475.492799999998	5.094672029098988	158.81598661951014	758.5817919360157	
15539.925599999999	0.02079999999841675	Ripples						0.02079999999841675	15539.939199999997	5.168153550158806	158.65713988574134	749.9802765569862	
15685.929599999998	0.04640000000108557	Ripples						0.04640000000108557	15685.955199999999	13.013728351261967	179.23245592032794	1073.724049024322	
15788.609599999998	0.0680000000011205	Ripples						0.0680000000011205	15788.649599999997	7.260623557657389	173.60939596557037	919.6569141956027	
16011.406399999998	0.035200000000259024	Ripples						0.035200000000259024	16011.414399999998	5.933165498194688	160.8714646465197	696.6343902802702	
16211.223199999999	0.044799999999668216	Ripples						0.044799999999668216	16211.237599999999	5.94331353073962	166.8072442138567	798.9821674946434	
16401.28	5835.4879666666675	epochs											
16409.754399999998	0.051200000001699664	Ripples						0.051200000001699664	16409.770399999998	7.368070798484188	171.86369417681559	926.2600729119465	
16423.1728	0.02239999999801512	Ripples						0.02239999999801512	16423.1864	7.559647715518348	170.00348258060572	820.3237935594311	
16429.4344	0.0591999999996915	Ripples						0.0591999999996915	16429.4632	22.53278959782918	171.25419686269873	1647.37569176119	
16430.4056	0.042399999998451676	Ripples						0.042399999998451676	16430.4224	15.99410134553407	165.55514717902332	1388.4369552722485	
16433.4816	0.08320000000094296	Ripples						0.08320000000094296	16433.505599999997	15.763892678197598	166.60118183191662	1391.978441710143	
16435.583199999997	0.024800000002869638	Ripples						0.024800000002869638	16435.594399999998	9.347197202253884	167.87467472649206	1006.3988248803522	
16435.7568	0.05519999999887659	Ripples						0.05519999999887659	16435.7672	9.959792958713335	167.7624381278677	1060.2553308650822	
16437.532	0.023999999997613486	Ripples						0.023999999997613486	16437.5464	9.467725624437898	164.30560350282778	1026.0936200938525	
16440.685599999997	0.07040000000051805	Ripples						0.07040000000051805	16440.743199999997	9.375652026058454	174.12377939295885	1039.0305907511356	
16440.8016	0.07679999999891152	Ripples						0.07679999999891152	16440.8488	11.434551223988537	161.2460809956235	1228.2350740775355	
16448.623999999996	0.056000000004132744	Ripples						0.056000000004132744	16448.669599999997	10.325075831818426	153.01085257657118	1071.7291815367685	
16452.4704	0.044799999999668216	Ripples						0.044799999999668216	16452.480799999998	6.811898102589025	163.20852955947683	845.7677766221399	
16459.296799999996	0.08480000000054133	Ripples						0.08480000000054133	16459.311199999996	7.055234668427399	167.005416784765	902.3870070395861	
16460.345599999997	0.031200000001263106	Ripples						0.031200000001263106	16460.363999999998	7.106384994898001	172.41115003318407	901.017778234513	
16461.4328	0.06559999999808497	Ripples						0.06559999999808497	16461.456	17.63946705191519	169.35660526702497	1458.5653319685878	
16463.2728	0.0319999999992433	Ripples						0.0319999999992433	16463.291999999998	8.26759695309611	171.23492935087594	971.8509861933654	
16463.3952	0.026399999998830026	Ripples						0.026399999998830026	16463.4056	7.696491962690975	159.2032641348813	930.8148845142871	
16464.581599999998	0.02079999999841675	Ripples						0.02079999999841675	16464.595199999996	6.2330109878235564	160.45846795167404	835.9495452616454	
16466.7352	0.02239999999801512	Ripples						0.02239999999801512	16466.746399999996	5.205745148587523	156.00444348278015	760.967078646783	
16470.4024	0.027999999998428393	Ripples						0.027999999998428393	16470.415999999997	10.522463406477417	175.36124777144724	939.436809107811	
16470.9352	0.08319999999730499	Ripples						0.08319999999730499	16471.0	17.41840990381413	168.58888064174604	1548.294095117738	
16471.731999999996	0.04080000000249129	Ripples						0.04080000000249129	16471.7448	9.616641274505415	173.70352580429216	945.1192934972839	
16471.849599999998	0.05760000000009313	Ripples						0.05760000000009313	16471.863999999998	18.1795598279486	170.41402876898235	1262.6064618764915	
16472.7168	0.04560000000128639	Ripples						0.04560000000128639	16472.7296	5.540386305428807	167.80282172200697	774.6079650791096	
16475.025599999997	0.047200000000884756	Ripples						0.047200000000884756	16475.0392	7.028364893545657	169.04649646623542	882.1184911495582	
16476.833599999998	0.048800000000483124	Ripples						0.048800000000483124	16476.872799999997	7.596357166643424	174.27180498526377	760.3921246561116	
16477.030399999996	0.02960000000166474	Ripples						0.02960000000166474	16477.043999999998	6.325345199133473	159.41039205054028	984.7614400854982	
16478.4056	0.03600000000005821	Ripples						0.03600000000005821	16478.4256	10.543637951335413	163.48985816738076	1144.7485416126383	
16484.7912	0.023999999997613486	Ripples						0.023999999997613486	16484.807999999997	6.089382115864332	166.65619149829752	823.5301173724405	
16485.747199999998	0.05280000000129803	Ripples						0.05280000000129803	16485.773599999997	14.188264045269863	172.74680980778322	1301.806476740043	
16488.365599999997	0.02479999999923166	Ripples						0.02479999999923166	16488.375999999997	8.02821107856689	158.8787980766621	890.7350767469907	
16488.483999999997	0.02960000000166474	Ripples						0.02960000000166474	16488.500799999998	11.64990321428558	169.55073708193322	1154.5638750446465	
16489.836	0.039999999997235136	Ripples						0.039999999997235136	16489.859999999997	6.110129352907517	172.43597635596726	847.5054002817418	
16491.476799999997	0.10240000000339933	Ripples						0.10240000000339933	16491.554399999997	14.537213947518746	169.5600970799	1434.797121631839	
16492.9904	0.09759999999732827	Ripples						0.09759999999732827	16493.0752	13.678808500173579	168.91506701135972	1309.6620384608586	
16493.9064	0.028800000000046566	Ripples						0.028800000000046566	16493.92	11.630763891773231	172.7800222853503	992.4564006266769	
16494.0928	0.0272000000004482	Ripples						0.0272000000004482	16494.103199999998	12.105631321167376	162.9934955132028	1150.6455759226012	
16495.189599999998	0.053599999999278225	Ripples						0.053599999999278225	16495.212	12.464703480337676	167.88844348020368	1224.0190649256829	
16495.530399999996	0.03840000000127475	Ripples						0.03840000000127475	16495.5408	12.027421500092062	167.62644558656498	1058.4645127873525	
16508.8648	0.10879999999815482	Ripples						0.10879999999815482	16508.96	12.665013093331062	159.875650705908	1269.8391867447644	
16512.428799999998	0.04160000000047148	Ripples						0.04160000000047148	16512.4456	7.500164446987485	155.1907369858547	1006.7397542620737	
16512.604	0.05199999999967986	Ripples						0.05199999999967986	16512.635199999997	10.507605877885526	161.85777423301894	1192.5103716845695	
16515.7768	0.03839999999763677	Ripples						0.03839999999763677	16515.799199999998	8.669827074326445	165.79772617173455	1115.324101300569	
16519.135199999997	0.10560000000259606	Ripples						0.10560000000259606	16519.195999999996	6.061268971418582	162.69166800528683	843.5516432547689	
16522.012	0.028800000000046566	Ripples						0.028800000000046566	16522.028	17.6499999016584	166.65280900371357	1368.5017416651829	
16522.252	0.0639999999984866	Ripples						0.0639999999984866	16522.306399999998	7.030046565974433	157.54918496488835	924.2984531544591	
16522.419199999997	0.028000000002066372	Ripples						0.028000000002066372	16522.431999999997	5.193948952217347	167.23274883892412	740.897464648424	
16523.1072	0.03359999999884167	Ripples						0.03359999999884167	16523.1272	11.52062594964651	166.41674652701946	1199.7102497763822	
16523.2096	0.026399999998830026	Ripples						0.026399999998830026	16523.2224	14.70253613447614	166.81519386052267	1258.3252464742127	
16523.911999999997	0.09760000000096625	Ripples						0.09760000000096625	16523.931999999997	7.003175486838917	175.93635455268793	827.4556343195	
16524.492	0.022400000001653098	Ripples						0.022400000001653098	16524.505599999997	6.449865317714015	166.91888641458146	850.151061085352	
16529.7408	0.02479999999923166	Ripples						0.02479999999923166	16529.7552	9.315022447876867	164.04048047215588	1048.6622876141723	
16530.8704	0.037599999999656575	Ripples						0.037599999999656575	16530.8992	7.268918473107966	172.0493551158515	836.5823923893557	
16534.365599999997	0.06240000000252621	Ripples						0.06240000000252621	16534.4184	11.533203158807982	170.67786409727773	981.3835464401602	
16536.1664	0.037599999999656575	Ripples						0.037599999999656575	16536.18	14.36527802788971	168.9458089785346	1246.182707950582	
16538.347999999998	0.037599999999656575	Ripples						0.037599999999656575	16538.372799999997	11.448462820794612	172.55610052571757	1077.3166735597683	
16538.446399999997	0.04079999999885331	Ripples						0.04079999999885331	16538.4712	8.562661856944162	167.2125426787611	1030.9822907562893	
16539.835199999998	0.10080000000016298	Ripples						0.10080000000016298	16539.8608	21.613087617242925	161.74861164243168	1543.4953422756982	
16540.743199999997	0.058400000001711305	Ripples						0.058400000001711305	16540.7712	16.640804020702515	168.5140385264634	1478.2590542753533	
16541.267999999996	0.08000000000174623	Ripples						0.08000000000174623	16541.2984	9.969682249970612	156.60538729873807	1089.1628950837462	
16543.4328	0.02239999999801512	Ripples						0.02239999999801512	16543.444799999997	12.404564415358898	159.34168218699983	1125.3825656229278	
16543.9856	0.06319999999686843	Ripples						0.06319999999686843	16544.011199999997	14.41959367164605	163.3414620054994	1334.894999400887	
16550.872	0.02959999999802676	Ripples						0.02959999999802676	16550.879999999997	5.200546554761211	152.38635217558166	659.4656115377052	
16551.0248	0.04399999999805004	Ripples						0.04399999999805004	16551.036	8.131499083540891	161.01618669798663	945.4008571145469	
16553.976799999997	0.04080000000249129	Ripples						0.04080000000249129	16553.9992	22.753590765469117	174.1968750267403	1534.0316058582346	
16554.0824	0.03359999999884167	Ripples						0.03359999999884167	16554.1008	11.647147097614146	173.58854114295053	1039.4667784726003	
16556.221599999997	0.026400000002468005	Ripples						0.026400000002468005	16556.2352	8.843816257387758	170.14354390403716	966.7164621762204	
16556.3088	0.031199999997625127	Ripples						0.031199999997625127	16556.322399999997	8.116146670743143	154.05993306170282	879.4681965191177	
16558.6616	0.07679999999891152	Ripples						0.07679999999891152	16558.724799999996	7.387428676661765	161.00894128811666	913.1150763920983	
16559.548799999997	0.02479999999923166	Ripples						0.02479999999923166	16559.5568	5.147200847437647	164.91844955366759	796.3192486436857	
16560.399999999998	0.07840000000214786	Ripples						0.07840000000214786	16560.4456	11.83390348183264	159.2185158788808	1166.914834364538	
16563.066399999996	0.028000000002066372	Ripples						0.028000000002066372	16563.077599999997	9.6092764750641	164.31514860050254	1073.0855222044802	
16569.099199999997	0.040000000000873115	Ripples						0.040000000000873115	16569.109599999996	6.159981253610888	152.76451701118395	731.2143391973258	
16576.5608	0.02239999999801512	Ripples						0.02239999999801512	16576.572	9.371560446484715	157.82715332114608	998.2358713146162	
16578.2672	0.03840000000127475	Ripples						0.03840000000127475	16578.293599999997	8.667584856912981	171.39261197264867	1019.1167622409469	
16579.976	0.023199999999633292	Ripples						0.023199999999633292	16579.986399999998	11.534789725245032	165.08610473069436	1067.6281949526985	
16581.248	0.02959999999802676	Ripples						0.02959999999802676	16581.264	13.784007147169758	170.76618446097942	1230.8103531086158	
16582.219999999998	0.024000000001251465	Ripples						0.024000000001251465	16582.2336	9.472212461376605	170.7463551615473	936.6041354303716	
16582.976799999997	0.028000000002066372	Ripples						0.028000000002066372	16582.989599999997	7.934780111273627	167.41214969625946	947.2635385947048	
16583.676	0.0591999999996915	Ripples						0.0591999999996915	16583.6992	14.590395979786486	168.0490161097477	1265.7694168524986	
16593.0104	0.07600000000093132	Ripples						0.07600000000093132	16593.0432	17.406266078012024	163.9090015484686	1463.3726550816803	
16593.8104	0.11439999999856809	Ripples						0.11439999999856809	16593.908799999997	11.6756491409344	167.42465744703983	1194.5824898567198	
16593.9688	0.025599999997211853	Ripples						0.025599999997211853	16593.980799999998	15.106654200026007	161.14735063499901	1238.6881125955533	
16594.613599999997	0.025600000000849832	Ripples						0.025600000000849832	16594.627999999997	10.217789713950669	162.1070983715945	1066.3410226889278	
16594.8056	0.02479999999923166	Ripples						0.02479999999923166	16594.82	10.396482406176162	169.41469080532474	1023.625241405754	
16595.1848	0.0272000000004482	Ripples						0.0272000000004482	16595.2016	14.511372966159032	162.1073664760914	1278.2525963296814	
16597.009599999998	0.026400000002468005	Ripples						0.026400000002468005	16597.019999999997	7.966368572353615	175.41411373185292	845.6533743035513	
16597.381599999997	0.02080000000205473	Ripples						0.02080000000205473	16597.392	5.46450040192542	160.93356149309975	769.9197536500147	
16597.956	0.0904000000009546	Ripples						0.0904000000009546	16598.032799999997	5.738610631886256	159.7769155297297	866.8162936478801	
16598.832799999996	0.07280000000173459	Ripples						0.07280000000173459	16598.8768	10.15682820571089	171.03300723443857	1178.1040956686252	
16604.489599999997	0.028800000000046566	Ripples						0.028800000000046566	16604.5136	5.80685627311718	169.23416545526158	730.786598408172	
16606.8912	0.03919999999925494	Ripples						0.03919999999925494	16606.9168	10.795872569559679	158.98934343078315	972.3471426812885	
16607.1776	0.032799999997223495	Ripples						0.032799999997223495	16607.1864	9.908375325148779	165.34272929065384	961.5980017836354	
16607.8912	0.0319999999992433	Ripples						0.0319999999992433	16607.9128	10.829766121066983	167.7977287250581	1072.1915073558228	
16608.279199999997	0.037599999999656575	Ripples						0.037599999999656575	16608.2928	11.88184561284867	161.71274129156149	1223.9807263584999	
16609.4688	0.03440000000045984	Ripples						0.03440000000045984	16609.489599999997	12.509465943600338	164.1288701282871	1140.2978136714814	
16609.872	0.04719999999724678	Ripples						0.04719999999724678	16609.8896	10.619707602128653	156.02011471612857	1156.0951357965912	
16612.232799999998	0.0319999999992433	Ripples						0.0319999999992433	16612.2496	17.654668904647576	164.16146786927885	1462.65124284593	
16615.012799999997	0.03280000000086147	Ripples						0.03280000000086147	16615.029599999998	12.106212826373538	162.8740518758095	1255.124129936866	
16615.688	0.0367999999980384	Ripples						0.0367999999980384	16615.7096	28.900654427808636	163.53443560241172	1887.520829712562	
16616.7096	0.044799999999668216	Ripples						0.044799999999668216	16616.7384	16.236364083683608	167.20548479161394	1356.436548426422	
16617.423199999997	0.09120000000257278	Ripples						0.09120000000257278	16617.451999999997	14.207146308139558	163.36706298556783	1405.2743143111193	
16617.822399999997	0.05199999999967986	Ripples						0.05199999999967986	16617.832799999996	7.889703359154026	173.52418460397828	901.6383459246201	
16619.611999999997	0.021600000000034925	Ripples						0.021600000000034925	16619.623199999998	7.033385960183335	159.09773117290578	804.7635191792783	
16620.0696	0.08079999999972642	Ripples						0.08079999999972642	16620.088799999998	12.923026762676752	167.66765831134674	1254.282356160534	
16620.791999999998	0.042400000002089655	Ripples						0.042400000002089655	16620.8176	9.811641395281752	162.3970138191599	1124.0508481090474	
16621.4368	0.05679999999847496	Ripples						0.05679999999847496	16621.480799999998	10.394684772822535	159.92443050181853	1162.8885168863062	
16622.813599999998	0.03600000000005821	Ripples						0.03600000000005821	16622.823999999997	5.697588756538106	163.588695618643	815.500171258685	
16623.124799999998	0.028800000000046566	Ripples						0.028800000000046566	16623.138399999996	10.809733433782718	161.9511964931439	1175.4755295149382	
16624.016799999998	0.05679999999847496	Ripples						0.05679999999847496	16624.031199999998	9.327786511491828	164.52693152748256	1109.847286221412	
16656.424799999997	0.058400000001711305	Ripples						0.058400000001711305	16656.4544	12.097109153710154	161.1109661259939	1167.9464402155127	
16656.587199999998	0.0632000000005064	Ripples						0.0632000000005064	16656.601599999998	30.20709293742226	162.70460856320346	1854.1297115431269	
16663.195999999996	0.07040000000051805	Ripples						0.07040000000051805	16663.207199999997	7.525184236496128	168.5170641543645	888.0217552834052	
16663.9272	0.0272000000004482	Ripples						0.0272000000004482	16663.9416	7.077739276049995	168.26579789713998	946.1386553918596	
16664.8896	0.06959999999889988	Ripples						0.06959999999889988	16664.910399999997	18.453233631181572	166.58867148953127	1427.7641355135893	
16666.332799999996	0.024000000001251465	Ripples						0.024000000001251465	16666.3432	7.476419263034375	158.40265567677548	881.9022416658703	
16666.5856	0.022400000001653098	Ripples						0.022400000001653098	16666.6	13.918388471005088	166.15924112579256	1115.2330209272664	
16666.928799999998	0.0319999999992433	Ripples						0.0319999999992433	16666.947999999997	10.102277142956659	164.12888624847648	1146.0749409676962	
16666.9832	0.04959999999846332	Ripples						0.04959999999846332	16666.9976	10.28712513026332	163.0811101421015	1013.8451198254447	
16667.2088	0.032799999997223495	Ripples						0.032799999997223495	16667.227199999998	16.407713909136547	155.44114130865512	1351.208089236753	
16669.0856	0.040000000000873115	Ripples						0.040000000000873115	16669.104799999997	16.258126609968507	173.24866473871865	1271.9564703239685	
16669.219999999998	0.026399999998830026	Ripples						0.026399999998830026	16669.2336	20.76631194101788	164.80882394957737	1405.7877214953967	
16670.0936	0.021600000000034925	Ripples						0.021600000000034925	16670.104	5.751871555678922	156.46447444674783	766.3526216808854	
16675.1112	0.03439999999682186	Ripples						0.03439999999682186	16675.127999999997	11.28156113091502	159.6735761241021	1135.3601657074723	
16675.214399999997	0.056000000000494765	Ripples						0.056000000000494765	16675.248	11.00593356139564	158.87655452149647	1218.666828502573	
16675.446399999997	0.042400000002089655	Ripples						0.042400000002089655	16675.4712	10.569715925182384	164.22386523596032	1020.0358405614123	
16676.3936	0.05279999999766005	Ripples						0.05279999999766005	16676.410399999997	15.81386179034936	166.8890760456572	1384.665529838933	
16676.9528	0.028800000000046566	Ripples						0.028800000000046566	16676.967999999997	5.62901603635204	159.3822084505515	926.0448300625008	
16682.3128	0.02719999999681022	Ripples						0.02719999999681022	16682.329599999997	6.710778387150248	155.54880386829336	833.6627206604227	
16683.1904	0.035199999998440035	Ripples						0.035199999998440035	16683.2096	23.434648815537766	167.86924303632787	1687.2530017900542	
16683.304799999998	0.030399999999644933	Ripples						0.030399999999644933	16683.3216	13.772517305083095	162.71371752174792	1264.310777108574	
16684.142399999997	0.0864000000001397	Ripples						0.0864000000001397	16684.2048	16.996903302864816	165.75901232197467	1580.952852499638	
16684.327999999998	0.051200000001699664	Ripples						0.051200000001699664	16684.343999999997	27.117328273777577	165.46441593716773	1686.0300088448762	
16685.415999999997	0.04400000000168802	Ripples						0.04400000000168802	16685.4384	5.285319549974457	147.2981400859398	574.8065885915283	
16685.7064	0.03919999999925494	Ripples						0.03919999999925494	16685.7168	13.933789386279779	167.48026946876035	1219.2522304987476	
16686.6728	0.07679999999891152	Ripples						0.07679999999891152	16686.6992	12.785634772620984	159.65928319849095	1202.8557570495275	
16687.1736	0.06799999999930151	Ripples						0.06799999999930151	16687.2016	6.899421862907571	160.4027568128125	976.2923625084942	
16688.0608	0.02079999999841675	Ripples						0.02079999999841675	16688.068799999997	6.237188281545972	157.98616791672293	805.1736928718122	
16688.284799999998	0.0319999999992433	Ripples						0.0319999999992433	16688.3056	14.56341134571696	162.44535448833042	1246.7564670670806	
16688.823999999997	0.040000000000873115	Ripples						0.040000000000873115	16688.8536	5.652394228213695	161.4832785079682	895.1651323865302	
16688.8864	0.03600000000005821	Ripples						0.03600000000005821	16688.9056	20.041267295310224	170.15715590763654	1488.6996293814645	
16689.048	0.021600000000034925	Ripples						0.021600000000034925	16689.058399999998	10.86613544721659	161.00393351430426	1015.7044800731388	
16689.766399999997	0.06160000000090804	Ripples						0.06160000000090804	16689.8072	7.216675738662097	147.80530868328006	902.528449094371	
16695.483999999997	0.06240000000252621	Ripples						0.06240000000252621	16695.523999999998	17.30830107955879	165.30628141955359	1526.8949575487982	
16696.041599999997	0.02960000000166474	Ripples						0.02960000000166474	16696.058399999998	13.104086575179304	168.47615789123344	1165.179106012653	
16697.286399999997	0.031200000001263106	Ripples						0.031200000001263106	16697.3016	11.640630662587844	172.4307056793291	1062.711833930164	
16697.443199999998	0.03840000000127475	Ripples						0.03840000000127475	16697.457599999998	23.178087811610478	160.2346249083757	1621.6039920069156	
16699.217599999996	0.02960000000166474	Ripples						0.02960000000166474	16699.2336	10.10816460371581	165.4960328044009	1139.1282124176926	
16700.054399999997	0.056000000000494765	Ripples						0.056000000000494765	16700.0912	12.36871406563795	161.4700337133625	1314.421795843137	
16701.6008	0.035199999998440035	Ripples						0.035199999998440035	16701.617599999998	8.788277785148441	173.11876753981758	906.8427875477937	
16702.2312	0.03280000000086147	Ripples						0.03280000000086147	16702.248	12.981538389791442	167.27458209476032	1228.598257297105	
16702.3248	0.051199999998061685	Ripples						0.051199999998061685	16702.362399999998	13.161826464016706	167.73972658976763	1096.74829395253	
16703.3376	0.023999999997613486	Ripples						0.023999999997613486	16703.3488	10.431020840734726	163.51026238597012	1022.9001842723303	
16703.8608	0.020000000000436557	Ripples						0.020000000000436557	16703.871199999998	6.136677358434355	171.2310456804828	671.9402727068978	
16705.6848	0.05280000000129803	Ripples						0.05280000000129803	16705.703999999998	7.190468187674958	174.4260852729036	836.7302066730982	
16706.44	0.03359999999884167	Ripples						0.03359999999884167	16706.4632	14.388273102340587	174.4950834494821	1097.9516856577914	
16706.627999999997	0.05920000000332948	Ripples						0.05920000000332948	16706.675199999998	6.722950530583569	167.9985293196945	887.7666636797743	
16708.181599999996	0.031200000001263106	Ripples						0.031200000001263106	16708.195999999996	13.817017057094379	159.4325421839279	1228.051720190578	
16709.523999999998	0.07359999999971478	Ripples						0.07359999999971478	16709.537599999996	21.33075183147779	162.6059526832121	1568.7657870718067	
16714.253599999996	0.09360000000015134	Ripples						0.09360000000015134	16714.331199999997	15.5235355171165	163.24003636335271	1256.5416169991868	
16714.9816	0.0904000000009546	Ripples						0.0904000000009546	16715.052799999998	14.085087099213965	161.54473427881388	1318.5425001075187	
16715.9472	0.025599999997211853	Ripples						0.025599999997211853	16715.960799999997	8.780309565759605	172.50313320934382	867.3222055792871	
16718.0216	0.06639999999606516	Ripples						0.06639999999606516	16718.048799999997	15.35123448465882	164.7587075418381	1341.4592954758107	
16718.453599999997	0.040000000000873115	Ripples						0.040000000000873115	16718.475199999997	7.570517080251681	150.81101454577868	782.810154719409	
16718.6544	0.0367999999980384	Ripples						0.0367999999980384	16718.6776	10.629381975617475	159.2208591254099	1030.1500286537773	
16721.659999999996	0.033600000002479646	Ripples						0.033600000002479646	16721.667999999998	8.103353004056281	175.75889559756436	848.4210877556882	
16721.8144	0.025599999997211853	Ripples						0.025599999997211853	16721.833599999998	5.596418948295484	164.64876991796774	744.9066644719545	
16723.284799999998	0.046399999999266583	Ripples						0.046399999999266583	16723.311999999998	7.986619528989646	168.80343257542265	1042.9561428878783	
16724.685599999997	0.02080000000205473	Ripples						0.02080000000205473	16724.696799999998	5.7834815437507	165.091447847039	803.6464353748149	
16724.789599999996	0.042400000002089655	Ripples						0.042400000002089655	16724.802399999997	12.507544892352536	178.28893079846793	981.8758110483212	
16726.0912	0.04799999999886495	Ripples						0.04799999999886495	16726.106399999997	13.649035976994687	162.70792971953145	1254.556653990295	
16726.351199999997	0.08079999999972642	Ripples						0.08079999999972642	16726.411999999997	10.592883490714271	161.89269669802002	1183.9026193889877	
16728.6976	0.027999999998428393	Ripples						0.027999999998428393	16728.714399999997	13.089206417962794	166.8441219355049	1227.5725150670792	
16728.9296	0.048800000000483124	Ripples						0.048800000000483124	16728.944	18.44472877181328	158.38528375586395	1367.5201985397068	
16730.451999999997	0.05280000000129803	Ripples						0.05280000000129803	16730.487999999998	8.826686379360469	159.59283967780044	989.8340533239228	
16731.681599999996	0.024800000002869638	Ripples						0.024800000002869638	16731.695999999996	7.2327289579956755	169.61458666045252	865.6449054213847	
16731.872799999997	0.08559999999852153	Ripples						0.08559999999852153	16731.884	7.316300802427087	159.44920652872602	829.4724987378278	
16733.5768	0.025599999997211853	Ripples						0.025599999997211853	16733.595999999998	6.898814527842037	164.2709880499173	798.6828540203892	
16735.2152	0.06719999999768334	Ripples						0.06719999999768334	16735.2312	12.925444989094526	159.4127590119896	1242.8593247475446	
16735.465599999996	0.08240000000296277	Ripples						0.08240000000296277	16735.4888	7.731580198644515	148.8116449048681	800.37202003776	
16735.6728	0.0367999999980384	Ripples						0.0367999999980384	16735.692799999997	17.14206167253008	161.81695206932463	1439.663904883005	
16740.435999999998	0.024000000001251465	Ripples						0.024000000001251465	16740.4496	13.892560432817193	167.99682252950035	1151.7204467596068	
16752.8648	0.032799999997223495	Ripples						0.032799999997223495	16752.884	5.655146272794304	159.66469580977534	832.3343138330063	
16818.2728	0.05279999999766005	Ripples						0.05279999999766005	16818.290399999998	6.335381807696439	156.73767071839228	899.8805325192258	
16818.9776	0.03600000000005821	Ripples						0.03600000000005821	16818.991199999997	12.96257954958758	162.304080518767	1240.0509327939442	
16819.067199999998	0.04160000000047148	Ripples						0.04160000000047148	16819.090399999997	15.736532799477878	165.55228588951607	1532.2658120091908	
16822.4424	0.10559999999895808	Ripples						0.10559999999895808	16822.471999999998	14.314317052744197	176.81501217653408	1170.2511485625043	
16829.2136	0.03600000000005821	Ripples						0.03600000000005821	16829.2408	6.1142521145218796	172.61645814092478	761.6948454621751	
16829.537599999996	0.06480000000010477	Ripples						0.06480000000010477	16829.5536	11.485551950375564	168.45991543576903	1052.1451576039042	
16829.683999999997	0.03200000000288128	Ripples						0.03200000000288128	16829.699999999997	19.58647066845261	161.35029788579766	1495.5721298170392	
16836.277599999998	0.037599999999656575	Ripples						0.037599999999656575	16836.296799999996	12.626256473464437	169.0837186213384	1295.71980672533	
16836.4688	0.031200000001263106	Ripples						0.031200000001263106	16836.4904	10.021552137963994	172.68892570081576	931.8874121585302	
16838.208	0.040000000000873115	Ripples						0.040000000000873115	16838.2352	13.353820778885895	178.37174647442743	1074.8652007402545	
16839.0032	0.02719999999681022	Ripples						0.02719999999681022	16839.019999999997	9.343168496919889	166.33602192792605	1045.6661894143676	
16839.28	0.0272000000004482	Ripples						0.0272000000004482	16839.2912	12.782606631698188	163.5599926728697	1201.3033914271555	
16839.447999999997	0.04160000000047148	Ripples						0.04160000000047148	16839.4616	19.36844911448469	168.7513720365648	1456.8044687570539	
16845.2456	0.07040000000051805	Ripples						0.07040000000051805	16845.26	12.440340426964626	164.61917558887518	1260.6907100402202	
16846.796	0.027999999998428393	Ripples						0.027999999998428393	16846.8088	7.002722753155631	170.32123276885477	869.0863411168177	
16851.453599999997	0.05280000000129803	Ripples						0.05280000000129803	16851.475199999997	7.510023123222923	166.6555556138448	942.7499677906472	
16868.322399999997	0.023199999999633292	Ripples						0.023199999999633292	16868.332799999996	6.044037331555412	164.08663853213594	845.9435507598175	
16872.8416	0.023999999997613486	Ripples						0.023999999997613486	16872.852	8.691071483234504	156.96446471201804	975.3408010342721	
16872.908799999997	0.028000000002066372	Ripples						0.028000000002066372	16872.9224	7.602439308534714	156.95236828179696	947.3409703985792	
16894.811999999998	0.05679999999847496	Ripples						0.05679999999847496	16894.849599999998	11.803698360155522	161.16734131045928	1252.0198362191695	
16896.211199999998	0.051200000001699664	Ripples						0.051200000001699664	16896.224799999996	12.346112726103573	179.38020118494998	1001.3595099736601	
16897.3576	0.03919999999925494	Ripples						0.03919999999925494	16897.368	9.601461941570951	175.64156882436816	913.5839715016252	
16897.753599999996	0.09600000000136788	Ripples						0.09600000000136788	16897.773599999997	23.408365198728244	167.52508664484216	1701.068206748264	
16900.3072	0.027999999998428393	Ripples						0.027999999998428393	16900.323999999997	16.99955778326262	161.5223812663939	1364.3256551180757	
16900.355199999998	0.046399999999266583	Ripples						0.046399999999266583	16900.367199999997	10.069326219824498	156.20055629271522	1072.4608618952723	
16900.888799999997	0.030399999999644933	Ripples						0.030399999999644933	16900.901599999997	7.048199677531461	179.49793857116083	620.1535069544785	
16905.235999999997	0.02320000000327127	Ripples						0.02320000000327127	16905.247199999998	5.467773441984324	175.0490380258023	713.5876379202034	
16907.403199999997	0.020000000000436557	Ripples						0.020000000000436557	16907.4136	5.875156276743932	166.75185917644373	783.6939044369342	
16907.536799999998	0.021600000000034925	Ripples						0.021600000000034925	16907.551199999998	7.105783207119596	160.91699200945925	831.0552552566312	
16908.3968	0.0319999999992433	Ripples						0.0319999999992433	16908.414399999998	7.416854154344087	152.15551775607892	865.5792743091899	
16909.037599999996	0.02080000000205473	Ripples						0.02080000000205473	16909.048799999997	6.662757621098882	163.5750298611471	827.9855636642804	
16910.626399999997	0.03680000000167638	Ripples						0.03680000000167638	16910.6376	11.105083415786849	166.65745308217973	1192.766147829056	
16911.9544	0.026399999998830026	Ripples						0.026399999998830026	16911.967999999997	12.25894551918145	164.6108285017647	1182.2172184781955	
16913.4688	0.03600000000005821	Ripples						0.03600000000005821	16913.479199999998	8.88335635901287	173.01326410076007	950.188925749101	
16915.182399999998	0.027999999998428393	Ripples						0.027999999998428393	16915.1952	9.816934969460107	175.08702952581842	885.1458736791478	
16915.6504	0.035199999998440035	Ripples						0.035199999998440035	16915.675199999998	11.696800320674269	171.51099819008476	1092.7436649696513	
16916.3632	0.032799999997223495	Ripples						0.032799999997223495	16916.379999999997	12.363797199078629	163.14806559809242	1257.5771885199613	
16916.903199999997	0.028000000002066372	Ripples						0.028000000002066372	16916.914399999998	8.097469381062439	162.07532791566365	992.9246181328363	
16918.681599999996	0.047200000000884756	Ripples						0.047200000000884756	16918.6992	18.866211906144763	171.59295492183915	1481.6293940265155	
16919.207199999997	0.05040000000008149	Ripples						0.05040000000008149	16919.232799999998	8.012701476151957	165.28270611306425	898.0924343536389	
16919.4312	0.03839999999763677	Ripples						0.03839999999763677	16919.4424	13.8440818593085	167.91764021321868	1215.2520804558822	
16919.617599999998	0.031200000001263106	Ripples						0.031200000001263106	16919.635199999997	13.776055261719208	164.2496010923552	1202.767098780913	
16919.761599999998	0.042399999998451676	Ripples						0.042399999998451676	16919.771999999997	10.783457444412283	167.3959020490553	1048.3031724961681	
16921.065599999998	0.025600000000849832	Ripples						0.025600000000849832	16921.077599999997	13.127117478669915	168.52353934474453	1151.3502611719312	
16921.345599999997	0.10560000000259606	Ripples						0.10560000000259606	16921.408799999997	24.47485189607884	159.78388801311021	1653.8639137442153	
16924.453599999997	0.03680000000167638	Ripples						0.03680000000167638	16924.480799999998	7.430892717872945	166.7085618308346	902.4858574626761	
16924.7496	0.062399999998888234	Ripples						0.062399999998888234	16924.7872	7.381641982082727	171.08631993468677	909.3113816190752	
16926.231999999996	0.04400000000168802	Ripples						0.04400000000168802	16926.254399999998	11.396883922036695	170.03670119370895	1201.7483289274787	
16928.218399999998	0.06160000000090804	Ripples						0.06160000000090804	16928.239999999998	14.587982118916779	177.94618585692626	1101.0936062885985	
16928.3808	0.020000000000436557	Ripples						0.020000000000436557	16928.394399999997	5.351045180038446	162.60774638130022	751.6656415665605	
16929.307999999997	0.035200000002078013	Ripples						0.035200000002078013	16929.319199999998	6.5966093850831005	156.40189940506394	730.0670790375025	
16936.7424	0.05679999999847496	Ripples						0.05679999999847496	16936.771999999997	25.88195121533201	158.66369363187553	1785.2902269412969	
16937.188	0.03919999999925494	Ripples						0.03919999999925494	16937.203999999998	24.33894063795771	177.36758894234174	1466.61854796407	
16937.583199999997	0.06639999999970314	Ripples						0.06639999999970314	16937.602399999996	13.496336643523703	167.3061140866986	1242.35327105934	
16938.091999999997	0.031200000001263106	Ripples						0.031200000001263106	16938.110399999998	7.202640047680693	172.69998989965157	817.8176285756355	
16938.232799999998	0.02479999999923166	Ripples						0.02479999999923166	16938.244	7.583148648987865	155.4338890682068	849.5378385848512	
16938.6656	0.03359999999884167	Ripples						0.03359999999884167	16938.6792	16.6561205719882	160.398232815802	1410.210235772333	
16938.8056	0.04719999999724678	Ripples						0.04719999999724678	16938.8232	14.437363109221854	170.96237786838725	1245.03015552021	
16939.447999999997	0.042400000002089655	Ripples						0.042400000002089655	16939.469599999997	17.391238793404057	175.86712144184767	1324.289935391679	
16940.6504	0.022400000001653098	Ripples						0.022400000001653098	16940.660799999998	8.776074201077579	173.39580393253337	800.5363369022378	
16941.9632	0.031199999997625127	Ripples						0.031199999997625127	16941.976799999997	16.72374042778002	165.4218493601783	1380.0423025124514	
16944.903199999997	0.1040000000029977	Ripples						0.1040000000029977	16944.9416	16.995796313143963	156.25490026080726	1366.641312839129	
16947.2728	0.06719999999768334	Ripples						0.06719999999768334	16947.2928	8.708318969791664	165.51548246363924	1034.5404015096792	
16951.146399999998	0.02079999999841675	Ripples						0.02079999999841675	16951.156799999997	8.811150129052555	161.46638312019203	910.8355822068305	
16951.826399999998	0.040000000000873115	Ripples						0.040000000000873115	16951.8504	16.241501563095653	170.57537716847096	1355.1521528030441	
16952.4856	0.021600000000034925	Ripples						0.021600000000034925	16952.494399999996	6.725226040962562	170.90640676343068	808.9402347228083	
16952.584	0.032799999997223495	Ripples						0.032799999997223495	16952.597599999997	21.622046242295283	169.02845678692157	1558.0213732761772	
16952.998399999997	0.05920000000332948	Ripples						0.05920000000332948	16953.0144	9.577893216718254	161.5990330206426	1122.5747523033	
16953.9184	0.021600000000034925	Ripples						0.021600000000034925	16953.9296	11.111251021515875	166.96778812428724	1027.0802148829907	
16954.5072	0.02959999999802676	Ripples						0.02959999999802676	16954.523999999998	9.79115956431763	169.5368082019258	1048.624502752528	
16955.228799999997	0.031200000001263106	Ripples						0.031200000001263106	16955.239199999996	6.97758430380017	170.28413306796168	882.944115045139	
16955.910399999997	0.04160000000047148	Ripples						0.04160000000047148	16955.9352	20.734083867360464	169.69480544466148	1582.225531672741	
16956.6328	0.02479999999923166	Ripples						0.02479999999923166	16956.6488	10.201322716099813	165.57832765707568	993.7468499011892	
16957.930399999997	0.027999999998428393	Ripples						0.027999999998428393	16957.9488	10.753541156622738	167.7642423812873	1055.8409990151852	
16958.14	0.04079999999885331	Ripples						0.04079999999885331	16958.167199999996	10.095889737762414	155.69388368546592	1090.3321433297374	
16958.404	0.024000000001251465	Ripples						0.024000000001251465	16958.415999999997	10.635468724578114	167.14067024300286	1020.4326379222165	
16958.531199999998	0.0319999999992433	Ripples						0.0319999999992433	16958.548	15.321341908216525	169.51291812005513	1289.5961305434764	
16958.646399999998	0.021600000000034925	Ripples						0.021600000000034925	16958.6584	6.437667405277388	162.4767879202668	905.742664220902	
16960.6072	0.020000000000436557	Ripples						0.020000000000436557	16960.620799999997	7.806694647426519	160.3968407924154	868.4300547465064	
16960.7064	0.04160000000047148	Ripples						0.04160000000047148	16960.7304	15.807563866744296	151.68355935574118	1295.442218143346	
16960.8752	0.07679999999891152	Ripples						0.07679999999891152	16960.9384	16.089799089304698	160.26612004779884	1450.9376879122394	
16960.996799999997	0.03280000000086147	Ripples						0.03280000000086147	16961.0192	8.860924171342676	152.8344821747956	912.7865609777568	
16963.7192	0.03839999999763677	Ripples						0.03839999999763677	16963.7384	13.554718012792904	171.85467269370946	1283.7103477971182	
16967.903199999997	0.03280000000086147	Ripples						0.03280000000086147	16967.914399999998	15.803922753499494	164.66491732333893	1318.9377219260753	
16967.973599999998	0.026400000002468005	Ripples						0.026400000002468005	16967.9904	11.95184864845766	163.43635131245955	1094.3692306342136	
16968.027199999997	0.03680000000167638	Ripples						0.03680000000167638	16968.054399999997	6.250974593874226	159.48489362872186	874.4267276412914	
16968.935999999998	0.0367999999980384	Ripples						0.0367999999980384	16968.953599999997	17.47771612706122	162.3675786372412	1481.1797538368814	
16969.0856	0.02079999999841675	Ripples						0.02079999999841675	16969.099199999997	7.416381767225469	162.64943584619834	861.0497474291241	
16969.384	0.042399999998451676	Ripples						0.042399999998451676	16969.401599999997	13.966353404091473	167.33219086310694	1283.9504998066939	
16969.9856	0.03359999999884167	Ripples						0.03359999999884167	16969.996	12.047070218153875	163.20640699206993	1114.5753870985768	
16970.271999999997	0.044799999999668216	Ripples						0.044799999999668216	16970.300799999997	13.74571288692026	152.62661552783268	1212.4228499940311	
16970.5048	0.0319999999992433	Ripples						0.0319999999992433	16970.5192	9.523994928924253	154.18695523325107	993.3013461536774	
16971.104	0.027999999998428393	Ripples						0.027999999998428393	16971.1184	11.682517377246315	166.44445211611614	1178.7391798362025	
16971.903199999997	0.07520000000295113	Ripples						0.07520000000295113	16971.917599999997	16.95237182199303	165.7975727585601	1409.9615427940803	
16973.8376	0.0367999999980384	Ripples						0.0367999999980384	16973.8592	10.621207383372754	171.13980808234058	1107.349231936675	
16974.2912	0.05760000000009313	Ripples						0.05760000000009313	16974.303999999996	16.989190343353172	158.34111300641746	1341.3775345160398	
16976.8576	0.04160000000047148	Ripples						0.04160000000047148	16976.884	8.003638808242625	156.43640312537167	923.768325688503	
16976.933599999997	0.028800000000046566	Ripples						0.028800000000046566	16976.944799999997	13.98383570554017	170.8328112264262	1142.0185820835618	
16977.2408	0.02079999999841675	Ripples						0.02079999999841675	16977.254399999998	9.656330718363739	165.88881017669675	982.4931275920796	
16977.505599999997	0.07120000000213622	Ripples						0.07120000000213622	16977.523999999998	9.2679100424148	151.89725699554288	961.0174339997188	
16988.217599999996	0.030400000003282912	Ripples						0.030400000003282912	16988.2336	9.161771641800502	161.2341533627318	1068.2267790740239	
17020.986399999998	0.03440000000045984	Ripples						0.03440000000045984	17021.011199999997	5.550460979749019	171.47190397366705	756.7597123779727	
17022.354399999997	0.028000000002066372	Ripples						0.028000000002066372	17022.362399999998	6.65389241450446	170.54677313872187	797.3328027997711	
17023.192799999997	0.0272000000004482	Ripples						0.0272000000004482	17023.212799999998	6.1555383265849795	164.28136154740983	799.9997306690628	
17024.0	1158.0	SleepStates											Non-REM
17026.0928	0.03919999999925494	Ripples						0.03919999999925494	17026.104	5.954296539254312	150.61630672429726	720.5016356833363	
17026.3	0.037599999999656575	Ripples						0.037599999999656575	17026.313599999998	16.814678306450354	167.57512671137673	1269.116521266309	
17027.6112	0.040000000000873115	Ripples						0.040000000000873115	17027.635199999997	7.108114887410144	171.58020481983078	904.5531630025497	
17027.7712	0.030399999999644933	Ripples						0.030399999999644933	17027.784799999998	6.028412587125105	154.68335642629313	872.9663673181649	
17028.994399999996	0.026400000002468005	Ripples						0.026400000002468005	17029.007999999998	7.527678366959645	171.92184029689375	878.7313146409563	
17029.5352	0.025600000000849832	Ripples						0.025600000000849832	17029.5432	5.973281127860322	180.47816632523217	569.0852878216118	
17031.523199999996	0.04560000000128639	Ripples						0.04560000000128639	17031.539999999997	13.583505374960678	175.36740057339392	1300.646008879688	
17031.647999999997	0.06560000000172295	Ripples						0.06560000000172295	17031.6992	9.091410640287956	159.8865687478356	1053.3328133988496	
17032.845599999997	0.026400000002468005	Ripples						0.026400000002468005	17032.8592	9.596422998377504	172.6943421948682	924.0171111706528	
17033.594399999998	0.047200000000884756	Ripples						0.047200000000884756	17033.6184	9.167129856188835	155.34980105606473	1065.2726943131047	
17034.0	0.042399999998451676	Ripples						0.042399999998451676	17034.0208	13.563455920698162	160.4764064651288	1359.0730151196208	
17035.031199999998	0.03440000000045984	Ripples						0.03440000000045984	17035.051999999996	13.250892772353977	156.3877702520981	1127.0324224895614	
17035.332	0.09360000000015134	Ripples						0.09360000000015134	17035.390399999997	14.516929777309532	155.94727085190314	1268.2786450152964	
17036.531199999998	0.02479999999923166	Ripples						0.02479999999923166	17036.545599999998	9.775893680694482	161.6437879557223	1002.1462648678656	
17036.6592	0.0367999999980384	Ripples						0.0367999999980384	17036.676	8.784582936111162	157.15079190812037	1007.0969183237436	
17040.6328	0.06480000000010477	Ripples						0.06480000000010477	17040.647999999997	17.277146661711395	158.51742004844334	1386.294575726635	
17040.7584	0.03839999999763677	Ripples						0.03839999999763677	17040.786399999997	8.63844684834722	152.18683112251622	914.2826639512776	
17042.439199999997	0.024800000002869638	Ripples						0.024800000002869638	17042.450399999998	11.776631248750357	169.6391020836067	1129.5672326416372	
17043.149599999997	0.021600000000034925	Ripples						0.021600000000034925	17043.160799999998	6.966781196161508	165.7741569732634	930.091804051963	
17043.5424	0.051200000001699664	Ripples						0.051200000001699664	17043.580799999996	10.572005307799147	163.91789965796542	1173.87140147059	
17043.676799999997	0.03440000000045984	Ripples						0.03440000000045984	17043.7008	9.330009669870412	159.61138831784535	1068.9382520909282	
17044.7664	0.02959999999802676	Ripples						0.02959999999802676	17044.783199999998	13.663340656463006	162.35883264704864	1217.1579407818404	
17044.901599999997	0.037599999999656575	Ripples						0.037599999999656575	17044.9128	8.037744621559282	169.08365375875812	922.2010838633458	
17045.041599999997	0.030400000003282912	Ripples						0.030400000003282912	17045.058399999998	10.327930046315547	161.68995323988975	1146.7612913985745	
17047.7384	0.028000000002066372	Ripples						0.028000000002066372	17047.750399999997	7.4973918189822175	162.90801475987962	1019.0028484037492	
17049.3176	0.04160000000047148	Ripples						0.04160000000047148	17049.3416	17.459810937296602	168.72250344405168	1292.4119514707947	
17049.518399999997	0.026399999998830026	Ripples						0.026399999998830026	17049.532	11.507076439251462	158.5809682005855	1102.9552203003382	
17050.883199999997	0.022400000001653098	Ripples						0.022400000001653098	17050.894399999997	7.956612696187052	164.38421124936633	929.3655874261879	
17051.6584	0.07279999999809661	Ripples						0.07279999999809661	17051.7152	14.623817213337963	163.65554027862558	1352.430448408046	
17052.1544	0.02959999999802676	Ripples						0.02959999999802676	17052.169599999997	6.927919188687812	155.31802114755934	941.3249720677288	
17054.059999999998	0.037599999999656575	Ripples						0.037599999999656575	17054.075999999997	21.706245026753876	168.46598096307542	1512.1054229836532	
17054.8288	0.02079999999841675	Ripples						0.02079999999841675	17054.836799999997	5.641912137517442	170.44515685603056	720.5870997437567	
17054.9976	0.12879999999859137	Ripples						0.12879999999859137	17055.0176	8.204049755881059	162.82715955091794	1005.0861659237429	
17055.284	0.04079999999885331	Ripples						0.04079999999885331	17055.3032	16.951397844877963	157.39769387295402	1408.1345638016537	
17056.6344	0.0319999999992433	Ripples						0.0319999999992433	17056.6448	11.498344662082769	163.26871226511977	964.3855560639558	
17058.2336	0.035199999998440035	Ripples						0.035199999998440035	17058.247199999998	9.405134002089081	168.33153513271503	987.2443706486263	
17059.2912	0.031199999997625127	Ripples						0.031199999997625127	17059.315199999997	5.966896061171924	178.76989865617543	666.2952921226965	
17061.090399999997	0.051200000001699664	Ripples						0.051200000001699664	17061.104799999997	28.265913543646615	165.68708040571417	1779.7657458018398	
17063.072	0.10399999999935972	Ripples						0.10399999999935972	17063.0864	15.52754106180672	160.72353984135682	1262.9650669369955	
17065.354399999997	0.10640000000057626	Ripples						0.10640000000057626	17065.368	14.491788855027835	161.14193654325993	1294.8251927026424	
17066.597599999997	0.04799999999886495	Ripples						0.04799999999886495	17066.6184	16.39908259923504	161.78078268007195	1412.0445123799452	
17067.1448	0.03440000000045984	Ripples						0.03440000000045984	17067.1584	10.552099807949027	177.09261920319435	969.5340265897686	
17068.211199999998	0.021600000000034925	Ripples						0.021600000000034925	17068.225599999998	7.625997481382017	161.91193272578167	854.9068092150364	
17068.496799999997	0.08880000000135624	Ripples						0.08880000000135624	17068.564	13.14377304249377	166.20218531015763	1275.414630197067	
17072.703999999998	0.024000000001251465	Ripples						0.024000000001251465	17072.7208	7.076713058067658	168.18143162317472	856.2883934927181	
17074.369599999998	0.07440000000133296	Ripples						0.07440000000133296	17074.4208	23.902309068186504	162.50618956844076	1683.2518033865226	
17074.4688	0.06799999999930151	Ripples						0.06799999999930151	17074.4816	12.717929579731809	158.3738919531672	1070.5118974121049	
17075.2856	0.023999999997613486	Ripples						0.023999999997613486	17075.296	7.267103050050085	161.11152697222255	931.2106673154944	
17075.4672	0.02479999999923166	Ripples						0.02479999999923166	17075.4784	8.802857627497545	166.29962204945753	989.5115461934574	
17075.9512	0.06719999999768334	Ripples						0.06719999999768334	17075.972799999996	22.102296631134557	155.66274782041302	1536.682237583535	
17076.070399999997	0.07920000000012806	Ripples						0.07920000000012806	17076.115999999998	18.251886328187336	156.6956089976324	1446.30278389567	
17077.1272	0.02079999999841675	Ripples						0.02079999999841675	17077.135199999997	5.962182936632412	161.28487414106763	755.5967284305806	
17077.4024	0.02959999999802676	Ripples						0.02959999999802676	17077.414399999998	8.143647052297569	155.92952355176055	955.6844876123956	
17077.763199999998	0.035200000002078013	Ripples						0.035200000002078013	17077.78	20.813364220949865	168.6952262354156	1531.9769683457764	
17082.1584	0.042399999998451676	Ripples						0.042399999998451676	17082.1688	11.0770528030555	163.41569102811238	1044.9631269231159	
17082.9056	0.04799999999886495	Ripples						0.04799999999886495	17082.928	21.285418363863933	167.58849527877186	1402.2453857745643	
17083.188799999996	0.03600000000005821	Ripples						0.03600000000005821	17083.205599999998	14.123622805549587	166.39000532851307	1237.887680211474	
17083.568	0.059999999997671694	Ripples						0.059999999997671694	17083.5792	10.096513717355682	164.58895741257902	1035.3353246587494	
17083.8032	0.04399999999805004	Ripples						0.04399999999805004	17083.8272	18.726070392772932	156.57054414057114	1487.0431578803225	
17083.9296	0.032799999997223495	Ripples						0.032799999997223495	17083.940799999997	19.85579208377986	158.74670033219712	1391.441824346404	
17085.923199999997	0.030399999999644933	Ripples						0.030399999999644933	17085.9368	16.099008981443582	164.4219034764948	1402.8765984386384	
17086.2888	0.02959999999802676	Ripples						0.02959999999802676	17086.307999999997	11.188698455365829	171.1070187505242	1060.3758270864082	
17086.719999999998	0.03280000000086147	Ripples						0.03280000000086147	17086.732799999998	7.748135834685982	175.3482956933681	799.1406606702467	
17088.965599999996	0.040000000000873115	Ripples						0.040000000000873115	17088.9888	7.146968621471748	163.88724533146063	996.6767361877975	
17093.505599999997	0.04400000000168802	Ripples						0.04400000000168802	17093.522399999998	17.428527758645025	168.86888543186745	1442.5080736463103	
17093.6328	0.0367999999980384	Ripples						0.0367999999980384	17093.647999999997	11.783185470951954	152.2538342000728	909.7192196489258	
17095.8128	0.0415999999968335	Ripples						0.0415999999968335	17095.8448	9.21802544699871	161.53780607781104	1040.6961289108178	
17095.9512	0.020000000000436557	Ripples						0.020000000000436557	17095.964	8.715799132990602	163.42536065194767	881.5080257484949	
17096.9168	0.021600000000034925	Ripples						0.021600000000034925	17096.928	7.566368840923912	162.69751694781354	911.0611885101202	
17096.979199999998	0.06480000000010477	Ripples						0.06480000000010477	17096.996	22.43896944771273	167.92153036729985	1651.242723317578	
17097.1368	0.030399999996006954	Ripples						0.030399999996006954	17097.156	14.6543640659999	162.40116966535953	1263.697369502674	
17097.3216	0.058399999998073326	Ripples						0.058399999998073326	17097.335199999998	13.939024052355784	168.0851504839569	1194.0642377771671	
17097.8488	0.030399999999644933	Ripples						0.030399999999644933	17097.8664	12.997740641456563	164.94479519150468	1235.32289817834	
17097.919199999997	0.047200000000884756	Ripples						0.047200000000884756	17097.9496	12.00565442636725	154.63373416901405	1145.9834201274984	
17098.6592	0.06880000000091968	Ripples						0.06880000000091968	17098.669599999997	9.081945825927134	157.0371999950499	1077.0888191265537	
17098.928799999998	0.02960000000166474	Ripples						0.02960000000166474	17098.94	15.591062949758944	164.15812002938264	1278.7918092588845	
17098.9816	0.04320000000006985	Ripples						0.04320000000006985	17099.0048	9.666930806897685	160.0942786452097	1155.6646261133887	
17101.345599999997	0.025600000000849832	Ripples						0.025600000000849832	17101.3592	7.7664809131846235	172.6696713284814	911.2902282862027	
17103.232799999998	0.031200000001263106	Ripples						0.031200000001263106	17103.2496	14.173256193438082	160.84219140076672	1295.259216127869	
17105.538399999998	0.09760000000096625	Ripples						0.09760000000096625	17105.615999999998	16.00924394615215	164.09181843077718	1493.7127403925008	
17105.832799999996	0.03200000000288128	Ripples						0.03200000000288128	17105.847199999997	10.868831035082117	155.65066937348791	1043.505633969049	
17106.5696	0.04079999999885331	Ripples						0.04079999999885331	17106.583199999997	9.040796878311191	158.31047128258098	1041.9887417538014	
17108.4512	0.020000000000436557	Ripples						0.020000000000436557	17108.464799999998	5.161990925076336	158.98401122803674	742.5627678711852	
17110.743199999997	0.0319999999992433	Ripples						0.0319999999992433	17110.7656	6.921708605315287	167.81253784395122	811.5135786264475	
17110.9472	0.04560000000128639	Ripples						0.04560000000128639	17110.9616	10.267438720878015	167.27254195929476	1107.437520930825	
17114.626399999997	0.03840000000127475	Ripples						0.03840000000127475	17114.64	8.873304104343838	169.86453501412805	921.3893597322835	
17119.293599999997	0.03280000000086147	Ripples						0.03280000000086147	17119.3176	5.310783280089447	179.05612461492285	658.2197839297677	
17121.369599999998	0.024000000001251465	Ripples						0.024000000001251465	17121.383199999997	10.37779183419314	160.5718410460383	1038.5004074351734	
17122.717599999996	0.033600000002479646	Ripples						0.033600000002479646	17122.728799999997	20.425202196172176	160.91296234134794	1486.484962957425	
17123.4152	0.02959999999802676	Ripples						0.02959999999802676	17123.4352	10.615830172658763	174.57503489849918	843.236314380071	
17123.7656	0.04399999999805004	Ripples						0.04399999999805004	17123.784799999998	6.29705838790487	148.29272023689728	669.8617429334283	
17123.831199999997	0.021600000000034925	Ripples						0.021600000000034925	17123.839999999997	10.06119574189638	168.9842100816796	948.4218193370223	
17125.937599999997	0.06880000000091968	Ripples						0.06880000000091968	17125.959199999998	10.938258773278159	151.24996518234616	1092.2115439472357	
17126.036799999998	0.028000000002066372	Ripples						0.028000000002066372	17126.054399999997	10.420353960038485	156.5887248145477	1013.059779755482	
17128.1328	0.0319999999992433	Ripples						0.0319999999992433	17128.1544	10.815697481600901	171.2654515778057	1008.1241257191884	
17130.6376	0.04799999999886495	Ripples						0.04799999999886495	17130.6656	8.908797367312884	150.8043564852623	1023.2135127994793	
17134.724	0.056000000000494765	Ripples						0.056000000000494765	17134.7696	12.293044542985	167.1004871148684	1160.0726307685122	
17135.5144	0.026399999998830026	Ripples						0.026399999998830026	17135.5264	6.196378100516815	149.370303756075	725.0756495958387	
17135.9616	0.0272000000004482	Ripples						0.0272000000004482	17135.972799999996	11.313725790395491	167.53989446603725	1130.3072243839051	
17136.8232	0.06160000000090804	Ripples						0.06160000000090804	17136.843999999997	15.196092057652326	152.21166003646303	1224.5740174559912	
17138.68	0.023999999997613486	Ripples						0.023999999997613486	17138.691199999997	12.32327245878569	165.43836342908514	1086.3566418322716	
17139.113599999997	0.021600000000034925	Ripples						0.021600000000034925	17139.127999999997	8.46354955918782	164.94018427709585	858.1914211470618	
17139.924799999997	0.035200000002078013	Ripples						0.035200000002078013	17139.9456	16.13451192569879	156.11314213841723	1372.2737573739491	
17141.7136	0.04079999999885331	Ripples						0.04079999999885331	17141.727199999998	12.24208595848021	163.90627885007768	1152.4069980792967	
17141.9272	0.0591999999996915	Ripples						0.0591999999996915	17141.9512	13.589360478258586	175.22424470648306	1116.075068593739	
17142.8248	0.040000000000873115	Ripples						0.040000000000873115	17142.8488	9.744858929471713	169.4152729484678	1019.6316330849369	
17142.9296	0.03919999999925494	Ripples						0.03919999999925494	17142.9496	13.489301202590484	166.705608284401	1325.733579532448	
17143.108799999998	0.040000000000873115	Ripples						0.040000000000873115	17143.1256	15.744856874053985	166.30421163892967	1422.4238984056717	
17144.4776	0.027999999998428393	Ripples						0.027999999998428393	17144.4888	7.691888408051082	159.40541838323315	998.3271972827998	
17145.3648	0.0367999999980384	Ripples						0.0367999999980384	17145.3848	15.774172654823802	163.84524626489105	1399.6330596775927	
17146.0208	0.020000000000436557	Ripples						0.020000000000436557	17146.031199999998	6.232156236496512	164.83143301051868	774.6562323895319	
17146.117599999998	0.03440000000045984	Ripples						0.03440000000045984	17146.1344	16.121416448293473	155.7601897399162	1286.0279188420582	
17147.6592	0.025600000000849832	Ripples						0.025600000000849832	17147.674399999996	10.00751333633717	157.01275700598407	939.4925865538112	
17152.7264	0.026399999998830026	Ripples						0.026399999998830026	17152.7448	14.29568328038633	165.81950370617182	1147.3386263183313	
17156.2448	0.026399999998830026	Ripples						0.026399999998830026	17156.257599999997	9.272645416928881	169.6908341291169	987.2391626809274	
17156.531199999998	0.027999999998428393	Ripples						0.027999999998428393	17156.541599999997	6.686655560977799	156.4173712613265	870.5035303695904	
17160.7376	0.039999999997235136	Ripples						0.039999999997235136	17160.7584	7.179317712723943	159.4361811075056	1039.1821352734316	
17161.642399999997	0.024000000001251465	Ripples						0.024000000001251465	17161.653599999998	6.321396289887857	171.79246131021264	828.9827309229672	
17161.8232	0.0319999999992433	Ripples						0.0319999999992433	17161.8392	17.902865415736013	160.19769661215196	1428.3626707805047	
17162.290399999998	0.030399999999644933	Ripples						0.030399999999644933	17162.309599999997	8.38031372140149	152.06112889048381	777.6907464452119	
17163.0208	0.030399999999644933	Ripples						0.030399999999644933	17163.032	13.00444438906825	167.37641090472243	1136.7254923809664	
17163.1944	0.027999999998428393	Ripples						0.027999999998428393	17163.2064	16.552578773056865	161.41155300000375	1356.850770267107	
17168.5464	0.023999999997613486	Ripples						0.023999999997613486	17168.559999999998	10.077604994075834	160.18832159667588	996.6019247485816	
17169.091999999997	0.031200000001263106	Ripples						0.031200000001263106	17169.1056	8.032738770721823	174.14970146665883	886.9105021717264	
17169.189599999998	0.026400000002468005	Ripples						0.026400000002468005	17169.2024	18.42232073706457	166.22812592535396	1373.2475768565905	
17169.570399999997	0.03919999999925494	Ripples						0.03919999999925494	17169.581599999998	7.675762593943326	166.26801463025993	928.8731457495419	
17170.5912	0.030399999999644933	Ripples						0.030399999999644933	17170.608	13.470296835015704	159.4310249234453	1261.3754621432745	
17172.423199999997	0.021600000000034925	Ripples						0.021600000000034925	17172.431999999997	7.634352379042468	173.07730321147622	830.4648811565486	
17173.199999999997	0.028800000000046566	Ripples						0.028800000000046566	17173.2152	5.929675354440308	155.02160625905975	798.8838018900468	
17173.744	0.062399999998888234	Ripples						0.062399999998888234	17173.784	8.275393958031172	167.3267632516979	1007.0042228373525	
17176.327999999998	0.020000000000436557	Ripples						0.020000000000436557	17176.3392	5.4622048182265575	170.55199548045465	698.5483044598672	
17176.4136	0.031199999997625127	Ripples						0.031199999997625127	17176.424799999997	11.251592575983237	158.02947895937	1099.462605939798	
17176.5968	0.02719999999681022	Ripples						0.02719999999681022	17176.610399999998	6.974515897987331	160.35830500186506	968.9616540295643	
17176.7016	0.039999999997235136	Ripples						0.039999999997235136	17176.719999999998	12.616276151218193	170.3576426530214	1219.5230603681857	
17177.2856	0.02959999999802676	Ripples						0.02959999999802676	17177.293599999997	7.8396492000009195	150.43144286309467	820.2150464031336	
17183.0648	0.026399999998830026	Ripples						0.026399999998830026	17183.081599999998	7.479969047158074	164.5953392143464	909.3650605872243	
17184.263199999998	0.0272000000004482	Ripples						0.0272000000004482	17184.280799999997	7.59229215647153	172.3018434713492	805.2164206158469	
17184.6688	0.02959999999802676	Ripples						0.02959999999802676	17184.6848	7.53414595949944	161.51363156968276	954.29507039863	
17184.826399999998	0.044799999999668216	Ripples						0.044799999999668216	17184.839999999997	25.704847391770073	164.40547129422262	1596.0676847629056	
17185.8144	0.07999999999810825	Ripples						0.07999999999810825	17185.827999999998	14.076954305484762	168.8463743649429	1236.6060598016418	
17186.9368	0.02959999999802676	Ripples						0.02959999999802676	17186.953599999997	14.666848056535361	162.170649668346	1342.262298769777	
17188.6904	0.02479999999923166	Ripples						0.02479999999923166	17188.7064	8.974256956308297	164.19774620865672	1005.0033832810628	
17190.2664	0.04799999999886495	Ripples						0.04799999999886495	17190.291999999998	12.401419239949623	152.83162199363312	1157.7453260489206	
17190.4096	0.02479999999923166	Ripples						0.02479999999923166	17190.4256	13.299555069635378	169.18620332774023	1078.1443272881843	
17191.410399999997	0.030399999999644933	Ripples						0.030399999999644933	17191.421599999998	6.41912604821524	151.1785452022117	644.6489985079752	
17191.5792	0.026399999998830026	Ripples						0.026399999998830026	17191.590399999997	6.50455475365428	156.70450285852735	691.1355669212834	
17192.0288	0.0415999999968335	Ripples						0.0415999999968335	17192.0464	8.885910539712524	156.6070638978609	934.7118923982939	
17192.6488	0.0367999999980384	Ripples						0.0367999999980384	17192.6632	6.879337866980365	150.13251129290873	794.434805354211	
17194.447999999997	0.046399999999266583	Ripples						0.046399999999266583	17194.479199999998	10.444039238505132	159.5900773118739	1116.8048318635147	
17194.548799999997	0.04160000000047148	Ripples						0.04160000000047148	17194.5768	11.76066541353199	166.40277042951368	1186.5794011852697	
17195.280799999997	0.020000000000436557	Ripples						0.020000000000436557	17195.2912	8.15039985184822	166.55878237412642	847.2575915304323	
17196.419199999997	0.05200000000331784	Ripples						0.05200000000331784	17196.4296	5.9649990982402725	158.8183867440499	554.3746570746646	
17196.7008	0.04079999999885331	Ripples						0.04079999999885331	17196.725599999998	8.564125467894966	164.70847997110872	1026.6061869792302	
17197.2872	0.07760000000052969	Ripples						0.07760000000052969	17197.347999999998	10.087104932827843	161.52398431831094	1183.4335935128463	
17198.471999999998	0.044799999999668216	Ripples						0.044799999999668216	17198.487199999996	12.96180522740865	170.39553663874148	1120.8683518182008	
17198.5824	0.026399999998830026	Ripples						0.026399999998830026	17198.5936	11.497715887976874	167.65513445895766	1117.2125080269238	
17200.231999999996	0.03600000000005821	Ripples						0.03600000000005821	17200.250399999997	8.49826849722092	153.79557857205074	924.0664214127323	
17205.2232	0.035199999998440035	Ripples						0.035199999998440035	17205.243199999997	12.102447346340162	160.44801329510466	1251.141660109848	
17208.926399999997	0.026400000002468005	Ripples						0.026400000002468005	17208.9424	6.899134132697985	174.05070542965805	767.2372113810183	
17209.051999999996	0.024800000002869638	Ripples						0.024800000002869638	17209.065599999998	7.9854541699852275	154.46626704108655	921.7670020651864	
17209.8128	0.035199999998440035	Ripples						0.035199999998440035	17209.832	15.517940155825498	153.72066216147724	1199.6336532620182	
17210.300799999997	0.04800000000250293	Ripples						0.04800000000250293	17210.332	16.692145904806193	149.19382774348023	1228.7790321093044	
17211.7208	0.04160000000047148	Ripples						0.04160000000047148	17211.7424	8.976260243084	149.1686786612086	972.4734597861368	
17212.695999999996	0.021600000000034925	Ripples						0.021600000000034925	17212.7048	8.504666220707325	159.02867409146805	906.2072882799134	
17212.840799999998	0.03359999999884167	Ripples						0.03359999999884167	17212.855199999998	20.965443542771652	163.91033316280271	1574.6560106238178	
17215.2984	0.048799999996845145	Ripples						0.048799999996845145	17215.309599999997	13.949992185146378	164.65080208057708	1145.7649733489347	
17215.5208	0.046399999999266583	Ripples						0.046399999999266583	17215.544799999996	17.871592423557612	160.80525642560835	1531.1522216055823	
17217.205599999998	0.030399999999644933	Ripples						0.030399999999644933	17217.216	11.950937104007542	158.5399112825761	1116.3802059739405	
17217.450399999998	0.026399999998830026	Ripples						0.026399999998830026	17217.4688	5.3986218956669605	166.76912529916535	722.860025713218	
17217.980799999998	0.0319999999992433	Ripples						0.0319999999992433	17217.9976	13.148508879855179	174.5716681579668	1128.316742062398	
17218.7456	0.03280000000086147	Ripples						0.03280000000086147	17218.763199999998	17.53405239358183	160.73351609393592	1428.2489677745136	
17218.8824	0.02239999999801512	Ripples						0.02239999999801512	17218.8936	11.844447904399011	162.1173721952237	1072.4720456729733	
17220.6776	0.03600000000005821	Ripples						0.03600000000005821	17220.695999999996	24.4977075947806	160.98843033720976	1701.517302146244	
17222.839999999997	0.028000000002066372	Ripples						0.028000000002066372	17222.8576	12.041739533312018	166.19281529994194	1198.8425980019397	
17225.7152	0.026399999998830026	Ripples						0.026399999998830026	17225.727199999998	5.479601508918485	156.49216260620562	788.6633266937649	
17229.9416	0.03839999999763677	Ripples						0.03839999999763677	17229.969599999997	8.723269694993412	153.18784163107364	984.8242959346671	
17230.000799999998	0.04160000000047148	Ripples						0.04160000000047148	17230.012799999997	7.341492306739187	154.5453217195287	788.4891630721731	
17230.7784	0.028800000000046566	Ripples						0.028800000000046566	17230.7944	8.287895181443705	177.02900714301362	849.7955678357193	
17231.2528	0.06480000000010477	Ripples						0.06480000000010477	17231.2768	16.860987769972148	172.78000192748775	1319.0632338702885	
17231.725599999998	0.027999999998428393	Ripples						0.027999999998428393	17231.7424	7.687843986276589	153.04086879912137	855.4269137490572	
17232.372799999997	0.0319999999992433	Ripples						0.0319999999992433	17232.385599999998	15.256234376079632	170.2356767870188	1264.3468686463173	
17232.476	0.035199999998440035	Ripples						0.035199999998440035	17232.4928	18.201951835405104	163.080025880296	1501.7157706308585	
17234.3936	0.058399999998073326	Ripples						0.058399999998073326	17234.408	13.892568610955438	163.25542689714146	1187.9719329643253	
17236.888799999997	0.028000000002066372	Ripples						0.028000000002066372	17236.9024	10.316898021861672	156.71583796266515	936.4723125066599	
17237.065599999998	0.021600000000034925	Ripples						0.021600000000034925	17237.073599999996	6.097998691841305	164.77978155328975	794.3284485507112	
17240.803999999996	0.12320000000181608	Ripples						0.12320000000181608	17240.8304	11.73994843520383	159.40446530166875	1075.8325253960716	
17242.282399999996	0.02320000000327127	Ripples						0.02320000000327127	17242.293599999997	10.632185826437272	165.7363682250442	1080.8604231707168	
17242.404799999997	0.033600000002479646	Ripples						0.033600000002479646	17242.419199999997	19.532510269443172	161.4720938515355	1490.3896068800602	
17245.519999999997	0.042400000002089655	Ripples						0.042400000002089655	17245.5408	14.115911473495585	165.45977688401294	1381.0213186781739	
17246.511199999997	0.042400000002089655	Ripples						0.042400000002089655	17246.5248	12.515289524647406	165.05136662918406	1161.8366215815079	
17246.944799999997	0.07200000000011642	Ripples						0.07200000000011642	17246.9584	11.104609611318843	163.36901399413645	1095.3308068894746	
17250.339999999997	0.06480000000010477	Ripples						0.06480000000010477	17250.3664	12.393710580970133	151.1356345563772	1092.1515393365669	
17251.516799999998	0.030399999999644933	Ripples						0.030399999999644933	17251.530399999996	7.511341506539946	157.33316095673453	819.0298775278549	
17253.459199999998	0.02960000000166474	Ripples						0.02960000000166474	17253.4776	8.65764393683336	151.04565039453956	934.7861733166139	
17253.763199999998	0.03280000000086147	Ripples						0.03280000000086147	17253.7816	8.007736446052636	150.4014079303261	878.5316157319696	
17254.073599999996	0.024000000001251465	Ripples						0.024000000001251465	17254.084	10.918643593623644	165.76910418944559	1055.271152153369	
17255.338399999997	0.021600000000034925	Ripples						0.021600000000034925	17255.352	9.05788784582067	160.83493173361447	960.8638119785829	
17257.678399999997	0.02320000000327127	Ripples						0.02320000000327127	17257.692	8.646843818963559	162.81172658606937	992.0145218857513	
17257.937599999997	0.03280000000086147	Ripples						0.03280000000086147	17257.9512	18.185684922677815	168.33679934051514	1447.752015204424	
17268.296	0.07440000000133296	Ripples						0.07440000000133296	17268.335199999998	20.626410014598047	156.10344231926766	1670.9146306325918	
17270.3792	0.04320000000006985	Ripples						0.04320000000006985	17270.3992	14.327027131805881	159.03666784168686	1310.0010792841626	
17270.5264	0.03359999999884167	Ripples						0.03359999999884167	17270.538399999998	8.867610318909914	151.5139144819587	917.7984984141939	
17270.584	0.04320000000006985	Ripples						0.04320000000006985	17270.608799999998	14.190336166712937	151.0894255089705	1199.9758175793968	
17271.5576	0.03600000000005821	Ripples						0.03600000000005821	17271.568799999997	13.997429718437177	161.59512489148938	1161.2629156117998	
17271.7352	0.04399999999805004	Ripples						0.04399999999805004	17271.7584	16.28466822222782	159.04804037862797	1361.1725273238267	
17272.5968	0.04559999999764841	Ripples						0.04559999999764841	17272.6144	6.2665380574089875	163.7050767516782	920.9230590996057	
17273.2224	0.037599999999656575	Ripples						0.037599999999656575	17273.250399999997	13.346771171566886	157.54694528514295	1047.1536785265148	
17273.295199999997	0.0904000000009546	Ripples						0.0904000000009546	17273.368799999997	6.880138800271849	158.14333657320412	958.1802627537866	
17274.254399999998	0.046399999999266583	Ripples						0.046399999999266583	17274.2816	14.104081278934236	163.54224981638208	1331.6722520633919	
17276.6256	0.040000000000873115	Ripples						0.040000000000873115	17276.653599999998	8.76261569210804	170.170238765886	1021.4381254389806	
17282.059999999998	0.02079999999841675	Ripples						0.02079999999841675	17282.068	7.610768821562304	170.32781170872343	813.747461529912	
17282.467999999997	0.028000000002066372	Ripples						0.028000000002066372	17282.4816	5.749173867603254	157.0685144743752	866.9681798729304	
17289.522399999998	0.040000000000873115	Ripples						0.040000000000873115	17289.548799999997	15.09292327793973	160.77347132450763	1373.096559841272	
17289.6728	0.039999999997235136	Ripples						0.039999999997235136	17289.696799999998	14.612981893856709	171.47989807694933	1254.244304735939	
17291.466399999998	0.04320000000006985	Ripples						0.04320000000006985	17291.4744	9.162004946655934	161.43811540656108	910.3979264794029	
17291.8808	0.030399999999644933	Ripples						0.030399999999644933	17291.897599999997	15.728007647047177	166.52123800781058	1379.0540199783252	
17292.724799999996	0.05280000000129803	Ripples						0.05280000000129803	17292.7496	16.08586053688511	158.5979282351508	1442.2209134640118	
17292.872	0.03839999999763677	Ripples						0.03839999999763677	17292.892	29.306546614605004	165.78892163593346	1948.2659338375581	
17294.023199999996	0.03200000000288128	Ripples						0.03200000000288128	17294.0392	13.695747546207455	173.85676965685906	1192.4631543843357	
17294.152	0.028000000002066372	Ripples						0.028000000002066372	17294.1664	17.626964443717895	159.00784203677333	1396.6738824374052	
17297.500799999998	0.02080000000205473	Ripples						0.02080000000205473	17297.508799999996	6.856724386579845	162.8907365837444	875.550380761962	
17297.8416	0.027999999998428393	Ripples						0.027999999998428393	17297.855199999998	11.648483622836645	160.16041516763565	1108.1900620903577	
17298.0208	0.046399999999266583	Ripples						0.046399999999266583	17298.052799999998	7.962828832955295	148.99788690723744	883.8672016101908	
17298.9208	0.059999999997671694	Ripples						0.059999999997671694	17298.9488	13.70714272277778	154.4540628227923	1317.771127841243	
17299.255999999998	0.025600000000849832	Ripples						0.025600000000849832	17299.271999999997	10.605885998243204	170.6279020311776	996.404296465794	
17302.558399999998	0.035200000002078013	Ripples						0.035200000002078013	17302.5864	8.749766270846385	168.2101636681878	989.9274781487316	
17304.1592	0.028800000000046566	Ripples						0.028800000000046566	17304.172	13.425887392966686	168.88532443861624	1174.4254934435285	
17304.2624	0.027999999998428393	Ripples						0.027999999998428393	17304.275199999996	11.338534759589672	169.22081358158897	1067.405986926975	
17304.8992	0.04559999999764841	Ripples						0.04559999999764841	17304.930399999997	10.70745315237919	151.1585274672752	1017.8566058021073	
17305.0552	0.02079999999841675	Ripples						0.02079999999841675	17305.066399999996	9.207927124951134	167.68233440047476	941.2041522410773	
17305.1664	0.02959999999802676	Ripples						0.02959999999802676	17305.182399999998	15.280499369767348	162.71810015199085	1301.2274411227265	
17308.627999999997	0.07840000000214786	Ripples						0.07840000000214786	17308.6576	15.785683681497988	172.11357117339668	1056.9534905571284	
17309.352	0.059999999997671694	Ripples						0.059999999997671694	17309.401599999997	5.8903748792912465	153.0436841437503	846.9205452339778	
17312.0192	0.04719999999724678	Ripples						0.04719999999724678	17312.055999999997	5.431685031598268	148.83115014530128	649.091305854568	
17312.284799999998	0.06400000000212458	Ripples						0.06400000000212458	17312.3344	17.7486444589048	157.73822152771373	1504.3346255084032	
17312.951999999997	0.0591999999996915	Ripples						0.0591999999996915	17313.000799999998	8.316411904196022	158.50810189932716	906.2045654537778	
17313.2168	0.031200000001263106	Ripples						0.031200000001263106	17313.232799999998	17.562305861317547	163.21363015293605	1493.2028124113822	
17317.9256	0.024000000001251465	Ripples						0.024000000001251465	17317.935999999998	6.534403080933798	162.86436595507794	915.2930629383948	
17318.025599999997	0.035200000002078013	Ripples						0.035200000002078013	17318.0424	20.339626536913947	169.5446226023666	1544.903948123847	
17318.885599999998	0.048800000000483124	Ripples						0.048800000000483124	17318.9064	9.324791391024018	158.35927182670017	1070.8264636806264	
17319.116799999996	0.031200000001263106	Ripples						0.031200000001263106	17319.1328	20.05998045097502	164.76471230996287	1557.9644371115135	
17319.311999999998	0.03600000000005821	Ripples						0.03600000000005821	17319.3288	9.402577729771073	163.83205612828806	1124.1101301967697	
17319.397599999997	0.02320000000327127	Ripples						0.02320000000327127	17319.4136	6.481250796905139	164.3256529089515	854.3396829299617	
17320.473599999998	0.027999999998428393	Ripples						0.027999999998428393	17320.4904	8.887965531783678	160.40015583889985	1021.5779371884431	
17320.8848	0.13999999999941792	Ripples						0.13999999999941792	17320.9136	8.074558039824986	152.15026042313167	902.6668991324949	
17324.3144	0.04959999999846332	Ripples						0.04959999999846332	17324.347999999998	6.687001652045914	168.18545572204593	948.7916264298103	
17324.7592	0.031199999997625127	Ripples						0.031199999997625127	17324.7784	10.051701756462938	172.23327292911728	1038.8394336753138	
17345.2456	0.044799999999668216	Ripples						0.044799999999668216	17345.2768	8.184966565181659	161.15619908451822	922.8486366583597	
17346.587199999998	0.02959999999802676	Ripples						0.02959999999802676	17346.606399999997	12.126574243049562	169.0850244721929	1109.4179313094994	
17347.264	0.027999999998428393	Ripples						0.027999999998428393	17347.277599999998	8.475894307309078	154.84303988998911	970.0838519043559	
17347.587999999996	0.026400000002468005	Ripples						0.026400000002468005	17347.6008	6.882957742543183	160.4663770283286	924.0412346264062	
17347.7208	0.026399999998830026	Ripples						0.026399999998830026	17347.7352	10.687912414125783	173.36511035173555	924.889536688387	
17350.559999999998	0.02479999999923166	Ripples						0.02479999999923166	17350.5712	12.764795951364588	163.0241120436099	1132.8941628852433	
17350.7856	0.0687999999972817	Ripples						0.0687999999972817	17350.806399999998	9.484974410959467	154.38357811841604	1041.6600877444466	
17355.289599999996	0.035200000002078013	Ripples						0.035200000002078013	17355.3144	10.36944740820212	153.1283878225647	976.1385015466163	
17355.892799999998	0.04560000000128639	Ripples						0.04560000000128639	17355.9184	26.296403262104537	162.81997713708802	1811.539716170153	
17356.028	0.048800000000483124	Ripples						0.048800000000483124	17356.054399999997	25.19695507344782	158.9743127170115	1771.7403583725047	
17356.747199999998	0.04560000000128639	Ripples						0.04560000000128639	17356.775999999998	17.29491649387444	157.0341691851954	1355.574724068252	
17357.6288	0.026399999998830026	Ripples						0.026399999998830026	17357.6448	11.013563105412615	170.4997148297711	1075.5383143890754	
17357.7224	0.03359999999884167	Ripples						0.03359999999884167	17357.739199999996	12.416833594977675	159.0487685177538	1231.9929809688003	
17358.009599999998	0.027999999998428393	Ripples						0.027999999998428393	17358.023199999996	9.842209469336725	153.89873214385744	959.4174376444101	
17358.0928	0.031199999997625127	Ripples						0.031199999997625127	17358.108	5.925005971907638	157.5049204670097	822.7061634502046	
17358.3392	0.023199999999633292	Ripples						0.023199999999633292	17358.3448	5.922441466111066	159.46435581731117	732.3751146612295	
17362.297599999998	0.024000000001251465	Ripples						0.024000000001251465	17362.3032	5.3826361177925035	175.43492595958833	621.1489663870329	
17362.44	0.035199999998440035	Ripples						0.035199999998440035	17362.4512	7.921033084379457	153.9054611706257	861.2269824217773	
17362.688	0.0367999999980384	Ripples						0.0367999999980384	17362.7016	10.196552338939357	154.80538639778925	1077.9821567630866	
17362.856	0.037599999999656575	Ripples						0.037599999999656575	17362.8704	15.147150766055397	167.8826577248657	1354.228582055394	
17364.512	0.0591999999996915	Ripples						0.0591999999996915	17364.558399999998	11.445633046443893	156.05402255791205	1118.8588818366882	
17365.6544	0.023999999997613486	Ripples						0.023999999997613486	17365.6632	9.642927410523333	171.33382091395308	958.3505448373772	
17365.7448	0.03599999999642023	Ripples						0.03599999999642023	17365.761599999998	14.267030053656788	165.0738487707806	1360.2169253974075	
17366.6632	0.028800000000046566	Ripples						0.028800000000046566	17366.676799999997	8.838661151430047	167.78359737251444	1041.7954966292368	
17367.9064	0.0319999999992433	Ripples						0.0319999999992433	17367.9152	6.991197557502537	156.1322388389673	687.7973029147448	
17372.4064	0.03839999999763677	Ripples						0.03839999999763677	17372.424	12.635561640206218	155.2285894728987	1218.5375790408823	
17375.6056	0.039999999997235136	Ripples						0.039999999997235136	17375.616799999996	6.900655099071447	151.8655243049148	818.3084821577304	
17375.8248	0.046399999999266583	Ripples						0.046399999999266583	17375.839999999997	12.083630574599903	152.09397064415958	1104.475466065968	
17376.068799999997	0.05280000000129803	Ripples						0.05280000000129803	17376.0928	11.29249047906045	150.5854160037798	1114.300888306218	
17376.7888	0.037599999999656575	Ripples						0.037599999999656575	17376.811999999998	22.546955971315278	161.03955337474454	1547.8342310331423	
17378.8488	0.0415999999968335	Ripples						0.0415999999968335	17378.8632	14.842877478254174	174.1171359685006	1263.426621814149	
17381.244	0.04160000000047148	Ripples						0.04160000000047148	17381.268799999998	14.14390434905728	154.2295020114892	1344.6673280925945	
17381.404799999997	0.020000000000436557	Ripples						0.020000000000436557	17381.42	6.86420820475988	156.2149785611347	738.6214371177958	
17382.354399999997	0.0272000000004482	Ripples						0.0272000000004482	17382.372	6.516130912135589	156.52078255479634	771.2771299437863	
17384.023999999998	0.02960000000166474	Ripples						0.02960000000166474	17384.0408	8.414764309548307	169.09550321970562	1014.5713363104132	
17387.2496	0.048800000000483124	Ripples						0.048800000000483124	17387.267999999996	12.99445845580695	160.8089826027125	1213.9696480214395	
17387.6344	0.03840000000127475	Ripples						0.03840000000127475	17387.6488	11.273469346421145	176.39481210449142	1036.4286438777451	
17388.783199999998	0.12320000000181608	Ripples						0.12320000000181608	17388.855199999998	24.339380071595382	159.0585606189787	1481.3563308081589	
17389.2592	0.06159999999727006	Ripples						0.06159999999727006	17389.2768	19.491973541460467	153.89567575498484	1440.2334123661028	
17389.9152	0.020000000000436557	Ripples						0.020000000000436557	17389.928799999998	6.820966610399669	165.22134001995684	785.9919377005842	
17390.083199999997	0.028800000000046566	Ripples						0.028800000000046566	17390.095199999996	9.883101637452604	153.53661316628188	957.3575530601896	
17392.119199999997	0.037599999999656575	Ripples						0.037599999999656575	17392.133599999997	15.537034869720273	171.96051151633637	1336.8702692633442	
17392.227199999998	0.035200000002078013	Ripples						0.035200000002078013	17392.243199999997	15.19200003207505	166.2356646178956	1354.5308900881155	
17396.368	0.04560000000128639	Ripples						0.04560000000128639	17396.3968	7.5530722284794845	166.57294856584176	997.4496820665787	
17396.493599999998	0.0496000000021013	Ripples						0.0496000000021013	17396.529599999998	11.56422923556113	162.57670018985183	1192.0784755186644	
17396.7264	0.02959999999802676	Ripples						0.02959999999802676	17396.743199999997	18.101521933100315	162.15920006070687	1428.2464225015494	
17397.0712	0.05279999999766005	Ripples						0.05279999999766005	17397.087199999998	6.567846870837039	168.01332623297208	850.6455108248801	
17399.1944	0.042399999998451676	Ripples						0.042399999998451676	17399.210399999996	8.569869476006328	176.17645948297977	910.8991935673022	
17399.306399999998	0.03440000000045984	Ripples						0.03440000000045984	17399.3304	16.963879905587046	156.0238484978901	1232.084716655639	
17399.881599999997	0.028800000000046566	Ripples						0.028800000000046566	17399.892	8.047710870179118	163.75782784925937	958.5040587670588	
17400.6544	0.0415999999968335	Ripples						0.0415999999968335	17400.6688	11.544122922646006	165.9277691660088	1150.239473044005	
17400.7552	0.05279999999766005	Ripples						0.05279999999766005	17400.796	9.29838298926494	156.5425400705889	1070.021528293413	
17401.253599999996	0.021600000000034925	Ripples						0.021600000000034925	17401.264799999997	7.970330927660792	161.02388787479558	939.3279904974968	
17403.4136	0.03439999999682186	Ripples						0.03439999999682186	17403.437599999997	10.580932214570447	150.70324415689075	914.925122862915	
17404.061599999997	0.09680000000298605	Ripples						0.09680000000298605	17404.097599999997	28.778127212809032	155.16459905867487	1764.102551515176	
17405.3536	0.02479999999923166	Ripples						0.02479999999923166	17405.3648	7.125189102194018	159.09532772030795	886.8093161785878	
17408.340799999998	0.05199999999967986	Ripples						0.05199999999967986	17408.363999999998	7.544374080329017	160.44017314418517	991.0627274164835	
17408.4352	0.021600000000034925	Ripples						0.021600000000034925	17408.446399999997	10.761266707429371	161.92695250415676	1063.682637603622	
17412.0496	0.03440000000045984	Ripples						0.03440000000045984	17412.066399999996	9.307079002896726	157.22128011021408	1025.1311125568739	
17412.156799999997	0.04560000000128639	Ripples						0.04560000000128639	17412.178399999997	11.41940561108649	146.74645427083843	984.5867783094018	
17412.8488	0.030399999999644933	Ripples						0.030399999999644933	17412.868	11.527224205586453	161.93743902641904	1068.3946470433143	
17415.753599999996	0.04320000000006985	Ripples						0.04320000000006985	17415.764	13.35522384269689	161.76346856488345	1128.9869355793437	
17417.1504	0.03919999999925494	Ripples						0.03919999999925494	17417.176	7.993706764882714	160.55386992749408	1040.0382365072132	
17418.5792	0.09999999999854481	Ripples						0.09999999999854481	17418.662399999997	12.879352641317661	151.31991255207046	1301.257848742472	
17420.224	0.026399999998830026	Ripples						0.026399999998830026	17420.2368	12.758599195413481	167.548648787182	1132.549333166025	
17424.0464	0.03600000000005821	Ripples						0.03600000000005821	17424.063199999997	15.62311514033524	165.20336260292163	1386.4331766282364	
17425.345599999997	0.03280000000086147	Ripples						0.03280000000086147	17425.361599999997	10.548410898922501	169.54227510932637	1148.8406522121045	
17425.469599999997	0.07360000000335276	Ripples						0.07360000000335276	17425.496	12.66271042679312	164.10678670325495	1361.5768579275712	
17425.804799999998	0.03919999999925494	Ripples						0.03919999999925494	17425.819199999998	12.577649665545419	154.693110364503	1110.386862476133	
17426.649599999997	0.035200000002078013	Ripples						0.035200000002078013	17426.663999999997	19.85176535190397	157.47489461321578	1408.5568290199994	
17428.036799999998	0.023199999999633292	Ripples						0.023199999999633292	17428.052799999998	7.689534540233105	166.8393818904153	872.7303574225787	
17432.5064	0.07040000000051805	Ripples						0.07040000000051805	17432.5408	13.700336758996112	150.3517417607288	1205.471777367493	
17432.640799999997	0.04799999999886495	Ripples						0.04799999999886495	17432.655199999997	16.768046072127554	158.52973195392894	1348.22627491606	
17433.760799999996	0.024000000001251465	Ripples						0.024000000001251465	17433.7712	10.080312410356287	165.82200944053733	1037.90014528069	
17435.523199999996	0.022400000001653098	Ripples						0.022400000001653098	17435.532	6.004944247670659	159.98095558270873	775.412277244273	
17436.009599999998	0.021600000000034925	Ripples						0.021600000000034925	17436.0176	7.279362859304917	165.47833367455098	828.3885309001516	
17437.613599999997	0.02080000000205473	Ripples						0.02080000000205473	17437.6216	7.283031201274418	164.7652429488179	848.9174179705335	
17439.872799999997	0.05199999999967986	Ripples						0.05199999999967986	17439.907199999998	13.240838218530438	152.62620513029213	1174.2148434441842	
17440.120799999997	0.04800000000250293	Ripples						0.04800000000250293	17440.1376	11.44859239704927	161.3344561963661	1202.3721466614961	
17443.224	0.046399999999266583	Ripples						0.046399999999266583	17443.2384	9.729047367321494	152.38056249572523	1012.1439467304144	
17444.653599999998	0.026400000002468005	Ripples						0.026400000002468005	17444.6656	9.739797024439682	154.9611604412282	917.0961901952946	
17444.724	0.053599999999278225	Ripples						0.053599999999278225	17444.752	14.602930327124776	155.92549480952627	1400.9985662898775	
17445.232799999998	0.04959999999846332	Ripples						0.04959999999846332	17445.247199999998	17.792629420265843	162.68620147887106	1343.6467985903596	
17446.2744	0.03280000000086147	Ripples						0.03280000000086147	17446.2912	24.07919540090654	167.3312288945891	1647.1036681693188	
17446.7448	0.04719999999724678	Ripples						0.04719999999724678	17446.7696	32.067055632605005	158.43022063500962	1821.855776270583	
17447.248799999998	0.05519999999887659	Ripples						0.05519999999887659	17447.2872	9.247698546825303	154.14140396313485	1082.9977803759577	
17447.365599999997	0.021600000000034925	Ripples						0.021600000000034925	17447.3736	5.421629394086177	158.59847184916998	713.1386845752837	
17448.090399999997	0.02080000000205473	Ripples						0.02080000000205473	17448.1008	5.259979319169759	158.8805332440441	690.923869665202	
17449.574399999998	0.033600000002479646	Ripples						0.033600000002479646	17449.5912	18.2083788549013	158.08225599400077	1482.9855691203768	
17452.6936	0.03839999999763677	Ripples						0.03839999999763677	17452.712799999998	13.053697064673983	165.25442300900002	1288.2357769604303	
17453.319199999998	0.030399999999644933	Ripples						0.030399999999644933	17453.3272	5.730994196012015	152.4078758729757	610.3835264642876	
17454.0192	0.030399999999644933	Ripples						0.030399999999644933	17454.030399999996	15.263465802697924	161.9712690641119	1270.3755543908767	
17454.160799999998	0.02479999999923166	Ripples						0.02479999999923166	17454.172	15.145766526040934	163.88263072785594	1237.6094692783925	
17454.239999999998	0.03919999999925494	Ripples						0.03919999999925494	17454.267999999996	7.582252397588773	154.09195957348865	911.8950482319553	
17466.001599999996	0.051200000001699664	Ripples						0.051200000001699664	17466.038399999998	5.153701724493251	146.0309864363665	599.2760768372779	
17466.5176	0.0639999999984866	Ripples						0.0639999999984866	17466.5504	14.614475972208718	154.61922631683	1235.006091270154	
17466.7304	0.026399999998830026	Ripples						0.026399999998830026	17466.7424	6.300955441889745	153.57533684402185	709.2394021597945	
17467.2136	0.0687999999972817	Ripples						0.0687999999972817	17467.2584	17.254704249034113	160.55573422817776	1236.309513222421	
17467.347999999998	0.04079999999885331	Ripples						0.04079999999885331	17467.3752	30.09631075138364	160.28665433984986	1835.605813134389	
17468.3864	0.026399999998830026	Ripples						0.026399999998830026	17468.394399999997	8.336739529897322	169.29462813538726	876.7846861718967	
17468.823999999997	0.022400000001653098	Ripples						0.022400000001653098	17468.835199999998	9.276206434872767	161.48605178848592	960.5236345982565	
17471.8912	0.10640000000057626	Ripples						0.10640000000057626	17471.9152	19.945827204822226	150.50335328376494	1387.3696124081173	
17474.4384	0.028800000000046566	Ripples						0.028800000000046566	17474.453599999997	13.247958390417095	159.22943243571504	1225.4977971718422	
17475.1944	0.02719999999681022	Ripples						0.02719999999681022	17475.2088	11.052945659368127	165.6657047569939	1131.6937636566458	
17475.901599999997	0.03919999999925494	Ripples						0.03919999999925494	17475.9128	11.75177717813975	161.3030766873353	1135.109857642451	
17476.716	0.03439999999682186	Ripples						0.03439999999682186	17476.7384	8.506253624296209	172.0820334685717	938.841556394021	
17477.7448	0.08639999999650172	Ripples						0.08639999999650172	17477.757599999997	13.471271564920142	160.67677404577626	1179.4037218851904	
17477.9344	0.02960000000166474	Ripples						0.02960000000166474	17477.953599999997	8.296408686985231	154.2047132788884	874.419892528758	
17485.676799999997	0.02960000000166474	Ripples						0.02960000000166474	17485.6936	11.440008810082352	170.39679616243075	1156.1490554941306	
17485.7552	0.06079999999928987	Ripples						0.06079999999928987	17485.7744	10.826234157734257	168.78802984347843	1087.946955060182	
17486.064	0.04320000000006985	Ripples						0.04320000000006985	17486.095999999998	6.647472429366003	154.70528219735965	766.586666612853	
17490.102399999996	0.02080000000205473	Ripples						0.02080000000205473	17490.113599999997	5.140108598138014	154.37279848587582	754.5531237980872	
17492.944	0.04079999999885331	Ripples						0.04079999999885331	17492.971999999998	7.128010686852412	154.55713093919042	893.8450011188565	
17493.087999999996	0.04160000000410946	Ripples						0.04160000000410946	17493.099199999997	16.920426185678917	164.1837141469673	1295.511845649073	
17493.307999999997	0.0272000000004482	Ripples						0.0272000000004482	17493.3248	11.860688885632337	159.08443432626913	1164.647551654581	
17493.523999999998	0.022400000001653098	Ripples						0.022400000001653098	17493.5352	12.071975283347818	165.44526142815303	1109.7412840417005	
17499.172	0.04400000000168802	Ripples						0.04400000000168802	17499.195999999996	18.627367154108857	157.60049346048197	1588.763586942732	
17499.3032	0.04160000000047148	Ripples						0.04160000000047148	17499.316799999997	17.841477826307024	160.17146382051718	1362.9820551679366	
17504.7712	0.035199999998440035	Ripples						0.035199999998440035	17504.784799999998	12.605051694643834	173.9144303122846	1159.259044329544	
17506.575999999997	0.021600000000034925	Ripples						0.021600000000034925	17506.584	6.845615630872759	164.8447687851402	781.7367221128408	
17506.669599999997	0.03600000000005821	Ripples						0.03600000000005821	17506.683999999997	25.258434505266838	156.18671619152616	1621.378343211029	
17509.167199999996	0.0488000000041211	Ripples						0.0488000000041211	17509.188	17.910741439810177	152.13474164492732	1452.361115782516	
17509.724799999996	0.030400000003282912	Ripples						0.030400000003282912	17509.7424	19.240768408846808	162.53205939253866	1464.9892981277778	
17511.7784	0.05040000000008149	Ripples						0.05040000000008149	17511.796	15.171581770749892	154.29525108625245	1281.6528171835762	
17511.9672	0.03359999999884167	Ripples						0.03359999999884167	17511.987199999996	13.80226604995859	161.18677670070775	1283.727291493879	
17512.479199999998	0.030399999999644933	Ripples						0.030399999999644933	17512.4904	5.373913137485318	163.1893042777954	816.6393733786905	
17512.601599999998	0.031200000001263106	Ripples						0.031200000001263106	17512.6128	8.55367148680921	159.81180722909394	1005.5837928073595	
17513.4656	0.04399999999805004	Ripples						0.04399999999805004	17513.479199999998	7.7776782174907	170.56382085401304	1024.9260746730718	
17513.577599999997	0.046399999999266583	Ripples						0.046399999999266583	17513.5928	9.372368234435775	148.263272123153	883.5496079192792	
17513.741599999998	0.022400000001653098	Ripples						0.022400000001653098	17513.754399999998	7.398728230520542	166.2035984463527	915.4086444671948	
17516.1544	0.02079999999841675	Ripples						0.02079999999841675	17516.167999999998	7.267960778088887	166.79312914789696	853.8696196447189	
17516.246399999996	0.03200000000288128	Ripples						0.03200000000288128	17516.26	11.807181513458136	173.05613806392014	1115.4549604967788	
17521.417599999997	0.030399999999644933	Ripples						0.030399999999644933	17521.430399999997	10.579059542360024	158.74940858019997	1039.2225522734527	
17521.8808	0.044799999999668216	Ripples						0.044799999999668216	17521.9208	5.147431454876602	159.63991710546875	707.1327255067299	
17522.198399999997	0.03200000000288128	Ripples						0.03200000000288128	17522.2152	12.508737684074191	161.57797327279835	1195.844674661108	
17524.2408	0.03600000000005821	Ripples						0.03600000000005821	17524.2664	7.650658153933743	151.17790746983906	751.2395640431023	
17527.139199999998	0.026400000002468005	Ripples						0.026400000002468005	17527.1584	6.495796195869027	166.49275277467652	829.2434938433212	
17528.3864	0.0367999999980384	Ripples						0.0367999999980384	17528.4128	5.459573919946993	157.18207175833464	755.7794021244862	
17529.0144	0.023999999997613486	Ripples						0.023999999997613486	17529.0336	5.199568981027356	156.29054455479874	554.2239828766228	
17529.3968	0.04560000000128639	Ripples						0.04560000000128639	17529.4208	12.658382561563482	169.69977819566498	1258.5108644393533	
17529.534399999997	0.033600000002479646	Ripples						0.033600000002479646	17529.548	15.875509337930643	161.50015647113162	1341.9192814216563	
17530.1776	0.0367999999980384	Ripples						0.0367999999980384	17530.191199999997	12.46464000071937	166.58113389473502	1089.2290639073433	
17530.5216	0.02959999999802676	Ripples						0.02959999999802676	17530.5352	17.362893900446515	162.31872233158396	1385.6120203281612	
17530.642399999997	0.028000000002066372	Ripples						0.028000000002066372	17530.656	10.368744608642682	158.66744927497064	1090.0845815750206	
17532.595199999996	0.022400000001653098	Ripples						0.022400000001653098	17532.6072	11.112540156170974	161.2146381145159	1072.1234285783091	
17537.6488	0.05040000000008149	Ripples						0.05040000000008149	17537.6632	10.023054436366372	158.25529375626945	840.9028013525655	
17537.771999999997	0.031200000001263106	Ripples						0.031200000001263106	17537.7856	24.004255081628898	161.0518867691556	1612.2784612201415	
17539.811999999998	0.048800000000483124	Ripples						0.048800000000483124	17539.832799999996	8.871277190300662	161.37788971079516	1035.1865744579316	
17541.4136	0.06480000000010477	Ripples						0.06480000000010477	17541.4616	22.779908085528408	154.93316081324988	1625.5343867036174	
17542.005599999997	0.028000000002066372	Ripples						0.028000000002066372	17542.023199999996	8.141360931573237	157.35575575431326	955.5603773996188	
17551.9136	0.05919999999605352	Ripples						0.05919999999605352	17551.959199999998	15.512783981884269	158.5449983436789	1455.8791718696589	
17552.6472	0.07679999999891152	Ripples						0.07679999999891152	17552.681599999996	19.827742382472138	153.56289079312958	1574.8950308555688	
17553.8936	0.023199999999633292	Ripples						0.023199999999633292	17553.904799999997	10.243444684810559	163.18804510317636	1051.8404647499597	
17554.2656	0.021600000000034925	Ripples						0.021600000000034925	17554.2736	9.415458239374384	167.05483264951647	923.0638117906269	
17558.566399999996	0.07920000000012806	Ripples						0.07920000000012806	17558.613599999997	9.71779519284851	149.53590175712267	846.4057389401728	
17558.770399999998	0.022400000001653098	Ripples						0.022400000001653098	17558.782399999996	10.260042611175326	161.600631981986	1024.1284028065838	
17560.171199999997	0.033600000002479646	Ripples						0.033600000002479646	17560.191199999997	8.050216271531982	161.28247605639692	1040.981391677215	
17560.2304	0.04479999999603024	Ripples						0.04479999999603024	17560.241599999998	10.838534529534673	165.74092280322822	1052.6021600141053	
17560.712799999998	0.03200000000288128	Ripples						0.03200000000288128	17560.7312	10.636299664942992	158.0554340013212	1112.9628091812717	
17562.986399999998	0.0272000000004482	Ripples						0.0272000000004482	17562.9976	11.460555016979933	164.55202336480326	1095.9652100988037	
17563.073599999996	0.04800000000250293	Ripples						0.04800000000250293	17563.108	29.43869317601412	157.89120821246635	1793.203685325373	
17563.356	0.02239999999801512	Ripples						0.02239999999801512	17563.367199999997	11.914865220730526	162.39119896702783	1083.0859736261111	
17565.1792	0.035199999998440035	Ripples						0.035199999998440035	17565.1904	10.135922927418832	167.36970800087153	1010.913904038162	
17565.2984	0.04320000000006985	Ripples						0.04320000000006985	17565.327999999998	7.292474698644806	143.65982019147663	670.0445000666156	
17566.0	0.042399999998451676	Ripples						0.042399999998451676	17566.0136	5.267573251243212	173.71517271261465	635.2493380065469	
17566.1328	0.02479999999923166	Ripples						0.02479999999923166	17566.1472	11.80344938396533	161.44102375581818	1116.9592495208203	
17572.558399999998	0.03280000000086147	Ripples						0.03280000000086147	17572.584	8.566202721248045	176.60641457219603	817.5873836727012	
17575.091999999997	0.022400000001653098	Ripples						0.022400000001653098	17575.104	7.6347240956603555	155.97513374319553	808.9970945842139	
17576.68	0.032799999997223495	Ripples						0.032799999997223495	17576.6976	17.30925765150491	161.46605629633115	1470.5888185534545	
17577.1992	0.04079999999885331	Ripples						0.04079999999885331	17577.2136	12.965007070730007	152.71506058618317	1011.5007652376173	
17577.392	0.028800000000046566	Ripples						0.028800000000046566	17577.399999999998	9.01559875234176	156.7117310281946	898.870652865208	
17577.505599999997	0.042400000002089655	Ripples						0.042400000002089655	17577.5352	10.952620401243134	165.06297464421866	1127.5285079817577	
17577.979999999996	0.09120000000257278	Ripples						0.09120000000257278	17577.992	10.957984521981478	164.96378534180948	1094.0718014303636	
17579.603199999998	0.051200000001699664	Ripples						0.051200000001699664	17579.617599999998	8.555815906738344	163.4123833954084	1012.6476638048554	
17583.4496	0.023999999997613486	Ripples						0.023999999997613486	17583.4632	5.3637934248856665	154.70996090657655	717.0262174626653	
17583.543999999998	0.07120000000213622	Ripples						0.07120000000213622	17583.5552	8.89037125228732	160.66326634995764	1020.825332967094	
17590.960799999997	0.035200000002078013	Ripples						0.035200000002078013	17590.9856	9.194125280712093	155.16540910810497	1009.5307196724771	
17591.7672	0.024000000001251465	Ripples						0.024000000001251465	17591.775199999996	6.1047977138312355	167.37500257110594	821.2981710915416	
17591.875999999997	0.03920000000289292	Ripples						0.03920000000289292	17591.890399999997	10.487872843539025	155.23190228451136	1115.9307267611275	
17591.9384	0.06319999999686843	Ripples						0.06319999999686843	17591.9616	11.606673580633565	153.1741543874886	1154.0604386437437	
17592.111999999997	0.03440000000045984	Ripples						0.03440000000045984	17592.136	6.203179598490343	154.68452519618862	838.9829293564162	
17592.2728	0.04079999999885331	Ripples						0.04079999999885331	17592.293599999997	16.818678101917072	156.8667502372233	1447.5551995628662	
17597.858399999997	0.042400000002089655	Ripples						0.042400000002089655	17597.8792	20.946470269841296	164.11070687432883	1595.5917727396127	
17597.9992	0.04320000000006985	Ripples						0.04320000000006985	17598.0264	15.351871555800985	163.38115506962498	1383.16020082054	
17598.304799999998	0.02479999999923166	Ripples						0.02479999999923166	17598.319199999998	7.380804346704882	153.4621966644072	869.3046561746594	
17600.243199999997	0.035200000002078013	Ripples						0.035200000002078013	17600.2592	11.707584041821457	169.2315133737654	1188.5489587764894	
17609.1472	0.02959999999802676	Ripples						0.02959999999802676	17609.160799999998	21.443690635220594	168.1091737890626	1504.3020227101242	
17609.2696	0.028800000000046566	Ripples						0.028800000000046566	17609.284	16.14541700836392	162.0482987961056	1294.3011986170472	
17610.822399999997	0.06079999999928987	Ripples						0.06079999999928987	17610.8704	13.93357516241534	161.92462797800192	1324.2946478513331	
17616.0264	0.08079999999972642	Ripples						0.08079999999972642	17616.073599999996	16.962701473268417	162.00985377825438	1394.5201190979933	
17617.809599999997	0.031200000001263106	Ripples						0.031200000001263106	17617.82	5.493403145463563	179.34529671787993	716.4308619077343	
17618.7024	0.04079999999885331	Ripples						0.04079999999885331	17618.7168	8.88638600897224	148.60129416153413	867.7296920422057	
17618.8504	0.028800000000046566	Ripples						0.028800000000046566	17618.872	8.676809789066894	155.60799328599916	888.8270035967729	
17618.903199999997	0.0496000000021013	Ripples						0.0496000000021013	17618.9208	13.67016983904747	161.06662659423392	1415.859714001252	
17619.311999999998	0.026399999998830026	Ripples						0.026399999998830026	17619.325599999996	13.806743431734668	164.34436070757536	1252.6286517544027	
17621.9152	0.07999999999810825	Ripples						0.07999999999810825	17621.980799999998	10.811036372721023	158.20518088130478	1081.8970635225573	
17622.181599999996	0.037600000003294554	Ripples						0.037600000003294554	17622.203199999996	10.558874438538684	157.04062620691406	1149.300609828819	
17623.960799999997	0.023199999999633292	Ripples						0.023199999999633292	17623.973599999998	6.915690616917013	158.13829637069304	705.1175598342775	
17624.0984	0.05199999999967986	Ripples						0.05199999999967986	17624.119199999997	20.25111980997777	150.3028098586443	1487.7122297227124	
17624.423199999997	0.04320000000006985	Ripples						0.04320000000006985	17624.455199999997	8.398985318595772	151.13353605972128	882.5884058480885	
17624.595999999998	0.0272000000004482	Ripples						0.0272000000004482	17624.6128	8.99531685843468	167.42651877499705	1025.7889401423668	
17626.809599999997	0.0272000000004482	Ripples						0.0272000000004482	17626.820799999998	13.51365831907962	162.74632729914092	1178.0099916986342	
17626.8792	0.03839999999763677	Ripples						0.03839999999763677	17626.9008	12.814620596596265	159.50245546595505	1257.7447723770997	
17628.072	0.0415999999968335	Ripples						0.0415999999968335	17628.097599999997	13.88226793822016	168.7056258496591	1280.5271595868721	
17629.8088	0.06719999999768334	Ripples						0.06719999999768334	17629.868	10.338845439275751	157.254348279563	1032.8496165894694	
17630.0928	0.020000000000436557	Ripples						0.020000000000436557	17630.103199999998	5.231858061295985	157.7207247395579	806.1966540898528	
17630.9632	0.022400000001653098	Ripples						0.022400000001653098	17630.971999999998	9.216415767372547	165.6406488628649	963.02250876683	
17642.897599999997	0.03680000000167638	Ripples						0.03680000000167638	17642.9208	9.109377171131008	156.95443435193533	1022.4297355518883	
17643.0624	0.04959999999846332	Ripples						0.04959999999846332	17643.094399999998	14.309161158265084	150.89045993386665	1142.5993144121237	
17645.832	0.05280000000129803	Ripples						0.05280000000129803	17645.8504	10.625710100607092	157.49386513952496	1048.6972051877315	
17646.015199999998	0.035200000002078013	Ripples						0.035200000002078013	17646.0336	9.728644769005799	151.0533650869519	966.3942262626921	
17648.799199999998	0.02479999999923166	Ripples						0.02479999999923166	17648.813599999998	5.54416284863177	156.31057858742963	754.6372287752047	
17648.9488	0.024000000001251465	Ripples						0.024000000001251465	17648.962399999997	7.1509581526466945	156.87881385710634	833.6627480680522	
17650.068799999997	0.03440000000045984	Ripples						0.03440000000045984	17650.079999999998	10.046252010738208	157.38926191913086	939.2997394290265	
17651.4296	0.032799999997223495	Ripples						0.032799999997223495	17651.443199999998	18.45993123164004	163.36968026249573	1403.3658963209239	
17652.172	0.03919999999925494	Ripples						0.03919999999925494	17652.2048	5.692163735412825	155.48923352334964	662.5444062087655	
17665.351199999997	0.07359999999971478	Ripples						0.07359999999971478	17665.379999999997	21.320323751788308	154.44433019300865	1638.0193488020138	
17667.181599999996	0.053600000002916204	Ripples						0.053600000002916204	17667.2136	14.707711505727527	169.17857050267457	1354.5549254411487	
17668.512799999997	0.03440000000045984	Ripples						0.03440000000045984	17668.5336	22.7908641094434	162.16711525597816	1557.2657088188794	
17669.390399999997	0.03280000000086147	Ripples						0.03280000000086147	17669.4128	10.76942474691722	171.9964930156535	1060.1133306724034	
17670.2224	0.022400000001653098	Ripples						0.022400000001653098	17670.234399999998	11.382140623565842	159.35125563308102	1039.5716487774264	
17670.3824	0.026399999998830026	Ripples						0.026399999998830026	17670.395999999997	8.350386282004298	162.27968182559593	1029.5098012139626	
17674.4128	0.031200000001263106	Ripples						0.031200000001263106	17674.430399999997	17.597197854342344	161.20042225780298	1421.521533455791	
17675.327999999998	0.024000000001251465	Ripples						0.024000000001251465	17675.3416	10.347475392839122	165.54884375631573	1022.296846324847	
17676.572799999998	0.040000000000873115	Ripples						0.040000000000873115	17676.597599999997	12.313826378461872	162.7393600035561	1233.013558709489	
17677.584	0.0632000000005064	Ripples						0.0632000000005064	17677.602399999996	19.654984438715022	156.19850041587364	1565.1647690238979	
17684.565599999998	0.023199999999633292	Ripples						0.023199999999633292	17684.5752	7.498032086051095	159.96670267252415	879.7838663920712	
17684.652	0.0272000000004482	Ripples						0.0272000000004482	17684.659999999996	6.129726090184319	150.70556126863517	598.3090927804296	
17684.8608	0.035199999998440035	Ripples						0.035199999998440035	17684.8752	5.982637070929779	148.17293513075373	731.2786775820169	
17685.9728	0.08879999999771826	Ripples						0.08879999999771826	17686.043999999998	16.960048383929976	158.5184791029947	1358.2724858661754	
17687.933599999997	0.02320000000327127	Ripples						0.02320000000327127	17687.9472	10.528520185488988	163.78668754962365	987.5621832992722	
17688.051199999998	0.02959999999802676	Ripples						0.02959999999802676	17688.067199999998	18.20908023524397	164.2268037815672	1444.4517996001725	
17688.2208	0.048800000000483124	Ripples						0.048800000000483124	17688.232799999998	14.541443386447037	159.07894779979503	1245.3302508085415	
17688.378399999998	0.03440000000045984	Ripples						0.03440000000045984	17688.3968	9.298988509289057	173.02341042267946	991.3745905667647	
17689.919199999997	0.020000000000436557	Ripples						0.020000000000436557	17689.931999999997	5.048193082449832	163.21189407333824	749.6437445097529	
17691.567199999998	0.04959999999846332	Ripples						0.04959999999846332	17691.5784	6.911524831023926	165.83949474356558	774.5389620630835	
17693.7408	0.028800000000046566	Ripples						0.028800000000046566	17693.7592	7.293858669478407	158.82499089498856	885.9290462660713	
17696.718399999998	0.0319999999992433	Ripples						0.0319999999992433	17696.734399999998	12.111106348926066	172.80711702145408	1177.2205305862958	
17696.8432	0.026399999998830026	Ripples						0.026399999998830026	17696.856	7.834661661975485	167.52663893253492	945.2797900843814	
17698.6432	0.07679999999891152	Ripples						0.07679999999891152	17698.6664	13.537992832672535	157.41520715166857	1098.6809941841916	
17699.910399999997	0.09440000000176951	Ripples						0.09440000000176951	17699.9712	10.92060581273347	149.00539815810427	1168.40611387276	
17700.090399999997	0.0272000000004482	Ripples						0.0272000000004482	17700.1072	9.796707493425872	169.64573548940638	1016.1878284239584	
17702.8808	0.047200000000884756	Ripples						0.047200000000884756	17702.908	17.112761814710193	157.18530192948853	1424.8952064866457	
17703.032799999997	0.03200000000288128	Ripples						0.03200000000288128	17703.051199999998	13.994969773857369	157.30130989313167	1194.3315190501999	
17711.3032	0.06799999999930151	Ripples						0.06799999999930151	17711.358399999997	11.006171066694051	153.63647948459825	1029.3348691175258	
17711.473599999998	0.023199999999633292	Ripples						0.023199999999633292	17711.489599999997	7.271704541885746	164.6828904787142	852.4795733762176	
17711.579999999998	0.031200000001263106	Ripples						0.031200000001263106	17711.595199999996	15.943808187763238	156.85279192604648	1257.6357333227415	
17712.241599999998	0.028000000002066372	Ripples						0.028000000002066372	17712.2528	7.084362937392984	154.4697695881893	767.6591827013577	
17714.2744	0.037599999999656575	Ripples						0.037599999999656575	17714.2856	6.871125583492632	170.95694580471996	813.2850745347293	
17714.42	0.02960000000166474	Ripples						0.02960000000166474	17714.433599999997	17.164392168643687	161.46171071480586	1384.1907090420357	
17717.6152	0.021600000000034925	Ripples						0.021600000000034925	17717.626399999997	5.536637952171853	158.8725872875678	680.2934313861612	
17721.4728	0.048800000000483124	Ripples						0.048800000000483124	17721.487199999996	9.500180562915077	158.98738982932738	1106.067665585751	
17723.619199999997	0.03600000000005821	Ripples						0.03600000000005821	17723.6304	13.749048010643483	155.5602008431332	1044.1800012887397	
17725.76	0.040000000000873115	Ripples						0.040000000000873115	17725.7768	11.025710311315086	160.6968970247768	1200.7421361242652	
17728.9224	0.025599999997211853	Ripples						0.025599999997211853	17728.940799999997	5.332762934879641	152.65369412141905	702.6565746453937	
17729.052799999998	0.047200000000884756	Ripples						0.047200000000884756	17729.0768	9.10246833325452	159.51842110555052	1030.1017414718485	
17739.9224	0.02479999999923166	Ripples						0.02479999999923166	17739.933599999997	7.2254458081173	162.24659994412286	946.6920960898242	
17740.0248	0.042399999998451676	Ripples						0.042399999998451676	17740.041599999997	14.92010335460546	163.3987626635558	1361.5070218530097	
17740.9416	0.0319999999992433	Ripples						0.0319999999992433	17740.953599999997	8.027184967428969	147.34488697336224	701.7744235438839	
17752.527199999997	0.03280000000086147	Ripples						0.03280000000086147	17752.5392	8.666259573263247	152.2437112065309	943.1054294815984	
17752.623999999996	0.051200000001699664	Ripples						0.051200000001699664	17752.6416	15.802101450861024	155.2618562554561	1243.8069855757403	
17754.3288	0.023199999999633292	Ripples						0.023199999999633292	17754.336799999997	8.173481675771452	172.79833693218632	863.7306520485216	
17754.444	0.06719999999768334	Ripples						0.06719999999768334	17754.4616	22.35829570695186	157.3780613421823	1616.9328006064754	
17757.732799999998	0.03280000000086147	Ripples						0.03280000000086147	17757.752	8.85067413322121	154.97260931057238	904.9763457716545	
17766.783199999998	0.06560000000172295	Ripples						0.06560000000172295	17766.796799999996	10.930485830441242	161.80532125544178	1198.8341101529486	
17771.126399999997	0.028800000000046566	Ripples						0.028800000000046566	17771.1448	28.110111741540145	166.97185430180195	1677.8793409566483	
17777.1936	0.03839999999763677	Ripples						0.03839999999763677	17777.210399999996	14.504342528189861	171.9025716292152	1311.765497482434	
17778.041599999997	0.05680000000211294	Ripples						0.05680000000211294	17778.0624	18.916332474038878	160.5147819917698	1579.7776745950637	
17778.191199999997	0.028000000002066372	Ripples						0.028000000002066372	17778.208	17.45484542376487	155.77695451366134	1146.0582500063674	
17779.1688	0.040000000000873115	Ripples						0.040000000000873115	17779.1992	7.5683389048214185	173.05198590058535	849.4756635396022	
17779.3032	0.03280000000086147	Ripples						0.03280000000086147	17779.3176	22.59417284012813	167.54350911086402	1572.7314550131496	
17781.747199999998	0.040000000000873115	Ripples						0.040000000000873115	17781.779199999997	5.098699341362927	148.89070863804807	628.6495498822305	
17783.0696	0.032799999997223495	Ripples						0.032799999997223495	17783.0784	8.857140372405752	162.09810781473712	886.7816054700843	
17785.7304	0.0367999999980384	Ripples						0.0367999999980384	17785.739199999996	8.447790517763496	164.4959614877938	879.230373216718	
17785.797599999998	0.03919999999925494	Ripples						0.03919999999925494	17785.8176	16.680420362538946	157.13320024513814	1469.5804584973246	
17788.176799999997	0.02960000000166474	Ripples						0.02960000000166474	17788.195999999996	5.829604559918518	150.2624827636699	618.1921180866119	
17789.696799999998	0.05760000000009313	Ripples						0.05760000000009313	17789.7368	7.483631737109166	147.1545866442169	849.6833811667877	
17790.401599999997	0.03440000000045984	Ripples						0.03440000000045984	17790.415999999997	14.072468038734726	165.94083034064326	1268.740373771179	
17790.9472	0.04799999999886495	Ripples						0.04799999999886495	17790.959199999998	9.018266045231163	156.53453038660743	1003.6295449477559	
17791.0504	0.026399999998830026	Ripples						0.026399999998830026	17791.070399999997	6.556420809359515	163.90308979954574	730.1979698377969	
17792.239999999998	0.16080000000147265	Ripples						0.16080000000147265	17792.254399999998	14.050422462971886	157.0292699918993	1023.8119265583864	
17793.613599999997	0.02960000000166474	Ripples						0.02960000000166474	17793.6296	8.939269840377982	172.8119710112459	969.3048765316831	
17794.0264	0.021600000000034925	Ripples						0.021600000000034925	17794.037599999996	5.785450321028628	158.16377284957184	769.0545030347807	
17795.4368	0.07599999999729334	Ripples						0.07599999999729334	17795.492	11.6191949076334	152.38662048293838	1077.687711794774	
17795.5568	0.02079999999841675	Ripples						0.02079999999841675	17795.570399999997	7.165599781096593	160.69617998681704	849.847718088922	
17798.9832	0.027999999998428393	Ripples						0.027999999998428393	17798.9976	15.162570250616126	158.19476698096292	1267.9361262833568	
17803.079999999998	0.0544000000008964	Ripples						0.0544000000008964	17803.124799999998	6.180290515709717	153.89196941945755	766.5613513694921	
17806.875999999997	0.021600000000034925	Ripples						0.021600000000034925	17806.887199999997	7.9643477931378	164.16810090589308	921.6953400628644	
17810.551199999998	0.03600000000005821	Ripples						0.03600000000005821	17810.5648	16.792343175822985	169.18721014074166	1382.973010712237	
17810.764799999997	0.06400000000212458	Ripples						0.06400000000212458	17810.779199999997	10.418892493914813	161.15597600568262	1054.3105139660834	
17819.4472	0.028800000000046566	Ripples						0.028800000000046566	17819.4584	12.118976336406652	156.81251967761304	1131.457130439176	
17819.631999999998	0.044799999999668216	Ripples						0.044799999999668216	17819.660799999998	9.732019260529125	165.43593995418252	1072.5378393990454	
17819.8272	0.032799999997223495	Ripples						0.032799999997223495	17819.8416	17.972983157137946	158.73187176424014	1252.7602646519636	
17821.064	0.03600000000005821	Ripples						0.03600000000005821	17821.075999999997	19.579088810234232	164.6150162173497	1414.8690412421113	
17823.388	0.03600000000005821	Ripples						0.03600000000005821	17823.3992	9.238515139756338	154.68351355272017	877.5840111816008	
17823.933599999997	0.033600000002479646	Ripples						0.033600000002479646	17823.9544	27.2344859177594	160.53488791721023	1704.18010775451	
17823.987199999996	0.08960000000297441	Ripples						0.08960000000297441	17824.041599999997	8.720375486869825	149.6615932432757	904.5559483842856	
17830.1	0.03359999999884167	Ripples						0.03359999999884167	17830.111999999997	18.241387647081897	157.79949312635185	1269.3169860608918	
17831.435999999998	0.035200000002078013	Ripples						0.035200000002078013	17831.4528	12.031626340289506	167.10405098662147	1235.8849711047699	
17831.590399999997	0.024800000002869638	Ripples						0.024800000002869638	17831.604	8.375277668313707	156.8588217090336	961.5487214004341	
17831.7624	0.05040000000008149	Ripples						0.05040000000008149	17831.802399999997	9.147855115996961	158.19766254729956	971.4557075359236	
17832.2352	0.035199999998440035	Ripples						0.035199999998440035	17832.264	5.472346488321909	162.99881381786741	685.356464068536	
17832.761599999998	0.048800000000483124	Ripples						0.048800000000483124	17832.7856	8.375872038319647	153.04837989423945	1027.3815539243424	
17832.9152	0.026399999998830026	Ripples						0.026399999998830026	17832.928799999998	18.82780489258383	163.31817999806515	1386.0299429853253	
17833.087199999998	0.07359999999971478	Ripples						0.07359999999971478	17833.1224	9.079805809373617	150.46651205959978	1139.4655654967132	
17834.5136	0.028800000000046566	Ripples						0.028800000000046566	17834.5216	6.923090329380531	159.55733562652176	785.0412666242996	
17837.7584	0.04160000000047148	Ripples						0.04160000000047148	17837.783199999998	12.01611509299037	165.32346231718446	1263.8369966140033	
17838.604	0.06319999999686843	Ripples						0.06319999999686843	17838.631999999998	11.723126925326918	147.99188808993668	1064.9426968844043	
17838.917599999997	0.04160000000047148	Ripples						0.04160000000047148	17838.9312	8.713427545909246	156.18151943603988	1002.9642901987233	
17839.007999999998	0.044799999999668216	Ripples						0.044799999999668216	17839.0424	14.329230753224948	154.88352300923623	1169.7105095547163	
17839.1512	0.031199999997625127	Ripples						0.031199999997625127	17839.1648	18.203600192996593	157.8320136153356	1381.0924361590787	
17839.534399999997	0.03280000000086147	Ripples						0.03280000000086147	17839.548799999997	10.47852647484626	158.33611913447774	925.3854747316349	
17840.331199999997	0.0272000000004482	Ripples						0.0272000000004482	17840.347999999998	5.888590523366408	174.42457968161986	794.20098502241	
17840.439199999997	0.03200000000288128	Ripples						0.03200000000288128	17840.450399999998	12.859446035112562	156.72408814292857	1081.0173336454325	
17843.4672	0.046399999999266583	Ripples						0.046399999999266583	17843.4816	7.5894633244489285	158.32370385102962	1049.0209931349054	
17843.835199999998	0.03440000000045984	Ripples						0.03440000000045984	17843.843999999997	7.372845277200353	156.98300166456497	770.5738937168572	
17844.002399999998	0.023199999999633292	Ripples						0.023199999999633292	17844.015999999996	6.751169385904986	155.6528512293525	794.6842256886023	
17844.212	0.02079999999841675	Ripples						0.02079999999841675	17844.221599999997	5.053103075350145	158.7059895176681	754.2103405746448	
17846.2048	0.053599999999278225	Ripples						0.053599999999278225	17846.2368	13.672909697048711	148.39165870550988	1120.3568695065705	
17849.741599999998	0.03680000000167638	Ripples						0.03680000000167638	17849.770399999998	5.12615118576524	145.22457161689474	557.0034680880701	
17861.3912	0.08480000000054133	Ripples						0.08480000000054133	17861.4344	6.696213829915703	159.42548318292634	859.3128935871547	
17861.741599999998	0.0496000000021013	Ripples						0.0496000000021013	17861.7784	6.505827394749257	160.2965101632552	963.1410729265439	
17864.3736	0.04320000000006985	Ripples						0.04320000000006985	17864.384	6.360108661861276	159.52832510982086	768.1516644535808	
17871.192799999997	0.0319999999992433	Ripples						0.0319999999992433	17871.2064	10.348261335513575	174.7752009038418	1026.2350945146775	
17871.623999999996	0.03840000000127475	Ripples						0.03840000000127475	17871.6432	19.89032416988224	168.08412716822616	1574.6764536130142	
17877.248	0.02079999999841675	Ripples						0.02079999999841675	17877.261599999998	7.519790278793057	170.26179357545175	856.2692659186217	
17877.408	0.04320000000006985	Ripples						0.04320000000006985	17877.426399999997	17.350110609446013	154.72580646683485	1393.8950962647218	
17878.077599999997	0.030400000003282912	Ripples						0.030400000003282912	17878.0912	11.41520913988246	168.92781562965504	1118.0601686816315	
17878.439199999997	0.06400000000212458	Ripples						0.06400000000212458	17878.486399999998	12.093618402977292	157.20696938722858	1274.9648082266606	
17879.6376	0.044799999999668216	Ripples						0.044799999999668216	17879.652	10.546682894601519	168.83794113969265	1113.5424053364134	
17882.4136	0.03600000000005821	Ripples						0.03600000000005821	17882.4328	23.368198981563513	159.48945431570428	1673.2443986514195	
17882.7768	0.028800000000046566	Ripples						0.028800000000046566	17882.795199999997	10.686002690180773	154.35227715976671	895.2453101666687	
17882.9368	0.032799999997223495	Ripples						0.032799999997223495	17882.953599999997	12.332022416903808	162.21143625831573	1233.8660321284494	
17884.3632	0.06559999999808497	Ripples						0.06559999999808497	17884.421599999998	7.777267744648291	153.80523021973386	631.3407997772514	
17884.6	0.06880000000091968	Ripples						0.06880000000091968	17884.613599999997	14.238855958270209	158.6322196222487	1225.663463473443	
17886.928799999998	0.03359999999884167	Ripples						0.03359999999884167	17886.94	12.522091746907703	161.59037410988216	1159.549110054604	
17887.219999999998	0.030399999999644933	Ripples						0.030399999999644933	17887.2376	7.209901021520041	157.05307929943038	904.8564303820781	
17888.2384	0.02959999999802676	Ripples						0.02959999999802676	17888.2584	17.61308094957931	166.51797020490773	1342.805990983024	
17889.734399999998	0.05040000000008149	Ripples						0.05040000000008149	17889.770399999998	15.657979949876255	151.99908800594872	1284.8438521401742	
17895.0984	0.026399999998830026	Ripples						0.026399999998830026	17895.108799999998	14.537957433480749	167.81767347749357	1151.830855998676	
17895.7888	0.02239999999801512	Ripples						0.02239999999801512	17895.8	7.075430189331267	154.83006801662617	846.42597157842	
17895.901599999997	0.031200000001263106	Ripples						0.031200000001263106	17895.915999999997	13.54348396751996	158.14555530313925	1150.6094630791358	
17898.716	0.02479999999923166	Ripples						0.02479999999923166	17898.7304	5.758595767520226	153.96937821340276	623.575785106895	
17900.6256	0.028800000000046566	Ripples						0.028800000000046566	17900.6472	6.5823587091162175	148.78327064104238	723.640898230752	
17901.371199999998	0.020000000000436557	Ripples						0.020000000000436557	17901.381599999997	7.256082041684629	164.42682768176545	852.7364675703462	
17901.460799999997	0.03200000000288128	Ripples						0.03200000000288128	17901.4776	11.325500426141804	167.93566467669422	1217.074566749106	
17901.6304	0.03280000000086147	Ripples						0.03280000000086147	17901.652799999996	10.17236007714124	149.93498163269211	815.9370809545937	
17901.868	0.03919999999925494	Ripples						0.03919999999925494	17901.8824	10.35175773265039	156.63600419747488	1052.3732345953135	
17902.9008	0.07119999999849824	Ripples						0.07119999999849824	17902.944799999997	12.801389656136367	161.47422161078	1188.5408911539214	
17904.486399999998	0.05199999999967986	Ripples						0.05199999999967986	17904.5104	14.781648487593179	147.30142937564543	1156.0955461086076	
17906.319199999998	0.03840000000127475	Ripples						0.03840000000127475	17906.329599999997	9.044635477534237	155.42960349347788	913.8306935495116	
17907.565599999998	0.031200000001263106	Ripples						0.031200000001263106	17907.579999999998	16.121808610328962	161.3982364970677	1346.2233736714466	
17909.809599999997	0.042400000002089655	Ripples						0.042400000002089655	17909.827999999998	13.553670870337571	150.2500300451622	1108.50021386879	
17912.994399999996	0.031200000001263106	Ripples						0.031200000001263106	17913.011199999997	14.57253949925745	157.49685630854154	1180.183966294433	
17913.4488	0.026399999998830026	Ripples						0.026399999998830026	17913.460799999997	5.098271056745439	151.13586540769438	499.33576810517735	
17919.7736	0.07839999999850988	Ripples						0.07839999999850988	17919.809599999997	11.370010897587402	152.5798330659917	1128.1158206430473	
17923.9128	0.025600000000849832	Ripples						0.025600000000849832	17923.924799999997	13.013847205636017	165.0082071424282	1133.7388569311534	
17924.0072	0.04719999999724678	Ripples						0.04719999999724678	17924.0408	16.900376500303445	160.496973177034	1455.0770389725842	
17924.967999999997	0.044799999999668216	Ripples						0.044799999999668216	17925.000799999998	6.374242216829203	167.37884493905665	849.8675954888222	
17926.439199999997	0.05199999999967986	Ripples						0.05199999999967986	17926.4704	9.78087898458199	153.70969467533516	1143.2435070389154	
17927.340799999998	0.025600000000849832	Ripples						0.025600000000849832	17927.355199999998	10.115094851033804	155.89787576448933	902.2599528933595	
17928.924	0.028800000000046566	Ripples						0.028800000000046566	17928.9368	8.71416556737033	165.48798272776506	985.4964796445242	
17932.8232	0.021600000000034925	Ripples						0.021600000000034925	17932.836799999997	10.475188526047114	165.44979413509625	955.6463577715576	
17934.4976	0.039999999997235136	Ripples						0.039999999997235136	17934.511199999997	7.353720296298125	158.39897044183877	840.6031065470293	
17935.116799999996	0.03680000000167638	Ripples						0.03680000000167638	17935.1376	8.89105088297132	152.56617192342912	1033.0734851065095	
17935.250399999997	0.03280000000086147	Ripples						0.03280000000086147	17935.271999999997	9.062391297789523	153.88956037527888	850.1163188509408	
17946.610399999998	0.035199999998440035	Ripples						0.035199999998440035	17946.627999999997	19.468136417139053	167.0075323231992	1601.2696393787555	
17947.219999999998	0.020000000000436557	Ripples						0.020000000000436557	17947.2296	5.873444243717276	165.78930886152332	807.4657668489766	
17947.595199999996	0.053600000002916204	Ripples						0.053600000002916204	17947.6056	5.407999211445329	160.5229625082225	734.5059965559266	
17948.4744	0.037599999999656575	Ripples						0.037599999999656575	17948.487999999998	10.904203705482065	155.0975552425554	1065.8232965228242	
17948.832	0.024000000001251465	Ripples						0.024000000001251465	17948.845599999997	8.12501730737976	168.0138427810482	950.0963763045706	
17953.029599999998	0.1176000000014028	Ripples						0.1176000000014028	17953.088799999998	15.77750510986682	153.46873559224198	1402.8431270115607	
17953.2456	0.03280000000086147	Ripples						0.03280000000086147	17953.26	9.987340406648423	152.21235648789875	927.5009182426128	
17953.933599999997	0.024800000002869638	Ripples						0.024800000002869638	17953.9512	8.568528638170193	157.57104790867243	863.538566633499	
17954.6904	0.025600000000849832	Ripples						0.025600000000849832	17954.7016	7.007911455475274	160.10082258148677	817.5452042127488	
17954.799199999998	0.03680000000167638	Ripples						0.03680000000167638	17954.8288	5.32464476735702	154.53948148675678	613.612274710073	
17955.072	0.031199999997625127	Ripples						0.031199999997625127	17955.083199999997	9.565055414071566	156.56088582689748	986.9788745213808	
17960.998399999997	0.0856000000021595	Ripples						0.0856000000021595	17961.061599999997	9.3193852697559	163.99101069576022	1162.7264353534615	
17963.362399999998	0.07760000000052969	Ripples						0.07760000000052969	17963.423199999997	9.36386545098304	154.9649112631751	1091.9088244646184	
17963.584799999997	0.03840000000127475	Ripples						0.03840000000127475	17963.609599999996	12.234451318043496	154.2390583942837	1080.9168810476901	
17964.451999999997	0.02479999999923166	Ripples						0.02479999999923166	17964.46	7.432913591729433	158.15600292327204	768.1212720727802	
17969.991199999997	0.03600000000005821	Ripples						0.03600000000005821	17970.007999999998	13.788748692042622	160.8391907740637	1314.4348603395254	
17970.885599999998	0.022400000001653098	Ripples						0.022400000001653098	17970.899999999998	5.1423252172004545	154.89366340587748	582.3690181970824	
17971.027199999997	0.040000000000873115	Ripples						0.040000000000873115	17971.0352	8.07113568227979	156.93328197009555	824.481976694092	
17975.4496	0.06319999999686843	Ripples						0.06319999999686843	17975.5032	7.44013006714516	168.0736069388121	870.2905036096345	
17975.606399999997	0.03440000000045984	Ripples						0.03440000000045984	17975.623199999998	10.581268928431308	161.43080810997907	1163.4822006351455	
17978.989599999997	0.03359999999884167	Ripples						0.03359999999884167	17978.998399999997	5.545840985913232	155.31470276551977	761.3922031802836	
17990.3016	0.021600000000034925	Ripples						0.021600000000034925	17990.3128	6.308988247527583	162.67198563515845	874.5979453461688	
17995.581599999998	0.03440000000045984	Ripples						0.03440000000045984	17995.597599999997	11.391658996884285	175.64695270955673	1099.1464081094605	
17996.4616	0.04320000000006985	Ripples						0.04320000000006985	17996.482399999997	10.132941807090083	156.1341676098173	1200.6642377893772	
17997.7224	0.044799999999668216	Ripples						0.044799999999668216	17997.734399999998	9.834863061721498	156.73184251343127	904.1294752659727	
18004.399999999998	0.028000000002066372	Ripples						0.028000000002066372	18004.4168	19.70516753655593	161.35462290278684	1426.8127628645668	
18004.5696	0.04719999999724678	Ripples						0.04719999999724678	18004.581599999998	9.902555380809588	149.93034409368212	834.2189234218432	
18005.8752	0.02479999999923166	Ripples						0.02479999999923166	18005.883199999997	14.084622349194676	164.37033262013207	1160.3510730539147	
18005.960799999997	0.04560000000128639	Ripples						0.04560000000128639	18005.975199999997	30.77227514792135	159.35884843987972	1918.4299374332759	
18006.1144	0.02960000000166474	Ripples						0.02960000000166474	18006.1304	23.87419431823948	159.18795770526518	1580.927279938741	
18010.971999999998	0.10399999999935972	Ripples						0.10399999999935972	18011.019999999997	8.447147783401734	150.57407271557628	937.7136903280255	
18011.640799999997	0.025600000000849832	Ripples						0.025600000000849832	18011.6488	10.401636575594658	173.1580435585492	949.6964076457797	
18012.090399999997	0.026399999998830026	Ripples						0.026399999998830026	18012.1072	9.130848995888627	162.86172422230902	1022.1726868698723	
18015.123199999998	0.02080000000205473	Ripples						0.02080000000205473	18015.1368	8.828477961658326	161.6345561665868	875.0012510388599	
18018.5064	0.040000000000873115	Ripples						0.040000000000873115	18018.5248	17.47560133769378	159.61976596559856	1476.7500903835396	
18019.019999999997	0.0272000000004482	Ripples						0.0272000000004482	18019.034399999997	8.064727660884955	161.24172615832362	933.6403523637883	
18019.146399999998	0.07040000000051805	Ripples						0.07040000000051805	18019.160799999998	11.454922541969383	151.77138096719716	1057.3967191192692	
18022.044799999996	0.02960000000166474	Ripples						0.02960000000166474	18022.0576	13.15224599754239	164.14705413802156	1212.9290578455725	
18022.608799999998	0.04799999999886495	Ripples						0.04799999999886495	18022.6304	23.142830138837017	156.9709013440055	1663.3863360921514	
18022.760799999996	0.02080000000205473	Ripples						0.02080000000205473	18022.7744	12.518778432286885	160.83700483189708	934.805650526639	
18023.8248	0.04079999999885331	Ripples						0.04079999999885331	18023.856	7.6810117092408365	158.0580512945502	930.3218567014959	
18026.198399999997	0.03680000000167638	Ripples						0.03680000000167638	18026.214399999997	11.605035598999045	174.2938055945966	1094.1315812814075	
18026.3536	0.044799999999668216	Ripples						0.044799999999668216	18026.371199999998	17.02872307630152	157.61277535064832	1431.2686667207936	
18026.538399999998	0.021600000000034925	Ripples						0.021600000000034925	18026.547199999997	8.969459855322624	158.59692178956382	895.580739422661	
18026.7088	0.04399999999805004	Ripples						0.04399999999805004	18026.7312	5.525002805617024	150.41064284907662	611.3136853063969	
18029.140799999997	0.037599999999656575	Ripples						0.037599999999656575	18029.1576	16.4778251156712	154.94139878306282	1381.0787444666503	
18029.8848	0.044799999999668216	Ripples						0.044799999999668216	18029.9128	7.4871449594238	167.33456949255518	968.0869414567419	
18034.4168	0.03280000000086147	Ripples						0.03280000000086147	18034.424799999997	5.612635972115554	160.5304915729392	705.995830416102	
18039.555999999997	0.04080000000249129	Ripples						0.04080000000249129	18039.5864	5.632520007729782	151.32253797849893	798.1613635225108	
18039.676	0.0367999999980384	Ripples						0.0367999999980384	18039.692	10.546744021950786	172.84820969702045	1093.5778520690133	
18048.2768	0.031199999997625127	Ripples						0.031199999997625127	18048.288	10.365031622940869	157.65912148149695	1033.0561012024496	
18048.419199999997	0.03200000000288128	Ripples						0.03200000000288128	18048.435999999998	16.794141064122673	168.28303531525395	1354.5626722645593	
18055.070399999997	0.05920000000332948	Ripples						0.05920000000332948	18055.091999999997	15.222397611522082	154.52952560582193	1175.615242409436	
18056.051999999996	0.12480000000141445	Ripples						0.12480000000141445	18056.0928	17.30364704562091	148.0703811632572	1210.5561429800098	
18057.2336	0.0319999999992433	Ripples						0.0319999999992433	18057.247199999998	15.499448391980087	171.4666894130782	1223.3963211122134	
18057.3768	0.022400000001653098	Ripples						0.022400000001653098	18057.388	10.938880881088078	163.95406572861307	1048.794840459004	
18058.826399999998	0.027999999998428393	Ripples						0.027999999998428393	18058.840799999998	11.508560740923642	155.68849593052215	1103.3400675476835	
18058.959199999998	0.06960000000253785	Ripples						0.06960000000253785	18058.9816	9.768701575516653	155.44391162917975	674.0165350218296	
18059.403199999997	0.024000000001251465	Ripples						0.024000000001251465	18059.414399999998	11.045490460291154	167.11762539605817	1095.606204106166	
18060.6904	0.0319999999992433	Ripples						0.0319999999992433	18060.7064	15.571180292421495	167.9435224463016	1343.0999930026426	
18060.832	0.024000000001251465	Ripples						0.024000000001251465	18060.8464	6.345044909289309	151.46672715894218	731.2173772765561	
18067.068799999997	0.03600000000005821	Ripples						0.03600000000005821	18067.094399999998	13.767038528134476	160.24943328621322	1071.6286441435911	
18067.515199999998	0.023199999999633292	Ripples						0.023199999999633292	18067.5288	6.068600253007149	176.82538010277818	728.1247911782849	
18070.547199999997	0.0272000000004482	Ripples						0.0272000000004482	18070.5608	16.425618449351482	166.26699263444706	1317.1481508067463	
18070.7888	0.027999999998428393	Ripples						0.027999999998428393	18070.8032	7.110696448990907	158.81853015498822	837.3307379154132	
18073.444799999997	0.07760000000052969	Ripples						0.07760000000052969	18073.4632	17.470867228668308	151.2971200833851	1322.7022842294452	
18073.6872	0.021600000000034925	Ripples						0.021600000000034925	18073.695999999996	7.004554687474535	158.47354185384424	832.7198175950887	
18073.784799999998	0.021600000000034925	Ripples						0.021600000000034925	18073.799199999998	6.562964305664803	155.81347592034504	742.2087723369395	
18074.248799999998	0.048800000000483124	Ripples						0.048800000000483124	18074.2808	18.265003063116428	152.76959204517823	1343.3113814940345	
18075.826399999998	0.026399999998830026	Ripples						0.026399999998830026	18075.8344	6.600223595360579	153.1564474884361	680.38934184159	
18076.231999999996	0.030400000003282912	Ripples						0.030400000003282912	18076.257599999997	5.562442853932831	150.92318313101237	612.8809537909993	
18076.849599999998	0.021600000000034925	Ripples						0.021600000000034925	18076.8608	6.0811505667410355	163.53757759360772	820.3413225790903	
18086.032799999997	0.03840000000127475	Ripples						0.03840000000127475	18086.043999999998	7.620440895109388	165.08990632091096	975.4569307060158	
18087.548799999997	0.026400000002468005	Ripples						0.026400000002468005	18087.5568	7.0661001270726755	158.94212649708368	714.9752847943931	
18101.602399999996	0.020000000004074536	Ripples						0.020000000004074536	18101.610399999998	5.080257198348929	177.82283594617368	690.1192264869768	
18103.4832	0.02959999999802676	Ripples						0.02959999999802676	18103.5	11.507843805272426	163.9456280359932	1182.8918457328307	
18107.8504	0.037599999999656575	Ripples						0.037599999999656575	18107.8664	12.467665373852043	172.53636591115608	1196.6244660710465	
18108.6792	0.07119999999849824	Ripples						0.07119999999849824	18108.708	17.91166258626682	151.91624641846548	1525.105508306572	
18112.108	0.02239999999801512	Ripples						0.02239999999801512	18112.1224	8.759538748505388	168.1237457634819	914.401329196135	
18112.3768	0.04320000000006985	Ripples						0.04320000000006985	18112.407199999998	10.490340173156646	167.55160180084698	1111.1330386120392	
18112.505599999997	0.03680000000167638	Ripples						0.03680000000167638	18112.528	10.146482999899014	148.942686957841	954.5897039321495	
18113.048799999997	0.03840000000127475	Ripples						0.03840000000127475	18113.066399999996	12.126739325650602	154.67049831138027	1146.6827363494863	
18113.1184	0.02959999999802676	Ripples						0.02959999999802676	18113.133599999997	9.52108203242449	157.11720013760257	877.9118352235297	
18115.993599999998	0.031200000001263106	Ripples						0.031200000001263106	18116.007999999998	9.31235431547386	157.28097644363712	984.3706894089983	
18116.1	0.10399999999935972	Ripples						0.10399999999935972	18116.116799999996	16.419158646706844	159.3925613791752	1435.1041923831967	
18116.446399999997	0.047200000000884756	Ripples						0.047200000000884756	18116.4632	13.158653025560639	159.61862797743436	1287.5741739834725	
18117.509599999998	0.024000000001251465	Ripples						0.024000000001251465	18117.5264	5.122313143606455	165.637144468046	791.0829284685598	
18120.515999999996	0.03600000000005821	Ripples						0.03600000000005821	18120.530399999996	7.461713328026254	152.06953396420138	835.7816474948743	
18121.0824	0.028800000000046566	Ripples						0.028800000000046566	18121.1008	22.136996717152286	161.311728553374	1409.7182749189212	
18122.208	0.023999999997613486	Ripples						0.023999999997613486	18122.2192	8.263812921338697	171.1140864861789	937.5074771597991	
18122.3344	0.028800000000046566	Ripples						0.028800000000046566	18122.3464	6.627447416524557	153.0344289943028	818.2712911425116	
18122.991199999997	0.02080000000205473	Ripples						0.02080000000205473	18123.005599999997	8.605522018304578	160.75850286865412	796.5164299085706	
18123.090399999997	0.024000000001251465	Ripples						0.024000000001251465	18123.101599999998	8.124984108265027	162.3324653421855	1003.4217733290981	
18125.712	0.044799999999668216	Ripples						0.044799999999668216	18125.728799999997	12.687910800316924	163.6760564175103	1299.8179395589862	
18126.7384	0.021600000000034925	Ripples						0.021600000000034925	18126.752	9.37396402000578	162.37209355854156	905.6951423418031	
18127.7008	0.02479999999923166	Ripples						0.02479999999923166	18127.711199999998	6.583993858634549	159.19101040793808	855.5014568841963	
18132.6992	0.06799999999930151	Ripples						0.06799999999930151	18132.753599999996	8.330415753231538	153.3103290606326	934.8320826455109	
18133.3968	0.046399999999266583	Ripples						0.046399999999266583	18133.414399999998	10.550611705952257	153.5320893530951	1096.6250265160936	
18134.119199999997	0.024800000002869638	Ripples						0.024800000002869638	18134.1304	15.181302709053908	165.793648149246	1265.247326642405	
18138.6808	0.025600000000849832	Ripples						0.025600000000849832	18138.692	7.225596586917959	155.1138495546843	785.8670933972822	
18141.892	0.02479999999923166	Ripples						0.02479999999923166	18141.903199999997	9.382813407579865	158.7064001029524	933.3400947455277	
18143.335199999998	0.037599999999656575	Ripples						0.037599999999656575	18143.3576	7.013405420807581	152.54466604374727	743.6404166101803	
18143.492	0.047200000000884756	Ripples						0.047200000000884756	18143.5176	18.254112203770486	155.656751762222	1235.2219256683568	
18144.703999999998	0.047200000000884756	Ripples						0.047200000000884756	18144.731999999996	13.828589888041188	158.86555254949394	1379.3108966952675	
18147.266399999997	0.05680000000211294	Ripples						0.05680000000211294	18147.282399999996	18.12859512525308	160.5459154521255	1496.3915194569297	
18147.388	0.042399999998451676	Ripples						0.042399999998451676	18147.4064	9.0548646941178	152.66243085149685	1049.419690619735	
18147.613599999997	0.03840000000127475	Ripples						0.03840000000127475	18147.631199999996	14.445183937097154	158.2673214365119	1372.1607106503104	
18155.2312	0.024000000001251465	Ripples						0.024000000001251465	18155.2456	9.018989478459835	161.11122329471556	1006.8798525935146	
18158.921599999998	0.03919999999925494	Ripples						0.03919999999925494	18158.9472	12.0761295811368	152.15290029337044	1124.937437978863	
18164.3896	0.030399999999644933	Ripples						0.030399999999644933	18164.3984	6.075461712590495	151.36269538359443	694.1382947119386	
18167.115999999998	0.06000000000130967	Ripples						0.06000000000130967	18167.139199999998	11.043136334534266	165.38082226943413	1242.3479788036054	
18167.2384	0.07040000000051805	Ripples						0.07040000000051805	18167.291999999998	14.314642260010164	155.2088077853	1424.722123333291	
18169.682399999998	0.024000000001251465	Ripples						0.024000000001251465	18169.695999999996	6.168907980234259	160.84517571749345	808.8712794415944	
18183.0	46.0	SleepStates											Awake
18185.986399999998	0.026399999998830026	Ripples						0.026399999998830026	18186.0048	5.711898366825123	150.1387748935049	609.2462891480995	
18215.178399999997	0.020000000000436557	Ripples						0.020000000000436557	18215.185599999997	5.795659266439504	170.07691527761153	715.3391979315445	
18216.868	0.07200000000011642	Ripples						0.07200000000011642	18216.885599999998	14.215819518813518	172.2842807152051	1246.683522497833	
18220.4928	0.03919999999925494	Ripples						0.03919999999925494	18220.500799999998	8.38141885714769	164.96318244096858	922.9925049601837	
18223.070399999997	0.0544000000008964	Ripples						0.0544000000008964	18223.1024	17.414603837892006	172.22604512688127	1356.1521406164675	
18226.803999999996	0.1136000000005879	Ripples						0.1136000000005879	18226.843999999997	12.80798157444631	156.38896827463608	1195.3632359453613	
18230.0	438.0	SleepStates											Non-REM
18232.775199999996	0.03440000000045984	Ripples						0.03440000000045984	18232.791999999998	10.261929581901413	157.63825960315594	1066.8710584406324	
18234.072799999998	0.040000000000873115	Ripples						0.040000000000873115	18234.0864	10.726619961926707	170.68138036050436	1098.149533626417	
18234.2872	0.042399999998451676	Ripples						0.042399999998451676	18234.300799999997	22.89839182408363	164.50424834993945	1494.6568115787113	
18234.4744	0.028800000000046566	Ripples						0.028800000000046566	18234.492	10.462117490471833	155.9669339720272	1093.8518926670267	
18236.96	0.04079999999885331	Ripples						0.04079999999885331	18236.9904	10.930684368346393	171.0420611819549	1084.817451211486	
18238.564	0.04959999999846332	Ripples						0.04959999999846332	18238.5824	30.04742580716647	153.84847326708766	1779.0250937768192	
18241.235999999997	0.06240000000252621	Ripples						0.06240000000252621	18241.247199999998	14.49238128272739	157.93365936978026	1067.7268224301115	
18243.717599999996	0.031200000001263106	Ripples						0.031200000001263106	18243.734399999998	12.80842081626613	170.86632313759995	1163.6356641225163	
18243.859999999997	0.040000000000873115	Ripples						0.040000000000873115	18243.884	16.31507867925797	161.18208058308883	1414.5812364827507	
18246.503999999997	0.022400000001653098	Ripples						0.022400000001653098	18246.5136	6.957800733673516	165.12047318646103	822.9338732176176	
18246.6592	0.030399999999644933	Ripples						0.030399999999644933	18246.6736	25.823461409079716	162.473712633668	1693.888251196171	
18247.8912	0.04160000000047148	Ripples						0.04160000000047148	18247.915999999997	7.548393102056417	151.3769075007578	875.5611516198488	
18248.0104	0.056000000000494765	Ripples						0.056000000000494765	18248.0448	10.96752145879808	160.65441956220474	1260.7669188798693	
18249.464	0.04719999999724678	Ripples						0.04719999999724678	18249.476	16.99130567723409	159.4027140248634	1350.2599659136506	
18252.6112	0.04799999999886495	Ripples						0.04799999999886495	18252.64	13.482971429919852	164.31750686084163	1222.992801388887	
18252.7712	0.031199999997625127	Ripples						0.031199999997625127	18252.789599999996	8.181835240765636	175.76591924276315	897.1026495232956	
18253.1056	0.0367999999980384	Ripples						0.0367999999980384	18253.131999999998	5.8459645463052885	148.24964579487684	627.308939544674	
18256.270399999998	0.0319999999992433	Ripples						0.0319999999992433	18256.287999999997	15.364912531057604	157.41646929685493	1268.9826448690146	
18258.1216	0.028800000000046566	Ripples						0.028800000000046566	18258.1432	5.077662449858813	177.27797606019968	620.4314177102696	
18258.8072	0.03440000000045984	Ripples						0.03440000000045984	18258.8248	15.157558625345567	163.92247238937813	1347.1810915755661	
18258.928	0.030399999999644933	Ripples						0.030399999999644933	18258.9416	16.008274943750504	159.27943304661395	1349.4747435477602	
18259.527199999997	0.031200000001263106	Ripples						0.031200000001263106	18259.5464	7.818059516684291	174.76713342009327	835.801339892929	
18264.048799999997	0.04400000000168802	Ripples						0.04400000000168802	18264.059999999998	12.944920998421322	158.5920296369132	1141.0947978303434	
18264.267999999996	0.03600000000005821	Ripples						0.03600000000005821	18264.290399999998	11.34847846014139	150.91401361746216	948.5408886272554	
18265.275199999996	0.02960000000166474	Ripples						0.02960000000166474	18265.289599999996	7.515858754403061	165.7885855286669	863.1607213341624	
18267.279199999997	0.03600000000005821	Ripples						0.03600000000005821	18267.300799999997	7.2699251532949205	147.01906152005455	664.1680830317744	
18276.352	0.028800000000046566	Ripples						0.028800000000046566	18276.367199999997	7.182769370273285	149.4722578167909	705.6862937354945	
18283.172	0.037599999999656575	Ripples						0.037599999999656575	18283.191199999997	14.504043133344208	165.88614732694	1333.0332989830397	
18284.608799999998	0.022400000001653098	Ripples						0.022400000001653098	18284.620799999997	8.15096947556331	162.22837535495515	924.6267348006295	
18286.933599999997	0.05280000000129803	Ripples						0.05280000000129803	18286.96	9.048568848311039	161.4001230302267	1095.199737719917	
18287.0808	0.03919999999925494	Ripples						0.03919999999925494	18287.0912	5.769108699915591	153.43824243852075	616.6611217557422	
18288.512	0.021600000000034925	Ripples						0.021600000000034925	18288.5208	7.3635060258720575	159.63537550341712	813.3760707170129	
18296.455199999997	0.03200000000288128	Ripples						0.03200000000288128	18296.471999999998	11.123643100637477	171.91195647572866	1049.8714548283726	
18296.691199999997	0.03680000000167638	Ripples						0.03680000000167638	18296.714399999997	6.922964936149068	159.01236270814928	958.8301007866908	
18298.036	0.03919999999925494	Ripples						0.03919999999925494	18298.0432	5.0045951478173425	174.6064646292949	652.0808853061684	
18298.996799999997	0.05040000000008149	Ripples						0.05040000000008149	18299.0144	15.250916205249762	160.02008575491325	1315.5842833227337	
18301.188799999996	0.026400000002468005	Ripples						0.026400000002468005	18301.1992	5.819716154834462	159.74841231033827	823.818996744621	
18301.311999999998	0.044799999999668216	Ripples						0.044799999999668216	18301.3248	10.788339822049235	167.77530643265632	1016.6272390885764	
18306.712	0.0415999999968335	Ripples						0.0415999999968335	18306.734399999998	14.635028801592409	166.6667725086757	1356.8475493108122	
18310.8032	0.03600000000005821	Ripples						0.03600000000005821	18310.825599999996	6.262126306454887	149.3003773154184	604.8030559176729	
18313.316	0.03359999999884167	Ripples						0.03359999999884167	18313.3304	11.777124641893762	164.49450629016025	1198.5082845011295	
18315.403199999997	0.03600000000005821	Ripples						0.03600000000005821	18315.4312	11.166968784160336	159.48201233194214	1035.8703718911404	
18315.819199999998	0.06799999999930151	Ripples						0.06799999999930151	18315.8416	12.79605793938101	151.1145262610565	1208.4663334011004	
18317.201599999997	0.022400000001653098	Ripples						0.022400000001653098	18317.215999999997	7.7943883460930525	154.03425203658347	878.4273965788497	
18317.3088	0.07519999999931315	Ripples						0.07519999999931315	18317.3704	14.331701452717988	154.97305694208987	1251.373969762082	
18318.1512	0.0415999999968335	Ripples						0.0415999999968335	18318.179999999997	7.6805532302597195	166.70986917897713	990.35786563736	
18318.295199999997	0.0591999999996915	Ripples						0.0591999999996915	18318.333599999998	17.08626840944008	150.71482422413058	1296.3686802717841	
18325.4064	0.02719999999681022	Ripples						0.02719999999681022	18325.42	18.518384484439622	169.2787065743146	1394.4569803563134	
18328.847999999998	0.03919999999925494	Ripples						0.03919999999925494	18328.859999999997	12.912792737487774	167.56435059743416	1124.5348020189526	
18330.819199999998	0.024000000001251465	Ripples						0.024000000001251465	18330.833599999998	8.33449833913986	160.9149876517838	913.3410337957934	
18331.032	0.0639999999984866	Ripples						0.0639999999984866	18331.052799999998	10.386604519409948	146.6731512799013	980.0324383399857	
18332.796	0.0544000000008964	Ripples						0.0544000000008964	18332.822399999997	10.601432964436642	151.24384591751394	966.8797415399175	
18332.9296	0.028800000000046566	Ripples						0.028800000000046566	18332.946399999997	17.615743876145114	165.44162844820448	1393.277006570974	
18333.728	0.03440000000045984	Ripples						0.03440000000045984	18333.7384	8.74652131831387	167.1210697662336	867.742848243745	
18337.903199999997	0.03280000000086147	Ripples						0.03280000000086147	18337.923199999997	11.706009041234227	166.38031699656798	1177.2769770358752	
18338.3376	0.03839999999763677	Ripples						0.03839999999763677	18338.355199999998	22.088878669204522	154.51084562554055	1605.0217392964148	
18338.408799999997	0.028000000002066372	Ripples						0.028000000002066372	18338.426399999997	6.365121384417634	151.78956772615152	727.1320983340204	
18339.368799999997	0.030400000003282912	Ripples						0.030400000003282912	18339.3824	6.532420286024121	162.6538151465118	864.4414847477772	
18340.6664	0.04079999999885331	Ripples						0.04079999999885331	18340.683999999997	13.803291149736875	167.27209617020554	1201.099261336961	
18342.0896	0.07359999999971478	Ripples						0.07359999999971478	18342.0984	7.23166990818439	156.90267617566266	755.3498467646485	
18342.369599999998	0.027999999998428393	Ripples						0.027999999998428393	18342.381599999997	17.778919600119284	160.5144688651122	1363.4287651523664	
18342.483999999997	0.02960000000166474	Ripples						0.02960000000166474	18342.5032	11.254727936092655	152.7289992521158	1002.860960686985	
18345.187199999997	0.042400000002089655	Ripples						0.042400000002089655	18345.212799999998	19.317912597121197	154.53261794633525	1248.5161325260801	
18350.2136	0.07839999999850988	Ripples						0.07839999999850988	18350.2424	11.333771659993728	150.57594405400042	1211.119558797747	
18353.326399999998	0.022400000001653098	Ripples						0.022400000001653098	18353.338399999997	6.251971372484347	152.0259133193681	693.3359071640024	
18358.753599999996	0.03840000000127475	Ripples						0.03840000000127475	18358.764	9.35278189638766	169.6196839224764	891.413395191729	
18358.892	0.030399999999644933	Ripples						0.030399999999644933	18358.9056	16.195145003882843	167.6669179295144	1364.7736845393233	
18361.753599999996	0.056000000000494765	Ripples						0.056000000000494765	18361.791999999998	11.432129077753032	153.7172589245704	1146.920762576248	
18362.5552	0.04560000000128639	Ripples						0.04560000000128639	18362.5864	10.212236968986659	151.08189090934872	1080.4880710985692	
18363.0912	0.0319999999992433	Ripples						0.0319999999992433	18363.099199999997	12.737002243614764	152.24071705003738	909.8583393441941	
18371.796	0.0272000000004482	Ripples						0.0272000000004482	18371.8072	9.202310090417562	167.3218559090096	982.8421516450512	
18381.6512	0.042399999998451676	Ripples						0.042399999998451676	18381.6656	22.481767984195915	165.467613335222	1579.7406567021933	
18381.766399999997	0.03440000000045984	Ripples						0.03440000000045984	18381.784	13.897100197357235	157.57473684870178	1211.1260804089845	
18383.829599999997	0.030399999999644933	Ripples						0.030399999999644933	18383.852	5.191513816119642	156.98482113110637	673.641847640787	
18383.9528	0.056000000000494765	Ripples						0.056000000000494765	18383.9856	21.75324076618255	155.82005005838187	1608.3473057191402	
18385.466399999998	0.035200000002078013	Ripples						0.035200000002078013	18385.4784	15.650914968052867	160.01967738995353	1219.0114082407342	
18389.283199999998	0.03280000000086147	Ripples						0.03280000000086147	18389.3016	6.511117025498685	147.67294393866854	776.3306252686779	
18393.3288	0.02079999999841675	Ripples						0.02079999999841675	18393.342399999998	5.73980994328607	168.05358994797956	738.4757545068442	
18393.439199999997	0.028800000000046566	Ripples						0.028800000000046566	18393.46	6.966090542505022	156.10692393585498	785.9092128051904	
18394.182399999998	0.024000000001251465	Ripples						0.024000000001251465	18394.1936	10.2193774065155	164.02004530653912	994.267773744864	
18395.261599999998	0.026399999998830026	Ripples						0.026399999998830026	18395.2728	13.38242701717289	170.4385621683491	1128.1327910123077	
18395.962399999997	0.047200000000884756	Ripples						0.047200000000884756	18395.9992	6.442770698077709	162.22998212172172	789.6730999570224	
18396.728799999997	0.02960000000166474	Ripples						0.02960000000166474	18396.739199999996	13.642852497800293	166.4515111176164	1194.6402798768224	
18397.0352	0.021600000000034925	Ripples						0.021600000000034925	18397.047199999997	10.352317385611757	161.55610347106554	991.7953731093486	
18397.304799999998	0.027999999998428393	Ripples						0.027999999998428393	18397.319199999998	16.562263745022392	160.4781838632564	1273.514324266293	
18398.3288	0.0319999999992433	Ripples						0.0319999999992433	18398.3448	12.905079989823877	163.22122703343075	1235.2608553623065	
18399.760799999996	0.021600000000034925	Ripples						0.021600000000034925	18399.7712	8.61979267417141	163.4585031113727	953.8446637958416	
18412.5856	0.04160000000047148	Ripples						0.04160000000047148	18412.608	8.075586973268047	171.80846680910207	1010.7349977971561	
18412.696799999998	0.025600000000849832	Ripples						0.025600000000849832	18412.711199999998	10.480870841133543	155.47664148700719	1004.3945880611559	
18419.708799999997	0.058400000001711305	Ripples						0.058400000001711305	18419.725599999998	12.996417838905872	164.21908128037282	1172.953262719638	
18423.322399999997	0.03280000000086147	Ripples						0.03280000000086147	18423.3416	8.455045529548263	162.7295238277347	1060.5974427677304	
18432.2336	0.048799999996845145	Ripples						0.048799999996845145	18432.261599999998	34.14784035892896	155.28490890229057	2042.0414883561891	
18434.3664	0.030399999999644933	Ripples						0.030399999999644933	18434.3768	10.15542199601582	165.86863421592273	993.9568189820807	
18434.7096	0.02239999999801512	Ripples						0.02239999999801512	18434.721599999997	6.2311967501899925	152.9084102980436	686.949195366617	
18437.2656	0.028800000000046566	Ripples						0.028800000000046566	18437.2872	9.159606042565253	169.9388533533881	958.1783445047454	
18437.671199999997	0.06000000000130967	Ripples						0.06000000000130967	18437.711199999998	10.334287934538615	156.2183973613276	801.4258991096427	
18438.152	0.037599999999656575	Ripples						0.037599999999656575	18438.1792	12.732492326144026	160.4362225886378	1203.3317682116863	
18442.698399999997	0.04079999999885331	Ripples						0.04079999999885331	18442.7152	10.136634244216149	155.01038063690623	1130.919973432904	
18443.051199999998	0.020000000000436557	Ripples						0.020000000000436557	18443.061599999997	5.655325370983689	164.6167611891968	803.417057674348	
18443.739999999998	0.053599999999278225	Ripples						0.053599999999278225	18443.78	15.06763265042941	160.22005480839425	1203.1949322066507	
18444.8056	0.028800000000046566	Ripples						0.028800000000046566	18444.822399999997	12.857724217570631	171.78024113114662	1083.9399160889109	
18445.732799999998	0.030399999999644933	Ripples						0.030399999999644933	18445.746399999996	12.899336573065602	164.83754913307618	1179.7470734680214	
18445.9704	0.062399999998888234	Ripples						0.062399999998888234	18445.9848	15.78812897510928	157.31300372748154	1248.4452250039578	
18446.1488	0.023999999997613486	Ripples						0.023999999997613486	18446.1592	16.60834395111161	162.66407413994327	1290.52511181063	
18450.450399999998	0.03840000000127475	Ripples						0.03840000000127475	18450.476799999997	7.420943065337509	153.44125287484866	781.0300061492295	
18451.5864	0.03359999999884167	Ripples						0.03359999999884167	18451.604	7.918493389291228	162.96269333136948	1068.3560666388764	
18453.000799999998	0.03680000000167638	Ripples						0.03680000000167638	18453.0248	18.70638520095911	163.76330586200513	1436.9466261433333	
18462.0248	0.06880000000091968	Ripples						0.06880000000091968	18462.047199999997	12.098676529594554	149.9983254201622	1023.5414608837865	
18462.3536	0.0864000000001397	Ripples						0.0864000000001397	18462.4296	12.246830677857988	158.9703495613296	1041.0111577479538	
18462.795199999997	0.04320000000006985	Ripples						0.04320000000006985	18462.813599999998	8.13317888952034	149.08021340675313	757.8050139530693	
18465.691199999997	0.06639999999970314	Ripples						0.06639999999970314	18465.7408	10.218256046981152	148.114832939254	996.8596790093076	
18473.347199999997	0.035200000002078013	Ripples						0.035200000002078013	18473.361599999997	9.797932518502611	153.86482243203213	974.890157102431	
18473.6096	0.031199999997625127	Ripples						0.031199999997625127	18473.6272	14.511901863450008	160.78639243946944	1314.0539763677848	
18475.018399999997	0.056000000000494765	Ripples						0.056000000000494765	18475.041599999997	10.684039203420511	151.39471742586207	851.9583820836671	
18475.224	0.02959999999802676	Ripples						0.02959999999802676	18475.237599999997	16.771427635937645	167.7869350206289	1327.1900203790947	
18475.6344	0.0367999999980384	Ripples						0.0367999999980384	18475.645599999996	14.333752270231878	164.0790398005544	1200.5021300414637	
18483.290399999998	0.040000000000873115	Ripples						0.040000000000873115	18483.307999999997	16.851278072201467	162.3262410193287	1336.698365290382	
18484.152799999996	0.04560000000128639	Ripples						0.04560000000128639	18484.188	6.913943570050302	156.23550320723302	865.8835456654645	
18488.492	0.021600000000034925	Ripples						0.021600000000034925	18488.5032	6.451109253440569	162.06134997692328	780.4785869906347	
18491.692	0.0319999999992433	Ripples						0.0319999999992433	18491.708	11.645227300588456	168.72119907010048	1188.1045927400517	
18491.771999999997	0.05199999999967986	Ripples						0.05199999999967986	18491.790399999998	8.912198920093898	157.12418153261044	980.0358560678072	
18492.815199999997	0.037599999999656575	Ripples						0.037599999999656575	18492.8416	8.696277172310793	147.05529281375814	731.7793927670702	
18498.739199999996	0.02080000000205473	Ripples						0.02080000000205473	18498.7528	8.125677469778724	159.61067312706183	796.0825209594217	
18498.976	0.035199999998440035	Ripples						0.035199999998440035	18499.000799999998	8.381059932681318	160.31780633185224	1014.1043838300227	
18500.0608	0.03440000000045984	Ripples						0.03440000000045984	18500.0856	14.730916581833169	156.79803333029543	1155.6656415519058	
18500.926399999997	0.025600000000849832	Ripples						0.025600000000849832	18500.9416	10.207312778225104	157.9342552326363	921.0719856216346	
18502.2928	0.026399999998830026	Ripples						0.026399999998830026	18502.3016	6.039793207907967	151.7073286480648	707.1272092524079	
18504.7224	0.0272000000004482	Ripples						0.0272000000004482	18504.7368	5.2915649586126445	159.52718636838375	764.2538329497861	
18505.3808	0.026399999998830026	Ripples						0.026399999998830026	18505.394399999997	5.978007096852749	160.35087301371362	851.6186504091002	
18526.2048	0.02079999999841675	Ripples						0.02079999999841675	18526.2152	6.8413765385963945	157.46689938216025	835.8266051376398	
18540.318399999996	0.030400000003282912	Ripples						0.030400000003282912	18540.331199999997	13.582442933441593	173.56570602236062	1139.3853011449407	
18540.4872	0.04399999999805004	Ripples						0.04399999999805004	18540.500799999998	13.836535666750533	161.77950016472673	1213.3590374838623	
18543.451999999997	0.021600000000034925	Ripples						0.021600000000034925	18543.462399999997	6.814232762024144	160.7804323199633	816.8985902510751	
18549.061599999997	0.06400000000212458	Ripples						0.06400000000212458	18549.0784	15.609770950246158	167.9561341221586	1396.5255485579548	
18549.203999999998	0.037599999999656575	Ripples						0.037599999999656575	18549.227199999998	16.65794624786844	157.76950951512765	1337.1789228107136	
18549.498399999997	0.026400000002468005	Ripples						0.026400000002468005	18549.5136	6.164523974734485	149.46625919860804	610.7268679565241	
18549.595999999998	0.026400000002468005	Ripples						0.026400000002468005	18549.606399999997	12.00205081005881	163.64580340410492	1097.831826661099	
18554.218399999998	0.0632000000005064	Ripples						0.0632000000005064	18554.254399999998	28.74042446968919	155.84955677117154	1825.4214852539917	
18555.714399999997	0.04320000000006985	Ripples						0.04320000000006985	18555.728799999997	15.363873888614043	161.0007715160098	1250.1980573482947	
18557.084799999997	0.02960000000166474	Ripples						0.02960000000166474	18557.1	7.126088733588146	154.439236102229	550.8658417015333	
18557.4704	0.062399999998888234	Ripples						0.062399999998888234	18557.493599999998	15.792448691237821	153.92143533645051	1269.9204982685503	
18558.5576	0.0367999999980384	Ripples						0.0367999999980384	18558.583199999997	8.170397912954495	151.53396701731117	817.9764854788652	
18558.7152	0.023199999999633292	Ripples						0.023199999999633292	18558.725599999998	9.416320426479201	168.0047855091218	979.2826285883153	
18558.820799999998	0.03280000000086147	Ripples						0.03280000000086147	18558.842399999998	11.79120082885419	153.66999306614323	1093.2286138071747	
18559.626399999997	0.06079999999928987	Ripples						0.06079999999928987	18559.662399999997	15.391959612657539	150.74485412775078	1256.6063433326049	
18569.084	0.0367999999980384	Ripples						0.0367999999980384	18569.108	25.568427062308036	163.76708595766374	1562.0571408716244	
18570.381599999997	0.03920000000289292	Ripples						0.03920000000289292	18570.3968	13.077634690314518	149.29883504716435	1094.2664185039482	
18571.2784	0.0319999999992433	Ripples						0.0319999999992433	18571.2928	10.58874701663817	165.42558276902682	1111.5125003077917	
18572.12	0.04079999999885331	Ripples						0.04079999999885331	18572.1448	22.11565467377877	161.85340939067402	1625.8631912235342	
18572.6024	0.044799999999668216	Ripples						0.044799999999668216	18572.615999999998	12.28490260222703	168.37630489907073	1145.469245599978	
18572.807999999997	0.0319999999992433	Ripples						0.0319999999992433	18572.820799999998	17.981504135345485	166.72871297215096	1393.7116958290749	
18573.127999999997	0.020000000000436557	Ripples						0.020000000000436557	18573.1384	5.844564331699222	164.2311838241299	774.2652821271183	
18573.708799999997	0.07840000000214786	Ripples						0.07840000000214786	18573.768799999998	16.001483837117217	150.90056075357725	1163.6388773352398	
18578.464799999998	0.04160000000047148	Ripples						0.04160000000047148	18578.492	19.668306322867412	159.2033634453573	1577.4252239618122	
18580.2584	0.028800000000046566	Ripples						0.028800000000046566	18580.273599999997	9.444431901600591	157.45443035362788	919.0609238624291	
18580.619199999997	0.04799999999886495	Ripples						0.04799999999886495	18580.644	6.901588038859042	156.02025330970986	943.0923911956762	
18580.7672	0.02079999999841675	Ripples						0.02079999999841675	18580.777599999998	7.8796548887970745	162.32033945933432	906.1020700283776	
18581.983999999997	0.035200000002078013	Ripples						0.035200000002078013	18582.007999999998	7.919564405153401	148.86101962416245	794.0032142923905	
18587.907199999998	0.024000000001251465	Ripples						0.024000000001251465	18587.9184	14.624967803977443	169.6132116953374	1214.2421941268683	
18588.2672	0.030399999999644933	Ripples						0.030399999999644933	18588.2816	7.571221304814859	165.62879201171268	958.3036760649752	
18588.5144	0.02959999999802676	Ripples						0.02959999999802676	18588.5264	6.6599734028793875	152.90981621175297	764.409556266132	
18589.131999999998	0.028800000000046566	Ripples						0.028800000000046566	18589.146399999998	14.4190214449356	158.96474112294223	1079.5224859824618	
18592.187199999997	0.04640000000290456	Ripples						0.04640000000290456	18592.2024	14.373505583601846	157.32520222873885	1216.9629969828372	
18592.325599999996	0.033600000002479646	Ripples						0.033600000002479646	18592.342399999998	14.763251998839342	167.3873667309987	1405.8160780725877	
18596.6272	0.03919999999925494	Ripples						0.03919999999925494	18596.652799999996	12.245481020679996	157.91756587182144	1154.9168949555951	
18617.1656	0.0367999999980384	Ripples						0.0367999999980384	18617.189599999998	10.238697154698734	163.23413517230225	1108.010923439479	
18617.244799999997	0.030399999999644933	Ripples						0.030399999999644933	18617.261599999998	18.109799651475765	164.49350428826745	1438.6014850585532	
18617.4312	0.025600000000849832	Ripples						0.025600000000849832	18617.4456	5.521064491091511	151.5850000116437	790.189367433118	
18617.5736	0.046399999999266583	Ripples						0.046399999999266583	18617.6024	18.355228878090276	155.95186692690734	1454.5402051236606	
18618.088799999998	0.0639999999984866	Ripples						0.0639999999984866	18618.1056	16.0175757871147	157.43425995369984	1376.9599277989814	
18618.9008	0.0319999999992433	Ripples						0.0319999999992433	18618.9152	13.749322697987456	169.35218522627687	1232.2209875198862	
18620.3376	0.04959999999846332	Ripples						0.04959999999846332	18620.361599999997	13.774905433622251	149.6065915446747	1099.375764023185	
18623.48	0.04079999999885331	Ripples						0.04079999999885331	18623.491199999997	8.618921557712614	168.83520675674413	929.8571687939977	
18628.575999999997	0.02080000000205473	Ripples						0.02080000000205473	18628.5856	5.791513991736948	154.66677381916287	657.0296811169313	
18633.2928	0.026399999998830026	Ripples						0.026399999998830026	18633.311999999998	5.7958375503078745	155.5148359996324	731.4217827345193	
18636.5248	0.04079999999885331	Ripples						0.04079999999885331	18636.551199999998	10.856709360065357	149.90872068873367	899.6644601975543	
18638.907199999998	0.035200000002078013	Ripples						0.035200000002078013	18638.923199999997	8.697180507267502	174.16256049813543	929.2703224204114	
18646.456	0.030399999999644933	Ripples						0.030399999999644933	18646.476	10.002903162848046	162.92536111740776	1069.0173840232399	
18648.052799999998	0.04080000000249129	Ripples						0.04080000000249129	18648.068	13.63736615187647	157.34005508079352	929.9228907046166	
18659.1024	0.027999999998428393	Ripples						0.027999999998428393	18659.1168	8.91228674825536	163.90831879539576	1078.511248310765	
18659.207199999997	0.028800000000046566	Ripples						0.028800000000046566	18659.2224	21.92575076882296	160.35748087039258	1557.8110704308929	
18662.5576	0.08559999999852153	Ripples						0.08559999999852153	18662.574399999998	10.038097441064094	155.2797721586132	1046.794068708979	
18662.7384	0.021600000000034925	Ripples						0.021600000000034925	18662.7528	16.48021463671628	160.91385706559888	1153.4127389395053	
18663.227199999998	0.035200000002078013	Ripples						0.035200000002078013	18663.2496	6.055611402178456	165.38292966334038	837.9094267063361	
18669.0	29.0	SleepStates											Awake
18698.662399999997	0.02080000000205473	Ripples						0.02080000000205473	18698.6728	5.848879539186083	156.52123946095313	754.7020196784231	
18699.0	304.0	SleepStates											Non-REM
18701.536	0.048799999996845145	Ripples						0.048799999996845145	18701.570399999997	12.137796880930082	150.44974600317494	1091.0262639405041	
18701.606399999997	0.035200000002078013	Ripples						0.035200000002078013	18701.635199999997	5.70419514223351	153.69059666020345	729.850489678417	
18703.515199999998	0.047200000000884756	Ripples						0.047200000000884756	18703.539999999997	13.501607506673137	159.51167688468885	1342.6690000847827	
18709.212799999998	0.05519999999887659	Ripples						0.05519999999887659	18709.234399999998	20.881809050573132	156.5734708355641	1484.2783841783194	
18709.719999999998	0.048800000000483124	Ripples						0.048800000000483124	18709.744799999997	17.214972201257982	150.00313530786792	1455.5047746723965	
18709.8648	0.046399999999266583	Ripples						0.046399999999266583	18709.8968	10.225427486559006	147.97055112711277	1031.708404159935	
18711.2064	0.02239999999801512	Ripples						0.02239999999801512	18711.219999999998	9.461565546723548	169.19067563041506	954.38010326629	
18713.064	0.10239999999976135	Ripples						0.10239999999976135	18713.1448	14.19092348935596	172.46650580369794	1293.515262895159	
18718.047199999997	0.03600000000005821	Ripples						0.03600000000005821	18718.065599999998	12.450641442841738	153.11656617084793	1046.2662595670981	
18720.8608	0.035199999998440035	Ripples						0.035199999998440035	18720.875999999997	11.832252961404185	158.70088392177203	1123.802333383994	
18720.9328	0.03440000000045984	Ripples						0.03440000000045984	18720.950399999998	22.021269349792398	162.2910087776489	1611.3413942093166	
18723.417599999997	0.03840000000127475	Ripples						0.03840000000127475	18723.428799999998	14.28434290106083	158.91312301154238	1259.9207066198587	
18724.302399999997	0.05760000000009313	Ripples						0.05760000000009313	18724.311199999996	10.84639416895947	166.10661361721134	1033.6772544139128	
18724.9704	0.035199999998440035	Ripples						0.035199999998440035	18724.9944	12.335940845124494	154.8975698662692	1090.3048415465403	
18727.554399999997	0.051200000001699664	Ripples						0.051200000001699664	18727.581599999998	22.53226393378333	154.9503622716326	1597.9938891490485	
18727.696799999998	0.028800000000046566	Ripples						0.028800000000046566	18727.710399999996	14.548169993670486	168.15763878902382	1274.816618725222	
18734.9224	0.030399999999644933	Ripples						0.030399999999644933	18734.933599999997	9.871667512934296	167.6845147902825	1047.8996902332149	
18737.1112	0.031199999997625127	Ripples						0.031199999997625127	18737.126399999997	18.622466966262223	160.17432455476796	1417.9799777129012	
18739.6096	0.021600000000034925	Ripples						0.021600000000034925	18739.62	5.604188487936977	173.9317155284187	712.4097095813868	
18740.079999999998	0.022400000001653098	Ripples						0.022400000001653098	18740.090399999997	12.469538138431655	169.9145915660053	1062.045230520614	
18740.1864	0.04320000000006985	Ripples						0.04320000000006985	18740.210399999996	18.083742431022095	161.25093905388104	1474.4702223105294	
18743.025599999997	0.04560000000128639	Ripples						0.04560000000128639	18743.036799999998	16.656168756162792	154.82148803543453	1264.146060645299	
18743.6488	0.0319999999992433	Ripples						0.0319999999992433	18743.6648	21.073388911011822	167.39024450176595	1532.3189589867372	
18745.104799999997	0.030399999999644933	Ripples						0.030399999999644933	18745.119199999997	17.271753988824585	163.0878486177063	1441.434318939168	
18747.579999999998	0.0272000000004482	Ripples						0.0272000000004482	18747.5968	6.223059801251907	160.78721249463325	904.4661913261492	
18748.019999999997	0.042400000002089655	Ripples						0.042400000002089655	18748.0352	17.41213570340894	150.87351384188446	1244.832437356592	
18752.365599999997	0.03600000000005821	Ripples						0.03600000000005821	18752.390399999997	16.50787245679641	156.30444949854723	1277.2320004796927	
18753.534399999997	0.030400000003282912	Ripples						0.030400000003282912	18753.5576	5.787208026285189	153.60350398044116	543.4710462264354	
18754.967999999997	0.025600000000849832	Ripples						0.025600000000849832	18754.979199999998	9.6838632127503	163.27577849875297	1017.887835110167	
18755.188799999996	0.0272000000004482	Ripples						0.0272000000004482	18755.1992	10.04742693377881	158.24158705534643	1008.5331068762032	
18755.558399999998	0.02080000000205473	Ripples						0.02080000000205473	18755.5696	6.953622661235371	160.25930579002173	836.9237321689646	
18757.790399999998	0.09600000000136788	Ripples						0.09600000000136788	18757.855199999998	9.010855408141373	160.98782113965606	1100.3474538624966	
18758.104799999997	0.030399999999644933	Ripples						0.030399999999644933	18758.1184	17.09166222967294	161.93499220853195	1466.108448768193	
18759.924	0.08320000000094296	Ripples						0.08320000000094296	18759.98	17.773455899651886	160.4678800257463	1560.003415934155	
18760.110399999998	0.02479999999923166	Ripples						0.02479999999923166	18760.120799999997	8.518058469348793	157.030586943711	835.6081226725388	
18761.4456	0.046399999999266583	Ripples						0.046399999999266583	18761.46	12.860394925756285	154.694363957669	1104.7582292834343	
18761.976	0.062399999998888234	Ripples						0.062399999998888234	18761.993599999998	19.71718635453358	153.4645982510349	1461.7131874591446	
18762.225599999998	0.03440000000045984	Ripples						0.03440000000045984	18762.246399999996	15.346481199124172	158.41605035918192	1392.0514622275662	
18762.519999999997	0.028000000002066372	Ripples						0.028000000002066372	18762.5336	9.85716533189035	160.8457178490582	1022.5765922416589	
18762.699999999997	0.02960000000166474	Ripples						0.02960000000166474	18762.714399999997	9.316319816596081	150.05654692791978	939.2702839403157	
18763.115999999998	0.03840000000127475	Ripples						0.03840000000127475	18763.1368	15.547196643797204	156.4803880145322	1324.0341555888008	
18763.2696	0.05679999999847496	Ripples						0.05679999999847496	18763.2944	9.070847787911907	145.09029200396867	836.4920833478803	
18765.2312	0.023199999999633292	Ripples						0.023199999999633292	18765.243199999997	8.231423375022015	157.35396632489795	813.9307693675241	
18765.371199999998	0.048800000000483124	Ripples						0.048800000000483124	18765.381599999997	7.320451821569998	153.48015516349292	861.0676142442616	
18768.6864	0.03839999999763677	Ripples						0.03839999999763677	18768.712799999998	6.491269707999288	144.07086847351133	626.6719430864559	
18774.737599999997	0.04400000000168802	Ripples						0.04400000000168802	18774.7656	18.550196464722124	161.96185940229523	1475.9243632741939	
18775.836	0.053599999999278225	Ripples						0.053599999999278225	18775.865599999997	11.2269968769214	149.7087308860867	1054.5863766224202	
18776.0216	0.02719999999681022	Ripples						0.02719999999681022	18776.0352	11.097789347338841	159.2554732825915	1091.7555130664066	
18779.455199999997	0.035200000002078013	Ripples						0.035200000002078013	18779.4712	19.94404649035546	165.58954214419617	1538.653166283592	
18779.590399999997	0.030399999999644933	Ripples						0.030399999999644933	18779.608	12.502173569776023	159.14681872064497	1156.2085856709348	
18782.5192	0.04560000000128639	Ripples						0.04560000000128639	18782.552	9.748486906257526	156.2679721734905	1159.0253727068118	
18783.48	0.02239999999801512	Ripples						0.02239999999801512	18783.487999999998	6.3910924325005665	156.8208780469111	780.1535234507122	
18783.5968	0.03839999999763677	Ripples						0.03839999999763677	18783.6144	25.855456691165717	161.16133099314737	1726.4630593931695	
18784.724	0.03600000000005821	Ripples						0.03600000000005821	18784.746399999996	15.975981511604484	163.08731167142503	1390.6110795268073	
18786.120799999997	0.02320000000327127	Ripples						0.02320000000327127	18786.1328	7.392451203344415	155.3052942110257	802.338335557347	
18786.855199999998	0.04560000000128639	Ripples						0.04560000000128639	18786.872	17.781269228587963	162.26523548550907	1499.4953021871274	
18787.0784	0.02960000000166474	Ripples						0.02960000000166474	18787.0896	11.100270056671098	157.98827604223663	973.2288020417062	
18789.6304	0.03600000000005821	Ripples						0.03600000000005821	18789.6416	7.494674788558018	153.91051414892553	693.9110377083904	
18791.538399999998	0.026400000002468005	Ripples						0.026400000002468005	18791.554399999997	9.192280897269203	172.0436410570121	996.4551170632886	
18791.6472	0.037599999999656575	Ripples						0.037599999999656575	18791.6648	16.972296242837064	161.65154454857264	1419.916919639941	
18801.4096	0.031199999997625127	Ripples						0.031199999997625127	18801.424	18.91086386389308	159.05507140389594	1507.2750789969145	
18806.791999999998	0.03280000000086147	Ripples						0.03280000000086147	18806.813599999998	5.17186272932493	147.32274481289858	606.7476348621013	
18807.261599999998	0.03280000000086147	Ripples						0.03280000000086147	18807.2784	16.789614558132833	167.47526020779216	1412.2385965332364	
18809.809599999997	0.033600000002479646	Ripples						0.033600000002479646	18809.8248	8.150566224646484	148.26003783052047	735.7201618204622	
18810.975199999997	0.028000000002066372	Ripples						0.028000000002066372	18810.9888	12.949130448849878	163.90718709904263	1202.7711900696524	
18811.1272	0.021600000000034925	Ripples						0.021600000000034925	18811.135199999997	7.751069807174201	162.17740796486362	828.7781073481473	
18815.908	0.0367999999980384	Ripples						0.0367999999980384	18815.924799999997	14.660545521389055	154.77956456160317	1256.2465109322134	
18816.516	0.0632000000005064	Ripples						0.0632000000005064	18816.5424	19.70583372336822	159.01823056055775	1571.7685006155496	
18817.820799999998	0.0272000000004482	Ripples						0.0272000000004482	18817.836799999997	11.341815220329321	160.72508414384697	1208.78595465752	
18817.939199999997	0.060800000002927845	Ripples						0.060800000002927845	18817.986399999998	11.060297102083817	153.92363869314624	1123.5909628645068	
18820.907199999998	0.040000000000873115	Ripples						0.040000000000873115	18820.921599999998	8.175705709545841	151.89451889279016	1010.2166876090853	
18821.833599999998	0.05760000000009313	Ripples						0.05760000000009313	18821.8704	14.544839435546093	150.23201779117505	1187.0880848836346	
18823.924799999997	0.06560000000172295	Ripples						0.06560000000172295	18823.98	11.791216973572599	150.6093497997992	1068.873814907465	
18824.345599999997	0.035200000002078013	Ripples						0.035200000002078013	18824.359999999997	8.566489604764632	152.71857943798625	994.4684943051444	
18825.5664	0.03600000000005821	Ripples						0.03600000000005821	18825.5912	11.38272325779886	152.7727603430582	1033.75815242201	
18826.339999999997	0.03440000000045984	Ripples						0.03440000000045984	18826.3648	11.673483721836469	154.95668146123288	1029.6483703353524	
18831.6632	0.026399999998830026	Ripples						0.026399999998830026	18831.6792	7.519449498707382	163.46962662079264	916.565989239363	
18833.545599999998	0.03280000000086147	Ripples						0.03280000000086147	18833.5576	8.391923504086089	172.6792922091528	981.6992612482773	
18839.6376	0.04399999999805004	Ripples						0.04399999999805004	18839.672	8.1257977194743	161.6870606428373	1000.8731369820626	
18843.739199999996	0.03200000000288128	Ripples						0.03200000000288128	18843.754399999998	13.667926776618554	156.6411705806264	1222.7448108803883	
18844.084799999997	0.06400000000212458	Ripples						0.06400000000212458	18844.103199999998	7.306456545456114	150.83826526840733	856.4532415127371	
18844.856	0.032799999997223495	Ripples						0.032799999997223495	18844.871199999998	10.346902068435758	156.28159993826165	1062.678574660378	
18845.0592	0.031199999997625127	Ripples						0.031199999997625127	18845.077599999997	9.98635890497096	153.51224134276802	1000.0906423465045	
18845.354399999997	0.026400000002468005	Ripples						0.026400000002468005	18845.368	12.429947445750678	160.4161151800806	1160.7195246959732	
18846.4472	0.10080000000016298	Ripples						0.10080000000016298	18846.4856	17.87850525514712	152.95425097816994	1382.6042582703399	
18848.195999999996	0.04640000000290456	Ripples						0.04640000000290456	18848.224799999996	11.28097124109937	145.49345695597046	964.0460669227261	
18849.228799999997	0.03680000000167638	Ripples						0.03680000000167638	18849.243199999997	16.944231079123664	164.38106037481583	1431.4474821649203	
18853.012799999997	0.0496000000021013	Ripples						0.0496000000021013	18853.031199999998	7.339358167696688	147.99760545427748	885.0813860246342	
18860.904	0.03280000000086147	Ripples						0.03280000000086147	18860.92	14.21865653692777	165.3244669093504	1298.706907677342	
18861.043999999998	0.040000000000873115	Ripples						0.040000000000873115	18861.065599999998	10.48493487415417	150.22993301194515	832.9609327799222	
18861.9296	0.02959999999802676	Ripples						0.02959999999802676	18861.94	5.9278440545191735	164.37103001787065	823.8120653955335	
18862.5736	0.0319999999992433	Ripples						0.0319999999992433	18862.5952	7.55411776440789	170.32283063003894	915.9799374237145	
18862.671199999997	0.056000000000494765	Ripples						0.056000000000494765	18862.714399999997	13.368188343181647	156.9433489990355	1302.6619900425428	
18862.753599999996	0.025600000000849832	Ripples						0.025600000000849832	18862.767999999996	6.313939587907106	154.94820264455805	782.2495230590524	
18862.9976	0.02959999999802676	Ripples						0.02959999999802676	18863.005599999997	6.001391526270076	170.44713212893507	811.5811055225747	
18863.475199999997	0.048800000000483124	Ripples						0.048800000000483124	18863.493599999998	10.580724313278598	152.55512328517594	1119.9758671274808	
18863.552799999998	0.022400000001653098	Ripples						0.022400000001653098	18863.5648	7.025675064203552	155.88977860548258	823.2398888626375	
18867.2928	0.0367999999980384	Ripples						0.0367999999980384	18867.316799999997	8.93784606581901	160.67192710821837	1046.6547446786647	
18871.939199999997	0.0864000000001397	Ripples						0.0864000000001397	18871.969599999997	13.227523153661496	159.69836427617764	1197.5897021102248	
18872.316	0.05199999999967986	Ripples						0.05199999999967986	18872.355199999998	11.330876715777045	156.84053265560655	1167.2817327425068	
18874.875999999997	0.04800000000250293	Ripples						0.04800000000250293	18874.8912	10.49180103454218	160.7331664749101	1088.5557054939118	
18875.032799999997	0.026400000002468005	Ripples						0.026400000002468005	18875.047199999997	13.634310574674071	163.73822588514943	1244.5516071420705	
18875.538399999998	0.03280000000086147	Ripples						0.03280000000086147	18875.547199999997	9.454149949438289	157.4541787454526	800.3780200295206	
18875.732799999998	0.024000000001251465	Ripples						0.024000000001251465	18875.744	9.09364302545218	163.01679234919212	1024.942387035879	
18879.3088	0.02959999999802676	Ripples						0.02959999999802676	18879.3272	5.098555964184662	154.39931512514218	690.8617201369715	
18893.547199999997	0.024000000001251465	Ripples						0.024000000001251465	18893.563199999997	6.056167512823536	162.4356444749315	796.6190765561702	
18897.1112	0.035199999998440035	Ripples						0.035199999998440035	18897.133599999997	23.624239095633307	170.9110139666047	1530.694374872461	
18897.28	0.03280000000086147	Ripples						0.03280000000086147	18897.296	19.69778564939833	164.31787186382275	1473.0591020552647	
18901.649599999997	0.024000000001251465	Ripples						0.024000000001251465	18901.659999999996	7.762159293663719	160.98731938757868	934.8826799188927	
18901.753599999996	0.026400000002468005	Ripples						0.026400000002468005	18901.771999999997	5.43947474820859	155.2441234033231	698.8895785594916	
18902.036	0.028800000000046566	Ripples						0.028800000000046566	18902.054399999997	6.811329779250847	149.5475155167374	728.6576713725134	
18904.725599999998	0.03680000000167638	Ripples						0.03680000000167638	18904.7424	10.97543219725904	164.39414971993335	1173.4763138180742	
18904.818399999996	0.031200000001263106	Ripples						0.031200000001263106	18904.832799999996	14.060413623903631	160.32999743109448	1276.2350684537523	
18905.5032	0.023999999997613486	Ripples						0.023999999997613486	18905.516799999998	10.792476639446432	161.01605346793423	990.8730027311805	
18911.228	0.05279999999766005	Ripples						0.05279999999766005	18911.266399999997	15.339178272243851	151.2403782003706	1071.67400950716	
18911.5552	0.11279999999896972	Ripples						0.11279999999896972	18911.646399999998	12.212126280047793	150.2251157146493	1188.166570942315	
18913.626399999997	0.02080000000205473	Ripples						0.02080000000205473	18913.6368	7.251150388968692	166.88049867218325	861.9778538162067	
18916.054399999997	0.023199999999633292	Ripples						0.023199999999633292	18916.0648	12.427638021659318	161.6468999313713	1080.6698955842512	
18916.1864	0.02079999999841675	Ripples						0.02079999999841675	18916.199999999997	7.569107025764665	169.11674526884624	844.5087825812379	
18917.4424	0.03919999999925494	Ripples						0.03919999999925494	18917.4688	6.149127061248292	153.96917143447746	761.8032477288947	
18921.2024	0.026399999998830026	Ripples						0.026399999998830026	18921.215999999997	5.295397480528466	163.1428369769928	844.6130764450895	
18926.214399999997	0.06240000000252621	Ripples						0.06240000000252621	18926.225599999998	8.238365086939991	163.42120164689223	928.4405466662495	
18926.6256	0.037599999999656575	Ripples						0.037599999999656575	18926.649599999997	12.023278146923406	160.01136940505006	1160.7771478913828	
18930.8896	0.05760000000009313	Ripples						0.05760000000009313	18930.915999999997	11.782603314048526	147.95065790227858	1118.8252139797835	
18932.140799999997	0.05280000000129803	Ripples						0.05280000000129803	18932.155199999997	9.979897853622743	161.52715668924287	1036.9454496918443	
18932.8768	0.030399999999644933	Ripples						0.030399999999644933	18932.895999999997	12.492398489926153	160.28014616634505	1172.3696919076685	
18934.1736	0.023199999999633292	Ripples						0.023199999999633292	18934.185599999997	8.851313168277626	159.73170850325306	944.1120302415076	
18935.235999999997	0.023199999999633292	Ripples						0.023199999999633292	18935.2496	7.779556458887734	161.0183976437409	923.187612037874	
18935.725599999998	0.031200000001263106	Ripples						0.031200000001263106	18935.741599999998	13.106636927054776	169.08977470391545	1242.1640829837718	
18937.2192	0.03600000000005821	Ripples						0.03600000000005821	18937.227199999998	7.543465298626033	155.8914957891698	846.7435429790742	
18938.450399999998	0.046399999999266583	Ripples						0.046399999999266583	18938.4832	10.921846607505321	160.09442260834518	1180.5022450758966	
18941.819199999998	0.03680000000167638	Ripples						0.03680000000167638	18941.840799999998	9.927126432540513	150.71480495493378	945.9875624158755	
18944.8	0.02079999999841675	Ripples						0.02079999999841675	18944.807999999997	5.6955401815316025	165.60193557235925	712.6647907192912	
18948.2816	0.03280000000086147	Ripples						0.03280000000086147	18948.2984	13.57012273077882	161.90511791762952	1280.6037273872369	
18955.104799999997	0.03280000000086147	Ripples						0.03280000000086147	18955.124	13.742978269495758	170.62540333795803	1292.7438471617836	
18955.3768	0.02479999999923166	Ripples						0.02479999999923166	18955.388	9.88896359189543	166.08427765453644	1057.5332376506976	
18958.444	0.025599999997211853	Ripples						0.025599999997211853	18958.4568	9.448313245074758	169.72832292013868	996.5915890187932	
18958.894399999997	0.035200000002078013	Ripples						0.035200000002078013	18958.92	5.670291207653035	154.94331495646378	743.549656790948	
18961.492	0.035199999998440035	Ripples						0.035199999998440035	18961.5088	8.633123901943739	150.71978934911186	901.3571091948874	
18963.0336	0.07040000000051805	Ripples						0.07040000000051805	18963.0536	17.662521780905955	159.92646635792335	1390.50593296908	
18963.221599999997	0.021600000000034925	Ripples						0.021600000000034925	18963.232799999998	6.423405600681408	158.13812444686923	793.9785784680022	
18965.8752	0.051199999998061685	Ripples						0.051199999998061685	18965.908799999997	12.485394248992682	150.54104531446666	1059.1743305606865	
18971.3592	0.04320000000006985	Ripples						0.04320000000006985	18971.372799999997	10.343975840100276	160.40980526069364	1087.9588093455466	
18971.563199999997	0.030400000003282912	Ripples						0.030400000003282912	18971.572	6.918532121332891	155.17775955525659	731.9665889400727	
18973.741599999998	0.024000000001251465	Ripples						0.024000000001251465	18973.759199999997	6.5127720922992225	158.1337262389493	726.6943844762326	
18981.133599999997	0.10080000000016298	Ripples						0.10080000000016298	18981.2208	11.275501750614922	150.73870651348153	967.8059281936745	
18986.0	0.03439999999682186	Ripples						0.03439999999682186	18986.023999999998	9.215337749084082	170.46320005134635	1016.7558501909629	
18989.428799999998	0.031200000001263106	Ripples						0.031200000001263106	18989.446399999997	6.272436443899597	149.69255587283834	744.1110232065944	
19004.0	850.0	SleepStates											Awake
19040.6	0.0272000000004482	Ripples						0.0272000000004482	19040.610399999998	5.345906595612869	152.1323941599308	656.3508793837307	
19052.5376	0.02959999999802676	Ripples						0.02959999999802676	19052.548	5.525708321929001	153.82941232098415	615.3094543064018	
19054.840799999998	0.031200000001263106	Ripples						0.031200000001263106	19054.856799999998	8.486024288198418	174.31397155080174	922.4808109453874	
19060.119199999997	0.023199999999633292	Ripples						0.023199999999633292	19060.1304	7.304497530208873	171.07275441675668	865.09789305525	
19133.172	0.02959999999802676	Ripples						0.02959999999802676	19133.188	13.004720499063792	166.83096793904002	1257.3148586984187	
19133.335199999998	0.026399999998830026	Ripples						0.026399999998830026	19133.349599999998	15.317256541692348	166.37454772744098	1274.784472743924	
19136.227199999998	0.022400000001653098	Ripples						0.022400000001653098	19136.241599999998	7.512304754262892	156.2533253589296	793.5039811706462	
19164.9832	0.05199999999967986	Ripples						0.05199999999967986	19165.000799999998	10.874427855298189	159.71182121723012	1146.940162911571	
19176.492	0.02479999999923166	Ripples						0.02479999999923166	19176.5064	9.330880584916763	164.45758057637732	1047.828811187748	
19182.5936	0.0319999999992433	Ripples						0.0319999999992433	19182.6072	10.582815581118664	168.98143771019943	1091.8295875943234	
19219.4496	0.044799999999668216	Ripples						0.044799999999668216	19219.4816	8.955302548790641	172.68040203947	1053.9446363461805	
19221.492	0.0319999999992433	Ripples						0.0319999999992433	19221.512799999997	16.149234991634664	159.0101838108481	1300.0626766690505	
19221.878399999998	0.03280000000086147	Ripples						0.03280000000086147	19221.885599999998	5.488943314689899	178.96370620793874	658.7986309265652	
19223.811199999996	0.07840000000214786	Ripples						0.07840000000214786	19223.838399999997	18.63622432299931	155.72803926942697	1449.2245855817816	
19228.3896	0.024000000001251465	Ripples						0.024000000001251465	19228.4064	6.195332310464252	166.62179709662044	831.6331006532524	
19228.599199999997	0.03600000000005821	Ripples						0.03600000000005821	19228.6128	8.471817374029918	159.3266955619747	1017.1156999656993	
19230.7424	0.039999999997235136	Ripples						0.039999999997235136	19230.7672	13.356116068419658	176.18862984560388	1129.182096701747	
19231.379999999997	0.033600000002479646	Ripples						0.033600000002479646	19231.397599999997	15.149636428737017	158.77707024926352	1299.1061507911438	
19231.475199999997	0.037599999999656575	Ripples						0.037599999999656575	19231.496799999997	17.86315066798909	161.34000943433946	1482.1116736290035	
19232.4544	0.027999999998428393	Ripples						0.027999999998428393	19232.475199999997	6.798386713671959	155.0250848849715	740.5067715034608	
19233.3608	0.046399999999266583	Ripples						0.046399999999266583	19233.388	12.489517675823642	152.36974397591496	1228.3941348246858	
19233.606399999997	0.024800000002869638	Ripples						0.024800000002869638	19233.620799999997	10.856077161312866	163.2482442996053	1061.6344548168818	
19237.584799999997	0.03200000000288128	Ripples						0.03200000000288128	19237.601599999998	11.991774816579502	170.9856598706283	1181.1818930569543	
19239.7784	0.062399999998888234	Ripples						0.062399999998888234	19239.7944	17.63348492055479	170.99608636532582	1391.1337977278356	
19240.032799999997	0.07040000000051805	Ripples						0.07040000000051805	19240.0448	10.551527010926703	156.67195458987229	960.0655868097093	
19242.1976	0.04399999999805004	Ripples						0.04399999999805004	19242.223199999997	20.956602720227814	168.26918743559554	1609.0347100528816	
19242.96	0.023999999997613486	Ripples						0.023999999997613486	19242.9712	7.1757177415216225	166.38332744285043	928.5384692554195	
19244.244799999997	0.035200000002078013	Ripples						0.035200000002078013	19244.2624	12.387941546680176	156.0191023362444	1079.7953941797064	
19245.6728	0.026399999998830026	Ripples						0.026399999998830026	19245.6864	10.509915290203269	161.14927440491027	1040.7192325340716	
19250.683999999997	0.07440000000133296	Ripples						0.07440000000133296	19250.714399999997	16.69462960913921	161.13211703253964	1479.3641535832287	
19253.3072	0.039999999997235136	Ripples						0.039999999997235136	19253.333599999998	15.704845037535915	163.5571902979633	1332.2716341170888	
19254.368799999997	0.03440000000045984	Ripples						0.03440000000045984	19254.385599999998	12.72594707436498	166.22505211090947	1175.1542906689679	
19255.672	0.02079999999841675	Ripples						0.02079999999841675	19255.682399999998	9.100535580581278	169.3874030019946	970.8980742620888	
19258.858399999997	0.03440000000045984	Ripples						0.03440000000045984	19258.874399999997	13.755326552318818	167.2031102237716	1290.6735625806032	
19259.631999999998	0.0319999999992433	Ripples						0.0319999999992433	19259.649599999997	8.404985752710418	152.50526276129762	894.556557800457	
19260.1728	0.0319999999992433	Ripples						0.0319999999992433	19260.183999999997	10.674242784214853	158.24483465416407	1121.9512426561596	
19260.320799999998	0.030399999999644933	Ripples						0.030399999999644933	19260.340799999998	8.676658992462594	162.45369823813652	1089.7288344309886	
19264.354399999997	0.03200000000288128	Ripples						0.03200000000288128	19264.369599999998	7.822246904167748	155.60573324785605	923.9616591596819	
19264.96	0.04799999999886495	Ripples						0.04799999999886495	19264.967999999997	6.488308399993396	158.0310499581225	737.5455216547372	
19265.819199999998	0.03600000000005821	Ripples						0.03600000000005821	19265.832799999996	14.503330478822566	171.75211255163146	1249.0059049072115	
19266.0352	0.044799999999668216	Ripples						0.044799999999668216	19266.064	9.337098319588081	159.0738225639975	1120.8031547823193	
19267.3504	0.0632000000005064	Ripples						0.0632000000005064	19267.361599999997	6.497296883913626	169.39641654826718	914.7378399951276	
19269.039999999997	0.08000000000174623	Ripples						0.08000000000174623	19269.0568	8.909693494712544	173.49840388278295	943.4330752861212	
19270.232799999998	0.023199999999633292	Ripples						0.023199999999633292	19270.248799999998	5.600446473329557	165.5915817087643	815.1781657839473	
19274.836	0.030399999999644933	Ripples						0.030399999999644933	19274.849599999998	15.12609812588913	162.6887976305885	1351.0164253278913	
19275.681599999996	0.028800000000046566	Ripples						0.028800000000046566	19275.6936	10.645369479633617	157.0303498080452	1020.574890319415	
19277.672	0.03280000000086147	Ripples						0.03280000000086147	19277.692	13.685525352344348	164.6090661140524	1287.8003205261377	
19277.7336	0.03919999999925494	Ripples						0.03919999999925494	19277.7512	25.312810839531643	164.79152169034535	1751.342019338548	
19280.369599999998	0.040000000000873115	Ripples						0.040000000000873115	19280.388	12.50770105375939	177.5186094574212	1126.5411592373491	
19282.12	0.04560000000128639	Ripples						0.04560000000128639	19282.1304	11.996079493965718	163.14174011515885	1120.0330805857573	
19282.2784	0.0687999999972817	Ripples						0.0687999999972817	19282.326399999998	11.64197872707424	157.91809541715713	1092.1613661190215	
19283.023999999998	0.035200000002078013	Ripples						0.035200000002078013	19283.0408	16.93223410882982	167.28021184019923	1476.9148074392863	
19283.564	0.02960000000166474	Ripples						0.02960000000166474	19283.5824	14.370503384243548	171.59440381669543	1200.398354734978	
19286.552	0.04399999999805004	Ripples						0.04399999999805004	19286.568799999997	14.366186093253125	157.08111671868184	1286.51575093123	
19287.012799999997	0.05040000000008149	Ripples						0.05040000000008149	19287.0336	13.862392899034003	167.31648276790744	1320.3515192235448	
19287.871199999998	0.02080000000205473	Ripples						0.02080000000205473	19287.8824	7.13748113845961	155.63375101456108	930.8470616599608	
19287.92	0.056000000000494765	Ripples						0.056000000000494765	19287.951999999997	13.532007981851097	161.84626348527294	1348.0338130584414	
19289.908	0.062399999998888234	Ripples						0.062399999998888234	19289.926399999997	15.055207713923766	158.17728722557743	1298.9225923153904	
19290.967999999997	0.04640000000290456	Ripples						0.04640000000290456	19291.000799999998	21.682239914908777	163.58364838771666	1572.046232587788	
19295.989599999997	0.03600000000005821	Ripples						0.03600000000005821	19296.012799999997	16.38085293889867	166.24629269066335	1356.3049801458305	
19297.1792	0.05679999999847496	Ripples						0.05679999999847496	19297.2024	11.312776736423888	167.8869417859796	1179.3551978757678	
19297.419199999997	0.030400000003282912	Ripples						0.030400000003282912	19297.435999999998	26.269692745756853	164.38986417500448	1699.2452503652114	
19301.6376	0.04799999999886495	Ripples						0.04799999999886495	19301.6688	6.028656523252995	156.59673579699557	952.4976672818111	
19303.928799999998	0.04079999999885331	Ripples						0.04079999999885331	19303.946399999997	9.771842286470175	166.0524979342318	1068.0191975849373	
19305.230399999997	0.03200000000288128	Ripples						0.03200000000288128	19305.247199999998	6.788188002788328	164.60349471662744	947.0827802072125	
19305.6872	0.04799999999886495	Ripples						0.04799999999886495	19305.7024	8.56854456266914	154.5694369349948	914.5618391586399	
19306.106399999997	0.04640000000290456	Ripples						0.04640000000290456	19306.133599999997	7.751978828461172	163.85245405744797	1072.6507931358026	
19306.502399999998	0.025600000000849832	Ripples						0.025600000000849832	19306.515199999998	11.323151947436738	168.6739513646511	1038.3948757542955	
19306.903199999997	0.02960000000166474	Ripples						0.02960000000166474	19306.928799999998	5.378497614216202	154.0406067934471	593.7710765143614	
19307.775199999996	0.03200000000288128	Ripples						0.03200000000288128	19307.786399999997	6.311832115251567	154.4829493601654	815.9298294333922	
19311.367199999997	0.040000000000873115	Ripples						0.040000000000873115	19311.390399999997	12.51997615918629	161.17831863528406	1254.3661373463171	
19312.3392	0.026399999998830026	Ripples						0.026399999998830026	19312.3504	11.921596957786068	164.7693643394	1159.5474948412786	
19313.7424	0.037599999999656575	Ripples						0.037599999999656575	19313.7624	10.263423445710929	153.30734715802555	1061.753773317335	
19313.9312	0.03280000000086147	Ripples						0.03280000000086147	19313.9496	12.97330621114256	154.18823848896525	1183.2963269471763	
19317.703199999996	0.033600000002479646	Ripples						0.033600000002479646	19317.7264	8.969912685067138	166.39031141390032	994.3120153989694	
19317.813599999998	0.04400000000168802	Ripples						0.04400000000168802	19317.8272	15.778804892248186	159.55030643871274	1373.1903436381324	
19318.869599999998	0.04320000000006985	Ripples						0.04320000000006985	19318.894399999997	13.238224517665204	154.64442116125676	1145.9565986344653	
19320.523999999998	0.035200000002078013	Ripples						0.035200000002078013	19320.5424	18.65660677079438	169.87978990048634	1524.7233207433794	
19320.579999999998	0.021600000000034925	Ripples						0.021600000000034925	19320.591999999997	9.286226352059057	157.26912293187064	961.1027227242663	
19320.6512	0.0319999999992433	Ripples						0.0319999999992433	19320.662399999997	13.02845790041062	154.41308185354615	1148.1488541617011	
19321.528	0.04079999999885331	Ripples						0.04079999999885331	19321.552	12.165410564555092	152.99326813707117	1209.915838033304	
19321.599199999997	0.03840000000127475	Ripples						0.03840000000127475	19321.623199999998	10.81506422959007	151.61721291483684	1045.830726331072	
19322.094399999998	0.035200000002078013	Ripples						0.035200000002078013	19322.1168	13.059124572767747	173.5028639868079	1098.3143662368932	
19325.6656	0.03439999999682186	Ripples						0.03439999999682186	19325.6792	13.414862314285728	159.25113326656518	1250.2934040892887	
19326.852	0.023199999999633292	Ripples						0.023199999999633292	19326.865599999997	8.865054879219038	171.73339697839344	925.004151188628	
19327.5864	0.037599999999656575	Ripples						0.037599999999656575	19327.5968	7.078698271123724	164.30549844169036	896.8675724297854	
19328.8632	0.04799999999886495	Ripples						0.04799999999886495	19328.892799999998	7.024895980430827	151.2748122554179	822.7599139045183	
19328.98	0.023999999997613486	Ripples						0.023999999997613486	19328.991199999997	8.65309304799826	168.2448741582822	953.4236703000595	
19329.135199999997	0.0544000000008964	Ripples						0.0544000000008964	19329.162399999997	12.766390849738137	150.3073799925366	1063.7793326426108	
19345.672	0.062399999998888234	Ripples						0.062399999998888234	19345.6936	13.250323698038557	155.40824991956762	961.057563467972	
19345.9368	0.03600000000005821	Ripples						0.03600000000005821	19345.953599999997	17.56636089967405	161.79214224099144	1427.8899609049768	
19360.352	0.0272000000004482	Ripples						0.0272000000004482	19360.365599999997	10.165078545454115	162.88449855697735	1090.9571550680425	
19361.832	0.021600000000034925	Ripples						0.021600000000034925	19361.8432	10.382584397269081	159.80580524506922	989.6573618092232	
19364.016	0.03440000000045984	Ripples						0.03440000000045984	19364.0376	6.952541380654161	153.57413548668566	779.5615515798669	
19365.1872	0.026399999998830026	Ripples						0.026399999998830026	19365.1992	5.390581563853769	152.36556552460124	632.7281497311147	
19369.16	0.03359999999884167	Ripples						0.03359999999884167	19369.1728	7.11696684654584	180.42339345611512	746.7580312833301	
19369.689599999998	0.046399999999266583	Ripples						0.046399999999266583	19369.7008	7.350110282741056	157.40590903423967	943.5596220979363	
19370.163999999997	0.02960000000166474	Ripples						0.02960000000166474	19370.1808	11.777412815667773	160.92789318705857	1210.4935842974562	
19370.3016	0.047200000000884756	Ripples						0.047200000000884756	19370.318399999996	8.374524697835781	163.26401724424665	1061.0784917811466	
19370.9328	0.0272000000004482	Ripples						0.0272000000004482	19370.944799999997	13.965495767835824	168.89217539440722	1215.8269517665376	
19371.0552	0.027999999998428393	Ripples						0.027999999998428393	19371.072799999998	10.968932220055976	158.41881067241164	1077.2798848379618	
19374.228	0.04399999999805004	Ripples						0.04399999999805004	19374.247199999998	11.679101809399523	168.91456359201086	1169.3017154396675	
19375.079999999998	0.0319999999992433	Ripples						0.0319999999992433	19375.097599999997	7.730057630067362	152.79961493128098	858.0853871440911	
19377.5768	0.05199999999967986	Ripples						0.05199999999967986	19377.597599999997	7.71906584871601	148.7052689277373	887.9553586907264	
19377.737599999997	0.0272000000004482	Ripples						0.0272000000004482	19377.754399999998	5.688856096934857	160.30790345304285	913.2902107225193	
19381.068799999997	0.058400000001711305	Ripples						0.058400000001711305	19381.0936	17.42255231397037	162.2406861598979	1396.0968968562413	
19381.482399999997	0.022400000001653098	Ripples						0.022400000001653098	19381.4904	6.0717925131954	154.01860693297436	666.276817115562	
19401.6488	0.02239999999801512	Ripples						0.02239999999801512	19401.6632	9.119789304763641	165.58134050386283	1017.8391703642117	
19401.719999999998	0.025600000000849832	Ripples						0.025600000000849832	19401.7336	10.299077592364817	168.409387145442	1063.506887747288	
19419.775199999996	0.0632000000005064	Ripples						0.0632000000005064	19419.791999999998	8.242821473919323	153.86979092331345	960.866717511991	
19445.230399999997	0.020000000000436557	Ripples						0.020000000000436557	19445.2408	5.498930848834815	160.33922145437606	730.4884762685214	
19503.847999999998	0.03359999999884167	Ripples						0.03359999999884167	19503.8592	12.90720065752206	165.38821608899576	1160.604542093987	
19506.7584	0.0367999999980384	Ripples						0.0367999999980384	19506.7816	9.333610267310203	157.09480711053706	1008.7772153429713	
19506.8288	0.05279999999766005	Ripples						0.05279999999766005	19506.8664	8.435874745895628	167.97712199267042	1011.9555062509808	
19508.644	0.039999999997235136	Ripples						0.039999999997235136	19508.6736	8.123737665112802	168.8428770185975	999.8617959046746	
19509.743199999997	0.08079999999972642	Ripples						0.08079999999972642	19509.7816	10.823059433321655	154.26042423522915	1196.6006320567728	
19512.0072	0.02079999999841675	Ripples						0.02079999999841675	19512.018399999997	6.058931173912199	160.943000241611	812.1388746927562	
19514.2024	0.047200000000884756	Ripples						0.047200000000884756	19514.210399999996	5.040354977473501	170.12422041513406	690.9505784491753	
19516.5912	0.042399999998451676	Ripples						0.042399999998451676	19516.615999999998	7.738325179611226	151.95606396379873	835.3672238655539	
19518.842399999998	0.03440000000045984	Ripples						0.03440000000045984	19518.869599999998	6.068003087507735	168.2326070761476	791.3941384289155	
19520.917599999997	0.048800000000483124	Ripples						0.048800000000483124	19520.950399999998	12.017708687170414	155.29091383211056	1084.8666157837088	
19521.048	0.04399999999805004	Ripples						0.04399999999805004	19521.075999999997	17.118121908596667	166.06591040793913	1394.8848823783549	
19522.5048	0.03840000000127475	Ripples						0.03840000000127475	19522.516	5.656254640990797	167.46771261502911	839.4971053245763	
19522.6328	0.0319999999992433	Ripples						0.0319999999992433	19522.652	20.495744747554003	165.60383951249491	1551.4811034983056	
19524.2352	0.10559999999895808	Ripples						0.10559999999895808	19524.2552	9.520202152706617	158.80942286428677	1109.2790768930238	
19525.018399999997	0.040000000000873115	Ripples						0.040000000000873115	19525.0352	10.374486134203261	162.1176897654625	1196.0075219967807	
19525.471999999998	0.02960000000166474	Ripples						0.02960000000166474	19525.4888	7.7957100522632965	173.17785229714895	916.8679913739454	
19525.601599999998	0.028800000000046566	Ripples						0.028800000000046566	19525.6152	8.32553371425078	167.8618547741516	1012.2993040309834	
19530.5928	0.023199999999633292	Ripples						0.023199999999633292	19530.6056	5.885204615187236	163.2246221174901	767.3761308963429	
19532.1944	0.05679999999847496	Ripples						0.05679999999847496	19532.224799999996	11.240768026229494	162.46046320598674	1162.6398713515316	
19535.924	0.0319999999992433	Ripples						0.0319999999992433	19535.946399999997	7.386366357580153	175.46437298904624	803.6631721302979	
19536.8752	0.02079999999841675	Ripples						0.02079999999841675	19536.8864	7.4704913475534145	166.10704162276	866.1350541528166	
19537.007999999998	0.03600000000005821	Ripples						0.03600000000005821	19537.018399999997	6.167675783916548	161.1843506361204	836.6446660244972	
19541.8648	0.026399999998830026	Ripples						0.026399999998830026	19541.878399999998	10.460247496305486	175.581912128008	894.6946580850939	
19542.022399999998	0.03680000000167638	Ripples						0.03680000000167638	19542.039999999997	13.172613588402967	161.9822817798019	1342.3214165631807	
19544.482399999997	0.03200000000288128	Ripples						0.03200000000288128	19544.498399999997	5.68174156244408	166.73978386793357	827.5921793772713	
19547.5912	0.06160000000090804	Ripples						0.06160000000090804	19547.6272	13.652154390373958	162.5747528900546	1285.2594322046157	
19560.055999999997	0.028000000002066372	Ripples						0.028000000002066372	19560.070399999997	5.838741147997118	151.44579080411268	734.5699816509192	
19560.231999999996	0.05920000000332948	Ripples						0.05920000000332948	19560.260799999996	5.945794820933907	158.31635301722122	868.461263777932	
19569.347999999998	0.035199999998440035	Ripples						0.035199999998440035	19569.3592	7.417758815204531	155.66252622628537	903.5463387980852	
19571.744	0.02959999999802676	Ripples						0.02959999999802676	19571.7584	18.89788563393096	163.59535887380318	1451.3663406500148	
19574.239999999998	0.06160000000090804	Ripples						0.06160000000090804	19574.264	22.922304246692864	156.26165483987714	1550.8879692310968	
19576.1096	0.03919999999925494	Ripples						0.03919999999925494	19576.126399999997	9.299674316237523	164.0953167122469	1063.4713098163909	
19578.368	0.07519999999931315	Ripples						0.07519999999931315	19578.4296	7.266688287271136	158.9270131381839	926.3180305789895	
19587.868799999997	0.04800000000250293	Ripples						0.04800000000250293	19587.8808	6.138703942155355	159.6558845940382	838.6028771837955	
19602.5624	0.023199999999633292	Ripples						0.023199999999633292	19602.5792	6.689547825237455	166.89709092167564	776.2922630042295	
19608.261599999998	0.028800000000046566	Ripples						0.028800000000046566	19608.28	6.170549514130696	152.0816335448206	744.1321830779025	
19616.237599999997	0.035200000002078013	Ripples						0.035200000002078013	19616.26	11.456457004405133	170.3653770133562	1153.1718276181405	
19618.6368	0.062399999998888234	Ripples						0.062399999998888234	19618.685599999997	12.057577653544035	164.38925608103744	1157.7108769028705	
19618.895999999997	0.040000000000873115	Ripples						0.040000000000873115	19618.9064	5.99714449780421	166.05877673045703	883.3837527037228	
19620.325599999996	0.03600000000005821	Ripples						0.03600000000005821	19620.345599999997	19.07358399352423	160.23887933030306	1480.8480650424547	
19622.0568	0.03600000000005821	Ripples						0.03600000000005821	19622.0792	13.541506861616572	160.82884247597627	1206.9889118146586	
19625.195999999996	0.05200000000331784	Ripples						0.05200000000331784	19625.2168	13.11471156517546	158.4615349316887	1294.4911474291368	
19628.104	0.03440000000045984	Ripples						0.03440000000045984	19628.1256	12.279356279877044	170.5741765522059	1140.7528662357606	
19630.8576	0.0272000000004482	Ripples						0.0272000000004482	19630.874399999997	10.0348419233153	166.3604404510839	1041.3296867001861	
19632.6664	0.0319999999992433	Ripples						0.0319999999992433	19632.689599999998	6.7864512802417645	169.70384805201715	820.9420011040413	
19633.302399999997	0.03680000000167638	Ripples						0.03680000000167638	19633.326399999998	6.751075140858905	173.68237505735004	842.8739068017056	
19633.4472	0.020000000000436557	Ripples						0.020000000000436557	19633.4568	5.390866519984216	160.45061372282	803.3318572044979	
19634.0808	0.03440000000045984	Ripples						0.03440000000045984	19634.101599999998	9.63056417292585	157.72082737103403	1038.0147748955692	
19634.1576	0.020000000000436557	Ripples						0.020000000000436557	19634.171199999997	7.099330374027628	163.1765614064638	798.5483229837238	
19636.541599999997	0.02080000000205473	Ripples						0.02080000000205473	19636.5496	7.1895135936688765	161.66183948754494	838.5469261694161	
19640.728799999997	0.042400000002089655	Ripples						0.042400000002089655	19640.739999999998	6.466428996249629	171.83564487729228	776.7987250884228	
19646.287999999997	0.048800000000483124	Ripples						0.048800000000483124	19646.315199999997	15.057056093668578	163.4488918518816	1443.9315749339733	
19649.1688	0.025600000000849832	Ripples						0.025600000000849832	19649.181599999996	6.0013013025699715	164.01074346243493	836.3340561957073	
19655.088	0.030399999999644933	Ripples						0.030399999999644933	19655.099199999997	12.18442716911529	166.8442518155912	1168.4559703457567	
19661.052	0.021600000000034925	Ripples						0.021600000000034925	19661.0664	7.072065426202224	156.91570437354932	786.9887744872432	
19661.146399999998	0.04560000000128639	Ripples						0.04560000000128639	19661.169599999997	12.444896927096977	166.46595523951083	1289.8295178212975	
19663.205599999998	0.026399999998830026	Ripples						0.026399999998830026	19663.219999999998	6.037340922242008	169.66402456275213	866.7310526397554	
19663.8704	0.02079999999841675	Ripples						0.02079999999841675	19663.8808	5.194983159209496	175.7251797273367	678.1177657058535	
19664.1216	0.051200000001699664	Ripples						0.051200000001699664	19664.1432	12.479547028044133	171.61622505064946	1212.097676517808	
19668.5392	0.026399999998830026	Ripples						0.026399999998830026	19668.552	8.707349056835634	169.961292322183	947.9641260072572	
19669.067199999998	0.06000000000130967	Ripples						0.06000000000130967	19669.0864	13.559410901591159	177.9656844671408	1157.1102524360133	
19669.9616	0.051199999998061685	Ripples						0.051199999998061685	19669.976	11.637506618491765	166.74194349953905	1042.892873253173	
19673.547199999997	0.024800000002869638	Ripples						0.024800000002869638	19673.558399999998	6.416657878107067	166.96437265491286	888.9428809024498	
19675.924	0.031199999997625127	Ripples						0.031199999997625127	19675.9352	8.690004365268035	161.7900126264322	957.7792968981657	
19677.959199999998	0.023199999999633292	Ripples						0.023199999999633292	19677.969599999997	8.251258229366636	167.24161674717305	959.313754822719	
19678.8632	0.10719999999855645	Ripples						0.10719999999855645	19678.8776	8.457576006704874	154.97755296482637	1045.513103410904	
19680.996	0.03839999999763677	Ripples						0.03839999999763677	19681.029599999998	5.3177438304640745	153.93232020724213	655.0620255155259	
19681.928	0.026399999998830026	Ripples						0.026399999998830026	19681.944799999997	8.408759725429293	169.46088794845224	902.0476276606345	
19682.7568	0.048800000000483124	Ripples						0.048800000000483124	19682.7784	15.109116839705932	166.82242463734738	1369.7592320233075	
19683.599199999997	0.031200000001263106	Ripples						0.031200000001263106	19683.613599999997	5.408075700652515	150.62001529740306	761.6775297519082	
19683.787999999997	0.03840000000127475	Ripples						0.03840000000127475	19683.807999999997	10.01583882941019	168.7722824527088	1115.8873017146277	
19685.351199999997	0.025600000000849832	Ripples						0.025600000000849832	19685.362399999998	5.611553201085806	149.71877164745166	688.6615519092137	
19685.588	0.020000000000436557	Ripples						0.020000000000436557	19685.5984	7.447373614218441	167.31230431882014	796.7997211954818	
19687.439199999997	0.02080000000205473	Ripples						0.02080000000205473	19687.4496	7.066145727101663	172.68264210852143	706.7510060724737	
19687.5712	0.0544000000008964	Ripples						0.0544000000008964	19687.5928	17.413630932986656	168.29094605182124	1447.5684290190284	
19689.986399999998	0.0272000000004482	Ripples						0.0272000000004482	19690.0	10.23901907276833	161.24136004137281	1097.2918275593993	
19690.636	0.024000000001251465	Ripples						0.024000000001251465	19690.647999999997	6.589028781921573	175.88558873971417	712.3745630391869	
19692.8216	0.035199999998440035	Ripples						0.035199999998440035	19692.8376	6.032303962941994	173.0267677112476	834.95383995117	
19693.519999999997	0.02320000000327127	Ripples						0.02320000000327127	19693.536799999998	6.690878250807005	169.75993699117942	761.2438508548838	
19694.9256	0.1176000000014028	Ripples						0.1176000000014028	19695.0064	19.897756634195826	156.01992537501675	1618.507840483396	
19697.6288	0.04560000000128639	Ripples						0.04560000000128639	19697.6488	10.89932118293288	171.0602639034632	1128.9377304411762	
19702.279199999997	0.030399999999644933	Ripples						0.030399999999644933	19702.295199999997	8.89788691946756	158.52297217032535	1039.6740065063664	
19702.397599999997	0.031200000001263106	Ripples						0.031200000001263106	19702.408799999997	9.856629777444434	163.1601055080944	1042.7756559518164	
19704.868799999997	0.040000000000873115	Ripples						0.040000000000873115	19704.8848	15.567661518757623	172.31217659235935	1303.447856795548	
19708.1184	0.031199999997625127	Ripples						0.031199999997625127	19708.131999999998	17.66582912865662	171.7090733155633	1289.20593354581	
19708.7696	0.07279999999809661	Ripples						0.07279999999809661	19708.783199999998	19.945018716239503	159.78099578841545	1558.1971633786748	
19708.9344	0.044799999999668216	Ripples						0.044799999999668216	19708.951999999997	20.933138902623746	160.780690606887	1668.8881342832458	
19709.048	0.03600000000005821	Ripples						0.03600000000005821	19709.061599999997	9.405564025764015	171.1790110661921	998.0550644977452	
19710.847999999998	0.0319999999992433	Ripples						0.0319999999992433	19710.868	11.419327682706399	163.81198874421133	1142.6390536196225	
19712.1792	0.0272000000004482	Ripples						0.0272000000004482	19712.1936	12.370750971523757	156.68282761969883	1135.315873907007	
19725.5136	0.04560000000128639	Ripples						0.04560000000128639	19725.5352	7.889232767673718	170.729475140228	874.7269256375511	
19725.6168	0.03919999999925494	Ripples						0.03919999999925494	19725.6304	21.22241165853483	159.79583528625375	1399.8220497599086	
19726.989599999997	0.06960000000253785	Ripples						0.06960000000253785	19727.048799999997	8.065257238833604	164.40820512052807	929.7189236067568	
19729.0216	0.03919999999925494	Ripples						0.03919999999925494	19729.038399999998	14.530144562562137	169.03360795787498	1372.253193854468	
19738.9224	0.05679999999847496	Ripples						0.05679999999847496	19738.9384	20.691118015745076	167.11272879683563	1537.8002595377677	
19740.32	0.021600000000034925	Ripples						0.021600000000034925	19740.331199999997	6.471453109374328	161.53232379818948	855.1886270760413	
19740.46	0.03359999999884167	Ripples						0.03359999999884167	19740.476	15.621457426783488	159.58434918260522	1331.8253834815805	
19741.239999999998	0.026399999998830026	Ripples						0.026399999998830026	19741.250399999997	6.108839870205849	164.75395082388874	867.9137854881188	
19749.0752	0.03440000000045984	Ripples						0.03440000000045984	19749.0864	13.34958705922604	167.75209483456948	1119.2983785095853	
19749.832	0.02959999999802676	Ripples						0.02959999999802676	19749.851199999997	11.671584052440078	162.89020557143172	1088.6992581686438	
19751.176799999997	0.04560000000128639	Ripples						0.04560000000128639	19751.198399999997	13.208233129811127	148.2246973811356	1080.7654195605026	
19751.254399999998	0.031200000001263106	Ripples						0.031200000001263106	19751.271999999997	18.03093878896017	159.33232364847942	1429.4657752567907	
19752.415999999997	0.02960000000166474	Ripples						0.02960000000166474	19752.430399999997	7.534459879515789	156.70219869900234	878.2216643603067	
19765.460799999997	0.058400000001711305	Ripples						0.058400000001711305	19765.489599999997	7.912205274082586	163.42273169565556	1010.5063776712884	
19766.447999999997	0.03280000000086147	Ripples						0.03280000000086147	19766.464799999998	11.968275025887165	168.03070147842874	1274.992360056403	
19767.1704	0.04559999999764841	Ripples						0.04559999999764841	19767.183999999997	18.474621561576726	168.1816600722736	1467.1046030360706	
19779.786399999997	0.042400000002089655	Ripples						0.042400000002089655	19779.796799999996	10.574856524572562	168.52499788224168	1068.276865644577	
19780.68	0.023199999995995313	Ripples						0.023199999995995313	19780.692799999997	14.914568200646467	165.71552562721294	1114.0022523476134	
19781.4832	0.028800000000046566	Ripples						0.028800000000046566	19781.502399999998	5.870178920277814	164.78353645710823	812.9139378447228	
19782.356	0.02479999999923166	Ripples						0.02479999999923166	19782.374399999997	5.3542840884345395	155.50876581370818	684.2869297528895	
19794.1168	0.06639999999970314	Ripples						0.06639999999970314	19794.167999999998	7.765526281680876	158.86571337700119	956.7668399031743	
19794.656	0.02079999999841675	Ripples						0.02079999999841675	19794.669599999997	5.721333412056651	158.46465616873812	719.8634272226336	
19794.8808	0.06799999999930151	Ripples						0.06799999999930151	19794.892799999998	11.184349632364896	164.68044848053225	1107.5998473671095	
19796.731999999996	0.024800000002869638	Ripples						0.024800000002869638	19796.744799999997	6.024474988724904	175.07683312540385	753.1882736466657	
19798.0936	0.030399999999644933	Ripples						0.030399999999644933	19798.104	8.697256802655643	184.97241431208346	741.3902415140492	
19810.8432	0.062399999998888234	Ripples						0.062399999998888234	19810.872799999997	10.359364019391979	165.03719839167468	1114.7103408844494	
19811.3952	0.031199999997625127	Ripples						0.031199999997625127	19811.415999999997	7.57400445529758	174.26413251653184	888.0557083312772	
19855.0	317.0	SleepStates											Non-REM
19855.9848	0.07200000000011642	Ripples						0.07200000000011642	19856.002399999998	10.848523745950246	156.57996715135795	1247.568945553177	
19860.6776	0.0367999999980384	Ripples						0.0367999999980384	19860.707199999997	8.537755670895345	165.7458538647458	936.4866700501744	
19861.0424	0.027999999998428393	Ripples						0.027999999998428393	19861.0536	7.258262250522735	154.42835157618353	884.6095095842376	
19861.3632	0.02719999999681022	Ripples						0.02719999999681022	19861.379999999997	12.409165490945705	160.45807015091006	1099.1607756046299	
19861.987999999998	0.042400000002089655	Ripples						0.042400000002089655	19862.0104	19.459062394027555	163.0205616922923	1506.4403129655636	
19862.108799999998	0.02960000000166474	Ripples						0.02960000000166474	19862.1216	6.813661209958229	160.42566196165902	950.8505485933986	
19864.1376	0.04399999999805004	Ripples						0.04399999999805004	19864.162399999997	13.209867451257105	172.2783120815686	1290.7380251584048	
19866.1112	0.03280000000086147	Ripples						0.03280000000086147	19866.1312	5.1227523886964885	162.5840087748519	829.8682842495726	
19866.915999999997	0.03919999999925494	Ripples						0.03919999999925494	19866.930399999997	12.792526980541009	157.40751504745361	1194.1034348701678	
19867.0504	0.04559999999764841	Ripples						0.04559999999764841	19867.0808	11.961979174175772	164.86891827226057	1222.3487446544434	
19868.887199999997	0.033600000002479646	Ripples						0.033600000002479646	19868.911999999997	7.815119201527931	171.60047694924612	868.5473700748149	
19869.710399999996	0.02320000000327127	Ripples						0.02320000000327127	19869.7208	9.7140233260605	172.6283800295627	933.1424669566662	
19871.833599999998	0.024000000001251465	Ripples						0.024000000001251465	19871.847199999997	5.094539798410029	158.40200385001646	775.5416344353587	
19873.8288	0.035199999998440035	Ripples						0.035199999998440035	19873.851199999997	8.771794667563814	166.5154022190426	1077.544781286519	
19874.5808	0.044799999999668216	Ripples						0.044799999999668216	19874.608799999998	12.95156175644443	154.3054367084054	1261.663168048478	
19875.002399999998	0.07120000000213622	Ripples						0.07120000000213622	19875.015199999998	9.986783922092071	173.79442656866797	963.4941321682522	
19876.0016	0.03919999999925494	Ripples						0.03919999999925494	19876.012799999997	10.218636899966533	165.87099469549418	1092.2070088346363	
19876.6704	0.03600000000005821	Ripples						0.03600000000005821	19876.6848	16.886360234123785	168.42106502270255	1395.7821191654864	
19876.9136	0.03839999999763677	Ripples						0.03839999999763677	19876.933599999997	16.777069565701424	160.54209125958639	1387.7804051085564	
19877.6504	0.031200000001263106	Ripples						0.031200000001263106	19877.6672	12.422023093462116	158.06153567756823	1130.6839750903341	
19880.237599999997	0.03680000000167638	Ripples						0.03680000000167638	19880.257599999997	8.083007525311706	164.61342465492442	1055.2625338293442	
19881.3648	0.03359999999884167	Ripples						0.03359999999884167	19881.3792	15.923253600728119	171.23946817360286	1300.2038818615779	
19882.910399999997	0.08480000000054133	Ripples						0.08480000000054133	19882.9488	14.513607841701448	164.0924044686739	1339.6796713467588	
19885.8288	0.020000000000436557	Ripples						0.020000000000436557	19885.839999999997	5.50672387403042	170.43974535812575	750.7606166207015	
19889.6872	0.026399999998830026	Ripples						0.026399999998830026	19889.7008	10.963117478101438	160.55284681314384	1098.6911018700266	
19890.2368	0.021600000000034925	Ripples						0.021600000000034925	19890.2512	9.514862770765067	157.6396062260699	812.4099035836255	
19890.331199999997	0.03600000000005821	Ripples						0.03600000000005821	19890.3464	14.114662000742536	165.5834063816714	1341.9584346938148	
19891.3912	0.040000000000873115	Ripples						0.040000000000873115	19891.4056	10.88364521454526	165.5514558247359	1142.9913056580367	
19892.8504	0.037599999999656575	Ripples						0.037599999999656575	19892.868	17.874653806901204	156.25796256690103	1360.60651426423	
19893.7408	0.07200000000011642	Ripples						0.07200000000011642	19893.768799999998	20.825433361074428	160.47451382238165	1488.9154745295655	
19893.928799999998	0.0272000000004482	Ripples						0.0272000000004482	19893.943199999998	8.535623532312362	162.72024569872886	1013.2107786388798	
19895.124	0.027999999998428393	Ripples						0.027999999998428393	19895.135199999997	9.671315686592285	160.4458305021502	1057.2273552050426	
19895.243199999997	0.047200000000884756	Ripples						0.047200000000884756	19895.277599999998	10.40233749134291	157.5783446323775	1100.3487122436459	
19896.568	0.02079999999841675	Ripples						0.02079999999841675	19896.5784	7.291714155465014	166.83021160552772	866.2726058800657	
19896.708	0.03600000000005821	Ripples						0.03600000000005821	19896.7192	10.097432587270003	161.43103267698456	1033.4580363229118	
19898.2408	0.02719999999681022	Ripples						0.02719999999681022	19898.260799999996	6.536281450983407	158.59941603650904	827.4481224778834	
19899.6328	0.031199999997625127	Ripples						0.031199999997625127	19899.653599999998	15.645333322509174	157.5300571360764	1167.6797861559276	
19900.6008	0.07439999999769498	Ripples						0.07439999999769498	19900.6656	7.216720401410989	160.70356120731978	822.9420699935197	
19902.7016	0.0687999999972817	Ripples						0.0687999999972817	19902.743199999997	15.078007060796997	160.7839930528925	1395.7674352773602	
19902.901599999997	0.028000000002066372	Ripples						0.028000000002066372	19902.9168	9.966484717308543	160.17750990137608	1084.4067105690601	
19906.1448	0.04799999999886495	Ripples						0.04799999999886495	19906.1592	15.048542546997894	156.23442227746492	1274.1187506243396	
19908.0608	0.048800000000483124	Ripples						0.048800000000483124	19908.074399999998	6.259379870169489	177.29238129361846	789.2058271260961	
19908.191199999997	0.03680000000167638	Ripples						0.03680000000167638	19908.2064	14.361392484409729	151.95123184513687	1182.9341541426995	
19909.890399999997	0.028800000000046566	Ripples						0.028800000000046566	19909.904	7.777891076886949	164.4361977016902	963.1936060359241	
19910.6792	0.03280000000086147	Ripples						0.03280000000086147	19910.689599999998	7.762239526875522	169.03059269021077	908.3915239946161	
19914.9328	0.027999999998428393	Ripples						0.027999999998428393	19914.9496	6.515221233867865	154.8839213466345	798.6423779402248	
19915.7424	0.02479999999923166	Ripples						0.02479999999923166	19915.757599999997	6.22859958978922	170.89052821043137	840.0888702138257	
19916.1112	0.027999999998428393	Ripples						0.027999999998428393	19916.1216	11.268081843457571	171.12610339447068	997.6162345288614	
19917.1992	0.03839999999763677	Ripples						0.03839999999763677	19917.215999999997	18.840621194977864	172.01346549277787	1433.3617077381223	
19917.8768	0.03840000000127475	Ripples						0.03840000000127475	19917.897599999997	14.187266562439788	156.4201132252138	1309.4586859911465	
19919.7152	0.0591999999996915	Ripples						0.0591999999996915	19919.7384	17.316644903720672	166.48862470808862	1572.4580200973592	
19921.547199999997	0.02080000000205473	Ripples						0.02080000000205473	19921.559999999998	8.654407041545575	164.7053954128964	953.7638966390014	
19922.519999999997	0.060800000002927845	Ripples						0.060800000002927845	19922.548799999997	6.253468810750625	160.47320239165248	711.3904064514542	
19923.519999999997	0.028800000000046566	Ripples						0.028800000000046566	19923.5392	6.356830405815606	172.25479847922634	774.6052502796869	
19931.280799999997	0.03200000000288128	Ripples						0.03200000000288128	19931.299199999998	17.59481550506689	156.9840103385111	1162.0514215780956	
19931.332799999996	0.048800000000483124	Ripples						0.048800000000483124	19931.3736	5.877136108342232	157.4567252494316	623.6101372785365	
19931.6992	0.031199999997625127	Ripples						0.031199999997625127	19931.7064	5.1581803288984895	155.6487513431376	710.9569667763764	
19934.1432	0.03600000000005821	Ripples						0.03600000000005821	19934.16	21.113345316199215	165.9179978286856	1595.4452257798273	
19936.7568	0.05760000000009313	Ripples						0.05760000000009313	19936.7728	14.538177102568612	163.4926307041914	1268.7428757710807	
19936.9904	0.024000000001251465	Ripples						0.024000000001251465	19937.003999999997	8.556077001301427	165.67102934943028	997.5557762504571	
19939.1864	0.0319999999992433	Ripples						0.0319999999992433	19939.2024	11.416427579176185	172.8525056375454	1109.87741140656	
19940.469599999997	0.03280000000086147	Ripples						0.03280000000086147	19940.4888	16.064859557309802	166.0771517618657	1375.3088209781188	
19941.6328	0.05040000000008149	Ripples						0.05040000000008149	19941.6456	11.532290111274616	172.7536012762286	1040.154362959887	
19942.361599999997	0.02080000000205473	Ripples						0.02080000000205473	19942.372799999997	5.749794086361209	156.74570707562157	741.4358129784044	
19943.156	0.025600000000849832	Ripples						0.025600000000849832	19943.167999999998	6.935516788714506	155.09246407989713	813.3727171692782	
19945.0392	0.027999999998428393	Ripples						0.027999999998428393	19945.052	9.37986867114992	169.55479119641387	1009.6070926930627	
19947.498399999997	0.031200000001263106	Ripples						0.031200000001263106	19947.511199999997	15.935442017525888	166.3347735094853	1364.1961894663025	
19947.688799999996	0.02320000000327127	Ripples						0.02320000000327127	19947.7016	6.987738076917637	161.96067619828338	841.3004120233156	
19949.041599999997	0.022400000001653098	Ripples						0.022400000001653098	19949.0536	7.340742906189083	156.37181387882273	942.7297490592025	
19949.8936	0.027999999998428393	Ripples						0.027999999998428393	19949.908	12.333486768981578	164.2740047955356	1213.6372790556738	
19951.6144	0.03600000000005821	Ripples						0.03600000000005821	19951.627999999997	11.359950070806617	172.77422042303021	1064.20075161689	
19955.4816	0.08239999999932479	Ripples						0.08239999999932479	19955.5072	11.715088170889603	159.65038768408897	1245.2966302197347	
19956.892	0.03359999999884167	Ripples						0.03359999999884167	19956.9056	9.453752870715281	178.38983465706897	914.0903886753184	
19960.1664	0.024000000001251465	Ripples						0.024000000001251465	19960.1776	5.462223164882101	168.57297559113022	796.1325013532933	
19960.248	0.025599999997211853	Ripples						0.025599999997211853	19960.260799999996	10.212364526002554	171.0254259307989	1033.2101225758913	
19962.284799999998	0.023199999999633292	Ripples						0.023199999999633292	19962.2984	6.431001044389206	172.8508095610793	789.2696861319388	
19962.662399999997	0.03280000000086147	Ripples						0.03280000000086147	19962.682399999998	16.895474629851016	166.29509045348567	1390.774182742094	
19963.3272	0.021600000000034925	Ripples						0.021600000000034925	19963.340799999998	7.543111305285043	158.6323252437941	901.2697125284659	
19963.408799999997	0.028000000002066372	Ripples						0.028000000002066372	19963.424799999997	15.956543058683064	170.3701724474516	1202.5974217414703	
19964.865599999997	0.02960000000166474	Ripples						0.02960000000166474	19964.881599999997	13.739488734719322	168.4076025217144	1222.3662596490897	
19965.3792	0.13520000000062282	Ripples						0.13520000000062282	19965.460799999997	18.236859840706085	160.94404707750184	1479.4041708976656	
19968.5824	0.07040000000051805	Ripples						0.07040000000051805	19968.624799999998	14.070066899570143	168.13240430260043	1343.953853305421	
19968.732799999998	0.027999999998428393	Ripples						0.027999999998428393	19968.744	5.8975550310631775	151.50622271129433	778.8345648956246	
19968.9424	0.02719999999681022	Ripples						0.02719999999681022	19968.9616	6.461133357160266	171.11688866180378	827.1771266792323	
19969.0968	0.023999999997613486	Ripples						0.023999999997613486	19969.1072	7.7591587527451304	173.08562952383576	826.9265238493355	
19969.613599999997	0.02320000000327127	Ripples						0.02320000000327127	19969.6272	7.842655787366354	166.6409714265736	934.8128631043255	
19972.800799999997	0.047200000000884756	Ripples						0.047200000000884756	19972.8288	9.558502124523919	155.03469317759473	1126.4754598633467	
19974.8664	0.0591999999996915	Ripples						0.0591999999996915	19974.881599999997	15.684859613821436	153.75200795563376	1159.4011414522802	
19974.996799999997	0.023199999999633292	Ripples						0.023199999999633292	19975.007999999998	13.939810033830671	169.52979348690226	1126.230821361815	
19976.4352	0.032799999997223495	Ripples						0.032799999997223495	19976.459199999998	5.6100627937902265	172.57914314045803	721.9152171459128	
19982.5248	0.03359999999884167	Ripples						0.03359999999884167	19982.5408	7.051413165947247	181.27669241363483	772.6871485201774	
19982.6008	0.030399999999644933	Ripples						0.030399999999644933	19982.6144	15.012164346732577	164.02020093531365	1323.7974325647344	
19983.5288	0.09439999999813153	Ripples						0.09439999999813153	19983.5432	11.551019950936027	154.68994871831072	1017.929176682681	
19986.7912	0.055999999996856786	Ripples						0.055999999996856786	19986.8232	22.30660107733456	165.6135167299411	1633.8628551789307	
19989.476	0.10879999999815482	Ripples						0.10879999999815482	19989.495199999998	16.618598357638408	157.2834369843695	1287.65291144005	
19990.2224	0.03919999999925494	Ripples						0.03919999999925494	19990.2512	7.354602564467502	148.78171872589033	815.6369838279813	
19991.1144	0.0272000000004482	Ripples						0.0272000000004482	19991.1312	6.96947606910698	156.56321443666226	862.5554577562402	
19991.486399999998	0.035200000002078013	Ripples						0.035200000002078013	19991.5072	15.424026826531145	155.88252820260197	1273.5394614880056	
19993.7368	0.030399999999644933	Ripples						0.030399999999644933	19993.7552	7.306437890309483	176.64888610962672	737.6309181675388	
19994.0376	0.02959999999802676	Ripples						0.02959999999802676	19994.052799999998	8.489643952156388	176.5759836799374	900.0409517568957	
19994.133599999997	0.030399999999644933	Ripples						0.030399999999644933	19994.1504	16.080040740873503	165.85214497128985	1418.9954416830888	
19996.793599999997	0.026400000002468005	Ripples						0.026400000002468005	19996.809599999997	7.005289331666344	171.8182859419043	846.800651578359	
19997.038399999998	0.04400000000168802	Ripples						0.04400000000168802	19997.058399999998	7.061907568215271	169.0316725161989	929.4319611696594	
19997.3232	0.042399999998451676	Ripples						0.042399999998451676	19997.352	6.9086077252704445	155.55011528648853	967.1822678460687	
19998.744799999997	0.022400000001653098	Ripples						0.022400000001653098	19998.753599999996	8.87588630026315	158.08208701430945	938.0441153381297	
19998.939199999997	0.03840000000127475	Ripples						0.03840000000127475	19998.9616	18.790235835971902	165.82027298578146	1558.494065068247	
19999.1216	0.10319999999774154	Ripples						0.10319999999774154	19999.211199999998	5.7431283564095095	146.51481114135547	766.6134955183059	
20001.0392	0.07920000000012806	Ripples						0.07920000000012806	20001.0592	21.947437512710138	157.13774555173612	1536.7261179444158	
20003.023999999998	0.0272000000004482	Ripples						0.0272000000004482	20003.039999999997	7.724659878872543	168.36237623498897	949.2598852604065	
20003.823999999997	0.0496000000021013	Ripples						0.0496000000021013	20003.835199999998	5.8673457729271545	164.96066521787114	895.8016077273385	
20005.1456	0.026399999998830026	Ripples						0.026399999998830026	20005.1616	16.680945382710476	167.31047671345968	1315.6391937981177	
20008.843999999997	0.05760000000009313	Ripples						0.05760000000009313	20008.8848	10.814959476871657	160.13756782200375	1158.5026412504549	
20009.9224	0.030399999999644933	Ripples						0.030399999999644933	20009.94	15.842687511130023	160.81849047416503	1302.6973201028577	
20010.032799999997	0.05199999999967986	Ripples						0.05199999999967986	20010.0648	13.832373446370262	156.97313695458857	1240.5767580855968	
20011.0624	0.03359999999884167	Ripples						0.03359999999884167	20011.0792	24.86767486717399	160.76990653021304	1650.1021892663232	
20011.192799999997	0.028800000000046566	Ripples						0.028800000000046566	20011.210399999996	6.0836205029434725	154.68417536783764	769.5882071004912	
20011.743199999997	0.028000000002066372	Ripples						0.028000000002066372	20011.7552	9.217272291355073	158.8612925789912	961.7822478730561	
20017.5208	0.024000000001251465	Ripples						0.024000000001251465	20017.532	6.546594216448	165.98931239007072	892.6641486089757	
20017.6096	0.032799999997223495	Ripples						0.032799999997223495	20017.620799999997	11.067510780579143	170.2864192480645	1093.8770186947818	
20018.424	0.04160000000047148	Ripples						0.04160000000047148	20018.4528	8.470485196954723	155.07088814050198	994.8935206648698	
20018.725599999998	0.037599999999656575	Ripples						0.037599999999656575	20018.747199999998	14.559407747983915	174.2082722008279	1199.9840365277241	
20020.796799999996	0.024800000002869638	Ripples						0.024800000002869638	20020.8072	8.54501990310093	161.7614393711451	900.1518106907226	
20021.4312	0.0319999999992433	Ripples						0.0319999999992433	20021.4488	14.7838287056021	159.99048419689555	1238.9715550118701	
20023.858399999997	0.024000000001251465	Ripples						0.024000000001251465	20023.868799999997	10.803169829299561	169.53357728858094	992.042664566293	
20025.385599999998	0.02960000000166474	Ripples						0.02960000000166474	20025.3984	11.161358158515064	162.36406201062132	1152.1855983525102	
20026.696799999998	0.04320000000006985	Ripples						0.04320000000006985	20026.7208	18.02247731296944	159.0433731487343	1405.075718733212	
20026.8576	0.042399999998451676	Ripples						0.042399999998451676	20026.874399999997	6.999204130750967	157.8454079182818	866.9609301106815	
20027.090399999997	0.056000000000494765	Ripples						0.056000000000494765	20027.126399999997	7.176136341180568	155.60298625911193	1030.8841699120776	
20027.295199999997	0.07600000000093132	Ripples						0.07600000000093132	20027.306399999998	12.316706412373698	164.9728255631066	1104.2752441248663	
20027.872	0.028800000000046566	Ripples						0.028800000000046566	20027.887199999997	11.120607794377607	161.76692812247688	1122.7940736674932	
20032.3032	0.024000000001251465	Ripples						0.024000000001251465	20032.32	10.823078595769216	162.69111104782985	1015.0234801976177	
20032.983999999997	0.03920000000289292	Ripples						0.03920000000289292	20032.9976	12.204265318112883	169.30996419192826	1132.285786680671	
20033.0736	0.031199999997625127	Ripples						0.031199999997625127	20033.091999999997	11.714281027181217	155.14315392832034	1050.8532499873286	
20033.8216	0.039999999997235136	Ripples						0.039999999997235136	20033.8432	16.348097568267857	158.78101117471658	1435.6299230594477	
20034.688799999996	0.028000000002066372	Ripples						0.028000000002066372	20034.703199999996	15.932527179446836	160.72936969688962	1308.0974943846802	
20036.7168	0.03919999999925494	Ripples						0.03919999999925494	20036.744799999997	12.779582320184337	155.58537976999045	1177.6661273794468	
20037.1216	0.035199999998440035	Ripples						0.035199999998440035	20037.1432	6.457076241177785	165.52723814992504	910.4327419530913	
20037.4136	0.044799999999668216	Ripples						0.044799999999668216	20037.4424	17.51444191659883	163.2657840862689	1417.9365088355578	
20038.5016	0.025599999997211853	Ripples						0.025599999997211853	20038.5176	14.732240543165178	164.54586759442543	1204.374903612838	
20038.6256	0.035199999998440035	Ripples						0.035199999998440035	20038.6376	14.28506269467514	157.65151236514978	1270.796142313615	
20042.009599999998	0.033600000002479646	Ripples						0.033600000002479646	20042.0208	8.42592725567494	165.33871055142862	969.7807975108748	
20042.572799999998	0.024000000001251465	Ripples						0.024000000001251465	20042.5864	9.944059984262497	163.65373787585062	1029.2926746577268	
20044.8344	0.05760000000009313	Ripples						0.05760000000009313	20044.868	14.290581240215083	150.25649226787343	1227.7091631291823	
20045.3448	0.040000000000873115	Ripples						0.040000000000873115	20045.3576	10.877613536863628	180.35403805320036	1025.7872346738807	
20046.46	0.035199999998440035	Ripples						0.035199999998440035	20046.4816	6.192538347525213	149.75961787636746	839.789381809381	
20047.6256	0.03280000000086147	Ripples						0.03280000000086147	20047.647999999997	5.0762757252707	146.86717838400946	555.0505082432409	
20048.541599999997	0.028000000002066372	Ripples						0.028000000002066372	20048.555999999997	13.944557765958402	159.39624476000498	1283.1031012431963	
20049.4168	0.051199999998061685	Ripples						0.051199999998061685	20049.4384	15.248974359149699	154.06923453005533	1273.4148304952998	
20050.5352	0.04560000000128639	Ripples						0.04560000000128639	20050.555999999997	21.756291471928414	161.63030210755466	1528.5358946654753	
20051.110399999998	0.06799999999930151	Ripples						0.06799999999930151	20051.1432	8.51979448380549	175.3268231379837	823.7542155315016	
20052.2928	0.027999999998428393	Ripples						0.027999999998428393	20052.3088	5.395990882684231	168.19431548220678	817.1029089844651	
20055.955199999997	0.028800000000046566	Ripples						0.028800000000046566	20055.9712	10.638052298264126	168.44361739649597	1099.3725306045176	
20056.6816	0.03599999999642023	Ripples						0.03599999999642023	20056.695999999996	6.676012219847035	169.29649131257383	919.0564597777993	
20057.1296	0.0319999999992433	Ripples						0.0319999999992433	20057.146399999998	12.453644097675944	170.62867131793718	1157.3022922855757	
20057.244799999997	0.028800000000046566	Ripples						0.028800000000046566	20057.2584	11.890196837209169	171.3689008521236	1098.8618040834706	
20058.4096	0.03600000000005821	Ripples						0.03600000000005821	20058.4272	15.756427646634936	161.80342991647373	1394.352506574983	
20058.5664	0.02079999999841675	Ripples						0.02079999999841675	20058.5768	8.332741390451057	165.88525353465428	925.769165958744	
20058.717599999996	0.02080000000205473	Ripples						0.02080000000205473	20058.725599999998	5.54656450519964	161.54415509122433	772.9885782835188	
20061.1664	0.028000000002066372	Ripples						0.028000000002066372	20061.1808	12.815000659722022	163.62613140733595	1212.1844846993642	
20061.3	0.031199999997625127	Ripples						0.031199999997625127	20061.316	18.41904945579439	167.1345785865113	1452.5430551868565	
20062.633599999997	0.037599999999656575	Ripples						0.037599999999656575	20062.6504	10.118956537250527	168.58954263771088	1110.4590442986278	
20062.832799999996	0.03840000000127475	Ripples						0.03840000000127475	20062.8608	7.36625750041457	156.37906279726369	893.2126860942384	
20063.358399999997	0.03280000000086147	Ripples						0.03280000000086147	20063.3752	11.633729925783367	164.06755906458307	1177.8627870206012	
20067.473599999998	0.047200000000884756	Ripples						0.047200000000884756	20067.496799999997	12.46124561040797	157.23907076951494	1199.7315872124311	
20067.608	0.023999999997613486	Ripples						0.023999999997613486	20067.619199999997	12.872395987367385	163.3922507914075	1151.8381496472175	
20070.0864	0.0319999999992433	Ripples						0.0319999999992433	20070.103199999998	18.521701466055017	163.80036126168585	1497.1097138791167	
20071.0064	0.035199999998440035	Ripples						0.035199999998440035	20071.0136	7.821867300764054	173.60491214493743	814.8277745808462	
20073.068	0.04320000000006985	Ripples						0.04320000000006985	20073.0936	10.246205371431593	153.03557514063493	1086.261662546919	
20073.408	0.03440000000045984	Ripples						0.03440000000045984	20073.428799999998	11.005563220524747	155.57894941690034	1053.0016293847805	
20073.604	0.037599999999656575	Ripples						0.037599999999656575	20073.6288	10.907714806255315	160.45423225158646	1170.8276695879456	
20073.7784	0.032799999997223495	Ripples						0.032799999997223495	20073.7928	9.546354156867299	151.2475389314709	927.9590233266944	
20073.8848	0.032799999997223495	Ripples						0.032799999997223495	20073.8992	11.34258488218784	164.94144234138662	1148.1084346143878	
20079.036	0.031199999997625127	Ripples						0.031199999997625127	20079.052799999998	11.293024299001116	161.33894814644523	1141.3290322926437	
20079.1872	0.02959999999802676	Ripples						0.02959999999802676	20079.203199999996	16.574663886135514	169.00979975466674	1349.8815981851476	
20079.322399999997	0.020000000000436557	Ripples						0.020000000000436557	20079.336	5.515924380426684	163.5664220986287	778.775876017572	
20081.4632	0.03440000000045984	Ripples						0.03440000000045984	20081.482399999997	27.799777560780925	166.7765594997242	1696.942303312508	
20082.7984	0.035199999998440035	Ripples						0.035199999998440035	20082.815199999997	15.568504132198873	170.2203700059514	1346.0095460595544	
20086.548799999997	0.04560000000128639	Ripples						0.04560000000128639	20086.5664	15.531292729498853	161.45084770783905	1364.380829136572	
20086.8504	0.032799999997223495	Ripples						0.032799999997223495	20086.872	7.803501786305476	149.63067877786958	855.40985718762	
20087.1944	0.027999999998428393	Ripples						0.027999999998428393	20087.2048	8.376094210746569	169.11871740908566	943.3603935604787	
20089.264799999997	0.0816000000013446	Ripples						0.0816000000013446	20089.289599999996	21.155499734660044	155.18570513124462	1517.6076908058642	
20091.3032	0.03600000000005821	Ripples						0.03600000000005821	20091.3288	8.43790642555614	161.68497512155872	974.1284042230669	
20091.433599999997	0.026400000002468005	Ripples						0.026400000002468005	20091.4472	10.693346920758211	163.3034872362702	1137.3648682956882	
20091.892	0.023199999999633292	Ripples						0.023199999999633292	20091.9024	6.173727719162594	165.98153727633783	874.9204355980227	
20091.960799999997	0.05280000000129803	Ripples						0.05280000000129803	20091.996	13.897505264531674	150.01272692181584	1181.6583042275113	
20093.123199999998	0.06480000000010477	Ripples						0.06480000000010477	20093.1416	11.100519121223558	146.9284325665069	1035.3601069634628	
20094.763199999998	0.025600000000849832	Ripples						0.025600000000849832	20094.7784	11.061249506171484	154.3382258421962	927.9526676647293	
20095.283199999998	0.022400000001653098	Ripples						0.022400000001653098	20095.300799999997	6.461458940647475	156.20075712094481	657.5481523435373	
20095.7208	0.0319999999992433	Ripples						0.0319999999992433	20095.735999999997	17.107318677802972	158.5131648913179	1398.9835052733958	
20096.232799999998	0.0319999999992433	Ripples						0.0319999999992433	20096.247199999998	13.854306873556299	158.0176171132118	1257.3889640545522	
20099.7424	0.027999999998428393	Ripples						0.027999999998428393	20099.7568	10.82383679094883	166.03607427912488	1172.9891494500182	
20103.9008	0.0319999999992433	Ripples						0.0319999999992433	20103.9224	8.870234744103504	153.1299656726061	947.8264983926609	
20104.3344	0.026399999998830026	Ripples						0.026399999998830026	20104.3536	7.53567779986315	167.86206858714576	888.3786114774764	
20104.712799999998	0.0319999999992433	Ripples						0.0319999999992433	20104.724	7.571491705324051	152.54847985981473	871.2332403491974	
20104.9776	0.026399999998830026	Ripples						0.026399999998830026	20104.9904	12.58359466462987	170.84952225780683	1118.9875092139257	
20106.379999999997	0.0856000000021595	Ripples						0.0856000000021595	20106.435999999998	6.596832035355652	151.972836690169	605.1050736616903	
20106.5032	0.031199999997625127	Ripples						0.031199999997625127	20106.5144	10.063621753627704	157.82764468583602	1105.142494032439	
20107.872799999997	0.033600000002479646	Ripples						0.033600000002479646	20107.8896	16.222584831703543	158.16543704155941	1337.0730234263099	
20108.440799999997	0.044800000003306195	Ripples						0.044800000003306195	20108.451999999997	8.347989721060067	155.70359369800607	965.1184948374714	
20111.0104	0.023199999999633292	Ripples						0.023199999999633292	20111.0232	7.0461191017629154	162.35974941609322	909.843232722991	
20111.372	0.027999999998428393	Ripples						0.027999999998428393	20111.379999999997	6.276539187885801	155.1070327049779	772.5883096925362	
20111.489599999997	0.023199999999633292	Ripples						0.023199999999633292	20111.5016	9.239299952467464	166.11026587760284	970.8358261160331	
20116.531199999998	0.028800000000046566	Ripples						0.028800000000046566	20116.5424	10.800034933379019	153.76573913433919	899.520504234291	
20118.2152	0.023999999997613486	Ripples						0.023999999997613486	20118.228799999997	12.106627268662777	169.80271386216606	1081.8010379144082	
20118.672	0.040000000000873115	Ripples						0.040000000000873115	20118.6992	7.796106282419124	157.83401204302697	999.0760629128474	
20119.4384	0.02239999999801512	Ripples						0.02239999999801512	20119.4528	10.350035480298517	163.06986527345728	1013.8144141167083	
20121.471999999998	0.024000000001251465	Ripples						0.024000000001251465	20121.486399999998	5.726327457179421	165.10122399891583	789.5973937136114	
20124.471999999998	0.037599999999656575	Ripples						0.037599999999656575	20124.483999999997	9.013669961554987	153.9636104129562	933.925794672816	
20124.572799999998	0.04320000000006985	Ripples						0.04320000000006985	20124.588	9.115132333667042	151.2968699276516	953.3776581470544	
20125.716	0.0367999999980384	Ripples						0.0367999999980384	20125.735999999997	14.1807088065153	160.38048420903655	1281.4153445006625	
20126.237599999997	0.044799999999668216	Ripples						0.044799999999668216	20126.248	8.039315826590721	158.28586878346235	928.6461343819709	
20132.394399999997	0.03440000000045984	Ripples						0.03440000000045984	20132.408	10.964146413240524	173.2897844682827	1044.2375828787463	
20132.755999999998	0.028000000002066372	Ripples						0.028000000002066372	20132.770399999998	9.999265278859193	155.95394281255045	1023.1544648608871	
20132.8608	0.02959999999802676	Ripples						0.02959999999802676	20132.8776	11.657267846349411	169.44400035456516	1150.4522318881536	
20135.476799999997	0.03200000000288128	Ripples						0.03200000000288128	20135.4944	8.603875029240502	151.59510002934624	899.9363193325275	
20135.5928	0.020000000000436557	Ripples						0.020000000000436557	20135.603199999998	7.963727610346427	167.08092312411628	851.6722335375069	
20139.691199999997	0.030399999999644933	Ripples						0.030399999999644933	20139.708	16.44354828819219	164.00008352325304	1408.2800743144528	
20143.4872	0.03600000000005821	Ripples						0.03600000000005821	20143.5072	11.538067045918766	171.72177321084303	1210.6066355040118	
20143.858399999997	0.09760000000096625	Ripples						0.09760000000096625	20143.9352	10.989154576728573	148.07786609864363	1082.9678796314142	
20144.1472	0.044799999999668216	Ripples						0.044799999999668216	20144.176	8.009380719900847	153.51016693800423	1054.0246539362442	
20145.2408	0.02479999999923166	Ripples						0.02479999999923166	20145.2512	11.064477944448605	160.53725543845337	984.6357418613691	
20148.260799999996	0.02320000000327127	Ripples						0.02320000000327127	20148.2728	7.17475056154599	157.07300327173894	898.8324402836197	
20148.408	0.0367999999980384	Ripples						0.0367999999980384	20148.419199999997	11.848240490315234	166.3720519895808	966.8004325985107	
20150.7208	0.04079999999885331	Ripples						0.04079999999885331	20150.7408	6.621729825657336	153.463538075708	842.535330287848	
20150.9352	0.032799999997223495	Ripples						0.032799999997223495	20150.9512	6.5479154078375625	158.8679178443979	874.3466667929443	
20151.682399999998	0.031200000001263106	Ripples						0.031200000001263106	20151.6992	15.136401482127951	156.01159180368862	1298.0878224423461	
20151.816799999997	0.022400000001653098	Ripples						0.022400000001653098	20151.825599999996	5.911668944613761	152.94251418390954	721.4889873721357	
20158.995199999998	0.03919999999925494	Ripples						0.03919999999925494	20159.012799999997	7.382383315890609	156.42641796434887	838.9409034739497	
20163.6112	0.03919999999925494	Ripples						0.03919999999925494	20163.623199999998	12.529663968040198	165.7698540169221	1196.3352146074292	
20165.2528	0.06079999999928987	Ripples						0.06079999999928987	20165.296799999996	9.04540815708804	159.8158578322975	963.0331337229929	
20165.378399999998	0.03359999999884167	Ripples						0.03359999999884167	20165.387199999997	13.579985853058753	158.61010303746937	1080.0211733344656	
20165.5496	0.025600000000849832	Ripples						0.025600000000849832	20165.561599999997	10.844904285840833	155.30956419190187	971.2779604371076	
20166.935999999998	0.03280000000086147	Ripples						0.03280000000086147	20166.955199999997	19.758841138959514	161.323738816324	1449.9550705910508	
20169.775199999996	0.02080000000205473	Ripples						0.02080000000205473	20169.7888	5.430413211939989	165.15678265899655	794.2616390340199	
20170.424	0.03280000000086147	Ripples						0.03280000000086147	20170.4416	9.216642741582296	168.51509683684932	1086.0610586134324	
20170.899999999998	0.022400000001653098	Ripples						0.022400000001653098	20170.908	5.284124509602076	159.7346559586943	747.3751805562465	
20173.0	228.0	SleepStates											Awake
20205.0568	0.10399999999935972	Ripples						0.10399999999935972	20205.0736	14.078513905152645	158.0181733145296	1308.185929184651	
20212.0984	0.021600000000034925	Ripples						0.021600000000034925	20212.1072	6.4058234869232	164.87703208259043	822.6557665300484	
20220.176	0.026399999998830026	Ripples						0.026399999998830026	20220.187199999997	5.957696467133472	176.7345791790794	726.5997126766224	
20221.2784	0.030399999999644933	Ripples						0.030399999999644933	20221.302399999997	6.66668350830302	153.83291116249012	722.3078489291839	
20332.043999999998	0.03600000000005821	Ripples						0.03600000000005821	20332.068	6.166966017942053	173.77060022452488	812.8302435055998	
20333.1808	0.03359999999884167	Ripples						0.03359999999884167	20333.1976	9.592968136111748	155.6957181589082	1057.716814894689	
20333.263199999998	0.024000000001251465	Ripples						0.024000000001251465	20333.277599999998	8.103529412391827	159.04646511233992	936.668667722066	
20335.378399999998	0.09200000000055297	Ripples						0.09200000000055297	20335.394399999997	10.065859344843531	165.97230138634396	1106.6427085275316	
20394.1704	0.056000000000494765	Ripples						0.056000000000494765	20394.188	15.52439964847084	174.93943779867826	1194.6279477820656	
20400.273599999997	0.022400000001653098	Ripples						0.022400000001653098	20400.284799999998	10.741470186066376	162.21656075240617	1098.0252419194596	
20400.415999999997	0.03840000000127475	Ripples						0.03840000000127475	20400.435999999998	7.399723695920689	169.60621771755154	971.3424200136517	
20402.0	445.0	SleepStates											Non-REM
20402.7392	0.07359999999971478	Ripples						0.07359999999971478	20402.763199999998	14.231072760609734	156.87717005371832	1191.133514530265	
20408.1744	0.030399999999644933	Ripples						0.030399999999644933	20408.188	13.643941919696983	161.50761735896575	1266.7750808685184	
20410.329599999997	0.02960000000166474	Ripples						0.02960000000166474	20410.3376	8.372183378125888	157.1435099979019	883.5568592324747	
20410.4008	0.020000000000436557	Ripples						0.020000000000436557	20410.4136	6.906779116247076	165.93721589883546	826.8611081148144	
20413.790399999998	0.02479999999923166	Ripples						0.02479999999923166	20413.802399999997	7.213124071387194	158.93661216125824	901.0639155210636	
20419.1416	0.06880000000091968	Ripples						0.06880000000091968	20419.1864	11.028033247597012	158.53673482119484	1210.631999697368	
20421.2888	0.07119999999849824	Ripples						0.07119999999849824	20421.336799999997	10.355595629497033	158.56289831542875	1056.0368225234865	
20421.404	0.03440000000045984	Ripples						0.03440000000045984	20421.42	24.464392792319845	168.45871183184738	1703.159400794676	
20421.5648	0.023999999997613486	Ripples						0.023999999997613486	20421.5784	9.195992411621317	156.5856408315149	966.5578393878841	
20422.6376	0.03919999999925494	Ripples						0.03919999999925494	20422.660799999998	14.388410294173678	160.99423518430135	1375.1542901919904	
20424.699999999997	0.02080000000205473	Ripples						0.02080000000205473	20424.707199999997	6.646103268899235	159.83523189254754	786.2921036534794	
20427.5288	0.02079999999841675	Ripples						0.02079999999841675	20427.539999999997	5.361089326656875	159.1977531335514	833.8012022953994	
20430.2032	0.0911999999989348	Ripples						0.0911999999989348	20430.2384	14.420121375144165	157.5952778214033	1232.9906937782653	
20433.230399999997	0.056000000000494765	Ripples						0.056000000000494765	20433.264	8.987118536842988	147.15023843992975	697.7893533513785	
20435.780799999997	0.04800000000250293	Ripples						0.04800000000250293	20435.816	7.6449033744294415	163.80327536555706	885.5646084768989	
20437.561599999997	0.03920000000289292	Ripples						0.03920000000289292	20437.5864	16.537268277833263	151.20672084921262	1331.4391355609089	
20438.4928	0.02079999999841675	Ripples						0.02079999999841675	20438.5064	5.835799874742758	162.16170691058616	789.7181215600086	
20438.9312	0.04320000000006985	Ripples						0.04320000000006985	20438.950399999998	9.073567541088371	159.86688266867955	1096.9609878181948	
20441.000799999998	0.058400000001711305	Ripples						0.058400000001711305	20441.038399999998	11.890735026401995	162.7252267873048	1269.6698929459008	
20444.783199999998	0.04400000000168802	Ripples						0.04400000000168802	20444.811999999998	10.972254841614088	172.32466707756691	1151.8648523711518	
20446.5784	0.0319999999992433	Ripples						0.0319999999992433	20446.594399999998	11.745138480276848	174.74081538875558	992.3280513998102	
20448.163999999997	0.0544000000008964	Ripples						0.0544000000008964	20448.1992	9.006844000001248	156.2832126246244	980.9184434163114	
20448.642399999997	0.031200000001263106	Ripples						0.031200000001263106	20448.653599999998	7.259980536703513	164.22745819384886	898.3166855137879	
20449.354399999997	0.07840000000214786	Ripples						0.07840000000214786	20449.381599999997	20.052660664697648	163.17834343591647	1550.7408118555306	
20451.1456	0.05519999999887659	Ripples						0.05519999999887659	20451.156	6.898162927803033	157.78355490873673	795.3930462378223	
20451.264799999997	0.03280000000086147	Ripples						0.03280000000086147	20451.283199999998	5.814134757174762	150.4858068552164	736.363352585726	
20453.119199999997	0.03680000000167638	Ripples						0.03680000000167638	20453.1456	18.356794678374154	163.49605024895527	1396.5435788450322	
20458.768799999998	0.023199999999633292	Ripples						0.023199999999633292	20458.779199999997	8.635054871319053	159.2441340968541	906.0660872771238	
20460.529599999998	0.03919999999925494	Ripples						0.03919999999925494	20460.5408	7.382848953715252	167.28835640852364	879.7182874626943	
20460.928	0.023199999999633292	Ripples						0.023199999999633292	20460.9384	6.553176156026435	165.4927007179649	853.2369408581208	
20461.2248	0.042399999998451676	Ripples						0.042399999998451676	20461.243199999997	10.489345092706742	177.72495771567654	875.2198421197477	
20462.7568	0.04959999999846332	Ripples						0.04959999999846332	20462.773599999997	15.022351713623776	164.79010132753072	1265.7713837392912	
20463.003999999997	0.026400000002468005	Ripples						0.026400000002468005	20463.015199999998	9.083487040739055	167.12260536971974	966.9495820498793	
20464.450399999998	0.04160000000047148	Ripples						0.04160000000047148	20464.4784	16.802913301435723	162.7616804068947	1395.7330404962556	
20465.290399999998	0.035199999998440035	Ripples						0.035199999998440035	20465.3104	14.722366214801797	166.4597431482172	1342.7216959611249	
20467.225599999998	0.04079999999885331	Ripples						0.04079999999885331	20467.255999999998	11.218990248976166	159.03724480072276	1118.6754737075303	
20467.32	0.05199999999967986	Ripples						0.05199999999967986	20467.332799999996	10.623200449530053	171.35774250649425	960.2955714356096	
20469.5464	0.06079999999928987	Ripples						0.06079999999928987	20469.587199999998	12.44951353502905	160.78327119860535	1226.5996138241028	
20470.139199999998	0.03440000000045984	Ripples						0.03440000000045984	20470.1528	16.52819938245049	162.8126307553579	1347.634979511024	
20475.327999999998	0.118399999999383	Ripples						0.118399999999383	20475.4272	10.202606160190387	160.60651300858422	1103.603027507093	
20479.2208	0.02079999999841675	Ripples						0.02079999999841675	20479.2312	5.332975135925393	170.2758908457463	776.0134763190767	
20479.3808	0.05040000000008149	Ripples						0.05040000000008149	20479.4064	10.854894086723748	144.12555631143658	974.1510335985516	
20480.6296	0.0319999999992433	Ripples						0.0319999999992433	20480.649599999997	11.66878461467674	171.42235693798816	1127.7239591021582	
20481.683999999997	0.06960000000253785	Ripples						0.06960000000253785	20481.7336	16.238785993886793	159.88337598985743	1579.958692474932	
20481.9384	0.023199999999633292	Ripples						0.023199999999633292	20481.951999999997	9.378487781549593	171.78538081288775	917.2636329158425	
20485.9328	0.021600000000034925	Ripples						0.021600000000034925	20485.9472	6.138221910798234	159.29781511259253	826.1155819176234	
20486.291999999998	0.026399999998830026	Ripples						0.026399999998830026	20486.307999999997	7.624105557604068	176.2517516543229	819.1058831733227	
20487.0552	0.0319999999992433	Ripples						0.0319999999992433	20487.072	10.952872388052507	166.68755248827352	1143.1493365582164	
20487.9928	0.03919999999925494	Ripples						0.03919999999925494	20488.012799999997	20.253249798200923	171.00653989545344	1527.1659480090564	
20489.3016	0.03839999999763677	Ripples						0.03839999999763677	20489.323999999997	10.687171814551354	170.53521460046002	1084.8316562973168	
20493.924	0.059999999997671694	Ripples						0.059999999997671694	20493.931999999997	7.777455218533618	170.09583392800198	810.2534304794457	
20497.124799999998	0.020000000000436557	Ripples						0.020000000000436557	20497.1384	5.437246835603702	159.27000484326115	718.3386110067805	
20497.1648	0.040000000000873115	Ripples						0.040000000000873115	20497.1792	5.166260794994648	162.7821135327091	790.0852945281151	
20504.244	0.03600000000005821	Ripples						0.03600000000005821	20504.2696	6.1125118455951215	153.23605298585727	751.0575508008542	
20505.763199999998	0.026399999998830026	Ripples						0.026399999998830026	20505.779199999997	5.262966340207906	168.25688478168234	744.9326999261392	
20507.6384	0.02959999999802676	Ripples						0.02959999999802676	20507.656799999997	8.49001840554513	154.1097183622501	908.5231272150617	
20509.3608	0.05199999999967986	Ripples						0.05199999999967986	20509.3864	16.146766584182043	164.0621099594109	1480.5226178210798	
20509.443199999998	0.026399999998830026	Ripples						0.026399999998830026	20509.455199999997	6.749539548316378	154.77928738462978	812.3684388580953	
20509.698399999997	0.04560000000128639	Ripples						0.04560000000128639	20509.712799999998	12.759065763273782	161.47512429973978	1255.0562231174551	
20513.998399999997	0.07200000000011642	Ripples						0.07200000000011642	20514.036799999998	17.777217662675596	152.7219515445146	1314.2321013287049	
20514.6832	0.037599999999656575	Ripples						0.037599999999656575	20514.699999999997	15.533259300873164	155.79987001704126	1308.5192731872658	
20517.0432	0.03439999999682186	Ripples						0.03439999999682186	20517.0592	9.443431151503669	168.28351779037385	1106.034331720241	
20518.3072	0.032799999997223495	Ripples						0.032799999997223495	20518.3232	14.974034382590396	163.3323858498808	1373.05380445734	
20519.3072	0.031199999997625127	Ripples						0.031199999997625127	20519.3288	5.09393306072671	173.9674365393275	744.5597375345951	
20524.103199999998	0.0319999999992433	Ripples						0.0319999999992433	20524.124799999998	8.77968764228991	170.9556810703387	956.5161519451412	
20524.8144	0.09759999999732827	Ripples						0.09759999999732827	20524.8792	16.06136917990979	160.83239282857554	1518.9366810855036	
20526.708	0.02239999999801512	Ripples						0.02239999999801512	20526.7224	6.183779111432057	161.41137253597947	918.2071912077357	
20537.212	0.03440000000045984	Ripples						0.03440000000045984	20537.223199999997	9.86878237692876	171.76726704007967	969.5654271777553	
20540.127999999997	0.04080000000249129	Ripples						0.04080000000249129	20540.144	17.980889800182684	166.07882299227893	1451.3232175751068	
20540.620799999997	0.035200000002078013	Ripples						0.035200000002078013	20540.6376	9.810252303026994	171.90812635228394	1067.7144018070846	
20543.696799999998	0.0544000000008964	Ripples						0.0544000000008964	20543.7168	13.546915029963257	161.61069829801332	1364.8183890757375	
20549.741599999998	0.0272000000004482	Ripples						0.0272000000004482	20549.751999999997	12.828297266641679	164.76343683593552	1149.9619862979014	
20550.0736	0.039999999997235136	Ripples						0.039999999997235136	20550.1008	11.471164697876137	162.49381337086098	1241.3818175627841	
20550.203999999998	0.02080000000205473	Ripples						0.02080000000205473	20550.2176	5.850634388980558	159.9996063022939	788.854584941038	
20550.924799999997	0.05520000000251457	Ripples						0.05520000000251457	20550.951999999997	14.617515715845942	154.89691508233898	1354.241438582997	
20551.0984	0.021600000000034925	Ripples						0.021600000000034925	20551.108	8.272749150477875	172.64632187347232	787.4302959215083	
20551.48	0.031199999997625127	Ripples						0.031199999997625127	20551.4944	16.026036916858924	164.68032026654038	1340.7238624316785	
20552.4632	0.046399999999266583	Ripples						0.046399999999266583	20552.4848	7.111516033374533	148.85358285660777	830.3041395365158	
20553.5712	0.025600000000849832	Ripples						0.025600000000849832	20553.587199999998	5.253951019791441	163.99078984060503	799.4326899091116	
20553.6592	0.053599999999278225	Ripples						0.053599999999278225	20553.692799999997	7.532909301342759	157.78491931757202	995.3728419823823	
20557.271999999997	0.033600000002479646	Ripples						0.033600000002479646	20557.2888	18.99223112819939	162.14725389938226	1488.1523019924427	
20558.5984	0.031200000001263106	Ripples						0.031200000001263106	20558.6128	6.806219434833562	157.9413099704298	850.9579188162097	
20561.811999999998	0.07280000000173459	Ripples						0.07280000000173459	20561.872	12.976424213150949	159.77560114824453	1198.4518388704362	
20565.2456	0.0272000000004482	Ripples						0.0272000000004482	20565.26	11.595548678591767	160.45736942505633	1140.651248433558	
20566.966399999998	0.030399999999644933	Ripples						0.030399999999644933	20566.980799999998	20.867915004023676	162.88389899293753	1545.8711044960494	
20568.311199999996	0.03840000000127475	Ripples						0.03840000000127475	20568.327999999998	14.292779717545393	163.2508111802982	1259.7008994242346	
20570.0448	0.06719999999768334	Ripples						0.06719999999768334	20570.0648	14.17669840396166	160.74955196283022	1238.7465075174748	
20572.198399999997	0.0272000000004482	Ripples						0.0272000000004482	20572.2152	7.1963989732641735	159.2300968561714	886.4782360630578	
20572.795199999997	0.04560000000128639	Ripples						0.04560000000128639	20572.827999999998	9.35654982209316	165.80554316563666	1045.9320205287192	
20573.9832	0.02959999999802676	Ripples						0.02959999999802676	20573.996799999997	11.27204964615956	167.80644693509552	1151.99388644055	
20574.119199999997	0.033600000002479646	Ripples						0.033600000002479646	20574.142399999997	8.809130567825642	173.0203981277674	959.1308351117466	
20578.4152	0.03359999999884167	Ripples						0.03359999999884167	20578.4328	12.558635802123359	164.12327965340623	1328.0027870430645	
20581.1512	0.03359999999884167	Ripples						0.03359999999884167	20581.171199999997	15.034840824391438	165.753625646222	1361.3254759140748	
20581.264	0.0272000000004482	Ripples						0.0272000000004482	20581.2816	7.397286273054591	169.3654442856693	864.3165641181474	
20581.685599999997	0.026400000002468005	Ripples						0.026400000002468005	20581.701599999997	11.40677214627512	164.41986705407516	1132.810094325808	
20583.926399999997	0.022400000001653098	Ripples						0.022400000001653098	20583.9368	7.988038544517152	173.89003181136286	826.6940414968226	
20584.0552	0.026399999998830026	Ripples						0.026399999998830026	20584.068799999997	15.501736456974978	166.44469575612385	1296.2536670621423	
20587.0192	0.026399999998830026	Ripples						0.026399999998830026	20587.032	10.170309791698681	172.41232193159323	979.4216450675468	
20587.847999999998	0.040000000000873115	Ripples						0.040000000000873115	20587.8592	7.264737204467782	154.05128934810446	887.1224671913187	
20589.728	0.037599999999656575	Ripples						0.037599999999656575	20589.741599999998	9.276945620166773	174.90324212161184	944.5776703562046	
20590.018399999997	0.024800000002869638	Ripples						0.024800000002869638	20590.0352	8.636437106668897	158.08315498671192	961.2147384849894	
20592.559999999998	0.04400000000168802	Ripples						0.04400000000168802	20592.575999999997	8.970171605998866	171.40370176369484	1025.4551194277008	
20593.5	0.09039999999731663	Ripples						0.09039999999731663	20593.577599999997	10.655332443524072	158.4733610311135	1267.3772757782156	
20595.663999999997	0.03440000000045984	Ripples						0.03440000000045984	20595.6816	10.9029834227705	162.06282776608947	1127.030156982312	
20596.0072	0.03919999999925494	Ripples						0.03919999999925494	20596.018399999997	6.946334618238246	162.90559647684705	888.0728827865003	
20596.1384	0.04559999999764841	Ripples						0.04559999999764841	20596.160799999998	11.87391157182856	151.93075239083984	1240.7050537756213	
20596.3448	0.0319999999992433	Ripples						0.0319999999992433	20596.363999999998	13.041894256896342	170.48559716097012	1192.6671016492164	
20597.777599999998	0.06480000000010477	Ripples						0.06480000000010477	20597.795199999997	7.113824191727286	159.60224655761527	872.6938030099029	
20599.539999999997	0.021600000000034925	Ripples						0.021600000000034925	20599.548	7.777514941650826	162.47911245660092	904.203399147252	
20599.7352	0.07279999999809661	Ripples						0.07279999999809661	20599.7568	12.862012037438951	153.5509483411176	1133.9016953669832	
20600.277599999998	0.020000000000436557	Ripples						0.020000000000436557	20600.2888	5.052179725372429	168.06371035806754	744.614914099174	
20602.165599999997	0.04160000000047148	Ripples						0.04160000000047148	20602.188	9.681545210183497	164.64679964259105	1155.1449772595802	
20603.852	0.030399999999644933	Ripples						0.030399999999644933	20603.874399999997	6.7587368408770745	161.8158852232576	819.8936225670574	
20605.565599999998	0.06880000000091968	Ripples						0.06880000000091968	20605.624799999998	7.582234887894842	152.24283111413757	821.6588753066605	
20605.7944	0.05199999999967986	Ripples						0.05199999999967986	20605.832799999996	8.1392530045155	159.70515518959868	993.3798385267063	
20607.430399999997	0.025600000000849832	Ripples						0.025600000000849832	20607.444799999997	6.879424210660127	153.11511134098376	811.2801831334801	
20607.784799999998	0.07359999999971478	Ripples						0.07359999999971478	20607.791999999998	5.303909126360746	170.85602301359543	753.7162411603393	
20610.199999999997	0.04640000000290456	Ripples						0.04640000000290456	20610.211199999998	10.301791735962045	153.9449104032376	977.1370696419235	
20612.993599999998	0.03919999999925494	Ripples						0.03919999999925494	20613.016	12.701191407967944	172.92384203545575	1168.6005645467403	
20614.4712	0.023199999999633292	Ripples						0.023199999999633292	20614.483999999997	9.846075668497368	165.07101175216306	943.9626470597849	
20614.7032	0.04399999999805004	Ripples						0.04399999999805004	20614.727199999998	12.966622677961071	162.42645344572202	1370.5509671039915	
20615.847999999998	0.0544000000008964	Ripples						0.0544000000008964	20615.874399999997	16.80204823157717	160.74165121632828	1439.4467197386348	
20616.0952	0.03839999999763677	Ripples						0.03839999999763677	20616.115999999998	19.152403095921436	152.11542763380854	1389.3196869816004	
20618.1672	0.03919999999925494	Ripples						0.03919999999925494	20618.189599999998	7.128581649567408	161.28606420573468	1019.1242433870964	
20618.505599999997	0.02960000000166474	Ripples						0.02960000000166474	20618.5208	8.217280773394474	150.85369102619862	693.9662530827045	
20621.7656	0.06480000000010477	Ripples						0.06480000000010477	20621.795199999997	5.806333472820714	158.02009059732217	838.015572559244	
20627.516	0.05439999999725842	Ripples						0.05439999999725842	20627.5496	22.527763383692985	154.67665076478838	1598.2603163374802	
20629.505599999997	0.028000000002066372	Ripples						0.028000000002066372	20629.519999999997	12.31470543407744	156.57464847781742	1054.5287776245295	
20629.9872	0.02959999999802676	Ripples						0.02959999999802676	20630.0064	10.1847060736517	171.30668096702536	1048.1840672514934	
20630.1184	0.023999999997613486	Ripples						0.023999999997613486	20630.131999999998	9.060729553144192	169.33152974630974	914.5647618314142	
20631.529599999998	0.03280000000086147	Ripples						0.03280000000086147	20631.545599999998	10.695546501719782	167.9511085799888	1120.4807171544853	
20631.662399999997	0.033600000002479646	Ripples						0.033600000002479646	20631.685599999997	16.079612683774275	163.14757533984675	1255.0642863814526	
20631.784799999998	0.028800000000046566	Ripples						0.028800000000046566	20631.7984	5.000864591558294	159.05189236068026	819.581585331909	
20633.375999999997	0.03680000000167638	Ripples						0.03680000000167638	20633.401599999997	12.046951033251347	164.80009240547972	1112.9600938116305	
20633.861599999997	0.03200000000288128	Ripples						0.03200000000288128	20633.8792	9.7608269971127	152.07569492086688	936.6418513432972	
20634.365599999997	0.033600000002479646	Ripples						0.033600000002479646	20634.383199999997	16.552189082439675	162.05209445015632	1463.759336103621	
20634.9632	0.025600000000849832	Ripples						0.025600000000849832	20634.980799999998	8.074047611502627	158.455103828757	919.9300794988623	
20638.115999999998	0.04320000000006985	Ripples						0.04320000000006985	20638.1368	27.63827777053986	161.79786889799706	1905.9401211384961	
20638.881599999997	0.028800000000046566	Ripples						0.028800000000046566	20638.9008	8.28679651746992	166.50213315914095	983.667380976622	
20644.335199999998	0.0319999999992433	Ripples						0.0319999999992433	20644.3536	12.332298970486349	156.62335656497845	1199.845636650666	
20645.538399999998	0.04080000000249129	Ripples						0.04080000000249129	20645.5536	12.876525067215479	156.802506365301	1246.9765270884843	
20645.679999999997	0.04800000000250293	Ripples						0.04800000000250293	20645.699999999997	19.840431692609066	169.00845980892365	1606.302058525093	
20647.806399999998	0.06079999999928987	Ripples						0.06079999999928987	20647.851199999997	7.840704182370034	157.37408743957738	948.0651257709784	
20647.957599999998	0.035200000002078013	Ripples						0.035200000002078013	20647.9712	14.810805772354637	164.9047371190313	1248.6332232179434	
20648.512799999997	0.03200000000288128	Ripples						0.03200000000288128	20648.534399999997	11.079062116702689	172.39167794830982	1082.7064732761	
20648.9496	0.046399999999266583	Ripples						0.046399999999266583	20648.98	9.491047434715336	164.18619210070145	1067.7411034224094	
20650.2984	0.02079999999841675	Ripples						0.02079999999841675	20650.3128	8.84262337474192	169.22899355914197	846.3431946040927	
20653.6472	0.028800000000046566	Ripples						0.028800000000046566	20653.663999999997	10.822301898563579	174.75398328921912	985.4100201178032	
20653.7984	0.027999999998428393	Ripples						0.027999999998428393	20653.8128	11.014338325442557	155.61947328054237	1064.9011950183315	
20654.2368	0.0272000000004482	Ripples						0.0272000000004482	20654.250399999997	12.056798437714754	160.39601222027937	1177.9268875888094	
20655.284	0.07759999999689171	Ripples						0.07759999999689171	20655.311999999998	13.613682221963893	167.86724494658233	1169.2711825493327	
20656.696	0.021600000000034925	Ripples						0.021600000000034925	20656.703999999998	5.928587624537444	158.39100966275663	815.2105247631387	
20657.7912	0.04320000000006985	Ripples						0.04320000000006985	20657.815199999997	13.673360339788875	154.41941141097064	1287.7460007338266	
20657.996799999997	0.03920000000289292	Ripples						0.03920000000289292	20658.0288	6.929309371180633	151.0446780120755	744.7219510940484	
20658.498399999997	0.03920000000289292	Ripples						0.03920000000289292	20658.5248	13.897837965051968	165.49128257568813	1264.5972039331689	
20658.931999999997	0.03840000000127475	Ripples						0.03840000000127475	20658.9456	13.740374931457875	157.31990876588154	1183.3304886143726	
20660.933599999997	0.02320000000327127	Ripples						0.02320000000327127	20660.944	7.787626758599144	164.2318549135693	928.124336985944	
20664.4728	0.02479999999923166	Ripples						0.02479999999923166	20664.4872	6.635130630092566	157.82282330992868	804.3660446783364	
20668.263199999998	0.03440000000045984	Ripples						0.03440000000045984	20668.284	16.19325160489847	155.05423288967157	1270.3757755987378	
20668.4128	0.04160000000047148	Ripples						0.04160000000047148	20668.4384	13.112770020576788	167.85659501689673	1320.8762466686221	
20668.475199999997	0.03440000000045984	Ripples						0.03440000000045984	20668.4944	12.002359107766283	151.1547129103956	916.9100876901538	
20668.969599999997	0.033600000002479646	Ripples						0.033600000002479646	20668.992	7.998259134612766	156.39583034918286	985.7050076088873	
20673.016799999998	0.09600000000136788	Ripples						0.09600000000136788	20673.090399999997	16.216989822684887	157.84448262604306	1535.3155165804885	
20673.211199999998	0.02479999999923166	Ripples						0.02479999999923166	20673.225599999998	9.126228007260424	155.12365905556618	967.498425046983	
20675.099199999997	0.042400000002089655	Ripples						0.042400000002089655	20675.1168	27.07249166399709	167.05935905135638	1735.1245860674076	
20677.029599999998	0.02960000000166474	Ripples						0.02960000000166474	20677.0424	10.178490852988942	167.97857940142183	1083.6219250347037	
20677.136	0.0272000000004482	Ripples						0.0272000000004482	20677.146399999998	5.973611131854294	170.7435546363571	833.8451747894999	
20677.8144	0.05040000000008149	Ripples						0.05040000000008149	20677.8344	16.39915913255678	157.1071390282512	1450.8845578227579	
20678.296799999996	0.025600000000849832	Ripples						0.025600000000849832	20678.3072	9.922656828204309	170.08978117998538	1006.2248139834055	
20678.6664	0.0319999999992433	Ripples						0.0319999999992433	20678.6848	5.637964591541286	148.00864336633222	684.0621231394431	
20679.201599999997	0.022400000001653098	Ripples						0.022400000001653098	20679.215999999997	7.964780175792973	160.74999477261642	892.9774639174557	
20679.257599999997	0.026400000002468005	Ripples						0.026400000002468005	20679.2712	13.26190603045439	166.50434096335806	1172.4816343155994	
20681.1072	0.04079999999885331	Ripples						0.04079999999885331	20681.1304	13.453108863135911	150.37195032917592	1043.4697351842608	
20682.447999999997	0.03920000000289292	Ripples						0.03920000000289292	20682.476799999997	9.179388153083355	174.1736221280725	922.8024791699994	
20682.62	0.0272000000004482	Ripples						0.0272000000004482	20682.6376	15.580218983339153	160.36845615443394	1197.2500129245977	
20683.5248	0.03280000000086147	Ripples						0.03280000000086147	20683.5536	5.425140928473846	154.38908429935387	671.5663308695276	
20684.083199999997	0.021600000000034925	Ripples						0.021600000000034925	20684.094399999998	5.416949388582007	157.90728723742643	621.1689583063851	
20692.4168	0.040000000000873115	Ripples						0.040000000000873115	20692.44	9.910089422448713	161.41654001578348	1182.7702905601618	
20695.7352	0.028800000000046566	Ripples						0.028800000000046566	20695.7496	10.00832645238314	154.0322821332143	1009.1781621573718	
20697.459199999998	0.04400000000168802	Ripples						0.04400000000168802	20697.489599999997	9.851992822172333	153.45660746400642	998.8545536476487	
20697.5592	0.03359999999884167	Ripples						0.03359999999884167	20697.575999999997	16.036465468094786	155.6417940510064	1298.6434543644016	
20699.5712	0.031200000001263106	Ripples						0.031200000001263106	20699.584	10.58196445068491	176.40676753128307	937.6796925766819	
20699.7456	0.04399999999805004	Ripples						0.04399999999805004	20699.773599999997	16.006629372023127	166.40660129475424	1387.2815848329171	
20701.987999999998	0.028000000002066372	Ripples						0.028000000002066372	20702.0064	6.782706241520332	169.76532012498438	765.4377384179962	
20703.311999999998	0.04320000000006985	Ripples						0.04320000000006985	20703.3432	7.840155015704652	166.98927957518873	967.1387908046116	
20706.018399999997	0.02080000000205473	Ripples						0.02080000000205473	20706.0288	11.103371271796169	163.2192734442234	1020.6956106736928	
20706.162399999997	0.024000000001251465	Ripples						0.024000000001251465	20706.1792	11.606009432095876	162.94655946155558	1028.6999887080613	
20708.435999999998	0.03840000000127475	Ripples						0.03840000000127475	20708.4496	6.736944603739741	170.89430720831444	926.7738664048666	
20710.9776	0.03280000000086147	Ripples						0.03280000000086147	20710.995199999998	10.242971497233478	160.33714741969774	1129.5190085994836	
20714.8824	0.021600000000034925	Ripples						0.021600000000034925	20714.895999999997	8.370422251050854	158.55522769501493	877.6646015230137	
20715.1384	0.0319999999992433	Ripples						0.0319999999992433	20715.1576	18.122080376488295	166.67818579482656	1375.4433369651938	
20718.5064	0.03359999999884167	Ripples						0.03359999999884167	20718.5264	9.407833663144993	162.91107967668117	1072.6295885885784	
20719.8536	0.0319999999992433	Ripples						0.0319999999992433	20719.872799999997	9.689617561149499	173.7686151058057	979.720410230418	
20720.363999999998	0.025600000000849832	Ripples						0.025600000000849832	20720.378399999998	11.333825197819882	164.0122353466041	1149.3730328726824	
20724.699999999997	0.0632000000005064	Ripples						0.0632000000005064	20724.7512	8.614041579067038	168.20529152449836	948.3191248914304	
20725.3088	0.037599999999656575	Ripples						0.037599999999656575	20725.32	9.044729165302753	157.2065754915053	1004.0420368011461	
20727.247199999998	0.0272000000004482	Ripples						0.0272000000004482	20727.2672	6.905205681195303	171.00019401559194	858.5401906216338	
20728.072799999998	0.06880000000091968	Ripples						0.06880000000091968	20728.1144	12.161782176368163	149.44193072591534	1165.65524772149	
20729.7192	0.027999999998428393	Ripples						0.027999999998428393	20729.7336	8.562402625764447	157.90712270786312	1025.86611103559	
20729.8952	0.04079999999885331	Ripples						0.04079999999885331	20729.928799999998	6.751871835016965	167.3154740987342	874.1241418967585	
20730.0424	0.024000000001251465	Ripples						0.024000000001251465	20730.055999999997	14.804975880666241	168.22229658313546	1162.7360706501179	
20731.2784	0.02959999999802676	Ripples						0.02959999999802676	20731.2928	9.356085965471484	165.30757820562252	1064.9847361057787	
20731.3808	0.02959999999802676	Ripples						0.02959999999802676	20731.397599999997	13.843204957784678	163.4022040711994	1257.9424458362362	
20737.698399999997	0.031200000001263106	Ripples						0.031200000001263106	20737.7104	7.723860532174346	161.503840593726	908.5458797923039	
20739.888	0.06480000000010477	Ripples						0.06480000000010477	20739.904799999997	5.99330606146596	156.4210414840689	832.5997554900646	
20740.4152	0.05199999999967986	Ripples						0.05199999999967986	20740.4384	7.69894960694724	160.394866073666	974.6106597889851	
20740.5552	0.0367999999980384	Ripples						0.0367999999980384	20740.574399999998	15.556999486396883	151.10571912364668	1252.9733860926908	
20740.8936	0.03359999999884167	Ripples						0.03359999999884167	20740.9136	13.959608551821942	162.61040980293487	1312.1007775256264	
20742.322399999997	0.051200000001699664	Ripples						0.051200000001699664	20742.3392	19.469274379225578	165.6406003236713	1504.722228326532	
20744.5104	0.04079999999885331	Ripples						0.04079999999885331	20744.5216	8.936507579762438	159.1779421905495	920.3006934030685	
20750.243199999997	0.04080000000249129	Ripples						0.04080000000249129	20750.264	7.276154001103662	162.08567288318412	904.8277886672556	
20752.6168	0.023199999999633292	Ripples						0.023199999999633292	20752.6272	9.66867142345434	163.67238193052165	1027.4527453591422	
20752.7496	0.03600000000005821	Ripples						0.03600000000005821	20752.771999999997	12.813062185786773	165.45877099617024	1284.103333919026	
20755.568799999997	0.037599999999656575	Ripples						0.037599999999656575	20755.590399999997	14.792496549168016	167.31781456331504	1287.6601798021154	
20755.692	0.040000000000873115	Ripples						0.040000000000873115	20755.715999999997	25.136981337623133	158.9464164770379	1700.187897115571	
20758.4712	0.04079999999885331	Ripples						0.04079999999885331	20758.495199999998	17.73704617787714	152.7246629417314	1405.5852956439019	
20759.355199999998	0.058400000001711305	Ripples						0.058400000001711305	20759.372	18.91360812159386	153.47337611083296	1323.335045282042	
20759.5624	0.04959999999846332	Ripples						0.04959999999846332	20759.5984	19.890769209798773	152.97334341983446	1359.3809791337071	
20761.4832	0.08079999999972642	Ripples						0.08079999999972642	20761.4944	13.770201538431007	156.70482932267365	1207.2054464228647	
20763.055999999997	0.031200000001263106	Ripples						0.031200000001263106	20763.0736	12.8841162445105	161.634258592971	1250.6677733712038	
20763.2032	0.030399999999644933	Ripples						0.030399999999644933	20763.2176	19.307597428780742	168.32332572717038	1472.1778077183706	
20766.0032	0.028800000000046566	Ripples						0.028800000000046566	20766.011199999997	5.392871231251381	156.50850659366122	822.388479080379	
20767.583199999997	0.037599999999656575	Ripples						0.037599999999656575	20767.6008	10.36380923765382	159.21764561801473	1173.20363539566	
20769.859999999997	0.02080000000205473	Ripples						0.02080000000205473	20769.868	5.080435373025992	174.87074981215423	668.3580483810148	
20773.96	0.0319999999992433	Ripples						0.0319999999992433	20773.976799999997	12.545912324170603	165.839364682182	1280.1413301095563	
20774.14	0.028800000000046566	Ripples						0.028800000000046566	20774.156	14.176129560028295	168.08082770161326	1301.4830668209574	
20774.392799999998	0.04320000000006985	Ripples						0.04320000000006985	20774.410399999997	9.362628026517898	154.00952965847654	1082.4440901199575	
20774.552	0.044799999999668216	Ripples						0.044799999999668216	20774.5624	5.627692859432869	153.19581518820763	767.3287550634826	
20775.234399999998	0.07519999999931315	Ripples						0.07519999999931315	20775.251999999997	14.025816370016706	158.85489075662596	1437.5499737097414	
20776.32	0.027999999998428393	Ripples						0.027999999998428393	20776.336799999997	7.940608834312651	159.31483722209018	963.1081557766973	
20776.644	0.031199999997625127	Ripples						0.031199999997625127	20776.6584	19.33110304440678	163.3968079569946	1517.529985521258	
20777.6224	0.03359999999884167	Ripples						0.03359999999884167	20777.636	10.115638450992897	156.34886798143478	1153.5100161156986	
20778.2104	0.0319999999992433	Ripples						0.0319999999992433	20778.232799999998	11.226428758346962	167.74004639222755	1100.9379629169605	
20784.7104	0.14879999999902793	Ripples						0.14879999999902793	20784.747199999998	12.661195508889975	153.39204453549516	1210.72874567443	
20785.7888	0.044799999999668216	Ripples						0.044799999999668216	20785.8272	8.687614258866272	162.14956657404957	964.47029362428	
20789.669599999997	0.026400000002468005	Ripples						0.026400000002468005	20789.679999999997	6.2546836845500735	177.67190999419802	718.6125096159594	
20790.2208	0.05519999999887659	Ripples						0.05519999999887659	20790.237599999997	9.421839108724562	157.55030239121217	1132.348283816613	
20790.383199999997	0.03440000000045984	Ripples						0.03440000000045984	20790.397599999997	11.161958083544604	155.96566144439686	1125.883907958044	
20792.2744	0.025600000000849832	Ripples						0.025600000000849832	20792.2872	13.29677031875643	168.77730763651297	1185.1790350582737	
20792.503999999997	0.042400000002089655	Ripples						0.042400000002089655	20792.532	11.293600330509122	153.28338516508333	1080.4643932747288	
20792.611999999997	0.021600000000034925	Ripples						0.021600000000034925	20792.62	6.827482040384693	156.75644038677947	837.431415015718	
20793.359999999997	0.0591999999996915	Ripples						0.0591999999996915	20793.374399999997	11.075680438599276	153.01595650381648	1140.4872035147312	
20795.570399999997	0.028800000000046566	Ripples						0.028800000000046566	20795.5896	7.363509955710491	163.38539169897876	899.9493541180223	
20797.832799999996	0.025600000000849832	Ripples						0.025600000000849832	20797.8432	9.556655731344934	169.40323673939204	1021.9366408512641	
20799.146399999998	0.021600000000034925	Ripples						0.021600000000034925	20799.1544	5.852110846565877	165.9806983221897	773.3169710518671	
20799.1888	0.0415999999968335	Ripples						0.0415999999968335	20799.2064	6.235663755574033	149.66260709570116	822.062161694505	
20801.495199999998	0.03600000000005821	Ripples						0.03600000000005821	20801.5088	7.419277311199339	156.93361768505218	956.9030021319908	
20802.0264	0.03440000000045984	Ripples						0.03440000000045984	20802.048	9.489247469167223	168.05668673310754	1040.877519104181	
20802.214399999997	0.03280000000086147	Ripples						0.03280000000086147	20802.232	17.579251722068715	167.88833694761513	1387.4791075672308	
20802.907199999998	0.07440000000133296	Ripples						0.07440000000133296	20802.9272	14.486813998750698	160.70535694769626	1397.8778154371225	
20803.437599999997	0.03440000000045984	Ripples						0.03440000000045984	20803.4512	5.282656244748021	150.25282296667208	778.9198857518095	
20803.541599999997	0.09440000000176951	Ripples						0.09440000000176951	20803.5568	11.946861821160697	155.38960993611846	1177.0780503710635	
20803.9944	0.035199999998440035	Ripples						0.035199999998440035	20804.016	7.068988515129207	148.328098117214	782.901071375153	
20805.493599999998	0.0591999999996915	Ripples						0.0591999999996915	20805.5392	7.067336719832832	154.004235453131	924.4248707382958	
20805.764	0.05519999999887659	Ripples						0.05519999999887659	20805.7744	6.432952018855396	155.04293262794118	847.7228860740619	
20814.5824	0.02079999999841675	Ripples						0.02079999999841675	20814.5952	8.533218198799892	166.7832518430317	925.8794386240138	
20820.7168	0.042399999998451676	Ripples						0.042399999998451676	20820.7336	9.011831522359568	157.86351762882936	938.283077573336	
20821.703999999998	0.02479999999923166	Ripples						0.02479999999923166	20821.7152	11.304898375190097	162.0724279110167	1110.1486966979692	
20822.045599999998	0.02080000000205473	Ripples						0.02080000000205473	20822.055999999997	8.85624567095871	173.6719797154201	854.4155883065571	
20822.4296	0.035199999998440035	Ripples						0.035199999998440035	20822.444	7.054055992157804	155.74458410021845	916.9840793748172	
20822.5576	0.0319999999992433	Ripples						0.0319999999992433	20822.5736	9.993807675988531	165.09144525796074	1141.9120970631066	
20824.7248	0.05199999999967986	Ripples						0.05199999999967986	20824.739999999998	8.74601709793873	151.6451280504067	982.6872283251632	
20826.3752	0.025600000000849832	Ripples						0.025600000000849832	20826.3864	8.826603691954277	161.20375398082706	1029.8148354348673	
20828.221599999997	0.0272000000004482	Ripples						0.0272000000004482	20828.232799999998	5.855717754296783	156.43133270720995	845.0386111523633	
20832.025599999997	0.02960000000166474	Ripples						0.02960000000166474	20832.0424	10.119908364973465	157.29813568931345	1109.780068311639	
20833.511199999997	0.1128000000026077	Ripples						0.1128000000026077	20833.558399999998	11.90225073563029	160.74981542516207	1139.2702892584587	
20835.1592	0.02479999999923166	Ripples						0.02479999999923166	20835.1744	11.750688031919848	161.2413122374662	1105.242022396918	
20835.541599999997	0.028000000002066372	Ripples						0.028000000002066372	20835.555999999997	9.162742082553557	153.6518970682733	986.0460552132391	
20848.0	526.0	SleepStates											Awake
20854.7224	0.031200000001263106	Ripples						0.031200000001263106	20854.7408	8.954954814459505	168.97987173195426	1038.2464067864505	
20859.487999999998	0.031200000001263106	Ripples						0.031200000001263106	20859.5016	5.703984908724156	174.44349835447497	771.3202266420394	
20900.723199999997	0.0591999999996915	Ripples						0.0591999999996915	20900.759199999997	8.26849309882583	160.05970322173607	1032.0926312741158	
20909.764	0.023199999999633292	Ripples						0.023199999999633292	20909.7744	8.060259812693502	163.37226529815268	934.194095548493	
20916.6224	0.039999999997235136	Ripples						0.039999999997235136	20916.6304	9.168506538604811	161.334130845481	1013.2740222745462	
20917.4832	0.03280000000086147	Ripples						0.03280000000086147	20917.495199999998	9.133339864508194	154.6164067107541	963.278365499861	
20921.091999999997	0.08240000000296277	Ripples						0.08240000000296277	20921.108799999998	9.225399878169217	154.44874839523808	1002.4890499959924	
20937.428	0.023199999999633292	Ripples						0.023199999999633292	20937.4384	7.647547367824735	166.56224823841708	883.9221791801913	
20947.182399999998	0.023199999999633292	Ripples						0.023199999999633292	20947.198399999997	5.121177156708294	168.8116175494727	786.5776922221769	
20957.207199999997	0.0272000000004482	Ripples						0.0272000000004482	20957.224	7.961952153182954	160.64474531848012	976.3998286076704	
20965.0952	0.02959999999802676	Ripples						0.02959999999802676	20965.111999999997	9.626573726621842	162.40572719940795	1032.3603212390467	
20965.4312	0.0319999999992433	Ripples						0.0319999999992433	20965.4416	10.257346715951622	154.97043857438246	976.9442771567093	
20965.4976	0.023199999999633292	Ripples						0.023199999999633292	20965.5048	6.570560371044915	159.73956033678368	836.1612893705362	
20965.6344	0.031200000001263106	Ripples						0.031200000001263106	20965.655199999997	5.527677534525148	159.63589205780352	805.8981538083831	
20966.426399999997	0.07440000000133296	Ripples						0.07440000000133296	20966.456	24.473039675232872	161.60604552809983	1646.407100269617	
20966.8848	0.027999999998428393	Ripples						0.027999999998428393	20966.8968	9.20192131649248	161.85097369479323	1073.8240310208296	
20973.793599999997	0.020000000000436557	Ripples						0.020000000000436557	20973.8072	5.358695577291837	164.04082639257513	772.8250094045305	
20978.287999999997	0.05040000000008149	Ripples						0.05040000000008149	20978.3072	9.214932686422745	152.7298189367736	1069.6241264579924	
20978.662399999997	0.030399999999644933	Ripples						0.030399999999644933	20978.6792	9.147157681316443	154.27478979435756	940.8911626962398	
20982.051199999998	0.0544000000008964	Ripples						0.0544000000008964	20982.0952	6.882205354324896	164.62765866365103	979.185685023001	
20990.888	0.040000000000873115	Ripples						0.040000000000873115	20990.9112	12.11788347551204	159.26221601095463	1245.0576796910973	
20991.131999999998	0.04320000000006985	Ripples						0.04320000000006985	20991.1544	11.916874202391739	148.0820634536957	1051.648840413681	
20998.5808	0.11999999999898137	Ripples						0.11999999999898137	20998.683999999997	8.139155204859483	161.73236919276673	1108.5500532300575	
21000.9528	0.023999999997613486	Ripples						0.023999999997613486	21000.964	6.462314254630156	166.9392871364973	859.2654441688313	
21004.0304	0.02479999999923166	Ripples						0.02479999999923166	21004.041599999997	6.3663489517549285	156.2665566220579	803.8961308266189	
21010.175199999998	0.03680000000167638	Ripples						0.03680000000167638	21010.2048	6.91577847458827	167.2930744047729	899.5966798269524	
21011.063199999997	0.03280000000086147	Ripples						0.03280000000086147	21011.0824	6.872847196266794	169.89651891742778	848.3064888644011	
21015.3432	0.0319999999992433	Ripples						0.0319999999992433	21015.367199999997	6.595008645414647	166.0846474747883	776.6634739462114	
21015.627999999997	0.03600000000005821	Ripples						0.03600000000005821	21015.6432	14.2174755725322	173.13759854770845	1064.1969541503286	
21018.644	0.03439999999682186	Ripples						0.03439999999682186	21018.667999999998	5.487120104848524	176.93451821556036	720.2281181440793	
21019.0768	0.0272000000004482	Ripples						0.0272000000004482	21019.0864	7.383390575661035	155.3652558780479	933.4346517239193	
21023.663999999997	0.02960000000166474	Ripples						0.02960000000166474	21023.679999999997	10.787646555086631	169.6386296165122	1120.9306621464334	
21024.248799999998	0.02960000000166474	Ripples						0.02960000000166474	21024.2656	11.140983435074087	165.76426521678658	1100.6975056286212	
21024.3968	0.04079999999885331	Ripples						0.04079999999885331	21024.4136	16.111257761611693	169.41906972509676	1277.6564684782852	
21026.5216	0.02959999999802676	Ripples						0.02959999999802676	21026.538399999998	14.14131999753294	165.4526882201739	1268.3083405090933	
21028.397599999997	0.02960000000166474	Ripples						0.02960000000166474	21028.408	7.978608676156812	168.64415896446155	922.7160372489434	
21028.594399999998	0.062399999998888234	Ripples						0.062399999998888234	21028.6128	12.603043878464433	159.23915263670887	1338.1617782391718	
21038.4888	0.023199999999633292	Ripples						0.023199999999633292	21038.5048	5.36750386490056	163.2614566742545	771.9544230598857	
21039.440799999997	0.024800000002869638	Ripples						0.024800000002869638	21039.455199999997	7.4672780007204755	162.4867423143973	905.2462192827186	
21042.639199999998	0.048800000000483124	Ripples						0.048800000000483124	21042.676799999997	8.741427108413221	162.50487314656408	996.9520208241446	
21042.820799999998	0.031200000001263106	Ripples						0.031200000001263106	21042.835199999998	8.559848721166642	156.69823184496943	975.953467268683	
21048.7672	0.05760000000009313	Ripples						0.05760000000009313	21048.8056	6.586484449902633	163.54071328026214	930.7214366282907	
21050.836	0.03839999999763677	Ripples						0.03839999999763677	21050.856799999998	8.151273731731512	152.16646210168216	931.8817837486935	
21051.113599999997	0.020000000000436557	Ripples						0.020000000000436557	21051.124799999998	5.971147529358929	173.32350111054333	720.35336671238	
21051.284	0.03439999999682186	Ripples						0.03439999999682186	21051.304799999998	10.675975880857829	155.7085295956888	1082.054843076017	
21051.439199999997	0.04800000000250293	Ripples						0.04800000000250293	21051.457599999998	14.930925943937991	161.91994889327142	1341.7735634987648	
21055.552799999998	0.0816000000013446	Ripples						0.0816000000013446	21055.584799999997	12.5397465867342	160.59417960635636	1191.8680074455422	
21061.0288	0.08399999999892316	Ripples						0.08399999999892316	21061.083199999997	8.967107968183342	176.7651690330867	1006.3638017516355	
21066.5424	0.025600000000849832	Ripples						0.025600000000849832	21066.5592	7.168661114123016	167.27068989274144	880.6845376043697	
21069.0808	0.026399999998830026	Ripples						0.026399999998830026	21069.094399999998	9.153007493319599	172.67249907506414	964.0373178937294	
21069.363999999998	0.03919999999925494	Ripples						0.03919999999925494	21069.384	8.3475483435517	164.5947264909431	1068.1510664493408	
21073.739999999998	0.04959999999846332	Ripples						0.04959999999846332	21073.763199999998	17.91555884833747	167.4978144326728	1511.830906954147	
21075.0504	0.037599999999656575	Ripples						0.037599999999656575	21075.064	19.17975706414479	169.57185850041301	1386.3031769012543	
21075.971999999998	0.03680000000167638	Ripples						0.03680000000167638	21075.992	8.430510207627108	165.23504671917667	997.100509744102	
21076.3288	0.07760000000052969	Ripples						0.07760000000052969	21076.392799999998	7.769417822183693	166.37095068810112	858.6607637055332	
21077.359999999997	0.044799999999668216	Ripples						0.044799999999668216	21077.388	13.795640679999854	163.1552329992001	1290.1089919497572	
21080.6128	0.06000000000130967	Ripples						0.06000000000130967	21080.647999999997	8.029343736487995	154.22313611680494	1014.9528265279196	
21082.887199999997	0.03440000000045984	Ripples						0.03440000000045984	21082.908	7.030377877689715	161.19820148733243	912.0772692776769	
21083.439199999997	0.04640000000290456	Ripples						0.04640000000290456	21083.462399999997	21.223715299097886	156.9342769132732	1608.2697854083965	
21087.543999999998	0.03600000000005821	Ripples						0.03600000000005821	21087.570399999997	6.4519865272990025	170.4696463246761	723.5720283567064	
21089.908799999997	0.028800000000046566	Ripples						0.028800000000046566	21089.9224	6.7540560125632805	168.12104992846685	888.5583150727524	
21090.048799999997	0.02080000000205473	Ripples						0.02080000000205473	21090.0624	8.446227937459076	166.99291811968098	901.7102596367433	
21098.509599999998	0.0272000000004482	Ripples						0.0272000000004482	21098.5176	5.500108325170705	162.75219847885668	793.2881181307858	
21130.277599999998	0.04320000000006985	Ripples						0.04320000000006985	21130.304799999998	7.3165464080345135	171.5987401073262	877.6564245685547	
21132.8864	0.023999999997613486	Ripples						0.023999999997613486	21132.899999999998	8.454930860537134	167.76247833432043	972.089280527978	
21133.284799999998	0.03440000000045984	Ripples						0.03440000000045984	21133.2984	8.286747344139608	174.65334101765595	901.4797276539475	
21134.4584	0.0367999999980384	Ripples						0.0367999999980384	21134.475199999997	8.876223510112851	179.55972618143394	905.7901063741326	
21134.5896	0.030399999999644933	Ripples						0.030399999999644933	21134.610399999998	7.257696668197222	155.19782508305764	944.4513951811132	
21138.6792	0.07440000000133296	Ripples						0.07440000000133296	21138.7152	13.00464750648799	160.38393265854285	1271.9814561587673	
21211.5192	0.056000000000494765	Ripples						0.056000000000494765	21211.5352	6.9393694796371745	157.34881960598165	894.2362750561979	
21212.0536	0.03359999999884167	Ripples						0.03359999999884167	21212.068	13.985875351304058	165.47107622980252	1259.859743450617	
21212.6456	0.0319999999992433	Ripples						0.0319999999992433	21212.6592	7.682154492771666	167.6553412287296	1005.6082739843949	
21212.737599999997	0.028000000002066372	Ripples						0.028000000002066372	21212.754399999998	13.55279791955078	165.27304706307584	1207.6240127288586	
21239.5536	0.07040000000051805	Ripples						0.07040000000051805	21239.584	11.442603184592217	166.82772181282064	1228.6364157060134	
21240.764	0.02239999999801512	Ripples						0.02239999999801512	21240.775999999998	6.693283683312682	160.51868511395463	841.8669581032016	
21245.0376	0.042399999998451676	Ripples						0.042399999998451676	21245.0552	16.164876729558006	165.80329274725193	1413.270307522347	
21245.2384	0.026399999998830026	Ripples						0.026399999998830026	21245.248799999998	8.334783019683458	163.83917276109432	1005.4511666763829	
21247.707199999997	0.04640000000290456	Ripples						0.04640000000290456	21247.732799999998	26.785333284020535	164.66036849518852	1838.805574936094	
21249.111999999997	0.06560000000172295	Ripples						0.06560000000172295	21249.1672	9.346784467045868	162.78143763041408	1108.301230389456	
21249.604	0.037599999999656575	Ripples						0.037599999999656575	21249.6184	10.076563125972525	162.8614922473384	1061.9177127119801	
21251.5952	0.02479999999923166	Ripples						0.02479999999923166	21251.604	7.0857867971674136	158.02386662578823	888.2213708380979	
21253.270399999998	0.025600000000849832	Ripples						0.025600000000849832	21253.283199999998	5.27483519951465	177.31810159903122	674.1724312128634	
21255.068	0.023999999997613486	Ripples						0.023999999997613486	21255.0792	6.9213582234935815	161.47128973783805	855.3245137605519	
21255.2248	0.023999999997613486	Ripples						0.023999999997613486	21255.235999999997	8.811884405541521	162.10712060830946	1015.4676360960987	
21259.775999999998	0.051200000001699664	Ripples						0.051200000001699664	21259.7984	10.832213698000162	167.0970251551447	1000.6545071941093	
21260.613599999997	0.033600000002479646	Ripples						0.033600000002479646	21260.6296	10.705000385527676	156.33780781852698	1139.1216310153616	
21262.0088	0.030399999999644933	Ripples						0.030399999999644933	21262.0232	5.314956891075604	156.8168522824723	826.4094997832261	
21263.126399999997	0.026400000002468005	Ripples						0.026400000002468005	21263.139199999998	7.049670321297603	169.5389926691975	829.2396121082135	
21263.414399999998	0.0319999999992433	Ripples						0.0319999999992433	21263.428	13.256334141788804	166.81962801027183	1200.0528251384694	
21265.699999999997	0.030399999999644933	Ripples						0.030399999999644933	21265.7168	11.531382282878667	162.87876671522798	1191.840834708693	
21269.572799999998	0.037599999999656575	Ripples						0.037599999999656575	21269.6024	10.712631299479149	164.66119707258324	997.8141440190187	
21269.698399999997	0.07600000000093132	Ripples						0.07600000000093132	21269.732	8.495498305280808	167.52579404994265	970.5920335973289	
21271.4064	0.03919999999925494	Ripples						0.03919999999925494	21271.4312	14.873577365313679	153.45449600350904	1241.289474518327	
21271.9056	0.03359999999884167	Ripples						0.03359999999884167	21271.9184	9.848046682626737	174.06966852398097	971.3785022737311	
21273.075999999997	0.030399999999644933	Ripples						0.030399999999644933	21273.090399999997	13.93777629154448	165.92218517256043	1299.683509440958	
21273.9888	0.02079999999841675	Ripples						0.02079999999841675	21273.996	6.416316629420616	166.00123371797332	787.7754855146426	
21274.104	0.020000000000436557	Ripples						0.020000000000436557	21274.113599999997	7.665990224633876	169.3555135963009	786.5620503068627	
21276.1832	0.027999999998428393	Ripples						0.027999999998428393	21276.199999999997	10.895105694484686	157.02566886726953	1029.7179801649377	
21276.232	0.03600000000005821	Ripples						0.03600000000005821	21276.254399999998	16.61456786836652	163.45417309332998	1311.9110483936497	
21277.084799999997	0.05680000000211294	Ripples						0.05680000000211294	21277.123199999998	5.8740479999518325	170.34694232088938	926.4822993572081	
21277.863999999998	0.02960000000166474	Ripples						0.02960000000166474	21277.879999999997	9.523601319724042	161.51157791423623	1121.2421575674907	
21278.4272	0.047200000000884756	Ripples						0.047200000000884756	21278.443199999998	16.43136952175929	169.94454627522978	1312.3739319566253	
21279.175199999998	0.02960000000166474	Ripples						0.02960000000166474	21279.1888	11.697898429900185	170.12755621707353	1204.0684691832205	
21279.277599999998	0.028000000002066372	Ripples						0.028000000002066372	21279.2896	9.463644662572754	167.60963358321808	1070.7557654127777	
21281.1216	0.03280000000086147	Ripples						0.03280000000086147	21281.140799999997	10.57302848831716	157.6377200674853	1103.628617329683	
21281.390399999997	0.021600000000034925	Ripples						0.021600000000034925	21281.4056	5.178229857099975	153.18997923842764	677.2728353814771	
21283.98	0.06559999999808497	Ripples						0.06559999999808497	21284.022399999998	13.417695832179303	155.073931929219	1329.2923815628535	
21284.852	0.0319999999992433	Ripples						0.0319999999992433	21284.871199999998	10.286656291174227	167.2568553471637	1102.9830702059935	
21286.6056	0.025600000000849832	Ripples						0.025600000000849832	21286.6184	11.556775095937226	159.29340580823936	1137.639545209747	
21286.7352	0.053599999999278225	Ripples						0.053599999999278225	21286.751999999997	8.832680487759081	155.35530074282144	999.9223348157763	
21287.8344	0.04320000000006985	Ripples						0.04320000000006985	21287.851199999997	12.447025177361217	174.99254410017508	1148.2804109170997	
21289.232799999998	0.03440000000045984	Ripples						0.03440000000045984	21289.2568	12.117019770617217	165.49288081030105	1123.398089879468	
21290.7032	0.026399999998830026	Ripples						0.026399999998830026	21290.7168	9.522094099546672	171.13731139692393	921.1186855183087	
21290.827999999998	0.031200000001263106	Ripples						0.031200000001263106	21290.842399999998	13.15010754556916	159.95406577601432	1220.4945406969375	
21292.368	0.05519999999887659	Ripples						0.05519999999887659	21292.383199999997	6.596147779608618	152.5709143901642	858.9958018002152	
21293.3968	0.020000000000436557	Ripples						0.020000000000436557	21293.4056	6.302333147149179	161.24592573175903	713.3273197720545	
21293.7312	0.08320000000094296	Ripples						0.08320000000094296	21293.7528	7.315017071710764	145.8960057125147	698.9581868155736	
21293.9272	0.05760000000009313	Ripples						0.05760000000009313	21293.9416	13.428774623681718	163.27039424232964	1184.1150210044605	
21294.1	0.03280000000086147	Ripples						0.03280000000086147	21294.119199999997	15.632664024133229	164.7120621907298	1369.2839229384736	
21294.9368	0.04799999999886495	Ripples						0.04799999999886495	21294.9512	18.202134751287684	163.614214894864	1462.8069838520437	
21298.6632	0.023199999999633292	Ripples						0.023199999999633292	21298.676	7.412280108403808	163.49254585516388	918.2739365133601	
21299.300799999997	0.024800000002869638	Ripples						0.024800000002869638	21299.3128	5.821004120155285	172.34501685951813	807.9052883597792	
21300.3808	0.027999999998428393	Ripples						0.027999999998428393	21300.3984	16.46499144817708	164.21718326448422	1333.2546791303141	
21302.075999999997	0.023199999999633292	Ripples						0.023199999999633292	21302.0864	7.187907630879613	168.87657401084545	879.4790250221375	
21302.5496	0.037599999999656575	Ripples						0.037599999999656575	21302.570399999997	5.359897182953799	154.88651786365045	841.5510168703112	
21305.761599999998	0.09760000000096625	Ripples						0.09760000000096625	21305.7816	26.049864179653397	156.87482145025723	1577.319013778632	
21306.083199999997	0.023199999999633292	Ripples						0.023199999999633292	21306.099199999997	5.856408571945205	160.3913197977617	810.5779162623564	
21321.160799999998	0.028800000000046566	Ripples						0.028800000000046566	21321.1832	5.511243337298091	147.6825503733377	651.1551523614687	
21322.545599999998	0.03919999999925494	Ripples						0.03919999999925494	21322.5712	10.652296595151645	166.1526406847525	1165.6337646563109	
21334.489599999997	0.035200000002078013	Ripples						0.035200000002078013	21334.512	7.93946290415213	166.87134653177804	1008.3766626613716	
21336.0072	0.06319999999686843	Ripples						0.06319999999686843	21336.059999999998	7.833658717528661	157.61549749650462	945.2775596365497	
21340.248799999998	0.033600000002479646	Ripples						0.033600000002479646	21340.268799999998	9.014694445666773	162.17126998413605	993.9479514730813	
21341.6664	0.030399999999644933	Ripples						0.030399999999644933	21341.6832	11.467683324599426	169.30270785858093	1146.6716223265894	
21343.199999999997	0.0544000000008964	Ripples						0.0544000000008964	21343.227199999998	16.44669660135321	156.8053400471444	1374.0886844399067	
21345.28	0.031200000001263106	Ripples						0.031200000001263106	21345.304	5.420910574994442	149.88123095638505	645.3578301281543	
21346.208	0.037599999999656575	Ripples						0.037599999999656575	21346.232	9.263465044887795	169.5350569467138	904.8539942326518	
21346.5064	0.03919999999925494	Ripples						0.03919999999925494	21346.5216	9.162994476459247	172.7167544916658	994.3838522325161	
21347.3032	0.020000000000436557	Ripples						0.020000000000436557	21347.3184	5.523314207457763	154.0511333362057	644.542539494841	
21347.505599999997	0.06400000000212458	Ripples						0.06400000000212458	21347.516799999998	11.197918404905442	158.6551948028752	1107.5269343356504	
21347.623199999998	0.026399999998830026	Ripples						0.026399999998830026	21347.6384	6.42935444148881	150.90387984414883	743.2941653495214	
21352.829599999997	0.028000000002066372	Ripples						0.028000000002066372	21352.8432	7.978524549513024	162.00579501963844	957.6644038017143	
21355.8504	0.021600000000034925	Ripples						0.021600000000034925	21355.8648	7.249637447513267	159.52430562268884	841.2789820362914	
21356.6216	0.031200000001263106	Ripples						0.031200000001263106	21356.635199999997	10.571597741021817	175.81152684080288	983.5548335726762	
21356.770399999998	0.03600000000005821	Ripples						0.03600000000005821	21356.7872	13.468022138217231	170.07311147522316	1270.9961526518612	
21367.5736	0.020000000000436557	Ripples						0.020000000000436557	21367.587199999998	6.077841649712124	163.97010732190265	756.9446964412948	
21371.631999999998	0.03919999999925494	Ripples						0.03919999999925494	21371.646399999998	8.030635446815303	163.13536905161132	1012.4979246470923	
21375.0	860.0	SleepStates											Non-REM
21380.176799999997	0.09120000000257278	Ripples						0.09120000000257278	21380.194399999997	10.553947813065866	158.0275740888768	1064.7589563414595	
21384.475199999997	0.08000000000174623	Ripples						0.08000000000174623	21384.492	15.73776430947838	162.81447652222317	1368.3182058801183	
21389.363999999998	0.03359999999884167	Ripples						0.03359999999884167	21389.390399999997	6.259340507740373	156.06203411093156	758.8620894200927	
21392.0696	0.047200000000884756	Ripples						0.047200000000884756	21392.106399999997	8.657467901346651	168.6227768290675	1017.6397508308444	
21394.4352	0.046399999999266583	Ripples						0.046399999999266583	21394.4488	9.891706763497407	164.59564288947735	1042.6767614299138	
21395.295199999997	0.04560000000128639	Ripples						0.04560000000128639	21395.3112	7.42010331709429	179.63081136397116	830.281426197693	
21395.6792	0.04079999999885331	Ripples						0.04079999999885331	21395.694399999997	11.92876760750675	174.5876919739217	1100.867533908378	
21396.306399999998	0.031200000001263106	Ripples						0.031200000001263106	21396.3272	12.546689650911736	168.794502801217	1168.1548745642199	
21396.836799999997	0.04080000000249129	Ripples						0.04080000000249129	21396.8536	14.09838371627533	157.53852298266665	1271.3753980301508	
21398.597599999997	0.051200000001699664	Ripples						0.051200000001699664	21398.6288	22.526567732926036	163.28014742042163	1697.1439945248987	
21399.7944	0.04559999999764841	Ripples						0.04559999999764841	21399.823999999997	10.563650400185693	166.62891594699545	1045.017591995376	
21401.7912	0.020000000000436557	Ripples						0.020000000000436557	21401.804799999998	5.668136847651108	157.9539727947897	774.4369101253739	
21402.577599999997	0.028800000000046566	Ripples						0.028800000000046566	21402.5936	10.516457852618704	170.01535687120997	1082.8025839074817	
21403.464799999998	0.07359999999971478	Ripples						0.07359999999971478	21403.500799999998	12.854206813958577	154.7450074798657	1275.5477043416583	
21407.4456	0.0544000000008964	Ripples						0.0544000000008964	21407.459199999998	12.87230248008938	172.4582663719379	1146.6800502041729	
21408.849599999998	0.06000000000130967	Ripples						0.06000000000130967	21408.868799999997	13.598736660525109	164.42635780615058	1247.7625353831818	
21414.26	0.030399999999644933	Ripples						0.030399999999644933	21414.2816	6.07423869994363	172.0740926652514	767.6821329517196	
21415.224	0.021600000000034925	Ripples						0.021600000000034925	21415.237599999997	5.318200963849477	172.72032892625012	754.4701824542036	
21415.699999999997	0.04400000000168802	Ripples						0.04400000000168802	21415.724	14.87224554194924	155.70403876114105	1346.2440823952993	
21415.9368	0.031199999997625127	Ripples						0.031199999997625127	21415.951999999997	13.583026225891505	156.55896521139871	1218.6735956349976	
21417.976	0.0367999999980384	Ripples						0.0367999999980384	21417.995199999998	8.236949968582504	176.086184413789	995.6469054489531	
21419.8232	0.07359999999971478	Ripples						0.07359999999971478	21419.856799999998	22.236339763423192	166.77983229877447	1587.7718297736474	
21420.0	0.02079999999841675	Ripples						0.02079999999841675	21420.007999999998	8.430180796377257	158.65302368307644	909.1605326726494	
21420.327999999998	0.02960000000166474	Ripples						0.02960000000166474	21420.3448	12.648202487969165	164.27682031904448	1173.4365295845923	
21424.372799999997	0.030399999999644933	Ripples						0.030399999999644933	21424.3896	14.379463931350829	164.63456889501043	1292.3905253545838	
21425.2768	0.02959999999802676	Ripples						0.02959999999802676	21425.290399999998	10.477020249025436	175.30357153557793	941.8668754147864	
21426.687199999997	0.03840000000127475	Ripples						0.03840000000127475	21426.708799999997	9.982153145323037	152.2224913664222	913.707518021715	
21427.2552	0.04160000000047148	Ripples						0.04160000000047148	21427.271999999997	12.693410747054749	166.86804075181078	1198.4040413550904	
21427.395999999997	0.030399999999644933	Ripples						0.030399999999644933	21427.415999999997	19.42927965370778	164.47433440309848	1427.8081833543326	
21430.120799999997	0.037599999999656575	Ripples						0.037599999999656575	21430.1456	7.884597601780258	166.1633439942074	940.9968552478725	
21437.108799999998	0.03359999999884167	Ripples						0.03359999999884167	21437.119199999997	7.193396496812781	167.2402723534939	896.0397453565383	
21437.698399999997	0.020000000000436557	Ripples						0.020000000000436557	21437.705599999998	7.186453286508692	162.0932868029828	797.6799504219997	
21437.967999999997	0.08400000000256114	Ripples						0.08400000000256114	21437.9888	9.311767050820986	161.9627102100086	1047.5356070690482	
21438.3304	0.02479999999923166	Ripples						0.02479999999923166	21438.3448	6.331414911285101	154.8433085473539	817.2872355774352	
21441.6976	0.030399999999644933	Ripples						0.030399999999644933	21441.714399999997	12.50038318183476	159.0846199744572	1110.1695107373362	
21442.388799999997	0.037599999999656575	Ripples						0.037599999999656575	21442.4024	9.060048436836695	159.89747992744867	1025.7849919455648	
21442.489599999997	0.053600000002916204	Ripples						0.053600000002916204	21442.523999999998	13.993166136165708	156.91213586422592	1360.3601727984944	
21443.6792	0.020000000000436557	Ripples						0.020000000000436557	21443.692799999997	6.641131229984316	164.78730801352077	779.2173834449172	
21443.768	0.0319999999992433	Ripples						0.0319999999992433	21443.784	11.950409763095754	170.15126844309435	1151.2504054050994	
21445.045599999998	0.026400000002468005	Ripples						0.026400000002468005	21445.061599999997	12.34205843367946	165.64610723676765	1170.1889992961592	
21445.869599999998	0.051200000001699664	Ripples						0.051200000001699664	21445.908	5.045100070234405	156.56512616359643	858.8040862366711	
21448.2984	0.032799999997223495	Ripples						0.032799999997223495	21448.3128	11.947334741373673	165.8206654103689	1213.54864935489	
21449.411999999997	0.040000000000873115	Ripples						0.040000000000873115	21449.4224	10.681918230922946	173.76274393903452	1003.223397096953	
21449.7608	0.0367999999980384	Ripples						0.0367999999980384	21449.7752	15.257890861349855	163.05024848650265	1366.5523487546554	
21452.5968	0.028800000000046566	Ripples						0.028800000000046566	21452.6152	13.314445000866444	168.412806692633	1128.8867357359168	
21453.7176	0.042399999998451676	Ripples						0.042399999998451676	21453.732	6.346185211615104	164.33407318179775	858.0357986700674	
21453.947999999997	0.04400000000168802	Ripples						0.04400000000168802	21453.980799999998	11.814173443395346	153.59165599972644	1047.9959954666394	
21454.257599999997	0.04640000000290456	Ripples						0.04640000000290456	21454.2816	14.472961103153027	160.0536434362706	1396.3183785772708	
21456.2064	0.0272000000004482	Ripples						0.0272000000004482	21456.224	12.510850357328353	167.01343424590993	1110.3028563735973	
21457.761599999998	0.035200000002078013	Ripples						0.035200000002078013	21457.784	12.848233063923349	162.31557552450147	1251.293445164344	
21458.232	0.032799999997223495	Ripples						0.032799999997223495	21458.2512	8.866361529335768	163.92809269800713	1073.536506574013	
21458.3128	0.030399999999644933	Ripples						0.030399999999644933	21458.326399999998	11.541519165052991	158.35524566639808	1118.2601542474774	
21458.5032	0.03839999999763677	Ripples						0.03839999999763677	21458.5144	8.748887611853226	173.68558822388266	835.2792177132034	
21460.6	0.04560000000128639	Ripples						0.04560000000128639	21460.635199999997	6.89139410999064	164.03477363231912	931.244275928386	
21461.027199999997	0.05760000000009313	Ripples						0.05760000000009313	21461.0432	10.112949853747189	160.770806996119	1083.7994530719068	
21461.826399999998	0.026399999998830026	Ripples						0.026399999998830026	21461.8392	14.976798563005433	173.46694138643102	1175.6742125446642	
21468.431999999997	0.1400000000030559	Ripples						0.1400000000030559	21468.527199999997	13.721039280007014	157.42364077481454	1269.6057370161175	
21470.784	0.027999999998428393	Ripples						0.027999999998428393	21470.8016	6.591947528750146	178.9057678056725	683.5071933037789	
21470.937599999997	0.037599999999656575	Ripples						0.037599999999656575	21470.956	12.700445105944754	173.06462017029847	1176.1768523177643	
21471.548799999997	0.031200000001263106	Ripples						0.031200000001263106	21471.5696	7.322526428156838	156.0766097810683	903.4304673117248	
21472.367199999997	0.04160000000047148	Ripples						0.04160000000047148	21472.392799999998	16.327191887444894	168.14477253027616	1447.4096822510764	
21476.908	0.02479999999923166	Ripples						0.02479999999923166	21476.915999999997	9.01261205143299	177.84276922773728	819.2064549249446	
21477.036	0.0367999999980384	Ripples						0.0367999999980384	21477.0568	26.4714260904834	164.18573371187537	1738.9418346958942	
21478.097599999997	0.031200000001263106	Ripples						0.031200000001263106	21478.1184	9.176648698604406	152.08696963189894	893.8233169329441	
21478.464	0.02479999999923166	Ripples						0.02479999999923166	21478.471999999998	8.512272300793283	162.29688625284632	930.4277089001267	
21478.5952	0.04399999999805004	Ripples						0.04399999999805004	21478.62	20.118967915755924	154.16718244539942	1533.5920272233434	
21479.1456	0.048799999996845145	Ripples						0.048799999996845145	21479.162399999997	11.154072278059823	158.16042149087275	1158.5457344005283	
21479.264799999997	0.03680000000167638	Ripples						0.03680000000167638	21479.284799999998	18.763142560056586	158.3495027072202	1441.1800706005365	
21479.3896	0.037599999999656575	Ripples						0.037599999999656575	21479.403199999997	6.902250020829386	158.67257006437956	783.7561167097675	
21479.522399999998	0.021600000000034925	Ripples						0.021600000000034925	21479.531199999998	6.965842143165712	165.22347816524302	846.647077298276	
21483.552799999998	0.02479999999923166	Ripples						0.02479999999923166	21483.567199999998	11.034862158044586	161.79288298830656	1095.481425571023	
21484.4152	0.03839999999763677	Ripples						0.03839999999763677	21484.4344	19.322337702787713	168.8888495899532	1582.3552999918581	
21484.6504	0.058399999998073326	Ripples						0.058399999998073326	21484.6848	25.025664794381115	154.91271841739717	1728.791794952385	
21485.016	0.0367999999980384	Ripples						0.0367999999980384	21485.027199999997	8.454209958419586	155.0940934338274	807.302598730058	
21487.183999999997	0.04400000000168802	Ripples						0.04400000000168802	21487.2008	18.03654039009641	164.2027869555785	1479.2084392899155	
21487.295199999997	0.04560000000128639	Ripples						0.04560000000128639	21487.306399999998	8.425760038787455	153.89110710273545	915.5854288855586	
21489.1288	0.023199999999633292	Ripples						0.023199999999633292	21489.139199999998	5.676371223656071	161.18239370091408	856.103503114493	
21489.839999999997	0.02320000000327127	Ripples						0.02320000000327127	21489.8536	5.840385550620783	167.74202297308915	802.3292189551452	
21490.032	0.03839999999763677	Ripples						0.03839999999763677	21490.0592	18.918568659919536	157.2119523405988	1423.984458212488	
21490.388	0.03440000000045984	Ripples						0.03440000000045984	21490.4152	6.718734878726336	153.63840344509393	779.0817941207091	
21490.94	0.044799999999668216	Ripples						0.044799999999668216	21490.9544	9.480969082950281	170.5713999324465	1016.6589965156517	
21492.0648	0.04799999999886495	Ripples						0.04799999999886495	21492.101599999998	12.668851634442785	160.56525357574853	1130.6087226613554	
21492.744799999997	0.048800000000483124	Ripples						0.048800000000483124	21492.759199999997	18.034193608810497	161.45192122369963	1432.372333857007	
21493.1416	0.0272000000004482	Ripples						0.0272000000004482	21493.155199999997	5.635757604962947	155.52606214242223	812.7673490900794	
21494.8376	0.03839999999763677	Ripples						0.03839999999763677	21494.8576	15.146022395971054	164.83079194303437	1471.9708487271798	
21504.2168	0.02079999999841675	Ripples						0.02079999999841675	21504.228	6.461143887833695	161.05545935615552	835.3060588642187	
21504.295199999997	0.044799999999668216	Ripples						0.044799999999668216	21504.3272	10.417033411500167	153.72033977473106	1039.3138168140022	
21506.2368	0.0367999999980384	Ripples						0.0367999999980384	21506.264	12.54774030972444	169.86781040638763	1090.2746983587692	
21506.9352	0.04799999999886495	Ripples						0.04799999999886495	21506.9528	16.667804282145372	159.13668423380943	1334.1893702437753	
21509.840799999998	0.030399999999644933	Ripples						0.030399999999644933	21509.854399999997	12.063860289812766	165.14344615126126	1196.493979957856	
21515.343999999997	0.044799999999668216	Ripples						0.044799999999668216	21515.358399999997	10.873589879234574	158.6876589503334	1138.5195040126562	
21516.1072	0.0272000000004482	Ripples						0.0272000000004482	21516.124	6.390362296093154	153.10925647580882	778.2102514929405	
21516.2064	0.02479999999923166	Ripples						0.02479999999923166	21516.2136	7.171397960076789	155.98307264928462	754.4802991128942	
21521.266399999997	0.024800000002869638	Ripples						0.024800000002869638	21521.280799999997	6.400784993392384	158.94712165606705	856.3024637062201	
21522.232799999998	0.031200000001263106	Ripples						0.031200000001263106	21522.2512	14.368111807215158	167.72692481528634	1262.4625623655018	
21522.4568	0.04079999999885331	Ripples						0.04079999999885331	21522.4848	15.93451253207342	162.04951052974965	1316.9257744715037	
21524.1592	0.03600000000005821	Ripples						0.03600000000005821	21524.1736	9.658808456992775	154.7590202817267	911.4258822494488	
21524.3272	0.026399999998830026	Ripples						0.026399999998830026	21524.342399999998	10.046954913814604	157.40072821575313	959.5650607436538	
21525.4744	0.051199999998061685	Ripples						0.051199999998061685	21525.487999999998	14.84724644077133	159.59307071477133	1438.232261074758	
21525.649599999997	0.051200000001699664	Ripples						0.051200000001699664	21525.66	7.113719409255455	152.34813764938775	745.3649126251552	
21526.1888	0.021600000000034925	Ripples						0.021600000000034925	21526.199999999997	6.3900917050956645	162.4981452191523	831.0725717414888	
21527.243199999997	0.022400000001653098	Ripples						0.022400000001653098	21527.251999999997	13.692080199162776	163.4595195568567	1125.2976592788327	
21528.6528	0.03600000000005821	Ripples						0.03600000000005821	21528.660799999998	6.197010939869885	178.8652131819261	701.1331886062819	
21529.6544	0.0319999999992433	Ripples						0.0319999999992433	21529.6744	8.7502351059487	170.21121899112836	977.8495567216146	
21535.9056	0.04079999999885331	Ripples						0.04079999999885331	21535.926399999997	18.24759086566084	156.19078569686295	1390.8826569975427	
21537.888	0.042399999998451676	Ripples						0.042399999998451676	21537.9152	14.057052653585693	164.80267003383076	1350.237882380698	
21538.588	0.09039999999731663	Ripples						0.09039999999731663	21538.6648	8.250811809480453	163.1554801622724	875.7790238647361	
21539.950399999998	0.0272000000004482	Ripples						0.0272000000004482	21539.964799999998	6.4603560634936565	163.7280498966014	900.4115435469676	
21541.290399999998	0.028800000000046566	Ripples						0.028800000000046566	21541.304799999998	11.54245025411664	158.69969256248052	1108.2692477454832	
21541.440799999997	0.02080000000205473	Ripples						0.02080000000205473	21541.4512	5.5966226639719405	157.86498987018498	826.0715835165646	
21541.5176	0.023199999999633292	Ripples						0.023199999999633292	21541.527199999997	8.959488421261065	173.98610135003622	793.5330188694472	
21542.4112	0.03280000000086147	Ripples						0.03280000000086147	21542.4312	19.98005695206329	167.1998752237589	1530.843704804372	
21544.000799999998	0.058400000001711305	Ripples						0.058400000001711305	21544.0424	13.655129140292788	155.2783284715703	1259.9022092262614	
21544.775999999998	0.022400000001653098	Ripples						0.022400000001653098	21544.7872	5.550652032051386	153.00707749115648	766.631308732291	
21550.031199999998	0.026400000002468005	Ripples						0.026400000002468005	21550.0448	8.95987736112452	164.04824725629868	1015.6472981649995	
21550.9544	0.02959999999802676	Ripples						0.02959999999802676	21550.9704	12.135510038003103	170.1803567617527	1170.8416009283146	
21552.531199999998	0.024000000001251465	Ripples						0.024000000001251465	21552.543999999998	8.341002766550623	169.2664276637106	955.2632791745742	
21552.696	0.05199999999967986	Ripples						0.05199999999967986	21552.7296	7.97558782014376	155.90711977492077	704.5487135653748	
21553.3752	0.027999999998428393	Ripples						0.027999999998428393	21553.392799999998	13.555112759046485	160.49620315031865	1207.2645533937196	
21554.892799999998	0.048800000000483124	Ripples						0.048800000000483124	21554.928	12.92387373480734	155.82978173851416	1119.7599622447005	
21555.041599999997	0.03680000000167638	Ripples						0.03680000000167638	21555.0592	23.232908249945556	167.96422423260398	1681.3322366969428	
21555.9008	0.02239999999801512	Ripples						0.02239999999801512	21555.908799999997	6.00077613057743	160.39061313868905	761.9751555769122	
21556.884	0.03840000000127475	Ripples						0.03840000000127475	21556.9064	9.98930878756055	159.95051468827523	1128.9899671866524	
21560.3016	0.05199999999967986	Ripples						0.05199999999967986	21560.326399999998	13.859142520910568	163.28626242003332	1190.5787522508756	
21562.036799999998	0.03840000000127475	Ripples						0.03840000000127475	21562.0536	9.457942743009784	166.83296674099586	1100.5134846949904	
21562.358399999997	0.028800000000046566	Ripples						0.028800000000046566	21562.3736	8.125968150843562	157.1041289520296	929.8049113102176	
21562.4688	0.0272000000004482	Ripples						0.0272000000004482	21562.48	10.246027749165926	157.29724114236257	1130.106189886495	
21562.6128	0.024000000001251465	Ripples						0.024000000001251465	21562.624	10.34626233343955	159.602614156774	1044.022909996074	
21562.9168	0.0272000000004482	Ripples						0.0272000000004482	21562.928	8.110708410603667	172.72703054177504	911.4353891732708	
21563.0208	0.026399999998830026	Ripples						0.026399999998830026	21563.031199999998	11.863109617475665	163.4652728918533	1081.5136950636845	
21564.4888	0.0319999999992433	Ripples						0.0319999999992433	21564.5032	10.04565795733514	170.6278053099771	1070.0056136629873	
21565.904799999997	0.0544000000008964	Ripples						0.0544000000008964	21565.9312	11.25271403000995	161.28430293386816	1100.662831894274	
21576.594399999998	0.056000000000494765	Ripples						0.056000000000494765	21576.619199999997	11.00869225196957	161.42316935785402	1100.9379689944526	
21577.5496	0.024000000001251465	Ripples						0.024000000001251465	21577.563199999997	5.412461105380755	168.13712931990634	828.8728590380019	
21578.32	0.04399999999805004	Ripples						0.04399999999805004	21578.352799999997	5.416135131091169	145.8496940130408	600.8886955950509	
21578.392	0.021600000000034925	Ripples						0.021600000000034925	21578.403199999997	5.090169619379637	150.4468530338199	703.3294673515552	
21578.489599999997	0.03200000000288128	Ripples						0.03200000000288128	21578.5048	11.17130790107951	157.08068167797737	1142.0065946441775	
21579.3632	0.037599999999656575	Ripples						0.037599999999656575	21579.3768	13.676078630556663	158.22232046133092	1036.342007255719	
21582.355199999998	0.03440000000045984	Ripples						0.03440000000045984	21582.368799999997	12.249975446224777	164.88412796244148	1067.6852884972066	
21583.277599999998	0.031200000001263106	Ripples						0.031200000001263106	21583.291999999998	14.430595582480953	165.72266708887926	1312.669155810568	
21583.615999999998	0.03280000000086147	Ripples						0.03280000000086147	21583.635199999997	15.79620108633537	162.6782166162364	1351.2462983509283	
21584.987999999998	0.08959999999933643	Ripples						0.08959999999933643	21585.051199999998	15.224925626160395	156.45285863381554	1325.1946345930278	
21585.3776	0.02479999999923166	Ripples						0.02479999999923166	21585.388799999997	7.094456392475037	162.20529790775709	925.4605382431291	
21585.584	0.030399999999644933	Ripples						0.030399999999644933	21585.6008	12.223115938879557	163.83038267999865	1222.556353722953	
21585.8776	0.044799999999668216	Ripples						0.044799999999668216	21585.8896	5.1697116741939055	152.66215404062876	674.6887011280503	
21586.005599999997	0.040000000000873115	Ripples						0.040000000000873115	21586.023999999998	9.024122447353244	145.18171248074555	730.3980673114122	
21586.507999999998	0.02479999999923166	Ripples						0.02479999999923166	21586.5192	8.480242825627908	165.6844192195055	922.6800746767365	
21588.423199999997	0.0544000000008964	Ripples						0.0544000000008964	21588.457599999998	8.209947430760375	151.83531613583202	1015.9509627077678	
21592.947999999997	0.03600000000005821	Ripples						0.03600000000005821	21592.964799999998	14.490048651103818	157.69923994252636	1337.374147755412	
21593.1056	0.0544000000008964	Ripples						0.0544000000008964	21593.1384	14.406269165527773	151.61968641275604	1143.9432705152303	
21593.655199999997	0.0319999999992433	Ripples						0.0319999999992433	21593.6664	15.375488741780028	169.9770830398144	1234.5230892857494	
21595.933599999997	0.09920000000056461	Ripples						0.09920000000056461	21596.003999999997	15.98644233486378	156.17164471524728	1343.3561738224928	
21596.627999999997	0.04560000000128639	Ripples						0.04560000000128639	21596.6416	12.803381625074136	167.00593149715	1256.5645941807315	
21596.8936	0.04959999999846332	Ripples						0.04959999999846332	21596.907199999998	12.341315016343394	164.94245100855056	1223.3941126201287	
21598.0968	0.02959999999802676	Ripples						0.02959999999802676	21598.1128	9.463664604746521	171.92497207817416	1001.2463283124183	
21602.0144	0.044799999999668216	Ripples						0.044799999999668216	21602.039999999997	8.690544979532625	159.58860841164469	1034.8661219145288	
21602.1384	0.03439999999682186	Ripples						0.03439999999682186	21602.152	15.076645617664571	154.8789172823634	1264.8233972809228	
21603.147999999997	0.0591999999996915	Ripples						0.0591999999996915	21603.1792	11.375758758734875	158.72575082598598	1198.2594282051498	
21603.6488	0.044799999999668216	Ripples						0.044799999999668216	21603.667999999998	8.998055171840651	152.16387372362132	749.692677060559	
21604.032799999997	0.048800000000483124	Ripples						0.048800000000483124	21604.047199999997	9.730165920827748	157.50290350013032	1098.9576371279825	
21607.403199999997	0.0272000000004482	Ripples						0.0272000000004482	21607.417599999997	11.135674053266698	161.06084249494344	1062.5395131552593	
21616.2896	0.037599999999656575	Ripples						0.037599999999656575	21616.309599999997	15.881219590830387	163.01141994166676	1363.066092295654	
21616.4904	0.0319999999992433	Ripples						0.0319999999992433	21616.512	13.34837995747031	172.31880407746905	1095.3585976497977	
21619.0752	0.035199999998440035	Ripples						0.035199999998440035	21619.0896	8.661884627559855	157.86008030133362	952.9302109609706	
21619.327999999998	0.03280000000086147	Ripples						0.03280000000086147	21619.339999999997	7.603509673475552	157.2813711010656	894.5484292259406	
21619.381599999997	0.05760000000009313	Ripples						0.05760000000009313	21619.428799999998	7.334361488664551	154.36263027756425	781.018122409207	
21623.171199999997	0.022400000001653098	Ripples						0.022400000001653098	21623.182399999998	8.03250511925772	159.26207445085137	887.8408298776337	
21632.901599999997	0.025600000000849832	Ripples						0.025600000000849832	21632.915999999997	9.604045039766925	156.5375808401644	970.6549745241015	
21634.450399999998	0.023199999999633292	Ripples						0.023199999999633292	21634.4656	5.024407660040016	171.71968843266944	679.5575777188025	
21634.786399999997	0.037599999999656575	Ripples						0.037599999999656575	21634.8112	7.273386156981075	158.21435523142293	959.4914904831231	
21636.5016	0.04799999999886495	Ripples						0.04799999999886495	21636.538399999998	5.292491135858745	151.28125039247132	698.0353924779628	
21638.1952	0.028800000000046566	Ripples						0.028800000000046566	21638.212799999998	20.249060194777677	158.89269136067063	1360.7363466565907	
21638.763199999998	0.04320000000006985	Ripples						0.04320000000006985	21638.784	15.689770492324332	157.38814209407107	1375.4267201947525	
21639.075999999997	0.04080000000249129	Ripples						0.04080000000249129	21639.087199999998	10.523900950018401	169.54479566614933	1054.7798402517476	
21639.2048	0.02479999999923166	Ripples						0.02479999999923166	21639.215999999997	5.094536520745953	151.4255014521007	640.8602182202524	
21639.748799999998	0.0544000000008964	Ripples						0.0544000000008964	21639.7872	10.859538225165007	171.57204895546877	950.9207175313562	
21639.9064	0.03839999999763677	Ripples						0.03839999999763677	21639.9312	12.78420419123645	148.96980832477834	1107.4025193618525	
21640.296	0.02960000000166474	Ripples						0.02960000000166474	21640.306399999998	7.783002239505337	163.26189022863332	946.742795705379	
21641.316799999997	0.06160000000090804	Ripples						0.06160000000090804	21641.331199999997	7.786490397262955	150.98866468138436	826.9971815940562	
21641.8504	0.02959999999802676	Ripples						0.02959999999802676	21641.8664	12.366197268317066	163.2482513437286	1254.3652256002229	
21644.4208	0.028800000000046566	Ripples						0.028800000000046566	21644.4424	6.624623818746929	169.96741252040258	834.7906682163128	
21646.613599999997	0.02960000000166474	Ripples						0.02960000000166474	21646.6304	8.728258924306378	173.64013810924132	954.838853399575	
21646.728	0.031199999997625127	Ripples						0.031199999997625127	21646.7464	11.924200144876147	166.64079392809577	1209.0333723924296	
21647.446399999997	0.05760000000009313	Ripples						0.05760000000009313	21647.473599999998	22.605060482148946	156.15137351514804	1582.06149053768	
21650.536	0.04719999999724678	Ripples						0.04719999999724678	21650.5592	17.28439213356328	166.18824979748902	1454.375141913947	
21650.7392	0.059999999997671694	Ripples						0.059999999997671694	21650.7584	12.452806226395532	165.54651513182338	1191.2717126457846	
21651.388	0.0272000000004482	Ripples						0.0272000000004482	21651.4064	6.9861134271243115	181.1810616256023	726.7192366044076	
21655.691199999997	0.04560000000128639	Ripples						0.04560000000128639	21655.708	16.903391809104342	173.55424233472723	1334.0544838204712	
21656.1128	0.020000000000436557	Ripples						0.020000000000436557	21656.12	6.80753424627737	173.93316665177613	682.1954817103409	
21657.5664	0.023199999999633292	Ripples						0.023199999999633292	21657.5752	6.690900052610218	177.29589164887068	728.8283650775983	
21658.2008	0.028800000000046566	Ripples						0.028800000000046566	21658.2192	10.268620099799294	166.08766311601866	1073.674446914152	
21659.2824	0.03359999999884167	Ripples						0.03359999999884167	21659.299199999998	15.554575576794422	165.87435383664968	1353.8692814920978	
21659.563199999997	0.04320000000006985	Ripples						0.04320000000006985	21659.579999999998	17.01120506739093	158.58656978567342	1426.534497457319	
21659.711199999998	0.0272000000004482	Ripples						0.0272000000004482	21659.728	8.850517420433416	156.21522126373364	973.404013877814	
21659.759199999997	0.03680000000167638	Ripples						0.03680000000167638	21659.784799999998	9.451689199753092	155.03062070528043	1017.5825858456446	
21661.191199999997	0.031200000001263106	Ripples						0.031200000001263106	21661.2008	6.602248408742905	174.07770045077038	783.2963983238816	
21665.3768	0.025600000000849832	Ripples						0.025600000000849832	21665.388799999997	8.966316252258776	158.11616829701953	937.1449005597398	
21667.9776	0.04320000000006985	Ripples						0.04320000000006985	21667.9888	7.754554195508501	161.05743889332626	913.4828457730956	
21669.6808	0.03440000000045984	Ripples						0.03440000000045984	21669.691199999997	7.2108372291960645	159.329845334697	813.9384288091558	
21670.840799999998	0.028800000000046566	Ripples						0.028800000000046566	21670.854399999997	8.827890980467687	172.63100952398926	973.3634026758489	
21672.9616	0.08320000000094296	Ripples						0.08320000000094296	21672.9872	11.765394181181914	158.7913046316735	1269.7898648846053	
21673.16	0.032799999997223495	Ripples						0.032799999997223495	21673.171199999997	21.510467125661165	165.35633779670118	1437.6105061022704	
21673.7168	0.02479999999923166	Ripples						0.02479999999923166	21673.732	10.286229148940766	161.0942982723098	1044.4818834011605	
21673.928799999998	0.035200000002078013	Ripples						0.035200000002078013	21673.939199999997	7.756143170173226	172.16615608806907	836.7948146494722	
21681.879999999997	0.02479999999923166	Ripples						0.02479999999923166	21681.892	9.7323497988319	157.02569925003823	987.4019676710608	
21683.655199999997	0.040000000000873115	Ripples						0.040000000000873115	21683.688	5.268233375177124	153.98051397285957	727.1156810457621	
21683.7888	0.062399999998888234	Ripples						0.062399999998888234	21683.823999999997	9.4563021773182	149.29156314679688	1040.433188934813	
21685.189599999998	0.05280000000129803	Ripples						0.05280000000129803	21685.2104	17.76249863370932	163.7368266470777	1447.0360329040961	
21685.5768	0.03359999999884167	Ripples						0.03359999999884167	21685.597599999997	14.64696606168124	159.73837380060505	1302.870457430309	
21685.6936	0.031200000001263106	Ripples						0.031200000001263106	21685.714399999997	14.272231504575085	155.5356641250584	1054.534870419851	
21687.295199999997	0.021600000000034925	Ripples						0.021600000000034925	21687.3032	7.920559536385915	162.3138827986857	768.905445142969	
21691.169599999997	0.04320000000006985	Ripples						0.04320000000006985	21691.1864	10.408584104387018	153.15149900032088	1004.9466506398652	
21695.486399999998	0.02479999999923166	Ripples						0.02479999999923166	21695.496	8.673321200231676	166.25263077388826	963.0420811653651	
21696.266399999997	0.03440000000045984	Ripples						0.03440000000045984	21696.284799999998	10.561684534393063	156.86703297477786	1128.285193829466	
21696.998399999997	0.03920000000289292	Ripples						0.03920000000289292	21697.0208	11.980926350657613	163.94021227586927	1231.6170129283598	
21697.1384	0.0319999999992433	Ripples						0.0319999999992433	21697.153599999998	10.765663616546885	151.6893026810976	898.8590064702522	
21699.0552	0.031200000001263106	Ripples						0.031200000001263106	21699.079999999998	7.730603800881876	153.8800154526577	748.944339676353	
21700.1992	0.030399999999644933	Ripples						0.030399999999644933	21700.2192	6.371409630578282	160.34113243826374	850.8388735145785	
21700.3056	0.02959999999802676	Ripples						0.02959999999802676	21700.3256	6.812303755931115	161.81347027792248	887.7421840352783	
21700.624	0.023999999997613486	Ripples						0.023999999997613486	21700.6344	6.5847976190547035	164.14349785966505	908.2668830437938	
21702.072799999998	0.030399999999644933	Ripples						0.030399999999644933	21702.0896	12.60223244864468	158.71108029614612	1164.6907520997229	
21702.167999999998	0.02479999999923166	Ripples						0.02479999999923166	21702.182399999998	11.211898669464256	162.01163432523742	1095.3834926367467	
21709.2104	0.0319999999992433	Ripples						0.0319999999992433	21709.223199999997	10.527367758366257	173.33410547050008	1077.9415685830231	
21709.482399999997	0.03920000000289292	Ripples						0.03920000000289292	21709.5032	13.770021742105268	161.37858451816754	1337.038742937656	
21710.8072	0.021600000000034925	Ripples						0.021600000000034925	21710.8184	7.919103774924162	160.66136203312882	923.8182818789245	
21711.331199999997	0.0591999999996915	Ripples						0.0591999999996915	21711.378399999998	9.645086239133848	167.67679006855823	992.0856774124998	
21713.464	0.026399999998830026	Ripples						0.026399999998830026	21713.480799999998	15.305651011795717	167.72272338078574	1240.2229260354734	
21716.1296	0.08159999999770662	Ripples						0.08159999999770662	21716.144	20.803182653179963	161.09765296979907	1533.548825269916	
21717.0264	0.02079999999841675	Ripples						0.02079999999841675	21717.036799999998	7.9318690150045805	167.1216604420478	931.1534158111183	
21717.6688	0.02079999999841675	Ripples						0.02079999999841675	21717.6792	6.576853527480003	170.7539559414854	776.4230070934844	
21717.7752	0.02719999999681022	Ripples						0.02719999999681022	21717.786399999997	6.745994544174896	153.02505230317993	808.8494166601398	
21718.036	0.025599999997211853	Ripples						0.025599999997211853	21718.047199999997	8.810489507431816	160.53944655901958	957.8584404671187	
21722.685599999997	0.02960000000166474	Ripples						0.02960000000166474	21722.7024	10.979443805943069	170.61595585491625	1104.7120937473087	
21722.919199999997	0.04160000000047148	Ripples						0.04160000000047148	21722.9368	16.08283929938641	152.3965941204407	1340.7908682078428	
21724.0304	0.02479999999923166	Ripples						0.02479999999923166	21724.0448	7.653131369346498	166.4965428700003	925.1668622514553	
21724.539999999997	0.07280000000173459	Ripples						0.07280000000173459	21724.5608	12.874331763105676	154.95742740070412	1277.5165427870397	
21724.698399999997	0.028000000002066372	Ripples						0.028000000002066372	21724.711199999998	7.087288216655677	164.26364315399044	944.9821753140225	
21725.744	0.0272000000004482	Ripples						0.0272000000004482	21725.7552	6.98906640146646	158.21418255342016	761.2767981193894	
21726.840799999998	0.062399999998888234	Ripples						0.062399999998888234	21726.858399999997	31.16838599486857	160.42848526314845	1965.0965666366615	
21726.9416	0.0272000000004482	Ripples						0.0272000000004482	21726.951999999997	12.110374441367938	164.58379122009683	1100.008344496696	
21727.248	0.0272000000004482	Ripples						0.0272000000004482	21727.2624	15.55435684705775	164.99431331520165	1274.8012258198862	
21728.7264	0.023999999997613486	Ripples						0.023999999997613486	21728.7408	8.763030966110163	154.23216225647008	887.8707346064758	
21728.910399999997	0.028800000000046566	Ripples						0.028800000000046566	21728.919199999997	9.997367742697945	161.1281601736678	1017.9817958030615	
21729.0216	0.044799999999668216	Ripples						0.044799999999668216	21729.0432	12.620907038793176	155.57719221712284	1153.3483626642624	
21734.007999999998	0.024000000001251465	Ripples						0.024000000001251465	21734.018399999997	5.617018365231284	155.79976626256482	742.0763162149929	
21734.519999999997	0.03920000000289292	Ripples						0.03920000000289292	21734.5424	12.303035128903556	151.66308029917525	1073.0442714899507	
21739.831199999997	0.05280000000129803	Ripples						0.05280000000129803	21739.8464	9.577731708316191	150.08319625647843	855.1355907754619	
21740.023999999998	0.022400000001653098	Ripples						0.022400000001653098	21740.0352	5.714787198670276	156.32215716900222	781.1352407339848	
21740.3056	0.028800000000046566	Ripples						0.028800000000046566	21740.32	6.817787287251624	151.19780105418843	775.7067580750657	
21746.284799999998	0.028800000000046566	Ripples						0.028800000000046566	21746.296	7.94296166962971	160.9955076963871	864.3524947484078	
21763.3448	0.028800000000046566	Ripples						0.028800000000046566	21763.356799999998	8.662005980066773	154.8904213636918	999.3289632742309	
21767.6224	0.027999999998428393	Ripples						0.027999999998428393	21767.636	6.920955965821437	157.81626141748185	906.4615920195	
21769.539999999997	0.0272000000004482	Ripples						0.0272000000004482	21769.554399999997	11.60920039435176	166.8115968261371	1158.6936820175897	
21771.42	0.031200000001263106	Ripples						0.031200000001263106	21771.4344	6.564332668998433	161.74647461735765	861.0244048972289	
21775.0504	0.0319999999992433	Ripples						0.0319999999992433	21775.0608	8.537708696430176	172.06103113657164	936.8215874216482	
21775.771999999997	0.04080000000249129	Ripples						0.04080000000249129	21775.7896	18.837323877907696	155.95116026625112	1440.734898379644	
21776.214399999997	0.042400000002089655	Ripples						0.042400000002089655	21776.2296	14.335711090035083	150.6859667213774	1112.4464164125786	
21776.5192	0.02479999999923166	Ripples						0.02479999999923166	21776.536799999998	7.634948258778031	167.5601321262273	861.2824597305672	
21776.84	0.04399999999805004	Ripples						0.04399999999805004	21776.872	11.938693078396279	151.5599422686744	1146.0677226423454	
21776.9928	0.04399999999805004	Ripples						0.04399999999805004	21777.0104	11.900676486777146	169.42178667365636	1037.1296913238402	
21780.239999999998	0.04160000000047148	Ripples						0.04160000000047148	21780.2568	15.115665716538542	167.38868815509534	1342.2872848634038	
21781.957599999998	0.048800000000483124	Ripples						0.048800000000483124	21781.9712	9.330885145671344	165.20342671442134	1083.2820313456123	
21783.5864	0.03919999999925494	Ripples						0.03919999999925494	21783.6112	13.529737330757927	151.3005562746237	1223.501086475698	
21784.8792	0.039999999997235136	Ripples						0.039999999997235136	21784.8936	19.108626080427157	162.87594563033187	1537.5485205540388	
21786.266399999997	0.03200000000288128	Ripples						0.03200000000288128	21786.280799999997	10.448464723984243	156.2785605924355	1022.9027988646221	
21786.649599999997	0.04640000000290456	Ripples						0.04640000000290456	21786.6632	5.546335011530596	150.3044418117744	720.8718063618936	
21789.165599999997	0.03440000000045984	Ripples						0.03440000000045984	21789.1792	9.422347957995255	156.40739889728073	1055.7534359445217	
21789.732799999998	0.028000000002066372	Ripples						0.028000000002066372	21789.7464	11.552740507833235	168.27303645884155	1138.3607924913645	
21789.9064	0.08959999999933643	Ripples						0.08959999999933643	21789.9528	7.689537573539876	151.3090206358521	923.1217880831131	
21793.856	0.025599999997211853	Ripples						0.025599999997211853	21793.868	7.487253928965871	154.4653384359113	823.6396989658234	
21794.3216	0.035199999998440035	Ripples						0.035199999998440035	21794.3488	9.621746506239543	169.07882388864823	902.1561450475731	
21794.4256	0.07600000000093132	Ripples						0.07600000000093132	21794.444	11.8487480245093	149.13653467629132	1009.9754346825514	
21794.655199999997	0.02479999999923166	Ripples						0.02479999999923166	21794.669599999997	9.192346239027964	155.7692772048418	951.3535868080469	
21795.6472	0.021600000000034925	Ripples						0.021600000000034925	21795.660799999998	7.008530687138571	170.56929736167532	838.2930500974131	
21796.4856	0.0591999999996915	Ripples						0.0591999999996915	21796.5	13.066605726212213	161.6273546651767	1203.0134782656473	
21801.12	0.059999999997671694	Ripples						0.059999999997671694	21801.1376	8.16233987072176	159.77347745835488	939.896448185218	
21801.268799999998	0.028000000002066372	Ripples						0.028000000002066372	21801.283199999998	21.850114704883797	164.25936871920442	1554.3691479335316	
21804.64	0.028800000000046566	Ripples						0.028800000000046566	21804.6592	5.472715637511093	148.76223167057395	639.6204391650903	
21804.917599999997	0.0272000000004482	Ripples						0.0272000000004482	21804.928799999998	14.022488420824406	164.401309336057	1172.4507335785868	
21806.9544	0.04799999999886495	Ripples						0.04799999999886495	21806.9888	9.336725103538516	165.14607084537926	988.2841961829741	
21807.939199999997	0.03920000000289292	Ripples						0.03920000000289292	21807.966399999998	7.017502440034949	167.36716742703794	946.7400641298012	
21808.4856	0.025599999997211853	Ripples						0.025599999997211853	21808.493599999998	6.244167038066075	154.81376590729008	682.3321698601028	
21811.440799999997	0.044800000003306195	Ripples						0.044800000003306195	21811.4544	10.670507147750124	163.61836332905057	1145.0227188453691	
21811.626399999997	0.035200000002078013	Ripples						0.035200000002078013	21811.640799999997	12.006424615376302	159.31806777734482	1224.186402033543	
21824.299199999998	0.03440000000045984	Ripples						0.03440000000045984	21824.32	8.65828336953053	174.5981051301296	905.7837319804861	
21827.0032	0.02959999999802676	Ripples						0.02959999999802676	21827.016	14.471498733146477	166.32460641677758	1285.4815519854733	
21827.175199999998	0.0272000000004482	Ripples						0.0272000000004482	21827.1864	10.9099907125863	163.73267970349607	1059.4031211003453	
21827.275999999998	0.021600000000034925	Ripples						0.021600000000034925	21827.290399999998	8.267514036358847	157.80055663375936	761.3504813085947	
21827.428	0.03359999999884167	Ripples						0.03359999999884167	21827.4424	14.50141121960857	161.10021391807362	1324.1993234819954	
21828.4848	0.0272000000004482	Ripples						0.0272000000004482	21828.493599999998	12.078128618107383	167.90144926206702	1092.161004900264	
21828.588799999998	0.02960000000166474	Ripples						0.02960000000166474	21828.599199999997	8.69119331393052	160.7385962992327	961.0830567140299	
21828.6416	0.04079999999885331	Ripples						0.04079999999885331	21828.649599999997	6.595212558413949	157.04996657750857	784.5994866733467	
21829.2512	0.027999999998428393	Ripples						0.027999999998428393	21829.2656	9.93733293455644	159.5149815631951	1056.616136767863	
21830.558399999998	0.044799999999668216	Ripples						0.044799999999668216	21830.5752	13.945149265783865	175.41714752681708	1240.4894887084747	
21832.2728	0.0272000000004482	Ripples						0.0272000000004482	21832.283199999998	10.40547618136356	166.6351521186826	1023.0065475611619	
21832.931999999997	0.03280000000086147	Ripples						0.03280000000086147	21832.9488	15.928087856255223	161.9906257170194	1407.1512232039504	
21833.2456	0.0272000000004482	Ripples						0.0272000000004482	21833.2536	5.818569147915597	164.02650529929045	793.4489377221638	
21833.791999999998	0.02479999999923166	Ripples						0.02479999999923166	21833.809599999997	7.493339080782116	160.3338097676895	817.6274868480562	
21837.888799999997	0.06960000000253785	Ripples						0.06960000000253785	21837.9416	11.999899084864662	154.46690741001166	1202.895276398544	
21840.28	0.026399999998830026	Ripples						0.026399999998830026	21840.287999999997	8.008479020262838	149.50535117964765	659.8100274407726	
21840.8776	0.042399999998451676	Ripples						0.042399999998451676	21840.9024	14.070714866684485	151.9862891840509	1226.1935084899633	
21841.059999999998	0.031200000001263106	Ripples						0.031200000001263106	21841.0712	22.642074098236474	162.01120633092705	1523.5453253000094	
21841.6416	0.05679999999847496	Ripples						0.05679999999847496	21841.66	10.18255148579152	152.38834542498964	1084.5733975136018	
21842.503999999997	0.037599999999656575	Ripples						0.037599999999656575	21842.518399999997	16.40770619377621	172.3617402902421	1259.545202490934	
21844.224	0.0319999999992433	Ripples						0.0319999999992433	21844.2384	8.185900149051648	150.42386713366434	942.6711114598934	
21844.868799999997	0.04080000000249129	Ripples						0.04080000000249129	21844.899999999998	13.149178736114518	154.45807839213242	1109.7959106147023	
21847.7296	0.0272000000004482	Ripples						0.0272000000004482	21847.747199999998	12.602289205163165	159.9790078912058	1017.2861708196388	
21849.855199999998	0.02479999999923166	Ripples						0.02479999999923166	21849.871199999998	7.799768650530889	170.15379529758494	887.9220402878537	
21849.943199999998	0.03680000000167638	Ripples						0.03680000000167638	21849.9656	8.145109872734352	144.72108825861002	793.6103589603846	
21850.0232	0.0639999999984866	Ripples						0.0639999999984866	21850.072799999998	7.766055973978448	155.29090827533884	963.1468132659776	
21850.5952	0.042399999998451676	Ripples						0.042399999998451676	21850.610399999998	10.070620555292997	157.01234013482383	1012.3698904542349	
21851.279199999997	0.03280000000086147	Ripples						0.03280000000086147	21851.296	11.219401437383986	166.16943823653477	1205.326609728812	
21851.955199999997	0.024000000001251465	Ripples						0.024000000001251465	21851.9688	8.412804478784475	167.40568284526756	953.2730298473531	
21861.696799999998	0.03680000000167638	Ripples						0.03680000000167638	21861.7152	13.845655888570558	163.26374007498552	1280.5229895975556	
21861.8256	0.051199999998061685	Ripples						0.051199999998061685	21861.851199999997	15.207853343705468	151.81566155215015	1311.3843524285198	
21863.4928	0.07039999999688007	Ripples						0.07039999999688007	21863.5104	11.337259744123413	157.3732829513364	1125.3506502269497	
21865.087199999998	0.03919999999925494	Ripples						0.03919999999925494	21865.101599999998	10.277955995553093	168.0492073171546	1059.638507635532	
21865.8232	0.0591999999996915	Ripples						0.0591999999996915	21865.84	17.523618914451966	168.59600820718654	1372.21086171322	
21867.708	0.025600000000849832	Ripples						0.025600000000849832	21867.719999999998	14.809210662791614	160.25444550503806	1199.8077204648632	
21867.910399999997	0.035200000002078013	Ripples						0.035200000002078013	21867.9296	12.16796194174578	163.70863395904786	1222.5583263473281	
21868.536799999998	0.02960000000166474	Ripples						0.02960000000166474	21868.5568	8.500208849252354	161.9018469687635	976.427768325909	
21871.0936	0.0415999999968335	Ripples						0.0415999999968335	21871.108	9.634103464767273	161.97203835273825	1038.0025785799767	
21872.6312	0.04399999999805004	Ripples						0.04399999999805004	21872.6592	14.265088638258632	165.73763628683278	1346.6836460406032	
21873.0496	0.11439999999856809	Ripples						0.11439999999856809	21873.0664	15.698589785649776	159.4779035436472	1262.1103242201395	
21875.564	0.021600000000034925	Ripples						0.021600000000034925	21875.577599999997	5.756097088517535	165.17364171128236	815.2920112567564	
21875.9904	0.037599999999656575	Ripples						0.037599999999656575	21876.003999999997	13.761332514184742	169.34950421312448	1276.270220563843	
21876.124	0.044799999999668216	Ripples						0.044799999999668216	21876.140799999997	14.400160728449352	159.9372311680196	1182.3110574154082	
21876.879999999997	0.03840000000127475	Ripples						0.03840000000127475	21876.8968	13.597973101414622	171.0997765019163	1243.5282463037126	
21880.1168	0.04079999999885331	Ripples						0.04079999999885331	21880.1344	13.27711727070294	156.10187428960867	1229.9001508405686	
21883.5624	0.030399999999644933	Ripples						0.030399999999644933	21883.5792	7.306083089692572	155.17272213723948	831.5240741609584	
21884.152	0.05280000000129803	Ripples						0.05280000000129803	21884.1688	11.00945881451179	159.3713434016669	1251.8021104358281	
21887.332	0.040000000000873115	Ripples						0.040000000000873115	21887.345599999997	5.033329746638142	160.62113053860548	805.707835238611	
21889.0392	0.03600000000005821	Ripples						0.03600000000005821	21889.061599999997	6.3159478684755825	150.0121851583177	736.5996585734757	
21889.123199999998	0.04959999999846332	Ripples						0.04959999999846332	21889.152	15.267251708724173	159.02353663035635	1260.0455816898395	
21894.623199999998	0.042399999998451676	Ripples						0.042399999998451676	21894.6528	6.1954073062244435	153.86057987716407	762.7416365142284	
21895.158399999997	0.04160000000047148	Ripples						0.04160000000047148	21895.172	6.2037081008798785	170.13539544412532	849.3728205100153	
21895.338399999997	0.04080000000249129	Ripples						0.04080000000249129	21895.3504	5.036691992899213	148.4868507334313	596.6270479492108	
21903.0936	0.0415999999968335	Ripples						0.0415999999968335	21903.110399999998	17.652630408301384	166.1326892905173	1439.0241407752171	
21906.048799999997	0.02960000000166474	Ripples						0.02960000000166474	21906.0624	13.882188834327685	167.55642762469782	1235.968043846901	
21906.7064	0.06480000000010477	Ripples						0.06480000000010477	21906.748799999998	15.456747281808552	158.58226126468728	1415.2640370364009	
21906.9184	0.028800000000046566	Ripples						0.028800000000046566	21906.9296	11.119300658265962	157.61938765128758	1099.319151602883	
21908.712	0.0272000000004482	Ripples						0.0272000000004482	21908.7296	11.82898551866986	167.11959161038422	1106.6772841534298	
21908.831199999997	0.044799999999668216	Ripples						0.044799999999668216	21908.855199999998	16.254887313886268	153.35915275566475	1327.3746881923464	
21911.7064	0.02479999999923166	Ripples						0.02479999999923166	21911.7168	9.045727234915706	163.1464543977047	992.7308206044218	
21911.8144	0.03600000000005821	Ripples						0.03600000000005821	21911.8304	24.11460428510803	165.4409147497923	1665.4563815511353	
21912.247199999998	0.031200000001263106	Ripples						0.031200000001263106	21912.259199999997	12.329174387196748	164.22403605997596	1147.599080660145	
21915.0576	0.03919999999925494	Ripples						0.03919999999925494	21915.077599999997	10.88446438699338	155.67545251646567	1166.772543603594	
21916.038399999998	0.031200000001263106	Ripples						0.031200000001263106	21916.0536	16.07901966325126	169.59044588149078	1335.3327956126736	
21916.9128	0.03600000000005821	Ripples						0.03600000000005821	21916.9344	17.60335184836937	162.3720090720712	1418.0564895287318	
21917.119199999997	0.06560000000172295	Ripples						0.06560000000172295	21917.162399999997	11.0457845534774	153.19703952501894	1190.6202145031002	
21917.28	0.037599999999656575	Ripples						0.037599999999656575	21917.300799999997	9.180000141363866	155.22919681724238	952.7522839429661	
21923.3448	0.030399999999644933	Ripples						0.030399999999644933	21923.356	10.22927361933617	161.49528284717496	1120.4774431192882	
21925.9184	0.02239999999801512	Ripples						0.02239999999801512	21925.9328	5.329326897449508	151.33286367562317	631.9709633539069	
21928.8128	0.023199999999633292	Ripples						0.023199999999633292	21928.826399999998	5.974185209425531	172.87072871724155	796.7942296739759	
21929.959199999998	0.0591999999996915	Ripples						0.0591999999996915	21929.982399999997	11.719694327131796	156.6804782463725	1144.2092495204977	
21936.6008	0.05519999999887659	Ripples						0.05519999999887659	21936.611999999997	6.440472354107381	162.39088880567326	838.3891831723237	
21936.806399999998	0.028800000000046566	Ripples						0.028800000000046566	21936.823999999997	13.301537477146551	158.0601205026076	1159.8271591411553	
21938.277599999998	0.026400000002468005	Ripples						0.026400000002468005	21938.287999999997	10.074825266790732	165.70280462132342	984.2235709512266	
21939.3824	0.02239999999801512	Ripples						0.02239999999801512	21939.397599999997	8.415382731660337	154.983596448809	808.9879320508425	
21946.4568	0.05279999999766005	Ripples						0.05279999999766005	21946.4888	8.57637549841788	153.12523582718032	1003.5738155999821	
21951.182399999998	0.03280000000086147	Ripples						0.03280000000086147	21951.1976	9.218201710314553	152.9268053472348	878.2999663271358	
21956.724	0.027999999998428393	Ripples						0.027999999998428393	21956.741599999998	6.261286899926939	155.59365663141898	747.0062722833309	
21994.9168	0.028800000000046566	Ripples						0.028800000000046566	21994.933599999997	5.935239133093239	189.48997300628255	532.5243249143032	
21997.9832	0.028800000000046566	Ripples						0.028800000000046566	21998.002399999998	14.20433751592307	166.71897127865643	1207.3265909481393	
22003.309599999997	0.040000000000873115	Ripples						0.040000000000873115	22003.336799999997	13.632343301037272	155.90863129208276	1251.6769196882572	
22003.460799999997	0.06000000000130967	Ripples						0.06000000000130967	22003.486399999998	17.69382563208466	162.24470786133253	1388.6533055963923	
22005.336	0.04959999999846332	Ripples						0.04959999999846332	22005.3576	13.586846754633244	154.53526672033388	1254.0317061560188	
22006.604799999997	0.028800000000046566	Ripples						0.028800000000046566	22006.623199999998	5.151425964390103	169.6817462966822	756.651307615235	
22011.088799999998	0.06880000000091968	Ripples						0.06880000000091968	22011.12	10.53963273235131	150.4922998047519	971.157140692913	
22012.084	0.05760000000009313	Ripples						0.05760000000009313	22012.0896	6.7431778343479865	156.6489367907004	698.5552707034452	
22013.7816	0.03359999999884167	Ripples						0.03359999999884167	22013.7968	14.968293056740135	152.42611527220308	998.8131092095905	
22018.838399999997	0.030400000003282912	Ripples						0.030400000003282912	22018.8592	7.739763810779112	174.4289434451673	887.0067986370128	
22019.883199999997	0.030400000003282912	Ripples						0.030400000003282912	22019.9064	5.500841390507315	153.38129158376353	582.7941674601582	
22020.0424	0.06880000000091968	Ripples						0.06880000000091968	22020.058399999998	26.049996876026064	165.08988259889614	1694.345926257858	
22020.218399999998	0.05680000000211294	Ripples						0.05680000000211294	22020.232799999998	13.110193180468551	150.0703651581789	1080.1056125188784	
22021.411999999997	0.04400000000168802	Ripples						0.04400000000168802	22021.4296	5.9523659088119505	156.91514074868797	845.5966669179775	
22023.2752	0.02079999999841675	Ripples						0.02079999999841675	22023.283199999998	5.997109725107995	172.49844560838633	762.3968370475659	
22023.5352	0.0544000000008964	Ripples						0.0544000000008964	22023.5536	7.7561615276750935	147.8159061882189	776.7962228720249	
22023.8632	0.02479999999923166	Ripples						0.02479999999923166	22023.8752	11.064146424656412	158.7313904081083	1093.1460771540617	
22024.388799999997	0.02960000000166474	Ripples						0.02960000000166474	22024.4064	19.95907831179084	165.27474053331278	1485.431501465486	
22024.8304	0.021600000000034925	Ripples						0.021600000000034925	22024.838399999997	6.688396514785174	155.2478705231735	711.2364003208186	
22025.6992	0.031199999997625127	Ripples						0.031199999997625127	22025.7152	13.647821266961037	171.8947694718604	1179.634710048844	
22029.0712	0.03840000000127475	Ripples						0.03840000000127475	22029.0824	10.101390691252472	154.81604337591503	991.2203584781562	
22032.696	0.027999999998428393	Ripples						0.027999999998428393	22032.7104	8.364731989962598	156.60424670842002	920.9823110907721	
22033.747199999998	0.040000000000873115	Ripples						0.040000000000873115	22033.764799999997	12.986672428821047	165.70089549087012	1339.754187070142	
22034.426399999997	0.03280000000086147	Ripples						0.03280000000086147	22034.4344	5.506397519586532	152.85519843592908	692.1194644056922	
22035.6848	0.028800000000046566	Ripples						0.028800000000046566	22035.7008	10.039052550276613	166.21525150999506	1071.2146240254785	
22035.852799999997	0.025600000000849832	Ripples						0.025600000000849832	22035.8648	7.0162047314610465	155.5268651477339	892.7304240968958	
22036.619199999997	0.042400000002089655	Ripples						0.042400000002089655	22036.6368	9.968948071067693	152.45693634800045	930.9154488216251	
22037.871199999998	0.023199999999633292	Ripples						0.023199999999633292	22037.884	10.378839900949272	157.90755738985547	1067.556227660681	
22045.584799999997	0.05760000000009313	Ripples						0.05760000000009313	22045.624799999998	10.699207168501319	154.28133428033922	900.6371272477595	
22045.744	0.0272000000004482	Ripples						0.0272000000004482	22045.757599999997	14.772241620415866	159.48624005639414	1241.5366566797716	
22051.192799999997	0.02960000000166474	Ripples						0.02960000000166474	22051.207199999997	10.341741852834664	168.99733184891963	1134.6676136054398	
22065.7552	0.023999999997613486	Ripples						0.023999999997613486	22065.7696	8.77666765235971	159.52336292292313	962.8657534721914	
22068.094399999998	0.035200000002078013	Ripples						0.035200000002078013	22068.110399999998	11.487172504894579	166.41691734708755	1201.7476367678098	
22069.1432	0.04079999999885331	Ripples						0.04079999999885331	22069.176	7.08563919527374	153.2393420804915	829.7393148731542	
22071.4872	0.0272000000004482	Ripples						0.0272000000004482	22071.498399999997	9.84287296589816	160.02963845237937	1062.277561757047	
22073.0696	0.03600000000005821	Ripples						0.03600000000005821	22073.087199999998	18.014605123430073	163.14662596747942	1473.3920177459904	
22076.8592	0.0272000000004482	Ripples						0.0272000000004482	22076.867199999997	5.566655423215981	153.5476221798871	582.8204647829269	
22081.0	0.046399999999266583	Ripples						0.046399999999266583	22081.027199999997	13.56523837097432	168.06841870833594	1336.6084365411514	
22084.065599999998	0.03280000000086147	Ripples						0.03280000000086147	22084.081599999998	23.734001155664195	164.9536931026689	1731.8873570052954	
22084.559999999998	0.030399999999644933	Ripples						0.030399999999644933	22084.5736	15.286559677087974	158.19983441124734	1242.8671868531826	
22084.8688	0.037599999999656575	Ripples						0.037599999999656575	22084.8808	7.174524947524251	160.85175541102993	724.3366302561423	
22085.563199999997	0.02080000000205473	Ripples						0.02080000000205473	22085.577599999997	7.879411258320708	162.51439731419052	776.0945290843141	
22089.836799999997	0.035200000002078013	Ripples						0.035200000002078013	22089.855199999998	14.677507498221676	155.46948926227876	1263.3661937637307	
22092.16	0.03919999999925494	Ripples						0.03919999999925494	22092.1832	22.54854212233209	164.09240039449216	1671.726369996756	
22092.9744	0.0319999999992433	Ripples						0.0319999999992433	22092.991199999997	21.29796199732204	170.07376698736422	1525.2628747227227	
22093.8792	0.023199999999633292	Ripples						0.023199999999633292	22093.892799999998	8.910708595825612	171.0064987621293	892.5159843129595	
22093.9584	0.0367999999980384	Ripples						0.0367999999980384	22093.975199999997	25.809915170729038	164.49404531131336	1782.285194895993	
22094.1	0.030399999999644933	Ripples						0.030399999999644933	22094.110399999998	17.551540559483893	159.3833977663102	1354.0031448315328	
22094.6448	0.03840000000127475	Ripples						0.03840000000127475	22094.6632	10.707769609168144	160.93539706293933	1147.8294965894113	
22101.1128	0.0319999999992433	Ripples						0.0319999999992433	22101.123199999998	14.752567605613521	171.0486286423585	1190.9935578820707	
22101.352799999997	0.03200000000288128	Ripples						0.03200000000288128	22101.367199999997	8.732707285778353	152.11543949374595	954.2444921041664	
22101.4056	0.021600000000034925	Ripples						0.021600000000034925	22101.4136	7.764708205072953	166.3936275607594	821.6846085286062	
22103.356	0.042399999998451676	Ripples						0.042399999998451676	22103.368	15.228635289151942	158.59489594062026	1297.586107429861	
22104.1744	0.05279999999766005	Ripples						0.05279999999766005	22104.214399999997	9.881650707285997	156.6161521043089	1129.3277564558286	
22104.340799999998	0.03359999999884167	Ripples						0.03359999999884167	22104.3576	15.680752896668258	156.68939543740686	1313.0780751180826	
22105.6344	0.056000000000494765	Ripples						0.056000000000494765	22105.6592	10.725774530334794	171.99864227222392	951.1100989206614	
22105.741599999998	0.04400000000168802	Ripples						0.04400000000168802	22105.763199999998	20.191083148921166	157.20862506871958	1488.745363276792	
22108.487999999998	0.023199999999633292	Ripples						0.023199999999633292	22108.5016	6.158600353092984	165.67721031366534	842.4982877311908	
22112.0072	0.032799999997223495	Ripples						0.032799999997223495	22112.032	5.9750151773674185	150.8322655049957	730.7776426224885	
22112.8592	0.06880000000091968	Ripples						0.06880000000091968	22112.9112	11.896134364599968	160.06044916241675	1291.7669746670017	
22117.003999999997	0.1040000000029977	Ripples						0.1040000000029977	22117.028	16.296009216453008	152.2099308414073	1317.0727525643447	
22120.315199999997	0.028000000002066372	Ripples						0.028000000002066372	22120.332	10.311441471536435	167.0787786863187	1089.7937886840857	
22124.424	0.02479999999923166	Ripples						0.02479999999923166	22124.437599999997	8.268847232651162	167.18809061857107	970.8241141655586	
22126.6864	0.031200000001263106	Ripples						0.031200000001263106	22126.7024	17.034900505060705	172.28826126519434	1289.7025549614455	
22127.0408	0.03600000000005821	Ripples						0.03600000000005821	22127.045599999998	6.083063983672638	164.50547304827953	739.5822731169069	
22127.12	0.0632000000005064	Ripples						0.0632000000005064	22127.140799999997	17.58690934804129	158.6477743119566	1425.4537621240256	
22127.3936	0.04160000000047148	Ripples						0.04160000000047148	22127.4152	9.771671127735601	150.9283483896912	1052.658973160215	
22128.199999999997	0.030399999999644933	Ripples						0.030399999999644933	22128.214399999997	18.156518713130847	165.89899543127854	1423.312269850032	
22133.0592	0.04719999999724678	Ripples						0.04719999999724678	22133.084799999997	13.845791127493872	161.26728674399183	1394.1791467756004	
22136.678399999997	0.04080000000249129	Ripples						0.04080000000249129	22136.692	7.672911819091297	159.0324745641871	1018.3093273737294	
22138.156	0.027999999998428393	Ripples						0.027999999998428393	22138.172799999997	15.783350300179487	167.7053844430966	1317.236194020613	
22145.1936	0.047200000000884756	Ripples						0.047200000000884756	22145.2104	11.662629380323667	166.10728582175355	1140.1185412968005	
22145.4568	0.04559999999764841	Ripples						0.04559999999764841	22145.483999999997	12.526992910055474	152.4859605807626	1180.6141090772956	
22145.728799999997	0.03920000000289292	Ripples						0.03920000000289292	22145.754399999998	15.714756550923294	166.9002499577781	1402.815970323416	
22147.309599999997	0.07520000000295113	Ripples						0.07520000000295113	22147.3328	13.344947576647408	166.41701666757447	1212.5189918727458	
22147.464	0.031199999997625127	Ripples						0.031199999997625127	22147.480799999998	30.15163204969068	164.48346688766105	1808.8317662589445	
22148.188	0.042399999998451676	Ripples						0.042399999998451676	22148.215999999997	11.068273455929067	157.3627160191052	1147.3125302029591	
22148.411999999997	0.05520000000251457	Ripples						0.05520000000251457	22148.430399999997	12.043219719166299	152.02680452270712	1123.4891245032272	
22149.299199999998	0.04160000000047148	Ripples						0.04160000000047148	22149.319199999998	14.537467093774898	152.93515964835527	1240.3496302309354	
22150.016	0.051199999998061685	Ripples						0.051199999998061685	22150.023999999998	8.142226910439529	153.74279059941665	841.3870503067973	
22150.534399999997	0.05200000000331784	Ripples						0.05200000000331784	22150.551199999998	12.98905226713864	164.48484760556838	1242.3758827284205	
22159.5408	0.06639999999970314	Ripples						0.06639999999970314	22159.555999999997	22.321345561757884	161.6742629288896	1592.556053311321	
22159.6904	0.030399999999644933	Ripples						0.030399999999644933	22159.7024	7.236234504155559	153.97758394325572	748.3041895509016	
22161.3232	0.044799999999668216	Ripples						0.044799999999668216	22161.3448	15.065442111514077	168.8385781227938	1309.5132365978163	
22161.8952	0.031199999997625127	Ripples						0.031199999997625127	22161.908799999997	8.300693279883443	154.08455798116546	947.3381715004472	
22162.212799999998	0.02479999999923166	Ripples						0.02479999999923166	22162.2264	13.320981443206708	157.06538119382353	1161.3067155816732	
22162.352	0.047200000000884756	Ripples						0.047200000000884756	22162.3768	15.292564941978135	153.9240507587102	1335.8862359465593	
22166.8912	0.04799999999886495	Ripples						0.04799999999886495	22166.9056	12.080478604316399	155.037055893467	1118.5093520382673	
22169.34	0.0319999999992433	Ripples						0.0319999999992433	22169.356799999998	15.307648377764595	165.13549723492167	1302.3227624591293	
22170.273599999997	0.0272000000004482	Ripples						0.0272000000004482	22170.284799999998	7.916385510493512	166.4374683255416	949.8313439825987	
22173.982399999997	0.07920000000012806	Ripples						0.07920000000012806	22174.0048	16.518719819626266	159.65088942491317	1359.5781309422448	
22174.0824	0.06159999999727006	Ripples						0.06159999999727006	22174.123199999998	16.823418526776877	156.42589917493873	1396.5073440476215	
22174.3104	0.028800000000046566	Ripples						0.028800000000046566	22174.3216	9.775978017795072	159.507265353896	928.2484806437146	
22175.802399999997	0.028800000000046566	Ripples						0.028800000000046566	22175.8176	21.726537515938396	161.41145702607488	1495.704854421638	
22177.8128	0.020000000000436557	Ripples						0.020000000000436557	22177.8216	5.266135774478508	156.83063902346456	641.2304736089778	
22185.8968	0.031200000001263106	Ripples						0.031200000001263106	22185.907199999998	7.750810957803284	174.544116169698	857.7474805875632	
22188.7008	0.025600000000849832	Ripples						0.025600000000849832	22188.712	7.698283671964669	154.63960941714217	973.5915725257479	
22188.754399999998	0.06000000000130967	Ripples						0.06000000000130967	22188.783199999998	9.194976960130424	160.66178595063863	1097.3879754568004	
22192.2296	0.03600000000005821	Ripples						0.03600000000005821	22192.248799999998	5.317147201361192	164.586674935413	795.3630016212704	
22192.3448	0.04559999999764841	Ripples						0.04559999999764841	22192.3752	12.08631875250072	164.71283443903266	1226.8131659575263	
22195.4208	0.042399999998451676	Ripples						0.042399999998451676	22195.437599999997	10.953407554419092	169.70934423251936	1126.4486865655501	
22197.1528	0.030399999999644933	Ripples						0.030399999999644933	22197.1704	13.715090383922483	167.345652626215	1272.1217218857146	
22197.259199999997	0.028000000002066372	Ripples						0.028000000002066372	22197.273599999997	11.284539305235741	156.0164517158602	1082.9532408680213	
22197.631999999998	0.03359999999884167	Ripples						0.03359999999884167	22197.6488	16.98462752945487	164.56598204347983	1368.1780721402795	
22197.7336	0.02479999999923166	Ripples						0.02479999999923166	22197.7456	15.751535669346245	162.6017523709201	1271.3318696660758	
22198.290399999998	0.035200000002078013	Ripples						0.035200000002078013	22198.3144	19.662563329537385	161.52651969890013	1435.3205105279649	
22198.424	0.044799999999668216	Ripples						0.044799999999668216	22198.4416	15.391528895664601	158.09506520316532	1365.1652071219096	
22199.489599999997	0.024000000001251465	Ripples						0.024000000001251465	22199.5032	7.396229562070269	154.18152280304943	776.4150282538745	
22199.793599999997	0.0272000000004482	Ripples						0.0272000000004482	22199.802399999997	6.892177131773374	162.55946315205247	870.276052930888	
22210.1224	0.044799999999668216	Ripples						0.044799999999668216	22210.1472	21.61686612831215	156.07493039432129	1514.2780665627124	
22210.192799999997	0.04560000000128639	Ripples						0.04560000000128639	22210.2064	6.569652106683792	154.21013533753475	766.2326876293118	
22217.2208	0.10959999999977299	Ripples						0.10959999999977299	22217.304	9.27507378848733	151.94211677070865	986.7693686409164	
22217.8752	0.08079999999972642	Ripples						0.08079999999972642	22217.8904	12.650193575909741	159.9482635274435	1111.7456185166247	
22218.0264	0.044799999999668216	Ripples						0.044799999999668216	22218.051199999998	20.84288338602559	149.32181282067953	1420.402505424903	
22219.42	0.051200000001699664	Ripples						0.051200000001699664	22219.4512	11.616250102248992	160.70934344377383	1288.4787080690846	
22219.7296	0.03600000000005821	Ripples						0.03600000000005821	22219.744	10.376025521843804	164.12948211458382	1164.2766359489679	
22221.9584	0.051199999998061685	Ripples						0.051199999998061685	22221.9848	11.06569218717212	147.77566065042387	918.2171011693766	
22225.656799999997	0.021600000000034925	Ripples						0.021600000000034925	22225.6672	5.798125637743557	157.5759230139501	823.9774747621333	
22229.223199999997	0.04160000000047148	Ripples						0.04160000000047148	22229.241599999998	12.862817989662435	152.5747448873535	1187.4619897744099	
		trials	0.0	left	right	1.0	False						
		trials	1.0	right	right	1.0	False						
		trials	1.0	left	left	1.0	False						
