onset	duration	nwb_table	visited_matched_expected	visited_arm	expected_arm	recordings	is_familiar_maze	ripple_durations	peaks	peak_normed_power	peak_frequencies	peak_amplitudes	label
0.0	10194.911966666667	epochs											
1.0	907.0	SleepStates											Awake
18.136	0.04400000000000048	Ripples						0.04400000000000048	18.164	9.740825901854372	165.6638798200778	1171.7303445208222	
63.268	0.027200000000000557	Ripples						0.027200000000000557	63.281600000000005	6.147203757344787	155.5013359044229	835.1328581579844	
67.7784	0.02559999999999718	Ripples						0.02559999999999718	67.7904	11.157959580520977	157.95994580389555	1119.1175943897324	
85.33840000000001	0.04079999999999018	Ripples						0.04079999999999018	85.34960000000001	6.256743199113585	154.33027614882153	856.1069101412126	
87.7256	0.027200000000007662	Ripples						0.027200000000007662	87.73920000000001	13.905109821754396	159.08880731830936	1285.4221241041055	
114.384	0.03119999999999834	Ripples						0.03119999999999834	114.40400000000001	8.96744568493928	153.87620737027225	933.7206846939141	
114.51440000000001	0.020799999999994156	Ripples						0.020799999999994156	114.52560000000001	6.03737136188596	165.66616419080583	916.9041154139495	
257.288	0.02719999999999345	Ripples						0.02719999999999345	257.3048	74.97148993836042	159.49463971529164	2531.60023369478	
291.51840000000004	0.03519999999997481	Ripples						0.03519999999997481	291.5408	8.346474452069167	164.33213979261092	1040.2806100194916	
295.9128	0.024800000000027467	Ripples						0.024800000000027467	295.92400000000004	8.811736675908731	162.3356313921891	1049.581711681025	
299.6992	0.028799999999989723	Ripples						0.028799999999989723	299.7144	13.806466166789699	156.69623076350553	1198.755446698202	
299.9032	0.02400000000000091	Ripples						0.02400000000000091	299.92	5.639295646612174	167.5856080944052	814.9629997791714	
333.4024	0.023200000000031196	Ripples						0.023200000000031196	333.4192	5.180230579926491	165.42277325552223	760.6304028949023	
417.89520000000005	0.020799999999951524	Ripples						0.020799999999951524	417.90880000000004	5.266072221923722	155.01516108453168	718.5171944645156	
490.2656	0.026400000000023738	Ripples						0.026400000000023738	490.2792	5.4158443390799516	167.8775003090289	885.9822871892927	
491.7984	0.04239999999998645	Ripples						0.04239999999998645	491.8304	16.225464267610523	154.2773346194521	1341.5905971382003	
492.0264	0.02559999999999718	Ripples						0.02559999999999718	492.04400000000004	8.300207961054001	157.13774869134573	947.2632975448759	
715.0032	0.08559999999999945	Ripples						0.08559999999999945	715.0384	13.96532601732074	167.81299914471666	1260.641532256762	
724.8504	0.033599999999978536	Ripples						0.033599999999978536	724.864	11.621482811597613	161.68517911436905	1193.8301823163063	
725.0312	0.03600000000005821	Ripples						0.03600000000005821	725.0448	10.929210378502932	154.2940821747402	845.9686229639511	
725.1728	0.06399999999996453	Ripples						0.06399999999996453	725.1912	14.075110706157478	148.21881337738782	1084.1196277540414	
744.0504000000001	0.07519999999999527	Ripples						0.07519999999999527	744.1136	8.654554906336895	171.85935406679175	1111.9314351046826	
745.1248	0.02719999999999345	Ripples						0.02719999999999345	745.144	5.659558204237052	163.2396120714692	831.165019676425	
753.7352000000001	0.021599999999921238	Ripples						0.021599999999921238	753.7488000000001	10.86259734834461	160.25637049342	1068.1857304851808	
753.8424	0.04000000000007731	Ripples						0.04000000000007731	753.8584000000001	25.158180305674037	166.8424712001139	1724.8595281010516	
759.3208000000001	0.025599999999940337	Ripples						0.025599999999940337	759.332	6.149807466421159	160.7148812878397	906.0928104567678	
760.456	0.14080000000001291	Ripples						0.14080000000001291	760.5664	15.271587108910476	156.85261151167256	1509.3999724876926	
764.0952000000001	0.03999999999996362	Ripples						0.03999999999996362	764.1152000000001	14.628881026855586	166.49213064770277	1513.8365338732356	
764.5328000000001	0.024800000000027467	Ripples						0.024800000000027467	764.5464000000001	6.699637056329966	159.29597849347212	971.0714552283612	
767.9792	0.05520000000001346	Ripples						0.05520000000001346	768.0136	22.533631035741678	153.06929452434343	1566.2450175298804	
769.384	0.033599999999978536	Ripples						0.033599999999978536	769.3976	8.922793518117519	163.49778128074345	1157.0133665868568	
770.0456	0.022399999999947795	Ripples						0.022399999999947795	770.0568000000001	8.671278470274023	158.4724540818115	982.1753992534534	
778.7912	0.04000000000007731	Ripples						0.04000000000007731	778.8048	18.27249575354335	164.9928610238427	1504.0991579901502	
779.1360000000001	0.05199999999990723	Ripples						0.05199999999990723	779.1672000000001	15.754049214589186	152.2111070392957	1488.3729787787513	
779.2248000000001	0.05200000000002092	Ripples						0.05200000000002092	779.2496	5.9002051651286855	150.13170256536108	838.9340083087127	
781.2024	0.05040000000008149	Ripples						0.05040000000008149	781.2336	9.671004161913181	162.41431628330145	1221.3360404684145	
781.3144000000001	0.05919999999991887	Ripples						0.05919999999991887	781.3392	19.92725415835466	160.0375772857265	1639.0606602716548	
782.0944000000001	0.021599999999921238	Ripples						0.021599999999921238	782.1024	12.412815461301358	168.57940930968434	1078.1694523942353	
782.2024	0.056800000000066575	Ripples						0.056800000000066575	782.2424000000001	17.099590043359196	154.3857896552939	1514.3637569146633	
783.1128	0.06560000000001764	Ripples						0.06560000000001764	783.168	7.354307952300439	167.00123526615297	917.3515919387619	
787.7592000000001	0.09919999999999618	Ripples						0.09919999999999618	787.8392	17.380288836229074	157.43481245004077	1696.4314723066254	
789.2752	0.05920000000003256	Ripples						0.05920000000003256	789.2888	11.859267980738103	153.74870577130145	1204.0862176098465	
791.7024	0.04240000000004329	Ripples						0.04240000000004329	791.7208	19.18417481498342	161.53398035026507	1696.0543578526308	
791.8592	0.029600000000073123	Ripples						0.029600000000073123	791.8712	6.337704346461223	153.21603222692215	789.2044361773038	
792.0600000000001	0.041600000000016735	Ripples						0.041600000000016735	792.0704000000001	10.243547374613767	163.02629579724058	1135.4048623247343	
797.0632	0.02719999999999345	Ripples						0.02719999999999345	797.08	10.856281352808509	162.90065743751265	1081.1520812433664	
797.1216000000001	0.07200000000000273	Ripples						0.07200000000000273	797.1800000000001	14.963534937539928	169.80103202825106	1391.9122573467853	
804.4088	0.03120000000001255	Ripples						0.03120000000001255	804.4272000000001	12.722357302466698	152.58378924112668	1140.5960671767266	
804.7448	0.03120000000001255	Ripples						0.03120000000001255	804.7592000000001	11.459163755610634	160.20269138609441	1290.813431710344	
804.868	0.03200000000003911	Ripples						0.03200000000003911	804.8864000000001	12.743394292320566	156.16788684185465	1195.2727026178989	
805.8864000000001	0.03599999999994452	Ripples						0.03599999999994452	805.912	7.597343325506691	150.42604172557017	758.4912174028129	
808.1352	0.030399999999985994	Ripples						0.030399999999985994	808.1552	14.664144762094958	156.14443957634325	1293.5227557253143	
808.308	0.048800000000028376	Ripples						0.048800000000028376	808.3272000000001	17.23486489190312	158.48777499245594	1599.3504035503204	
808.4024000000001	0.06319999999993797	Ripples						0.06319999999993797	808.4200000000001	23.243620115511813	161.53668729028306	1764.3016930322444	
809.244	0.04399999999998272	Ripples						0.04399999999998272	809.2616	15.467129054275674	165.79966504140023	1414.249137348708	
812.5648	0.03360000000009222	Ripples						0.03360000000009222	812.5768	7.756394598333277	156.82407994536274	885.9846841068448	
815.3008000000001	0.022399999999947795	Ripples						0.022399999999947795	815.312	5.1168246132507536	159.46717361187373	849.9374974947362	
815.4096000000001	0.05119999999999436	Ripples						0.05119999999999436	815.4312	7.703202092238629	170.85665397473716	1082.8462844206956	
820.4632	0.03600000000005821	Ripples						0.03600000000005821	820.4848000000001	19.03192630461677	152.09041626661428	1368.9822502129941	
822.1944000000001	0.04399999999998272	Ripples						0.04399999999998272	822.2152000000001	28.531001661746608	163.9657659542351	2089.7491600238336	
822.5528	0.052800000000047476	Ripples						0.052800000000047476	822.5840000000001	10.813914666740228	166.9807304664698	1183.2033385710818	
823.3000000000001	0.03279999999995198	Ripples						0.03279999999995198	823.3168000000001	13.474277256310502	167.53245756410536	1394.6120200181906	
823.6232	0.02640000000008058	Ripples						0.02640000000008058	823.6392000000001	20.675578242013803	166.10875648509418	1492.123496784898	
823.9408000000001	0.03440000000000509	Ripples						0.03440000000000509	823.9592	9.021474132152244	150.9532313769509	915.8064994148106	
824.2048000000001	0.021599999999921238	Ripples						0.021599999999921238	824.216	7.4116118052736955	154.87407592135796	744.5377094983809	
829.9856000000001	0.03599999999994452	Ripples						0.03599999999994452	830.0144	7.447329297435423	152.00653188260836	835.657740438945	
830.3576	0.03919999999993706	Ripples						0.03919999999993706	830.3792000000001	8.627079902007203	161.78176302234877	1089.5305141273282	
830.8016	0.032800000000065666	Ripples						0.032800000000065666	830.8208000000001	18.78680972791755	168.43084563159528	1548.3077993231998	
830.9624	0.036800000000084765	Ripples						0.036800000000084765	830.9744000000001	7.820267637086206	151.75092519859757	847.6990314178321	
833.2256	0.020800000000008367	Ripples						0.020800000000008367	833.2336	8.191565687720614	164.2890384842505	899.3554279753283	
833.3208000000001	0.05679999999995289	Ripples						0.05679999999995289	833.356	17.771150081488962	152.75236689841196	1406.590098612796	
838.1784	0.024800000000027467	Ripples						0.024800000000027467	838.1888	12.433184931345945	164.8459246198486	1133.739083421623	
838.4048	0.057599999999979445	Ripples						0.057599999999979445	838.4304000000001	22.34122897778531	157.62939424761097	1801.096834151155	
839.2592000000001	0.042399999999929605	Ripples						0.042399999999929605	839.2760000000001	10.035376586981295	157.62624617771257	864.3619820446892	
839.9992000000001	0.033599999999978536	Ripples						0.033599999999978536	840.0160000000001	16.02980105968979	158.97120523540104	1353.3476621516986	
840.092	0.03520000000003165	Ripples						0.03520000000003165	840.1064	17.80639054065321	153.54474939295798	1289.6914571059467	
840.2104	0.021600000000034925	Ripples						0.021600000000034925	840.2248000000001	5.59986299062811	153.57037135694566	742.6231889530452	
841.0640000000001	0.030399999999985994	Ripples						0.030399999999985994	841.0776000000001	15.377230456793303	161.06797028306775	1328.3051040724379	
844.2008000000001	0.02479999999991378	Ripples						0.02479999999991378	844.2112000000001	5.485953264698094	154.32181755444066	750.0895446243378	
844.2592000000001	0.06959999999992306	Ripples						0.06959999999992306	844.2848	20.176309705908622	151.52836521039015	1533.871638090194	
846.7312000000001	0.037599999999997635	Ripples						0.037599999999997635	846.7584	5.304801911879479	159.59011147008778	748.9210677942515	
848.8784	0.06319999999993797	Ripples						0.06319999999993797	848.892	14.727101597350236	160.10080976923442	1361.7547642977468	
848.9976	0.07119999999997617	Ripples						0.07119999999997617	849.0184	12.32122711314941	153.43065041100482	1247.3735924316838	
850.4984000000001	0.03279999999995198	Ripples						0.03279999999995198	850.5272	5.406300009030389	155.19442827638002	666.1524494465131	
852.3872	0.02800000000002001	Ripples						0.02800000000002001	852.4016	10.907278828623307	159.83964777808012	1127.6017959139724	
855.344	0.04800000000000182	Ripples						0.04800000000000182	855.3592	9.500087136405698	148.68368740716312	813.2528019412282	
856.744	0.03520000000003165	Ripples						0.03520000000003165	856.7632000000001	23.017167309914175	165.6574513396592	1726.5358350966835	
856.8432	0.07200000000000273	Ripples						0.07200000000000273	856.864	8.074139714641545	148.67268866871657	931.7087329386176	
858.8744	0.028800000000046566	Ripples						0.028800000000046566	858.8888000000001	12.2944686351708	159.76858392956314	1181.6492837408846	
858.9680000000001	0.04399999999998272	Ripples						0.04399999999998272	858.9896	22.961293234135187	165.21421833164717	1824.8634005714284	
861.3288	0.04079999999999018	Ripples						0.04079999999999018	861.356	17.14799893892136	157.40673216974275	1317.3028864870766	
861.44	0.04399999999998272	Ripples						0.04399999999998272	861.4624	24.556103515599208	167.07557923223064	1877.1124228845947	
862.8304	0.08399999999994634	Ripples						0.08399999999994634	862.8448000000001	10.613016511185226	165.6611432668596	1152.1609309820806	
867.4688	0.08960000000001855	Ripples						0.08960000000001855	867.528	15.140672845663142	153.33500748596694	1267.8208418398049	
867.6544	0.021600000000034925	Ripples						0.021600000000034925	867.6688	7.852754177465421	158.99994410801057	885.2558212877557	
906.6512	0.03840000000002419	Ripples						0.03840000000002419	906.6592	5.249277457579632	163.52639776353203	763.4791280218103	
907.6456000000001	0.03200000000003911	Ripples						0.03200000000003911	907.6624	16.554459037653686	166.66226397979295	1459.1304834543525	
909.0	61.0	SleepStates											Non-REM
909.5824	0.088799999999992	Ripples						0.088799999999992	909.6536000000001	11.232093690833732	146.36576517826654	1061.9153264335862	
911.7096	0.11120000000005348	Ripples						0.11120000000005348	911.7384000000001	9.566514677295416	153.51697615825083	1058.626856000813	
911.9216	0.024800000000027467	Ripples						0.024800000000027467	911.9328	11.13744578565467	161.82022943456707	1131.6333909627804	
914.7632000000001	0.03279999999995198	Ripples						0.03279999999995198	914.7856	6.670679686611631	147.73609861982823	708.6797272785153	
916.6848	0.02640000000008058	Ripples						0.02640000000008058	916.696	5.6549998148398855	151.70671449291413	668.243457912337	
919.3352000000001	0.03279999999995198	Ripples						0.03279999999995198	919.36	8.388961060013196	154.4406032827971	879.5964219482255	
919.5624	0.02400000000000091	Ripples						0.02400000000000091	919.5736	11.63033905591011	165.58673181193987	1165.7027655159661	
919.7056	0.03200000000003911	Ripples						0.03200000000003911	919.72	9.776012194708274	158.24468113894645	1027.4438636870304	
925.168	0.03360000000009222	Ripples						0.03360000000009222	925.1896	9.787275359913611	168.3444466169644	1143.739593262058	
928.3752000000001	0.04319999999995616	Ripples						0.04319999999995616	928.3976	13.662261097442116	147.39613652070136	1170.0964024235643	
932.0176	0.04079999999999018	Ripples						0.04079999999999018	932.0512	7.503336332449678	151.2938163068452	879.3344929584073	
932.4096000000001	0.023199999999974352	Ripples						0.023199999999974352	932.4232000000001	10.759322817298786	166.09739381922176	1161.0005640861577	
932.5096000000001	0.061599999999998545	Ripples						0.061599999999998545	932.5512	8.218278673444264	151.05095611551562	1119.1709528620318	
938.4768	0.023199999999974352	Ripples						0.023199999999974352	938.488	7.927674884695991	163.65476833094044	1025.1054085707913	
939.2520000000001	0.041600000000016735	Ripples						0.041600000000016735	939.2728000000001	23.517557692607983	156.9087503250045	1753.098633207931	
942.4904	0.04079999999999018	Ripples						0.04079999999999018	942.5072	24.104763237002174	156.6399239639056	1603.7788893206352	
942.5936	0.052800000000047476	Ripples						0.052800000000047476	942.6288000000001	8.231875156665344	143.61090705588572	683.1961960009144	
944.2608	0.03920000000005075	Ripples						0.03920000000005075	944.2864000000001	12.720833791416101	149.96150323916314	1086.5373817195773	
944.4216	0.03200000000003911	Ripples						0.03200000000003911	944.44	27.4549089614404	159.86743091442398	1844.9956280679892	
955.6736000000001	0.041600000000016735	Ripples						0.041600000000016735	955.6872000000001	12.182950939797342	166.96203755059236	1178.7253189574046	
955.7696000000001	0.07200000000000273	Ripples						0.07200000000000273	955.8192	22.658704913443078	155.9277215709031	1892.996936225344	
958.7320000000001	0.03120000000001255	Ripples						0.03120000000001255	958.7456000000001	7.682275234444616	157.40636226839212	1018.3031170994627	
959.9912	0.021600000000034925	Ripples						0.021600000000034925	960.0016	6.299431613505018	154.79175851507435	758.4739412821907	
960.1024000000001	0.025599999999940337	Ripples						0.025599999999940337	960.1160000000001	11.419915026933577	164.482701579001	1190.1081222560067	
963.1	0.04079999999999018	Ripples						0.04079999999999018	963.1272	10.55825533004682	155.63688383539414	1116.5792082949802	
967.1552	0.03920000000005075	Ripples						0.03920000000005075	967.176	28.177025116622637	167.08295767839647	1992.804325758899	
967.2888	0.0543999999999869	Ripples						0.0543999999999869	967.3064	15.223968441807775	151.1287499171813	909.6541779081592	
969.3496	0.02400000000000091	Ripples						0.02400000000000091	969.36	7.40447797538461	161.6794700935188	873.9261801649907	
969.4624	0.044000000000096406	Ripples						0.044000000000096406	969.4888000000001	26.955353855097766	163.72737176983946	2052.1500521800444	
971.0	12.0	SleepStates											Awake
974.8656000000001	0.026399999999966894	Ripples						0.026399999999966894	974.8776	8.557877136125212	156.35755794758225	917.3717025686752	
979.5464000000001	0.02400000000000091	Ripples						0.02400000000000091	979.5544000000001	5.370075816451198	173.1566726996826	784.1869981222768	
984.0	207.0	SleepStates											Non-REM
985.7456000000001	0.06639999999993051	Ripples						0.06639999999993051	985.7648	15.030671900896037	153.27034450798692	1329.2371833183292	
987.4920000000001	0.10000000000002274	Ripples						0.10000000000002274	987.5304000000001	17.807631243847126	151.93553553337188	1339.283409868366	
987.7112000000001	0.02800000000002001	Ripples						0.02800000000002001	987.7256000000001	15.650254901712398	162.3086325896979	1235.6861088977066	
987.7928	0.052800000000047476	Ripples						0.052800000000047476	987.8384000000001	7.945894332794156	156.33438146889335	733.6112940649201	
988.8728000000001	0.027999999999906322	Ripples						0.027999999999906322	988.884	13.56197429380698	159.31941844066554	1169.227290901427	
991.8424	0.04320000000006985	Ripples						0.04320000000006985	991.864	20.027627320200093	153.80421007916195	1610.3139076423258	
996.0664	0.06960000000003674	Ripples						0.06960000000003674	996.1248	10.784420554186214	147.30865486597466	1018.5490687997901	
997.2352000000001	0.033599999999978536	Ripples						0.033599999999978536	997.2464	12.869685641524661	158.22485806801438	1078.9933158415975	
997.5016	0.04800000000000182	Ripples						0.04800000000000182	997.5160000000001	9.358639542220416	161.32496481255473	1129.2916416113846	
998.1600000000001	0.038399999999910506	Ripples						0.038399999999910506	998.1872000000001	7.121809581378187	161.52628823509653	924.7398005852799	
998.2392000000001	0.035199999999917964	Ripples						0.035199999999917964	998.2536	6.905056017517368	151.42603067384397	719.2766050912247	
1003.4720000000001	0.10559999999998126	Ripples						0.10559999999998126	1003.5616	11.037464257196751	158.4145054805341	1291.323961429235	
1003.6416	0.030399999999985994	Ripples						0.030399999999985994	1003.652	8.843215043849048	159.02695663860004	967.1130726426824	
1003.8896000000001	0.05119999999999436	Ripples						0.05119999999999436	1003.8968000000001	5.633727739008852	155.67797544346436	629.2316168225092	
1004.0200000000001	0.031199999999898864	Ripples						0.031199999999898864	1004.0336000000001	8.290491791289412	151.20313199234315	900.826154565187	
1004.3288	0.044000000000096406	Ripples						0.044000000000096406	1004.3496	13.220833377740352	154.27213871610758	1320.7457320025396	
1009.2528000000001	0.04559999999992215	Ripples						0.04559999999992215	1009.2632000000001	6.613595331099144	163.09935480657091	606.6885956864577	
1018.4224	0.048800000000028376	Ripples						0.048800000000028376	1018.4392	9.92786548196475	155.8359416103169	1121.2651189972944	
1019.2472	0.04480000000000928	Ripples						0.04480000000000928	1019.2688	18.638066887594775	156.50527744048534	1302.279265757633	
1019.4336000000001	0.02879999999993288	Ripples						0.02879999999993288	1019.4512000000001	8.370341629256584	149.6831467081011	831.8407398962449	
1019.5488	0.03200000000003911	Ripples						0.03200000000003911	1019.5640000000001	12.229724394475852	158.97679361546918	1265.9136619131887	
1020.4528	0.022400000000061482	Ripples						0.022400000000061482	1020.4680000000001	5.6722178992720735	154.77424665968888	732.702877906595	
1024.5128	0.040000000000190994	Ripples						0.040000000000190994	1024.5240000000001	7.407378912701227	153.38465420115793	944.4682955755582	
1024.5816	0.05920000000014625	Ripples						0.05920000000014625	1024.6272000000001	10.46485797167995	147.8314181141758	874.4662838627269	
1025.9568000000002	0.06639999999993051	Ripples						0.06639999999993051	1025.9856	12.51575864641159	153.80765855902	885.6782206924582	
1029.5928000000001	0.022399999999834108	Ripples						0.022399999999834108	1029.6008000000002	13.649798766877034	161.718351152474	1045.8216172817365	
1033.0696	0.05520000000001346	Ripples						0.05520000000001346	1033.1088	27.48052699704356	158.4429273379113	1956.6912861066037	
1033.2192	0.04079999999999018	Ripples						0.04079999999999018	1033.24	16.122437644064433	159.0946075464207	1551.9495007846317	
1033.3576	0.06400000000007822	Ripples						0.06400000000007822	1033.376	11.813871645523344	150.5228104974398	1254.8700662252074	
1033.5232	0.03759999999988395	Ripples						0.03759999999988395	1033.548	8.929083029034368	155.74435289419372	1049.4388167979353	
1033.864	0.021600000000034925	Ripples						0.021600000000034925	1033.8752	6.778350202520357	157.21203944640496	873.363263528788	
1037.5304	0.046399999999948704	Ripples						0.046399999999948704	1037.5528000000002	18.15081375514329	148.64127233722076	1384.4820473341695	
1038.5976	0.036800000000084765	Ripples						0.036800000000084765	1038.6096	10.809435967871565	155.62840849222084	985.8650689084936	
1038.7608	0.029600000000073123	Ripples						0.029600000000073123	1038.7728	8.515857801916624	149.1638301436388	728.6195753568951	
1039.1504	0.03760000000011132	Ripples						0.03760000000011132	1039.1776	14.783137608707548	153.3347902674603	1276.873150870216	
1042.1568	0.02560000000016771	Ripples						0.02560000000016771	1042.1688000000001	5.334849911731264	146.92962853396295	663.5980907365596	
1046.1904	0.03840000000013788	Ripples						0.03840000000013788	1046.2064	12.654572032933787	171.06214737136852	1254.1770368871219	
1046.2856000000002	0.05199999999990723	Ripples						0.05199999999990723	1046.3208	16.13266582634685	155.38941656791638	1492.4734636244596	
1046.4072	0.041600000000016735	Ripples						0.041600000000016735	1046.428	13.052080919486809	151.16653883876432	1278.927899592064	
1047.6264	0.021600000000034925	Ripples						0.021600000000034925	1047.6384	6.495416132901386	160.1523283409934	817.9642886208738	
1047.7240000000002	0.04559999999992215	Ripples						0.04559999999992215	1047.7488	7.670274286982296	147.17219631951838	786.3069214342165	
1054.2144	0.06400000000007822	Ripples						0.06400000000007822	1054.2472	23.80619863377211	154.0872830462925	1745.7257479781645	
1054.3608000000002	0.023999999999887223	Ripples						0.023999999999887223	1054.3712	5.438912836760465	156.77072549623935	877.2840414037121	
1061.4592	0.021600000000034925	Ripples						0.021600000000034925	1061.4704000000002	7.48905316416135	157.12438000220914	902.620368748927	
1062.5056	0.049600000000054933	Ripples						0.049600000000054933	1062.5384000000001	10.784436596004367	151.92589120850357	1292.398738146501	
1064.6344000000001	0.022399999999834108	Ripples						0.022399999999834108	1064.6424	5.454033682059206	153.37202664546894	668.1407239605154	
1067.2768	0.030399999999872307	Ripples						0.030399999999872307	1067.2944	7.674243681331309	160.71380278039703	1041.8466594329775	
1068.452	0.024800000000141154	Ripples						0.024800000000141154	1068.4632000000001	13.247533331519852	161.94965159737467	1156.3562384147378	
1068.9376	0.049600000000054933	Ripples						0.049600000000054933	1068.9560000000001	5.310923401927963	143.59186584695877	543.6254395337678	
1072.5648	0.030399999999872307	Ripples						0.030399999999872307	1072.5848	6.355593241045238	154.30740353564724	552.1978143886486	
1076.2552	0.05040000000008149	Ripples						0.05040000000008149	1076.28	16.76396109768308	153.84862570534293	1457.226294690109	
1076.4	0.06960000000003674	Ripples						0.06960000000003674	1076.4592	16.55111765661711	154.84656833282412	1282.4450972439304	
1076.5568	0.02800000000002001	Ripples						0.02800000000002001	1076.568	11.905847016532494	162.48563771836612	1223.5855519502413	
1076.6648	0.03760000000011132	Ripples						0.03760000000011132	1076.6824000000001	11.306923625202993	157.39052112371272	1264.7053900481314	
1076.7920000000001	0.03759999999988395	Ripples						0.03759999999988395	1076.8096	13.979103826483646	160.52956429167745	1401.7349272302804	
1077.48	0.031200000000126238	Ripples						0.031200000000126238	1077.4888	5.456106325104758	161.47872477021687	672.3609326220385	
1090.7656	0.03920000000016444	Ripples						0.03920000000016444	1090.7904	15.491129903264229	150.44377121634392	1254.5005918201518	
1094.236	0.04800000000000182	Ripples						0.04800000000000182	1094.2568	25.2683419801712	155.48808413262148	1757.6375190637475	
1094.3736000000001	0.03520000000003165	Ripples						0.03520000000003165	1094.3872000000001	11.033593313864653	157.77798947032903	1159.394032005764	
1094.5264	0.044800000000122964	Ripples						0.044800000000122964	1094.5552	7.9546657759934725	158.70060285507594	1041.1133508219689	
1094.6672	0.028800000000046566	Ripples						0.028800000000046566	1094.6752000000001	5.044952540375096	158.88695340526183	755.8254233502566	
1099.9528	0.03999999999996362	Ripples						0.03999999999996362	1099.9696000000001	19.249589175592824	158.53387853775106	1601.407939957012	
1100.0248000000001	0.04399999999986903	Ripples						0.04399999999986903	1100.036	10.468120444433902	162.0969830431058	1011.2068425504287	
1100.1680000000001	0.02800000000002001	Ripples						0.02800000000002001	1100.1824000000001	23.586534520424124	165.05000902685194	1657.2118229380726	
1107.0592000000001	0.02959999999984575	Ripples						0.02959999999984575	1107.0776	20.98045614156623	156.5352359811482	1431.9451631101376	
1111.6424	0.021600000000034925	Ripples						0.021600000000034925	1111.6568	5.1873992504104365	151.28151905135047	570.3156615091702	
1112.18	0.03279999999995198	Ripples						0.03279999999995198	1112.2024000000001	7.523614482686305	149.44908010371506	850.8985582596625	
1114.2376000000002	0.038399999999910506	Ripples						0.038399999999910506	1114.252	24.26783264195057	159.1647292533716	1680.8847786799863	
1114.3544	0.049600000000054933	Ripples						0.049600000000054933	1114.376	26.145219494696267	155.26885535314432	1720.7182992944108	
1132.2256	0.03840000000013788	Ripples						0.03840000000013788	1132.2376000000002	13.303799760621052	154.56438384368465	1032.5632406199245	
1133.6280000000002	0.023199999999860665	Ripples						0.023199999999860665	1133.6392	8.517388536614822	154.15198565119059	814.4776626663763	
1134.8192000000001	0.11359999999990578	Ripples						0.11359999999990578	1134.848	23.191399873240975	152.15831220665675	1509.5281605978084	
1134.9936	0.048800000000028376	Ripples						0.048800000000028376	1135.0256000000002	12.308420334916914	151.78359066618623	1097.8010107872597	
1135.1624000000002	0.03279999999995198	Ripples						0.03279999999995198	1135.1736	14.757918074252968	157.7963308275839	1230.7281870921288	
1136.1136000000001	0.023999999999887223	Ripples						0.023999999999887223	1136.1208000000001	5.879091913562453	165.8694931605255	839.8255953886461	
1136.3072	0.044800000000122964	Ripples						0.044800000000122964	1136.3400000000001	6.625272326811663	148.70812570405758	679.2592267235242	
1139.8544	0.021600000000034925	Ripples						0.021600000000034925	1139.8656	7.690635693601413	157.50842049301414	907.152879827659	
1140.0592000000001	0.038399999999910506	Ripples						0.038399999999910506	1140.0744	5.321174725673608	154.97622895211933	514.9033559267835	
1155.3352	0.04320000000006985	Ripples						0.04320000000006985	1155.3576	6.753811058501645	141.20447155114834	615.9973626987917	
1159.5624	0.04079999999999018	Ripples						0.04079999999999018	1159.5784	13.373117655605977	147.5892881142317	1076.456475716814	
1159.7072	0.03760000000011132	Ripples						0.03760000000011132	1159.7256	28.940670948980245	167.99359551204557	1917.535547625555	
1160.276	0.03440000000000509	Ripples						0.03440000000000509	1160.2848000000001	8.543375498800593	154.10698107543993	787.2695620625115	
1160.8248	0.046399999999948704	Ripples						0.046399999999948704	1160.8504	20.287477434251546	155.69168376378445	1442.0374271291391	
1164.9576	0.04320000000006985	Ripples						0.04320000000006985	1164.9688	11.884038483446922	163.08664728083946	1133.0410934733957	
1170.5056	0.041600000000016735	Ripples						0.041600000000016735	1170.5176000000001	6.050646220735251	152.99288201534	768.5736384824777	
1170.6496	0.05040000000008149	Ripples						0.05040000000008149	1170.6632	14.982768853687931	158.94821425769743	1213.689715039564	
1173.3672000000001	0.031199999999898864	Ripples						0.031199999999898864	1173.3752	6.616439605857991	163.81756307538365	594.9765800285539	
1173.564	0.022400000000061482	Ripples						0.022400000000061482	1173.5728000000001	6.390569900979414	156.52657144318007	813.4320423976701	
1181.6528	0.028800000000046566	Ripples						0.028800000000046566	1181.6688000000001	10.589471436408846	166.9457596769367	1191.5124056336417	
1181.9640000000002	0.02959999999984575	Ripples						0.02959999999984575	1181.9784	12.805428086725783	155.66701143204313	1198.2863639494171	
1185.0320000000002	0.05759999999986576	Ripples						0.05759999999986576	1185.0624	16.61377414263933	152.85430647431772	1361.9628800743694	
1185.4152000000001	0.03759999999988395	Ripples						0.03759999999988395	1185.4312	8.472180378870416	150.16239791049435	863.4842806403734	
1186.3944000000001	0.03999999999996362	Ripples						0.03999999999996362	1186.4232	6.8810460837638185	152.86636155551614	831.1738491623663	
1186.928	0.023999999999887223	Ripples						0.023999999999887223	1186.9384	5.321262101994614	159.96508692627333	791.8193153094843	
1189.0232	0.030399999999872307	Ripples						0.030399999999872307	1189.0368	20.829549781365394	164.00083310168364	1521.6672336421175	
1189.1000000000001	0.07039999999983593	Ripples						0.07039999999983593	1189.1208000000001	16.02872125950838	155.5136075261019	1380.6836947440079	
1192.0	9.0	SleepStates											Awake
1200.5864000000001	0.02959999999984575	Ripples						0.02959999999984575	1200.5952	6.599409117644346	156.6061142015246	791.0802858500352	
1200.7160000000001	0.041600000000016735	Ripples						0.041600000000016735	1200.728	6.625094901954329	151.23658379375632	615.1704572714744	
1202.0	323.0	SleepStates											Non-REM
1207.0496	0.07200000000011642	Ripples						0.07200000000011642	1207.1000000000001	14.550793093033773	148.75468047945185	1243.0278733027549	
1207.7696	0.028800000000046566	Ripples						0.028800000000046566	1207.7848000000001	13.251699822268158	154.73889910134594	1165.7641706154477	
1207.9688	0.04240000000004329	Ripples						0.04240000000004329	1207.9824	10.136823474753891	156.96881083678247	876.343412677026	
1209.656	0.022400000000061482	Ripples						0.022400000000061482	1209.6712	8.569506935492923	157.33762754961703	922.5437614231831	
1210.0992	0.033599999999978536	Ripples						0.033599999999978536	1210.1136000000001	13.93414129744375	157.13000945714197	1271.3614428835951	
1217.384	0.06639999999993051	Ripples						0.06639999999993051	1217.4104	10.986141521775057	143.4764376602854	738.9889765464103	
1217.568	0.026399999999966894	Ripples						0.026399999999966894	1217.5872000000002	6.246640906024273	154.06812244640415	795.4604122544281	
1218.184	0.03840000000013788	Ripples						0.03840000000013788	1218.2152	11.856271345534617	158.49217594269402	812.9527793733355	
1218.2456	0.047200000000202635	Ripples						0.047200000000202635	1218.268	14.53506267598306	150.67382960870702	1112.3989910061382	
1218.4056	0.020800000000008367	Ripples						0.020800000000008367	1218.4160000000002	7.9435649690265855	160.37446675742362	861.6499068149193	
1220.428	0.05279999999993379	Ripples						0.05279999999993379	1220.4424000000001	11.936415306050236	159.99740947546766	1126.1070402791088	
1221.0256000000002	0.04800000000000182	Ripples						0.04800000000000182	1221.048	6.628031165262061	145.84009184234202	666.1928855480567	
1223.9096	0.024000000000114596	Ripples						0.024000000000114596	1223.9224000000002	10.652404196583024	163.55044929962685	1181.7213396852208	
1224.3408000000002	0.038399999999910506	Ripples						0.038399999999910506	1224.3552	9.54547283048818	153.68117186695937	1072.3249926727997	
1227.9512	0.02719999999999345	Ripples						0.02719999999999345	1227.9672	17.73589542897318	163.5865301526568	1445.7890614354146	
1229.036	0.036800000000084765	Ripples						0.036800000000084765	1229.0592000000001	6.6541528857883	150.33639349928114	660.4090985103834	
1234.92	0.023999999999887223	Ripples						0.023999999999887223	1234.9304	8.236315455911948	163.88882123723766	977.9276028385833	
1236.4184	0.05040000000008149	Ripples						0.05040000000008149	1236.4368	12.412926844311647	153.70264312539857	1069.7660847031123	
1236.5232	0.07119999999986248	Ripples						0.07119999999986248	1236.5784	13.96493877786306	153.43469602752526	1277.4288282873567	
1238.0608	0.028800000000046566	Ripples						0.028800000000046566	1238.076	5.645225630883605	148.21420817925855	728.6781158073175	
1238.4616	0.03919999999993706	Ripples						0.03919999999993706	1238.476	10.491997374362468	154.30944278178302	981.6822156576194	
1238.788	0.03840000000013788	Ripples						0.03840000000013788	1238.8128000000002	7.302650612378509	150.4422248383445	850.0882916138255	
1238.8976	0.06880000000001019	Ripples						0.06880000000001019	1238.9456	18.543554634381426	147.51502838140436	1185.9718181461003	
1239.0568	0.04800000000000182	Ripples						0.04800000000000182	1239.0720000000001	8.969059996938485	147.08939426453054	993.6237740884419	
1240.2256	0.024000000000114596	Ripples						0.024000000000114596	1240.236	12.100257901477121	164.56763752369181	1181.892182058666	
1255.0040000000001	0.06319999999982429	Ripples						0.06319999999982429	1255.0224	12.947758530767501	151.12736786182742	1314.0714751880319	
1255.1784	0.025599999999940337	Ripples						0.025599999999940337	1255.1960000000001	11.379945280403316	155.3728839107376	887.1224814209733	
1255.372	0.03919999999993706	Ripples						0.03919999999993706	1255.3904	21.133657258824766	154.41890759206484	1566.6494353600062	
1255.7376000000002	0.051199999999880674	Ripples						0.051199999999880674	1255.7768	6.790923643013643	141.02081544611224	626.4097165866602	
1256.8992	0.033599999999978536	Ripples						0.033599999999978536	1256.9256	6.638244699860043	162.1976146173065	698.0044168034186	
1278.1816000000001	0.03279999999995198	Ripples						0.03279999999995198	1278.2	19.743636326360747	156.35033553066765	1480.6755799786404	
1279.5624	0.022400000000061482	Ripples						0.022400000000061482	1279.5744	9.511137678517704	159.82405349686445	1037.2902097554284	
1284.0024	0.049600000000054933	Ripples						0.049600000000054933	1284.0384000000001	13.792330391725017	165.12069694038283	1406.0186864554016	
1284.4144000000001	0.025599999999940337	Ripples						0.025599999999940337	1284.4232	7.453592008219697	158.49036649031342	930.5314253100505	
1285.6496	0.04560000000014952	Ripples						0.04560000000014952	1285.672	6.638590062297004	151.67542008970167	573.5428321305643	
1285.776	0.02479999999991378	Ripples						0.02479999999991378	1285.7912000000001	7.3662505934476314	152.69858852770398	756.1832167474256	
1286.328	0.07360000000016953	Ripples						0.07360000000016953	1286.3736000000001	15.694867845462836	152.81531687564447	1199.9105161573991	
1299.8064000000002	0.04239999999981592	Ripples						0.04239999999981592	1299.836	13.257137110549314	162.47134078488696	1278.8931600750232	
1299.9224000000002	0.0567999999998392	Ripples						0.0567999999998392	1299.9312	5.809274519680581	152.69915645948979	831.624023848318	
1302.5352	0.08320000000003347	Ripples						0.08320000000003347	1302.5672	20.474138265571423	153.27480173582265	1362.4702919451263	
1303.3	0.05360000000018772	Ripples						0.05360000000018772	1303.3088	7.624155496567921	156.3311817636916	759.1262522956814	
1307.8168	0.036800000000084765	Ripples						0.036800000000084765	1307.844	5.81491274265483	157.71951331731205	568.4503777161981	
1316.3248	0.03600000000005821	Ripples						0.03600000000005821	1316.336	7.565500332575927	154.5462799247507	898.740873685342	
1324.5296	0.029600000000073123	Ripples						0.029600000000073123	1324.5464000000002	9.635443607190682	159.49053702629143	1063.724234906484	
1329.708	0.048800000000028376	Ripples						0.048800000000028376	1329.7440000000001	16.674844667425653	163.56430862300155	1422.6079501329023	
1337.5688	0.07120000000008986	Ripples						0.07120000000008986	1337.5992	10.877718675715954	149.26888789157852	963.3644823635516	
1338.4080000000001	0.03999999999996362	Ripples						0.03999999999996362	1338.4224000000002	10.352802619055105	152.74003161240665	1027.9916908152745	
1338.5264	0.040000000000190994	Ripples						0.040000000000190994	1338.548	23.8875022614882	155.6318380850236	1582.3028482753098	
1338.6488000000002	0.02959999999984575	Ripples						0.02959999999984575	1338.6608	9.745152034883391	150.81882649378792	850.5854914673749	
1343.4472	0.03919999999993706	Ripples						0.03919999999993706	1343.4664	26.191002538468815	161.93028496616563	1864.9500035605433	
1343.7088	0.04719999999997526	Ripples						0.04719999999997526	1343.7328	11.216831989752295	150.2996348676562	1184.8066239235657	
1344.6048	0.04479999999989559	Ripples						0.04479999999989559	1344.6208000000001	9.087776805567723	150.52700916743083	865.9657630082949	
1355.0424	0.061599999999998545	Ripples						0.061599999999998545	1355.0544	7.648962222445153	148.08136506218642	913.8577019842406	
1355.1680000000001	0.028800000000046566	Ripples						0.028800000000046566	1355.1792	13.333805916501843	156.38366216250787	1053.5200755002413	
1356.5256000000002	0.03279999999995198	Ripples						0.03279999999995198	1356.536	7.028584754770893	158.31056781514854	677.8454652800268	
1356.6392	0.07760000000007494	Ripples						0.07760000000007494	1356.6536	11.234349604270477	156.14946823456563	1201.9599961005829	
1356.7976	0.05039999999985412	Ripples						0.05039999999985412	1356.8224	19.218392442790922	151.3271882754328	1434.7417264157903	
1366.5568	0.036800000000084765	Ripples						0.036800000000084765	1366.5792000000001	12.100973482147964	155.10918057422433	1260.7596556089336	
1367.6144000000002	0.03999999999996362	Ripples						0.03999999999996362	1367.6328	10.856753260818383	152.86947452835233	1073.6738521923278	
1368.2	0.024000000000114596	Ripples						0.024000000000114596	1368.2144	7.248680497051386	161.0238072177936	1028.5892891229116	
1372.0312000000001	0.03520000000003165	Ripples						0.03520000000003165	1372.0464000000002	18.80611967701565	158.04210869198326	1599.926478554358	
1372.3024	0.033599999999978536	Ripples						0.033599999999978536	1372.3168	11.984995459404082	160.45653614308367	1319.577688922207	
1373.7368000000001	0.02959999999984575	Ripples						0.02959999999984575	1373.7448000000002	8.835515853584162	151.59985028139897	790.6051183678247	
1373.872	0.046399999999948704	Ripples						0.046399999999948704	1373.8984	12.870833620363841	154.5180265343107	1125.1081364534018	
1381.2240000000002	0.03199999999992542	Ripples						0.03199999999992542	1381.2456	9.00300509933162	168.51264864122624	1040.4825929613712	
1382.0368	0.05040000000008149	Ripples						0.05040000000008149	1382.0520000000001	12.97814816914868	149.4554816227346	974.8225409688664	
1389.3352	0.048800000000028376	Ripples						0.048800000000028376	1389.3432	11.248104588374426	162.02901901083587	1107.6613664087763	
1389.4504000000002	0.02479999999991378	Ripples						0.02479999999991378	1389.468	6.420155249770463	154.37578776147356	923.9501544835406	
1392.7592	0.0784000000001015	Ripples						0.0784000000001015	1392.7712000000001	12.159388394322432	159.14705858981986	1180.2226905382938	
1392.9496000000001	0.028799999999819192	Ripples						0.028799999999819192	1392.9616	11.006454912763234	156.03330483075902	1021.8026274940879	
1393.5168	0.053599999999960346	Ripples						0.053599999999960346	1393.5608	7.138302332880691	150.3975949927594	907.8651415680769	
1393.6632	0.03360000000020591	Ripples						0.03360000000020591	1393.6864	9.077691617229117	151.7218632082716	802.5598581982573	
1396.1792	0.028800000000046566	Ripples						0.028800000000046566	1396.1944	7.70468276177941	154.76657071026486	800.5852567268879	
1400.036	0.038399999999910506	Ripples						0.038399999999910506	1400.0464000000002	6.787932914255029	155.40369551760708	782.0176431171965	
1401.0456000000001	0.03759999999988395	Ripples						0.03759999999988395	1401.0632	11.521463541599621	151.61039484155634	1099.0182097703987	
1401.1416000000002	0.025599999999940337	Ripples						0.025599999999940337	1401.1528	12.476687688332415	159.00984562651377	1000.5048680907927	
1403.6000000000001	0.03440000000000509	Ripples						0.03440000000000509	1403.6080000000002	8.352535627235628	156.28747614413726	861.3771270222228	
1403.6976	0.061599999999998545	Ripples						0.061599999999998545	1403.728	18.146213102066987	149.98272825952267	1353.9931004009347	
1409.8032	0.02479999999991378	Ripples						0.02479999999991378	1409.8176	13.942277764930104	159.98508036239932	1153.6438953234222	
1410.9136	0.038399999999910506	Ripples						0.038399999999910506	1410.932	9.898729743070254	153.78894189246785	1059.0630545704894	
1411.0712	0.04479999999989559	Ripples						0.04479999999989559	1411.0896	14.281673229404337	151.4018606747865	986.8749429981381	
1414.1104	0.02800000000002001	Ripples						0.02800000000002001	1414.1280000000002	9.554666835331277	158.2056469217188	1014.3279004957586	
1418.0488	0.036800000000084765	Ripples						0.036800000000084765	1418.0696	16.97256621348657	161.53810166554752	1652.7682183401894	
1418.9096	0.05120000000010805	Ripples						0.05120000000010805	1418.9360000000001	6.990722115301427	155.4378190429634	629.3895490667157	
1420.5536	0.021600000000034925	Ripples						0.021600000000034925	1420.5672	10.14354077105592	160.69780242170825	1013.4349812317594	
1421.5648	0.025599999999940337	Ripples						0.025599999999940337	1421.5824	7.477822424774592	157.7685013826353	813.299067238686	
1423.7176000000002	0.02159999999980755	Ripples						0.02159999999980755	1423.7288	8.71052746132718	159.85729578006877	942.9707683411858	
1426.832	0.03999999999996362	Ripples						0.03999999999996362	1426.8576	15.879265973844541	151.71791059110217	1097.6164499266054	
1443.1176	0.07600000000002183	Ripples						0.07600000000002183	1443.1688000000001	21.28286423002089	148.21873926605582	1380.441861835176	
1443.5336	0.033599999999978536	Ripples						0.033599999999978536	1443.556	7.02270028619439	148.83388489200652	746.7580540261331	
1443.8344	0.049600000000054933	Ripples						0.049600000000054933	1443.8712	8.30241068484085	150.57208438146333	914.173311970825	
1444.8808000000001	0.02959999999984575	Ripples						0.02959999999984575	1444.8888000000002	5.323063079464323	153.286431136247	603.4912017890699	
1444.9536	0.028800000000046566	Ripples						0.028800000000046566	1444.9648	5.051205594137631	147.38401143556263	608.1033673349652	
1445.0800000000002	0.04479999999989559	Ripples						0.04479999999989559	1445.0968	11.631431328338058	151.75688305130706	1130.7366930419394	
1448.1832000000002	0.0647999999998774	Ripples						0.0647999999998774	1448.2096000000001	11.366907918605515	153.22754854812777	1176.8667834182954	
1448.296	0.03279999999995198	Ripples						0.03279999999995198	1448.3144	10.890576287439321	151.16489295344996	944.2710289132093	
1449.9776000000002	0.04559999999992215	Ripples						0.04559999999992215	1450.0128	11.81600104756805	160.79226562963186	1107.7869710158625	
1452.7744	0.06320000000005166	Ripples						0.06320000000005166	1452.7856000000002	9.199753519041586	157.60350263045893	940.1466541618732	
1452.9544	0.03040000000009968	Ripples						0.03040000000009968	1452.9736	8.339472368226527	150.16612698645193	756.0790683390126	
1453.2264	0.04800000000000182	Ripples						0.04800000000000182	1453.2640000000001	8.945083847211441	150.01656784108937	781.5339570788173	
1453.3712	0.022400000000061482	Ripples						0.022400000000061482	1453.3832	5.796666165587252	157.07340338894588	797.2266615839155	
1453.7752	0.044000000000096406	Ripples						0.044000000000096406	1453.7984000000001	9.79034540220121	154.3794608131676	1114.116129039193	
1454.4064	0.028800000000046566	Ripples						0.028800000000046566	1454.428	6.741727552343947	157.58194667623488	881.0702540514153	
1455.0376	0.033599999999978536	Ripples						0.033599999999978536	1455.0496	9.132700156011797	154.51955885234403	1014.5605093421898	
1456.5128	0.03920000000016444	Ripples						0.03920000000016444	1456.5296	17.84352576738458	159.96646110719576	1545.754945374329	
1456.66	0.03279999999995198	Ripples						0.03279999999995198	1456.68	38.457273427526985	163.3482474262018	2110.2763605764576	
1457.4632000000001	0.03919999999993706	Ripples						0.03919999999993706	1457.4808	11.035921418254212	152.2167921131645	1038.6098298630493	
1458.3704	0.053599999999960346	Ripples						0.053599999999960346	1458.4032	12.920811954706757	153.09814433283398	1267.2428479875048	
1465.804	0.04559999999992215	Ripples						0.04559999999992215	1465.8216	11.812298319933523	150.83126573309565	982.7837186565314	
1467.7056	0.024800000000141154	Ripples						0.024800000000141154	1467.7232000000001	8.59346392016781	156.60234830102013	807.4213795776749	
1470.8048000000001	0.026399999999966894	Ripples						0.026399999999966894	1470.8216	11.177406018527556	173.66766070766866	1072.0981664893677	
1475.5584000000001	0.03999999999996362	Ripples						0.03999999999996362	1475.5904	12.750948110648118	161.29024490429586	1219.1443254652884	
1475.6776	0.05520000000001346	Ripples						0.05520000000001346	1475.7184	10.791562405820693	146.25836155662657	893.9813433388107	
1476.1152	0.031200000000126238	Ripples						0.031200000000126238	1476.1304	21.639303031902738	162.1233392514168	1704.1428405112233	
1476.8768	0.036800000000084765	Ripples						0.036800000000084765	1476.8984	5.0068217313529235	146.00810687161632	641.6080477183251	
1476.9768000000001	0.051199999999880674	Ripples						0.051199999999880674	1477.0136	9.816795317537702	151.82159825529544	1067.3690200209267	
1482.4656	0.03040000000009968	Ripples						0.03040000000009968	1482.4744	7.861074471900352	159.81902067024603	930.1627470529628	
1489.2336	0.031200000000126238	Ripples						0.031200000000126238	1489.2568	6.0930843038820734	149.88561898797462	635.8823994089493	
1491.3528000000001	0.041600000000016735	Ripples						0.041600000000016735	1491.3816000000002	6.164801146194383	154.2127667649251	912.895170715752	
1492.4304	0.024800000000141154	Ripples						0.024800000000141154	1492.444	13.536730107916759	161.37951554974535	1132.4078916030053	
1504.3304	0.024000000000114596	Ripples						0.024000000000114596	1504.3480000000002	5.448712660397484	158.23920179673496	699.18980777565	
1517.0928000000001	0.023199999999860665	Ripples						0.023199999999860665	1517.1080000000002	6.135181031247077	152.56425364443137	640.7317450667745	
1517.4376	0.03920000000016444	Ripples						0.03920000000016444	1517.4488000000001	13.508474704126405	154.8978221268267	1209.6170135586353	
1526.0	12.0	SleepStates											Awake
1539.0	255.0	SleepStates											Non-REM
1543.6032	0.036800000000084765	Ripples						0.036800000000084765	1543.6112	6.568577278085826	160.0954442474681	824.3791361272181	
1545.6928	0.049600000000054933	Ripples						0.049600000000054933	1545.7288	5.9862349990284995	152.33288654621595	855.7702120904729	
1547.5744	0.020000000000209184	Ripples						0.020000000000209184	1547.588	8.74430291063788	169.36619617570227	885.8943986202938	
1549.672	0.03520000000003165	Ripples						0.03520000000003165	1549.6936	10.694617834858176	152.28491576479126	1104.6581684001671	
1550.7984000000001	0.03199999999992542	Ripples						0.03199999999992542	1550.8096	9.990997113571167	156.5494895589344	984.3935641797416	
1552.7648000000002	0.021600000000034925	Ripples						0.021600000000034925	1552.776	9.807282289662155	156.96361345728695	1067.1337760781776	
1552.8776	0.049600000000054933	Ripples						0.049600000000054933	1552.8912	12.036721530450528	153.57091509862613	1018.5401379373565	
1553.0192000000002	0.04719999999997526	Ripples						0.04719999999997526	1553.0344	19.210092029219563	152.1917996637344	1393.2545214532845	
1560.4552	0.030399999999872307	Ripples						0.030399999999872307	1560.4728	11.77812156783965	157.85256682066353	1102.083547377982	
1562.6064000000001	0.04800000000000182	Ripples						0.04800000000000182	1562.6280000000002	14.7881707525094	155.38686250874676	1252.3638374903737	
1568.7248000000002	0.028799999999819192	Ripples						0.028799999999819192	1568.736	5.469104723563697	159.0916095535199	716.3863737097279	
1569.1712	0.060000000000172804	Ripples						0.060000000000172804	1569.2008	11.88847302230548	154.99944022832324	1118.5867816407476	
1572.5592000000001	0.053599999999960346	Ripples						0.053599999999960346	1572.584	17.208585356764026	146.85103293272198	1369.7479847781888	
1575.0352	0.03279999999995198	Ripples						0.03279999999995198	1575.0576	6.444183798598353	151.91039418851653	838.4133158153611	
1576.8496	0.03920000000016444	Ripples						0.03920000000016444	1576.8608000000002	10.462789616707118	154.87466664328537	1100.8216073148258	
1576.976	0.028800000000046566	Ripples						0.028800000000046566	1576.9912000000002	12.021098664449372	154.7680980951985	1163.0246369709982	
1578.2792000000002	0.030399999999872307	Ripples						0.030399999999872307	1578.2912000000001	8.481591737130598	152.6023998466687	725.4228735368437	
1578.428	0.04240000000004329	Ripples						0.04240000000004329	1578.4472	10.014616547195283	161.4094597660766	1264.493580074066	
1578.8472000000002	0.046399999999948704	Ripples						0.046399999999948704	1578.8792	27.388911218475783	155.1980856378008	1839.130267051934	
1585.4832000000001	0.023199999999860665	Ripples						0.023199999999860665	1585.4952	6.259413256146301	154.66353889356816	742.3528401404938	
1585.9256	0.05760000000009313	Ripples						0.05760000000009313	1585.9616	10.394684052172328	156.36306056551555	1054.802920214426	
1586.0416	0.04560000000014952	Ripples						0.04560000000014952	1586.0624	8.670211522724736	161.81496702153208	1052.4265121845203	
1586.1712	0.05360000000018772	Ripples						0.05360000000018772	1586.208	14.359692787997842	150.98742487946961	1125.8721223524997	
1586.2496	0.029600000000073123	Ripples						0.029600000000073123	1586.2656000000002	5.985013924914005	149.90932035305482	750.2427085404319	
1586.8168	0.03999999999996362	Ripples						0.03999999999996362	1586.8472000000002	5.357764475223276	152.47379592974934	633.4117609883905	
1586.9624000000001	0.03759999999988395	Ripples						0.03759999999988395	1586.976	7.603187682538092	153.4288339070577	1038.7365534459443	
1587.1112	0.03279999999995198	Ripples						0.03279999999995198	1587.1328	9.419649900230006	150.4540509159959	976.2961146309896	
1588.8112	0.03919999999993706	Ripples						0.03919999999993706	1588.8432	11.097330636625765	156.3957963370785	1049.8785107087833	
1589.8728	0.03999999999996362	Ripples						0.03999999999996362	1589.892	11.63322250920936	151.28429761395583	978.8267514418502	
1592.3152	0.06320000000005166	Ripples						0.06320000000005166	1592.3256000000001	8.961032597076223	157.78244762599533	981.7684846927319	
1593.2688	0.03760000000011132	Ripples						0.03760000000011132	1593.2864000000002	8.47999666314125	150.58489255972904	899.1302148948288	
1595.8704	0.03040000000009968	Ripples						0.03040000000009968	1595.892	8.437382631269019	153.61641530035416	863.300183506475	
1596.0208	0.03600000000005821	Ripples						0.03600000000005821	1596.0352	16.90277357249056	159.77885671592753	1451.4022720493926	
1596.1992	0.05520000000001346	Ripples						0.05520000000001346	1596.2472	7.540713698783007	159.54881242806073	723.3622603011744	
1606.7544	0.03440000000000509	Ripples						0.03440000000000509	1606.7744	32.684728413712016	162.932396224998	2013.1752808650392	
1607.0776	0.06079999999997199	Ripples						0.06079999999997199	1607.1064000000001	22.430254277367826	152.3355393263595	1648.5541383642606	
1610.5656000000001	0.048800000000028376	Ripples						0.048800000000028376	1610.5872000000002	12.762850825550183	164.18855991737493	1194.3011220988465	
1610.9032	0.040000000000190994	Ripples						0.040000000000190994	1610.9208	14.286829266339259	147.45426922227907	953.7123115581563	
1612.5776	0.024000000000114596	Ripples						0.024000000000114596	1612.5848	5.300398481397072	162.24267225282884	665.2141309973208	
1612.9624000000001	0.04320000000006985	Ripples						0.04320000000006985	1612.9776000000002	8.4357472756494	149.75449858628645	848.6698023618173	
1614.0112000000001	0.03520000000003165	Ripples						0.03520000000003165	1614.0248000000001	5.854184151838842	150.6403648732358	750.7913112104607	
1616.0528000000002	0.03279999999995198	Ripples						0.03279999999995198	1616.0728000000001	18.69873239147678	160.8477857908969	1505.2091746503527	
1624.6584	0.044000000000096406	Ripples						0.044000000000096406	1624.6776	14.481507652591091	152.6437639322431	1184.1569455892416	
1624.8312	0.02719999999999345	Ripples						0.02719999999999345	1624.8472000000002	8.297676790170698	150.71016480603026	806.2159599555707	
1625.8176	0.03520000000003165	Ripples						0.03520000000003165	1625.832	10.832464548731215	151.5387336247761	1100.468597093328	
1631.6976	0.026400000000194268	Ripples						0.026400000000194268	1631.7096000000001	6.008273794119532	152.66184406838792	742.3640902319738	
1637.7520000000002	0.023199999999860665	Ripples						0.023199999999860665	1637.7608	11.529590967704268	161.23139568851047	1026.0839743256333	
1638.0776	0.04240000000004329	Ripples						0.04240000000004329	1638.1032	18.179216362116158	158.97733925566607	1553.2686772220002	
1641.3768	0.03040000000009968	Ripples						0.03040000000009968	1641.3968	8.311440036384003	154.10892158875828	864.3442794175841	
1644.3352	0.0543999999999869	Ripples						0.0543999999999869	1644.3616000000002	12.623615040518242	148.30514614108154	1086.7308947949941	
1645.1088	0.032000000000152795	Ripples						0.032000000000152795	1645.1272000000001	7.182768243235643	154.23686400846208	996.1501353170914	
1645.2504000000001	0.023199999999860665	Ripples						0.023199999999860665	1645.2632	9.04245749342201	162.03536151794003	1073.548066344192	
1645.4808	0.029600000000073123	Ripples						0.029600000000073123	1645.496	10.377268771709067	152.11995404629846	1007.6846388184576	
1645.6000000000001	0.04399999999986903	Ripples						0.04399999999986903	1645.6152000000002	12.745350257611616	154.174307879722	983.889425575287	
1646.9256	0.06560000000013133	Ripples						0.06560000000013133	1646.9688	7.487319768392345	167.74036007409512	708.0927980846402	
1647.088	0.03920000000016444	Ripples						0.03920000000016444	1647.1168	6.377743491710658	158.2543129002734	799.7556182807374	
1647.1760000000002	0.03679999999985739	Ripples						0.03679999999985739	1647.1992	6.1024076686542585	158.85264497078458	986.3169409380122	
1653.712	0.024000000000114596	Ripples						0.024000000000114596	1653.7224	7.953596466021423	155.26780847064765	904.5772617231008	
1659.1184	0.04719999999997526	Ripples						0.04719999999997526	1659.1512	12.379584580488025	149.6448089627567	1094.8782488934671	
1659.6152000000002	0.033599999999978536	Ripples						0.033599999999978536	1659.624	7.998013352072865	156.39822022602888	907.2737037545891	
1676.3752000000002	0.02959999999984575	Ripples						0.02959999999984575	1676.392	16.023911921670614	160.35993194683067	1378.6591259534416	
1676.4840000000002	0.053599999999960346	Ripples						0.053599999999960346	1676.5056000000002	26.803998013498298	151.43714261901331	1632.2279584387845	
1677.8544000000002	0.07039999999983593	Ripples						0.07039999999983593	1677.9104	7.090199864032971	147.10311126713677	595.9094024794393	
1678.0144	0.05280000000016116	Ripples						0.05280000000016116	1678.0424	15.818923948589292	152.43251737282404	1204.3822578784054	
1684.028	0.05920000000014625	Ripples						0.05920000000014625	1684.0712	15.874644945556351	151.00134643417118	1379.7870567872503	
1684.1824000000001	0.04559999999992215	Ripples						0.04559999999992215	1684.2032000000002	32.434441161661184	152.0425985039201	2000.0401392780836	
1687.296	0.03279999999995198	Ripples						0.03279999999995198	1687.304	7.994672917375861	156.99683102825207	789.8578453481698	
1688.5928000000001	0.03520000000003165	Ripples						0.03520000000003165	1688.6136000000001	10.358982450614842	162.5797584115909	929.7412917272111	
1688.8632	0.05120000000010805	Ripples						0.05120000000010805	1688.8928	15.046347674515694	151.44950573267167	1065.6963663130832	
1692.9080000000001	0.03520000000003165	Ripples						0.03520000000003165	1692.9288000000001	12.300743342191154	152.24151903213527	1018.4154100660753	
1693.5040000000001	0.051199999999880674	Ripples						0.051199999999880674	1693.5336	7.0705823724290715	152.12286911280864	720.489698670707	
1696.1888000000001	0.020800000000008367	Ripples						0.020800000000008367	1696.2	8.995997684556734	160.1301668770378	863.5093467929621	
1699.1256	0.031199999999898864	Ripples						0.031199999999898864	1699.1336000000001	7.896390468727202	160.37317139049088	918.6618718128985	
1705.9072	0.07839999999987413	Ripples						0.07839999999987413	1705.9712000000002	15.106349902816133	151.04736882479142	1201.4121979724773	
1708.8856	0.036800000000084765	Ripples						0.036800000000084765	1708.8944000000001	6.1104760374259985	155.10579864489176	784.0625241603656	
1709.6984	0.02719999999999345	Ripples						0.02719999999999345	1709.712	8.853734833273652	169.58917841899688	1049.1108996063365	
1709.7736	0.06560000000013133	Ripples						0.06560000000013133	1709.8168	15.863577107288382	149.16644684251875	1110.8660095684313	
1709.9704000000002	0.02800000000002001	Ripples						0.02800000000002001	1709.9848000000002	10.889814950788256	159.92137090815	1142.572704652856	
1712.4464	0.025599999999940337	Ripples						0.025599999999940337	1712.4616	7.28818970983523	154.97071819341355	858.0855056359314	
1714.7888	0.026399999999966894	Ripples						0.026399999999966894	1714.7976	6.80260401540888	155.27948641455808	743.6738903472286	
1716.9808	0.03040000000009968	Ripples						0.03040000000009968	1716.9920000000002	9.257105229246848	152.42415382199624	910.9575110190056	
1727.6008000000002	0.06639999999993051	Ripples						0.06639999999993051	1727.6184	21.198280535299613	157.75890404878567	1695.2222685018978	
1728.4592	0.04640000000017608	Ripples						0.04640000000017608	1728.4696000000001	8.002005426212074	158.0392970574042	903.6342969651939	
1728.5664000000002	0.03999999999996362	Ripples						0.03999999999996362	1728.592	10.263787582851412	146.15254534370942	860.0763179075046	
1731.6112	0.024800000000141154	Ripples						0.024800000000141154	1731.6296	6.8776886296445205	157.203451614474	793.1875721141055	
1738.6544000000001	0.051199999999880674	Ripples						0.051199999999880674	1738.6848	23.28354030373647	154.48724737243273	1661.4378803169843	
1738.8248	0.04479999999989559	Ripples						0.04479999999989559	1738.8616000000002	10.161272126477018	154.1241842981856	977.9651148042151	
1738.96	0.0624000000000251	Ripples						0.0624000000000251	1738.9904000000001	8.757068206579364	154.00244732675114	871.3819683042092	
1739.4808	0.02719999999999345	Ripples						0.02719999999999345	1739.4920000000002	7.6683060587944825	158.1997960802263	1013.5309753611199	
1739.5648	0.03919999999993706	Ripples						0.03919999999993706	1739.5792000000001	15.233947185332282	156.64025328940622	1324.6347452729035	
1740.1592	0.028800000000046566	Ripples						0.028800000000046566	1740.1784	10.67205926711233	160.83833116953664	1083.36794217123	
1742.6256	0.025599999999940337	Ripples						0.025599999999940337	1742.6328	5.360551738709847	152.80248185351772	624.1896997672062	
1754.1336000000001	0.031199999999898864	Ripples						0.031199999999898864	1754.144	5.852625297580894	154.49915643214635	677.1761847743255	
1758.66	0.021600000000034925	Ripples						0.021600000000034925	1758.6712	7.283805873225368	161.99006720943342	939.7974231171829	
1763.7728000000002	0.043199999999842476	Ripples						0.043199999999842476	1763.788	16.564315532483324	154.91200251872093	1294.4855014893997	
1763.8984	0.02800000000002001	Ripples						0.02800000000002001	1763.912	13.876212995134281	160.82002723899112	1011.9528497604159	
1763.9968000000001	0.03520000000003165	Ripples						0.03520000000003165	1764.008	17.461660097614434	159.3233683367069	1191.410576591746	
1770.3632	0.02560000000016771	Ripples						0.02560000000016771	1770.3744000000002	5.269432136277189	151.92925472556269	653.3145860098865	
1774.9920000000002	0.03440000000000509	Ripples						0.03440000000000509	1775.0064	19.729683423919273	160.95769284277685	1555.4627875273798	
1775.0848	0.041600000000016735	Ripples						0.041600000000016735	1775.0952	13.171620664403244	161.99080740584816	1226.3659644479424	
1775.2432000000001	0.04479999999989559	Ripples						0.04479999999989559	1775.2536	14.698662089980305	157.79437908027717	1313.2622065435992	
1776.028	0.029600000000073123	Ripples						0.029600000000073123	1776.0424	16.80526719644711	163.69831013841522	1526.3230470150859	
1779.2392	0.04800000000000182	Ripples						0.04800000000000182	1779.2656000000002	5.5723658678990855	156.99123221409147	368.8485707585108	
1784.8624	0.03280000000017935	Ripples						0.03280000000017935	1784.8776	16.408353268954926	153.69479623266346	1250.9689427296018	
1786.4352000000001	0.021600000000034925	Ripples						0.021600000000034925	1786.4464	5.1366731179023	158.53300361894048	693.2982214807477	
1795.0	37.0	SleepStates											Awake
1798.5232	0.036800000000084765	Ripples						0.036800000000084765	1798.5384000000001	5.0051972908809335	150.0281506433402	499.6892875378576	
1833.0	252.0	SleepStates											Non-REM
1835.1688000000001	0.031199999999898864	Ripples						0.031199999999898864	1835.18	16.81239153400072	159.00862671085076	1343.119661427954	
1837.2264	0.028800000000046566	Ripples						0.028800000000046566	1837.2416	12.214670180198643	156.09085217143044	1253.0669700755445	
1838.2912000000001	0.028800000000046566	Ripples						0.028800000000046566	1838.3056000000001	5.738223298210858	153.64684784704815	746.1791106625404	
1838.4216000000001	0.031199999999898864	Ripples						0.031199999999898864	1838.4360000000001	20.501290223012187	159.908614144409	1599.8620459754593	
1841.1456	0.025599999999940337	Ripples						0.025599999999940337	1841.16	5.485278465452774	156.02900439532198	853.8208949032934	
1843.2800000000002	0.07039999999983593	Ripples						0.07039999999983593	1843.3064000000002	12.44903317863567	146.37999787827616	925.4963365916897	
1845.2144	0.036800000000084765	Ripples						0.036800000000084765	1845.24	21.075859407148947	162.5132691676848	1557.292573630888	
1845.4104	0.044000000000096406	Ripples						0.044000000000096406	1845.4248	16.143717293301343	164.79603142337425	1461.4898842963826	
1848.576	0.04719999999997526	Ripples						0.04719999999997526	1848.5848	8.102468210694044	152.99723328717988	894.3103523005294	
1848.8784	0.03199999999992542	Ripples						0.03199999999992542	1848.8936	14.661699060352685	155.92088039226945	1299.8280794706689	
1851.3528000000001	0.036800000000084765	Ripples						0.036800000000084765	1851.3704	27.17905333544326	162.94675200827197	1934.5812337474267	
1851.4976000000001	0.04800000000000182	Ripples						0.04800000000000182	1851.5128000000002	10.734157867664031	150.7819911990529	938.7385049228667	
1851.6296	0.031200000000126238	Ripples						0.031200000000126238	1851.6472	11.042677096630433	159.89124847552674	1203.447444447225	
1854.0176000000001	0.038399999999910506	Ripples						0.038399999999910506	1854.0352	17.596074072044534	150.87101280575092	1267.807933707191	
1854.1200000000001	0.058399999999892316	Ripples						0.058399999999892316	1854.164	18.481496221212435	152.1913162415062	1389.685798131834	
1858.5488	0.1048000000000684	Ripples						0.1048000000000684	1858.6424000000002	9.028170509914892	161.92659415054231	890.8089722575393	
1858.7616	0.03999999999996362	Ripples						0.03999999999996362	1858.7728000000002	13.909297628091968	160.76583549432212	1276.373263462519	
1866.3688000000002	0.08959999999979118	Ripples						0.08959999999979118	1866.4096000000002	8.607834511760007	149.98159836948585	730.7939469931476	
1866.5768	0.031200000000126238	Ripples						0.031200000000126238	1866.5968	14.112749627146332	161.45019751168428	1281.335123892313	
1878.208	0.041600000000016735	Ripples						0.041600000000016735	1878.2416	7.744610926658899	150.35043433012623	798.5268651614037	
1903.3528000000001	0.028800000000046566	Ripples						0.028800000000046566	1903.3680000000002	15.25525471428293	157.36538529091956	1257.8932475183349	
1904.924	0.05040000000008149	Ripples						0.05040000000008149	1904.9488000000001	13.013249368804768	158.83683301986107	1271.0831071912453	
1905.4544	0.0624000000000251	Ripples						0.0624000000000251	1905.5056000000002	10.538778961063827	155.64583972633145	1077.8044840325658	
1906.6824000000001	0.03520000000003165	Ripples						0.03520000000003165	1906.6976000000002	13.069916651821027	160.02846556110575	1045.144356321506	
1906.856	0.04800000000000182	Ripples						0.04800000000000182	1906.8712	12.159247825771498	149.02304457611973	979.0008557493928	
1909.5744000000002	0.02959999999984575	Ripples						0.02959999999984575	1909.596	6.6883326525521785	154.3929605286688	679.617596130484	
1912.6568000000002	0.04239999999981592	Ripples						0.04239999999981592	1912.6840000000002	6.440958425548734	154.13151879850562	466.50702886946385	
1912.7312000000002	0.03199999999992542	Ripples						0.03199999999992542	1912.7464	11.60243924294445	153.32455030923543	921.7653329072963	
1912.8808000000001	0.02800000000002001	Ripples						0.02800000000002001	1912.892	13.432624540410847	154.60286176749014	953.3009597342464	
1913.5384000000001	0.023199999999860665	Ripples						0.023199999999860665	1913.548	9.684888525262767	161.22894671665784	1028.714401568086	
1914.64	0.028800000000046566	Ripples						0.028800000000046566	1914.6584	10.101922012225737	153.18243884871768	993.5575598803792	
1921.5736000000002	0.02479999999991378	Ripples						0.02479999999991378	1921.5880000000002	6.16169020576367	153.31075805734716	672.8552498873528	
1924.4824	0.02320000000008804	Ripples						0.02320000000008804	1924.4976000000001	12.665089620250546	165.87060811003533	1122.4562081982854	
1924.748	0.028800000000046566	Ripples						0.028800000000046566	1924.76	25.870128195510016	161.72166948411757	1675.5595673157177	
1925.8680000000002	0.043199999999842476	Ripples						0.043199999999842476	1925.8856	31.317411781917528	154.98321776476195	1803.0671520296955	
1925.988	0.0624000000000251	Ripples						0.0624000000000251	1926.0	10.181099365970544	154.52770055009543	978.2624776542893	
1929.2656000000002	0.038399999999910506	Ripples						0.038399999999910506	1929.2784000000001	6.471512437376176	145.05686828430606	624.1859556874504	
1929.3776	0.044800000000122964	Ripples						0.044800000000122964	1929.412	17.161981575225784	161.44161558576573	1425.4584041466333	
1929.5120000000002	0.026399999999966894	Ripples						0.026399999999966894	1929.5208	7.1745368833797905	153.76055811070765	808.1182823994008	
1931.5384000000001	0.03999999999996362	Ripples						0.03999999999996362	1931.5528000000002	8.256438611402912	151.08427871835858	821.7355580406892	
1931.6952	0.02320000000008804	Ripples						0.02320000000008804	1931.7032000000002	6.387644781050731	154.1525067532696	642.9731240118394	
1931.7920000000001	0.028800000000046566	Ripples						0.028800000000046566	1931.804	14.219409582875631	160.99134040438372	1297.0773372643703	
1931.9152000000001	0.03759999999988395	Ripples						0.03759999999988395	1931.9432000000002	10.59272964808187	156.22908749069535	1001.520387137567	
1936.6176	0.044000000000096406	Ripples						0.044000000000096406	1936.6488000000002	9.845564496988935	166.26007790474765	1111.2840136642353	
1941.1792	0.05520000000001346	Ripples						0.05520000000001346	1941.2104000000002	10.930092898482961	152.36648000548072	1224.3925846628308	
1948.5112000000001	0.02800000000002001	Ripples						0.02800000000002001	1948.5256000000002	9.984389800239903	157.06744795646603	1138.7335110701097	
1948.7040000000002	0.041600000000016735	Ripples						0.041600000000016735	1948.7216	12.686858681525008	156.3734147943449	1242.7203798472485	
1953.332	0.0543999999999869	Ripples						0.0543999999999869	1953.3624000000002	20.41129168429876	158.06533812545499	1454.9065083423739	
1961.8288	0.040000000000190994	Ripples						0.040000000000190994	1961.8584	5.575641845138419	160.87592090274498	700.2590633019062	
1962.1032	0.03520000000003165	Ripples						0.03520000000003165	1962.1136000000001	8.083281123859708	157.63585760447842	854.4634083644328	
1966.2816	0.18800000000010186	Ripples						0.18800000000010186	1966.4592	18.813318617937487	157.35908871027868	1442.9153328198956	
1970.9432000000002	0.04959999999982756	Ripples						0.04959999999982756	1970.9712000000002	22.367109870508106	151.16563530565958	1609.6009571421853	
1973.6856	0.032000000000152795	Ripples						0.032000000000152795	1973.7048000000002	9.83017561889499	157.48172584581033	1023.7990577195201	
1974.8896000000002	0.04479999999989559	Ripples						0.04479999999989559	1974.9112	15.605229461251175	152.70574835446888	1264.0920565918586	
1975.2392	0.03760000000011132	Ripples						0.03760000000011132	1975.2536	17.83347371481358	155.46146910920098	1462.658139185357	
1975.3872000000001	0.022400000000061482	Ripples						0.022400000000061482	1975.4032000000002	6.1605704452599	151.65424701591658	562.3163294314556	
1975.5120000000002	0.026399999999966894	Ripples						0.026399999999966894	1975.5264000000002	18.13177535947794	162.30010884185344	1478.4703332980964	
1975.952	0.044800000000122964	Ripples						0.044800000000122964	1975.9784000000002	12.586955026259517	152.25573821557145	1080.495405427887	
1983.8272000000002	0.030399999999872307	Ripples						0.030399999999872307	1983.836	7.330163542557738	147.7865213370752	701.4826030032831	
1994.1072000000001	0.04559999999992215	Ripples						0.04559999999992215	1994.1392	15.386664869854508	158.11434018035695	1439.7240535533706	
1994.2304000000001	0.03679999999985739	Ripples						0.03679999999985739	1994.2528000000002	10.63996495252589	148.06938036080248	995.5774802353359	
1997.9432000000002	0.04240000000004329	Ripples						0.04240000000004329	1997.9720000000002	10.963288542084701	148.36023496846053	938.3515265899199	
1998.0904	0.021600000000034925	Ripples						0.021600000000034925	1998.1048	6.371645385455196	155.94915620167887	707.9839600950625	
2000.5376	0.03279999999995198	Ripples						0.03279999999995198	2000.5600000000002	11.746300271631041	162.47520231341292	1229.3365390403972	
2000.6408000000001	0.056800000000066575	Ripples						0.056800000000066575	2000.6832000000002	8.57691398913177	149.57983999363591	867.7712492797867	
2000.8312	0.02479999999991378	Ripples						0.02479999999991378	2000.8416000000002	5.657690424200959	153.1275721946272	742.7902568255056	
2001.0240000000001	0.02800000000002001	Ripples						0.02800000000002001	2001.0352	7.235731012526912	152.60163489197686	808.4416589087655	
2016.7216	0.04240000000004329	Ripples						0.04240000000004329	2016.7448000000002	5.332508128942732	157.7922901325831	494.8936331385852	
2016.8432	0.04560000000014952	Ripples						0.04560000000014952	2016.8552000000002	7.309816222171933	144.3875887419073	612.4896782404023	
2023.9648000000002	0.03919999999993706	Ripples						0.03919999999993706	2023.9976000000001	6.079573074986949	158.4014983677659	707.8772174213286	
2029.2936000000002	0.03279999999995198	Ripples						0.03279999999995198	2029.3120000000001	5.950935075135834	150.14879158781048	696.1213709508133	
2032.4296000000002	0.041600000000016735	Ripples						0.041600000000016735	2032.4488000000001	5.849765957735513	149.97968632034653	414.8889103792453	
2032.6752000000001	0.03520000000003165	Ripples						0.03520000000003165	2032.6840000000002	5.694903070875313	159.1847777645037	561.425682409794	
2034.212	0.04800000000000182	Ripples						0.04800000000000182	2034.2320000000002	15.850998341807072	159.93073108270556	1456.6685895945	
2034.364	0.03040000000009968	Ripples						0.03040000000009968	2034.3744000000002	11.99941869027275	155.5909015563428	1133.7155218352627	
2035.7816	0.0543999999999869	Ripples						0.0543999999999869	2035.8264000000001	5.798342877305984	152.84099504909034	711.0179563336786	
2035.94	0.03040000000009968	Ripples						0.03040000000009968	2035.9536	16.805785346771923	159.4459175106702	1367.5145274565882	
2036.5344	0.024800000000141154	Ripples						0.024800000000141154	2036.5456000000001	5.092331057071209	156.01718211771572	811.5809234184316	
2042.5064	0.022400000000061482	Ripples						0.022400000000061482	2042.5184000000002	6.953474699990703	160.11753619640635	890.2047473628153	
2086.0	44.0	SleepStates											REM
2131.0	13.0	SleepStates											Awake
2145.0	369.0	SleepStates											Non-REM
2149.6512000000002	0.03359999999975116	Ripples						0.03359999999975116	2149.672	20.821147501799658	160.33010121494044	1587.526135738002	
2153.4816	0.02320000000008804	Ripples						0.02320000000008804	2153.492	6.079794338226876	169.02212386728075	873.1909034847208	
2161.7504	0.04640000000017608	Ripples						0.04640000000017608	2161.768	12.678676957848248	163.3492953969937	1146.1678789507655	
2161.8544	0.0543999999999869	Ripples						0.0543999999999869	2161.8792000000003	17.23851555545919	157.45670222342645	1526.5067322397674	
2162.0496000000003	0.03279999999995198	Ripples						0.03279999999995198	2162.0640000000003	19.291293138121695	168.21968164747236	1641.3349046036922	
2163.6184000000003	0.024799999999686406	Ripples						0.024799999999686406	2163.6328000000003	6.990230937954799	156.65428784226947	808.4682594221784	
2165.3144	0.027999999999792635	Ripples						0.027999999999792635	2165.3328	17.1092925885092	162.64355075539294	1362.0735089871423	
2167.7832000000003	0.0543999999999869	Ripples						0.0543999999999869	2167.8232000000003	17.127394696729745	151.78453893483456	1279.115040726302	
2168.5768000000003	0.10239999999976135	Ripples						0.10239999999976135	2168.6616	7.20175555187687	142.70710005935544	812.3298829075972	
2178.0184	0.07600000000002183	Ripples						0.07600000000002183	2178.0416	18.129147454399792	168.8358788573702	1768.1018792297325	
2178.1240000000003	0.04959999999982756	Ripples						0.04959999999982756	2178.156	20.157967894167342	155.97240909649702	1779.1410790891848	
2180.6112000000003	0.021600000000034925	Ripples						0.021600000000034925	2180.6232	6.333027411892896	155.59714245978756	746.6245241719952	
2180.7808	0.05360000000018772	Ripples						0.05360000000018772	2180.7928	6.899191278511154	155.2394772159553	770.8274089596985	
2185.3888	0.04959999999982756	Ripples						0.04959999999982756	2185.416	6.632944375278027	147.5117985676501	540.9900250749081	
2199.3216	0.047999999999774445	Ripples						0.047999999999774445	2199.3464	25.510120745146665	155.76386121884096	1745.298918351225	
2199.476	0.03999999999996362	Ripples						0.03999999999996362	2199.484	9.784633781730316	164.34439586470614	1060.2094744828996	
2201.7104	0.022400000000288856	Ripples						0.022400000000288856	2201.7256	10.132263868100763	165.06157323109665	1000.2022207820505	
2207.9328	0.0543999999999869	Ripples						0.0543999999999869	2207.9704	11.165901148070853	151.239456015935	1096.506973605937	
2208.0624000000003	0.03919999999970969	Ripples						0.03919999999970969	2208.0776	7.344128558643393	147.40077918260448	808.9329465736112	
2211.6712	0.03440000000000509	Ripples						0.03440000000000509	2211.6976	8.734370540337464	152.93440801552248	883.0763704250638	
2216.4936000000002	0.02959999999984575	Ripples						0.02959999999984575	2216.5056	8.57132020139724	157.60162117416235	986.0695879557773	
2216.6008	0.041600000000016735	Ripples						0.041600000000016735	2216.6128	10.66836295702346	152.2596802270163	826.9422621075068	
2220.5352000000003	0.03359999999975116	Ripples						0.03359999999975116	2220.5608	9.49384421843538	156.3059587561457	868.8276031692786	
2221.2584	0.021600000000034925	Ripples						0.021600000000034925	2221.2736	5.732787837023235	154.47225964387778	679.1739274877207	
2221.3464	0.052800000000388536	Ripples						0.052800000000388536	2221.3816	8.316176739532597	146.42437673802957	792.3443466733067	
2221.7688000000003	0.04399999999986903	Ripples						0.04399999999986903	2221.7912	17.18500309240516	151.69100731504162	1219.430999542298	
2223.9408000000003	0.03199999999969805	Ripples						0.03199999999969805	2223.9528	5.385264355177909	156.22652047212523	801.960832035012	
2224.4872	0.03600000000005821	Ripples						0.03600000000005821	2224.5008000000003	9.906558537492948	156.08794673819372	835.97367537317	
2225.2776	0.04400000000032378	Ripples						0.04400000000032378	2225.2960000000003	9.625118577162963	146.4477575460911	799.8737437001336	
2225.708	0.03279999999995198	Ripples						0.03279999999995198	2225.7224	12.315668213094886	151.6861101598225	1085.160971760356	
2226.112	0.03360000000020591	Ripples						0.03360000000020591	2226.1408	5.118873940374127	148.41573845202774	519.8016020723276	
2226.2192	0.022400000000288856	Ripples						0.022400000000288856	2226.2304	9.41786028549154	157.90934242019443	973.6639706972397	
2236.472	0.03919999999970969	Ripples						0.03919999999970969	2236.4864000000002	17.88822025290296	153.37107442049293	1231.3121358025633	
2236.8128	0.03999999999996362	Ripples						0.03999999999996362	2236.8304000000003	22.434742610686833	158.08984662256617	1735.9798157041455	
2237.6992	0.05040000000008149	Ripples						0.05040000000008149	2237.7200000000003	13.679802288786778	161.32053981065178	1385.7268859144676	
2240.6536	0.041600000000016735	Ripples						0.041600000000016735	2240.6752	9.190969169294556	149.36925233340654	1061.0266589551022	
2240.7664	0.021600000000034925	Ripples						0.021600000000034925	2240.7744000000002	6.194493045248389	154.31551672419073	701.3199143272084	
2240.8768	0.03360000000020591	Ripples						0.03360000000020591	2240.8888	7.371086600412842	151.29956386692675	863.1099034498707	
2242.9264000000003	0.027999999999792635	Ripples						0.027999999999792635	2242.9408000000003	12.350778942838707	159.26613275399276	1154.1827881251409	
2243.0328	0.04320000000006985	Ripples						0.04320000000006985	2243.0616	15.911134288196079	150.71309122262437	1171.8077598347127	
2243.3832	0.08079999999972642	Ripples						0.08079999999972642	2243.4496	10.944403944832548	152.05361826129538	974.6546456002457	
2245.556	0.044800000000122964	Ripples						0.044800000000122964	2245.5776	13.022223451709166	156.33062420747314	1467.7350360512871	
2245.8152	0.028000000000247383	Ripples						0.028000000000247383	2245.824	5.6437793345708185	153.13845996369255	581.4601289157608	
2248.2952	0.068000000000211	Ripples						0.068000000000211	2248.3344	10.814812448632297	149.38161593561966	1223.8846574497015	
2248.4256	0.03279999999995198	Ripples						0.03279999999995198	2248.4448	8.43094403224417	152.82278276314216	935.0344295171121	
2249.424	0.04400000000032378	Ripples						0.04400000000032378	2249.4392000000003	13.167658263089022	160.71720680469122	1049.9861033289926	
2249.6824	0.03679999999985739	Ripples						0.03679999999985739	2249.7008	6.736989882070476	146.9419545915402	749.4176975191823	
2255.8736	0.022400000000288856	Ripples						0.022400000000288856	2255.8896	5.99169364770483	170.1654807239703	831.9710004170985	
2258.6928000000003	0.14159999999992579	Ripples						0.14159999999992579	2258.8184	16.649701465348738	151.10751755169963	1489.350526372551	
2259.2960000000003	0.0591999999996915	Ripples						0.0591999999996915	2259.3352	15.233581303820987	150.1632105054272	1420.1596709321855	
2259.416	0.09760000000005675	Ripples						0.09760000000005675	2259.4336000000003	13.593564706958663	151.68576327118868	1252.16136403837	
2259.5912000000003	0.038399999999910506	Ripples						0.038399999999910506	2259.6048	11.495987815458749	155.33518217519776	1184.5302159170726	
2284.5072	0.02080000000023574	Ripples						0.02080000000023574	2284.5176	7.025062972009079	164.63147382580465	897.3431659297179	
2291.5032	0.04320000000006985	Ripples						0.04320000000006985	2291.5144	11.181174842586508	156.07631782394878	1059.146374225331	
2291.6136	0.044800000000122964	Ripples						0.044800000000122964	2291.6296	27.916603290182778	163.6714238419127	1861.2303177534518	
2292.5552000000002	0.020799999999780994	Ripples						0.020799999999780994	2292.5632	5.455066759277804	167.53854247211268	783.9702459994279	
2308.7432	0.03600000000005821	Ripples						0.03600000000005821	2308.7608	9.241814416836132	148.89518006845282	828.3734396679325	
2310.4568	0.032800000000406726	Ripples						0.032800000000406726	2310.476	25.142034347487694	166.8355365364201	1796.5054735097099	
2310.6648	0.0864000000001397	Ripples						0.0864000000001397	2310.6792	32.74605004892218	157.1309669644888	1804.611912527684	
2310.8992000000003	0.09999999999990905	Ripples						0.09999999999990905	2310.9104	6.029403761009718	155.0895470239909	712.0560236369298	
2311.8144	0.04320000000006985	Ripples						0.04320000000006985	2311.8360000000002	12.879353200048385	149.9310588346054	1101.952881912233	
2315.4808000000003	0.03440000000000509	Ripples						0.03440000000000509	2315.5072	9.156422103808769	155.12996360731194	800.1722956594342	
2321.4888	0.021600000000034925	Ripples						0.021600000000034925	2321.5032	8.377398220141126	156.7957312493864	828.9818967306869	
2324.004	0.028800000000046566	Ripples						0.028800000000046566	2324.0176	15.294139161186923	157.2766686330753	1199.217625553189	
2325.4480000000003	0.05039999999962674	Ripples						0.05039999999962674	2325.484	14.383721653712477	152.3906776003078	1227.253497317962	
2325.5328	0.03600000000005821	Ripples						0.03600000000005821	2325.5624000000003	5.98436568095978	152.45635272133137	583.9842290519783	
2325.6856000000002	0.03279999999995198	Ripples						0.03279999999995198	2325.6992	21.963656855383046	169.27592177113328	1633.6495294358929	
2339.132	0.03999999999996362	Ripples						0.03999999999996362	2339.1584000000003	12.055477231157374	159.4817143518363	1098.856610593934	
2339.2816000000003	0.02719999999999345	Ripples						0.02719999999999345	2339.2960000000003	8.67873886755826	158.35335539118267	1004.356745820584	
2340.26	0.03279999999995198	Ripples						0.03279999999995198	2340.272	7.117884979143086	153.9609477071839	771.0851889370075	
2349.4824000000003	0.03679999999985739	Ripples						0.03679999999985739	2349.4952000000003	15.498225434074282	151.00952187725807	1019.2379947818247	
2353.672	0.02080000000023574	Ripples						0.02080000000023574	2353.6792	5.693913165334832	163.42871580088155	870.2531760836254	
2353.784	0.03679999999985739	Ripples						0.03679999999985739	2353.8056	13.139491020603069	150.5464261953877	1155.4107681041205	
2355.4184	0.03040000000009968	Ripples						0.03040000000009968	2355.4368	8.093964428840833	147.4897160676265	678.5818644848679	
2357.0072	0.03999999999996362	Ripples						0.03999999999996362	2357.0256	16.61144570511691	153.89438490641044	1245.5020145039598	
2358.592	0.03440000000000509	Ripples						0.03440000000000509	2358.6168000000002	15.11074336298148	155.9202689202172	1133.8361753786844	
2376.556	0.031199999999898864	Ripples						0.031199999999898864	2376.5736	8.628681890423248	156.7999547718801	1043.9701065116205	
2387.78	0.028800000000046566	Ripples						0.028800000000046566	2387.7976000000003	14.881799255004982	161.5308713859594	1333.6273692208606	
2389.9776	0.04239999999981592	Ripples						0.04239999999981592	2389.9928	7.941358878651374	151.3176587541119	557.7908259424655	
2390.184	0.024800000000141154	Ripples						0.024800000000141154	2390.1952	9.197622054527693	156.72495423859365	875.8298028697479	
2393.7608	0.1087999999999738	Ripples						0.1087999999999738	2393.8416	19.206050972391925	159.55374376788924	1561.99740668416	
2393.9448	0.02719999999999345	Ripples						0.02719999999999345	2393.9616	13.29907843145654	159.79926020058699	1200.700571315309	
2394.1376	0.025599999999940337	Ripples						0.025599999999940337	2394.1552	7.917961548361593	152.3768951224358	800.7835071669061	
2394.4488	0.032000000000152795	Ripples						0.032000000000152795	2394.4712	11.849755724694552	152.30461247358988	978.8671258790775	
2394.8112	0.03999999999996362	Ripples						0.03999999999996362	2394.8224	8.100013315756714	156.42035543808456	981.132478119408	
2394.924	0.04559999999992215	Ripples						0.04559999999992215	2394.9376	6.096640462421261	160.31825888103353	889.3902902605817	
2397.228	0.041600000000016735	Ripples						0.041600000000016735	2397.2472000000002	5.383785718335848	146.7080158886512	554.6861837753622	
2406.0904	0.028800000000046566	Ripples						0.028800000000046566	2406.108	11.766739924012292	154.66210287537191	1125.5960508666574	
2409.3696	0.035200000000259024	Ripples						0.035200000000259024	2409.3944	6.73098291401643	154.084339720263	886.8339039642502	
2410.244	0.03359999999975116	Ripples						0.03359999999975116	2410.252	9.115823608482263	155.86588629005666	848.2015122585079	
2410.3416	0.025599999999940337	Ripples						0.025599999999940337	2410.3576000000003	5.473822492940817	148.73522526091037	576.6295225198568	
2410.4976	0.06399999999985084	Ripples						0.06399999999985084	2410.5488	16.147204929163856	154.010522903321	1357.2983559920012	
2410.7144000000003	0.024799999999686406	Ripples						0.024799999999686406	2410.7256	9.424435574635373	157.96283445284072	978.5963941692788	
2411.2872	0.024799999999686406	Ripples						0.024799999999686406	2411.2976000000003	5.937260829422354	170.99532286197586	829.2078726078711	
2412.312	0.03120000000035361	Ripples						0.03120000000035361	2412.3264	11.444189399998455	160.74370139418576	1230.8088792848505	
2431.804	0.03040000000009968	Ripples						0.03040000000009968	2431.8128	5.193433926818855	167.2592654798491	642.6058854986778	
2435.0448	0.04320000000006985	Ripples						0.04320000000006985	2435.0640000000003	16.105219097552965	153.31152583884003	1237.9470332782348	
2435.1744000000003	0.03999999999996362	Ripples						0.03999999999996362	2435.1888	5.71667553634583	160.59619096760025	731.6215723868688	
2436.0048	0.03679999999985739	Ripples						0.03679999999985739	2436.0136	9.243845983542476	162.14516147789513	1049.6185841401254	
2436.1368	0.03679999999985739	Ripples						0.03679999999985739	2436.1600000000003	19.92959018852328	151.9899332417909	1180.5269416402464	
2438.8232000000003	0.07359999999971478	Ripples						0.07359999999971478	2438.8752	12.974125298161045	155.40737167397273	1271.2292556713937	
2439.7368	0.03679999999985739	Ripples						0.03679999999985739	2439.7456	9.857573405795675	152.28922620560624	928.7378935204326	
2440.2472000000002	0.03600000000005821	Ripples						0.03600000000005821	2440.2664	5.660995124363434	146.72805474132585	614.0959753744372	
2440.944	0.02320000000008804	Ripples						0.02320000000008804	2440.956	5.402585306556529	159.75489685830198	848.3393506390986	
2441.3776000000003	0.027999999999792635	Ripples						0.027999999999792635	2441.3888	10.527586031171179	164.7377002758793	1134.094450979699	
2445.5352000000003	0.04239999999981592	Ripples						0.04239999999981592	2445.5640000000003	10.777263683644755	152.9951044116241	1174.6273797630422	
2447.2152	0.05360000000018772	Ripples						0.05360000000018772	2447.2336	16.226011999121944	154.36471492098218	1400.031035062351	
2447.5472	0.028800000000046566	Ripples						0.028800000000046566	2447.5592	14.24435385788527	159.07393807856346	1243.18609397357	
2449.2232	0.03680000000031214	Ripples						0.03680000000031214	2449.252	15.796034717214571	157.26825610134213	1227.2479599871515	
2455.4472	0.02719999999999345	Ripples						0.02719999999999345	2455.4664000000002	7.769428040193527	157.3256104032413	748.8355986930391	
2455.7168	0.03279999999995198	Ripples						0.03279999999995198	2455.7248	6.389343814334118	164.96083970622936	749.325241367269	
2459.5768000000003	0.03999999999996362	Ripples						0.03999999999996362	2459.5928	11.163261225405444	145.32970482694518	857.4297428117566	
2459.6792	0.041600000000016735	Ripples						0.041600000000016735	2459.6968	18.819365720917904	149.70128528813754	1248.7528311693904	
2465.8648000000003	0.025599999999940337	Ripples						0.025599999999940337	2465.876	9.109877531197695	159.34048207030781	1123.043538540497	
2466.2232	0.03840000000036525	Ripples						0.03840000000036525	2466.248	7.747513625778747	157.6027750564504	1001.4107117883254	
2472.4536000000003	0.04719999999997526	Ripples						0.04719999999997526	2472.4808000000003	10.521630631118787	163.99151086351952	1067.8518516229028	
2473.3	0.023999999999887223	Ripples						0.023999999999887223	2473.3168	8.420000868088936	165.28664504673924	919.1869195000917	
2476.4776	0.04640000000017608	Ripples						0.04640000000017608	2476.5072	16.014163318901534	158.47232058697838	1381.9404536747923	
2477.2592	0.05600000000004002	Ripples						0.05600000000004002	2477.2776	19.126273016824317	151.31081077798046	1340.61186019236	
2477.3808	0.03920000000016444	Ripples						0.03920000000016444	2477.3920000000003	8.990534586039296	153.77259473513075	928.187495957767	
2491.6224	0.025599999999940337	Ripples						0.025599999999940337	2491.6304	5.550797364506451	151.24479765925372	669.8243551710805	
2499.128	0.03279999999995198	Ripples						0.03279999999995198	2499.1496	12.408694647062914	152.85930224565726	1120.5113274999278	
2515.0	137.0	SleepStates											REM
2653.0	27.0	SleepStates											Awake
2670.324	0.048800000000028376	Ripples						0.048800000000028376	2670.3424	9.502233539691217	154.93848763571958	853.9699149223629	
2671.7000000000003	0.040799999999762804	Ripples						0.040799999999762804	2671.7232	12.652171140700826	159.89577923805965	1387.568096734292	
2680.4504	0.03920000000016444	Ripples						0.03920000000016444	2680.476	11.00697357003039	162.59815834061243	1194.5946974673864	
2681.0	807.0	SleepStates											Non-REM
2685.5232	0.03279999999995198	Ripples						0.03279999999995198	2685.54	13.168923085324838	164.30286083269056	1357.2379349024789	
2698.6608	0.03360000000020591	Ripples						0.03360000000020591	2698.6848	6.894834695162136	179.5423264179615	712.6181342390527	
2698.788	0.04640000000017608	Ripples						0.04640000000017608	2698.8120000000004	26.52511994184588	163.513819089159	1911.7112588380592	
2699.248	0.03600000000005821	Ripples						0.03600000000005821	2699.2664	16.398646502745848	152.59252327091528	1406.6534884185446	
2705.3888	0.03040000000009968	Ripples						0.03040000000009968	2705.4112	5.352630232114526	152.27064764250503	623.183951148599	
2705.6136	0.031199999999898864	Ripples						0.031199999999898864	2705.6368	5.616240359312554	150.3465442226014	680.3193403697762	
2705.7816000000003	0.04559999999992215	Ripples						0.04559999999992215	2705.7984	22.830014728471824	154.24622876618304	1730.9408890873851	
2706.5640000000003	0.0591999999996915	Ripples						0.0591999999996915	2706.6024	15.47082290071589	151.0047118505625	1436.7532170945537	
2708.8120000000004	0.04399999999986903	Ripples						0.04399999999986903	2708.8448000000003	7.4889545606594785	146.07078822547368	777.669350404502	
2711.2256	0.02719999999999345	Ripples						0.02719999999999345	2711.2400000000002	7.467790350011812	159.7712753067533	996.66240211024	
2715.2032	0.022400000000288856	Ripples						0.022400000000288856	2715.2184	8.787129809001982	156.80866588544194	847.1331252440166	
2715.2568	0.024800000000141154	Ripples						0.024800000000141154	2715.2704000000003	9.750733086388825	161.35965655808994	1001.8304270304955	
2715.5704	0.03920000000016444	Ripples						0.03920000000016444	2715.596	12.680823376511825	149.38740169665743	1172.1271829095242	
2715.876	0.025599999999940337	Ripples						0.025599999999940337	2715.888	7.825160780631559	155.97011240273338	876.0986269135678	
2716.2992	0.03040000000009968	Ripples						0.03040000000009968	2716.3216	5.773086173003847	146.23134917965587	599.0134503644839	
2716.3792000000003	0.031199999999898864	Ripples						0.031199999999898864	2716.3968	21.851587503010865	159.68227690730828	1534.847837028473	
2718.2824	0.03040000000009968	Ripples						0.03040000000009968	2718.2992	12.841696575582118	163.2291986915826	1233.6065257723385	
2719.1440000000002	0.03999999999996362	Ripples						0.03999999999996362	2719.1584000000003	9.437164742696197	153.77757531273562	964.4114807980096	
2719.4368	0.032000000000152795	Ripples						0.032000000000152795	2719.4512	11.718106558097547	155.26129332777393	1087.88599971078	
2725.4512	0.045600000000376895	Ripples						0.045600000000376895	2725.4864000000002	9.522255161253701	147.57617264732528	789.5837503052554	
2725.5224000000003	0.044799999999668216	Ripples						0.044799999999668216	2725.5376	5.322429964406327	146.28162125856744	662.2363711621582	
2734.4320000000002	0.03760000000011132	Ripples						0.03760000000011132	2734.444	20.42074889802343	163.5804241330019	1600.1497379077452	
2736.2472000000002	0.027999999999792635	Ripples						0.027999999999792635	2736.2608	8.525345366249082	160.68478869666578	1030.0801639403453	
2736.348	0.09040000000004511	Ripples						0.09040000000004511	2736.4064000000003	11.42596220910298	147.41805758399076	1247.8428340132823	
2738.3152	0.05680000000029395	Ripples						0.05680000000029395	2738.344	12.705598780872242	149.48964581607794	1115.70458868411	
2750.3648000000003	0.05199999999967986	Ripples						0.05199999999967986	2750.3920000000003	17.597343676111418	153.05225332944414	1498.857099213996	
2750.4928	0.032000000000152795	Ripples						0.032000000000152795	2750.5112	18.919418281362276	160.49025786277863	1522.505971358922	
2751.7552	0.025599999999940337	Ripples						0.025599999999940337	2751.7736	6.271110852522969	154.9743582647037	734.226299245882	
2752.0032	0.07119999999986248	Ripples						0.07119999999986248	2752.0640000000003	16.52824881523638	151.89980546374454	1403.4775144007695	
2752.3424	0.035200000000259024	Ripples						0.035200000000259024	2752.3568	11.725335417429635	153.94164719777032	1036.0658634423294	
2752.5152000000003	0.03600000000005821	Ripples						0.03600000000005821	2752.5336	14.97644736788111	155.6220944950569	1272.4516003640915	
2755.4048000000003	0.031199999999898864	Ripples						0.031199999999898864	2755.4224	30.82951762273516	161.14678260656996	1929.0681903784491	
2769.4080000000004	0.020799999999780994	Ripples						0.020799999999780994	2769.4184	7.863910722490404	160.62359616466205	932.9412288954046	
2769.8704000000002	0.02959999999984575	Ripples						0.02959999999984575	2769.8848000000003	10.893910611565401	154.32310540688218	999.7486426634406	
2771.4280000000003	0.021599999999580177	Ripples						0.021599999999580177	2771.4416	12.183244115695594	157.27991609491235	1096.6555647303016	
2772.6632	0.04320000000006985	Ripples						0.04320000000006985	2772.6856000000002	16.102689860256135	150.8382746258979	1181.1880922461958	
2776.3672	0.03440000000000509	Ripples						0.03440000000000509	2776.3832	5.4125942396262685	151.8875057874037	514.8354481289206	
2776.5264	0.03519999999980428	Ripples						0.03519999999980428	2776.5512000000003	5.767656751903846	144.55367280207005	646.1654323311228	
2777.8320000000003	0.03919999999970969	Ripples						0.03919999999970969	2777.8496	18.397517683380254	157.2522018034173	1296.978569417469	
2779.4472	0.028800000000046566	Ripples						0.028800000000046566	2779.4616	13.347044297372694	158.33317007286809	1194.4080607337507	
2789.2256	0.04399999999986903	Ripples						0.04399999999986903	2789.2488000000003	8.08877494594622	141.7662761491163	733.3785013034004	
2792.608	0.041600000000016735	Ripples						0.041600000000016735	2792.6296	10.857920367777462	156.27130319770205	1226.4075745750772	
2792.7944	0.05600000000004002	Ripples						0.05600000000004002	2792.8152	12.802640962777385	151.16617530621858	1049.4740127458767	
2800.0256	0.04960000000028231	Ripples						0.04960000000028231	2800.0672	13.962156870484094	154.33528705900255	1048.8216732736405	
2801.3016000000002	0.031199999999898864	Ripples						0.031199999999898864	2801.3128	10.425397800977006	155.45747505756674	986.0706180711437	
2803.7848000000004	0.02719999999999345	Ripples						0.02719999999999345	2803.8008	12.364840455002932	155.22376999484393	992.6293703595236	
2803.9008000000003	0.06399999999985084	Ripples						0.06399999999985084	2803.9472	19.81046529198531	151.51171948423357	1512.0609536793552	
2807.4264000000003	0.041600000000016735	Ripples						0.041600000000016735	2807.4384	7.761751553885377	151.80608842779046	782.5686726246915	
2808.7760000000003	0.08239999999977954	Ripples						0.08239999999977954	2808.7992	18.991803445551547	163.22826459860528	1552.7524148094024	
2808.9376	0.03760000000011132	Ripples						0.03760000000011132	2808.9536000000003	9.50015923811265	149.88164015372502	891.2493205904026	
2809.0288	0.044800000000122964	Ripples						0.044800000000122964	2809.052	20.867662264052196	152.4668832876641	1451.5334885566328	
2809.1744000000003	0.0727999999999156	Ripples						0.0727999999999156	2809.2136	12.398298179053608	147.47067819407587	1283.7163374755123	
2810.748	0.021600000000034925	Ripples						0.021600000000034925	2810.7624	5.104571589093004	149.31267250836734	718.7164729071836	
2810.9656	0.02320000000008804	Ripples						0.02320000000008804	2810.9776	6.2705233600587515	160.49138636179663	924.8880803345461	
2811.0912000000003	0.03199999999969805	Ripples						0.03199999999969805	2811.112	13.672511843911664	157.95866276383683	1311.9208894299254	
2811.4744	0.03600000000005821	Ripples						0.03600000000005821	2811.4856	9.253939877679882	156.53935203901733	1026.2135803120323	
2823.7968	0.03279999999995198	Ripples						0.03279999999995198	2823.8088000000002	5.309739386358335	148.41375789774472	629.9795967508165	
2839.572	0.027999999999792635	Ripples						0.027999999999792635	2839.5896000000002	11.768896419926593	160.43391491679384	1142.5943989756522	
2841.896	0.03920000000016444	Ripples						0.03920000000016444	2841.9224	9.303057534734744	150.42338505339768	968.7150007799548	
2841.9656	0.03040000000009968	Ripples						0.03040000000009968	2841.9776	5.487806612251599	149.6418999855098	600.7669246214393	
2842.4592000000002	0.038399999999910506	Ripples						0.038399999999910506	2842.4768	14.979960558438673	158.97436302191798	1343.3974398180308	
2843.9344	0.05279999999993379	Ripples						0.05279999999993379	2843.9656	11.201104458517117	152.7284456854138	1171.2800133424994	
2844.5496000000003	0.04639999999972133	Ripples						0.04639999999972133	2844.5672	18.21903092626925	155.07377680608	1341.20856092927	
2856.7864	0.026400000000194268	Ripples						0.026400000000194268	2856.8008	13.659345336826002	171.23518480570283	1252.036098835994	
2863.3904	0.027999999999792635	Ripples						0.027999999999792635	2863.4112	6.628875323282805	154.5530402399555	766.453277016677	
2869.3528	0.03760000000011132	Ripples						0.03760000000011132	2869.364	11.949083352821734	156.01850263612246	1132.4074835977021	
2870.7392	0.055200000000240834	Ripples						0.055200000000240834	2870.7552	27.319155137219518	156.16549233175752	1780.1209614882462	
2870.9304	0.02959999999984575	Ripples						0.02959999999984575	2870.9376	5.270708090999523	158.94980188265896	590.2549239636	
2871.1872000000003	0.03600000000005821	Ripples						0.03600000000005821	2871.1984	10.438655283201227	153.7085436466035	1050.8473228421258	
2874.3856	0.035200000000259024	Ripples						0.035200000000259024	2874.4072	14.95213200728832	159.1207514341938	1501.561188560114	
2875.2488000000003	0.025599999999940337	Ripples						0.025599999999940337	2875.2632000000003	11.717552073291403	157.77307061423136	1154.5113955781844	
2882.3712	0.04960000000028231	Ripples						0.04960000000028231	2882.3856	19.55419517226429	154.19138497445417	1552.9866550616593	
2882.676	0.028800000000046566	Ripples						0.028800000000046566	2882.688	7.52620761073545	152.1455483568481	799.9056243440372	
2882.8648000000003	0.04639999999972133	Ripples						0.04639999999972133	2882.8984	10.286987996006946	158.32141831854003	1197.5603222229274	
2882.9792	0.03600000000005821	Ripples						0.03600000000005821	2882.9968000000003	13.180811487462357	152.74755711588125	1198.4944635698353	
2883.6784000000002	0.03440000000000509	Ripples						0.03440000000000509	2883.6888000000004	6.219045008537432	158.4922822249571	839.051704327491	
2884.0464	0.021600000000034925	Ripples						0.021600000000034925	2884.0608	5.593585587146409	151.00826187542233	611.3759646028268	
2885.2464	0.028000000000247383	Ripples						0.028000000000247383	2885.2608	12.64624322585329	157.57948790805523	1269.4364709220854	
2904.344	0.029600000000300497	Ripples						0.029600000000300497	2904.3624	7.143348103006072	152.1866701198106	739.0314788706152	
2904.4728	0.06880000000001019	Ripples						0.06880000000001019	2904.5032	12.454447683100454	153.98780943028095	1210.5714756487505	
2907.5184	0.021600000000034925	Ripples						0.021600000000034925	2907.5296000000003	5.374993359099684	160.08240215190742	820.5055993316757	
2909.6312000000003	0.02639999999973952	Ripples						0.02639999999973952	2909.6432	6.825117209263983	145.1032513249004	652.5652541203029	
2910.0344	0.032000000000152795	Ripples						0.032000000000152795	2910.0496000000003	10.375155982744738	159.27335129179042	1173.9147730983618	
2910.7752	0.025599999999940337	Ripples						0.025599999999940337	2910.7936	5.7455294530175705	152.15670554632757	631.9555265980342	
2911.0376	0.025599999999940337	Ripples						0.025599999999940337	2911.0552000000002	8.261273362065921	156.75141747193845	892.597751499407	
2911.1896	0.025599999999940337	Ripples						0.025599999999940337	2911.2008	17.286837718139175	158.70603857451349	1326.7114074717874	
2912.5056	0.035200000000259024	Ripples						0.035200000000259024	2912.5312000000004	12.328970805581351	153.52433878635625	1063.1137516456488	
2916.0568000000003	0.04959999999982756	Ripples						0.04959999999982756	2916.0656000000004	7.34894016992819	152.95404332772063	735.5616053632999	
2917.9896000000003	0.022399999999834108	Ripples						0.022399999999834108	2918.0040000000004	6.487157656273348	154.94579019889537	769.3952241642655	
2920.2472000000002	0.020799999999780994	Ripples						0.020799999999780994	2920.2584	10.634080603545373	158.14492525804678	1057.13468215424	
2920.3096	0.03440000000000509	Ripples						0.03440000000000509	2920.3232000000003	14.586275353919397	155.33983327798367	1255.824300094951	
2920.4408000000003	0.02959999999984575	Ripples						0.02959999999984575	2920.4576	8.689299322832941	159.7190492515376	1127.3651611867763	
2922.4208000000003	0.02639999999973952	Ripples						0.02639999999973952	2922.436	11.215514296909348	158.96069291495283	1058.9725808051746	
2929.6016	0.05680000000029395	Ripples						0.05680000000029395	2929.6296	6.94159454756856	149.89790909966428	859.7932777209796	
2933.7624	0.031199999999898864	Ripples						0.031199999999898864	2933.7736	9.336686976230629	158.08201800268597	911.4450264586629	
2934.2504000000004	0.044799999999668216	Ripples						0.044799999999668216	2934.2712	15.116636465477164	158.83296375468709	1458.496763999736	
2934.3808000000004	0.038399999999910506	Ripples						0.038399999999910506	2934.4056	17.704115993384892	153.22451318639827	1312.3473315498286	
2935.2664	0.03120000000035361	Ripples						0.03120000000035361	2935.28	23.821121130697673	160.33645289378939	1641.256501162673	
2936.1872000000003	0.031199999999898864	Ripples						0.031199999999898864	2936.1984	5.765456414499346	178.04349899014534	790.0471914656307	
2936.4704	0.03279999999995198	Ripples						0.03279999999995198	2936.496	5.347964520311699	154.27631887002022	632.0970375421745	
2944.7896	0.032000000000152795	Ripples						0.032000000000152795	2944.8008	11.150354176526974	158.2101801168309	928.0183992206389	
2944.8944	0.03440000000000509	Ripples						0.03440000000000509	2944.9096	9.362313326334311	154.44156061709418	685.7359547281358	
2949.9288	0.03679999999985739	Ripples						0.03679999999985739	2949.944	10.879512664756305	153.61253899590102	987.3679786429909	
2953.1440000000002	0.03199999999969805	Ripples						0.03199999999969805	2953.1624	7.661715127548222	149.62577546234652	801.3910055362901	
2953.3736000000004	0.03359999999975116	Ripples						0.03359999999975116	2953.3872	7.448697888454004	154.94915054036605	750.0065272581469	
2954.2264	0.029600000000300497	Ripples						0.029600000000300497	2954.2376	7.136381059557049	151.42588188245244	745.629589979133	
2962.9680000000003	0.02959999999984575	Ripples						0.02959999999984575	2962.9792	9.03604997061865	155.69508130346526	930.3078723355994	
2963.0864	0.03760000000011132	Ripples						0.03760000000011132	2963.0952	9.64619710039059	154.86883949433593	844.1959002131282	
2963.3808000000004	0.023199999999633292	Ripples						0.023199999999633292	2963.3928	5.774494262583532	152.2097699955563	799.5285060187513	
2970.0640000000003	0.027999999999792635	Ripples						0.027999999999792635	2970.0808	12.989250257673987	162.83120635463274	1244.2411639012903	
2975.2944	0.07839999999987413	Ripples						0.07839999999987413	2975.3512	15.1148508085336	148.79194539234092	1334.150840670411	
2975.516	0.02959999999984575	Ripples						0.02959999999984575	2975.5240000000003	5.904867019943012	155.87004894595938	689.9089773923502	
2975.6072	0.03920000000016444	Ripples						0.03920000000016444	2975.6248	19.07890710740849	153.22754984548394	1282.9458557406147	
2976.3504000000003	0.022399999999834108	Ripples						0.022399999999834108	2976.3592000000003	9.72453645319843	158.49930806987777	801.1141933287976	
2979.356	0.03919999999970969	Ripples						0.03919999999970969	2979.3712	23.49228631990454	156.74402968007416	1705.4010366569607	
2979.5024000000003	0.030399999999644933	Ripples						0.030399999999644933	2979.5144	5.645788319586239	157.38682966027645	774.3639635460772	
2983.1544000000004	0.030399999999644933	Ripples						0.030399999999644933	2983.1624	6.459428190368007	157.73592779971048	724.6804734665698	
2992.7664	0.03680000000031214	Ripples						0.03680000000031214	2992.7816000000003	8.25002543505599	152.26997914935197	898.0862066427129	
3019.0056	0.032800000000406726	Ripples						0.032800000000406726	3019.0240000000003	9.59198492155354	151.79682990307504	953.621842262595	
3019.8544	0.027999999999792635	Ripples						0.027999999999792635	3019.876	6.1155857804877884	158.60045046322693	810.0031119877182	
3027.0128	0.032000000000152795	Ripples						0.032000000000152795	3027.0296000000003	9.39788936679957	170.11120370576415	1140.3990393921786	
3029.744	0.020799999999780994	Ripples						0.020799999999780994	3029.752	5.028091415342859	158.77995938307384	624.9850644169475	
3030.9	0.04959999999982756	Ripples						0.04959999999982756	3030.9224	15.926085056871546	149.45512315088277	1315.725864670871	
3032.9408000000003	0.04639999999972133	Ripples						0.04639999999972133	3032.9632	11.596675644551526	155.2140566500332	1148.8117503203853	
3034.1896	0.03440000000000509	Ripples						0.03440000000000509	3034.2072000000003	11.314787524418938	156.9050989513255	1226.3480660300895	
3035.6688	0.03120000000035361	Ripples						0.03120000000035361	3035.688	5.191380261203519	143.5224607007611	533.0593375500237	
3035.7432000000003	0.03359999999975116	Ripples						0.03359999999975116	3035.7584	5.1007656764282565	146.59188085079018	582.0562693053836	
3035.9368	0.041600000000016735	Ripples						0.041600000000016735	3035.9504	11.60860812972931	154.31983946304538	1073.9713419977859	
3036.0456	0.035200000000259024	Ripples						0.035200000000259024	3036.0592	16.6004616715013	155.2175061605164	1430.2106532756889	
3036.964	0.021600000000034925	Ripples						0.021600000000034925	3036.9744	6.74718056607571	157.9798199251646	949.6609694634311	
3037.4992	0.03920000000016444	Ripples						0.03920000000016444	3037.5128	8.061028653235082	156.89180468750203	970.5880527243921	
3037.8976000000002	0.031199999999898864	Ripples						0.031199999999898864	3037.9112	10.486905228952601	158.25416099276418	1159.3050958185672	
3048.2168	0.03999999999996362	Ripples						0.03999999999996362	3048.2344000000003	6.315180514837124	154.6030932757239	827.6223828048419	
3048.3776000000003	0.05600000000004002	Ripples						0.05600000000004002	3048.4232	8.313078518800278	153.70990471901987	678.4966976456586	
3049.556	0.022400000000288856	Ripples						0.022400000000288856	3049.568	5.016328594985167	149.8436219820155	583.607151447114	
3049.9968000000003	0.03599999999960346	Ripples						0.03599999999960346	3050.0248	9.17428309934174	151.9162950758358	902.6114136390244	
3058.5656000000004	0.03599999999960346	Ripples						0.03599999999960346	3058.5912000000003	11.461199931952821	167.39033191773763	1081.8422321906837	
3058.9648	0.02719999999999345	Ripples						0.02719999999999345	3058.984	5.372463053817861	149.440207818752	584.9228687450031	
3059.2504000000004	0.024799999999686406	Ripples						0.024799999999686406	3059.2616000000003	9.778800494349438	158.40751707372004	1000.7773657136677	
3061.2928	0.040799999999762804	Ripples						0.040799999999762804	3061.3032000000003	7.943050385142073	173.4281923236073	924.0917913400618	
3061.4304	0.05359999999973297	Ripples						0.05359999999973297	3061.4672	19.094466119044814	150.09202837815457	1248.392437383404	
3068.0480000000002	0.03600000000005821	Ripples						0.03600000000005821	3068.0704	12.689165925028279	153.29009455429784	1052.6318353007669	
3072.8288000000002	0.06320000000005166	Ripples						0.06320000000005166	3072.8568	11.308502094492923	150.96609447977428	1038.908176611362	
3073.9832	0.023999999999887223	Ripples						0.023999999999887223	3073.9936000000002	8.237019078482627	172.0794074623006	962.5495788873943	
3075.6528000000003	0.03440000000000509	Ripples						0.03440000000000509	3075.6608	12.37301698131205	163.16494564708327	1069.7349473312333	
3075.8824	0.048800000000028376	Ripples						0.048800000000028376	3075.92	5.394292934080283	144.3558450357405	682.6567335955502	
3080.4952000000003	0.03440000000000509	Ripples						0.03440000000000509	3080.5192	21.798731324881178	156.97487702058413	1411.7458324802078	
3080.6768	0.047999999999774445	Ripples						0.047999999999774445	3080.6928000000003	12.627022817306367	149.36030804857418	969.9798384475977	
3081.016	0.035200000000259024	Ripples						0.035200000000259024	3081.0416	14.89760374218356	157.38809952837863	1151.5529755378855	
3082.5624000000003	0.03919999999970969	Ripples						0.03919999999970969	3082.5904	12.27721439406426	150.74401911721822	1041.1549397917306	
3109.0328	0.021600000000034925	Ripples						0.021600000000034925	3109.0440000000003	8.462569914983732	155.70302257460133	876.1123384021301	
3112.2112	0.023999999999887223	Ripples						0.023999999999887223	3112.2248	12.76063783552803	164.37173000767288	1223.552876175367	
3112.676	0.052000000000134605	Ripples						0.052000000000134605	3112.7024	7.936466021221697	150.16817773951382	811.0453137484255	
3116.5488	0.029600000000300497	Ripples						0.029600000000300497	3116.5648	6.474476038106903	157.43680696268848	1013.6816577756359	
3120.3896	0.022400000000288856	Ripples						0.022400000000288856	3120.4016	12.433159223331973	161.06027841063533	1158.4953685829696	
3120.4928	0.05920000000014625	Ripples						0.05920000000014625	3120.52	16.7602495856541	145.93437389217027	1426.4120947760866	
3121.1192	0.035200000000259024	Ripples						0.035200000000259024	3121.1448	13.355418575968493	158.11931228160563	1265.6956436548994	
3132.576	0.021600000000034925	Ripples						0.021600000000034925	3132.5912000000003	5.821144729701389	156.40558458122524	685.358612747161	
3132.6616000000004	0.031199999999898864	Ripples						0.031199999999898864	3132.6784000000002	16.34345098827291	156.23271964210224	1235.5471091276183	
3133.9056	0.021600000000034925	Ripples						0.021600000000034925	3133.9224	5.138384302371274	157.85169500546218	681.9187418046869	
3139.9304	0.025599999999940337	Ripples						0.025599999999940337	3139.9448	7.536930639352901	155.27151077328543	931.2867010602195	
3146.3592000000003	0.027999999999792635	Ripples						0.027999999999792635	3146.3736000000004	5.877283552134624	157.09402643308516	884.6458204055192	
3146.532	0.03440000000000509	Ripples						0.03440000000000509	3146.556	5.7186892208302655	149.72726007284174	788.8818677297821	
3147.6656000000003	0.047999999999774445	Ripples						0.047999999999774445	3147.688	9.901077105944006	142.38406688947683	793.0630108879374	
3147.7896	0.03440000000000509	Ripples						0.03440000000000509	3147.8016000000002	6.904424481968446	154.71375659733124	733.4334818446547	
3147.9112	0.041600000000016735	Ripples						0.041600000000016735	3147.9288	13.57430957669757	164.96213305901975	1348.5405365167464	
3148.0696000000003	0.023999999999887223	Ripples						0.023999999999887223	3148.08	6.594432351945401	160.13842877661628	912.7826969708669	
3150.1616000000004	0.02959999999984575	Ripples						0.02959999999984575	3150.1768	11.20925912110424	154.75124653422682	1042.590839179944	
3153.7552	0.021600000000034925	Ripples						0.021600000000034925	3153.7664	14.236379298397303	162.1727939692285	1216.761434363657	
3156.5264	0.027999999999792635	Ripples						0.027999999999792635	3156.5344	7.972688638370052	157.9428519700948	835.8721796742341	
3158.46	0.03600000000005821	Ripples						0.03600000000005821	3158.4824000000003	10.622250312133792	149.09591827024727	948.7856802092132	
3163.8072	0.022399999999834108	Ripples						0.022399999999834108	3163.8224	6.618795429778798	158.3778183774644	728.5490459023463	
3181.7928	0.024800000000141154	Ripples						0.024800000000141154	3181.8048000000003	11.349550722891793	158.91391078015252	1147.647141364151	
3183.4968000000003	0.03519999999980428	Ripples						0.03519999999980428	3183.5112000000004	14.82935847863437	152.85747324643256	1217.3613966276841	
3186.8016000000002	0.03279999999995198	Ripples						0.03279999999995198	3186.8152	10.859729718595663	158.24488407898357	1000.311684110545	
3188.5096000000003	0.03600000000005821	Ripples						0.03600000000005821	3188.5384000000004	5.983195379885604	150.27336574141663	755.8942634275899	
3188.8848000000003	0.07119999999986248	Ripples						0.07119999999986248	3188.9296	7.219736650268269	153.02733654447238	546.1628635723963	
3193.6952	0.04399999999986903	Ripples						0.04399999999986903	3193.7176	11.320416474433603	147.22248028453825	920.6878310931107	
3195.2408	0.03999999999996362	Ripples						0.03999999999996362	3195.2552	10.67894893792391	173.67572586145448	972.0465132018886	
3195.4176	0.031199999999898864	Ripples						0.031199999999898864	3195.4256	6.4692268414370595	164.00535175067668	829.667252835239	
3195.5288	0.042400000000270666	Ripples						0.042400000000270666	3195.5536	10.407023048491956	152.01987914814163	1157.4675722469356	
3203.0048	0.023999999999887223	Ripples						0.023999999999887223	3203.0192	11.259056395983587	163.4530549737223	1135.8588056057802	
3207.0984000000003	0.04399999999986903	Ripples						0.04399999999986903	3207.1224	13.551087433501152	154.10874777374866	1376.065320761776	
3207.3072	0.02959999999984575	Ripples						0.02959999999984575	3207.3184	10.453379705980916	154.2230862780167	978.0064212079084	
3207.4704	0.022399999999834108	Ripples						0.022399999999834108	3207.4824000000003	5.462749939833427	154.9011612573787	604.2010005013348	
3218.2016000000003	0.02959999999984575	Ripples						0.02959999999984575	3218.224	8.840281830955535	153.75849727674637	813.2908269067742	
3243.8864000000003	0.023199999999633292	Ripples						0.023199999999633292	3243.9	6.936899750408248	161.6591373506818	888.0198945318593	
3246.8888	0.03360000000020591	Ripples						0.03360000000020591	3246.9096	11.7198241669839	162.11366551228969	1294.4770939819753	
3247.0472	0.026400000000194268	Ripples						0.026400000000194268	3247.0552000000002	7.876752997220025	157.13397680475333	818.3590287915031	
3260.476	0.032000000000152795	Ripples						0.032000000000152795	3260.4976	9.49632504227282	154.08818392504097	951.7626227341676	
3263.0568000000003	0.03919999999970969	Ripples						0.03919999999970969	3263.072	12.017872255673419	152.45444386582722	1076.0839658170296	
3263.3472	0.04080000000021755	Ripples						0.04080000000021755	3263.3776000000003	7.877662758123526	153.3607213024536	812.8117853214375	
3264.3472	0.05040000000008149	Ripples						0.05040000000008149	3264.3896	7.9795104774091685	153.1385437107114	613.1233091544347	
3264.4592000000002	0.038399999999910506	Ripples						0.038399999999910506	3264.4768000000004	8.583863439036381	146.55161360737384	886.4235657815032	
3264.8456	0.03440000000000509	Ripples						0.03440000000000509	3264.8608000000004	10.530002602721366	152.48938609958304	1004.9814312229488	
3264.9424000000004	0.03599999999960346	Ripples						0.03599999999960346	3264.9656	9.973598257657699	154.17277838728185	930.7688957587485	
3265.5800000000004	0.03919999999970969	Ripples						0.03919999999970969	3265.592	8.642450647651822	153.12103139195085	983.1648006144327	
3278.3232000000003	0.03279999999995198	Ripples						0.03279999999995198	3278.3320000000003	6.284985400892348	160.61761720284426	673.9170798484943	
3281.6072000000004	0.0591999999996915	Ripples						0.0591999999996915	3281.6392	15.56507842558182	148.85867267544515	1277.6764236196	
3282.0648	0.023999999999887223	Ripples						0.023999999999887223	3282.0784000000003	7.830608574515208	157.1305695378436	854.4605307113272	
3282.2128000000002	0.03679999999985739	Ripples						0.03679999999985739	3282.2352	13.27473236471304	151.15792104944563	1203.0289311117108	
3283.4632	0.03360000000020591	Ripples						0.03360000000020591	3283.4784	5.675106367069481	146.78975545043303	626.9955740994071	
3292.4976	0.021600000000034925	Ripples						0.021600000000034925	3292.5088	9.439979762753573	165.92192017432316	1036.5994861087	
3293.5944	0.08080000000018117	Ripples						0.08080000000018117	3293.6648	7.649761078179527	153.06378135761838	967.6159199501195	
3293.8528	0.038399999999910506	Ripples						0.038399999999910506	3293.8672	14.043634217363982	156.03315403342452	1029.0536386860254	
3294.6016	0.02719999999999345	Ripples						0.02719999999999345	3294.6208	7.571062617626237	149.40301701524405	750.7062112678998	
3295.2584	0.02959999999984575	Ripples						0.02959999999984575	3295.2808	6.860493532372989	166.44331434829581	839.4713680295226	
3302.1184000000003	0.03199999999969805	Ripples						0.03199999999969805	3302.1456000000003	5.8650412834473515	153.20360851651435	698.4173647474527	
3327.0336	0.02320000000008804	Ripples						0.02320000000008804	3327.0456000000004	15.147400429006447	158.6433610192054	1148.2193424037214	
3328.2104	0.04000000000041837	Ripples						0.04000000000041837	3328.2288000000003	23.588942035421052	155.55288014209572	1431.6496963162126	
3328.3120000000004	0.02639999999973952	Ripples						0.02639999999973952	3328.324	9.718413408856438	158.19109105829915	980.5693871341193	
3330.0424000000003	0.051199999999880674	Ripples						0.051199999999880674	3330.0552000000002	12.805557367759688	153.12819175211584	1106.8355948614526	
3334.9128	0.028000000000247383	Ripples						0.028000000000247383	3334.9272	7.851500539538849	157.19766891096893	934.0611184423525	
3335.2088000000003	0.03919999999970969	Ripples						0.03919999999970969	3335.2272000000003	8.302105841623744	152.4627177629679	940.5639237549566	
3339.9032	0.03359999999975116	Ripples						0.03359999999975116	3339.9216	8.455383319437926	149.31476252243107	916.6805184174561	
3342.184	0.04719999999997526	Ripples						0.04719999999997526	3342.2216000000003	14.812094850763193	152.59641560271828	1138.1962085975078	
3343.82	0.09679999999980282	Ripples						0.09679999999980282	3343.8984	11.362160294360361	146.3020571266308	1020.1605144723925	
3346.2288000000003	0.037599999999656575	Ripples						0.037599999999656575	3346.244	8.565583540963233	154.85318804076587	765.407933514959	
3347.3232000000003	0.02320000000008804	Ripples						0.02320000000008804	3347.3352	9.775754007481956	156.8732893980162	933.7843051301104	
3347.9952000000003	0.048800000000028376	Ripples						0.048800000000028376	3348.0072	13.5432299639131	158.57809851902456	1236.1867422180374	
3348.42	0.05040000000008149	Ripples						0.05040000000008149	3348.4488	11.600696126947756	145.02754260477346	963.7139164875832	
3364.5096000000003	0.03600000000005821	Ripples						0.03600000000005821	3364.5352000000003	9.23435510539294	157.00276872011042	950.5689016926991	
3365.128	0.03279999999995198	Ripples						0.03279999999995198	3365.1416000000004	19.90478958937908	158.8400881713422	1501.8923824061576	
3365.5128	0.03440000000000509	Ripples						0.03440000000000509	3365.5248	6.2023050129859	150.03368059808454	622.4687204988478	
3369.0184000000004	0.023999999999887223	Ripples						0.023999999999887223	3369.0288	6.555542014318106	163.17265939407486	932.6168836157669	
3372.5	0.03440000000000509	Ripples						0.03440000000000509	3372.5104	8.77377077895634	157.5700370619005	887.5139565589186	
3386.7056000000002	0.040799999999762804	Ripples						0.040799999999762804	3386.7352	11.838203550277372	156.5101634209604	1230.9229720477238	
3386.8792000000003	0.03679999999985739	Ripples						0.03679999999985739	3386.9008000000003	6.3302883879722005	148.17765071479613	581.7414278851293	
3387.9072	0.028800000000046566	Ripples						0.028800000000046566	3387.9184	6.770099344247493	156.56786331735998	842.5681899549403	
3388.0272	0.03440000000000509	Ripples						0.03440000000000509	3388.0456000000004	20.612454696272355	159.43235333936323	1657.0632731506191	
3389.036	0.026400000000194268	Ripples						0.026400000000194268	3389.0448	6.048737008407204	157.07044681782912	726.3093420313203	
3395.7184	0.04959999999982756	Ripples						0.04959999999982756	3395.7328	13.662224953836652	151.48017872763032	1218.1766626580338	
3400.9032	0.04320000000006985	Ripples						0.04320000000006985	3400.936	6.794119866027224	162.5627401671377	977.9978486115992	
3401.9512	0.021600000000034925	Ripples						0.021600000000034925	3401.9656	8.789306087060332	160.43643955161605	958.3650784371034	
3405.7944	0.03279999999995198	Ripples						0.03279999999995198	3405.8088000000002	7.199142229346566	153.9992505173486	682.6572142153221	
3407.0040000000004	0.02879999999959182	Ripples						0.02879999999959182	3407.0152000000003	14.593531310025147	160.44171991436968	1302.1720502754952	
3412.1856000000002	0.060799999999744614	Ripples						0.060799999999744614	3412.2000000000003	7.930002090247032	159.98781554654286	967.112017511194	
3412.344	0.04719999999997526	Ripples						0.04719999999997526	3412.3616	16.398776393156115	153.59043750212575	1424.0849031154744	
3412.4792	0.03279999999995198	Ripples						0.03279999999995198	3412.5048	5.07198438821534	150.53902130794017	588.3065352488458	
3418.6072000000004	0.021599999999580177	Ripples						0.021599999999580177	3418.6224	6.163751948580685	156.55716849627262	651.0081937275911	
3418.7768	0.031199999999898864	Ripples						0.031199999999898864	3418.7936	16.202790409788737	164.66550044766163	1494.936671888573	
3432.8232000000003	0.051199999999880674	Ripples						0.051199999999880674	3432.8376000000003	9.619634336348378	153.06055761209527	927.1765698500924	
3432.9552000000003	0.058399999999892316	Ripples						0.058399999999892316	3432.9768000000004	15.878549508123124	145.7202455439696	1128.596968462152	
3433.4816	0.022400000000288856	Ripples						0.022400000000288856	3433.4928	7.56222551700652	155.14631912568132	875.9022518999276	
3436.4512	0.024800000000141154	Ripples						0.024800000000141154	3436.4656	12.395132007840909	159.86371617455316	1149.9248619871498	
3436.596	0.05920000000014625	Ripples						0.05920000000014625	3436.6200000000003	22.534985689742918	153.6498631990948	1589.4271765656665	
3438.2232000000004	0.047999999999774445	Ripples						0.047999999999774445	3438.2376000000004	11.514371083726957	155.19613342728246	1072.1035061208609	
3443.2584	0.032000000000152795	Ripples						0.032000000000152795	3443.2696	5.797662415953664	149.69056160975887	712.4569637394336	
3445.172	0.02400000000034197	Ripples						0.02400000000034197	3445.1824	10.694616253108295	164.06679163238283	1126.186300416091	
3448.0472	0.028800000000046566	Ripples						0.028800000000046566	3448.068	6.710210269891171	156.54590444626322	889.7815514379115	
3456.0376	0.021600000000034925	Ripples						0.021600000000034925	3456.0496000000003	5.03730332908982	154.68347287788936	486.68451046714466	
3456.8352	0.03999999999996362	Ripples						0.03999999999996362	3456.8504000000003	10.887800677930503	153.06371725082417	880.7251526134673	
3461.5968000000003	0.03279999999995198	Ripples						0.03279999999995198	3461.6048	5.199925513205018	162.35915207019622	750.4985488333864	
3462.8872	0.02080000000023574	Ripples						0.02080000000023574	3462.9008000000003	5.0824365155268625	156.89868879368282	675.2372939589455	
3471.9072	0.032000000000152795	Ripples						0.032000000000152795	3471.9344	6.612394183584448	161.9815243081296	786.7895550587539	
3473.6184000000003	0.031199999999898864	Ripples						0.031199999999898864	3473.6400000000003	6.609164974870293	153.43230113508605	865.4068675066748	
3474.1312000000003	0.021600000000034925	Ripples						0.021600000000034925	3474.1464	7.66767445141793	155.60748362722842	740.1712179315103	
3475.0848	0.03040000000009968	Ripples						0.03040000000009968	3475.1000000000004	9.421900076562832	148.8355449146675	848.1843299235592	
3479.3384	0.04800000000022919	Ripples						0.04800000000022919	3479.3608000000004	5.958939608941723	145.26314980787484	761.4648226968629	
3489.0	28.0	SleepStates											REM
3518.0	23.0	SleepStates											Awake
3542.0	149.0	SleepStates											Non-REM
3545.8536000000004	0.04639999999972133	Ripples						0.04639999999972133	3545.8624	11.29357073827301	152.8879866215417	950.0829646379492	
3546.704	0.03279999999995198	Ripples						0.03279999999995198	3546.7296	9.03548832152794	154.4678305080877	833.9592012644459	
3548.0640000000003	0.02320000000008804	Ripples						0.02320000000008804	3548.0744	6.280132384979039	162.03129793991292	862.0658187924888	
3551.9728	0.041600000000016735	Ripples						0.041600000000016735	3551.9976	14.1400675102335	150.87032587397007	1254.654602601159	
3554.4256	0.035200000000259024	Ripples						0.035200000000259024	3554.4432	16.427061386828576	156.5270342031538	1460.8705499816033	
3554.4992	0.03920000000016444	Ripples						0.03920000000016444	3554.5152000000003	9.461334271044823	149.76588633638522	904.7012717099217	
3555.3104000000003	0.021600000000034925	Ripples						0.021600000000034925	3555.3216	5.234030621720159	155.58528444670097	720.0641360772614	
3555.944	0.042400000000270666	Ripples						0.042400000000270666	3555.9616	12.366656674075546	156.62682775420694	1294.7394549030769	
3557.9224000000004	0.031199999999898864	Ripples						0.031199999999898864	3557.9368	11.56515201476291	155.16734700714147	1100.4242335101653	
3566.88	0.026400000000194268	Ripples						0.026400000000194268	3566.8952000000004	5.486699421983443	150.13348489851194	657.3713507378375	
3570.0144	0.035200000000259024	Ripples						0.035200000000259024	3570.0256000000004	14.687138401053105	153.81900436412016	1196.5582104652342	
3573.54	0.09120000000029904	Ripples						0.09120000000029904	3573.6216	9.512418350397377	155.6659841670072	1041.732561459422	
3573.896	0.028800000000046566	Ripples						0.028800000000046566	3573.9072	6.91069072674582	151.49984766768256	748.0014728227233	
3574.3832	0.025599999999940337	Ripples						0.025599999999940337	3574.4024000000004	6.957822060451199	158.57446877783923	635.077050633519	
3576.4616	0.028800000000046566	Ripples						0.028800000000046566	3576.48	9.241578191042459	158.4824350157754	1048.775770833426	
3576.8056	0.03519999999980428	Ripples						0.03519999999980428	3576.8192000000004	12.49254842190815	170.429146842583	1207.0739819870666	
3586.2232000000004	0.031199999999898864	Ripples						0.031199999999898864	3586.244	6.575476638032395	152.49103824653324	726.7680605942168	
3588.3768	0.02400000000034197	Ripples						0.02400000000034197	3588.3904	10.216552060792187	165.8238080946715	1079.066166100377	
3588.4336000000003	0.06639999999970314	Ripples						0.06639999999970314	3588.4856	12.003332482674237	152.94849162213063	1105.6977010657192	
3589.8432000000003	0.03279999999995198	Ripples						0.03279999999995198	3589.8520000000003	7.40668664385077	162.15347595052248	975.287676536976	
3590.0816	0.028000000000247383	Ripples						0.028000000000247383	3590.0984000000003	6.076818823371272	151.65544087379766	786.694704176196	
3599.5048	0.028800000000046566	Ripples						0.028800000000046566	3599.5264	10.549947246920217	156.43881166747528	930.229706105136	
3606.4672	0.028000000000247383	Ripples						0.028000000000247383	3606.4848	19.127272678091796	163.47085582066242	1461.667444118155	
3606.5576	0.052000000000134605	Ripples						0.052000000000134605	3606.5856000000003	24.96974501891761	150.16424034222825	1703.4590851456298	
3622.7984	0.068000000000211	Ripples						0.068000000000211	3622.8264000000004	17.921334461361006	162.1366010459043	1097.123341518388	
3625.6008	0.03519999999980428	Ripples						0.03519999999980428	3625.6312000000003	5.076699910874247	156.8077255850291	713.7990032233178	
3625.6704	0.032000000000152795	Ripples						0.032000000000152795	3625.6888000000004	10.888321014943477	154.49872449622663	1158.4042773992762	
3626.2984	0.03999999999996362	Ripples						0.03999999999996362	3626.3176000000003	6.12283497684531	144.14081497304878	624.0518185921514	
3626.4104	0.03999999999996362	Ripples						0.03999999999996362	3626.4336000000003	15.057012896548457	154.9326364240662	1388.8429232125375	
3626.896	0.024800000000141154	Ripples						0.024800000000141154	3626.9104	7.379685254375055	156.28042563377213	856.2885153333838	
3634.4152000000004	0.03279999999995198	Ripples						0.03279999999995198	3634.424	13.066712159723654	159.21543230087332	1185.9655995138876	
3643.7552	0.03440000000000509	Ripples						0.03440000000000509	3643.7832000000003	5.422507146477536	155.50721877067275	724.6324497293189	
3646.8752	0.042400000000270666	Ripples						0.042400000000270666	3646.8856	12.875978175278755	158.338198175875	1219.5090870425715	
3647.0440000000003	0.06399999999985084	Ripples						0.06399999999985084	3647.068	14.378813280689627	154.45652222248506	1101.2970148224458	
3650.6248	0.035200000000259024	Ripples						0.035200000000259024	3650.6456000000003	20.931132127235532	156.5786756526017	1550.961824866565	
3653.8304000000003	0.05040000000008149	Ripples						0.05040000000008149	3653.8512	5.844925958441011	143.6682419952201	573.1000370569818	
3654.3024	0.06880000000001019	Ripples						0.06880000000001019	3654.324	10.201316680072225	151.14227779620396	1191.428256730561	
3659.1808	0.02719999999999345	Ripples						0.02719999999999345	3659.1952	7.702908153073185	161.450617543175	1021.4429138841232	
3659.52	0.03600000000005821	Ripples						0.03600000000005821	3659.5352000000003	6.461952238080378	147.14628978754223	740.704492721392	
3660.0600000000004	0.021599999999580177	Ripples						0.021599999999580177	3660.068	5.982285636877531	152.43671495433074	659.934381044836	
3661.7160000000003	0.04719999999997526	Ripples						0.04719999999997526	3661.7456	12.994163689805296	147.68993640567487	841.2811235077947	
3667.8832	0.03679999999985739	Ripples						0.03679999999985739	3667.8952000000004	12.213067186483263	154.2890508531161	839.7558697730341	
3692.0	67.0	SleepStates											REM
3760.0	112.0	SleepStates											Awake
3823.6792	0.05360000000018772	Ripples						0.05360000000018772	3823.6968	8.577589549435187	148.60658456148337	974.642189721931	
3865.8408000000004	0.02879999999959182	Ripples						0.02879999999959182	3865.856	13.913781223236478	157.24768016621007	1245.4169775501732	
3867.1864	0.062400000000252476	Ripples						0.062400000000252476	3867.224	7.16293954787404	154.69088178894123	1050.3937567736841	
3873.0	270.0	SleepStates											Non-REM
3876.8464000000004	0.09839999999985594	Ripples						0.09839999999985594	3876.8880000000004	11.188900396954972	162.57670959442004	1253.781524767368	
3879.232	0.05120000000033542	Ripples						0.05120000000033542	3879.2464	13.495089180730774	163.64963705030735	1461.7408690068423	
3881.4680000000003	0.04239999999981592	Ripples						0.04239999999981592	3881.4792	7.2420458452295575	151.25624180246396	795.7992705643898	
3881.6048	0.029600000000300497	Ripples						0.029600000000300497	3881.6216000000004	12.128853967779065	164.6675496529182	1272.255151740924	
3889.7712	0.03999999999996362	Ripples						0.03999999999996362	3889.7944	7.016601668710397	161.10057173850848	941.3126218122579	
3889.9880000000003	0.021600000000034925	Ripples						0.021600000000034925	3889.9992	5.356237409297085	160.0101705002566	828.3291014866592	
3909.2920000000004	0.020799999999780994	Ripples						0.020799999999780994	3909.3032000000003	5.420938484086631	159.38319511669158	864.9356038533298	
3911.7272000000003	0.041600000000016735	Ripples						0.041600000000016735	3911.7520000000004	13.626344006756293	169.02291045344896	1314.895493563887	
3911.916	0.06080000000019936	Ripples						0.06080000000019936	3911.9464000000003	13.001853422202014	153.1148992942457	1009.3220698397494	
3914.3	0.03679999999985739	Ripples						0.03679999999985739	3914.3184	17.293315771670166	150.51275067981118	1343.8288451504395	
3914.5536	0.022399999999834108	Ripples						0.022399999999834108	3914.5648	5.084685349847952	153.90200096378882	616.3559700686486	
3917.1984	0.03040000000009968	Ripples						0.03040000000009968	3917.2096	7.54044398967349	155.41193458249194	833.467226804484	
3926.0376	0.03040000000009968	Ripples						0.03040000000009968	3926.0512000000003	9.918290820534793	164.2928809181727	1145.2715875439935	
3929.8288000000002	0.027999999999792635	Ripples						0.027999999999792635	3929.8472	10.81423456394187	162.47417254606475	1096.4702189821662	
3929.9576	0.0567999999998392	Ripples						0.0567999999998392	3929.9912000000004	26.725485803241597	152.45322263456626	1915.554098091058	
3931.728	0.03279999999995198	Ripples						0.03279999999995198	3931.7384	11.361388449114514	161.655116017094	933.8935664109587	
3933.6128000000003	0.02719999999999345	Ripples						0.02719999999999345	3933.6232	8.379886576679446	156.97208998148656	934.4627297528921	
3934.0064	0.08959999999979118	Ripples						0.08959999999979118	3934.0256000000004	6.33276030508575	148.7852077521281	599.6633066845301	
3934.7008	0.052000000000134605	Ripples						0.052000000000134605	3934.7128000000002	7.156383584385745	154.84161258278192	769.6078648941127	
3938.5232	0.042400000000270666	Ripples						0.042400000000270666	3938.5544	5.808669071985835	147.62636607861765	688.4043783041382	
3939.8112	0.028800000000046566	Ripples						0.028800000000046566	3939.8272	6.0790091654723835	167.82296624239942	990.0832828192092	
3941.7336	0.03040000000009968	Ripples						0.03040000000009968	3941.7512	16.542308520404625	158.70382141313996	1344.974875098602	
3943.2448000000004	0.03599999999960346	Ripples						0.03599999999960346	3943.2584	9.304041541520073	163.79116976484093	873.7517870935708	
3945.9664000000002	0.03359999999975116	Ripples						0.03359999999975116	3945.98	16.889559358443886	156.88364742475437	1458.501427360727	
3957.28	0.03440000000000509	Ripples						0.03440000000000509	3957.3008	14.905357860095453	155.23074789901014	1260.0499384895297	
3959.4296000000004	0.0431999999996151	Ripples						0.0431999999996151	3959.456	14.601994747958095	159.96243768950148	1461.463244334767	
3962.0216	0.05999999999994543	Ripples						0.05999999999994543	3962.0672000000004	23.60516124559563	154.7941739505863	1709.027402897157	
3962.2024	0.02959999999984575	Ripples						0.02959999999984575	3962.2176000000004	8.411451604828109	151.43745549006087	854.7610661357198	
3963.0272	0.0840000000002874	Ripples						0.0840000000002874	3963.1008	5.740016611038704	155.40413676453966	500.11172050831925	
3963.1888000000004	0.030399999999644933	Ripples						0.030399999999644933	3963.2048	17.91482463493754	163.96097724609618	1491.9901864236083	
3963.78	0.03360000000020591	Ripples						0.03360000000020591	3963.7912	6.509081817589692	162.27363509596682	938.6601400313657	
3966.4672	0.026400000000194268	Ripples						0.026400000000194268	3966.4808000000003	6.612760874279525	173.8015950822362	900.1250233431821	
3966.5184000000004	0.0591999999996915	Ripples						0.0591999999996915	3966.54	7.36928738089096	150.56847455679514	762.9538465064028	
3971.7128000000002	0.03999999999996362	Ripples						0.03999999999996362	3971.724	12.187347867078161	158.74374570664583	1135.0816187916466	
3972.3672	0.026400000000194268	Ripples						0.026400000000194268	3972.3784	10.997734619008648	156.60568759254107	1110.5828970800605	
3972.5024000000003	0.06399999999985084	Ripples						0.06399999999985084	3972.532	7.252842609512165	159.21510041626135	555.7372957071032	
3976.4280000000003	0.03919999999970969	Ripples						0.03919999999970969	3976.4392000000003	10.283802305264423	163.47028265479847	1035.2100671806336	
3978.9288	0.03360000000020591	Ripples						0.03360000000020591	3978.952	18.019948554872858	162.5368181414042	1470.4227931141606	
3983.28	0.044800000000122964	Ripples						0.044800000000122964	3983.3144	10.495720095984765	156.65008368146812	832.2847850893316	
3988.6624	0.03279999999995198	Ripples						0.03279999999995198	3988.6712	7.2898024133232155	156.6028304241672	896.4468075718084	
3990.7768	0.022400000000288856	Ripples						0.022400000000288856	3990.788	10.568114051964649	157.65420204169342	1004.1336531854837	
4003.2032000000004	0.04639999999972133	Ripples						0.04639999999972133	4003.232	14.505875252163127	150.45498866804536	1174.621579704443	
4003.3984	0.03279999999995198	Ripples						0.03279999999995198	4003.4168	17.01103430980238	154.98515985428264	1288.7636168761273	
4004.0328000000004	0.0431999999996151	Ripples						0.0431999999996151	4004.056	14.119400882027191	156.47672006175614	1361.458668570893	
4008.36	0.025599999999940337	Ripples						0.025599999999940337	4008.3712	6.894097047344769	156.20049816307886	787.9977087617649	
4008.4568000000004	0.03679999999985739	Ripples						0.03679999999985739	4008.4792	19.800432504312003	158.7286317551882	1446.3270007962847	
4009.5208000000002	0.03359999999975116	Ripples						0.03359999999975116	4009.5384000000004	24.316061739748584	162.79990470148758	1822.0412233093118	
4009.7752	0.04400000000032378	Ripples						0.04400000000032378	4009.7864000000004	8.004822630165945	154.41375456467026	803.526530818848	
4012.4640000000004	0.02879999999959182	Ripples						0.02879999999959182	4012.4792	12.33211906125899	156.53476657289337	1113.6864209553037	
4015.728	0.03279999999995198	Ripples						0.03279999999995198	4015.7432000000003	12.27679330341665	153.35073995104256	1163.0729412053784	
4017.3888	0.026400000000194268	Ripples						0.026400000000194268	4017.4	5.238141869723388	151.3572176738326	529.6474899148243	
4022.764	0.05279999999993379	Ripples						0.05279999999993379	4022.7848000000004	14.802020818256237	148.45494673237448	1222.8922302180988	
4024.7048	0.03680000000031214	Ripples						0.03680000000031214	4024.7192	9.214129125820598	151.46133743551968	917.6862232802829	
4024.9688	0.03680000000031214	Ripples						0.03680000000031214	4024.9864000000002	16.308862860903385	160.8863297200314	1517.8050661419834	
4027.1088	0.04800000000022919	Ripples						0.04800000000022919	4027.1416000000004	6.488046998142001	148.5882521941008	699.3738565260701	
4034.3792000000003	0.03199999999969805	Ripples						0.03199999999969805	4034.3976000000002	10.107616932980278	152.84298906371947	1029.0277505755705	
4035.732	0.0272000000004482	Ripples						0.0272000000004482	4035.7464	7.430739926744174	155.58224130275372	822.2018245284925	
4037.7416000000003	0.02959999999984575	Ripples						0.02959999999984575	4037.764	5.454319013097861	156.4342408396243	723.7833578390347	
4037.96	0.03760000000011132	Ripples						0.03760000000011132	4037.9904	8.095535805798125	155.1595175980084	799.8422078355234	
4041.8896	0.025600000000395084	Ripples						0.025600000000395084	4041.904	7.26888522392557	155.1924758928998	942.0271765800703	
4044.7848000000004	0.04399999999986903	Ripples						0.04399999999986903	4044.7920000000004	5.69346405696994	154.6696360666097	623.6815148478281	
4044.8936000000003	0.038399999999910506	Ripples						0.038399999999910506	4044.904	8.68795837886723	158.87099452611204	956.0204047251282	
4045.7424	0.048800000000028376	Ripples						0.048800000000028376	4045.7704000000003	11.41087710420147	144.8469303381396	1029.9186103516602	
4045.976	0.04800000000022919	Ripples						0.04800000000022919	4045.9840000000004	6.977671473435238	152.8780386673087	859.3176621793776	
4046.2512	0.058399999999892316	Ripples						0.058399999999892316	4046.2960000000003	7.2447841664339885	146.7234668197168	843.4479181757875	
4051.2256	0.03040000000009968	Ripples						0.03040000000009968	4051.2424	19.412636576237887	160.643818215292	1590.2298410521964	
4053.2088000000003	0.024799999999686406	Ripples						0.024799999999686406	4053.224	8.34380405663736	160.6595383598033	1014.4809075880769	
4058.2304000000004	0.023999999999887223	Ripples						0.023999999999887223	4058.2416000000003	5.1811849873602185	159.66418896786234	805.6637915340466	
4059.4504	0.048800000000028376	Ripples						0.048800000000028376	4059.4816	7.755163663453424	150.0025656196404	800.8564363862058	
4082.4424000000004	0.04959999999982756	Ripples						0.04959999999982756	4082.4848	5.776098320795732	152.64901402274634	692.0417995970245	
4084.4552000000003	0.02639999999973952	Ripples						0.02639999999973952	4084.472	8.317803285551632	159.431599014138	964.69872143078	
4085.4648	0.024800000000141154	Ripples						0.024800000000141154	4085.476	8.26363204075482	159.62553546836415	923.7993482813691	
4094.7936	0.04640000000017608	Ripples						0.04640000000017608	4094.804	9.280008043549575	157.93743237030267	942.2604316581267	
4094.8912	0.03680000000031214	Ripples						0.03680000000031214	4094.9032	10.606233235761941	155.8274182079205	955.7342548194396	
4115.3696	0.03679999999985739	Ripples						0.03679999999985739	4115.388800000001	10.761712994861076	152.03872132203563	1016.7972789375069	
4115.5	0.02400000000034197	Ripples						0.02400000000034197	4115.512000000001	8.090895512691425	154.2103422091583	820.3487828170738	
4124.1704	0.03920000000016444	Ripples						0.03920000000016444	4124.1816	7.700759571410984	160.03734910231077	993.2662153045687	
4129.8832	0.03840000000036525	Ripples						0.03840000000036525	4129.908	18.442557372436	154.87468435845392	1488.4470745979993	
4132.0704000000005	0.025599999999940337	Ripples						0.025599999999940337	4132.088000000001	10.851471506287423	163.32289761668093	1085.6126561467931	
4136.468	0.04400000000077853	Ripples						0.04400000000077853	4136.497600000001	6.729084413267079	146.55732692799336	660.07413581532	
4144.0	37.0	SleepStates											Awake
4181.1744	0.022400000000743603	Ripples						0.022400000000743603	4181.1856	7.002110696902016	154.3549324707874	673.0587952413442	
4182.0	311.0	SleepStates											Non-REM
4188.5752	0.022399999999834108	Ripples						0.022399999999834108	4188.584	6.154307809831654	162.23138761291614	807.5394328970934	
4188.653600000001	0.027199999999538704	Ripples						0.027199999999538704	4188.6656	6.846122098971493	153.00064346899038	587.7083837838492	
4189.0496	0.05360000000018772	Ripples						0.05360000000018772	4189.0856	15.781595785133328	155.7992355252346	1254.6006855580115	
4199.0	0.032000000000152795	Ripples						0.032000000000152795	4199.0104	5.949749396080808	160.4546698326416	811.8660518819802	
4199.144	0.03279999999995198	Ripples						0.03279999999995198	4199.1656	17.37330861704827	155.55088795523423	1262.591928506212	
4221.2072	0.035200000000259024	Ripples						0.035200000000259024	4221.2264000000005	12.099480121704026	158.03584168913946	1252.2611230224145	
4223.4928	0.052800000000388536	Ripples						0.052800000000388536	4223.5216	22.288926296974225	149.95216207539434	1504.742434467758	
4225.8472	0.030399999999644933	Ripples						0.030399999999644933	4225.856	7.128721137563235	149.57695858052116	697.9100960530156	
4225.9464	0.042400000000270666	Ripples						0.042400000000270666	4225.9616000000005	9.03250760068976	150.73140914582277	724.5765896744051	
4229.276800000001	0.02959999999984575	Ripples						0.02959999999984575	4229.2848	5.108981864509383	154.83133459445298	688.4268740635468	
4233.2664	0.0543999999999869	Ripples						0.0543999999999869	4233.2776	8.978209460989998	150.9175869143766	864.7870111115441	
4233.4232	0.04160000000047148	Ripples						0.04160000000047148	4233.4392	14.622988373838018	157.5641424027021	1115.9810253018136	
4234.9872000000005	0.024800000000141154	Ripples						0.024800000000141154	4235.004	14.320902158577644	159.66969731820197	1152.033129890755	
4235.0960000000005	0.05279999999947904	Ripples						0.05279999999947904	4235.113600000001	9.35112983183922	151.82478432327204	1105.3908093461625	
4235.258400000001	0.030399999999644933	Ripples						0.030399999999644933	4235.2784	8.708407649613333	165.56657089434233	1127.5911733064845	
4236.4856	0.03440000000045984	Ripples						0.03440000000045984	4236.5088000000005	11.528366437592283	155.5774566153497	1180.305118111679	
4236.6448	0.021600000000034925	Ripples						0.021600000000034925	4236.656	5.446597146572264	155.02215222124985	714.0751632416901	
4236.8008	0.04160000000047148	Ripples						0.04160000000047148	4236.8168000000005	13.188542877959806	150.70624255529597	1095.9790267802964	
4247.008	0.025599999999940337	Ripples						0.025599999999940337	4247.0224	6.961006929440769	150.50281430754112	579.3882348108846	
4247.2432	0.030400000000554428	Ripples						0.030400000000554428	4247.2576	20.03373517239794	163.265290036261	1707.4409360273198	
4247.9392	0.026400000000649015	Ripples						0.026400000000649015	4247.9536	10.319816908239307	159.1412307935945	1141.2496808657036	
4249.9104	0.045600000000376895	Ripples						0.045600000000376895	4249.932	15.284119340033396	150.91172348053425	1360.9671634301917	
4252.7448	0.035200000000259024	Ripples						0.035200000000259024	4252.756	11.192046688718387	152.05539987132912	963.076083411636	
4274.7976	0.051199999999880674	Ripples						0.051199999999880674	4274.816	17.916961393577274	148.65273906712275	1392.1155111355827	
4274.9312	0.07679999999982101	Ripples						0.07679999999982101	4274.9584	9.833435858187332	149.93345497395498	1031.5216195730707	
4276.0408	0.021600000000034925	Ripples						0.021600000000034925	4276.052000000001	13.269934332025056	164.60222239673527	1202.9031147280878	
4288.9512	0.022399999999834108	Ripples						0.022399999999834108	4288.9656	9.057436131615688	156.6153943097812	821.960446810915	
4291.1056	0.056000000000494765	Ripples						0.056000000000494765	4291.1544	6.795794992887889	162.02842011373758	835.4377890641553	
4291.9488	0.021600000000034925	Ripples						0.021600000000034925	4291.9632	5.310594284840187	153.33586871442338	675.1734567690106	
4298.5160000000005	0.03519999999934953	Ripples						0.03519999999934953	4298.533600000001	14.497330616549727	155.75145459151742	1324.2804827238479	
4301.092000000001	0.0543999999999869	Ripples						0.0543999999999869	4301.1032000000005	11.34379568791787	153.25686593928245	1130.976355666218	
4301.704000000001	0.0591999999996915	Ripples						0.0591999999996915	4301.7448	7.717763407667672	142.9999410798131	675.5851357574398	
4302.4984	0.02959999999984575	Ripples						0.02959999999984575	4302.504	5.5021659907624505	157.8453599343306	729.3613556215306	
4305.4456	0.03679999999985739	Ripples						0.03679999999985739	4305.472	8.16310525623474	157.5981090850381	843.2817141720597	
4320.2648	0.026400000000649015	Ripples						0.026400000000649015	4320.272800000001	5.948676012452652	152.02938396072454	707.1238162922632	
4321.624	0.042400000000270666	Ripples						0.042400000000270666	4321.6376	10.721577069191452	168.27189443293508	1168.2920073161597	
4332.5416000000005	0.03600000000005821	Ripples						0.03600000000005821	4332.5632000000005	13.57969263963503	155.60156909669038	1122.1694463095946	
4333.5296	0.030400000000554428	Ripples						0.030400000000554428	4333.548	8.758880731940607	151.8846963322898	905.346322476407	
4334.6016	0.04320000000006985	Ripples						0.04320000000006985	4334.620800000001	8.7003720165198	149.2076973099011	978.3075924293639	
4344.5432	0.022399999999834108	Ripples						0.022399999999834108	4344.5584	5.973466313313348	155.33227850167503	630.862460987881	
4348.456	0.040799999999762804	Ripples						0.040799999999762804	4348.4712	9.438908903990864	144.97067406795807	776.7619965172688	
4348.6552	0.03120000000035361	Ripples						0.03120000000035361	4348.6728	15.017815176821072	160.3017092802653	1492.746485792551	
4348.7776	0.06080000000019936	Ripples						0.06080000000019936	4348.8248	9.178552388948985	166.23159177946482	1178.4207984194477	
4355.6544	0.024800000000141154	Ripples						0.024800000000141154	4355.6688	15.443769183611236	157.56847810824402	1195.7045967456568	
4364.0784	0.04640000000017608	Ripples						0.04640000000017608	4364.1072	11.349268447031132	149.74339505699618	1024.4595517869557	
4370.8096000000005	0.021600000000034925	Ripples						0.021600000000034925	4370.8240000000005	9.595773533845232	159.15386791303143	850.9737399171345	
4371.9568	0.02080000000023574	Ripples						0.02080000000023574	4371.964800000001	5.24582652373984	159.8824104924706	770.5243749751776	
4372.5984	0.02080000000023574	Ripples						0.02080000000023574	4372.6056	5.181495974941237	160.48556896374518	777.898475763225	
4373.0752	0.021600000000034925	Ripples						0.021600000000034925	4373.0864	7.1082893814937576	155.4831413962127	807.7877905383999	
4373.7272	0.028800000000046566	Ripples						0.028800000000046566	4373.7416	9.33622017667094	154.65631303501561	980.1917980024584	
4378.08	0.03999999999996362	Ripples						0.03999999999996362	4378.095200000001	7.9801786131674195	150.98384822333767	892.5484412637529	
4380.2664	0.037599999999656575	Ripples						0.037599999999656575	4380.2896	13.838469592406003	155.47548772679536	1262.189166240305	
4392.5864	0.04399999999986903	Ripples						0.04399999999986903	4392.6128	16.853266354289367	152.42743614364036	1037.9000479640538	
4392.656	0.032000000000152795	Ripples						0.032000000000152795	4392.6816	9.779832749943152	155.60110177127655	810.979514162627	
4392.7856	0.025599999999940337	Ripples						0.025599999999940337	4392.7976	13.811651521211058	161.1484753773157	1263.1317190213238	
4395.732	0.035200000000259024	Ripples						0.035200000000259024	4395.7592	11.625916416977805	159.04790252082987	1002.6363861142912	
4400.0272	0.04640000000017608	Ripples						0.04640000000017608	4400.0536	14.034708639492614	157.5125944264741	903.1087712847335	
4406.0632000000005	0.03359999999975116	Ripples						0.03359999999975116	4406.0864	9.110941010636697	160.6359988579651	767.678873425106	
4406.268	0.025599999999940337	Ripples						0.025599999999940337	4406.2824	9.897917659713663	156.42389267707009	1057.136712551394	
4412.256	0.05279999999947904	Ripples						0.05279999999947904	4412.2888	16.096819419533148	153.70467928993833	1531.1571645684405	
4412.4472000000005	0.04159999999956199	Ripples						0.04159999999956199	4412.4624	8.690217702096144	151.28285297670928	765.0656467090683	
4412.6272	0.022400000000743603	Ripples						0.022400000000743603	4412.642400000001	12.048536952178567	158.20177105977808	1006.2271634889581	
4419.9384	0.03120000000035361	Ripples						0.03120000000035361	4419.9528	20.66159996501647	164.25889700238278	1634.6239521067544	
4420.0408	0.03840000000036525	Ripples						0.03840000000036525	4420.0496	6.261698127122453	158.98316218812283	656.25424428138	
4420.3952	0.03279999999995198	Ripples						0.03279999999995198	4420.4208	8.944606770338275	157.1550328016601	857.3407037702126	
4421.1744	0.026400000000649015	Ripples						0.026400000000649015	4421.1936000000005	11.048928046049088	156.03165659967877	850.224981948583	
4421.2496	0.03359999999975116	Ripples						0.03359999999975116	4421.2608	8.673766752821702	158.0179492176659	886.0976875978629	
4426.2208	0.04399999999986903	Ripples						0.04399999999986903	4426.2496	11.419047058896062	151.2268432577165	959.7588317113754	
4426.444	0.051199999999880674	Ripples						0.051199999999880674	4426.4792	8.242005126321747	156.7900495724539	1105.559296826177	
4427.320000000001	0.03599999999914871	Ripples						0.03599999999914871	4427.3376	18.10812506745709	156.88648263885642	1512.4037120414891	
4432.724	0.03840000000036525	Ripples						0.03840000000036525	4432.7480000000005	7.293441302074026	154.19440704600288	934.07327483099	
4436.9528	0.03679999999985739	Ripples						0.03679999999985739	4436.9752	11.713981512096499	149.80689827691455	829.8727785387803	
4437.0816	0.0455999999994674	Ripples						0.0455999999994674	4437.1032000000005	10.307325885561129	147.92062158823754	952.372846303272	
4437.3496000000005	0.023999999999432475	Ripples						0.023999999999432475	4437.3632	9.479200416181882	161.10279681902935	1074.1911200926038	
4437.468800000001	0.04719999999997526	Ripples						0.04719999999997526	4437.488	22.071774907761846	150.18811413233792	1486.4108027149014	
4437.5776000000005	0.040799999999762804	Ripples						0.040799999999762804	4437.6112	5.1731244512513745	155.35894808725462	706.6217425203528	
4438.06	0.04959999999937281	Ripples						0.04959999999937281	4438.1024	6.62418655569329	154.20269585597893	658.843775066748	
4443.2480000000005	0.030399999999644933	Ripples						0.030399999999644933	4443.2672	6.752963726187889	151.51993932233856	734.6552095451069	
4458.5648	0.04640000000017608	Ripples						0.04640000000017608	4458.5976	13.134395439380627	154.0541736999038	1192.8459720912356	
4460.8632	0.0543999999999869	Ripples						0.0543999999999869	4460.8912	18.91844651788708	157.8513472782219	1654.8005453048888	
4461.24	0.0272000000004482	Ripples						0.0272000000004482	4461.2568	9.94641054455089	158.53305950298105	1067.5136425320645	
4461.464800000001	0.03839999999945576	Ripples						0.03839999999945576	4461.4928	18.714731011315504	160.4629957469011	1315.9528967379463	
4461.792	0.024800000000141154	Ripples						0.024800000000141154	4461.805600000001	8.815346803766449	158.50208380807888	1026.8487659618788	
4468.7696000000005	0.027199999999538704	Ripples						0.027199999999538704	4468.7832	8.367477789622484	158.4937471913111	1102.60011927324	
4473.7664	0.04159999999956199	Ripples						0.04159999999956199	4473.7976	12.888570489402811	159.92735635794503	1330.2399926293917	
4474.1728	0.044799999999668216	Ripples						0.044799999999668216	4474.188	9.012988941167203	152.58175859664436	980.4332884602386	
4480.4008	0.03839999999945576	Ripples						0.03839999999945576	4480.412	8.895952318905003	156.52550109767685	1009.2425722212512	
4494.0	12.0	SleepStates											Awake
4507.0	81.0	SleepStates											Non-REM
4510.4024	0.03120000000035361	Ripples						0.03120000000035361	4510.4184000000005	5.32506899326862	144.2186283974108	544.9639966611448	
4513.504800000001	0.02639999999973952	Ripples						0.02639999999973952	4513.5208	7.678060372936846	155.7165377832794	889.4982066827038	
4515.4968	0.022400000000743603	Ripples						0.022400000000743603	4515.5112	9.323496202974919	158.46718719975422	962.8729073375448	
4522.1720000000005	0.025599999999940337	Ripples						0.025599999999940337	4522.1832	7.569464709865615	155.71054895394462	863.838716659497	
4534.024	0.058399999999892316	Ripples						0.058399999999892316	4534.0624	23.337823679259987	152.023635115883	1706.0023656094272	
4534.160800000001	0.03999999999996362	Ripples						0.03999999999996362	4534.1792000000005	17.705061481777868	153.44532062995927	1470.1559744939652	
4534.8192	0.04399999999986903	Ripples						0.04399999999986903	4534.84	8.618516125707211	155.25898690506014	1118.880344580183	
4538.983200000001	0.03359999999975116	Ripples						0.03359999999975116	4538.9968	14.148809424704831	160.82563517797567	1238.4821963183306	
4544.4224	0.037599999999656575	Ripples						0.037599999999656575	4544.4312	6.649377591701142	160.96579857383082	835.0001060224703	
4544.5608	0.03120000000035361	Ripples						0.03120000000035361	4544.5816	15.228652139627936	154.3963768495779	1277.0227733954844	
4545.792	0.03279999999995198	Ripples						0.03279999999995198	4545.8032	7.967190800295383	153.62335336657654	790.9873630109041	
4547.8952	0.030400000000554428	Ripples						0.030400000000554428	4547.9184000000005	5.096391581941589	156.1623398315141	599.165411057783	
4548.3096000000005	0.028800000000046566	Ripples						0.028800000000046566	4548.3216	6.899023925534183	155.60735388172728	898.045854286301	
4554.3952	0.03360000000066066	Ripples						0.03360000000066066	4554.421600000001	5.756317513993352	158.8291033864562	844.0395054518794	
4554.533600000001	0.03839999999945576	Ripples						0.03839999999945576	4554.5568	10.680980582679329	147.9410853741325	856.5710566806864	
4555.368	0.05199999999967986	Ripples						0.05199999999967986	4555.3904	6.869176815304349	147.2021944941966	539.9702989740484	
4556.1176000000005	0.025599999999940337	Ripples						0.025599999999940337	4556.1288	7.961696327261036	156.0486214548179	879.6405721471358	
4556.7136	0.02080000000023574	Ripples						0.02080000000023574	4556.728	6.420652382636006	155.74711475631827	684.1948411283291	
4556.768	0.056000000000494765	Ripples						0.056000000000494765	4556.816	6.407881447061491	154.8382896674966	862.841919851089	
4561.2216	0.0408000000006723	Ripples						0.0408000000006723	4561.2336000000005	10.6630840468325	157.98515397356218	931.5863180006735	
4561.4624	0.04159999999956199	Ripples						0.04159999999956199	4561.4816	5.786520322379263	157.03702916517938	596.1969564431427	
4564.2736	0.03839999999945576	Ripples						0.03839999999945576	4564.3024000000005	7.109215862039888	151.07240046671637	909.482588289156	
4578.1248000000005	0.05519999999978609	Ripples						0.05519999999978609	4578.1456	10.521180083509094	159.05545438045283	1062.8902962412221	
4578.224	0.03359999999975116	Ripples						0.03359999999975116	4578.2504	7.629646010840885	151.39987546407332	717.9384283035143	
4580.8008	0.02959999999984575	Ripples						0.02959999999984575	4580.8192	8.588641060543363	153.44755048348657	711.713916167426	
4589.0	65.0	SleepStates											REM
4609.4384	0.023200000000542786	Ripples						0.023200000000542786	4609.4536	6.939524690729878	156.59142852741445	800.6447191032378	
4655.0	231.0	SleepStates											Awake
4695.9536	0.028000000000247383	Ripples						0.028000000000247383	4695.9744	5.342931205144563	160.05837753779755	759.3016934765562	
4696.4608	0.028000000000247383	Ripples						0.028000000000247383	4696.472000000001	12.453330825885812	163.2811869384327	1158.1009323241242	
4701.812	0.026400000000649015	Ripples						0.026400000000649015	4701.8208	5.563718398514405	154.22356337335054	685.3244104716805	
4703.908	0.022399999999834108	Ripples						0.022399999999834108	4703.9224	7.124431147458791	154.31942651615427	810.0415818890837	
4707.3728	0.028000000000247383	Ripples						0.028000000000247383	4707.3864	7.479260689992466	157.04762620442042	913.957034380943	
4737.0392	0.03359999999975116	Ripples						0.03359999999975116	4737.0536	9.576681331935289	166.01256178299843	1252.2999357360993	
4737.18	0.03840000000036525	Ripples						0.03840000000036525	4737.1976	23.469233601370206	158.11520270713694	1661.3549325071926	
4772.1704	0.042400000000270666	Ripples						0.042400000000270666	4772.196	10.886211460839238	158.36874606085723	1213.7953911484865	
4784.6976	0.03279999999995198	Ripples						0.03279999999995198	4784.7032	9.669555328816198	159.42264550883877	799.4850415752626	
4784.8208	0.031199999999444117	Ripples						0.031199999999444117	4784.8328	22.8543767006835	162.5410165099826	1707.9701642746431	
4784.9728000000005	0.034399999999550346	Ripples						0.034399999999550346	4784.9936	13.242754879125126	158.63159726878945	1308.1060681449565	
4788.3632	0.02400000000034197	Ripples						0.02400000000034197	4788.3736	7.166331702205678	157.37944918862806	862.6870105233006	
4798.8296	0.07600000000002183	Ripples						0.07600000000002183	4798.8408	8.302218041680476	157.54781416728397	960.1463641295267	
4801.7784	0.02080000000023574	Ripples						0.02080000000023574	4801.792	7.153762493497321	160.33069334846863	866.1817687673467	
4805.3264	0.021600000000034925	Ripples						0.021600000000034925	4805.338400000001	6.444148722675707	167.5941288255063	891.9750513098309	
4805.456	0.04399999999986903	Ripples						0.04399999999986903	4805.4696	16.860888365923966	159.3272268533842	1447.647005358164	
4805.6808	0.03279999999995198	Ripples						0.03279999999995198	4805.6928	8.356961789761455	157.64626466287095	874.0271799311473	
4807.5	0.03920000000016444	Ripples						0.03920000000016444	4807.5328	6.490684163203433	154.3690724949537	835.1103743199861	
4808.9264	0.04640000000017608	Ripples						0.04640000000017608	4808.9448	19.762762712471112	154.92565471926022	1633.2189526179454	
4816.102400000001	0.0319999999992433	Ripples						0.0319999999992433	4816.1168	8.506591276076652	150.6708547650506	930.5284263878202	
4819.5528	0.03279999999995198	Ripples						0.03279999999995198	4819.572	10.829625477814803	144.7457525510149	804.1789282894318	
4819.6728	0.02959999999984575	Ripples						0.02959999999984575	4819.688	10.872802852717827	157.0754106261573	1124.749065122842	
4824.6032000000005	0.027199999999538704	Ripples						0.027199999999538704	4824.6192	21.470145789254143	161.3480365371596	1594.6112994697983	
4831.8656	0.03760000000056607	Ripples						0.03760000000056607	4831.8832	11.104740132000789	159.63948344773476	1225.5136681514098	
4837.4632	0.042400000000270666	Ripples						0.042400000000270666	4837.496	12.617102198981792	162.0491499713275	1168.239786729564	
4837.602400000001	0.07839999999941938	Ripples						0.07839999999941938	4837.66	23.215713127009533	153.27378716576808	1735.7929877398158	
4885.211200000001	0.03279999999995198	Ripples						0.03279999999995198	4885.236	8.181430820957361	149.20737686671995	866.1676124450166	
4886.2216	0.05200000000058935	Ripples						0.05200000000058935	4886.236800000001	19.91563984306918	163.44124735669826	1724.6912786646174	
4887.0	527.0	SleepStates											Non-REM
4892.4616000000005	0.04239999999936117	Ripples						0.04239999999936117	4892.490400000001	11.991540995702195	150.89553879230735	1066.4741264166676	
4901.7992	0.02639999999973952	Ripples						0.02639999999973952	4901.812	12.413348328696166	161.27378713297514	1238.3723703433095	
4902.0544	0.03279999999995198	Ripples						0.03279999999995198	4902.0648	6.127093583950101	151.39481766423648	758.0680995158878	
4902.3176	0.028000000000247383	Ripples						0.028000000000247383	4902.332	8.534275122131966	151.47146663853772	759.395133384513	
4916.1456	0.024800000000141154	Ripples						0.024800000000141154	4916.1592	11.670949408427347	168.23831151150281	1201.1780051869453	
4921.4856	0.04160000000047148	Ripples						0.04160000000047148	4921.5016000000005	5.415973567449071	149.76715250177998	497.49503703716744	
4923.4536	0.05040000000008149	Ripples						0.05040000000008149	4923.4888	12.431657132155623	151.85891367721013	989.800869850798	
4924.296	0.040799999999762804	Ripples						0.040799999999762804	4924.320000000001	13.584023728796806	156.91762620050054	1362.5773937291979	
4927.486400000001	0.02159999999912543	Ripples						0.02159999999912543	4927.4944000000005	6.783805039375765	157.97186906725676	861.7223870896465	
4933.7336000000005	0.03279999999995198	Ripples						0.03279999999995198	4933.7416	5.508943984824363	152.92349520941704	704.3913608874645	
4944.280000000001	0.03359999999975116	Ripples						0.03359999999975116	4944.3	11.258704877222977	153.0563829097048	1101.959105241554	
4944.867200000001	0.027999999999337888	Ripples						0.027999999999337888	4944.8848	8.75056346941398	156.99406608524455	1028.505881593377	
4945.3448	0.030400000000554428	Ripples						0.030400000000554428	4945.3640000000005	11.195930177477438	161.91866767823706	1207.1328109750098	
4946.7208	0.03279999999995198	Ripples						0.03279999999995198	4946.732	9.03847337111325	152.73969653516534	856.3886179534137	
4947.7336000000005	0.021600000000034925	Ripples						0.021600000000034925	4947.7480000000005	6.18855434458418	166.2870668694358	858.4765203620857	
4947.8552	0.03840000000036525	Ripples						0.03840000000036525	4947.8736	16.185187533614364	154.68239019190239	1367.2217549863265	
4947.9808	0.10400000000026921	Ripples						0.10400000000026921	4948.0632000000005	14.368535893303804	152.2303593218404	1277.329291989661	
4948.188	0.03359999999975116	Ripples						0.03359999999975116	4948.196	6.751297658338056	149.72146366269374	829.967881382088	
4954.943200000001	0.06079999999928987	Ripples						0.06079999999928987	4954.9768	7.98127870659356	158.04738652887764	736.528131668582	
4955.1008	0.045600000000376895	Ripples						0.045600000000376895	4955.12	7.060336974149127	149.00702891241252	638.4435875608435	
4966.8504	0.02959999999984575	Ripples						0.02959999999984575	4966.8656	12.3104630487112	156.39069935471227	1081.1284352770842	
4968.363200000001	0.023999999999432475	Ripples						0.023999999999432475	4968.3808	9.033908949344841	156.97697903284836	835.9926904964287	
4968.4416	0.06080000000019936	Ripples						0.06080000000019936	4968.4592	20.17095370578479	151.96000442343143	1313.5383086675486	
4968.608	0.02959999999984575	Ripples						0.02959999999984575	4968.6304	7.407911216672845	151.29024706781092	781.9390947608993	
4972.8952	0.0408000000006723	Ripples						0.0408000000006723	4972.9152	9.626478832555446	154.3512891522428	1208.754798164169	
4976.559200000001	0.030399999999644933	Ripples						0.030399999999644933	4976.5848000000005	5.880040419924248	154.19652545386708	723.5566712947825	
4976.6584	0.023199999999633292	Ripples						0.023199999999633292	4976.671200000001	5.823285066538971	153.51069443816394	598.6996127568036	
4980.6904	0.03679999999985739	Ripples						0.03679999999985739	4980.7016	11.266175075031297	156.42317758605697	1088.82930956614	
4980.8928000000005	0.021600000000034925	Ripples						0.021600000000034925	4980.904	5.180328996306983	156.69964572337537	874.2065171773899	
4981.1432	0.034399999999550346	Ripples						0.034399999999550346	4981.1672	9.427454715515163	155.84951405156895	1116.1122983173113	
4985.8736	0.025599999999940337	Ripples						0.025599999999940337	4985.881600000001	5.248788220480276	160.2316108634432	708.472708237782	
4985.9344	0.05680000000029395	Ripples						0.05680000000029395	4985.9728000000005	6.360289328459948	145.53766864779578	597.6483578105385	
4987.5496	0.05519999999978609	Ripples						0.05519999999978609	4987.564	5.042007546879795	151.7036348922243	560.3003334215398	
4988.0104	0.03920000000016444	Ripples						0.03920000000016444	4988.0288	8.836193327512532	149.78574486084736	923.3966387546761	
4998.236800000001	0.028800000000046566	Ripples						0.028800000000046566	4998.258400000001	7.727013260017037	168.1852476635813	840.432176471612	
4998.7904	0.048800000000483124	Ripples						0.048800000000483124	4998.8240000000005	5.360784421674399	150.46929424395918	586.5576075766455	
5002.1576000000005	0.03279999999995198	Ripples						0.03279999999995198	5002.1720000000005	12.040558314165237	155.2343571658301	1049.1795003819566	
5002.3032	0.03279999999995198	Ripples						0.03279999999995198	5002.3176	11.033889201469107	152.64959228393354	1123.338287847334	
5006.9056	0.02639999999973952	Ripples						0.02639999999973952	5006.9136	5.595135337282353	153.68197545562373	654.2810943205029	
5009.7016	0.06080000000019936	Ripples						0.06080000000019936	5009.7192000000005	10.617507137866305	150.75522447616777	1093.105036842815	
5010.9584	0.028000000000247383	Ripples						0.028000000000247383	5010.979200000001	5.158198748077809	158.627790583332	664.7271005303056	
5014.0552	0.03360000000066066	Ripples						0.03360000000066066	5014.072	21.468364447565527	162.44584798467034	1670.0159176575512	
5014.656800000001	0.03919999999925494	Ripples						0.03919999999925494	5014.671200000001	17.18996282784166	154.8559169995838	1311.97602250115	
5017.58	0.025599999999940337	Ripples						0.025599999999940337	5017.592000000001	14.114679459155962	159.72635380820026	1203.5851450937785	
5018.4928	0.026400000000649015	Ripples						0.026400000000649015	5018.508	8.571551064845291	151.0884295653745	976.1663431570109	
5018.7384	0.021600000000034925	Ripples						0.021600000000034925	5018.7496	7.1476197292160455	156.94508785978334	878.3638850739966	
5022.360000000001	0.051199999999880674	Ripples						0.051199999999880674	5022.3896	14.142659610719921	148.83598652741279	1097.0440732312268	
5022.5024	0.028000000000247383	Ripples						0.028000000000247383	5022.5136	9.95656858596293	160.18808128122168	1069.2687350050387	
5025.613600000001	0.047999999999774445	Ripples						0.047999999999774445	5025.64	8.614374914242658	148.3763720849601	663.8380497787856	
5025.780000000001	0.06079999999928987	Ripples						0.06079999999928987	5025.7968	12.598138273027443	153.88212469200656	996.4899855005633	
5041.9656	0.023199999999633292	Ripples						0.023199999999633292	5041.9744	5.610722576734641	153.41144843357844	721.8851903091077	
5045.682400000001	0.05199999999967986	Ripples						0.05199999999967986	5045.704000000001	19.181233160354044	153.23783260454704	1381.2656795344428	
5045.876	0.04719999999997526	Ripples						0.04719999999997526	5045.8944	11.319797003567205	144.3698911169678	847.2439215260449	
5047.338400000001	0.0455999999994674	Ripples						0.0455999999994674	5047.3464	7.011007079323053	153.92360812312103	756.3376623390483	
5056.0848000000005	0.044799999999668216	Ripples						0.044799999999668216	5056.0984	12.795604799134196	156.14467673747725	1273.267550342671	
5056.9704	0.0543999999999869	Ripples						0.0543999999999869	5056.9984	8.103908501164728	145.9979825250391	846.3016285357933	
5072.436000000001	0.04239999999936117	Ripples						0.04239999999936117	5072.4544000000005	22.82183128791893	155.90061309107904	1638.70621006428	
5079.4496	0.025599999999940337	Ripples						0.025599999999940337	5079.4616000000005	10.600792727646702	158.99885213448462	1093.6113612277964	
5102.1552	0.02959999999984575	Ripples						0.02959999999984575	5102.1624	5.6682107141054425	154.86622601478604	681.9525235758401	
5107.7704	0.02400000000034197	Ripples						0.02400000000034197	5107.787200000001	9.792723946969005	165.24890192531018	969.2384485439359	
5108.5144	0.04160000000047148	Ripples						0.04160000000047148	5108.54	9.807212267395823	155.0887217845053	1118.730080938801	
5108.656	0.04160000000047148	Ripples						0.04160000000047148	5108.6792000000005	12.235862851116815	143.77725974091175	922.1578438106386	
5115.5968	0.051199999999880674	Ripples						0.051199999999880674	5115.6248000000005	11.949687812336375	146.11733834862707	964.2943313114878	
5116.328	0.021600000000034925	Ripples						0.021600000000034925	5116.3424	6.77233879900348	161.15975721442513	925.1953284774504	
5116.4856	0.06559999999990396	Ripples						0.06559999999990396	5116.4992	15.577891979409959	156.42012619756224	1395.1988935156035	
5116.9808	0.042400000000270666	Ripples						0.042400000000270666	5117.012000000001	7.227690581042444	149.01822932059594	734.7923668797625	
5117.2056	0.03920000000016444	Ripples						0.03920000000016444	5117.216	5.878162080659507	153.21450038089668	702.4099102900526	
5117.696	0.026400000000649015	Ripples						0.026400000000649015	5117.7080000000005	7.011989327533591	154.32177551128225	809.9541445754418	
5123.7736	0.04239999999936117	Ripples						0.04239999999936117	5123.8024000000005	16.068190813961905	157.0439679288643	1300.34219472204	
5123.9136	0.04160000000047148	Ripples						0.04160000000047148	5123.9304	11.303323950221792	158.1448806053886	1203.0433922398051	
5126.722400000001	0.021600000000034925	Ripples						0.021600000000034925	5126.7312	5.12585931153524	157.93509250483643	746.8544416350132	
5126.7904	0.0408000000006723	Ripples						0.0408000000006723	5126.805600000001	13.53658989935825	150.74644477040388	1002.6351479493426	
5143.2936	0.048800000000483124	Ripples						0.048800000000483124	5143.3312000000005	19.669818794773178	155.01397823861237	1355.2090697011604	
5143.4496	0.04800000000068394	Ripples						0.04800000000068394	5143.464800000001	16.74373247976028	154.2643053163659	1155.4071077433555	
5153.7824	0.04160000000047148	Ripples						0.04160000000047148	5153.794400000001	9.017194879967162	164.36567151299263	762.0240001223162	
5165.1688	0.02639999999973952	Ripples						0.02639999999973952	5165.1816	12.18067913804284	163.3905022047757	1300.6778422783884	
5165.2576	0.04719999999997526	Ripples						0.04719999999997526	5165.2896	7.5402408408075905	149.44828675090545	856.3252453706504	
5167.1216	0.03999999999996362	Ripples						0.03999999999996362	5167.1448	10.23723165130351	145.76457520640878	841.6351674830335	
5167.868	0.022399999999834108	Ripples						0.022399999999834108	5167.8792	13.432813979353428	158.23046177884837	1094.86066959129	
5168.5232000000005	0.03919999999925494	Ripples						0.03919999999925494	5168.552000000001	7.578876469988181	154.3351972474988	969.6871398109663	
5169.3512	0.028800000000046566	Ripples						0.028800000000046566	5169.3696	7.900052723241341	152.79957927086127	929.7256840292471	
5170.736	0.02400000000034197	Ripples						0.02400000000034197	5170.7504	5.383470371409799	157.49412712764118	843.2142578154134	
5174.417600000001	0.04879999999957363	Ripples						0.04879999999957363	5174.4336	11.398213448176053	165.95673595513938	1303.5388969305197	
5182.4952	0.028000000000247383	Ripples						0.028000000000247383	5182.5128	9.767423354192836	161.36901948823933	1017.2011156538956	
5182.7928	0.03279999999995198	Ripples						0.03279999999995198	5182.8072	7.653421327117186	149.19718354679043	665.2915054230353	
5182.9336	0.024800000000141154	Ripples						0.024800000000141154	5182.9512	7.411827634215608	152.8406563761789	722.5250030867018	
5199.3896	0.05199999999967986	Ripples						0.05199999999967986	5199.428	16.06057982781671	152.94502576291563	996.9044584919678	
5207.4192	0.028800000000046566	Ripples						0.028800000000046566	5207.4344	11.814852828416676	157.3151075774026	1122.3090927362693	
5210.0208	0.04719999999997526	Ripples						0.04719999999997526	5210.06	7.683071112453697	159.8717177540049	861.0848617435639	
5222.808800000001	0.025599999999940337	Ripples						0.025599999999940337	5222.8208	12.442975059816366	158.77202339098153	952.8197411446514	
5222.8592	0.021600000000034925	Ripples						0.021600000000034925	5222.8736	5.0280455501461585	154.42886240516884	432.5225862163901	
5235.928800000001	0.04399999999986903	Ripples						0.04399999999986903	5235.9584	13.623295233939626	148.42502495427988	1131.293794628827	
5236.332	0.030399999999644933	Ripples						0.030399999999644933	5236.352800000001	10.324008420080832	154.64588710752807	999.4203893070394	
5237.1632	0.04160000000047148	Ripples						0.04160000000047148	5237.1776	15.452016961723674	152.80201543539027	1210.1701094841296	
5239.3824	0.03279999999995198	Ripples						0.03279999999995198	5239.3976	8.774381735202407	153.6815890483707	962.2239793596542	
5245.416	0.02959999999984575	Ripples						0.02959999999984575	5245.4376	5.802860255313267	148.38839050539235	603.3267537380052	
5248.456	0.02080000000023574	Ripples						0.02080000000023574	5248.4672	6.976234746485979	163.20761946101737	871.3548533607496	
5257.1816	0.020000000000436557	Ripples						0.020000000000436557	5257.1912	6.960805540355152	166.64310493335844	933.4521743376034	
5266.5848000000005	0.027999999999337888	Ripples						0.027999999999337888	5266.5960000000005	7.528749435983701	154.9878235405872	908.5475649478103	
5266.9352	0.023200000000542786	Ripples						0.023200000000542786	5266.9464	9.547960739884754	153.70001800227323	847.4046751857737	
5267.2376	0.025599999999940337	Ripples						0.025599999999940337	5267.256	9.273239134244665	155.36309272475125	911.4984306086094	
5268.2024	0.047999999999774445	Ripples						0.047999999999774445	5268.2176	9.372555219564179	145.38400691149414	732.4032602246286	
5268.5928	0.05680000000029395	Ripples						0.05680000000029395	5268.6320000000005	6.491442304361904	146.01378966854088	720.6113662862155	
5269.7144	0.024800000000141154	Ripples						0.024800000000141154	5269.7216	6.642059048741135	158.73787883909617	773.0065903300687	
5272.055200000001	0.02159999999912543	Ripples						0.02159999999912543	5272.066400000001	7.929356303555563	153.43211780188253	836.6234944705261	
5289.6392000000005	0.03999999999996362	Ripples						0.03999999999996362	5289.6592	9.980003638051276	159.9341713518281	1121.5767363200196	
5301.616800000001	0.023999999999432475	Ripples						0.023999999999432475	5301.6304	9.390699140570256	164.7805665964289	1124.9699664383706	
5301.7232	0.025599999999940337	Ripples						0.025599999999940337	5301.736800000001	8.47820092693135	152.50049780665043	849.5807728125885	
5307.6624	0.028800000000046566	Ripples						0.028800000000046566	5307.6728	9.857813396034024	163.7566055502934	1113.45009863454	
5310.7024	0.021600000000034925	Ripples						0.021600000000034925	5310.7168	7.509151358505521	166.13413059028505	871.2769769822986	
5316.212	0.030399999999644933	Ripples						0.030399999999644933	5316.222400000001	11.591839442153606	159.59742852004447	1085.6959086463803	
5319.0152	0.030400000000554428	Ripples						0.030400000000554428	5319.028	7.896594239876683	152.65676403814808	837.0206332918352	
5322.5056	0.03279999999995198	Ripples						0.03279999999995198	5322.5152	5.959818869918888	164.7400406022914	619.0453830489299	
5325.4800000000005	0.04239999999936117	Ripples						0.04239999999936117	5325.497600000001	18.47809346080813	154.68628053152705	1397.6099979516387	
5332.6792000000005	0.037599999999656575	Ripples						0.037599999999656575	5332.7080000000005	8.805330314279326	151.90085828250577	598.1258867588722	
5332.7832	0.03360000000066066	Ripples						0.03360000000066066	5332.794400000001	7.764024448092465	162.10116096117898	723.102854014662	
5333.0792	0.020000000000436557	Ripples						0.020000000000436557	5333.092000000001	7.2226595669641975	156.35889981029638	829.7875059097408	
5335.4192	0.024800000000141154	Ripples						0.024800000000141154	5335.4336	12.09718354103642	160.0053864126086	1075.3968616437428	
5339.1416	0.03760000000056607	Ripples						0.03760000000056607	5339.156	10.02680917633264	158.14584777351558	1128.5344725053017	
5357.573600000001	0.02959999999984575	Ripples						0.02959999999984575	5357.588000000001	11.867894486076692	154.76804445868635	1222.0541752739955	
5358.7952000000005	0.020799999999326246	Ripples						0.020799999999326246	5358.808800000001	7.726614136256593	158.4245214920983	736.3823445471172	
5358.8984	0.06000000000040018	Ripples						0.06000000000040018	5358.910400000001	10.28718833383293	153.41675552950267	879.6262424289184	
5359.062400000001	0.03839999999945576	Ripples						0.03839999999945576	5359.073600000001	5.038550700841266	160.66862624198512	707.228717018992	
5359.1952	0.03359999999975116	Ripples						0.03359999999975116	5359.2144	9.249563289625863	150.4382146040976	863.6238228152235	
5360.3192	0.03999999999996362	Ripples						0.03999999999996362	5360.3304	5.337132471304486	153.72031976868408	590.4515971330786	
5362.2496	0.020000000000436557	Ripples						0.020000000000436557	5362.2616	7.471071904101305	158.2943565828992	876.3811577670207	
5364.2072	0.030400000000554428	Ripples						0.030400000000554428	5364.2264000000005	10.417182087525159	151.00014319448738	843.0919780883721	
5364.6056	0.06880000000001019	Ripples						0.06880000000001019	5364.6408	6.388909614523577	154.67957021452926	487.1160141253596	
5364.7816	0.025599999999940337	Ripples						0.025599999999940337	5364.7928	6.593557515892347	152.71139526844084	816.534591528795	
5367.5256	0.029600000000755244	Ripples						0.029600000000755244	5367.54	15.948830548631015	161.76243117800755	1476.007725055846	
5381.3512	0.021600000000034925	Ripples						0.021600000000034925	5381.363200000001	9.258182135613835	159.16306830606405	976.6582494232924	
5382.6144	0.061599999999998545	Ripples						0.061599999999998545	5382.6320000000005	18.93384133211796	160.80446963282097	1569.8799322948257	
5383.660800000001	0.03999999999996362	Ripples						0.03999999999996362	5383.6832	8.16253807242241	144.70550762900194	737.0363317351541	
5401.5936	0.040799999999762804	Ripples						0.040799999999762804	5401.6112	10.5046719570275	149.84884416204687	829.4258410012056	
5409.7752	0.02400000000034197	Ripples						0.02400000000034197	5409.7832	10.746896982931123	164.25292549625652	1061.5578487469768	
5415.0	136.0	SleepStates											REM
5552.0	15.0	SleepStates											Awake
5567.6528	0.022400000000743603	Ripples						0.022400000000743603	5567.6616	5.631133254577959	152.2249946968744	649.4772662876205	
5568.0	417.0	SleepStates											Non-REM
5585.068	0.07039999999960855	Ripples						0.07039999999960855	5585.0832	13.514324082166048	152.49474798228127	1157.301139737589	
5585.1632	0.03999999999996362	Ripples						0.03999999999996362	5585.189600000001	8.627373935216395	146.94598913122508	763.9565239541727	
5585.8712000000005	0.05519999999978609	Ripples						0.05519999999978609	5585.9008	11.221341451742038	146.39507046169769	1034.7933855766305	
5585.957600000001	0.034399999999550346	Ripples						0.034399999999550346	5585.9664	8.149400940614726	154.08485748728884	807.1034443284389	
5592.0504	0.058399999999892316	Ripples						0.058399999999892316	5592.0832	11.197747924817966	147.68097391311548	1106.5324430713285	
5599.7248	0.06400000000030559	Ripples						0.06400000000030559	5599.7608	17.7125068311018	152.5122592355093	1464.234613595583	
5599.9728000000005	0.035200000000259024	Ripples						0.035200000000259024	5599.993600000001	22.235766703796433	155.37002547141574	1556.143788806577	
5606.432000000001	0.022399999999834108	Ripples						0.022399999999834108	5606.444	5.6467958722253755	155.72187386856982	769.4680080684454	
5607.164000000001	0.027999999999337888	Ripples						0.027999999999337888	5607.175200000001	19.305455702416936	160.13008192667544	1438.9329492711727	
5607.3152	0.048800000000483124	Ripples						0.048800000000483124	5607.3536	9.640287292979634	149.8646310074347	844.3907737959562	
5614.5544	0.021600000000034925	Ripples						0.021600000000034925	5614.5688	5.767564378433054	155.42387389019245	702.6500132934912	
5620.4056	0.021600000000034925	Ripples						0.021600000000034925	5620.4136	7.975729564845387	156.4920310629696	732.4163791059146	
5627.9848	0.04719999999997526	Ripples						0.04719999999997526	5628.0136	14.56510108170696	146.11282730901758	1126.6373753667142	
5646.928800000001	0.09919999999965512	Ripples						0.09919999999965512	5646.9704	12.501541749163799	148.07924949931265	938.7161335007306	
5647.1152	0.048800000000483124	Ripples						0.048800000000483124	5647.128000000001	8.080298419047214	145.1444220537194	780.5465113645844	
5647.568	0.03120000000035361	Ripples						0.03120000000035361	5647.5856	24.13225303857281	158.06465043231876	1614.4908303110537	
5647.874400000001	0.03359999999975116	Ripples						0.03359999999975116	5647.8936	7.343009653370345	147.14143649305865	804.7516066383077	
5653.2488	0.0543999999999869	Ripples						0.0543999999999869	5653.2744	9.011708219616926	146.93867636886733	910.8484852139344	
5653.3872	0.03999999999996362	Ripples						0.03999999999996362	5653.4096	13.87201857184228	155.01006038307722	1007.2577045992508	
5667.7736	0.05199999999967986	Ripples						0.05199999999967986	5667.808	8.030282004089722	146.12136561098092	742.1827092016847	
5667.9528	0.04960000000028231	Ripples						0.04960000000028231	5667.9664	8.616099007022685	160.32064038611838	858.6683009552559	
5671.3408	0.03279999999995198	Ripples						0.03279999999995198	5671.3552	8.111780983869807	162.4936676460388	886.7906498923461	
5671.4736	0.04879999999957363	Ripples						0.04879999999957363	5671.5088000000005	23.359386362407733	153.1695095853882	1572.736622787676	
5680.2968	0.03999999999996362	Ripples						0.03999999999996362	5680.308	7.060795389635057	151.88486197270703	825.2112001262218	
5680.9296	0.02080000000023574	Ripples						0.02080000000023574	5680.943200000001	7.288105496494418	158.90194030271456	650.1272076867891	
5682.704000000001	0.023199999999633292	Ripples						0.023199999999633292	5682.7192000000005	8.409256918392023	155.58243677207065	962.2242087851286	
5682.8544	0.020000000000436557	Ripples						0.020000000000436557	5682.8664	5.723132622982375	154.48639216670531	734.7245907470298	
5687.54	0.028800000000046566	Ripples						0.028800000000046566	5687.555200000001	12.289086458648223	158.4702085734285	1189.2913940631306	
5715.5536	0.02959999999984575	Ripples						0.02959999999984575	5715.5672	17.645309005258	160.68179664373338	1421.9215894178926	
5715.722400000001	0.03920000000016444	Ripples						0.03920000000016444	5715.7336000000005	7.494738865079172	153.25577731662725	923.3132011838319	
5716.9624	0.027199999999538704	Ripples						0.027199999999538704	5716.9800000000005	11.152567217474877	157.70886546333463	1037.3645317115247	
5720.0784	0.03120000000035361	Ripples						0.03120000000035361	5720.084	5.5302029296006685	156.6255496433351	688.1467369308821	
5725.144	0.04160000000047148	Ripples						0.04160000000047148	5725.1584	14.856722001754857	156.62534722053226	1177.1058419016756	
5732.3552	0.03840000000036525	Ripples						0.03840000000036525	5732.370400000001	33.95860069274272	155.18511936985388	1859.832822879064	
5734.765600000001	0.020799999999326246	Ripples						0.020799999999326246	5734.7792	5.712768110369566	158.1400393150929	704.9621891209225	
5734.9088	0.05760000000009313	Ripples						0.05760000000009313	5734.924	7.123549911966677	149.40172876614614	715.7373295442923	
5738.7176	0.02400000000034197	Ripples						0.02400000000034197	5738.7288	14.66598349142915	166.0516444373457	1317.4448552473996	
5739.4584	0.03679999999985739	Ripples						0.03679999999985739	5739.4736	18.9719101302431	154.4645813762667	1308.9836730820577	
5739.8736	0.028000000000247383	Ripples						0.028000000000247383	5739.8872	19.054272965351462	158.16324609546496	1398.728543413557	
5740.988	0.032000000000152795	Ripples						0.032000000000152795	5740.9984	5.440057119005252	154.00688403362307	784.733456323031	
5741.4416	0.02400000000034197	Ripples						0.02400000000034197	5741.452	13.577528140207177	164.49076491599104	1217.4272685016258	
5749.4256000000005	0.031199999999444117	Ripples						0.031199999999444117	5749.443200000001	15.104977192072788	154.9554202599898	1308.761143531251	
5768.4824	0.029600000000755244	Ripples						0.029600000000755244	5768.493600000001	6.365595210263298	155.060875664435	756.9144102330298	
5768.7952000000005	0.04159999999956199	Ripples						0.04159999999956199	5768.8144	19.163624148902965	158.99212116034818	1617.4869250805848	
5771.2416	0.03679999999985739	Ripples						0.03679999999985739	5771.26	11.126108496489623	148.02344933283592	890.6050283637469	
5798.080800000001	0.04239999999936117	Ripples						0.04239999999936117	5798.0984	17.798567158458056	158.79568031616648	1539.4038033866414	
5798.2144	0.04400000000077853	Ripples						0.04400000000077853	5798.244000000001	23.910932292701	157.05044284585549	1612.8099598664533	
5800.1104000000005	0.056799999999384454	Ripples						0.056799999999384454	5800.1224	6.30613404746354	153.2209801115501	600.7099318536402	
5800.3008	0.025599999999940337	Ripples						0.025599999999940337	5800.316000000001	10.43075204499902	160.23488959042174	1068.9707784286509	
5800.4264	0.03679999999985739	Ripples						0.03679999999985739	5800.4344	5.773220254071272	160.98865100756962	705.2189940084287	
5802.874400000001	0.023199999999633292	Ripples						0.023199999999633292	5802.8832	5.216227834346747	150.27850676867487	587.4779001653066	
5817.4776	0.05199999999967986	Ripples						0.05199999999967986	5817.5088000000005	19.100977303968197	153.8631915943855	1685.8225539972923	
5825.9448	0.028800000000046566	Ripples						0.028800000000046566	5825.9592	7.485911092368379	150.40646062815716	920.438771226396	
5827.3112	0.058399999999892316	Ripples						0.058399999999892316	5827.345600000001	16.16477059090885	155.32130756783013	1155.567865619217	
5828.688	0.02080000000023574	Ripples						0.02080000000023574	5828.6984	6.953026246162206	161.91318077442492	923.4358553494096	
5839.7048	0.04960000000028231	Ripples						0.04960000000028231	5839.7416	19.72552921253408	155.8701208789396	1554.5846613338272	
5840.8896	0.031199999999444117	Ripples						0.031199999999444117	5840.9064	9.781826669999928	156.15470968995606	1046.0621747470882	
5841.1616	0.03120000000035361	Ripples						0.03120000000035361	5841.1816	5.575713263833979	143.34408533347406	515.0086113138888	
5846.7216	0.022400000000743603	Ripples						0.022400000000743603	5846.736	14.557164576045775	162.97907020281244	1244.0570452170814	
5848.5632000000005	0.02639999999973952	Ripples						0.02639999999973952	5848.5784	7.982007702325879	152.18057438076207	744.5269026084286	
5849.7424	0.05360000000018772	Ripples						0.05360000000018772	5849.7776	7.081047509594207	146.49749782317195	492.8119333639005	
5849.884800000001	0.030399999999644933	Ripples						0.030399999999644933	5849.9048	12.372519288597712	154.32770560070693	966.646094853607	
5850.500800000001	0.04879999999957363	Ripples						0.04879999999957363	5850.5344000000005	15.0351160265939	152.31360280177128	1152.387382531076	
5860.536	0.026400000000649015	Ripples						0.026400000000649015	5860.5544	6.686005942427399	152.86082335690185	825.7873373849026	
5865.3968	0.02080000000023574	Ripples						0.02080000000023574	5865.4112000000005	6.253049650227626	158.85626683750388	764.2039025780105	
5875.4312	0.030400000000554428	Ripples						0.030400000000554428	5875.4544000000005	5.20044464529307	158.60705840686882	473.0738457238841	
5879.1072	0.035200000000259024	Ripples						0.035200000000259024	5879.1192	7.865838830326394	150.9061783454976	889.1068108070173	
5884.4616000000005	0.028800000000046566	Ripples						0.028800000000046566	5884.4768	9.209477317977756	153.11969611751778	916.9923721864762	
5884.92	0.021600000000034925	Ripples						0.021600000000034925	5884.9312	7.306195873194344	163.06112594702034	865.0044668406701	
5885.015200000001	0.051199999999880674	Ripples						0.051199999999880674	5885.0416000000005	8.241715035287015	145.84990958592385	768.2731328393477	
5885.156800000001	0.023199999999633292	Ripples						0.023199999999633292	5885.1688	5.375697426032794	150.90423549166584	588.1539577377089	
5887.323200000001	0.02879999999913707	Ripples						0.02879999999913707	5887.3376	11.353344046052033	152.52815317901897	1062.8772784852338	
5890.6264	0.022399999999834108	Ripples						0.022399999999834108	5890.6416	11.04379218721781	164.66236452432528	1012.1512148702874	
5892.5160000000005	0.040799999999762804	Ripples						0.040799999999762804	5892.5272	8.828714788800466	158.6441132577537	781.9858333821885	
5892.648	0.028000000000247383	Ripples						0.028000000000247383	5892.6632	6.309168361633296	149.23009932593177	781.3097317553612	
5897.876	0.045600000000376895	Ripples						0.045600000000376895	5897.8976	7.8245318857048884	159.8396924414273	783.1607127573844	
5898.1720000000005	0.03279999999995198	Ripples						0.03279999999995198	5898.196800000001	7.1240905883463235	150.6224514722964	792.3492720184055	
5898.3192	0.025599999999940337	Ripples						0.025599999999940337	5898.3312000000005	7.073474537605549	149.2918677482503	702.0755933459624	
5898.4304	0.03279999999995198	Ripples						0.03279999999995198	5898.4448	8.525588249603915	155.54582752136366	823.6959280857752	
5898.5464	0.04320000000006985	Ripples						0.04320000000006985	5898.5712	12.40086018742343	148.14081671407928	1066.090077524118	
5901.352800000001	0.030399999999644933	Ripples						0.030399999999644933	5901.3752	6.864456540442786	164.74000364002706	924.4817029072715	
5903.671200000001	0.025599999999940337	Ripples						0.025599999999940337	5903.6832	8.461770682894693	156.27640281644128	830.7873363833047	
5910.5976	0.04719999999997526	Ripples						0.04719999999997526	5910.612	8.688789195603174	150.8173264111479	952.268298731237	
5926.953600000001	0.02879999999913707	Ripples						0.02879999999913707	5926.9752	10.52558194049014	156.7903129487431	938.3112315453666	
5927.5504	0.040799999999762804	Ripples						0.040799999999762804	5927.5616	5.747651494364266	154.8947909357189	636.6863305422551	
5942.7992	0.051199999999880674	Ripples						0.051199999999880674	5942.8184	15.285537520713492	150.22281563991322	1162.7685819464018	
5943.044	0.025600000000849832	Ripples						0.025600000000849832	5943.06	12.914367722536923	158.58275939375832	1095.057270386003	
5943.236800000001	0.05599999999958527	Ripples						0.05599999999958527	5943.252	12.339642074368223	152.67215327106948	925.0083556472911	
5943.9528	0.024800000000141154	Ripples						0.024800000000141154	5943.9704	7.107265737852122	151.68942923266525	787.6741049265415	
5944.9928	0.028800000000046566	Ripples						0.028800000000046566	5945.0104	6.591016844752351	149.0558589954005	735.9521545270021	
5952.144	0.032000000000152795	Ripples						0.032000000000152795	5952.1648000000005	9.998516260989012	149.59218883529945	858.2705175872477	
5953.1952	0.025599999999940337	Ripples						0.025599999999940337	5953.2096	7.155890456731297	153.31824073432963	867.5781561485612	
5953.3992	0.025600000000849832	Ripples						0.025600000000849832	5953.4136	7.9951862991673535	156.22875556115343	819.3942933028873	
5955.5160000000005	0.028800000000046566	Ripples						0.028800000000046566	5955.537600000001	8.011686241065366	156.99247924865452	831.579123812393	
5956.232800000001	0.022399999999834108	Ripples						0.022399999999834108	5956.2408000000005	6.965903051271688	155.52292941592265	708.9397742045973	
5969.2496	0.02959999999984575	Ripples						0.02959999999984575	5969.26	5.494702166035601	162.1721623008536	526.2129595338108	
5980.200000000001	0.03839999999945576	Ripples						0.03839999999945576	5980.2176	13.126228073817177	155.41828137605935	1195.3226958454713	
5986.0	13.0	SleepStates											Awake
6000.0	135.0	SleepStates											Non-REM
6002.572	0.048800000000483124	Ripples						0.048800000000483124	6002.5944	6.248805742016233	146.96061806368874	547.1114509557948	
6005.0272	0.04399999999986903	Ripples						0.04399999999986903	6005.036	6.757881513780305	154.3187032727886	822.4958686363841	
6005.106400000001	0.025599999999940337	Ripples						0.025599999999940337	6005.120800000001	14.37561229026617	157.4694243892607	1044.2357581769484	
6006.4424	0.03440000000045984	Ripples						0.03440000000045984	6006.453600000001	7.512395251039825	162.49823509425153	977.6093526851133	
6019.0384	0.07999999999992724	Ripples						0.07999999999992724	6019.0904	15.456717972559709	155.44353254297758	1120.7050640921925	
6019.200000000001	0.02639999999973952	Ripples						0.02639999999973952	6019.212	15.242797735159906	158.0170156806612	1223.180899390759	
6020.3784000000005	0.03359999999975116	Ripples						0.03359999999975116	6020.3936	15.477662890061417	153.45099531040626	1199.210683683633	
6022.827200000001	0.025599999999940337	Ripples						0.025599999999940337	6022.845600000001	9.496782486991894	152.79167260288193	828.7142402148958	
6025.1416	0.048800000000483124	Ripples						0.048800000000483124	6025.1672	11.568400289916982	153.42821921783073	882.5806745325891	
6025.5976	0.028800000000046566	Ripples						0.028800000000046566	6025.609600000001	10.351201821903414	152.77662104284508	1062.031464049745	
6028.7232	0.044799999999668216	Ripples						0.044799999999668216	6028.7392	12.111848474222116	145.36735026331397	933.9613005019642	
6029.444	0.037599999999656575	Ripples						0.037599999999656575	6029.4704	6.6261334674903125	153.30907026414044	591.2631562239341	
6038.9472000000005	0.022399999999834108	Ripples						0.022399999999834108	6038.9592	6.840390193935004	157.77657371556336	898.8432392611943	
6043.2576	0.03440000000045984	Ripples						0.03440000000045984	6043.265600000001	5.897282119016893	158.19380472867545	759.0331372176845	
6048.3112	0.040799999999762804	Ripples						0.040799999999762804	6048.334400000001	8.253942542941036	148.74151772305663	811.8831173485245	
6048.4312	0.028000000000247383	Ripples						0.028000000000247383	6048.4424	5.129557121574065	165.68943874921123	603.1407577566827	
6093.2176	0.0408000000006723	Ripples						0.0408000000006723	6093.232800000001	7.227560725084372	157.2980672184008	752.4979659752248	
6101.631200000001	0.023999999999432475	Ripples						0.023999999999432475	6101.6472	6.022043571102556	152.12810815590743	539.4475518732203	
6101.8496000000005	0.0727999999999156	Ripples						0.0727999999999156	6101.8832	8.334438425228104	140.61123036367175	554.0847494935846	
6136.0	95.0	SleepStates											REM
6137.0176	0.03120000000035361	Ripples						0.03120000000035361	6137.028	5.747904447251992	153.00283205140258	789.2503604092378	
6137.1864000000005	0.047999999999774445	Ripples						0.047999999999774445	6137.216	5.663695457303985	144.1969518351185	626.9677948941758	
6232.0	11.0	SleepStates											Awake
6244.0	417.0	SleepStates											Non-REM
6247.1872	0.03840000000036525	Ripples						0.03840000000036525	6247.2008000000005	19.063991296147538	157.54423648584253	1590.1652615123521	
6252.2968	0.03120000000035361	Ripples						0.03120000000035361	6252.3096000000005	11.705326453108562	158.0502770010503	1086.6890847209568	
6252.9048	0.021600000000034925	Ripples						0.021600000000034925	6252.9192	5.793611937683059	158.23888723518508	682.463039503285	
6265.3824	0.028800000000046566	Ripples						0.028800000000046566	6265.396000000001	5.970898619853533	165.68738417103944	978.5558227581279	
6271.4800000000005	0.04159999999956199	Ripples						0.04159999999956199	6271.4952	11.680833836022165	152.10812284896818	1115.4203722804868	
6272.9296	0.058399999999892316	Ripples						0.058399999999892316	6272.9528	6.2785877948920605	152.2660622716295	591.9402910613024	
6273.076800000001	0.047999999999774445	Ripples						0.047999999999774445	6273.0936	9.716674273338874	154.4440496764274	1132.9386132342506	
6275.7104	0.04400000000077853	Ripples						0.04400000000077853	6275.7248	16.106393744308193	154.11568468627192	1295.474601988309	
6277.38	0.03920000000016444	Ripples						0.03920000000016444	6277.396000000001	6.329891258732738	162.43716443379475	688.8312375582832	
6280.722400000001	0.03679999999985739	Ripples						0.03679999999985739	6280.7408000000005	13.600353639329622	150.02016612832327	1096.6062072979869	
6289.5608	0.03359999999975116	Ripples						0.03359999999975116	6289.5832	16.142948343287088	158.72902445770518	1129.259892678555	
6309.323200000001	0.02879999999913707	Ripples						0.02879999999913707	6309.332	9.15153710628242	154.99235004168747	918.9550722293095	
6309.4632	0.028800000000046566	Ripples						0.028800000000046566	6309.4744	7.31864546251321	156.82009886269057	956.2266930064754	
6314.711200000001	0.02959999999984575	Ripples						0.02959999999984575	6314.7304	7.192343005968433	148.29724423964845	758.3417525851427	
6315.870400000001	0.025599999999940337	Ripples						0.025599999999940337	6315.8784000000005	7.907952428274782	158.49751589444585	927.8961016660585	
6315.968000000001	0.03679999999985739	Ripples						0.03679999999985739	6315.9800000000005	12.28673555645815	159.53899708728488	1140.8827068637995	
6316.798400000001	0.03999999999996362	Ripples						0.03999999999996362	6316.830400000001	6.295958756503442	153.11533841215845	887.5337630719177	
6318.736	0.03840000000036525	Ripples						0.03840000000036525	6318.747200000001	6.177917945194172	169.15797645112244	904.7993482904138	
6318.9128	0.03600000000005821	Ripples						0.03600000000005821	6318.928800000001	14.759039425094073	160.4058686011419	1357.7483091277138	
6324.0976	0.0272000000004482	Ripples						0.0272000000004482	6324.12	5.335666837864896	155.53251649426653	664.4364159754384	
6324.446400000001	0.03599999999914871	Ripples						0.03599999999914871	6324.4584	10.340990956994236	151.43538034271722	1028.1075919690309	
6324.8192	0.03840000000036525	Ripples						0.03840000000036525	6324.8336	10.865177725463102	148.44932592038742	1051.2180661799537	
6328.1248000000005	0.040799999999762804	Ripples						0.040799999999762804	6328.136	6.498512911084561	150.7167101688998	782.481739285333	
6328.752	0.03839999999945576	Ripples						0.03839999999945576	6328.765600000001	11.174949693384455	154.38152549012622	1126.824473916787	
6330.2992	0.02080000000023574	Ripples						0.02080000000023574	6330.3104	8.2194633954425	165.9233542949101	991.5154584550288	
6338.9968	0.03999999999996362	Ripples						0.03999999999996362	6339.015200000001	16.815784646542383	152.55687669627648	1356.3102058481106	
6349.52	0.022399999999834108	Ripples						0.022399999999834108	6349.5344000000005	9.923554213136633	164.26379925282222	1047.0027633673617	
6351.6672	0.06480000000010477	Ripples						0.06480000000010477	6351.692800000001	10.578138433668215	148.29089421453736	974.7506042682853	
6358.2312	0.021600000000034925	Ripples						0.021600000000034925	6358.2456	6.001673348608608	156.5351027161463	658.6992957913836	
6358.3288	0.0272000000004482	Ripples						0.0272000000004482	6358.3424	9.527039684411609	161.25333695739835	1114.6048772773258	
6362.7232	0.028800000000046566	Ripples						0.028800000000046566	6362.7408000000005	8.36233209517625	151.17453322452502	848.7369283247884	
6363.0472	0.048800000000483124	Ripples						0.048800000000483124	6363.0648	15.628746328728274	157.09098875279238	1488.6972344125782	
6367.2496	0.028800000000046566	Ripples						0.028800000000046566	6367.2712	7.744263010355647	155.287029978709	909.9196213646705	
6367.6296	0.03840000000036525	Ripples						0.03840000000036525	6367.6504	22.789413673157572	155.50003816586897	1643.3369431825183	
6368.2928	0.03600000000005821	Ripples						0.03600000000005821	6368.3192	6.361827767754891	153.2238543775817	696.5883878133179	
6382.192800000001	0.021600000000034925	Ripples						0.021600000000034925	6382.2016	6.286477515939839	157.277237491265	746.5268564827634	
6391.3408	0.03760000000056607	Ripples						0.03760000000056607	6391.348800000001	5.8260899258481595	153.62338227585448	596.5905110191541	
6392.711200000001	0.023999999999432475	Ripples						0.023999999999432475	6392.7216	6.338843403616039	162.7375489772553	876.2053626984601	
6393.064	0.03279999999995198	Ripples						0.03279999999995198	6393.0792	9.34131914086304	152.3080513276215	996.8700259950986	
6405.997600000001	0.040799999999762804	Ripples						0.040799999999762804	6406.015200000001	13.695518694334273	154.7886306308785	990.3597366709702	
6407.1976	0.021600000000034925	Ripples						0.021600000000034925	6407.212	8.425944231429058	161.98565537367085	831.0389848184227	
6407.2576	0.036800000000766886	Ripples						0.036800000000766886	6407.272	6.6524313459988225	148.35510399538995	525.5836261412114	
6419.0032	0.040799999999762804	Ripples						0.040799999999762804	6419.0144	5.109670631590757	158.49351364506416	596.4223408264521	
6426.784000000001	0.031199999999444117	Ripples						0.031199999999444117	6426.805600000001	10.33431035367555	153.61195202941326	1044.441794132291	
6430.751200000001	0.03839999999945576	Ripples						0.03839999999945576	6430.783200000001	7.875638665725321	159.8197427105283	791.3495345663839	
6431.6272	0.021600000000034925	Ripples						0.021600000000034925	6431.6416	6.179517097699644	158.3056727921704	792.0856281438566	
6433.956	0.028800000000046566	Ripples						0.028800000000046566	6433.9712	5.727862016394489	151.93057536295896	659.7097915577701	
6438.040800000001	0.03999999999996362	Ripples						0.03999999999996362	6438.055200000001	13.73158505174481	157.92632066890667	1245.4442421261185	
6438.7128	0.037599999999656575	Ripples						0.037599999999656575	6438.732	16.76766468987234	159.57998813604468	1232.224931937146	
6438.867200000001	0.04879999999957363	Ripples						0.04879999999957363	6438.9048	10.509159474648971	150.00716006891045	938.8497062160727	
6439.066400000001	0.021600000000034925	Ripples						0.021600000000034925	6439.0744	5.978295797830158	157.11387379594126	701.37184215849	
6439.9024	0.05520000000069558	Ripples						0.05520000000069558	6439.92	11.305138188163562	159.18647074330232	1082.9167324733457	
6440.4992	0.021600000000034925	Ripples						0.021600000000034925	6440.5104	7.238955687768074	157.86047893209624	857.1737160491888	
6440.9232	0.025599999999940337	Ripples						0.025599999999940337	6440.9352	8.309439891858297	153.36387121615218	896.320496202667	
6443.6848	0.025599999999940337	Ripples						0.025599999999940337	6443.692800000001	6.9589578628559625	154.34674403607795	745.2899552264113	
6445.6584	0.032000000000152795	Ripples						0.032000000000152795	6445.6696	9.227184776614465	156.00775908474137	1005.3030403346447	
6446.6272	0.024800000000141154	Ripples						0.024800000000141154	6446.638400000001	6.501947094702513	156.44709881566052	886.4101856732918	
6447.707200000001	0.03359999999975116	Ripples						0.03359999999975116	6447.732800000001	8.109302284649901	151.7298149746616	723.777662547863	
6463.9336	0.04399999999986903	Ripples						0.04399999999986903	6463.956	11.553289295778645	149.74841950008314	886.2473803256322	
6467.0464	0.03760000000056607	Ripples						0.03760000000056607	6467.073600000001	5.892239018754194	158.80946399861153	858.2742365567387	
6472.3728	0.04399999999986903	Ripples						0.04399999999986903	6472.384	7.160423622279441	161.34521795412425	842.4471648732015	
6493.0208	0.044799999999668216	Ripples						0.044799999999668216	6493.040800000001	19.427446925638534	155.4459213715991	1627.7601656907339	
6502.8936	0.02080000000023574	Ripples						0.02080000000023574	6502.907200000001	6.81883176495623	158.7153048805207	689.6367798135811	
6503.0144	0.024800000000141154	Ripples						0.024800000000141154	6503.0288	10.443863457478137	158.24392316788575	973.4201385427107	
6503.3856000000005	0.03600000000005821	Ripples						0.03600000000005821	6503.3936	5.054955097738673	156.22390333369393	733.5915481462621	
6504.400000000001	0.03679999999985739	Ripples						0.03679999999985739	6504.4224	15.233772105269592	151.26421299321774	1253.442251194246	
6507.8496000000005	0.023199999999633292	Ripples						0.023199999999633292	6507.860000000001	7.53851651454102	163.0492863229665	967.0030159650802	
6512.1016	0.024800000000141154	Ripples						0.024800000000141154	6512.1128	8.033733170524412	151.92728199787496	843.1375994616761	
6518.0968	0.030399999999644933	Ripples						0.030399999999644933	6518.1056	7.22122888735227	152.47673888574596	765.5456863840437	
6522.14	0.028800000000046566	Ripples						0.028800000000046566	6522.152	10.042939059195351	156.01612182716354	879.2652803322219	
6522.5104	0.022399999999834108	Ripples						0.022399999999834108	6522.5184	7.01988959989082	153.6664609733404	726.6224715357453	
6522.58	0.028000000000247383	Ripples						0.028000000000247383	6522.588000000001	7.0342394918319355	157.98739123895774	902.5336549416526	
6522.696	0.03279999999995198	Ripples						0.03279999999995198	6522.714400000001	6.165670156649421	143.36818341170138	610.5689568392575	
6524.0536	0.02959999999984575	Ripples						0.02959999999984575	6524.068	11.887016142416185	156.50872994836175	1201.6603202699291	
6524.336	0.032000000000152795	Ripples						0.032000000000152795	6524.3544	9.666419211686389	152.19654289391474	1024.9243566108667	
6526.2488	0.022399999999834108	Ripples						0.022399999999834108	6526.26	5.84694832402309	155.20657978476132	698.9214224644481	
6537.108	0.02959999999984575	Ripples						0.02959999999984575	6537.1192	5.307240964172588	147.20371777979435	550.8847116556732	
6537.2704	0.03920000000016444	Ripples						0.03920000000016444	6537.2816	8.67696662441066	155.60635077180498	857.1784390446775	
6541.5504	0.03279999999995198	Ripples						0.03279999999995198	6541.573600000001	9.386298332669872	155.0953853143128	856.5675428311824	
6549.4584	0.027199999999538704	Ripples						0.027199999999538704	6549.4728000000005	6.936865947132085	157.44864959662104	857.8739600035841	
6549.8624	0.029600000000755244	Ripples						0.029600000000755244	6549.8752	15.054252944772978	155.6324386704529	1323.4356378199855	
6550.004800000001	0.020799999999326246	Ripples						0.020799999999326246	6550.0184	10.286021366254516	162.56294402231396	934.507620924842	
6550.8712000000005	0.021600000000034925	Ripples						0.021600000000034925	6550.8824	8.891727546348902	155.03538269770317	914.4858731455049	
6573.5560000000005	0.03999999999996362	Ripples						0.03999999999996362	6573.5792	13.396189392009257	150.63945365905454	1080.8718849395173	
6573.7128	0.02959999999984575	Ripples						0.02959999999984575	6573.7272	11.42996146541081	152.55923531413887	989.3941844411846	
6586.417600000001	0.04239999999936117	Ripples						0.04239999999936117	6586.436000000001	6.148790500869866	146.60750604895725	604.3652903862044	
6586.6392000000005	0.03920000000016444	Ripples						0.03920000000016444	6586.6648000000005	12.918952709886879	147.8305036220431	983.4142796573847	
6586.8176	0.047999999999774445	Ripples						0.047999999999774445	6586.8544	7.581240124614581	151.85074224076698	796.8414002924192	
6587.552000000001	0.022399999999834108	Ripples						0.022399999999834108	6587.5672	11.32611111293057	158.9086027173585	944.4465813352372	
6603.261600000001	0.04239999999936117	Ripples						0.04239999999936117	6603.276000000001	23.799145499503496	159.9302824965373	1631.5652129235518	
6603.599200000001	0.030399999999644933	Ripples						0.030399999999644933	6603.608	7.140335733063943	151.38146364759535	726.3893873213375	
6621.232800000001	0.03679999999985739	Ripples						0.03679999999985739	6621.2408000000005	9.528706971551587	155.2682554814008	868.8645347209448	
6621.3504	0.03999999999996362	Ripples						0.03999999999996362	6621.38	12.066749366141156	153.77773372525772	1064.5750618153088	
6621.5	0.022400000000743603	Ripples						0.022400000000743603	6621.5136	6.039152356241733	163.01824086765694	908.5749862601269	
6621.8904	0.025599999999940337	Ripples						0.025599999999940337	6621.9048	15.606796875738121	157.6491743086933	1276.9831027689409	
6662.0	19.0	SleepStates											Awake
6681.6392000000005	0.032000000000152795	Ripples						0.032000000000152795	6681.653600000001	9.922576984667046	155.01247421654077	996.9972707815356	
6682.0	196.0	SleepStates											Non-REM
6685.588000000001	0.023999999999432475	Ripples						0.023999999999432475	6685.6048	5.415740182933087	164.567570452517	841.3262632865194	
6687.9992	0.03600000000005821	Ripples						0.03600000000005821	6688.0104	9.968377422337587	153.67067434530222	1001.9386254808255	
6691.6432	0.022399999999834108	Ripples						0.022399999999834108	6691.6552	5.62181188421969	161.0921283549932	794.5453028649065	
6691.7952000000005	0.05199999999967986	Ripples						0.05199999999967986	6691.8096000000005	12.88283749717059	159.21536629363248	794.5183088140532	
6694.9776	0.04640000000017608	Ripples						0.04640000000017608	6694.9888	10.961564322191366	155.73118663436676	1067.9398634986062	
6695.5488000000005	0.035200000000259024	Ripples						0.035200000000259024	6695.5704000000005	8.868634171860393	154.32807727386987	974.4997129238154	
6704.7488	0.024800000000141154	Ripples						0.024800000000141154	6704.7664	8.648742623195067	154.52796230418983	821.207620434843	
6705.4008	0.032000000000152795	Ripples						0.032000000000152795	6705.416	8.510683729818401	149.97566817958116	798.5429157707837	
6705.844	0.04480000000057771	Ripples						0.04480000000057771	6705.8624	12.945804024967604	153.48746078823234	1262.3966279910378	
6714.765600000001	0.03679999999985739	Ripples						0.03679999999985739	6714.7744	7.740755733156116	161.84271906513018	902.0542226937248	
6717.0928	0.10639999999966676	Ripples						0.10639999999966676	6717.1072	7.996835610154332	158.56622679339503	806.4125173593719	
6723.9448	0.023200000000542786	Ripples						0.023200000000542786	6723.9568	5.492696694700702	156.64474963738112	695.4296486331388	
6729.3136	0.024800000000141154	Ripples						0.024800000000141154	6729.328	12.23601265219187	165.26266800636216	1235.055578611065	
6729.4928	0.04160000000047148	Ripples						0.04160000000047148	6729.5016000000005	5.484651276753824	156.09314812207455	752.9000148238464	
6729.620800000001	0.0455999999994674	Ripples						0.0455999999994674	6729.635200000001	12.923565585094037	154.6230163301235	1224.7441120039616	
6729.76	0.03679999999985739	Ripples						0.03679999999985739	6729.7736	14.174673196847658	155.89930963603965	1303.5208828467576	
6735.4448	0.044799999999668216	Ripples						0.044799999999668216	6735.479200000001	9.273710534248007	164.08212741137416	1213.851839078821	
6742.606400000001	0.04320000000006985	Ripples						0.04320000000006985	6742.635200000001	8.06241817437615	148.7302580284936	820.6503396691986	
6749.026400000001	0.031199999999444117	Ripples						0.031199999999444117	6749.0416000000005	9.703209676849855	157.48883763744706	1140.5566318467934	
6749.312	0.042400000000270666	Ripples						0.042400000000270666	6749.3264	14.294985854311292	153.87555714345734	1156.1929344439045	
6749.7664	0.03839999999945576	Ripples						0.03839999999945576	6749.7784	10.39304122978277	157.5741574724241	974.1523321282234	
6750.0528	0.028000000000247383	Ripples						0.028000000000247383	6750.0656	5.718230682273059	144.22145513269646	531.1281618199749	
6750.268	0.028000000000247383	Ripples						0.028000000000247383	6750.276000000001	7.207449436686833	156.28497983613903	846.1815269881037	
6760.9312	0.032000000000152795	Ripples						0.032000000000152795	6760.9552	5.274311279416024	160.97031173471785	606.5878684706464	
6761.059200000001	0.03279999999995198	Ripples						0.03279999999995198	6761.0816	7.723252724511903	163.34198310767403	953.1114687285999	
6771.428	0.028800000000046566	Ripples						0.028800000000046566	6771.4456	10.243320425032374	159.23479724248566	1139.3915463154306	
6771.599200000001	0.03359999999975116	Ripples						0.03359999999975116	6771.6104000000005	6.238720501848228	162.58421628922514	1024.3386392138739	
6800.2096	0.02400000000034197	Ripples						0.02400000000034197	6800.2264000000005	9.093416991279856	161.76824009884703	974.8063135167807	
6802.7352	0.03120000000035361	Ripples						0.03120000000035361	6802.7464	9.192053378507692	159.48564716801994	1029.638578324744	
6802.876	0.02959999999984575	Ripples						0.02959999999984575	6802.892000000001	9.385281536601946	162.2400012694038	1125.7465054951133	
6806.192	0.03440000000045984	Ripples						0.03440000000045984	6806.2096	11.472209399441878	152.19741028569553	1032.2786897153217	
6806.5112	0.0543999999999869	Ripples						0.0543999999999869	6806.5232000000005	9.822659741295714	156.4485886541644	829.8813003121059	
6811.457600000001	0.0319999999992433	Ripples						0.0319999999992433	6811.468800000001	6.8978728806035186	150.96321211113627	832.8489234151417	
6827.284000000001	0.03279999999995198	Ripples						0.03279999999995198	6827.298400000001	23.940928525806218	158.9154997953239	1606.8915269116214	
6828.7344	0.048800000000483124	Ripples						0.048800000000483124	6828.7536	9.44876911355058	153.07348108309696	689.2579098435574	
6839.649600000001	0.023199999999633292	Ripples						0.023199999999633292	6839.6648000000005	8.655944999732206	158.99532975955015	936.8102826917378	
6863.3688	0.03279999999995198	Ripples						0.03279999999995198	6863.3864	10.089178853581146	148.73152052196454	988.1145493664997	
6866.032	0.042400000000270666	Ripples						0.042400000000270666	6866.0392	6.050677131695743	159.76893381974796	766.4086735356848	
6866.1592	0.045600000000376895	Ripples						0.045600000000376895	6866.1768	12.238533064277535	157.5815208995634	1371.5963454374614	
6866.924	0.024800000000141154	Ripples						0.024800000000141154	6866.9352	5.8883787918029515	160.77546124599365	885.0306204202303	
6867.055200000001	0.03999999999996362	Ripples						0.03999999999996362	6867.069600000001	18.024320680264683	151.29420022495438	1255.8957209804305	
6871.2392	0.028800000000046566	Ripples						0.028800000000046566	6871.2536	7.993070112005787	151.79660052860598	855.8380603201695	
6871.5496	0.030399999999644933	Ripples						0.030399999999644933	6871.562400000001	5.758013815818009	145.8010056714249	591.6668771787768	
6871.712	0.04399999999986903	Ripples						0.04399999999986903	6871.72	5.237838184924455	156.13085127026608	851.2451743382672	
6873.044000000001	0.02639999999973952	Ripples						0.02639999999973952	6873.059200000001	6.178119795236381	151.7976727485361	711.9900906156856	
6873.768	0.03440000000045984	Ripples						0.03440000000045984	6873.7784	9.473729270714799	166.79956395665332	922.5124904877844	
6875.3296	0.029600000000755244	Ripples						0.029600000000755244	6875.3408	6.054848301787622	157.15376316750346	622.1093898710672	
6879.0	13.0	SleepStates											Awake
6893.0	60.0	SleepStates											Non-REM
6899.791200000001	0.04719999999997526	Ripples						0.04719999999997526	6899.8168000000005	10.02128032498541	143.0637151734649	892.1944933894857	
6907.2496	0.04480000000057771	Ripples						0.04480000000057771	6907.283200000001	6.535986565994708	158.32459273425852	794.3830544328976	
6913.4224	0.03279999999995198	Ripples						0.03279999999995198	6913.4304	6.997722686506492	154.79184385768914	794.6344525651974	
6915.628000000001	0.04239999999936117	Ripples						0.04239999999936117	6915.660800000001	16.09545568165281	159.3428075739496	1287.3378406093186	
6915.928	0.04480000000057771	Ripples						0.04480000000057771	6915.944	5.390934256941516	148.65653824055323	533.5748391089533	
6922.424	0.032000000000152795	Ripples						0.032000000000152795	6922.4352	7.798715247061578	154.98522396262487	949.5721390297209	
6925.572	0.032000000000152795	Ripples						0.032000000000152795	6925.5864	15.376410418048179	155.28091071173378	1263.0597586290523	
6936.256	0.03120000000035361	Ripples						0.03120000000035361	6936.2648	5.162137580620983	158.36628451430047	652.8084321342808	
6939.244000000001	0.03359999999975116	Ripples						0.03359999999975116	6939.2624000000005	12.124034049387113	150.2122252707788	942.1899705643032	
6941.830400000001	0.0319999999992433	Ripples						0.0319999999992433	6941.848	14.178841575108436	155.09783481745393	1134.1173180991998	
6954.0	169.0	SleepStates											REM
7124.0	1435.0	SleepStates											Awake
7162.6072	0.08879999999953725	Ripples						0.08879999999953725	7162.6296	6.208575719740561	144.80877394166353	628.4690260259406	
7162.8	0.032000000000152795	Ripples						0.032000000000152795	7162.8136	10.25200446996672	155.0107859384447	1072.2058909574105	
7166.8856000000005	0.02959999999984575	Ripples						0.02959999999984575	7166.899200000001	10.037067987350074	162.90524972508547	1165.7141224400539	
7179.0464	0.02400000000034197	Ripples						0.02400000000034197	7179.0608	5.121703384651696	159.68409247228	822.7765866468253	
7201.292	0.023199999999633292	Ripples						0.023199999999633292	7201.3008	6.120477330140677	161.42682902545354	823.255742230013	
7206.904	0.03279999999995198	Ripples						0.03279999999995198	7206.920800000001	20.31561507442133	169.50171400307298	1660.814819159352	
7208.3952	0.04640000000017608	Ripples						0.04640000000017608	7208.413600000001	10.626250158206568	144.9252788516073	877.3031239590114	
7208.812800000001	0.024800000000141154	Ripples						0.024800000000141154	7208.828	6.474625658759095	152.80124540277333	747.1373671196837	
7211.9416	0.04320000000006985	Ripples						0.04320000000006985	7211.956	16.39384483687626	160.1694169333129	1425.9532668538388	
7212.2032	0.06480000000010477	Ripples						0.06480000000010477	7212.2464	10.990553490929864	149.721974111776	830.2232457620403	
7463.5392	0.02080000000023574	Ripples						0.02080000000023574	7463.5504	5.580097377023111	165.16067475594934	823.3823260917876	
7463.6696	0.021600000000034925	Ripples						0.021600000000034925	7463.684	6.209702557029785	153.07671589595125	766.9245098551783	
7474.558400000001	0.027199999999538704	Ripples						0.027199999999538704	7474.569600000001	13.900772431372681	165.5238248203517	1227.4989257007533	
7480.2632	0.03920000000016444	Ripples						0.03920000000016444	7480.292	12.149059522919728	152.26201619722625	1088.134713319068	
7505.0064	0.035200000000259024	Ripples						0.035200000000259024	7505.0168	8.035330206041275	157.62235010438758	1007.1959979968158	
7506.993600000001	0.04399999999986903	Ripples						0.04399999999986903	7507.0232000000005	11.75786059947189	162.7192086860704	1137.1225787663484	
7519.1368	0.05760000000009313	Ripples						0.05760000000009313	7519.18	16.442656426802145	155.7217229574077	1372.3576682902499	
7538.852000000001	0.04399999999986903	Ripples						0.04399999999986903	7538.8688	7.946393681289389	163.6864362140052	1047.0502363614723	
7538.964	0.04160000000047148	Ripples						0.04160000000047148	7538.9856	12.786901742178726	155.3124919107636	1309.9005833282085	
7541.7496	0.056000000000494765	Ripples						0.056000000000494765	7541.772	11.634547669997215	155.5833913423081	815.4023049523884	
7541.8856000000005	0.025599999999940337	Ripples						0.025599999999940337	7541.8976	6.1939912288022745	153.04435578107785	738.3725289524649	
7551.396000000001	0.05199999999967986	Ripples						0.05199999999967986	7551.4264	12.313761015678228	151.32311244326024	1244.6458509883262	
7556.26	0.03999999999996362	Ripples						0.03999999999996362	7556.2808	18.852078080209484	162.4002409454231	1622.1579611731242	
7560.6016	0.08080000000063592	Ripples						0.08080000000063592	7560.6488	12.79843987532753	151.84418247498672	1234.0039583467099	
7560.8616	0.059200000000600994	Ripples						0.059200000000600994	7560.900000000001	14.806226564932944	153.3199243804072	1408.5071092925884	
7562.479200000001	0.027199999999538704	Ripples						0.027199999999538704	7562.4928	8.93335211435378	160.88781048404422	1087.2864621732253	
7563.5232000000005	0.028000000000247383	Ripples						0.028000000000247383	7563.540800000001	5.246864255586186	154.57727885431444	794.804503413802	
7563.624000000001	0.02479999999923166	Ripples						0.02479999999923166	7563.635200000001	9.111523521824662	155.01517820820172	914.9527334904873	
7583.4328000000005	0.042400000000270666	Ripples						0.042400000000270666	7583.444	8.24237055375925	155.2968304034117	1020.913016874998	
7583.671200000001	0.030399999999644933	Ripples						0.030399999999644933	7583.6832	11.632273124201129	155.2969407380919	1106.5910701148794	
7583.7552000000005	0.05040000000008149	Ripples						0.05040000000008149	7583.768800000001	8.889691671314418	161.00465917169834	1165.2159584309122	
7610.1904	0.03600000000005821	Ripples						0.03600000000005821	7610.1976	5.514039737712459	155.49646873242733	764.7431039867665	
7610.328	0.022399999999834108	Ripples						0.022399999999834108	7610.3392	6.575412738220175	161.26789539148496	911.8742076368127	
7617.544000000001	0.031199999999444117	Ripples						0.031199999999444117	7617.5648	9.183373026528905	156.4256633156377	1064.0374801949765	
7628.0688	0.032000000000152795	Ripples						0.032000000000152795	7628.0864	6.574597168175281	150.5700314673474	840.1822697872085	
7628.5872	0.03280000000086147	Ripples						0.03280000000086147	7628.6088	9.225433497959035	171.7320033850307	1082.758837071929	
7654.222400000001	0.04320000000006985	Ripples						0.04320000000006985	7654.258400000001	5.237112942380854	152.5938422358968	726.1059801177255	
7658.4192	0.02080000000023574	Ripples						0.02080000000023574	7658.4264	6.179714392674332	161.76481898263717	880.3797506886026	
7658.5704000000005	0.04320000000006985	Ripples						0.04320000000006985	7658.602400000001	8.867511220002221	155.7704512403547	1027.599954263994	
7665.5944	0.02400000000034197	Ripples						0.02400000000034197	7665.6088	7.509291703433375	164.57958562800752	1028.0605137772118	
7665.7168	0.03440000000045984	Ripples						0.03440000000045984	7665.7352	22.228593252839488	159.0426073849198	1699.7249511034224	
7666.504000000001	0.031199999999444117	Ripples						0.031199999999444117	7666.5216	6.779013469720556	156.2929317149247	951.0740478568657	
7678.029600000001	0.025599999999940337	Ripples						0.025599999999940337	7678.040800000001	12.053138408305074	162.85581033947642	1260.833244633477	
7678.453600000001	0.027199999999538704	Ripples						0.027199999999538704	7678.464800000001	7.36702364094489	165.1891514796681	1021.9420666770555	
7690.251200000001	0.023199999999633292	Ripples						0.023199999999633292	7690.261600000001	7.738802296592302	163.04636111092046	977.3450121077312	
7694.4856	0.03120000000035361	Ripples						0.03120000000035361	7694.5	16.615053933491314	158.94939551650353	1401.655043911596	
7695.4736	0.025599999999940337	Ripples						0.025599999999940337	7695.4888	8.42384945385896	159.64221374651424	978.1710656366603	
7701.9624	0.030399999999644933	Ripples						0.030399999999644933	7701.9768	10.387035840854157	167.97060548562428	1162.2565627876395	
7714.4496	0.024800000000141154	Ripples						0.024800000000141154	7714.4672	6.2313437790691	158.15200984034362	893.5379894995524	
7718.8504	0.037599999999656575	Ripples						0.037599999999656575	7718.8648	7.5375985070774885	160.63077366319712	1128.770294642255	
7744.2056	0.028800000000046566	Ripples						0.028800000000046566	7744.2168	6.763742505407014	157.55793530993938	869.5973236969477	
7746.84	0.09439999999995052	Ripples						0.09439999999995052	7746.860000000001	18.12296528097908	160.50849022809925	1576.6942847763673	
7746.996800000001	0.050399999999171996	Ripples						0.050399999999171996	7747.0136	23.77034927899252	157.53438686910363	1743.8522048912976	
7752.9488	0.05040000000008149	Ripples						0.05040000000008149	7752.979200000001	16.977028470080672	161.9051790557981	1536.5709776643619	
7753.9568	0.025600000000849832	Ripples						0.025600000000849832	7753.968000000001	6.946027083882729	155.45690481442946	788.1184307788013	
7760.692	0.036800000000766886	Ripples						0.036800000000766886	7760.7208	5.117545628721019	158.45422959128263	688.7504458333009	
7769.6392000000005	0.02639999999973952	Ripples						0.02639999999973952	7769.652800000001	10.863279312458317	164.9831089220324	1127.3817693186406	
7781.388800000001	0.07119999999940774	Ripples						0.07119999999940774	7781.404	15.585683599795779	155.42003875995988	1315.5496011705889	
7781.5544	0.04719999999997526	Ripples						0.04719999999997526	7781.5784	16.036768767412845	154.75512807055705	1518.2650528353056	
7800.816000000001	0.03919999999925494	Ripples						0.03919999999925494	7800.8424	11.064847531584956	160.14099403414858	1238.1176487018827	
7804.5536	0.022399999999834108	Ripples						0.022399999999834108	7804.568	10.153005479689797	159.77151635533198	1053.6419441911112	
7808.496	0.03679999999985739	Ripples						0.03679999999985739	7808.52	10.471338965656036	158.96635750299393	1160.2260812070924	
7810.8064	0.02639999999973952	Ripples						0.02639999999973952	7810.823200000001	6.668134438807152	168.2329774624138	929.7998992366006	
7815.345600000001	0.023199999999633292	Ripples						0.023199999999633292	7815.359200000001	9.28903201028542	168.58868831912335	1040.8390126635256	
7833.794400000001	0.046399999999266583	Ripples						0.046399999999266583	7833.8	5.820119002958219	168.91206935620485	696.7185361052999	
7861.928000000001	0.0319999999992433	Ripples						0.0319999999992433	7861.943200000001	11.94264012890968	158.43281669406295	1229.725582491386	
7862.0688	0.04640000000017608	Ripples						0.04640000000017608	7862.1016	17.045020910188978	163.69167187604216	1520.017195991564	
7868.1	0.040799999999762804	Ripples						0.040799999999762804	7868.120800000001	10.472021040556864	155.3900026213989	1278.3893037685773	
7878.160000000001	0.04959999999937281	Ripples						0.04959999999937281	7878.188800000001	21.236646186717945	161.56342687965116	1707.2895957267067	
7887.5104	0.028000000000247383	Ripples						0.028000000000247383	7887.5216	12.337472396130075	163.14444808476006	1215.9385140455859	
7887.8256	0.04640000000017608	Ripples						0.04640000000017608	7887.8616	18.202183390208745	165.37899772282535	1504.9162937487615	
7890.5	0.029600000000755244	Ripples						0.029600000000755244	7890.5136	9.387277999082416	160.62757766308542	1123.4575084511198	
7910.492	0.10159999999996217	Ripples						0.10159999999996217	7910.504000000001	7.903098329760824	150.81491878722392	885.7580967483158	
7910.6192	0.02400000000034197	Ripples						0.02400000000034197	7910.6304	6.173695566407251	160.73662992410627	893.2385776943978	
7913.0864	0.03360000000066066	Ripples						0.03360000000066066	7913.106400000001	8.713017047780689	158.77252476066192	1148.483603872557	
7913.42	0.02400000000034197	Ripples						0.02400000000034197	7913.4304	8.112684441246941	164.09935509286757	988.0592817421364	
7921.972000000001	0.05279999999947904	Ripples						0.05279999999947904	7922.0144	14.349992300808877	161.50524242841155	1321.1784560111303	
7923.212	0.05760000000009313	Ripples						0.05760000000009313	7923.2344	12.024365645220625	155.13927340645603	1192.115111006096	
7924.572800000001	0.040799999999762804	Ripples						0.040799999999762804	7924.5968	7.926716655785383	157.27891724644707	1156.0996164453725	
7937.72	0.032000000000152795	Ripples						0.032000000000152795	7937.740000000001	7.315509013450621	163.81620860331765	1019.5649986810556	
7950.0	0.03120000000035361	Ripples						0.03120000000035361	7950.0144	8.694139041799943	158.42967155606132	1033.1186627796806	
7953.841600000001	0.021600000000034925	Ripples						0.021600000000034925	7953.8496000000005	5.74906790985605	159.75132371924553	768.0586849224732	
7974.160000000001	0.0319999999992433	Ripples						0.0319999999992433	7974.178400000001	6.644572569134773	152.6464325120027	870.5105764062077	
7978.3	0.04160000000047148	Ripples						0.04160000000047148	7978.3248	20.217886123774406	155.57516181648435	1629.3816387780084	
7990.6464000000005	0.034399999999550346	Ripples						0.034399999999550346	7990.6584	16.380510977304862	153.53045860649635	1248.1203918589965	
8002.124000000001	0.023999999999432475	Ripples						0.023999999999432475	8002.135200000001	6.223196952275181	160.73571028172304	985.2628085704924	
8003.946400000001	0.044799999999668216	Ripples						0.044799999999668216	8003.960800000001	13.132398441879857	159.76195457494248	1291.8206877929229	
8010.1872	0.08719999999993888	Ripples						0.08719999999993888	8010.2672	10.178166732508052	155.25634016969997	1026.2050497348105	
8043.776000000001	0.037599999999656575	Ripples						0.037599999999656575	8043.791200000001	5.211664462811259	150.9781548174761	566.6515635659443	
8046.3248	0.03359999999975116	Ripples						0.03359999999975116	8046.336	8.852406346545274	162.9314635217446	1060.6948214379004	
8090.7416	0.056000000000494765	Ripples						0.056000000000494765	8090.761600000001	18.261100246702615	164.8545370594205	1346.5007324645755	
8090.888000000001	0.05759999999918364	Ripples						0.05759999999918364	8090.9328000000005	9.121661864261693	154.8847424160245	998.6786706489686	
8093.138400000001	0.061599999999998545	Ripples						0.061599999999998545	8093.168000000001	25.60807604463243	160.09718885009056	1815.8680607819792	
8095.9488	0.0272000000004482	Ripples						0.0272000000004482	8095.9616000000005	12.19119330337572	156.93876867489047	1182.4172569096809	
8096.0712	0.040799999999762804	Ripples						0.040799999999762804	8096.0856	15.467776716151475	161.97739611415724	1442.6202905389325	
8097.757600000001	0.02879999999913707	Ripples						0.02879999999913707	8097.772800000001	13.402032460529435	169.72659989064584	1296.7675057713752	
8100.642400000001	0.022399999999834108	Ripples						0.022399999999834108	8100.6504	8.095799357046525	157.93633184770127	927.6846333825094	
8104.264800000001	0.02639999999973952	Ripples						0.02639999999973952	8104.280000000001	10.90024455976585	171.6694522397637	1025.641889900724	
8104.38	0.03760000000056607	Ripples						0.03760000000056607	8104.396000000001	24.921762609370226	170.26932831120348	1789.1563507724375	
8108.120800000001	0.07119999999940774	Ripples						0.07119999999940774	8108.134400000001	16.78223904620549	162.10839913951855	1539.255669246725	
8108.380800000001	0.04879999999957363	Ripples						0.04879999999957363	8108.3984	15.298222648451407	159.8167411618957	1485.7721764506746	
8108.790400000001	0.023199999999633292	Ripples						0.023199999999633292	8108.805600000001	7.102781331261611	158.32156793131222	849.6996939745683	
8108.9744	0.029600000000755244	Ripples						0.029600000000755244	8108.986400000001	8.09231642269542	152.77334444503254	891.1005219549619	
8113.348	0.14000000000032742	Ripples						0.14000000000032742	8113.4336	22.92047975886401	158.22552376922624	1711.158357593527	
8113.5384	0.06000000000040018	Ripples						0.06000000000040018	8113.5752	7.649733158085425	151.6883470078673	967.7055877779726	
8521.7224	0.05199999999967986	Ripples						0.05199999999967986	8521.7576	13.603989587446723	164.21081174060774	1408.3974124909312	
8525.097600000001	0.02719999999862921	Ripples						0.02719999999862921	8525.111200000001	10.102665709731754	170.35760503548843	1076.7556827103253	
8528.152	0.030399999999644933	Ripples						0.030399999999644933	8528.1664	13.4925317021665	160.48303358092994	1285.8900344176839	
8528.2872	0.1047999999991589	Ripples						0.1047999999991589	8528.2984	11.44282633191108	158.46881841457326	1276.982268501407	
8530.6008	0.0408000000006723	Ripples						0.0408000000006723	8530.6144	19.45558427986324	172.10443314811633	1428.8151399683413	
8531.220000000001	0.06719999999950232	Ripples						0.06719999999950232	8531.2616	15.031048775672046	159.08758372619366	1482.1658796487009	
8535.7368	0.035200000000259024	Ripples						0.035200000000259024	8535.7592	9.382751169594671	164.8944499586514	1107.789661549029	
8538.5704	0.02080000000023574	Ripples						0.02080000000023574	8538.5816	6.7457814397413545	158.5518001900018	907.7328269248036	
8538.6152	0.037599999999656575	Ripples						0.037599999999656575	8538.6432	8.824240714495444	154.79414606351472	817.8702059363424	
8538.734400000001	0.06799999999930151	Ripples						0.06799999999930151	8538.7616	11.004954137335305	153.88709697856547	857.5509201172631	
8538.8488	0.025600000000849832	Ripples						0.025600000000849832	8538.8664	8.401110398752778	156.64527064370458	829.9158952421304	
8542.2048	0.025600000000849832	Ripples						0.025600000000849832	8542.2184	9.820022994887841	170.114791482938	1099.2679965495336	
8548.0448	0.028800000000046566	Ripples						0.028800000000046566	8548.0584	8.582795997548043	164.87239719658322	1099.5828170339214	
8551.2312	0.028800000000046566	Ripples						0.028800000000046566	8551.2464	20.600353216521697	162.69512626614411	1643.539737609565	
8551.284	0.020000000000436557	Ripples						0.020000000000436557	8551.2944	6.678389747601207	164.62366012014877	924.5781829539246	
8551.4472	0.056000000000494765	Ripples						0.056000000000494765	8551.4928	12.713603689994152	161.050061011629	1276.6035400361138	
8556.8048	0.03920000000107393	Ripples						0.03920000000107393	8556.8272	8.642068819651131	159.12890994660086	1045.8808635098933	
8556.9352	0.040000000000873115	Ripples						0.040000000000873115	8556.9496	7.374367777145779	152.7681100732869	754.7631391587867	
8560.0	1000.0	SleepStates											Non-REM
8567.5992	0.035200000000259024	Ripples						0.035200000000259024	8567.616	12.18987174156093	170.51401088922094	1236.5434529536446	
8567.7224	0.0319999999992433	Ripples						0.0319999999992433	8567.741600000001	16.362122753085597	171.66784038367945	1396.3596146676684	
8575.328800000001	0.0455999999994674	Ripples						0.0455999999994674	8575.358400000001	17.170183979299477	162.1501780000186	1588.3402802292696	
8575.4568	0.07200000000011642	Ripples						0.07200000000011642	8575.504	17.413480587659837	162.84560720638706	1647.1936216733209	
8576.3632	0.047200000000884756	Ripples						0.047200000000884756	8576.380000000001	15.000998757052082	166.85846646382802	1339.2054828357823	
8579.582400000001	0.03439999999864085	Ripples						0.03439999999864085	8579.6096	5.252972609240914	148.19524070786522	656.2616885493683	
8579.7184	0.06720000000132131	Ripples						0.06720000000132131	8579.7408	10.209916331089444	156.71483059909843	1218.2299672287486	
8582.284800000001	0.05999999999949068	Ripples						0.05999999999949068	8582.315200000001	13.893466874396347	164.57003968892894	1337.4339041232004	
8582.8344	0.028800000000046566	Ripples						0.028800000000046566	8582.8496	11.418236888761474	169.32763273644792	1128.6581052440415	
8582.9464	0.048800000000483124	Ripples						0.048800000000483124	8582.9784	5.41164956869458	155.40399567130967	727.9466358849758	
8587.7824	0.07760000000052969	Ripples						0.07760000000052969	8587.8456	7.192614949836668	154.66767185601609	750.8027270926531	
8587.937600000001	0.02959999999984575	Ripples						0.02959999999984575	8587.9488	10.851419787626387	166.4058820358244	1244.9261347961958	
8594.5768	0.044799999999668216	Ripples						0.044799999999668216	8594.596800000001	11.926790091693132	155.63244405106283	1168.1936626782351	
8594.7392	0.03280000000086147	Ripples						0.03280000000086147	8594.7536	11.208953229731964	151.4574638613881	1028.7136775194851	
8597.1296	0.044799999999668216	Ripples						0.044799999999668216	8597.1632	15.36332766345997	154.25934497499532	1275.2196634952495	
8597.3048	0.03440000000045984	Ripples						0.03440000000045984	8597.3232	18.096226804406967	160.39000884641115	1583.2592237434476	
8603.503200000001	0.08319999999912397	Ripples						0.08319999999912397	8603.5632	19.097579909997762	157.03572386237136	1741.141403232668	
8604.7176	0.040000000000873115	Ripples						0.040000000000873115	8604.728000000001	5.54725501563009	167.11168511078347	632.3150614948997	
8606.1608	0.03280000000086147	Ripples						0.03280000000086147	8606.18	8.846231353871701	153.23775200198816	883.9366692810672	
8608.052800000001	0.035199999998440035	Ripples						0.035199999998440035	8608.0776	22.176333585166365	165.71889801819134	1568.9295363787958	
8608.2232	0.05279999999947904	Ripples						0.05279999999947904	8608.241600000001	13.17272809986245	160.6658109023888	1281.0045954119441	
8608.879200000001	0.0319999999992433	Ripples						0.0319999999992433	8608.900800000001	13.670571570736662	152.07372215803125	1015.3062487122929	
8611.9048	0.053599999999278225	Ripples						0.053599999999278225	8611.9512	7.910747252911068	154.63165588412465	787.2643794483764	
8612.5912	0.07200000000011642	Ripples						0.07200000000011642	8612.6528	11.911920382258073	165.91805035582797	1202.422463044291	
8612.7608	0.037599999999656575	Ripples						0.037599999999656575	8612.777600000001	20.84149990143506	155.2388237378644	1499.9032706914966	
8613.576000000001	0.030399999999644933	Ripples						0.030399999999644933	8613.5936	6.4147385146924245	156.21584501114205	995.4473073689755	
8614.2264	0.11520000000018626	Ripples						0.11520000000018626	8614.2752	7.773984803455281	159.28865019914747	644.6623157935802	
8630.4848	0.06719999999950232	Ripples						0.06719999999950232	8630.516800000001	18.245233566382392	158.3621259835241	1684.6233918712965	
8631.016	0.03920000000107393	Ripples						0.03920000000107393	8631.0296	11.256718707203245	164.39272944916	1229.009861721461	
8631.5792	0.0455999999994674	Ripples						0.0455999999994674	8631.6104	8.514425927833479	154.96515852563303	1015.6162178326941	
8632.112000000001	0.026399999998830026	Ripples						0.026399999998830026	8632.1248	7.456919653195173	161.6762263471151	1012.421724154419	
8632.476	0.028000000000247383	Ripples						0.028000000000247383	8632.484	6.9061098259838385	157.14033920409543	825.5326193791357	
8636.807200000001	0.04959999999846332	Ripples						0.04959999999846332	8636.8272	12.790007652090543	161.06180410488267	1440.324479818836	
8637.5984	0.06480000000010477	Ripples						0.06480000000010477	8637.6064	6.7288012944683	156.1491150412166	887.557759694931	
8637.8464	0.0408000000006723	Ripples						0.0408000000006723	8637.8624	18.319657296152656	161.74619011598995	1514.675982867501	
8637.988800000001	0.02959999999984575	Ripples						0.02959999999984575	8638.0008	6.156247235868334	150.8409008839275	778.0570936504978	
8638.111200000001	0.0591999999996915	Ripples						0.0591999999996915	8638.1464	17.411295183046803	149.50648233571383	1385.7768626260354	
8638.285600000001	0.023999999999432475	Ripples						0.023999999999432475	8638.2968	12.77095130189865	162.56414575314582	1293.9811777449659	
8644.5224	0.040000000000873115	Ripples						0.040000000000873115	8644.5496	11.759876854623485	157.95536332939486	1256.0325466666568	
8645.879200000001	0.0319999999992433	Ripples						0.0319999999992433	8645.904	5.465771733133004	149.50089369648154	677.72999296888	
8648.672	0.03600000000005821	Ripples						0.03600000000005821	8648.683200000001	8.808146372149189	151.1566393802365	935.9828239409997	
8653.4616	0.10159999999996217	Ripples						0.10159999999996217	8653.4976	15.663899752253197	151.71000845701414	1487.0704998018168	
8653.6376	0.03920000000107393	Ripples						0.03920000000107393	8653.664	15.812683683636688	156.8485821633759	1321.7643248604952	
8653.7528	0.023199999999633292	Ripples						0.023199999999633292	8653.763200000001	8.323190146286626	160.33219218078455	951.0806016533211	
8654.692000000001	0.0319999999992433	Ripples						0.0319999999992433	8654.704	17.70108133988548	158.1961782646208	1438.0093288114215	
8655.1488	0.032799999999042484	Ripples						0.032799999999042484	8655.1712	13.829816620081434	163.2724309415283	1275.9642529558046	
8656.6784	0.04399999999986903	Ripples						0.04399999999986903	8656.6976	19.206159168987256	158.35824092333976	1397.8286964897839	
8658.908800000001	0.04799999999886495	Ripples						0.04799999999886495	8658.9352	11.373287911910165	150.8356556788397	844.6256858343068	
8659.1528	0.028800000000046566	Ripples						0.028800000000046566	8659.1672	5.401188364984556	151.16216656894338	788.8816621663002	
8660.6064	0.02080000000023574	Ripples						0.02080000000023574	8660.6168	9.29373684819177	158.82924697673755	907.4451231689987	
8660.7104	0.04560000000128639	Ripples						0.04560000000128639	8660.7248	11.876613703125454	159.415080031909	1168.5546474102762	
8660.908000000001	0.03359999999884167	Ripples						0.03359999999884167	8660.92	11.631599888322976	154.04154783656793	1019.8910385556449	
8661.5768	0.05519999999887659	Ripples						0.05519999999887659	8661.6096	22.220196809611878	157.8728534621093	1858.339422978137	
8661.7	0.035200000000259024	Ripples						0.035200000000259024	8661.7192	17.660255527833193	168.00892209235664	1576.7760766635622	
8663.236	0.046399999999266583	Ripples						0.046399999999266583	8663.2696	8.453898217777452	169.23304516156975	916.1336637962977	
8663.3376	0.03839999999945576	Ripples						0.03839999999945576	8663.357600000001	15.745011098948723	167.68540339437564	1521.4394527788509	
8670.144	0.031199999999444117	Ripples						0.031199999999444117	8670.161600000001	9.16722688671735	155.86642657751065	957.69942253602	
8672.1704	0.03600000000005821	Ripples						0.03600000000005821	8672.196	14.966042859124785	159.7238306514711	1187.9660035417298	
8676.596	0.04160000000047148	Ripples						0.04160000000047148	8676.6136	21.8953960445957	157.49415695483057	1711.7222133981493	
8676.6856	0.02080000000023574	Ripples						0.02080000000023574	8676.6952	6.464017088093164	153.65013458575075	644.2927148236257	
8676.752	0.023199999999633292	Ripples						0.023199999999633292	8676.768	8.408591348869438	163.79304619552767	1024.3436116711068	
8678.608	0.04640000000108557	Ripples						0.04640000000108557	8678.6416	8.268626995878424	157.31769891382177	966.7275120420463	
8681.5	0.04960000000028231	Ripples						0.04960000000028231	8681.516	19.957468987585578	162.66641738660752	1591.4158728662421	
8682.4864	0.03440000000045984	Ripples						0.03440000000045984	8682.5008	9.004021135074456	160.63484196502924	1180.4378522153786	
8689.9544	0.03679999999985739	Ripples						0.03679999999985739	8689.968	9.227372411137306	157.47075266240992	1064.0122719269123	
8690.155200000001	0.025599999999030842	Ripples						0.025599999999030842	8690.1704	7.5711669625118345	157.44476129502712	949.7490120128332	
8691.169600000001	0.03439999999864085	Ripples						0.03439999999864085	8691.1808	6.513686401090739	160.74032256780558	936.1083311290442	
8697.0848	0.03440000000045984	Ripples						0.03440000000045984	8697.096	7.619703582887964	167.4974672983282	791.0137285617615	
8699.1096	0.03280000000086147	Ripples						0.03280000000086147	8699.1248	7.543669458890439	155.28089775054553	785.5563150790906	
8699.3048	0.02959999999984575	Ripples						0.02959999999984575	8699.3184	20.655677416426062	164.33915709829202	1574.804007025762	
8699.5192	0.06959999999889988	Ripples						0.06959999999889988	8699.5512	16.68245398929975	153.40007831045284	1522.8691523814573	
8704.1024	0.04800000000068394	Ripples						0.04800000000068394	8704.132	14.527688336077057	152.2738219243036	1195.0954315037013	
8704.24	0.028800000000046566	Ripples						0.028800000000046566	8704.2552	19.641254725255305	164.76546028486266	1631.6602752600993	
8707.16	0.031200000001263106	Ripples						0.031200000001263106	8707.1776	18.981214790073263	158.37859697229203	1533.955691933202	
8707.3176	0.030399999999644933	Ripples						0.030399999999644933	8707.3264	7.339684946147466	150.84951236212638	805.8492136082755	
8707.466400000001	0.06879999999910069	Ripples						0.06879999999910069	8707.5072	6.108203708323825	145.3727526704386	629.1172348503103	
8713.136	0.040000000000873115	Ripples						0.040000000000873115	8713.1656	5.88283911986287	154.36182616052434	771.4009145784794	
8730.0808	0.028000000000247383	Ripples						0.028000000000247383	8730.0952	5.606120431480804	154.25493659036633	862.8414295125782	
8730.249600000001	0.031199999999444117	Ripples						0.031199999999444117	8730.263200000001	10.52925752015133	159.77480203546196	1158.5866532439277	
8730.3304	0.06400000000030559	Ripples						0.06400000000030559	8730.3744	14.345759568552852	154.22581564601685	1260.1361904601454	
8730.4704	0.031199999999444117	Ripples						0.031199999999444117	8730.4848	9.069002371531239	155.73608749520068	1059.2028170120454	
8730.6432	0.02479999999923166	Ripples						0.02479999999923166	8730.654400000001	9.885601504979244	155.84909893229704	1036.4911893118715	
8731.2368	0.028800000000046566	Ripples						0.028800000000046566	8731.2512	11.96343943670141	157.83931366476907	1228.7996363820437	
8736.9928	0.022399999999834108	Ripples						0.022399999999834108	8737.0008	9.023622435474417	157.15538409276292	960.9903134433814	
8743.966400000001	0.02479999999923166	Ripples						0.02479999999923166	8743.980800000001	14.222104004956416	161.61095509628214	1195.6507823210243	
8744.0808	0.06640000000152213	Ripples						0.06640000000152213	8744.0952	15.84515804664579	156.09641147173497	1387.3812107766923	
8744.2264	0.02320000000145228	Ripples						0.02320000000145228	8744.236	7.822584767705688	157.87896615161827	969.1471330041504	
8750.952800000001	0.025599999999030842	Ripples						0.025599999999030842	8750.967200000001	13.38537045381333	159.98610526511885	1224.4678395627514	
8751.0736	0.03920000000107393	Ripples						0.03920000000107393	8751.088	11.58655780102292	161.71475344032098	1146.635439572783	
8752.268	0.030399999999644933	Ripples						0.030399999999644933	8752.284800000001	16.37205002334418	161.91560239535028	1472.402415269366	
8754.9656	0.026400000000649015	Ripples						0.026400000000649015	8754.9792	14.840377855318547	167.74734756796894	1303.855506410951	
8755.0664	0.042400000000270666	Ripples						0.042400000000270666	8755.083200000001	21.230753178340912	155.3973135214486	1395.770398566826	
8755.5088	0.031200000001263106	Ripples						0.031200000001263106	8755.5192	6.731117184749	156.19897195742038	913.7477708617153	
8782.7584	0.02080000000023574	Ripples						0.02080000000023574	8782.7696	7.706488495651491	161.82461361762105	886.8821132601788	
8782.857600000001	0.03679999999985739	Ripples						0.03679999999985739	8782.8776	14.692165448091528	160.70205523976304	1448.3461956843612	
8787.068000000001	0.0319999999992433	Ripples						0.0319999999992433	8787.0784	9.556686345724593	155.0700054609643	889.2041104937135	
8787.188	0.031199999999444117	Ripples						0.031199999999444117	8787.205600000001	14.952113840807119	159.88919584570792	1404.574623983323	
8790.472	0.03840000000127475	Ripples						0.03840000000127475	8790.5	20.422466080010494	164.73475686005293	1515.2508075804408	
8791.067200000001	0.048799999998664134	Ripples						0.048799999998664134	8791.0784	11.738550426864588	167.52298982384548	1199.9782508194785	
8791.7912	0.04399999999986903	Ripples						0.04399999999986903	8791.8176	21.973859803037545	153.54395584514887	1493.5291902281097	
8793.5376	0.07120000000031723	Ripples						0.07120000000031723	8793.5888	25.273258997951817	153.8034822933437	1853.982663735831	
8797.8344	0.0408000000006723	Ripples						0.0408000000006723	8797.8488	11.819060302377117	155.22522458555207	1033.8177479907515	
8800.1128	0.022399999999834108	Ripples						0.022399999999834108	8800.128	5.126382263615048	151.92838042893507	674.2745452888834	
8806.156	0.03839999999945576	Ripples						0.03839999999945576	8806.1776	17.492485452636345	151.21199578567663	1375.8636547618623	
8806.2232	0.03280000000086147	Ripples						0.03280000000086147	8806.2456	7.3382190439081265	164.3137706725229	945.3834459024288	
8806.8632	0.04560000000128639	Ripples						0.04560000000128639	8806.8768	20.71158683548144	164.06866445009518	1604.4572969992314	
8806.98	0.0408000000006723	Ripples						0.0408000000006723	8807.0008	27.018361966299985	161.51260511313066	1953.333066962016	
8811.648000000001	0.042400000000270666	Ripples						0.042400000000270666	8811.6592	10.210144089020048	153.02200388325616	1136.1247180001988	
8811.716	0.028000000000247383	Ripples						0.028000000000247383	8811.7296	5.7865242362818625	147.23869720847856	735.3253000192125	
8811.7816	0.05040000000008149	Ripples						0.05040000000008149	8811.822400000001	5.6531351903247	154.32840948223534	749.3723294350116	
8813.2248	0.02959999999984575	Ripples						0.02959999999984575	8813.244	10.332135804765405	166.12935961124936	1099.7963687470697	
8817.032000000001	0.04719999999906577	Ripples						0.04719999999906577	8817.068000000001	5.981640836137989	156.65175695182427	871.2493872990877	
8817.119200000001	0.02080000000023574	Ripples						0.02080000000023574	8817.125600000001	5.821723104386727	160.94965571387326	762.6896037970071	
8821.1232	0.02959999999984575	Ripples						0.02959999999984575	8821.1416	9.321204381524916	163.4058290902527	1067.6876648613822	
8821.3928	0.02480000000105065	Ripples						0.02480000000105065	8821.404	7.710297763027444	159.77993171386836	905.7899102787853	
8824.344000000001	0.03839999999945576	Ripples						0.03839999999945576	8824.3608	13.115066398795745	163.91452736502464	1398.2114154544636	
8824.466400000001	0.04079999999885331	Ripples						0.04079999999885331	8824.4832	16.39677216994079	155.80756102261245	1488.1515915285036	
8824.664	0.035200000000259024	Ripples						0.035200000000259024	8824.68	18.511375406992972	169.8901552618634	1520.235022669291	
8824.778400000001	0.03839999999945576	Ripples						0.03839999999945576	8824.7888	9.73106995173748	153.29631035018974	964.6094861969123	
8834.2384	0.04800000000068394	Ripples						0.04800000000068394	8834.26	17.20044785902089	154.33341502668694	1508.1563486049508	
8839.9072	0.05520000000069558	Ripples						0.05520000000069558	8839.938400000001	9.794856864229843	148.89866033139458	1091.0575767313321	
8846.2936	0.0272000000004482	Ripples						0.0272000000004482	8846.3112	13.727226202972945	162.87793369280627	1211.8006641224758	
8846.473600000001	0.02079999999841675	Ripples						0.02079999999841675	8846.4872	7.1149517118953325	169.85268833777587	911.7025383961071	
8849.1016	0.03920000000107393	Ripples						0.03920000000107393	8849.1224	15.445425428234765	154.57980895025244	1252.442146203661	
8853.2616	0.04640000000108557	Ripples						0.04640000000108557	8853.2872	17.353006999330024	154.5050704056536	1272.4264117068356	
8853.4624	0.040000000000873115	Ripples						0.040000000000873115	8853.480800000001	14.55818188551997	157.31389844154185	1069.236076308348	
8854.770400000001	0.027999999998428393	Ripples						0.027999999998428393	8854.7936	5.615667250084429	154.8207052237229	614.9278706895702	
8859.460000000001	0.06079999999928987	Ripples						0.06079999999928987	8859.5	13.913939370894873	154.34803664150562	1356.9371087346851	
8859.5864	0.03280000000086147	Ripples						0.03280000000086147	8859.6032	21.198166412156443	162.82758939424474	1638.4794158402383	
8866.190400000001	0.022399999999834108	Ripples						0.022399999999834108	8866.205600000001	9.087197213684732	158.22905689441419	940.7334171091302	
8866.272	0.08560000000034051	Ripples						0.08560000000034051	8866.3264	12.484943793688434	147.58533134703183	1225.0961637009784	
8869.176000000001	0.022399999999834108	Ripples						0.022399999999834108	8869.191200000001	8.271342553445443	158.4316371042365	779.1997395162922	
8869.3176	0.026400000000649015	Ripples						0.026400000000649015	8869.3328	5.733065953867192	152.6089551225956	777.3063534413909	
8869.66	0.028000000000247383	Ripples						0.028000000000247383	8869.68	12.041056771228947	157.46042029670488	1171.3517192258196	
8869.7768	0.026400000000649015	Ripples						0.026400000000649015	8869.792800000001	11.270869141510003	166.51389792759628	1174.7616732085219	
8871.713600000001	0.0319999999992433	Ripples						0.0319999999992433	8871.735200000001	8.249200340852818	150.9976611737044	982.9631026945785	
8883.624	0.020000000000436557	Ripples						0.020000000000436557	8883.6344	5.5478028311266145	175.42135784597255	735.3944941658391	
8883.728000000001	0.025599999999030842	Ripples						0.025599999999030842	8883.7432	5.239524425449078	153.80804130010173	784.0337066700565	
8884.3608	0.04320000000006985	Ripples						0.04320000000006985	8884.376	9.377865594337564	153.6688584087768	1032.2964533274132	
8893.6416	0.03839999999945576	Ripples						0.03839999999945576	8893.669600000001	6.932545022056073	153.66888230999217	659.4332630335011	
8895.0288	0.03600000000005821	Ripples						0.03600000000005821	8895.0488	22.020097117830414	156.42515119649144	1609.7681232103744	
8895.4512	0.03840000000127475	Ripples						0.03840000000127475	8895.4656	20.3876913519635	153.57240534252568	1440.7591069830244	
8895.9696	0.0544000000008964	Ripples						0.0544000000008964	8896.004	19.309421711605108	153.46297259851437	1647.3892532226275	
8896.1168	0.04800000000068394	Ripples						0.04800000000068394	8896.1432	13.666044129154763	150.1564719803291	918.6255197307893	
8896.197600000001	0.039999999999054126	Ripples						0.039999999999054126	8896.227200000001	6.861920210353376	149.30012517046652	837.4458862322059	
8896.5296	0.040000000000873115	Ripples						0.040000000000873115	8896.5544	6.68346251414666	152.55723178086498	676.8723440123736	
8899.4752	0.028800000000046566	Ripples						0.028800000000046566	8899.4864	8.105859093853118	156.72648827047428	1072.098648917116	
8899.6032	0.05200000000149885	Ripples						0.05200000000149885	8899.6344	14.208103351818869	151.70540802889892	1335.7448021501566	
8899.788	0.031199999999444117	Ripples						0.031199999999444117	8899.8016	13.78046768168391	154.00689570630962	1091.6744460516584	
8900.1488	0.04079999999885331	Ripples						0.04079999999885331	8900.1656	14.2342557166315	155.61016144076913	1239.585900837837	
8900.5696	0.02080000000023574	Ripples						0.02080000000023574	8900.583200000001	10.438586231339883	163.0067425302598	987.8485401766777	
8902.8528	0.1407999999992171	Ripples						0.1407999999992171	8902.944800000001	13.52309158719305	147.64617791236316	1252.1908078122715	
8903.248	0.04960000000028231	Ripples						0.04960000000028231	8903.2728	20.48193123079098	146.35532088774113	1279.5458470718138	
8904.3888	0.028800000000046566	Ripples						0.028800000000046566	8904.400800000001	14.066270894305047	155.14321174286334	1106.9273906266585	
8905.640800000001	0.03919999999925494	Ripples						0.03919999999925494	8905.6584	7.252473430134809	149.13681241183602	923.8779103906063	
8905.748	0.03440000000045984	Ripples						0.03440000000045984	8905.7656	20.313041078231226	157.0669562660253	1635.2292491338155	
8905.8744	0.0319999999992433	Ripples						0.0319999999992433	8905.8888	10.260229696229866	159.78530022328815	1176.063835860419	
8906.052800000001	0.023999999999432475	Ripples						0.023999999999432475	8906.0664	6.725282418387408	172.33166458563463	867.1271503523571	
8912.5512	0.03440000000045984	Ripples						0.03440000000045984	8912.568800000001	20.46415426397094	159.2694490002967	1637.7683543298167	
8912.647200000001	0.037599999999656575	Ripples						0.037599999999656575	8912.6632	15.981081569777674	169.71654646806283	1442.6691992541657	
8914.270400000001	0.06959999999889988	Ripples						0.06959999999889988	8914.322400000001	10.897213697473799	150.66807527181174	1025.71180204322	
8917.5848	0.022399999999834108	Ripples						0.022399999999834108	8917.596	10.291047304681072	160.98747132456907	979.2197075657048	
8920.916000000001	0.023199999999633292	Ripples						0.023199999999633292	8920.9312	9.135876517915236	157.3787263131546	905.5028860231994	
8921.436	0.048800000000483124	Ripples						0.048800000000483124	8921.4576	17.836611899180824	149.86922921218104	1263.2668218211736	
8921.741600000001	0.03439999999864085	Ripples						0.03439999999864085	8921.756000000001	10.369063530720382	155.5720682856767	1162.0780518404424	
8921.832	0.03280000000086147	Ripples						0.03280000000086147	8921.843200000001	9.367957866885984	152.91901522333745	941.5555097734483	
8921.9408	0.022399999999834108	Ripples						0.022399999999834108	8921.9496	5.728992064470912	154.85582518784784	776.2458723417909	
8922.0496	0.031199999999444117	Ripples						0.031199999999444117	8922.0696	13.323774429694854	161.60912748480467	1291.2782331436294	
8922.358400000001	0.055999999998675776	Ripples						0.055999999998675776	8922.3704	6.9534152937320055	153.99410614744065	808.2936124398866	
8922.5256	0.0319999999992433	Ripples						0.0319999999992433	8922.5408	17.02384263090514	154.35522460778483	1383.8368553221685	
8931.1008	0.03600000000005821	Ripples						0.03600000000005821	8931.119200000001	7.805312026363591	146.5766919063479	813.3298695052036	
8957.488000000001	0.05199999999967986	Ripples						0.05199999999967986	8957.508	28.403247130745328	157.22847790023943	1914.6450677397838	
8957.632800000001	0.037599999999656575	Ripples						0.037599999999656575	8957.6504	20.00265048793693	156.64263632215392	1679.0494038735433	
8963.816	0.026399999998830026	Ripples						0.026399999998830026	8963.829600000001	20.03361252083895	165.56529926630867	1470.1514949389248	
8965.0936	0.021600000000034925	Ripples						0.021600000000034925	8965.108	7.7375306801046095	155.57222817389945	850.1370047939756	
8966.3624	0.040000000000873115	Ripples						0.040000000000873115	8966.3776	12.940901730466454	153.33440425546036	1258.7554618991	
8966.5144	0.025600000000849832	Ripples						0.025600000000849832	8966.5224	6.808856912528378	157.13890392684883	819.0231937676019	
8967.227200000001	0.028800000000046566	Ripples						0.028800000000046566	8967.236	7.923151653771954	158.035896343833	914.1197289936454	
8967.3336	0.03360000000066066	Ripples						0.03360000000066066	8967.3456	13.139973622687048	156.92927136947722	1162.4538442212754	
8967.704	0.022399999999834108	Ripples						0.022399999999834108	8967.712	6.8118323116854835	150.87624116104718	779.5177052287399	
8973.476	0.04160000000047148	Ripples						0.04160000000047148	8973.5008	14.140384740915126	155.5850909186604	1327.5540653682601	
8974.1744	0.051199999999880674	Ripples						0.051199999999880674	8974.204	9.392297956845988	157.38307188761297	1041.4794694476975	
8974.292000000001	0.04719999999906577	Ripples						0.04719999999906577	8974.322400000001	19.786472552701724	159.98243392727062	1783.7893740879565	
8991.4696	0.026400000000649015	Ripples						0.026400000000649015	8991.4856	5.722747291006323	146.949274056591	595.0960990471468	
8992.5568	0.06799999999930151	Ripples						0.06799999999930151	8992.611200000001	10.016534167118312	165.08930285575414	1170.4393260277493	
8995.6568	0.03440000000045984	Ripples						0.03440000000045984	8995.668800000001	8.310874750096525	155.61634000589174	749.8021076391026	
8995.7528	0.03920000000107393	Ripples						0.03920000000107393	8995.7616	5.308073328471423	155.84458900779015	657.4950264074779	
8997.4344	0.021600000000034925	Ripples						0.021600000000034925	8997.445600000001	7.280335931635708	155.187216279983	807.3147861520197	
8997.697600000001	0.026399999998830026	Ripples						0.026399999998830026	8997.7096	5.903662722238075	152.86989265778857	736.9125718580722	
9001.271200000001	0.028000000000247383	Ripples						0.028000000000247383	9001.2912	6.096859650625655	156.19033825238802	715.671100669911	
9001.3832	0.04640000000108557	Ripples						0.04640000000108557	9001.415200000001	24.947397903914357	151.8215740631219	1578.289085965989	
9003.0056	0.030399999999644933	Ripples						0.030399999999644933	9003.016800000001	6.477791178611731	165.57399337752477	684.7519223581992	
9003.12	0.06639999999970314	Ripples						0.06639999999970314	9003.1344	13.140767804357496	154.46295720530642	1102.6561112171225	
9003.351200000001	0.02479999999923166	Ripples						0.02479999999923166	9003.3624	10.290326841004838	159.44975643394417	1075.137188496939	
9004.8744	0.02479999999923166	Ripples						0.02479999999923166	9004.8888	6.693431194078401	157.93149602040685	1021.1847438493849	
9012.6504	0.07040000000051805	Ripples						0.07040000000051805	9012.706400000001	11.231807209653862	151.02833532649097	1101.9953140295613	
9019.3096	0.0319999999992433	Ripples						0.0319999999992433	9019.320800000001	7.509098507683359	151.64959796371093	772.2165718563906	
9021.84	0.02480000000105065	Ripples						0.02480000000105065	9021.8544	9.265625752401485	161.61324664619966	1079.2478878136292	
9025.444000000001	0.030399999999644933	Ripples						0.030399999999644933	9025.4576	16.04617190565477	164.15125296905458	1399.2106051060298	
9026.8464	0.051199999999880674	Ripples						0.051199999999880674	9026.8696	10.606991311895493	147.11085368367648	921.5506144287527	
9026.988000000001	0.037599999999656575	Ripples						0.037599999999656575	9027.003200000001	5.831160413002417	146.93327413835303	680.6375308192411	
9027.0792	0.035200000000259024	Ripples						0.035200000000259024	9027.0936	19.41339915505293	155.19526654282268	1394.1498209167416	
9027.2296	0.04320000000006985	Ripples						0.04320000000006985	9027.2624	5.597056417930855	151.95112031672096	726.2348291712269	
9027.517600000001	0.08239999999932479	Ripples						0.08239999999932479	9027.575200000001	12.15174725691829	163.79062772603825	1183.098272514424	
9027.6928	0.05040000000008149	Ripples						0.05040000000008149	9027.720800000001	9.67554033237834	149.97882703090465	1001.6550960482714	
9033.08	0.06000000000130967	Ripples						0.06000000000130967	9033.0944	9.514143894768996	162.74323459537123	908.4795882772066	
9034.1872	0.0319999999992433	Ripples						0.0319999999992433	9034.2088	12.584741241323949	152.74327995293737	1033.2901476366615	
9034.3712	0.02080000000023574	Ripples						0.02080000000023574	9034.3824	5.861131071120781	160.53769955136133	846.0077633550139	
9050.7808	0.025600000000849832	Ripples						0.025600000000849832	9050.7904	10.234822343991949	161.58560479799166	1080.9179977334027	
9051.886400000001	0.03359999999884167	Ripples						0.03359999999884167	9051.9024	13.9183271371495	163.4227902449659	1377.187829207942	
9055.9864	0.048800000000483124	Ripples						0.048800000000483124	9056.0056	10.26046361663692	153.4175499136027	857.8915683177871	
9056.1656	0.03200000000106229	Ripples						0.03200000000106229	9056.1808	6.607524748465145	153.81970694600642	900.9723281443755	
9056.2824	0.024000000001251465	Ripples						0.024000000001251465	9056.296	6.938187113551212	155.02035374317924	794.0910523644434	
9056.4328	0.032799999999042484	Ripples						0.032799999999042484	9056.444000000001	7.2520169372804455	154.6818853042374	826.9356907257343	
9061.8272	0.025600000000849832	Ripples						0.025600000000849832	9061.8416	11.090927455827758	157.72951074026707	1064.886174679292	
9063.075200000001	0.025599999999030842	Ripples						0.025599999999030842	9063.0928	7.136655373184223	156.44575700862643	835.7022339506409	
9063.161600000001	0.03439999999864085	Ripples						0.03439999999864085	9063.176000000001	14.352384118124508	158.80039247114215	1429.2214406989349	
9071.2232	0.08079999999972642	Ripples						0.08079999999972642	9071.278400000001	14.306524728588315	145.96734376087372	1018.6654362239975	
9071.6512	0.040000000000873115	Ripples						0.040000000000873115	9071.6752	22.865596220965088	160.90828308086137	1770.0197158642866	
9071.865600000001	0.06719999999950232	Ripples						0.06719999999950232	9071.9104	6.811717793202015	153.5033480508081	550.6810170898804	
9072.119200000001	0.042400000000270666	Ripples						0.042400000000270666	9072.1512	10.873140971754795	152.94211027264916	1036.770645069657	
9073.568800000001	0.037599999999656575	Ripples						0.037599999999656575	9073.5808	9.773034090728165	151.79498089060513	844.2704625937798	
9081.6728	0.026400000000649015	Ripples						0.026400000000649015	9081.688	10.241228653237965	158.14710351105776	1004.121050069864	
9081.792000000001	0.051199999999880674	Ripples						0.051199999999880674	9081.828800000001	17.34880230308569	156.97582815779387	1517.326120589133	
9082.232	0.03280000000086147	Ripples						0.03280000000086147	9082.2464	8.491913387630474	145.7250156378503	812.9497677483981	
9082.3232	0.042400000000270666	Ripples						0.042400000000270666	9082.3376	11.358156076065722	151.34363682451038	1031.918320764516	
9085.44	0.026400000000649015	Ripples						0.026400000000649015	9085.4488	7.162279242416227	156.21711890886476	898.6429133984648	
9085.5792	0.040000000000873115	Ripples						0.040000000000873115	9085.6016	15.190680059082604	153.5736845103231	1224.7814707856971	
9085.656	0.022399999999834108	Ripples						0.022399999999834108	9085.6672	8.866938720770849	159.10901551986422	954.6037801529247	
9100.5696	0.03600000000005821	Ripples						0.03600000000005821	9100.5872	17.241801039940018	156.23768766485193	1367.111817887472	
9100.6792	0.06559999999990396	Ripples						0.06559999999990396	9100.724	11.619899616805366	151.25038002586567	1009.8653005444114	
9100.8184	0.058399999999892316	Ripples						0.058399999999892316	9100.8272	11.40514620267845	151.236719104442	1067.3797143484771	
9101.3952	0.03440000000045984	Ripples						0.03440000000045984	9101.404	5.171299138209446	148.28510705426237	643.781495418603	
9101.4712	0.02959999999984575	Ripples						0.02959999999984575	9101.4896	10.931635843134336	154.0588762177063	1087.4344749189918	
9106.632800000001	0.02719999999862921	Ripples						0.02719999999862921	9106.647200000001	9.071854335571429	163.02884393203914	1063.0340969800695	
9111.003200000001	0.05680000000029395	Ripples						0.05680000000029395	9111.036	12.9737538011169	155.47346909314123	1294.9967148615167	
9111.144	0.03600000000005821	Ripples						0.03600000000005821	9111.1584	14.500074835778562	152.85030070185874	1135.0372993846606	
9111.4968	0.021600000000034925	Ripples						0.021600000000034925	9111.508	5.954725013172669	162.36588424530353	789.0598409664229	
9113.2904	0.028800000000046566	Ripples						0.028800000000046566	9113.304	11.721323462328376	156.46292790113648	1144.6183994193684	
9117.216	0.044799999999668216	Ripples						0.044799999999668216	9117.2544	5.463875698870887	157.62368838716716	795.7939457515951	
9119.776	0.026400000000649015	Ripples						0.026400000000649015	9119.7896	14.096403272632687	162.50850409434153	1303.5342794748462	
9125.7976	0.022399999999834108	Ripples						0.022399999999834108	9125.8024	5.127044039758881	161.5796417226796	577.3009886582039	
9125.908000000001	0.030399999999644933	Ripples						0.030399999999644933	9125.9256	11.179100458592115	155.11819383147076	1093.6600661323241	
9127.923200000001	0.04320000000006985	Ripples						0.04320000000006985	9127.944800000001	15.13683017852266	156.90077704458793	1412.870099503534	
9128.951200000001	0.027999999998428393	Ripples						0.027999999998428393	9128.9632	12.82309735096687	157.08881309371174	1109.9301294084976	
9129.1944	0.03600000000005821	Ripples						0.03600000000005821	9129.2096	18.407599625579078	154.10378159879403	1350.6368942362494	
9162.5888	0.021600000000034925	Ripples						0.021600000000034925	9162.6064	5.026747181159001	156.41657640387893	596.6536861248879	
9162.691200000001	0.05040000000008149	Ripples						0.05040000000008149	9162.7168	23.242087987008443	151.75169375149403	1632.784296245326	
9163.480800000001	0.025599999999030842	Ripples						0.025599999999030842	9163.492	5.486194061063942	154.14530745919777	671.0201426746552	
9163.633600000001	0.03679999999985739	Ripples						0.03679999999985739	9163.6536	15.406530154467985	161.67196563433853	1545.8424190522007	
9173.960000000001	0.031199999999444117	Ripples						0.031199999999444117	9173.9752	12.250272223192747	156.4903898417467	1171.73634562496	
9177.1344	0.05199999999967986	Ripples						0.05199999999967986	9177.1648	6.725605570983704	144.48707331011227	552.66479996523	
9178.18	0.047200000000884756	Ripples						0.047200000000884756	9178.213600000001	15.352437594887677	153.82960316085126	1316.704642263505	
9181.052800000001	0.08399999999892316	Ripples						0.08399999999892316	9181.067200000001	13.351858156620581	159.70159038918683	1388.692275060141	
9183.735200000001	0.08479999999872234	Ripples						0.08479999999872234	9183.8048	12.816471469940643	159.399792147552	1434.7338655408294	
9183.9136	0.060800000001108856	Ripples						0.060800000001108856	9183.9608	10.744548396030691	154.47031600042723	735.6100903532035	
9189.300000000001	0.09360000000015134	Ripples						0.09360000000015134	9189.368	12.43210852766761	152.5395282062296	1213.7931673109154	
9189.768	0.037599999999656575	Ripples						0.037599999999656575	9189.7792	12.186943062250664	170.75782941051085	1091.8749633249515	
9198.3968	0.0408000000006723	Ripples						0.0408000000006723	9198.4216	17.945865372451852	159.1362451211338	1533.7927140186214	
9198.528	0.035200000000259024	Ripples						0.035200000000259024	9198.539200000001	12.879907386014416	152.499662831811	1153.9717310219025	
9205.8528	0.03360000000066066	Ripples						0.03360000000066066	9205.864	5.107175088743869	156.56301748560844	502.366540163339	
9210.423200000001	0.04719999999906577	Ripples						0.04719999999906577	9210.4336	5.577980156082279	160.01848603879472	850.4878940273387	
9213.6232	0.03280000000086147	Ripples						0.03280000000086147	9213.648000000001	7.924605240083543	152.6378996796813	785.3637718246342	
9219.0624	0.04079999999885331	Ripples						0.04079999999885331	9219.081600000001	10.86723025859578	149.59942045039452	907.2507643605422	
9225.972	0.044800000001487206	Ripples						0.044800000001487206	9226.0016	21.771898389145964	161.73573222325354	1732.7731246377937	
9226.2768	0.03920000000107393	Ripples						0.03920000000107393	9226.2912	6.311987715225046	149.35510815613344	706.7735907401577	
9229.176800000001	0.051199999999880674	Ripples						0.051199999999880674	9229.1872	5.165100763758754	159.68508650344606	585.7519759448998	
9231.9256	0.056000000000494765	Ripples						0.056000000000494765	9231.9696	6.934477601608204	149.40897073387876	898.6825276583464	
9233.1056	0.04079999999885331	Ripples						0.04079999999885331	9233.1288	11.092215602589178	147.88080224752926	934.4613063621229	
9233.2536	0.022399999999834108	Ripples						0.022399999999834108	9233.2624	9.886669950486583	159.9409860733677	856.6442414171696	
9234.9312	0.037599999999656575	Ripples						0.037599999999656575	9234.936	5.9833809915310265	154.78330501888647	707.3277733238783	
9235.78	0.021600000000034925	Ripples						0.021600000000034925	9235.7944	7.669872405292656	156.60720564222927	812.8935111995836	
9235.864800000001	0.0455999999994674	Ripples						0.0455999999994674	9235.9024	5.6701595693474065	152.68263293496221	537.1442497286846	
9258.321600000001	0.03359999999884167	Ripples						0.03359999999884167	9258.3472	10.227562906354844	149.46189877097598	767.777928273252	
9273.8696	0.030399999999644933	Ripples						0.030399999999644933	9273.8744	5.414966359800275	156.0385414414797	636.7131785893004	
9275.128	0.03919999999925494	Ripples						0.03919999999925494	9275.1376	14.699598257210061	163.55788491677924	1263.4202205945433	
9275.3952	0.051199999999880674	Ripples						0.051199999999880674	9275.4104	16.167723098026997	151.44217115973186	1001.4980954796546	
9281.4912	0.035200000000259024	Ripples						0.035200000000259024	9281.503200000001	18.20955385962289	155.91469516334627	1425.384261612882	
9281.5768	0.07439999999951397	Ripples						0.07439999999951397	9281.6296	6.406462249886516	146.86595256702714	681.2476211819808	
9285.364800000001	0.030399999999644933	Ripples						0.030399999999644933	9285.3848	15.9583004839811	163.09077790651202	1433.3701380095663	
9285.894400000001	0.039999999999054126	Ripples						0.039999999999054126	9285.9216	10.382002499512948	156.83491845685415	1093.9547376231628	
9287.9408	0.0272000000004482	Ripples						0.0272000000004482	9287.9488	5.884223939556958	155.04857125864413	583.6233902373392	
9289.2152	0.02959999999984575	Ripples						0.02959999999984575	9289.2304	10.69689333844922	152.69466599257285	937.1196331927283	
9289.428	0.031200000001263106	Ripples						0.031200000001263106	9289.436800000001	6.9980417692323496	154.9797476257298	750.5322718061326	
9289.5256	0.023999999999432475	Ripples						0.023999999999432475	9289.54	12.89249298962835	158.4226167114461	1118.6140831248401	
9291.8192	0.022399999999834108	Ripples						0.022399999999834108	9291.8336	8.876457800353116	157.38777616558255	943.4921137424594	
9295.8688	0.03920000000107393	Ripples						0.03920000000107393	9295.893600000001	12.163652819730856	150.85525478300758	1076.571656159647	
9312.4856	0.028000000000247383	Ripples						0.028000000000247383	9312.5064	7.029846994801135	154.75669628673407	791.5972339094891	
9312.5352	0.026400000000649015	Ripples						0.026400000000649015	9312.5504	7.911871325724468	154.92274099435477	838.063291027693	
9313.183200000001	0.03439999999864085	Ripples						0.03439999999864085	9313.1952	6.40789101925708	149.19868432077834	656.0514365670246	
9313.668800000001	0.05999999999949068	Ripples						0.05999999999949068	9313.7072	12.102675453210617	148.373030361547	1115.7342762766132	
9313.7608	0.03200000000106229	Ripples						0.03200000000106229	9313.772	6.716506114454732	146.66918034576693	731.9574928781377	
9315.752	0.042400000000270666	Ripples						0.042400000000270666	9315.7736	11.710767915778959	151.6690700291942	1211.015489356108	
9315.9704	0.030399999999644933	Ripples						0.030399999999644933	9315.9872	14.057278224105776	159.3529670774172	1399.0210687321055	
9321.772	0.04960000000028231	Ripples						0.04960000000028231	9321.7904	22.19118323983254	152.35585459211143	1499.0768494464814	
9323.090400000001	0.030399999999644933	Ripples						0.030399999999644933	9323.1072	14.10289089917591	159.90589056299075	1380.867792180047	
9323.2152	0.025599999999030842	Ripples						0.025599999999030842	9323.2296	10.870575134158877	151.6636331511816	923.8377436159726	
9323.4504	0.03200000000106229	Ripples						0.03200000000106229	9323.4648	10.98333464610816	156.28080360455994	936.0258435816974	
9323.808	0.03839999999945576	Ripples						0.03839999999945576	9323.822400000001	7.207589598763392	150.96869938550992	910.7249809621309	
9327.4056	0.02480000000105065	Ripples						0.02480000000105065	9327.4208	8.560277758405574	157.07623790465806	857.7671987956884	
9351.836800000001	0.04399999999986903	Ripples						0.04399999999986903	9351.872800000001	12.224034970821274	153.81014534817666	993.1071812803679	
9357.3856	0.031200000001263106	Ripples						0.031200000001263106	9357.396	14.082818849021224	159.01689671552	1181.3380754169912	
9360.002400000001	0.03919999999925494	Ripples						0.03919999999925494	9360.0264	19.328354156835275	163.06966461043223	1596.1546770781197	
9360.706400000001	0.021600000000034925	Ripples						0.021600000000034925	9360.720800000001	6.4911251977395015	162.44088385046396	886.9031665171633	
9361.0504	0.035200000000259024	Ripples						0.035200000000259024	9361.068000000001	13.416057622919414	156.86559779062645	1232.3534674734576	
9362.2472	0.022399999999834108	Ripples						0.022399999999834108	9362.2624	5.710717735383839	151.42207655003475	734.2972684973141	
9376.2152	0.032799999999042484	Ripples						0.032799999999042484	9376.234400000001	18.608970401611007	155.2174891236725	1329.3858608230896	
9376.3712	0.028800000000046566	Ripples						0.028800000000046566	9376.3928	6.233050009907709	154.69790041608942	750.7593749777063	
9380.1416	0.06559999999990396	Ripples						0.06559999999990396	9380.161600000001	12.997922289477815	159.6212157925894	1276.003009811134	
9380.2304	0.05040000000008149	Ripples						0.05040000000008149	9380.2672	17.394060681440617	154.65411134399108	1463.7010791878824	
9381.4072	0.0272000000004482	Ripples						0.0272000000004482	9381.4208	7.855650456021554	155.76921939699344	998.2634373842211	
9381.9464	0.05279999999947904	Ripples						0.05279999999947904	9381.9768	17.368296997814888	153.05325907644107	1163.5447033259547	
9383.9912	0.03679999999985739	Ripples						0.03679999999985739	9384.0048	18.739931537241223	162.13949304506676	1480.486817566732	
9384.124	0.042400000000270666	Ripples						0.042400000000270666	9384.1448	23.667769592077704	153.70889516787923	1714.888937449739	
9385.2464	0.05760000000009313	Ripples						0.05760000000009313	9385.2584	7.246042138463973	157.9736349747768	760.7238742210093	
9385.394400000001	0.02719999999862921	Ripples						0.02719999999862921	9385.415200000001	7.434071430753843	160.2857844487661	912.051877613026	
9386.4504	0.056000000000494765	Ripples						0.056000000000494765	9386.476	25.182452493980307	152.85966812547377	1722.6678902402746	
9386.6	0.03600000000005821	Ripples						0.03600000000005821	9386.6144	17.38794367269173	157.6470118971855	1150.2910674748014	
9400.706400000001	0.05680000000029395	Ripples						0.05680000000029395	9400.7248	11.843829130237857	153.04635551609658	1186.2383041065941	
9401.844000000001	0.05439999999907741	Ripples						0.05439999999907741	9401.857600000001	7.059273606296375	149.16288012877598	604.824802737974	
9402.6136	0.05040000000008149	Ripples						0.05040000000008149	9402.6352	17.5649999002505	149.9481808555097	1299.8631969983448	
9417.270400000001	0.03679999999985739	Ripples						0.03679999999985739	9417.2968	11.72631970044751	153.91811158471043	919.2811230798671	
9417.401600000001	0.06480000000010477	Ripples						0.06480000000010477	9417.4136	5.767299911823685	150.83982773788577	568.2704252202881	
9417.960000000001	0.030399999999644933	Ripples						0.030399999999644933	9417.9792	5.336289947594288	142.27502194250295	611.8645105166037	
9419.2312	0.037599999999656575	Ripples						0.037599999999656575	9419.2464	10.230725854493272	153.68277447454042	1060.5895547769253	
9422.368	0.03679999999985739	Ripples						0.03679999999985739	9422.3968	12.869017561820723	153.72090969741592	1116.123524965465	
9424.3176	0.03280000000086147	Ripples						0.03280000000086147	9424.3424	7.837210424029525	150.5963001198616	782.0716498977769	
9424.6536	0.03680000000167638	Ripples						0.03680000000167638	9424.6648	6.616837883094248	150.68176010721277	719.188349053504	
9437.82	0.03679999999985739	Ripples						0.03679999999985739	9437.844000000001	14.108558248819287	157.11250512712041	1289.6801994001112	
9437.974400000001	0.030399999999644933	Ripples						0.030399999999644933	9437.9944	26.852338945012207	161.35673065242477	1700.584110396607	
9446.8024	0.05279999999947904	Ripples						0.05279999999947904	9446.82	9.917187401187123	154.5308905835056	1338.7881722233565	
9447.6368	0.02959999999984575	Ripples						0.02959999999984575	9447.6592	11.889761194099572	158.32641876634653	1015.6849635314563	
9447.7728	0.031199999999444117	Ripples						0.031199999999444117	9447.7904	15.322718775941693	159.14150616501846	1379.0816559823963	
9449.263200000001	0.03679999999985739	Ripples						0.03679999999985739	9449.292800000001	7.521972609592941	154.82388408536625	859.716006461769	
9453.581600000001	0.022399999999834108	Ripples						0.022399999999834108	9453.596	8.409262304652062	160.51944346796245	982.879580592142	
9454.812	0.02959999999984575	Ripples						0.02959999999984575	9454.8264	5.108972865615484	149.5119279056269	612.78259782161	
9455.824	0.04399999999986903	Ripples						0.04399999999986903	9455.851200000001	9.575604711065436	155.71462716829626	1202.9372450542512	
9456.0368	0.04160000000047148	Ripples						0.04160000000047148	9456.0544	8.416659309884261	152.6959950113155	1015.6221761221312	
9461.4552	0.03440000000045984	Ripples						0.03440000000045984	9461.4624	6.000561885244222	157.83998919834437	777.4762268313183	
9461.5664	0.03600000000005821	Ripples						0.03600000000005821	9461.5864	18.942750203857244	159.4782040680872	1524.3820284477981	
9467.5584	0.037599999999656575	Ripples						0.037599999999656575	9467.581600000001	14.000732466602797	157.11386342688982	1326.7613196883417	
9468.0632	0.06079999999928987	Ripples						0.06079999999928987	9468.1024	8.277450996803779	143.2934758892257	801.4326573974472	
9468.4112	0.02479999999923166	Ripples						0.02479999999923166	9468.4264	13.053759916822939	158.0417284256624	1192.7046536996613	
9469.068000000001	0.021600000000034925	Ripples						0.021600000000034925	9469.083200000001	5.255888860934631	156.6803546633661	707.6837206152826	
9471.4472	0.0455999999994674	Ripples						0.0455999999994674	9471.473600000001	5.601863608637433	154.2269153002313	475.22639091809833	
9479.4896	0.031199999999444117	Ripples						0.031199999999444117	9479.5144	5.6023557674822	156.4412639506996	633.2811704719661	
9484.892	0.058399999999892316	Ripples						0.058399999999892316	9484.9104	6.127664258809572	153.22281337182463	528.2780374280875	
9487.8008	0.028800000000046566	Ripples						0.028800000000046566	9487.815200000001	6.749570708498119	150.73842748018956	755.7681653817677	
9489.3784	0.031200000001263106	Ripples						0.031200000001263106	9489.3896	13.291836334142879	158.24271596902128	1197.1978432651797	
9505.548	0.05519999999887659	Ripples						0.05519999999887659	9505.5696	6.70506340228689	153.79737357625865	742.1850020317204	
9506.656	0.02479999999923166	Ripples						0.02479999999923166	9506.6704	7.071755570070312	155.03357074471367	868.3156874924139	
9509.271200000001	0.0591999999996915	Ripples						0.0591999999996915	9509.3192	5.068577946556665	146.1390921507715	593.7905327575235	
9510.5368	0.021600000000034925	Ripples						0.021600000000034925	9510.548	6.431644441354909	159.5962675490679	853.193451841168	
9511.8736	0.039999999999054126	Ripples						0.039999999999054126	9511.884	10.328349167531286	159.25472918668623	1039.4968266657934	
9511.967200000001	0.037599999999656575	Ripples						0.037599999999656575	9511.9936	11.262865214546785	151.68204449824094	964.5863722862312	
9512.316	0.0319999999992433	Ripples						0.0319999999992433	9512.34	8.768792481388383	154.7754570732676	872.7553157820453	
9518.2832	0.02480000000105065	Ripples						0.02480000000105065	9518.2944	7.1881307958034935	157.06243615711057	831.838381809841	
9518.778400000001	0.03359999999884167	Ripples						0.03359999999884167	9518.792800000001	7.5602387113546445	155.10873858478536	751.3486451747601	
9524.152	0.0408000000006723	Ripples						0.0408000000006723	9524.1712	11.5729323327705	151.94683402000294	836.332154984507	
9524.2552	0.03200000000106229	Ripples						0.03200000000106229	9524.2728	7.387547965269427	147.29562453033247	833.8350160034565	
9529.2176	0.042400000000270666	Ripples						0.042400000000270666	9529.2528	5.124801422155624	145.07169018251133	478.25549367998	
9561.0	14.0	SleepStates											Awake
9576.0	147.0	SleepStates											Non-REM
9578.164	0.0408000000006723	Ripples						0.0408000000006723	9578.1864	16.49511716600965	153.3383535144175	1155.4926248609693	
9580.2664	0.06639999999970314	Ripples						0.06639999999970314	9580.3104	15.663243918506423	149.8039677773949	1136.7039742821312	
9580.44	0.035200000000259024	Ripples						0.035200000000259024	9580.4576	12.121180155786151	151.72861463883999	1212.8133695899674	
9585.324	0.046399999999266583	Ripples						0.046399999999266583	9585.3384	5.15516866862297	150.07993306278698	539.5253920916257	
9590.8592	0.032799999999042484	Ripples						0.032799999999042484	9590.8704	9.918551069719555	158.27000782191288	984.2118558159798	
9592.692000000001	0.022399999999834108	Ripples						0.022399999999834108	9592.7008	7.2697107765888065	158.48977190066813	959.9177974588555	
9596.4496	0.03280000000086147	Ripples						0.03280000000086147	9596.4632	25.555279482903995	168.44546816235578	1737.6282068384699	
9596.584	0.05199999999967986	Ripples						0.05199999999967986	9596.6088	22.412226116115512	151.71286113191601	1702.5655572183482	
9596.9168	0.04079999999885331	Ripples						0.04079999999885331	9596.937600000001	11.722060849680165	155.343883373548	1242.6041323490617	
9597.088800000001	0.07039999999869906	Ripples						0.07039999999869906	9597.1376	8.22558323054318	146.8140596934201	746.0196280695276	
9598.5848	0.03679999999985739	Ripples						0.03679999999985739	9598.6136	13.131691575400307	152.2750714486753	1126.0151529396642	
9598.8464	0.04160000000047148	Ripples						0.04160000000047148	9598.8768	10.055680567823467	153.1822252172422	819.865099939373	
9599.5408	0.037599999999656575	Ripples						0.037599999999656575	9599.552800000001	7.251051080742875	150.43298830424396	666.9987942456947	
9601.219200000001	0.02079999999841675	Ripples						0.02079999999841675	9601.2304	7.598163692966986	162.13499276119109	1038.994248234849	
9603.865600000001	0.05279999999947904	Ripples						0.05279999999947904	9603.8808	6.500102312080837	148.95892048318618	824.7041822931922	
9620.4976	0.053599999999278225	Ripples						0.053599999999278225	9620.5272	17.465374592002345	151.9798640173891	1310.0981890260282	
9620.6752	0.02320000000145228	Ripples						0.02320000000145228	9620.6872	11.674953033821504	158.62352143431454	1036.4904866408526	
9625.7312	0.04160000000047148	Ripples						0.04160000000047148	9625.741600000001	13.633641553947806	160.5107986443501	1224.6793055414357	
9636.1144	0.03600000000005821	Ripples						0.03600000000005821	9636.125600000001	6.668119758412205	151.87344674204948	774.2819056511784	
9636.232	0.06000000000130967	Ripples						0.06000000000130967	9636.263200000001	14.309789445189407	150.31242483124245	1311.3775463680772	
9638.312	0.04960000000028231	Ripples						0.04960000000028231	9638.3232	13.154138866780478	154.02508842209662	1181.7848748939232	
9638.476	0.0455999999994674	Ripples						0.0455999999994674	9638.488000000001	7.49500914522971	147.354240889579	703.681381861269	
9643.5304	0.03600000000005821	Ripples						0.03600000000005821	9643.5448	5.561547039735805	155.25557765599683	646.3272212883982	
9644.3016	0.02479999999923166	Ripples						0.02479999999923166	9644.3128	5.998507980571972	163.03095408946498	915.642339302941	
9653.2384	0.04399999999986903	Ripples						0.04399999999986903	9653.272	6.524701905782348	154.40735149096554	748.803233744667	
9653.5288	0.028800000000046566	Ripples						0.028800000000046566	9653.5408	16.534093508476754	159.90788233093772	1345.8154251551935	
9655.0408	0.044799999999668216	Ripples						0.044799999999668216	9655.0664	8.539417983153545	145.566587470444	774.5662630867578	
9657.1296	0.03920000000107393	Ripples						0.03920000000107393	9657.140800000001	9.346898932447694	155.3470828013534	962.8603102086042	
9657.4272	0.03200000000106229	Ripples						0.03200000000106229	9657.4424	8.681044958752262	150.05284112781302	896.0516500345639	
9657.7384	0.03360000000066066	Ripples						0.03360000000066066	9657.752	18.076028567501012	157.37846747596186	1367.7352068825287	
9658.3312	0.031199999999444117	Ripples						0.031199999999444117	9658.3488	8.100947013955976	155.79207711123328	1077.2955852638613	
9672.4632	0.040000000000873115	Ripples						0.040000000000873115	9672.4776	17.305921715443116	150.91520198070097	1237.7586179911466	
9672.668	0.035200000000259024	Ripples						0.035200000000259024	9672.683200000001	11.956419691850863	154.79455989798112	1062.838162471068	
9672.814400000001	0.02959999999984575	Ripples						0.02959999999984575	9672.8304	11.894566205396536	165.49625365770407	1331.1849377541982	
9674.5368	0.05280000000129803	Ripples						0.05280000000129803	9674.5488	10.877173462786626	150.25862818344146	970.294121928231	
9677.3552	0.04320000000006985	Ripples						0.04320000000006985	9677.3888	6.223426085550167	151.74373668486618	750.9044476337015	
9677.9768	0.04320000000006985	Ripples						0.04320000000006985	9677.988000000001	21.112530892360603	159.93070799536912	1616.2809869639254	
9683.213600000001	0.02959999999984575	Ripples						0.02959999999984575	9683.2288	11.807334053140057	156.2726827497586	1168.007923427231	
9690.6376	0.031200000001263106	Ripples						0.031200000001263106	9690.6608	7.454263913151253	150.50229293610144	673.9753568742841	
9691.8096	0.028000000000247383	Ripples						0.028000000000247383	9691.8272	13.193375302656206	158.33032782444695	1170.2213231461155	
9691.9064	0.025600000000849832	Ripples						0.025600000000849832	9691.92	6.306460347761167	149.3319947390727	790.6725966898449	
9692.1952	0.031199999999444117	Ripples						0.031199999999444117	9692.2216	5.439409140841736	161.45861208234425	729.5148576860583	
9696.3112	0.028800000000046566	Ripples						0.028800000000046566	9696.3256	6.410955306954495	154.2481677291193	732.1463360237392	
9701.306400000001	0.026399999998830026	Ripples						0.026399999998830026	9701.3184	15.929727028121489	158.73949291046836	1272.2138922932095	
9701.9688	0.022399999999834108	Ripples						0.022399999999834108	9701.9776	7.513703718347002	158.7066040970055	931.6551376713568	
9703.2032	0.056000000000494765	Ripples						0.056000000000494765	9703.224	7.013636722799975	149.67578389187483	957.870014970976	
9703.574400000001	0.022399999999834108	Ripples						0.022399999999834108	9703.589600000001	7.279333995592422	157.66848686126832	845.6454558107046	
9709.1656	0.020000000000436557	Ripples						0.020000000000436557	9709.1744	5.305402137454024	154.77081931108344	655.6324899458043	
9709.2264	0.035200000000259024	Ripples						0.035200000000259024	9709.2552	5.426701255040923	150.46368821140112	701.7661417011795	
9709.379200000001	0.06159999999908905	Ripples						0.06159999999908905	9709.4216	5.555517343656992	147.89892142403122	530.5969688427625	
9720.02	0.03280000000086147	Ripples						0.03280000000086147	9720.045600000001	5.3747149998815225	151.39996144297393	636.8199220772381	
9724.0	57.0	SleepStates											Awake
9770.5344	0.05199999999967986	Ripples						0.05199999999967986	9770.548	13.020640048684312	160.02125487416205	1301.2781312879097	
9770.7832	0.025600000000849832	Ripples						0.025600000000849832	9770.8024	5.164834749788185	154.43599089067368	651.9289589375765	
9775.9408	0.028000000000247383	Ripples						0.028000000000247383	9775.9552	9.82997717809646	158.34229658457733	1188.175614865744	
9780.104000000001	0.07519999999931315	Ripples						0.07519999999931315	9780.133600000001	16.27782694493141	155.71945595492258	1331.1263138040724	
9781.3248	0.02480000000105065	Ripples						0.02480000000105065	9781.336800000001	11.305840594126073	160.71485628603781	1161.379045594948	
9782.0	65.0	SleepStates											Non-REM
9784.3816	0.02959999999984575	Ripples						0.02959999999984575	9784.404	6.375606698351231	154.63360206312123	677.3688733764411	
9786.5128	0.044799999999668216	Ripples						0.044799999999668216	9786.5408	19.48909346200912	152.51106426738153	1558.5172046043206	
9786.6744	0.042400000000270666	Ripples						0.042400000000270666	9786.7016	15.14542444037903	173.0572100753548	1369.5600729117127	
9787.2072	0.046399999999266583	Ripples						0.046399999999266583	9787.236	12.214789996678132	150.259722080926	1109.0597468392416	
9787.3968	0.03280000000086147	Ripples						0.03280000000086147	9787.408000000001	16.540542742622414	155.41282949529455	1203.9598331448349	
9787.9328	0.040000000000873115	Ripples						0.040000000000873115	9787.951200000001	7.685396137955008	145.25710230595593	748.6466915422237	
9795.204	0.03600000000005821	Ripples						0.03600000000005821	9795.2152	13.375249816453481	154.03329728524912	1175.4528067282292	
9795.344000000001	0.03600000000005821	Ripples						0.03600000000005821	9795.3544	14.75625443296349	160.09053097200632	1261.2321563085218	
9795.7072	0.03679999999985739	Ripples						0.03679999999985739	9795.720800000001	18.945875805505842	160.68279512163718	1525.9663637152025	
9808.009600000001	0.022399999999834108	Ripples						0.022399999999834108	9808.0208	10.741793103439544	159.85781595485818	1035.7202015295409	
9810.58	0.0544000000008964	Ripples						0.0544000000008964	9810.6088	9.943072275179775	150.86104479117955	903.097642071025	
9816.706400000001	0.026399999998830026	Ripples						0.026399999998830026	9816.7256	5.611083140317165	157.3146458572707	636.598290612813	
9819.636	0.025600000000849832	Ripples						0.025600000000849832	9819.6512	7.720723953101413	154.80350876247087	863.0988751603	
9820.0	0.0408000000006723	Ripples						0.0408000000006723	9820.0264	6.739543372135548	150.82728608464592	626.9252307605178	
9820.205600000001	0.032799999999042484	Ripples						0.032799999999042484	9820.220000000001	7.290518932901609	150.81876557929002	821.0485582188263	
9823.9696	0.05760000000009313	Ripples						0.05760000000009313	9823.992	7.380099134766456	147.92999724829207	919.5109806972536	
9824.0872	0.06000000000130967	Ripples						0.06000000000130967	9824.136	6.6263096781379796	152.04025960940106	746.6240786894907	
9848.0	124.0	SleepStates											REM
9973.0	3481.0	SleepStates											Awake
9983.432	0.0632000000005064	Ripples						0.0632000000005064	9983.473600000001	8.966911514274884	143.738846504287	848.769908364249	
9984.140000000001	0.02479999999923166	Ripples						0.02479999999923166	9984.1504	7.211007805677057	157.34352741943476	936.755166782667	
9989.908000000001	0.02079999999841675	Ripples						0.02079999999841675	9989.9216	7.411417498001788	158.81347773281522	847.1797911275338	
9989.992	0.10080000000016298	Ripples						0.10080000000016298	9990.0488	12.918207157371013	154.88515642583636	1086.5151532984428	
9995.4056	0.031200000001263106	Ripples						0.031200000001263106	9995.422400000001	11.360474662465272	155.77595602764234	1198.4780406601703	
10009.2464	0.04160000000047148	Ripples						0.04160000000047148	10009.2552	8.732126175043755	152.56078417999083	810.8877964080887	
10009.3952	0.039999999999054126	Ripples						0.039999999999054126	10009.4096	23.843258427264868	155.81797231791242	1595.7178352783442	
10011.7664	0.026400000000649015	Ripples						0.026400000000649015	10011.777600000001	5.49943159864413	150.3321737200195	636.3725647905576	
10012.009600000001	0.0319999999992433	Ripples						0.0319999999992433	10012.0344	5.755871198177881	171.8524622742994	636.4839287908277	
10015.1584	0.03280000000086147	Ripples						0.03280000000086147	10015.1728	14.619971586618512	157.3080952572642	1163.1602402648668	
10015.923200000001	0.04079999999885331	Ripples						0.04079999999885331	10015.9416	11.053519311988191	155.00195981250943	1139.7905642550693	
10028.688	0.03920000000107393	Ripples						0.03920000000107393	10028.704800000001	19.60043685906006	152.89239594066436	1263.82355528004	
10028.8664	0.037599999999656575	Ripples						0.037599999999656575	10028.888	10.461723954250033	152.55810723235794	1146.8337644835285	
10070.2656	0.046399999999266583	Ripples						0.046399999999266583	10070.28	9.587346533842792	154.11069219980658	1086.235713692879	
10074.728000000001	0.028000000000247383	Ripples						0.028000000000247383	10074.7464	6.041306940660444	153.99821345086838	844.3684667849185	
10075.008	0.028000000000247383	Ripples						0.028000000000247383	10075.0192	7.619761082986243	161.86001798663102	991.837840804292	
10147.7888	0.023199999999633292	Ripples						0.023199999999633292	10147.7976	7.601135195501463	155.55876901043882	919.4342822259266	
10153.312	0.021600000000034925	Ripples						0.021600000000034925	10153.320800000001	8.472172755570725	161.27799078533988	988.6558783350416	
10251.6063	28.473900000000867	trials		right	none	1.0	True						
10296.5177	38.3097333333335	trials	1.0	left	left	1.0	True						
10348.630933333334	64.1829333333335	trials	1.0	right	right	1.0	False						
10385.7248	0.035200000000259024	Ripples						0.035200000000259024	10385.744	179.92571844902074	163.32399299637538	4173.9326003820615	
10459.992466666667	62.04906666666648	trials	1.0	left	left	1.0	False						
10523.408533333333	77.75300000000061	trials	1.0	right	right	1.0	False						
10567.6168	0.11599999999998545	Ripples						0.11599999999998545	10567.6736	7.055738772865155	156.07498894210136	983.7777632226271	
10573.313600000001	0.023999999999432475	Ripples						0.023999999999432475	10573.3272	8.899666800191321	160.7851128916691	1032.7527101094333	
10582.7032	0.03600000000005821	Ripples						0.03600000000005821	10582.7256	8.985527704388627	162.9044660811057	1114.3092413998331	
10636.703866666667	33.54183333333276	trials	1.0	left	left	1.0	False						
10682.515466666668	36.27583333333314	trials	1.0	right	right	1.0	False						
10732.494766666667	28.407199999999648	trials	1.0	left	left	1.0	False						
10763.069166666666	33.74186666666719	trials	1.0	right	right	1.0	False						
10819.316733333333	19.60496666666768	trials	0.0	right	left	1.0	False						
10855.0591	29.107366666667076	trials	1.0	left	left	1.0	False						
10861.792800000001	0.051199999999880674	Ripples						0.051199999999880674	10861.807200000001	7.758444047936823	159.29808673247823	1096.5270720190258	
10864.7816	0.03600000000005821	Ripples						0.03600000000005821	10864.807200000001	5.173521466334974	162.60381195076974	879.0289612976804	
10894.535766666668	53.213466666666136	trials	1.0	right	right	1.0	False						
10961.919466666666	110.22789999999986	trials	1.0	left	left	1.0	False						
10969.206400000001	0.032799999999042484	Ripples						0.032799999999042484	10969.235200000001	5.180172006058402	164.50451237628198	716.4303587896899	
11007.669600000001	0.02479999999923166	Ripples						0.02479999999923166	11007.6808	6.948583154984796	162.23129168429355	989.9953482774406	
11028.365600000001	0.11199999999917054	Ripples						0.11199999999917054	11028.3904	8.516597423880333	161.54743900379418	1150.543271377894	
11039.2672	0.04160000000047148	Ripples						0.04160000000047148	11039.2808	6.508879296195779	162.26727431554042	907.7338182206505	
11041.3552	0.0632000000005064	Ripples						0.0632000000005064	11041.3672	15.501168978976745	158.32327103186742	1341.0444371699396	
11042.912	0.08480000000054133	Ripples						0.08480000000054133	11042.9272	10.457202825580405	150.64580749144565	1079.2376799390934	
11044.356	0.06559999999990396	Ripples						0.06559999999990396	11044.380000000001	8.095824565238408	181.079106989709	818.1597846000416	
11047.468	0.0591999999996915	Ripples						0.0591999999996915	11047.488000000001	17.41811427351019	164.4389883986883	1578.9159266209485	
11055.9704	0.03600000000005821	Ripples						0.03600000000005821	11055.9904	5.921028879704648	163.57619825032748	932.5219014965434	
11056.0336	0.04800000000068394	Ripples						0.04800000000068394	11056.0712	5.614435819213794	158.17706285075235	892.5091875759805	
11057.3776	0.04560000000128639	Ripples						0.04560000000128639	11057.408800000001	10.739733824840652	148.73570184504757	976.0697343323832	
11063.5432	0.03360000000066066	Ripples						0.03360000000066066	11063.5592	11.58580156086284	166.39154500803588	1203.8898458643655	
11063.618400000001	0.044799999999668216	Ripples						0.044799999999668216	11063.6352	8.214483030844418	156.87585919380837	991.8669309716834	
11063.930400000001	0.04320000000006985	Ripples						0.04320000000006985	11063.9416	7.196136910361404	154.5045340179135	908.8255809225427	
11064.010400000001	0.03679999999985739	Ripples						0.03679999999985739	11064.0376	7.454271986109655	172.25717617066644	899.649454602601	
11079.315833333334	33.708533333332525	trials	1.0	right	right	1.0	False						
11096.4752	0.035200000000259024	Ripples						0.035200000000259024	11096.488800000001	148.00886915956588	168.90236657445178	3556.53488148597	
11100.448	0.021600000000034925	Ripples						0.021600000000034925	11100.4568	18.363334738651837	167.02498762086975	1296.2471246565092	
11104.756000000001	0.02079999999841675	Ripples						0.02079999999841675	11104.7696	15.698765386597312	168.6287565729673	1078.8131628667097	
11118.7925	53.913633333333564	trials	1.0	left	left	1.0	False						
11144.4544	0.047200000000884756	Ripples						0.047200000000884756	11144.465600000001	5.775811946739677	158.60509916068045	892.2892703413142	
11144.6704	0.03679999999985739	Ripples						0.03679999999985739	11144.7	8.3901149943507	165.3637586599431	978.3431574129881	
11181.044	0.05200000000149885	Ripples						0.05200000000149885	11181.082400000001	8.989597388357387	159.73973598389168	1037.5683000572553	
11182.531200000001	0.07119999999849824	Ripples						0.07119999999849824	11182.5448	5.616628761572394	163.6042251112499	915.1937472731453	
11185.6608	0.04400000000168802	Ripples						0.04400000000168802	11185.688	17.426269769926908	156.67298438083944	1537.9363512549405	
11187.096000000001	0.023199999999633292	Ripples						0.023199999999633292	11187.1072	11.157164463031972	163.00467090631426	1131.502924651705	
11192.211066666667	42.644099999999526	trials	1.0	right	right	1.0	False						
11240.023133333334	53.313500000000204	trials	1.0	left	left	1.0	False						
11263.531200000001	0.02079999999841675	Ripples						0.02079999999841675	11263.5416	5.40906340308176	158.93128571186122	843.4682466138503	
11308.773866666666	53.71360000000095	trials	1.0	right	right	1.0	False						
11372.456633333333	48.87903333333452	trials	1.0	left	left	1.0	False						
11387.0328	0.05040000000008149	Ripples						0.05040000000008149	11387.052	12.422860936308222	159.81176294849888	1303.4709738831505	
11398.284	0.024000000001251465	Ripples						0.024000000001251465	11398.2944	6.244298113934174	161.78900043511857	936.7009802694615	
11405.199200000001	0.0272000000004482	Ripples						0.0272000000004482	11405.2112	7.7439567917309	157.79916574303357	1068.8712720470442	
11405.2472	0.030400000001463923	Ripples						0.030400000001463923	11405.264000000001	7.71008771633925	166.06087392103876	1075.7900315880584	
11406.1608	0.0408000000006723	Ripples						0.0408000000006723	11406.1744	9.581926200672859	161.12342477314257	1155.7301541376162	
11410.343200000001	0.021600000000034925	Ripples						0.021600000000034925	11410.3544	9.988694058918863	160.12417813953493	1040.4775800202833	
11410.692000000001	0.022399999999834108	Ripples						0.022399999999834108	11410.7032	8.813547598033894	160.8087756486061	1007.1608941460207	
11427.837333333333	35.275566666667146	trials	1.0	right	right	1.0	False						
11471.415	72.08489999999983	trials	0.0	right	left	1.0	False						
11492.9616	0.0408000000006723	Ripples						0.0408000000006723	11492.9784	10.61960573207654	157.47789208513547	1183.4511068658371	
11510.6936	0.023999999999432475	Ripples						0.023999999999432475	11510.7072	9.329234443584948	164.71552916605648	1110.2767265170064	
11515.669600000001	0.032799999999042484	Ripples						0.032799999999042484	11515.6784	6.874274634254223	154.84975594667222	888.7142155694842	
11517.728000000001	0.05279999999947904	Ripples						0.05279999999947904	11517.7688	11.294982272873357	170.96438426158855	1228.2660545398148	
11522.1496	0.035200000000259024	Ripples						0.035200000000259024	11522.1712	7.219858197185631	150.52498629194193	893.6463496682568	
11526.0632	0.11199999999917054	Ripples						0.11199999999917054	11526.090400000001	21.38712607417376	156.2823716354562	1752.7319983073594	
11553.052	0.02960000000166474	Ripples						0.02960000000166474	11553.0656	6.282864001319362	171.9721401063612	952.9388032601985	
11558.803766666668	24.706266666666124	trials	1.0	left	left	1.0	False						
11565.7008	0.047200000000884756	Ripples						0.047200000000884756	11565.7232	11.262679376558086	170.24468365687397	1162.326766819788	
11679.0952	0.022400000001653098	Ripples						0.022400000001653098	11679.104000000001	10.746117171333132	162.8602051052711	1099.7149336014609	
11709.2944	0.025599999999030842	Ripples						0.025599999999030842	11709.3032	9.357547851041714	162.80479078593387	1037.544201109563	
11709.4432	0.03360000000066066	Ripples						0.03360000000066066	11709.4696	7.821963482399131	168.5107094015414	933.8478535974348	
11730.176000000001	0.039999999999054126	Ripples						0.039999999999054126	11730.204	7.0859726013979	180.435036103259	807.187783204896	
11731.912	0.023199999999633292	Ripples						0.023199999999633292	11731.922400000001	7.768548405336328	172.42401332577978	897.3656874135828	
11740.561599999999	0.02320000000145228	Ripples						0.02320000000145228	11740.5712	10.2135253232842	167.2925257823985	1080.1531591497346	
11760.4736	0.04960000000028231	Ripples						0.04960000000028231	11760.4928	13.165333588981671	172.07001910360796	1347.226600056475	
11761.5272	0.03439999999864085	Ripples						0.03439999999864085	11761.552	8.361563845298475	166.8859670354724	1101.4920322131352	
11766.953599999999	0.02480000000105065	Ripples						0.02480000000105065	11766.967999999999	8.80747095040959	159.41796022616677	1026.7800349405074	
11767.232	0.042400000000270666	Ripples						0.042400000000270666	11767.2464	11.435250813568413	163.9688155480287	1152.960555661888	
11774.2696	0.07040000000051805	Ripples						0.07040000000051805	11774.3256	6.4499479157358595	153.3653687431654	747.359934765572	
11777.2136	0.048800000000483124	Ripples						0.048800000000483124	11777.228	13.707212448433197	156.49747905339188	1363.6480102527257	
11778.344799999999	0.026400000000649015	Ripples						0.026400000000649015	11778.3528	7.764565076199398	163.33290222097233	898.7564878820581	
11781.232	0.07999999999992724	Ripples						0.07999999999992724	11781.2456	6.9162765660630665	163.63263883967943	1035.1022017291316	
11781.3496	0.05760000000009313	Ripples						0.05760000000009313	11781.3608	7.3690835499780105	157.48715037839506	994.9170976517909	
11787.351999999999	0.047200000000884756	Ripples						0.047200000000884756	11787.3832	5.4352961619873925	169.701918553699	892.2450661888416	
11816.9848	0.026399999998830026	Ripples						0.026399999998830026	11816.9984	8.592581388757086	167.980081478255	1095.6490459474426	
11827.34	0.051199999999880674	Ripples						0.051199999999880674	11827.3784	12.33480258255867	166.2804486428785	1220.3234973754656	
11827.518399999999	0.026400000000649015	Ripples						0.026400000000649015	11827.5288	9.870678444450338	164.75143434995434	1125.9816163558896	
11828.24	0.0727999999999156	Ripples						0.0727999999999156	11828.268	16.206036877729026	169.18846189898161	1472.3909196817133	
11832.7808	0.048799999998664134	Ripples						0.048799999998664134	11832.7984	9.782509051540057	163.07081001596228	1096.0346670003778	
11837.8928	0.06240000000070722	Ripples						0.06240000000070722	11837.9424	8.3910543444288	169.13432972236	1079.0190529439767	
11844.0128	0.031199999999444117	Ripples						0.031199999999444117	11844.0312	9.9932676709731	165.9314584744449	1054.7463418185448	
11844.9272	0.039999999999054126	Ripples						0.039999999999054126	11844.946399999999	10.62029915552154	178.46500418358295	1083.049799816286	
11847.0368	0.023999999999432475	Ripples						0.023999999999432475	11847.047999999999	8.67014000660597	164.16058463176068	1074.134001530935	
11848.4856	0.031199999999444117	Ripples						0.031199999999444117	11848.503999999999	7.662568484318787	168.26814189580287	980.3531241122788	
11857.2824	0.02479999999923166	Ripples						0.02479999999923166	11857.2976	5.8716118002804984	151.3660083620904	750.259623287157	
11857.5032	0.03679999999985739	Ripples						0.03679999999985739	11857.5272	9.120815378693994	168.4873156640619	1135.1016998401537	
11860.1176	0.046399999999266583	Ripples						0.046399999999266583	11860.1336	17.032780985526347	161.90753730838807	1409.4203093920519	
11860.2744	0.035200000000259024	Ripples						0.035200000000259024	11860.2856	10.584436337358028	158.07058979169616	1059.918511940648	
11861.772799999999	0.030400000001463923	Ripples						0.030400000001463923	11861.7928	5.062456697197978	166.29906157538213	684.0997245258036	
11871.9432	0.0408000000006723	Ripples						0.0408000000006723	11871.967999999999	14.287645101182978	153.7916245094791	1353.0401244297964	
11872.163199999999	0.030400000001463923	Ripples						0.030400000001463923	11872.1832	5.6103218251403915	167.09232938779618	911.5863233227722	
11874.1744	0.02479999999923166	Ripples						0.02479999999923166	11874.185599999999	11.135649218506469	160.05148602153935	1150.7065988910779	
11875.1184	0.026400000000649015	Ripples						0.026400000000649015	11875.1312	11.4726094955388	166.86131617423808	1202.1458526396798	
11875.251199999999	0.02960000000166474	Ripples						0.02960000000166474	11875.2624	10.07483828008479	168.52537029587677	1150.0416848874509	
11875.7336	0.028000000000247383	Ripples						0.028000000000247383	11875.7544	5.403882857164109	165.78711217947856	844.0334015627438	
11875.8696	0.03679999999985739	Ripples						0.03679999999985739	11875.8856	18.859312754819815	162.64422093887728	1690.6381070970917	
11877.823199999999	0.024000000001251465	Ripples						0.024000000001251465	11877.8368	9.134294692490405	164.6936356527837	1097.987548630057	
11882.1544	0.025600000000849832	Ripples						0.025600000000849832	11882.168	8.768497902529324	169.6310746102392	1048.7885821208624	
11891.036	0.032799999999042484	Ripples						0.032799999999042484	11891.0584	6.492862579096152	154.5477853978419	763.3941569041158	
11897.6376	0.023999999999432475	Ripples						0.023999999999432475	11897.648799999999	5.598753503705462	164.30672574297438	918.8750140401282	
11899.5384	0.0408000000006723	Ripples						0.0408000000006723	11899.5496	8.006006522812712	167.73378538841732	1077.2354495190496	
11902.880799999999	0.0272000000004482	Ripples						0.0272000000004482	11902.8968	5.469401996795514	170.39731996139048	901.3131563369568	
11907.452	0.07600000000093132	Ripples						0.07600000000093132	11907.4992	7.9197029125884235	163.4316700096752	1068.5993804719624	
11913.6368	0.031199999999444117	Ripples						0.031199999999444117	11913.6512	6.638030303527889	166.19255720388105	1037.0237085325116	
11913.8128	0.026400000000649015	Ripples						0.026400000000649015	11913.8264	9.308163722977653	163.18560014212264	1104.5000380416345	
12059.5512	0.03919999999925494	Ripples						0.03919999999925494	12059.5592	6.6080533071730185	164.85976132808744	835.1245476904974	
12062.2328	0.023999999999432475	Ripples						0.023999999999432475	12062.243199999999	9.604083565154493	161.23961154651835	1060.9839627741362	
12062.3872	0.026400000000649015	Ripples						0.026400000000649015	12062.4016	7.958075287913914	164.58851051110557	1066.1364169706437	
12065.3928	0.030399999999644933	Ripples						0.030399999999644933	12065.4048	13.135056228097627	156.35774550770992	1123.1963104349386	
12067.2296	0.03679999999985739	Ripples						0.03679999999985739	12067.251199999999	11.612737723700757	168.37130583545323	1333.6511569061545	
12067.619999999999	0.09680000000116706	Ripples						0.09680000000116706	12067.6472	9.669518627958558	154.81945161424113	1143.387365626725	
12075.528	0.023999999999432475	Ripples						0.023999999999432475	12075.536	6.199623898831015	162.21772616968858	903.6707284031712	
12075.7016	0.026399999998830026	Ripples						0.026399999998830026	12075.7176	6.624584120284889	164.00574459329164	881.8180116147098	
12139.2248	0.023999999999432475	Ripples						0.023999999999432475	12139.235999999999	8.259031681477905	156.44622188583566	1032.3846432833975	
12161.431199999999	0.02080000000023574	Ripples						0.02080000000023574	12161.4424	5.247637491443664	166.43327097582335	822.2927223387868	
12161.583999999999	0.0272000000004482	Ripples						0.0272000000004482	12161.5944	10.5021677715755	165.42751598568807	1100.411458024754	
12164.4296	0.03920000000107393	Ripples						0.03920000000107393	12164.4456	7.315972123595989	167.3818663020577	1047.5493011170379	
12217.928	0.06559999999990396	Ripples						0.06559999999990396	12217.96	6.634494930949194	167.0664449274	987.2059749086175	
12219.7064	0.0632000000005064	Ripples						0.0632000000005064	12219.757599999999	9.901691381691599	166.12040239919105	1186.900453941705	
12219.876	0.044799999999668216	Ripples						0.044799999999668216	12219.9136	5.353505924535434	157.64556633685785	846.9273380566549	
12221.448	0.09999999999854481	Ripples						0.09999999999854481	12221.4776	13.49643923548782	166.99259610091102	1383.5083640829976	
12224.3128	0.044799999999668216	Ripples						0.044799999999668216	12224.3288	8.17079098786188	170.73117010606308	1088.1253878348589	
12271.5808	0.028800000000046566	Ripples						0.028800000000046566	12271.5992	9.588513191344688	165.79037404388234	1107.3236121213515	
12291.6392	0.03280000000086147	Ripples						0.03280000000086147	12291.6504	6.227712263701919	155.05934571191355	786.4531148484115	
12314.192799999999	0.04960000000028231	Ripples						0.04960000000028231	12314.22	12.036975391008333	165.72501422803435	1367.0186929316737	
12314.2912	0.037599999999656575	Ripples						0.037599999999656575	12314.312	5.634677833385303	152.43978824923778	844.1334501558911	
12314.8728	0.026400000000649015	Ripples						0.026400000000649015	12314.8864	9.087710021851862	160.70633077810197	1069.1282437419977	
12405.1936	0.044799999999668216	Ripples						0.044799999999668216	12405.2224	7.770917143806017	161.45874789610187	1028.536245067097	
12405.8256	0.03839999999945576	Ripples						0.03839999999945576	12405.8392	10.134297619434653	165.42594387861553	1183.630990830656	
12406.2496	0.04800000000068394	Ripples						0.04800000000068394	12406.2736	12.881401026543623	164.1077842533435	1334.928032136325	
12414.3152	0.028000000000247383	Ripples						0.028000000000247383	12414.332	11.280816449996852	156.2254832225575	1032.3673256559455	
12415.1832	0.035200000000259024	Ripples						0.035200000000259024	12415.1912	10.169221523155949	165.91550265302288	1071.017806901646	
12416.0352	0.03679999999985739	Ripples						0.03679999999985739	12416.061599999999	12.156565289721389	153.04163104252643	1022.4622412080191	
12416.1736	0.02479999999923166	Ripples						0.02479999999923166	12416.184799999999	11.92255239326066	162.8572085598752	1254.601734724181	
12416.6	0.04320000000006985	Ripples						0.04320000000006985	12416.6136	15.109485765684315	171.11063116580826	1214.9289310278978	
12418.8208	0.04399999999986903	Ripples						0.04399999999986903	12418.84	16.34911421533341	174.26929888458002	1401.8468476176213	
12419.3896	0.062399999998888234	Ripples						0.062399999998888234	12419.4128	21.912846218705997	166.60904292225467	1644.3404710223128	
12419.8864	0.03280000000086147	Ripples						0.03280000000086147	12419.902399999999	9.705825636188349	157.9852461481441	1157.2086005689475	
12420.1944	0.037599999999656575	Ripples						0.037599999999656575	12420.216	12.125722395518865	173.99475840807276	1249.5810446333662	
12420.3688	0.037599999999656575	Ripples						0.037599999999656575	12420.3824	7.39114005316906	161.2364916031472	953.1604683308292	
12421.9984	0.0639999999984866	Ripples						0.0639999999984866	12422.0488	20.384022923911218	164.50064204428875	1579.960321980264	
12422.5232	0.05760000000009313	Ripples						0.05760000000009313	12422.540799999999	24.60772529972532	166.79844856189897	1838.5085745739275	
12422.663199999999	0.04640000000108557	Ripples						0.04640000000108557	12422.6792	17.835154304655003	173.8890333160539	1279.9432434349146	
12422.7736	0.04159999999865249	Ripples						0.04159999999865249	12422.8056	6.1781151196254465	156.21501022877138	846.0902885389519	
12424.7424	0.048800000000483124	Ripples						0.048800000000483124	12424.756	5.029377652455116	153.0416866267482	787.5514190462497	
12424.9568	0.0632000000005064	Ripples						0.0632000000005064	12424.9712	18.368838510915406	163.6835349029093	1469.745716697063	
12425.644	0.030399999999644933	Ripples						0.030399999999644933	12425.655999999999	7.223047098640183	153.95380332519667	733.1774362128858	
12426.330399999999	0.06160000000090804	Ripples						0.06160000000090804	12426.3816	6.870183732675639	164.66659855873644	1078.1760861109692	
12431.279199999999	0.0816000000013446	Ripples						0.0816000000013446	12431.337599999999	18.559814315649867	151.6213011472489	1517.623509134881	
12432.6008	0.05439999999907741	Ripples						0.05439999999907741	12432.6384	13.942133345868486	149.6134602684902	1295.0455341351487	
12433.42	0.03440000000045984	Ripples						0.03440000000045984	12433.4472	14.742247048362879	156.19785435282805	1128.7786248169584	
12434.2808	0.07119999999849824	Ripples						0.07119999999849824	12434.3184	25.2222846353062	158.91938068324143	1688.304912655889	
12437.018399999999	0.03360000000066066	Ripples						0.03360000000066066	12437.0392	12.256541852617227	160.30200948138307	1304.25875957431	
12437.184	0.023199999999633292	Ripples						0.023199999999633292	12437.1976	16.163278820808703	165.79150574164842	1332.864610763705	
12438.7448	0.027999999998428393	Ripples						0.027999999998428393	12438.7592	14.01447117390004	160.77226404084865	1445.3145976844621	
12441.2336	0.037599999999656575	Ripples						0.037599999999656575	12441.250399999999	17.49911636248997	157.70342451278077	1481.8869064070798	
12441.3912	0.05040000000008149	Ripples						0.05040000000008149	12441.412	6.573133365065062	155.91549724366647	790.9227833229716	
12443.2048	0.04800000000068394	Ripples						0.04800000000068394	12443.2328	22.113772493266488	155.46969566560566	1782.6414643673318	
12443.8368	0.03360000000066066	Ripples						0.03360000000066066	12443.856	13.490076616074708	173.16059487504913	1253.7962675493281	
12444.608	0.05519999999887659	Ripples						0.05519999999887659	12444.6256	19.619872845490647	164.2250087846124	1614.764963279575	
12445.6552	0.03280000000086147	Ripples						0.03280000000086147	12445.6728	17.571873044163535	169.10952248418178	1541.9575513116588	
12445.9816	0.024000000001251465	Ripples						0.024000000001251465	12445.992	13.186613025381957	159.79732197877368	1223.9686384360598	
12446.0672	0.06639999999970314	Ripples						0.06639999999970314	12446.0896	19.279804903277693	171.87289003164398	1663.5969153252488	
12447.4856	0.06959999999889988	Ripples						0.06959999999889988	12447.5392	15.652312568240518	163.22234223911968	1527.986031833447	
12447.619999999999	0.06240000000070722	Ripples						0.06240000000070722	12447.64	24.34760548392454	166.43930853399254	1868.271829701016	
12452.0752	0.056000000000494765	Ripples						0.056000000000494765	12452.0904	13.803019504026746	160.02535198714912	1457.0973718735554	
12452.288	0.07200000000011642	Ripples						0.07200000000011642	12452.3184	18.535772547074643	162.25726248551427	1552.9002669618646	
12453.793599999999	0.1087999999999738	Ripples						0.1087999999999738	12453.8776	14.315547826462083	161.98809515044528	1339.788802933066	
12454.088	0.1136000000005879	Ripples						0.1136000000005879	12454.105599999999	15.684014781403539	162.94753736601112	1442.624040821266	
12456.456	0.10319999999956053	Ripples						0.10319999999956053	12456.512	6.705720976260591	156.7726880289763	1033.3998533365104	
12461.0656	0.02959999999984575	Ripples						0.02959999999984575	12461.0856	16.44346851956059	166.81893654018785	1373.8869623021183	
12464.4344	0.03839999999945576	Ripples						0.03839999999945576	12464.4592	20.810170899136235	167.85680790838407	1755.7096315120314	
12481.4944	0.03280000000086147	Ripples						0.03280000000086147	12481.5168	8.310818854570352	164.46454102128052	1104.4154150363963	
12482.7232	0.04399999999986903	Ripples						0.04399999999986903	12482.7368	12.770286764382814	171.76074014923375	1268.970341277803	
12482.8896	0.026399999998830026	Ripples						0.026399999998830026	12482.9064	10.148565641287902	167.89476081501212	1083.3774017960461	
12484.8992	0.03679999999985739	Ripples						0.03679999999985739	12484.92	9.205097947183935	174.40994994048273	1010.0054036677598	
12485.8912	0.023999999999432475	Ripples						0.023999999999432475	12485.9016	14.588873214744469	168.03354942892392	1206.3980015703348	
12487.026399999999	0.02080000000023574	Ripples						0.02080000000023574	12487.0376	8.883710479439197	163.91454589309856	994.0895673439521	
12487.8976	0.07039999999869906	Ripples						0.07039999999869906	12487.9224	7.914996498980509	148.22364202182342	708.7590059932938	
12488.0536	0.028000000000247383	Ripples						0.028000000000247383	12488.0648	5.388220028514277	156.23475059457334	875.8539540511754	
12488.1208	0.0591999999996915	Ripples						0.0591999999996915	12488.1456	9.858633460446244	162.82211194112344	1114.719702535175	
12489.134399999999	0.042400000000270666	Ripples						0.042400000000270666	12489.148799999999	9.763053284062567	150.31700717988744	1025.7017786483696	
12490.395999999999	0.022400000001653098	Ripples						0.022400000001653098	12490.4072	6.665400854156639	155.31689964252578	773.152491879336	
12492.2464	0.03600000000005821	Ripples						0.03600000000005821	12492.2616	14.008379950154495	153.83791411369106	1172.79577635254	
12493.392	0.08719999999993888	Ripples						0.08719999999993888	12493.4424	9.152287911711566	150.1858597289431	979.9662705422844	
12493.592	0.02719999999862921	Ripples						0.02719999999862921	12493.6064	11.1438961676261	169.09183854285627	1193.3942283616095	
12497.6176	0.030399999999644933	Ripples						0.030399999999644933	12497.632	11.76121032669546	163.7768650727267	1196.7717329936438	
12498.9352	0.025599999999030842	Ripples						0.025599999999030842	12498.948	12.350123083999977	164.66700803134236	1233.35487167169	
12499.3104	0.028000000000247383	Ripples						0.028000000000247383	12499.3216	12.053290002048014	157.4061684287257	1151.3444434598825	
12499.4792	0.03280000000086147	Ripples						0.03280000000086147	12499.4872	13.116419702097277	167.78706230914656	1127.13374231814	
12500.0848	0.023199999999633292	Ripples						0.023199999999633292	12500.1	8.362528577905232	158.25221660948782	904.4441540412124	
12500.5224	0.0272000000004482	Ripples						0.0272000000004482	12500.5368	10.373882609017501	161.71474010010772	1127.9210026259534	
12503.771999999999	0.021600000000034925	Ripples						0.021600000000034925	12503.7832	14.797879882525201	164.19434093137093	1251.364817100225	
12504.5088	0.05520000000069558	Ripples						0.05520000000069558	12504.533599999999	13.046635650476617	161.81810266689595	1293.7095825707715	
12505.0104	0.04560000000128639	Ripples						0.04560000000128639	12505.032	13.096296031333912	145.74867265319926	1086.0152183604496	
12505.0808	0.06079999999928987	Ripples						0.06079999999928987	12505.128	8.007408337412489	161.71172447173439	1111.7210550673105	
12505.2392	0.022399999999834108	Ripples						0.022399999999834108	12505.250399999999	7.495974505976992	161.62255014599668	932.5844497951925	
12505.395999999999	0.03440000000045984	Ripples						0.03440000000045984	12505.4128	20.197486967733028	159.1572800407545	1500.6841346095878	
12505.562399999999	0.021600000000034925	Ripples						0.021600000000034925	12505.576	9.243723812935011	162.65628864398616	1004.8445950659133	
12508.7512	0.039999999999054126	Ripples						0.039999999999054126	12508.7752	18.10469160792533	160.2095412375646	1589.2375543844307	
12509.402399999999	0.07200000000011642	Ripples						0.07200000000011642	12509.4272	18.79838675038871	153.6745465274718	1543.2944662112966	
12509.539999999999	0.04640000000108557	Ripples						0.04640000000108557	12509.5664	20.433073608110895	165.10847885740392	1739.125638073953	
12510.424799999999	0.03200000000106229	Ripples						0.03200000000106229	12510.446399999999	10.321564593735651	168.1646407315185	1096.7727231911458	
12516.2912	0.056000000000494765	Ripples						0.056000000000494765	12516.3296	9.64123789075854	149.00092325621276	955.601039953733	
12516.3856	0.04399999999986903	Ripples						0.04399999999986903	12516.4192	12.813530363759678	155.5305238881438	1057.2343688639062	
12516.9952	0.030399999999644933	Ripples						0.030399999999644933	12517.011199999999	18.453639511544	171.3165549547425	1454.1731251455649	
12517.1024	0.08319999999912397	Ripples						0.08319999999912397	12517.119999999999	19.119972376127325	154.6207726783799	1579.4645821872698	
12517.4448	0.06400000000030559	Ripples						0.06400000000030559	12517.4816	10.40248301705048	145.9006404713747	1058.1074648779068	
12521.663999999999	0.0272000000004482	Ripples						0.0272000000004482	12521.677599999999	7.623209590148378	161.90731719486982	1017.8582000599478	
12526.9688	0.02079999999841675	Ripples						0.02079999999841675	12526.9768	10.948441020386284	166.0095776514121	1055.245024328202	
12527.112	0.05680000000029395	Ripples						0.05680000000029395	12527.142399999999	16.88608835259075	166.44971074540814	1533.097128715624	
12535.36	0.02959999999984575	Ripples						0.02959999999984575	12535.376	13.863933772678513	168.3135299332163	1346.01772714564	
12535.4904	0.0503999999982625	Ripples						0.0503999999982625	12535.508	24.78197707943796	162.48093154112996	1863.4979510945543	
12537.1728	0.16640000000006694	Ripples						0.16640000000006694	12537.3216	14.497126495504698	155.53756566791972	1311.7167566336761	
12537.9432	0.04160000000047148	Ripples						0.04160000000047148	12537.9648	14.418910835610527	156.94048029835966	1412.202449317137	
12538.1048	0.044799999999668216	Ripples						0.044799999999668216	12538.116	16.857522596070563	158.2201823107944	1400.4889252273774	
12538.176	0.03440000000045984	Ripples						0.03440000000045984	12538.2008	18.638001434574793	166.88017608102507	1481.434965780366	
12547.96	0.05520000000069558	Ripples						0.05520000000069558	12547.9712	16.784564716455556	167.84259613456064	1395.1999032580677	
12548.6352	0.022399999999834108	Ripples						0.022399999999834108	12548.6472	6.259049169580055	154.19263056865194	798.4794257846255	
12556.3696	0.02479999999923166	Ripples						0.02479999999923166	12556.384	8.615723615983974	161.68904573774998	1036.8706869240937	
12558.64	0.0408000000006723	Ripples						0.0408000000006723	12558.6576	8.54153440991262	160.4279964961379	1190.8223704765353	
12562.2704	0.06559999999990396	Ripples						0.06559999999990396	12562.323199999999	7.3425819291923435	165.26638973817128	1034.0769607470452	
12566.634399999999	0.047200000000884756	Ripples						0.047200000000884756	12566.668	12.089103559141925	168.82813644020146	1134.8715445386194	
12571.2744	0.025599999999030842	Ripples						0.025599999999030842	12571.2888	6.98597718047442	152.89784336898893	849.6720453557058	
12571.4648	0.03919999999925494	Ripples						0.03919999999925494	12571.4872	14.71506960174828	160.4152714120061	1426.3152197157274	
12571.5344	0.025599999999030842	Ripples						0.025599999999030842	12571.5488	9.859091334338974	155.91219851310237	1050.6604316256971	
12596.923999999999	0.03679999999985739	Ripples						0.03679999999985739	12596.9472	9.11142426193908	168.06676099551765	1078.8409465500329	
12596.9912	0.028800000000046566	Ripples						0.028800000000046566	12597.0128	5.574468590709885	155.1033122677749	774.8895906080512	
12601.3992	0.0455999999994674	Ripples						0.0455999999994674	12601.4256	24.41053688496613	158.6299145522642	1855.647723298178	
12601.5136	0.03359999999884167	Ripples						0.03359999999884167	12601.533599999999	15.905818047476217	165.91311956945353	1482.8763742375704	
12604.4184	0.03439999999864085	Ripples						0.03439999999864085	12604.431999999999	11.158933190575013	158.5262773972054	1185.8989400299565	
12606.832	0.023999999999432475	Ripples						0.023999999999432475	12606.8456	6.3685687100730215	156.82990735422933	867.7643839052876	
12608.1744	0.023999999999432475	Ripples						0.023999999999432475	12608.185599999999	10.082659356030737	166.953225975272	1113.0540953826223	
12608.2328	0.05199999999967986	Ripples						0.05199999999967986	12608.2488	18.581251865132202	168.8850935922544	1622.7036705368357	
12608.794399999999	0.021600000000034925	Ripples						0.021600000000034925	12608.8048	9.198133026076514	155.2450327641046	922.5520561489777	
12616.6944	0.023999999999432475	Ripples						0.023999999999432475	12616.7048	7.016204296275842	159.21415622512444	890.7959530708087	
12618.956	0.02479999999923166	Ripples						0.02479999999923166	12618.9704	8.103850993377854	156.85285121688895	825.9431748608043	
12619.279999999999	0.026400000000649015	Ripples						0.026400000000649015	12619.292	6.738719009012301	155.05170898796334	837.403759973375	
12621.5048	0.03359999999884167	Ripples						0.03359999999884167	12621.528	13.706868076715493	165.92310101613953	1233.1284585678036	
12621.6912	0.024000000001251465	Ripples						0.024000000001251465	12621.7016	11.53080444301099	168.64893976458578	1133.4354937202293	
12623.2008	0.051199999999880674	Ripples						0.051199999999880674	12623.2272	6.949399949523598	152.25704363274625	883.7250195556167	
12623.3296	0.028000000000247383	Ripples						0.028000000000247383	12623.344	5.677374802356478	148.90403773428986	751.1608022451373	
12624.5008	0.06079999999928987	Ripples						0.06079999999928987	12624.532	20.846798314001266	163.32033296065225	1692.8143748427665	
12624.9296	0.025600000000849832	Ripples						0.025600000000849832	12624.9424	10.844933324142056	160.39298232435502	1157.4808818022584	
12638.5952	0.042400000000270666	Ripples						0.042400000000270666	12638.6304	9.33610999968062	159.01638719348708	920.5968393417464	
12659.5952	0.05279999999947904	Ripples						0.05279999999947904	12659.6352	9.542690364306647	162.90543139300271	1099.590798961407	
12729.0288	0.02959999999984575	Ripples						0.02959999999984575	12729.0456	10.648486315926359	162.16092428289508	1137.9220394282117	
12729.5224	0.023199999999633292	Ripples						0.023199999999633292	12729.536	7.303056972018483	165.79978000890188	951.5444979708785	
12730.6352	0.04079999999885331	Ripples						0.04079999999885331	12730.6464	6.597193306776772	165.1671068711634	976.780484569196	
12733.5104	0.03440000000045984	Ripples						0.03440000000045984	12733.528	9.13458700751627	155.49762284615213	990.9879804058688	
12747.2544	0.023999999999432475	Ripples						0.023999999999432475	12747.2624	8.61564054578388	164.91693655557052	953.2250321029732	
12754.1408	0.08960000000115542	Ripples						0.08960000000115542	12754.163199999999	16.4288513500526	165.2033727966606	1560.2432310594406	
12755.2528	0.06159999999908905	Ripples						0.06159999999908905	12755.2832	13.997583380005906	160.22189631310005	1446.8139386131832	
12755.4888	0.13440000000082364	Ripples						0.13440000000082364	12755.6096	11.319116267512557	149.33971724028467	1149.1176961310814	
12756.3976	0.05040000000008149	Ripples						0.05040000000008149	12756.4128	12.11633837127805	159.0086821086646	1317.7331081579741	
12757.0792	0.05760000000009313	Ripples						0.05760000000009313	12757.1296	9.196724370461087	155.63285573739697	1022.1540082819137	
12757.2496	0.03679999999985739	Ripples						0.03679999999985739	12757.2632	21.558065833112227	170.7222273459024	1558.4820631859372	
12786.3344	0.0768000000007305	Ripples						0.0768000000007305	12786.3928	11.260485007951841	152.23355133197447	1293.0404391799239	
12786.508	0.03679999999985739	Ripples						0.03679999999985739	12786.5304	21.054333014236843	163.34716624371418	1708.2330255179577	
12787.9208	0.03360000000066066	Ripples						0.03360000000066066	12787.9344	19.36255697346035	160.36566323519475	1586.3982072476995	
12789.2264	0.0591999999996915	Ripples						0.0591999999996915	12789.2408	7.304814398439884	156.96637717256544	775.1591129447824	
12791.9528	0.044800000001487206	Ripples						0.044800000001487206	12791.9704	18.328516046276835	170.10378691871097	1541.35771983958	
12792.069599999999	0.030400000001463923	Ripples						0.030400000001463923	12792.0784	8.134555405183503	153.86930993495704	790.6385115092551	
12792.7896	0.04320000000006985	Ripples						0.04320000000006985	12792.807999999999	21.618870542224705	174.01212755097382	1418.5113741231276	
12792.9048	0.048799999998664134	Ripples						0.048799999998664134	12792.923999999999	40.31773398137141	169.80516346643518	2279.2769712314944	
12793.916	0.06000000000130967	Ripples						0.06000000000130967	12793.9264	5.85441787859046	164.8366245810543	858.9335681206649	
12815.2656	0.11439999999856809	Ripples						0.11439999999856809	12815.3688	15.990993045888136	158.7644922847732	1387.706843834857	
12815.7784	0.023199999999633292	Ripples						0.023199999999633292	12815.7912	6.8596584821864	165.75186196299396	1007.1827877224514	
12815.8904	0.07439999999951397	Ripples						0.07439999999951397	12815.9112	11.942210317758827	146.96592840447119	1009.3069905556481	
12816.8	0.044799999999668216	Ripples						0.044799999999668216	12816.828	7.459529809040134	154.22055700807547	1044.960347556891	
12818.5752	0.08079999999972642	Ripples						0.08079999999972642	12818.5896	9.135778099392747	165.47873073178945	1116.34380582671	
12818.9144	0.03679999999985739	Ripples						0.03679999999985739	12818.9408	5.129277724733994	157.15391129616663	842.3622509099953	
12865.1448	0.02959999999984575	Ripples						0.02959999999984575	12865.1616	6.481192434476702	167.19527192236595	947.0805503630772	
12900.5272	0.023199999999633292	Ripples						0.023199999999633292	12900.5432	7.128778504521422	168.03722113733366	894.938577756057	
12901.8752	0.026399999998830026	Ripples						0.026399999998830026	12901.8856	7.0858632664044245	159.50114960539744	955.1561096033373	
12901.924799999999	0.03840000000127475	Ripples						0.03840000000127475	12901.9488	14.939064933270933	156.45652256069985	1362.9211064927172	
12907.8104	0.02479999999923166	Ripples						0.02479999999923166	12907.824	5.938281101121606	160.6418536389029	917.2190179350605	
12915.7616	0.02959999999984575	Ripples						0.02959999999984575	12915.7704	5.367441291743095	171.37049611930578	785.8145302537044	
12927.1248	0.07920000000012806	Ripples						0.07920000000012806	12927.1808	11.607968817027112	167.60420040994708	1164.4308052802896	
12929.9496	0.07599999999911233	Ripples						0.07599999999911233	12930.0152	5.280232471503032	164.1406221160786	852.6790031767065	
12939.1824	0.08719999999993888	Ripples						0.08719999999993888	12939.2384	24.730881753973765	161.44514624877698	1803.301319250027	
12947.5816	0.022399999999834108	Ripples						0.022399999999834108	12947.5944	5.560499696601716	154.13424694018747	653.1798940980726	
12948.5344	0.02479999999923166	Ripples						0.02479999999923166	12948.5488	8.041541055584043	158.34301733344046	986.8194426407764	
12949.7256	0.07359999999971478	Ripples						0.07359999999971478	12949.764	6.604258125572756	167.088933006565	905.6369180224701	
12952.4224	0.09920000000056461	Ripples						0.09920000000056461	12952.453599999999	15.356607522221683	165.9288882563432	1486.716706387685	
12954.916799999999	0.05520000000069558	Ripples						0.05520000000069558	12954.9344	20.217135987919434	170.56524786901102	1717.9835013041911	
12959.168	0.0408000000006723	Ripples						0.0408000000006723	12959.184799999999	13.670062454107827	155.17470760671472	1334.9664086604935	
12962.9632	0.07200000000011642	Ripples						0.07200000000011642	12962.9832	15.731798224851316	158.9477486517848	1489.8032802681685	
12969.5792	0.031199999999444117	Ripples						0.031199999999444117	12969.592	5.854016258813689	171.46883608572074	934.6371959940777	
12969.996799999999	0.13040000000000873	Ripples						0.13040000000000873	12970.1032	19.33428280176134	157.40881497880517	1741.1878669711455	
12984.6384	0.03839999999945576	Ripples						0.03839999999945576	12984.6616	14.328295894141851	164.9358935544069	1411.7105130661357	
12989.2608	0.02080000000023574	Ripples						0.02080000000023574	12989.271999999999	5.6821487005057545	163.34102974050725	826.307960976748	
12994.18	0.02479999999923166	Ripples						0.02479999999923166	12994.1944	6.923734629802151	155.03971002200873	832.7347639264908	
12996.7848	0.021600000000034925	Ripples						0.021600000000034925	12996.7992	7.112468737709352	157.78291531942568	809.2508187241112	
12997.344799999999	0.05040000000008149	Ripples						0.05040000000008149	12997.3848	5.257921892845092	154.6637733639815	846.746780798214	
12998.2568	0.04960000000028231	Ripples						0.04960000000028231	12998.2832	28.771172690384226	165.719996455054	1809.911479994811	
13003.0272	0.022399999999834108	Ripples						0.022399999999834108	13003.0368	5.712957966429608	172.77911609954944	817.0657292691562	
13003.909599999999	0.07120000000031723	Ripples						0.07120000000031723	13003.9408	12.06918516704443	156.23758390763794	1220.4403720001944	
13004.6504	0.04159999999865249	Ripples						0.04159999999865249	13004.6616	16.373501205274323	168.54789431950525	1366.684138582055	
13005.9704	0.03919999999925494	Ripples						0.03919999999925494	13005.9904	8.657561800971388	161.88985615806763	1103.6576017907655	
13006.055199999999	0.028800000000046566	Ripples						0.028800000000046566	13006.0728	7.492739628793082	151.82905068349996	875.2953572850447	
13006.6312	0.023199999999633292	Ripples						0.023199999999633292	13006.6472	5.793810409433337	170.44065175972582	854.1276893302485	
13009.5704	0.025599999999030842	Ripples						0.025599999999030842	13009.5824	5.14310052751887	155.04948710133823	725.0318625530886	
13009.8744	0.028800000000046566	Ripples						0.028800000000046566	13009.8856	15.15533102195003	160.3418746705209	1381.5706948584427	
13011.830399999999	0.04640000000108557	Ripples						0.04640000000108557	13011.8472	8.444292436750333	157.04779842286754	1035.2227591183794	
13011.953599999999	0.04320000000006985	Ripples						0.04320000000006985	13011.9656	8.998280226758888	159.12154976187452	1036.5145121360308	
13013.6888	0.023999999999432475	Ripples						0.023999999999432475	13013.7024	11.043430556037169	168.3783613314067	1151.5928772543487	
13015.336	0.03679999999985739	Ripples						0.03679999999985739	13015.359199999999	13.736193129993657	169.78880817196193	1283.5468100605385	
13015.482399999999	0.0272000000004482	Ripples						0.0272000000004482	13015.4928	18.721439543904772	163.70407920183888	1463.1188737482435	
13018.728	0.044800000001487206	Ripples						0.044800000001487206	13018.7496	16.58051916579405	170.79599501942758	1437.1545503285192	
13021.7768	0.046399999999266583	Ripples						0.046399999999266583	13021.8136	14.239532632390754	164.73603585299597	1306.9326042572766	
13022.1608	0.023999999999432475	Ripples						0.023999999999432475	13022.1744	5.596289830918854	158.50614590071865	795.6711653877309	
13023.663999999999	0.08320000000094296	Ripples						0.08320000000094296	13023.7056	17.62869160587662	149.57846184853022	1379.380600489366	
13028.3328	0.13760000000002037	Ripples						0.13760000000002037	13028.417599999999	24.83717503219135	159.06971710914183	1830.1286073306487	
13032.9088	0.02080000000023574	Ripples						0.02080000000023574	13032.9216	5.493189296474417	167.90780921107387	846.4843349112166	
13037.1976	0.020000000000436557	Ripples						0.020000000000436557	13037.2048	7.875733178890551	166.07462749559403	896.0884356348264	
13038.6464	0.023199999999633292	Ripples						0.023199999999633292	13038.656799999999	6.88663450474134	169.6467839982696	931.4718067641016	
13039.9568	0.04719999999906577	Ripples						0.04719999999906577	13039.98	8.413303912588068	146.62764225683438	767.0717801975882	
13052.836	0.0591999999996915	Ripples						0.0591999999996915	13052.8816	10.766335434705038	159.32528039060304	1245.5818654368513	
13059.8528	0.025599999999030842	Ripples						0.025599999999030842	13059.8672	11.185345645470703	159.05439050156164	1161.4398622297288	
13062.4296	0.05040000000008149	Ripples						0.05040000000008149	13062.4592	14.840978528057246	160.44797198023787	1373.1530800687474	
13062.564	0.023999999999432475	Ripples						0.023999999999432475	13062.576799999999	7.850035392850015	163.6644278253197	1020.9281385485498	
13062.6464	0.0544000000008964	Ripples						0.0544000000008964	13062.684799999999	14.93387434344043	163.48237838351622	1430.143210176988	
13064.4232	0.022399999999834108	Ripples						0.022399999999834108	13064.4344	6.724355030189852	156.43343806283517	838.3904984721507	
13064.5368	0.03360000000066066	Ripples						0.03360000000066066	13064.5512	19.932837313381967	161.76709043186	1633.931693360217	
13065.48	0.051199999999880674	Ripples						0.051199999999880674	13065.4928	21.955069834122646	165.78658060903766	1536.1085099034306	
13065.5928	0.030399999999644933	Ripples						0.030399999999644933	13065.6072	14.944492780340747	164.65450973379544	1421.2621870449434	
13067.788	0.03839999999945576	Ripples						0.03839999999945576	13067.815999999999	12.908693096084859	164.29150604054823	1219.8704746561853	
13076.562399999999	0.03200000000106229	Ripples						0.03200000000106229	13076.583999999999	12.306504130469854	167.01312538701617	1253.1011315653946	
13078.7904	0.0408000000006723	Ripples						0.0408000000006723	13078.812	11.697473040271234	164.66004388419609	1285.551373669352	
13088.1296	0.028000000000247383	Ripples						0.028000000000247383	13088.1408	10.940826616468403	163.52837580928104	1158.6693560501835	
13095.46	0.03840000000127475	Ripples						0.03840000000127475	13095.482399999999	14.281054939257066	166.4174391026799	1479.8265572098676	
13096.583999999999	0.03280000000086147	Ripples						0.03280000000086147	13096.6096	7.2975643738412845	152.6845513317364	777.5281306021477	
13097.724	0.0911999999989348	Ripples						0.0911999999989348	13097.7888	21.10864394740331	158.29103366548375	1693.865286799613	
13104.928	0.048800000000483124	Ripples						0.048800000000483124	13104.9456	21.29235589175209	172.1637900563041	1649.7097254116397	
13106.8416	0.0408000000006723	Ripples						0.0408000000006723	13106.8584	12.890645107877486	158.02504370981214	1411.2409164877108	
13106.9152	0.03679999999985739	Ripples						0.03679999999985739	13106.939199999999	12.336688096986531	178.74039936046358	1000.7287843872966	
13109.8888	0.07199999999829743	Ripples						0.07199999999829743	13109.9288	7.294913654896729	151.0653684995294	1013.3629531409466	
13110.2064	0.024000000001251465	Ripples						0.024000000001251465	13110.2232	8.571846587429988	164.6502102942411	999.832179106903	
13118.284	0.04960000000028231	Ripples						0.04960000000028231	13118.315999999999	9.419604812958072	147.75331447914655	888.4728762902238	
13120.5072	0.035200000000259024	Ripples						0.035200000000259024	13120.5176	11.967097127314995	170.78004105081294	1123.8828966303631	
13122.0096	0.08320000000094296	Ripples						0.08320000000094296	13122.0792	14.936435423262786	166.11353348634483	1393.556719613025	
13122.467999999999	0.042400000000270666	Ripples						0.042400000000270666	13122.4936	10.739174446541883	163.89909162663764	1152.1913228149854	
13122.7744	0.037599999999656575	Ripples						0.037599999999656575	13122.7912	23.010101233950607	172.78917091470709	1676.0799427269187	
13122.8776	0.02479999999923166	Ripples						0.02479999999923166	13122.887999999999	10.877683875208868	165.54302370152953	1052.8304116923607	
13124.061599999999	0.035200000000259024	Ripples						0.035200000000259024	13124.0832	5.145531163371633	162.1858484332198	852.5398781221677	
13124.1744	0.051199999999880674	Ripples						0.051199999999880674	13124.1992	10.173754175119553	166.68614175819084	1206.0174440596065	
13124.9672	0.053600000001097214	Ripples						0.053600000001097214	13124.9784	8.129581761145246	164.29521517704842	967.4203777581878	
13125.2592	0.07200000000011642	Ripples						0.07200000000011642	13125.294399999999	9.238589279493533	157.93588106548253	1138.0450663196864	
13127.448	0.058399999999892316	Ripples						0.058399999999892316	13127.4904	13.340091605629208	159.5547466982332	1200.8582281801682	
13127.568	0.05680000000029395	Ripples						0.05680000000029395	13127.5824	10.740729155598043	155.64359553544762	1117.1104447530824	
13132.2632	0.0591999999996915	Ripples						0.0591999999996915	13132.3112	8.571278598398479	161.4016215797582	1168.4062269467834	
13147.3344	0.035200000000259024	Ripples						0.035200000000259024	13147.36	6.355947479903178	154.14541029974532	826.8987359315577	
13148.5352	0.03919999999925494	Ripples						0.03919999999925494	13148.5672	5.899362259833221	164.2412934793466	762.9445370439361	
13155.8744	0.021600000000034925	Ripples						0.021600000000034925	13155.8824	10.11861727635755	161.9826184370738	973.4638840191368	
13157.583999999999	0.035200000000259024	Ripples						0.035200000000259024	13157.6064	7.995661292814527	176.54815135509153	970.3215446445944	
13157.684	0.042400000000270666	Ripples						0.042400000000270666	13157.708	14.22738010359905	177.598421710049	1239.6263166307274	
13162.743199999999	0.025600000000849832	Ripples						0.025600000000849832	13162.756	5.891153273696028	163.71551824939948	879.2405531304607	
13162.8176	0.02479999999923166	Ripples						0.02479999999923166	13162.8288	18.246279226358773	162.4527948080674	1465.4274447990545	
13163.4424	0.023199999999633292	Ripples						0.023199999999633292	13163.4584	5.643930248664415	171.81698694171658	785.7010450960073	
13166.9144	0.037599999999656575	Ripples						0.037599999999656575	13166.9432	5.492709156862366	168.21814685280796	762.6377785883953	
13172.2344	0.028000000000247383	Ripples						0.028000000000247383	13172.2488	12.435439818033892	167.1025226076661	1254.347194113715	
13173.0648	0.0272000000004482	Ripples						0.0272000000004482	13173.076	17.016550286160594	163.62252251131636	1337.2896260152122	
13175.685599999999	0.030400000001463923	Ripples						0.030400000001463923	13175.696	5.6440022658379725	152.5490697937395	849.0630139033252	
13179.024	0.030399999999644933	Ripples						0.030399999999644933	13179.0416	22.089587604378483	161.17602171580168	1519.23367499304	
13186.0688	0.035200000000259024	Ripples						0.035200000000259024	13186.0904	11.18733645864112	172.78986701444444	1137.044630723657	
13189.119999999999	0.03360000000066066	Ripples						0.03360000000066066	13189.1368	17.171463161787486	162.27228226864162	1531.8800455493504	
13189.996799999999	0.042400000000270666	Ripples						0.042400000000270666	13190.0048	12.966286570827656	166.57896036751788	1109.7089450544852	
13197.6976	0.03839999999945576	Ripples						0.03839999999945576	13197.7208	14.887853985934166	166.72147998302657	1415.3382822054768	
13197.8856	0.028800000000046566	Ripples						0.028800000000046566	13197.9016	14.215441366665054	168.95190230649408	1290.2747002610113	
13213.9856	0.028800000000046566	Ripples						0.028800000000046566	13214.008	6.280927719585505	173.00077615610948	754.4186388602341	
13216.395199999999	0.037600000001475564	Ripples						0.037600000001475564	13216.412	7.122796015050051	158.2527683755293	1004.8783363310888	
13216.948	0.07200000000011642	Ripples						0.07200000000011642	13216.9592	6.6262083072582785	181.65276043020512	610.9510966031945	
13218.752	0.048799999998664134	Ripples						0.048799999998664134	13218.7744	17.83042113906664	166.14123406854722	1651.8306234811814	
13218.9368	0.03280000000086147	Ripples						0.03280000000086147	13218.953599999999	10.295611458772482	167.35262084399034	1258.1593673620112	
13221.492	0.04160000000047148	Ripples						0.04160000000047148	13221.5064	22.43568849887034	160.5378292478788	1734.3189645329155	
13222.4616	0.08799999999973807	Ripples						0.08799999999973807	13222.488	6.70731087060393	143.99991503296263	756.9883508548671	
13222.5808	0.04160000000047148	Ripples						0.04160000000047148	13222.6048	21.99946435332494	167.17748700948607	1721.81778660801	
13228.672	0.021600000000034925	Ripples						0.021600000000034925	13228.684	5.7156306758261515	159.46437841932433	857.8264684960055	
13228.8696	0.07920000000012806	Ripples						0.07920000000012806	13228.931199999999	15.418925441582491	158.9117967720224	1535.8788177319366	
13228.9784	0.05520000000069558	Ripples						0.05520000000069558	13229.0008	20.54805997632574	162.4633710032253	1749.4502017060188	
13229.1256	0.03839999999945576	Ripples						0.03839999999945576	13229.1392	27.72594256225676	173.59229047458857	1684.103083007318	
13232.9232	0.024000000001251465	Ripples						0.024000000001251465	13232.9352	7.751818172507513	164.45822053942248	1008.1487766311361	
13233.0392	0.0768000000007305	Ripples						0.0768000000007305	13233.0536	14.43922292091631	156.77680903700877	1451.5988076218239	
13249.8568	0.02480000000105065	Ripples						0.02480000000105065	13249.8648	9.25786924901595	165.2187909333773	1001.2071507066767	
13249.909599999999	0.02480000000105065	Ripples						0.02480000000105065	13249.9232	11.032340792573963	159.59884146909758	1166.8679195588459	
13251.127199999999	0.08480000000054133	Ripples						0.08480000000054133	13251.144	11.99743194083679	162.15738894110947	1351.4447044338751	
13251.3224	0.035200000000259024	Ripples						0.035200000000259024	13251.3392	8.610746596417481	167.24385697893516	1142.9639774991163	
13253.2768	0.02479999999923166	Ripples						0.02479999999923166	13253.2904	11.39011673112505	157.51031565866208	1168.354207601211	
13261.967999999999	0.05520000000069558	Ripples						0.05520000000069558	13261.9992	16.986689579380048	155.64307545241255	1487.1997279122816	
13263.6336	0.02959999999984575	Ripples						0.02959999999984575	13263.6504	6.045743578637989	171.7295853849937	883.19799235235	
13271.1112	0.03360000000066066	Ripples						0.03360000000066066	13271.1312	11.713800669411032	162.2208553760938	1267.0111828069803	
13278.4576	0.056000000000494765	Ripples						0.056000000000494765	13278.475199999999	11.931428313589358	172.86824723791617	1309.3940624818986	
13282.3112	0.037599999999656575	Ripples						0.037599999999656575	13282.3288	26.422368373986334	162.9366938117329	1796.2682883183502	
13283.221599999999	0.05680000000029395	Ripples						0.05680000000029395	13283.2616	23.57216939577385	164.0451215676816	1800.048557488072	
13283.4496	0.03679999999985739	Ripples						0.03679999999985739	13283.4664	15.842986654184717	160.44223124181292	1400.800530868833	
13289.8104	0.05279999999947904	Ripples						0.05279999999947904	13289.828	24.660233103730423	165.62160645352836	1813.320952267227	
13290.8496	0.06160000000090804	Ripples						0.06160000000090804	13290.9008	12.753224942341818	165.77409954259952	1265.2969993687257	
13291.8872	0.03200000000106229	Ripples						0.03200000000106229	13291.902399999999	8.40084595892945	152.22921873913637	924.6983525007955	
13293.136	0.025599999999030842	Ripples						0.025599999999030842	13293.1456	13.746438787569693	166.64353422883133	1214.901752294252	
13299.4992	0.028000000000247383	Ripples						0.028000000000247383	13299.5104	9.660992302566639	166.9767427397378	1021.9452808764167	
13304.8752	0.023999999999432475	Ripples						0.023999999999432475	13304.8888	10.41782224425167	165.18150929707954	1141.117871834843	
13305.0024	0.03360000000066066	Ripples						0.03360000000066066	13305.0144	14.314484750639393	166.27813578341045	1334.1087722280065	
13307.3064	0.06240000000070722	Ripples						0.06240000000070722	13307.3336	13.841890062607215	158.82648703484566	1377.1816607789788	
13308.9912	0.03359999999884167	Ripples						0.03359999999884167	13309.011199999999	14.548843463449257	158.66927985168454	1329.7317702327089	
13309.6512	0.023999999999432475	Ripples						0.023999999999432475	13309.6648	10.441004585638598	160.1244206769543	1051.3516453168977	
13309.7416	0.037599999999656575	Ripples						0.037599999999656575	13309.764	17.022483669911693	172.6172453964226	1435.4303308855353	
13314.300799999999	0.031200000001263106	Ripples						0.031200000001263106	13314.3184	14.555336278502285	162.9824040523519	1409.4890624894044	
13314.4048	0.028000000000247383	Ripples						0.028000000000247383	13314.416	12.239544206081115	157.0823186332395	1172.555757194326	
13324.6288	0.023999999999432475	Ripples						0.023999999999432475	13324.6432	8.266244004111472	160.0746031279759	941.5882439916855	
13325.6376	0.12160000000039872	Ripples						0.12160000000039872	13325.6656	17.37547095560246	159.64305445606269	1375.0376507294	
13329.4632	0.0319999999992433	Ripples						0.0319999999992433	13329.4784	13.79412889346071	170.52066932314736	1236.6204327173516	
13329.5856	0.026399999998830026	Ripples						0.026399999998830026	13329.5992	8.036244765129188	164.72946931750502	1045.9123385290102	
13336.3248	0.021600000000034925	Ripples						0.021600000000034925	13336.336	9.26508046814088	163.50555904208454	1047.3773479788563	
13340.6512	0.04719999999906577	Ripples						0.04719999999906577	13340.684	12.488529791983467	153.50057791847559	1163.0439073644804	
13342.6952	0.04399999999986903	Ripples						0.04399999999986903	13342.7184	25.02744586461101	162.26373656510515	1844.3465073005634	
13348.902399999999	0.05200000000149885	Ripples						0.05200000000149885	13348.9296	13.48474751061218	168.85463065951055	1368.2994387427161	
13349.928	0.02080000000023574	Ripples						0.02080000000023574	13349.9416	7.00771767271539	165.09496707421334	868.7158569375691	
13350.0968	0.0904000000009546	Ripples						0.0904000000009546	13350.1536	24.728433046170572	154.6834746355475	1865.1878247880077	
13350.3312	0.15359999999964202	Ripples						0.15359999999964202	13350.4128	12.88003705984086	152.81735963922742	1242.6913454029445	
13354.5952	0.03919999999925494	Ripples						0.03919999999925494	13354.6192	7.212232567273998	166.74959262959302	926.753308683625	
13358.764	0.022399999999834108	Ripples						0.022399999999834108	13358.7768	6.836604314650337	161.06782017048613	901.6133183723668	
13359.2616	0.021600000000034925	Ripples						0.021600000000034925	13359.2696	8.48859743219138	165.6836473385049	954.5441033585632	
13371.503999999999	0.0544000000008964	Ripples						0.0544000000008964	13371.532	24.510775659795357	165.9987672613998	1959.629329975898	
13372.5304	0.0455999999994674	Ripples						0.0455999999994674	13372.56	15.289087372444884	174.17948812240465	1421.3737142745792	
13372.7496	0.03280000000086147	Ripples						0.03280000000086147	13372.7656	7.837562161129515	158.69418528737228	970.4733629510998	
13373.576799999999	0.056000000000494765	Ripples						0.056000000000494765	13373.591199999999	17.333253804363444	161.22189889341993	1520.9503514196927	
13373.7536	0.035200000000259024	Ripples						0.035200000000259024	13373.768	9.747214755065617	148.95385416665212	965.5184084477871	
13374.2032	0.04399999999986903	Ripples						0.04399999999986903	13374.2312	21.87405047248952	155.96266286449227	1770.0283125558637	
13391.1456	0.0272000000004482	Ripples						0.0272000000004482	13391.1648	11.710807388866243	162.44475177117656	1123.8813112133914	
13391.3096	0.03600000000005821	Ripples						0.03600000000005821	13391.3296	5.076367566514422	167.46428250992955	877.4512070029009	
13395.431199999999	0.044800000001487206	Ripples						0.044800000001487206	13395.4416	7.871685819159614	161.73966517683613	1008.7645640909734	
13403.5736	0.056000000000494765	Ripples						0.056000000000494765	13403.6144	10.13429879641796	171.12282987290382	1082.0890595412072	
13414.4584	0.023199999999633292	Ripples						0.023199999999633292	13414.475199999999	6.419706892401684	165.46339355816107	825.79856723977	
13416.8528	0.06479999999828578	Ripples						0.06479999999828578	13416.9	12.92241048449663	155.8660928756683	1242.058330076854	
13416.9992	0.04719999999906577	Ripples						0.04719999999906577	13417.0152	16.549754747401064	173.04371830248408	1291.048080890611	
13418.561599999999	0.07920000000012806	Ripples						0.07920000000012806	13418.572	14.448533284931264	164.23045251801233	1333.463653633096	
13421.2048	0.040000000000873115	Ripples						0.040000000000873115	13421.2376	8.042117261530619	162.4349843264455	992.9246008951962	
13421.2984	0.08159999999952561	Ripples						0.08159999999952561	13421.3368	11.952665634082473	156.1473866498405	1255.295905811767	
13421.4976	0.030399999999644933	Ripples						0.030399999999644933	13421.5144	27.495054823383708	162.61001978193832	1799.830987689112	
13455.0	299.0	SleepStates											Non-REM
13456.214399999999	0.0272000000004482	Ripples						0.0272000000004482	13456.228	12.164044490645228	164.33731096100612	1242.5044443928462	
13457.6976	0.08719999999993888	Ripples						0.08719999999993888	13457.7224	16.616418310974687	153.18404024025247	1236.7734697518817	
13459.1048	0.044800000001487206	Ripples						0.044800000001487206	13459.1368	11.335086322109534	156.76060845973018	1271.0149031998294	
13460.5744	0.0408000000006723	Ripples						0.0408000000006723	13460.5952	31.286897928968248	158.74842047760842	1893.095594427044	
13460.6904	0.03839999999945576	Ripples						0.03839999999945576	13460.7152	15.382304579903206	155.50346901769078	1293.8710012429317	
13462.1304	0.025599999999030842	Ripples						0.025599999999030842	13462.1464	13.084124758932717	165.40889212162085	1165.8546007680327	
13462.4648	0.044799999999668216	Ripples						0.044799999999668216	13462.4928	11.45561096962776	168.51520264474894	1307.3523914540583	
13463.6424	0.035199999998440035	Ripples						0.035199999998440035	13463.6648	11.15994660333447	156.32654497234313	1117.0642599970201	
13464.0584	0.05520000000069558	Ripples						0.05520000000069558	13464.0736	12.389077589251112	161.7454924413663	1314.035879005096	
13465.1808	0.03600000000005821	Ripples						0.03600000000005821	13465.2008	26.715410647255503	170.00055422666895	1868.5618449411263	
13466.1968	0.13440000000082364	Ripples						0.13440000000082364	13466.2784	10.622647080558684	156.2018756771659	1037.344517210541	
13466.408	0.04399999999986903	Ripples						0.04399999999986903	13466.424799999999	31.86183519344442	165.0193034202683	2051.966227749389	
13467.76	0.03679999999985739	Ripples						0.03679999999985739	13467.7704	13.753347810783541	169.58183699490638	1242.3761200314627	
13469.9576	0.04399999999986903	Ripples						0.04399999999986903	13469.9744	15.759575132976826	168.14434916380304	1492.9824126824606	
13472.596	0.035200000000259024	Ripples						0.035200000000259024	13472.619999999999	8.530774806254536	166.1798758454208	1068.527029220181	
13472.6944	0.03919999999925494	Ripples						0.03919999999925494	13472.714399999999	37.008674480351964	173.5004506895892	1785.264460169256	
13472.8176	0.05680000000029395	Ripples						0.05680000000029395	13472.837599999999	28.904493988584672	167.87620753716016	2001.0691194924862	
13473.5096	0.04640000000108557	Ripples						0.04640000000108557	13473.5312	16.130332473688753	150.88690034778048	1335.9347132403418	
13473.6512	0.02719999999862921	Ripples						0.02719999999862921	13473.6656	8.565561289692045	168.12516352853442	1019.6012770574738	
13473.8992	0.056000000000494765	Ripples						0.056000000000494765	13473.9224	16.376622350092944	159.40939006040665	1579.444553986651	
13474.3792	0.03360000000066066	Ripples						0.03360000000066066	13474.3936	19.400673932236927	160.78694364853874	1469.3020725602237	
13474.815999999999	0.0272000000004482	Ripples						0.0272000000004482	13474.8296	5.474106376112255	161.88464105575446	893.9185253507471	
13474.8784	0.056000000000494765	Ripples						0.056000000000494765	13474.8992	21.295452182695545	154.16539504110509	1733.3954969147646	
13475.4552	0.04079999999885331	Ripples						0.04079999999885331	13475.4848	13.772607151211304	154.70489586821594	1175.914038077899	
13477.8608	0.037599999999656575	Ripples						0.037599999999656575	13477.8912	8.242385861394466	162.448845734391	927.9800997868097	
13480.453599999999	0.05040000000008149	Ripples						0.05040000000008149	13480.4904	14.220425374195468	154.1914707224366	1156.7820999394646	
13480.9336	0.032799999999042484	Ripples						0.032799999999042484	13480.9504	28.901324708515517	160.52531872180313	1916.726746342104	
13481.055199999999	0.05200000000149885	Ripples						0.05200000000149885	13481.0888	28.38634919921999	165.54882854971225	2082.3861077835963	
13484.0464	0.04640000000108557	Ripples						0.04640000000108557	13484.0632	6.33936697181959	164.10967689649056	1049.9658008466238	
13484.76	0.062399999998888234	Ripples						0.062399999998888234	13484.8056	14.955653397940432	166.52504552855405	1513.9493470702166	
13486.1752	0.028000000000247383	Ripples						0.028000000000247383	13486.1896	9.519564473101802	156.73336774432263	965.8224618620758	
13486.5712	0.11919999999918218	Ripples						0.11919999999918218	13486.608	15.671656240519164	154.58856457686647	1419.5493032414008	
13486.7584	0.03359999999884167	Ripples						0.03359999999884167	13486.78	20.54372932486926	172.43308393002212	1429.4764839447355	
13486.8768	0.04399999999986903	Ripples						0.04399999999986903	13486.8992	34.873390015835945	163.14748400316333	2185.786940710475	
13487.0096	0.051199999999880674	Ripples						0.051199999999880674	13487.0496	11.68281157418854	160.56170767371117	1185.9119861513468	
13488.672	0.04719999999906577	Ripples						0.04719999999906577	13488.7032	17.99768450734548	162.0965340381449	1574.4394537086102	
13488.896	0.032799999999042484	Ripples						0.032799999999042484	13488.9112	22.164282763720173	159.26572430159558	1560.1620111423413	
13489.0808	0.03280000000086147	Ripples						0.03280000000086147	13489.096	22.21772085833979	158.43396330391778	1703.0999345912742	
13489.6936	0.04399999999986903	Ripples						0.04399999999986903	13489.7304	7.029039009523118	164.17018532555267	877.6710739216398	
13492.0904	0.03920000000107393	Ripples						0.03920000000107393	13492.1096	17.51322365110262	163.86153207101904	1623.6406201697941	
13492.1528	0.056000000000494765	Ripples						0.056000000000494765	13492.2008	10.762245343389875	161.51927707122914	1078.2592105970693	
13494.315999999999	0.06880000000091968	Ripples						0.06880000000091968	13494.3744	10.47408844339884	153.38366430136725	1055.230316881752	
13495.5672	0.047200000000884756	Ripples						0.047200000000884756	13495.58	17.792253445472127	163.71400672912867	1432.180547939433	
13496.14	0.09920000000056461	Ripples						0.09920000000056461	13496.1656	20.15218002736374	159.23892473962817	1671.4400346744837	
13496.301599999999	0.0272000000004482	Ripples						0.0272000000004482	13496.3184	8.852262012095952	163.91799081788344	1001.2532374870977	
13498.8216	0.04320000000006985	Ripples						0.04320000000006985	13498.8416	17.848971080654536	157.31804075678568	1585.55330449628	
13498.94	0.05519999999887659	Ripples						0.05519999999887659	13498.960799999999	24.36795487243155	160.85565019442356	1764.8189295662755	
13501.7208	0.04960000000028231	Ripples						0.04960000000028231	13501.744	20.374363022147037	154.115409456651	1733.0645891159154	
13501.851999999999	0.04640000000108557	Ripples						0.04640000000108557	13501.884	8.801718202828543	151.43838717119417	1025.5041583036782	
13502.5664	0.04320000000006985	Ripples						0.04320000000006985	13502.5784	30.18139673588127	162.16035287709525	1849.8602561275738	
13505.112	0.06240000000070722	Ripples						0.06240000000070722	13505.1296	9.798271879732681	161.8523884963502	951.0727280051943	
13506.3832	0.04159999999865249	Ripples						0.04159999999865249	13506.4032	15.307147101047917	167.02995258431875	1572.0138411101025	
13507.5816	0.03679999999985739	Ripples						0.03679999999985739	13507.5992	22.932850233105444	166.94955927168337	1803.2524425040092	
13508.0512	0.02080000000023574	Ripples						0.02080000000023574	13508.0648	5.471697420272376	159.4711843367192	800.2046490955772	
13509.3832	0.039999999999054126	Ripples						0.039999999999054126	13509.4	12.974780667893365	156.72149588095516	1115.3745896333808	
13509.4584	0.07200000000011642	Ripples						0.07200000000011642	13509.4784	33.39363259926197	163.00162859657576	2094.0678059625175	
13509.6152	0.03600000000005821	Ripples						0.03600000000005821	13509.6376	14.000198916388197	155.2344074695508	1233.200568223767	
13512.5336	0.03839999999945576	Ripples						0.03839999999945576	13512.547999999999	25.797064862096377	157.44510092106617	1740.2609976442145	
13513.235999999999	0.048800000000483124	Ripples						0.048800000000483124	13513.2464	7.280373885987146	165.1745286617356	913.8882224432473	
13513.3792	0.048800000000483124	Ripples						0.048800000000483124	13513.4112	17.879867972511708	157.15195602852532	1591.4704849200766	
13513.7856	0.048800000000483124	Ripples						0.048800000000483124	13513.812	20.958407526545148	161.56696277641194	1733.236144610398	
13515.5656	0.03919999999925494	Ripples						0.03919999999925494	13515.5816	16.723466760664476	160.45597351424314	1551.2611397233925	
13516.0088	0.1087999999999738	Ripples						0.1087999999999738	13516.0744	15.12301516796936	161.8966100062293	1474.86404380693	
13516.2224	0.031199999999444117	Ripples						0.031199999999444117	13516.2368	19.8358317870805	162.7210498188569	1630.8997360190353	
13516.6584	0.05519999999887659	Ripples						0.05519999999887659	13516.6864	19.571717432998796	157.42841990837965	1512.2472027658355	
13516.743199999999	0.09120000000075379	Ripples						0.09120000000075379	13516.7992	12.716085269588689	154.62165682858102	1308.2146729858762	
13516.880799999999	0.025600000000849832	Ripples						0.025600000000849832	13516.8928	7.103457980499965	158.10796999555922	901.5686045778073	
13518.528	0.04719999999906577	Ripples						0.04719999999906577	13518.552	34.897124168731004	162.8306109539136	2125.715663091226	
13518.6736	0.10319999999956053	Ripples						0.10319999999956053	13518.7656	13.743366120945707	157.4658681132279	1314.7961543144165	
13521.8072	0.06400000000030559	Ripples						0.06400000000030559	13521.836	17.852879990270935	153.36194957240323	1481.0111047704768	
13521.9368	0.03280000000086147	Ripples						0.03280000000086147	13521.960799999999	13.191539812570538	163.09158072653713	1187.3214732850047	
13522.5864	0.04079999999885331	Ripples						0.04079999999885331	13522.6096	21.625994503570883	161.8914126962126	1747.2836347401771	
13522.8064	0.10239999999976135	Ripples						0.10239999999976135	13522.8432	14.766228888981669	158.1547248489861	1278.9152759628312	
13523.48	0.03600000000005821	Ripples						0.03600000000005821	13523.4936	15.829883883487868	169.88604054720616	1175.331683211651	
13525.644	0.04320000000006985	Ripples						0.04320000000006985	13525.6624	13.239474577709952	150.7772730694193	1116.425876142166	
13526.0432	0.03679999999985739	Ripples						0.03679999999985739	13526.061599999999	10.65217136786116	149.64427060262017	1000.7079393145475	
13527.387999999999	0.058399999999892316	Ripples						0.058399999999892316	13527.4144	30.54851027917432	158.50624928737116	2067.977776606951	
13527.5088	0.0591999999996915	Ripples						0.0591999999996915	13527.5408	18.07143368529781	161.36017076168693	1548.3496304417783	
13534.6512	0.09599999999954889	Ripples						0.09599999999954889	13534.672	17.586223223262625	156.09267529444446	1602.6263238127021	
13534.8368	0.040000000000873115	Ripples						0.040000000000873115	13534.864	14.409210306902686	167.23119322568812	1431.761541675119	
13535.044	0.0455999999994674	Ripples						0.0455999999994674	13535.0824	8.493201257793427	160.92594440889695	934.3518737891679	
13537.3056	0.06960000000071886	Ripples						0.06960000000071886	13537.344	17.734634034508282	156.77173716205252	1448.0509220663992	
13537.9336	0.05999999999949068	Ripples						0.05999999999949068	13537.9624	10.74547071347871	157.42404320276415	1176.3318444165868	
13538.148	0.028800000000046566	Ripples						0.028800000000046566	13538.16	9.727471308855018	151.30535763850048	974.5652421239322	
13539.619999999999	0.047200000000884756	Ripples						0.047200000000884756	13539.6432	19.409466335721408	159.79085790434272	1532.4576719934719	
13539.7024	0.03839999999945576	Ripples						0.03839999999945576	13539.7232	27.079941932130634	159.29744732864708	1872.7060171914432	
13540.177599999999	0.04800000000068394	Ripples						0.04800000000068394	13540.199999999999	13.961633847739988	151.31271589080743	1001.0488456356054	
13540.9872	0.02480000000105065	Ripples						0.02480000000105065	13541.0056	5.197518160749808	154.2994558463934	703.4628551706085	
13541.0856	0.03679999999985739	Ripples						0.03679999999985739	13541.0992	12.325304537085957	161.92826540699986	1281.2323282308435	
13544.392	0.032799999999042484	Ripples						0.032799999999042484	13544.4088	14.810444327401562	168.67383130550039	1301.8366251969276	
13545.2456	0.028800000000046566	Ripples						0.028800000000046566	13545.2568	8.59188212182825	158.97390324638064	985.9424633012425	
13545.3456	0.05439999999907741	Ripples						0.05439999999907741	13545.384	16.170758922037013	160.53607760376994	1553.9038709391077	
13547.569599999999	0.04400000000168802	Ripples						0.04400000000168802	13547.588	19.80568708571888	164.603912528398	1651.9917518124728	
13547.677599999999	0.05200000000149885	Ripples						0.05200000000149885	13547.6912	8.258144320001255	157.1924228242235	1073.8933155291852	
13548.1648	0.03839999999945576	Ripples						0.03839999999945576	13548.1896	15.412048894668844	155.14850001670922	1307.8969856548888	
13548.2568	0.022399999999834108	Ripples						0.022399999999834108	13548.2688	9.957450282457128	163.4511860005019	1074.8677978837122	
13550.475199999999	0.025600000000849832	Ripples						0.025600000000849832	13550.4832	5.969135781544808	155.03288373276195	725.5075363397339	
13550.699999999999	0.04400000000168802	Ripples						0.04400000000168802	13550.7224	16.111915372852874	149.12271219354224	1224.9029237390034	
13552.1072	0.021600000000034925	Ripples						0.021600000000034925	13552.1184	5.739748238502732	155.84114760333932	868.3390592535214	
13552.561599999999	0.05280000000129803	Ripples						0.05280000000129803	13552.5872	21.139106950774895	156.27527834763475	1604.002849508872	
13553.0272	0.08159999999952561	Ripples						0.08159999999952561	13553.0824	11.642523026096052	167.26898845840708	1286.5310497252135	
13553.4768	0.030399999999644933	Ripples						0.030399999999644933	13553.4912	23.33228669417675	162.01509388920738	1743.6808302496638	
13554.368	0.05519999999887659	Ripples						0.05519999999887659	13554.4088	13.234968302847507	157.73180377469603	1446.1416037657898	
13554.9336	0.10639999999875727	Ripples						0.10639999999875727	13555.0056	16.238797773286826	155.20366439232922	1418.3937586855975	
13555.0688	0.042400000000270666	Ripples						0.042400000000270666	13555.0976	5.501987061671418	146.01415827469862	807.1701856837574	
13555.2296	0.037599999999656575	Ripples						0.037599999999656575	13555.256	5.318436507259477	159.307492694487	847.3493289641563	
13556.1232	0.022399999999834108	Ripples						0.022399999999834108	13556.1384	6.170942458282102	156.7839551298409	783.6120467780474	
13556.9672	0.0680000000011205	Ripples						0.0680000000011205	13557.0072	18.109785570227185	160.95342006028187	1663.6176929693545	
13558.4744	0.053600000001097214	Ripples						0.053600000001097214	13558.5136	7.745477568571829	152.00191909546652	1010.399170314909	
13559.4104	0.06079999999928987	Ripples						0.06079999999928987	13559.423999999999	8.683074964883618	156.83442986466974	936.0020522082999	
13559.6176	0.03600000000005821	Ripples						0.03600000000005821	13559.6288	5.748775986518439	152.33816380184706	832.106576555446	
13560.0752	0.03840000000127475	Ripples						0.03840000000127475	13560.0976	18.41886980845547	169.86739074383541	1541.3636846207814	
13561.1816	0.0319999999992433	Ripples						0.0319999999992433	13561.204	14.922258406886229	165.52527380933137	1277.0672860066607	
13561.2736	0.04799999999886495	Ripples						0.04799999999886495	13561.2944	19.48625398770833	152.09422282071174	1483.6223473270147	
13567.6992	0.030400000001463923	Ripples						0.030400000001463923	13567.7184	6.4114656496147315	161.64015274459214	945.1569930613591	
13567.7688	0.04960000000028231	Ripples						0.04960000000028231	13567.801599999999	32.27200782346117	155.60707967430943	1988.0443384487198	
13569.7928	0.07920000000012806	Ripples						0.07920000000012806	13569.856	7.654363049273915	163.28008479622633	1048.4648946061488	
13569.9352	0.023999999999432475	Ripples						0.023999999999432475	13569.946399999999	11.32152679593336	162.69018408620423	1144.676134820252	
13570.0456	0.042400000000270666	Ripples						0.042400000000270666	13570.0648	31.009965307853065	166.23769566813868	1968.4826136470585	
13570.1472	0.0272000000004482	Ripples						0.0272000000004482	13570.164	7.918876878487142	166.4001978048939	1060.0984103539813	
13575.6224	0.023199999999633292	Ripples						0.023199999999633292	13575.6336	12.418692515814746	165.86243899042455	1244.6107621270833	
13575.7304	0.02959999999984575	Ripples						0.02959999999984575	13575.7416	6.542015683751449	150.17009900813946	700.1890923163376	
13576.692	0.042400000000270666	Ripples						0.042400000000270666	13576.7064	7.950347669612215	158.8434455956285	1043.693753126571	
13577.588	0.046399999999266583	Ripples						0.046399999999266583	13577.6024	17.62681140270128	152.6236617812736	1398.5389832709368	
13578.3568	0.021600000000034925	Ripples						0.021600000000034925	13578.368	10.14897619647518	166.19567844321443	1078.529914872172	
13578.663199999999	0.044800000001487206	Ripples						0.044800000001487206	13578.6808	19.217770458641766	156.8953238618703	1606.844790276273	
13578.7528	0.05279999999947904	Ripples						0.05279999999947904	13578.768	15.101369526801266	156.27339163386696	1467.2042077288668	
13578.9728	0.08159999999952561	Ripples						0.08159999999952561	13579.0432	7.132214179938705	156.94885332024714	1093.9200936617428	
13584.0264	0.051199999999880674	Ripples						0.051199999999880674	13584.0424	17.81581421105107	152.45532422450466	1301.601656252307	
13584.6832	0.05040000000008149	Ripples						0.05040000000008149	13584.7088	16.54230002807638	161.64599057012444	1478.0843343907532	
13584.7552	0.023999999999432475	Ripples						0.023999999999432475	13584.7664	9.272825253417338	163.09066099436552	1067.3889600949683	
13584.8624	0.023999999999432475	Ripples						0.023999999999432475	13584.876	9.249903560452237	156.8666748275637	1036.7866656894623	
13585.1768	0.0408000000006723	Ripples						0.0408000000006723	13585.1936	17.942888894726774	159.30631431501504	1476.3761906963573	
13585.34	0.021600000000034925	Ripples						0.021600000000034925	13585.3504	10.708551114156078	162.07237972929175	1085.34414298507	
13585.431199999999	0.056000000000494765	Ripples						0.056000000000494765	13585.464	18.741864387930974	159.31669577408633	1428.6706284900688	
13586.8848	0.04960000000028231	Ripples						0.04960000000028231	13586.9104	25.820017718852657	160.59584694962174	1953.613948762411	
13588.2488	0.028000000000247383	Ripples						0.028000000000247383	13588.2632	13.885711627580747	161.67970017726216	1387.2204162468279	
13588.301599999999	0.02320000000145228	Ripples						0.02320000000145228	13588.3136	6.87965033153496	157.46867344195405	858.4685602424936	
13591.4288	0.044799999999668216	Ripples						0.044799999999668216	13591.4632	14.965632407726153	171.24125650413345	1259.1104090750123	
13591.562399999999	0.028800000000046566	Ripples						0.028800000000046566	13591.5816	15.892588387380329	165.29425448150883	1364.2941461723474	
13593.439199999999	0.022400000001653098	Ripples						0.022400000001653098	13593.448	9.412350602912648	163.09744838368653	988.9865879778777	
13595.1176	0.02080000000023574	Ripples						0.02080000000023574	13595.1288	9.050076792118748	171.5369842037355	966.6239373490414	
13595.3344	0.040000000000873115	Ripples						0.040000000000873115	13595.3432	11.992495315760882	158.25936214647777	1138.2189443971436	
13595.446399999999	0.020000000000436557	Ripples						0.020000000000436557	13595.46	7.3470741954596095	158.17868053688673	842.7593755884167	
13597.5944	0.05199999999967986	Ripples						0.05199999999967986	13597.6184	18.176242195404285	153.21620477841705	1370.099565066466	
13597.7184	0.031199999999444117	Ripples						0.031199999999444117	13597.7384	22.25644288683277	160.5805740702661	1649.7516424551989	
13597.8496	0.13520000000062282	Ripples						0.13520000000062282	13597.8792	13.82747122767798	154.49864023759793	1207.8429004404534	
13598.0536	0.03440000000045984	Ripples						0.03440000000045984	13598.0752	19.60125271491854	166.4518066462587	1561.179641389609	
13599.953599999999	0.03280000000086147	Ripples						0.03280000000086147	13599.9784	5.233025306754539	150.90722897992956	820.7508855893086	
13600.0864	0.03600000000005821	Ripples						0.03600000000005821	13600.1088	15.566522585593392	152.49969099448336	1182.199128938174	
13600.756	0.028800000000046566	Ripples						0.028800000000046566	13600.7704	14.453114898720926	160.83132764962616	1355.8129857722938	
13600.9264	0.07599999999911233	Ripples						0.07599999999911233	13600.944	17.477142926635192	155.0879478624726	1441.7269268629384	
13601.032799999999	0.05040000000008149	Ripples						0.05040000000008149	13601.0576	10.68695418527189	149.02533751394307	967.3362954308145	
13601.1512	0.04960000000028231	Ripples						0.04960000000028231	13601.1904	9.588195207825432	156.64348138760565	1120.762578079965	
13603.9216	0.04160000000047148	Ripples						0.04160000000047148	13603.9448	6.588769675065698	163.2287627725769	1039.5152457510105	
13604.6656	0.030399999999644933	Ripples						0.030399999999644933	13604.688	9.511660033770529	155.30222299932754	976.1978624566791	
13606.569599999999	0.053600000001097214	Ripples						0.053600000001097214	13606.592	17.03649426063685	166.07690514862708	1462.8802776464406	
13606.6944	0.0775999999987107	Ripples						0.0775999999987107	13606.7088	20.44658032835941	161.1375372364898	1456.2632797266579	
13606.952	0.030399999999644933	Ripples						0.030399999999644933	13606.9664	18.985365242361198	158.59086792739052	1519.0134462642254	
13607.0408	0.03439999999864085	Ripples						0.03439999999864085	13607.0584	13.145994107001416	157.77949429585615	1315.4045000176463	
13609.1696	0.0408000000006723	Ripples						0.0408000000006723	13609.1952	23.008700090784735	162.18798972272333	1725.225665305491	
13609.4144	0.058399999999892316	Ripples						0.058399999999892316	13609.4448	16.919716971059135	162.5723405349621	1477.4771322015326	
13609.5376	0.046399999999266583	Ripples						0.046399999999266583	13609.568	12.044252480351302	172.21871208471714	1162.6983454607437	
13610.36	0.03679999999985739	Ripples						0.03679999999985739	13610.3768	13.011429173708406	162.4690746855024	1367.4541820254967	
13611.2672	0.02959999999984575	Ripples						0.02959999999984575	13611.284	15.03918511240988	165.30729768970983	1301.1479283609722	
13611.3496	0.058399999999892316	Ripples						0.058399999999892316	13611.3744	22.959110648516422	150.96231796040954	1665.7600685894638	
13613.3352	0.13040000000000873	Ripples						0.13040000000000873	13613.3896	11.320738145353237	151.7813344083171	1248.1865653784469	
13616.8408	0.026400000000649015	Ripples						0.026400000000649015	13616.859199999999	5.153757937788985	149.23214362756363	750.0417037001426	
13617.9232	0.031200000001263106	Ripples						0.031200000001263106	13617.9472	5.220106590765904	149.428657761502	457.00749313425814	
13618.5608	0.030399999999644933	Ripples						0.030399999999644933	13618.5848	5.211492321185284	157.69249628839023	465.8857123533532	
13619.250399999999	0.040000000000873115	Ripples						0.040000000000873115	13619.2776	15.386230527590524	166.6533370621836	1382.7384401204968	
13622.3928	0.023999999999432475	Ripples						0.023999999999432475	13622.4064	14.165835941178726	167.15102614071	1199.746610146304	
13623.384	0.03679999999985739	Ripples						0.03679999999985739	13623.4104	9.646789997962959	160.75475019773577	1034.1363660182753	
13623.5	0.0272000000004482	Ripples						0.0272000000004482	13623.508	7.0500732215771365	155.08408642658586	821.2260500552405	
13623.8048	0.037599999999656575	Ripples						0.037599999999656575	13623.8264	17.338501200869345	159.77013480949975	1534.1201219352145	
13626.0336	0.02719999999862921	Ripples						0.02719999999862921	13626.047999999999	12.416694415619702	166.58123913357673	1269.167904105764	
13626.148799999999	0.03360000000066066	Ripples						0.03360000000066066	13626.1656	29.382363385763835	161.750043862726	2015.6483273814129	
13627.52	0.0319999999992433	Ripples						0.0319999999992433	13627.5416	7.51499444082348	159.25200370701185	922.5708043209788	
13628.9768	0.02959999999984575	Ripples						0.02959999999984575	13628.9952	5.445871486769719	147.60757374393663	667.1190946211294	
13637.3248	0.023199999999633292	Ripples						0.023199999999633292	13637.3352	10.826217012939438	159.96242268102787	1103.2973345667417	
13637.42	0.051199999999880674	Ripples						0.051199999999880674	13637.4544	10.708866699514127	147.9296795103077	1097.0202743172606	
13643.5728	0.05439999999907741	Ripples						0.05439999999907741	13643.591199999999	19.927638541585928	153.6497087282898	1421.7547563157402	
13643.704	0.047200000000884756	Ripples						0.047200000000884756	13643.724	26.866165526709757	164.03889632012348	1936.7215171060764	
13646.7408	0.035200000000259024	Ripples						0.035200000000259024	13646.7512	8.932307933457563	165.9256897557085	1003.1353407453038	
13647.364	0.03679999999985739	Ripples						0.03679999999985739	13647.3752	6.168790515729024	159.97039030865787	740.0995226828534	
13650.428	0.07999999999992724	Ripples						0.07999999999992724	13650.4944	18.813992706342532	157.75764951141778	1602.4521011024367	
13656.22	0.047200000000884756	Ripples						0.047200000000884756	13656.2568	11.309293976558912	154.80790065711406	1164.6996324856784	
13656.7344	0.035200000000259024	Ripples						0.035200000000259024	13656.7512	18.35327568252679	164.7895995874641	1549.556358769167	
13657.328	0.03600000000005821	Ripples						0.03600000000005821	13657.3536	8.295183382666718	165.03826097756203	991.0173278632757	
13660.728	0.03440000000045984	Ripples						0.03440000000045984	13660.748	12.892973022047602	156.43232063469674	1223.4426648437977	
13661.3	0.02480000000105065	Ripples						0.02480000000105065	13661.3144	7.771503355380667	159.4181907102403	906.711249882708	
13661.6256	0.022399999999834108	Ripples						0.022399999999834108	13661.634399999999	8.65453270572762	163.6302111047518	993.0662434261237	
13662.7888	0.04159999999865249	Ripples						0.04159999999865249	13662.8176	16.125613487152787	169.67575876612423	1468.612609045147	
13665.1664	0.05760000000009313	Ripples						0.05760000000009313	13665.2064	7.75539277884955	142.77039982908792	873.6592336389898	
13665.252	0.08959999999933643	Ripples						0.08959999999933643	13665.328	10.447217828799195	153.229404363562	1244.6803765285317	
13665.5352	0.03359999999884167	Ripples						0.03359999999884167	13665.5528	11.326747489531094	168.05074959579073	1276.705073427411	
13667.5272	0.025599999999030842	Ripples						0.025599999999030842	13667.5392	17.813536209907856	163.76644747788163	1449.4175807445654	
13667.592	0.07999999999992724	Ripples						0.07999999999992724	13667.6568	28.633541571488976	161.18721656306383	1945.4320445135115	
13667.7584	0.07119999999849824	Ripples						0.07119999999849824	13667.7728	10.777301886144205	150.09491636104093	1076.021231858814	
13668.508	0.044799999999668216	Ripples						0.044799999999668216	13668.532	18.100534053179544	153.03798453229726	1526.243149655897	
13669.244	0.02959999999984575	Ripples						0.02959999999984575	13669.2632	5.06787320109246	145.4927388096505	628.8956717001721	
13669.5512	0.044799999999668216	Ripples						0.044799999999668216	13669.5688	19.103466941874164	155.02514454725403	1415.2069210501256	
13669.8336	0.035200000000259024	Ripples						0.035200000000259024	13669.8552	7.25757442230213	150.82880483086555	826.8413329273917	
13669.9688	0.023999999999432475	Ripples						0.023999999999432475	13669.98	7.825160029154226	158.20533910021157	859.9100899525638	
13675.1816	0.026400000000649015	Ripples						0.026400000000649015	13675.1952	12.878406629913147	163.96520220305183	1268.44687189513	
13675.9888	0.07440000000133296	Ripples						0.07440000000133296	13676.02	16.303856741562015	156.987826753187	1495.4237860049311	
13676.155999999999	0.04640000000108557	Ripples						0.04640000000108557	13676.1736	18.11220424859792	159.76451431827462	1633.316500935688	
13676.895199999999	0.03679999999985739	Ripples						0.03679999999985739	13676.909599999999	13.395105249146058	149.7198905417886	1138.9531347056452	
13677.476	0.027999999998428393	Ripples						0.027999999998428393	13677.488	26.147719097519428	163.92093029681163	1750.3430987318852	
13677.815999999999	0.03280000000086147	Ripples						0.03280000000086147	13677.8272	6.385956156191939	160.23775412101102	977.4784145848894	
13683.5	0.0591999999996915	Ripples						0.0591999999996915	13683.5384	11.948547296246844	160.5144666436245	1218.1501928140685	
13683.6552	0.03280000000086147	Ripples						0.03280000000086147	13683.6744	12.133099360074892	165.08872366914278	1294.0839367205929	
13684.496799999999	0.02960000000166474	Ripples						0.02960000000166474	13684.5168	7.7662632066302155	160.4937933893004	961.4215235481067	
13687.1136	0.051199999999880674	Ripples						0.051199999999880674	13687.1456	34.75622724340187	160.40541577364314	2200.581771533538	
13689.2512	0.048799999998664134	Ripples						0.048799999998664134	13689.276	23.86233019754571	159.39436638638378	1732.7599217080742	
13689.8248	0.05519999999887659	Ripples						0.05519999999887659	13689.8472	15.340782137389652	170.20118640940458	1469.6222695289523	
13689.9648	0.03280000000086147	Ripples						0.03280000000086147	13689.984	16.858687817753328	163.3955139556564	1501.1140096149043	
13695.5008	0.04320000000006985	Ripples						0.04320000000006985	13695.525599999999	17.003436598203088	150.44277001526268	1392.9357366011857	
13702.8704	0.14400000000023283	Ripples						0.14400000000023283	13702.936	16.71237026139028	144.47334122812273	1317.5523994335724	
13703.076799999999	0.03280000000086147	Ripples						0.03280000000086147	13703.0904	9.940542209248381	163.13139626185492	1107.9134913816	
13703.324	0.042399999998451676	Ripples						0.042399999998451676	13703.3472	16.526950851343003	165.8296504138416	1617.7006077583474	
13703.4712	0.10159999999996217	Ripples						0.10159999999996217	13703.4944	16.6752811650187	157.73089367570486	1539.35265015591	
13704.4224	0.0632000000005064	Ripples						0.0632000000005064	13704.4584	21.888116692637748	156.64585242522583	1794.487811903996	
13704.58	0.03600000000005821	Ripples						0.03600000000005821	13704.591199999999	26.287437650734333	168.81269272842744	1688.6224078011355	
13706.4872	0.04800000000068394	Ripples						0.04800000000068394	13706.503999999999	17.887881725343703	163.29938975317975	1507.0160309247203	
13706.6264	0.053600000001097214	Ripples						0.053600000001097214	13706.648799999999	20.933326380856002	160.37626815143622	1541.885855982298	
13707.764	0.051199999999880674	Ripples						0.051199999999880674	13707.786399999999	15.657295008077499	155.5135143809008	1396.4646128846193	
13714.9336	0.03439999999864085	Ripples						0.03439999999864085	13714.9584	6.755976953749927	163.48841149494768	931.5465055006537	
13716.3216	0.053600000001097214	Ripples						0.053600000001097214	13716.3336	11.33567558876338	156.01872029327544	955.1148944886816	
13716.416799999999	0.06720000000132131	Ripples						0.06720000000132131	13716.46	25.904419506318323	161.9442586539423	1927.759651252988	
13716.561599999999	0.03200000000106229	Ripples						0.03200000000106229	13716.572	20.430848753885616	175.53084579321782	1305.0907513634072	
13716.728	0.03679999999985739	Ripples						0.03679999999985739	13716.7448	11.119444787347389	160.1777913448059	1284.0408637470055	
13716.8504	0.047200000000884756	Ripples						0.047200000000884756	13716.8648	6.8508472508995375	150.6813467458835	885.0658071527507	
13719.7528	0.03359999999884167	Ripples						0.03359999999884167	13719.7704	32.94486924154064	162.55337001063177	2024.6865197404234	
13719.876	0.048799999998664134	Ripples						0.048799999998664134	13719.9008	13.364804324780755	151.65955289874185	1303.4424384026215	
13719.972	0.051199999999880674	Ripples						0.051199999999880674	13719.988	14.90321251155027	149.13758632948387	1210.9874589874794	
13720.1528	0.021600000000034925	Ripples						0.021600000000034925	13720.1608	11.000402573512853	162.17310500925493	1082.5839558744033	
13721.127199999999	0.028000000000247383	Ripples						0.028000000000247383	13721.1376	10.233633224589314	161.74768338610795	1113.3234823876196	
13721.214399999999	0.02480000000105065	Ripples						0.02480000000105065	13721.232	5.164728891402623	153.59811321995105	672.7536096362128	
13721.3472	0.021600000000034925	Ripples						0.021600000000034925	13721.3584	9.834916937582697	162.0825090273066	1054.4963106440694	
13723.144	0.032799999999042484	Ripples						0.032799999999042484	13723.1544	11.642349073035252	158.43009705073186	1099.2977338162473	
13723.7952	0.03679999999985739	Ripples						0.03679999999985739	13723.804	14.756632029319015	165.92365222633882	1236.3012596389683	
13723.9112	0.04399999999986903	Ripples						0.04399999999986903	13723.9264	14.647451702885483	150.1140004470322	1236.769522378715	
13726.048	0.046399999999266583	Ripples						0.046399999999266583	13726.069599999999	18.28748564766544	153.407140667577	1363.5848634955323	
13728.771999999999	0.07440000000133296	Ripples						0.07440000000133296	13728.7976	21.93683097678696	149.45269939699145	1457.0893768066746	
13729.6904	0.028800000000046566	Ripples						0.028800000000046566	13729.7016	9.651410135640186	172.27543856224972	991.2261742586131	
13730.784	0.023199999999633292	Ripples						0.023199999999633292	13730.796	8.83372666590416	159.32603077357197	1020.4196774361748	
13731.4792	0.04160000000047148	Ripples						0.04160000000047148	13731.5	14.48245645268614	153.12602141667503	1325.328894121731	
13731.7424	0.02480000000105065	Ripples						0.02480000000105065	13731.7568	17.565244635863234	165.15618271877722	1412.248998841122	
13731.8424	0.058399999999892316	Ripples						0.058399999999892316	13731.86	13.215462488694333	156.0033173579022	1328.6421405821409	
13739.188	0.037599999999656575	Ripples						0.037599999999656575	13739.2136	15.32522896278874	161.3095222298916	1392.2975294770551	
13740.68	0.039999999999054126	Ripples						0.039999999999054126	13740.6904	6.511216760897062	165.24282518031143	751.5103871458813	
13741.105599999999	0.037600000001475564	Ripples						0.037600000001475564	13741.1264	20.13366373894347	157.47958240131965	1570.0310551434613	
13749.9416	0.06400000000030559	Ripples						0.06400000000030559	13749.9664	9.157625120149204	146.37563932944954	976.4421734256873	
13753.9272	0.031199999999444117	Ripples						0.031199999999444117	13753.9512	10.799245937449225	167.54259808448035	991.532323959199	
13755.0	27.0	SleepStates											Awake
13759.018399999999	0.02960000000166474	Ripples						0.02960000000166474	13759.0408	9.988748674107624	154.5862706273201	915.009894876602	
13759.3696	0.0455999999994674	Ripples						0.0455999999994674	13759.384	20.722199819269292	165.97368061986677	1613.451013208818	
13759.4504	0.11520000000018626	Ripples						0.11520000000018626	13759.5208	19.23810364874478	148.30395214353226	1343.3564559506292	
13759.68	0.037599999999656575	Ripples						0.037599999999656575	13759.6968	34.41512105220507	161.40156062239498	2130.5110443267745	
13769.872	0.0272000000004482	Ripples						0.0272000000004482	13769.88	6.2581662717973225	162.40716497928926	822.3480739418792	
13775.4192	0.028800000000046566	Ripples						0.028800000000046566	13775.4376	19.129294222636776	158.2734590462429	1476.8209038152786	
13775.564	0.048799999998664134	Ripples						0.048799999998664134	13775.5824	27.205304322505803	157.79043790272	1804.12833665306	
13775.663199999999	0.0272000000004482	Ripples						0.0272000000004482	13775.676	8.971005776756618	161.48413895091372	1095.4472627649889	
13776.887999999999	0.021600000000034925	Ripples						0.021600000000034925	13776.8968	7.560321001297748	160.0685094297427	896.6574304375524	
13777.588	0.021600000000034925	Ripples						0.021600000000034925	13777.6024	5.078632338564517	156.5140848396472	650.2243621308204	
13777.931999999999	0.053600000001097214	Ripples						0.053600000001097214	13777.9696	13.345302608708083	156.5870337575856	1416.1166759479033	
13783.0	145.0	SleepStates											Non-REM
13783.412	0.02080000000023574	Ripples						0.02080000000023574	13783.42	9.45414531533386	164.55504195420957	972.5239347097972	
13783.5592	0.02080000000023574	Ripples						0.02080000000023574	13783.5704	5.374565992435065	158.87453367028814	728.5649843888787	
13784.668	0.05279999999947904	Ripples						0.05279999999947904	13784.6992	29.496645218019005	167.46800127964704	2037.0105800202207	
13784.88	0.03360000000066066	Ripples						0.03360000000066066	13784.8936	8.59383413103506	154.47931508593263	752.7941584818695	
13784.9632	0.07359999999971478	Ripples						0.07359999999971478	13785.018399999999	15.058857809073716	157.8778720751388	1622.4809607280656	
13786.8456	0.02959999999984575	Ripples						0.02959999999984575	13786.8584	13.700826398847207	167.43533332082535	1305.7067995726609	
13789.0296	0.028800000000046566	Ripples						0.028800000000046566	13789.0488	21.174596400799743	169.58716196335243	1498.351944003068	
13789.155999999999	0.030400000001463923	Ripples						0.030400000001463923	13789.1736	26.884648015577465	167.0028267474902	1811.5931136467204	
13789.3416	0.04320000000006985	Ripples						0.04320000000006985	13789.359199999999	12.981992675802681	156.84686813756267	1205.9692658943654	
13794.14	0.04399999999986903	Ripples						0.04399999999986903	13794.1728	12.864669222076996	163.70585734109343	1248.7441669888922	
13795.562399999999	0.03440000000045984	Ripples						0.03440000000045984	13795.5824	7.0348743528107756	158.25939846150266	596.2707668820806	
13795.641599999999	0.030400000001463923	Ripples						0.030400000001463923	13795.6592	19.463716244684843	156.45090003138657	1402.9751100092894	
13796.3576	0.03840000000127475	Ripples						0.03840000000127475	13796.3712	9.240511714490832	166.7102278837319	1107.1969991219762	
13796.492	0.04320000000006985	Ripples						0.04320000000006985	13796.5096	24.680625453942696	162.00724891742678	1868.5808069710574	
13797.8968	0.044799999999668216	Ripples						0.044799999999668216	13797.9112	11.954728455445625	157.10055007270103	1245.0840309227642	
13799.2208	0.030400000001463923	Ripples						0.030400000001463923	13799.2376	8.081127638671061	167.33567044062104	1087.5222713613448	
13799.3216	0.10239999999976135	Ripples						0.10239999999976135	13799.373599999999	9.329641181623419	143.75771792517227	900.6283936147653	
13799.6312	0.02479999999923166	Ripples						0.02479999999923166	13799.641599999999	15.28779555120101	167.33246859906987	1292.3778605962466	
13799.7384	0.06959999999889988	Ripples						0.06959999999889988	13799.776	6.268850414821087	151.7123695821148	705.2354846811407	
13800.7584	0.07519999999931315	Ripples						0.07519999999931315	13800.8128	10.720601080206643	152.57036410910155	1087.8800352359253	
13800.9064	0.03360000000066066	Ripples						0.03360000000066066	13800.9176	9.207372366921383	157.6926170906479	847.2508566472884	
13802.2424	0.028800000000046566	Ripples						0.028800000000046566	13802.257599999999	7.486418068094685	156.2693451108325	967.2966347504262	
13804.931999999999	0.021600000000034925	Ripples						0.021600000000034925	13804.9432	8.311676290363733	161.8379254818443	928.2856078715828	
13805.3608	0.06480000000010477	Ripples						0.06480000000010477	13805.402399999999	10.163843305580631	152.23912236577053	1172.423677741564	
13807.368	0.03679999999985739	Ripples						0.03679999999985739	13807.376	5.605407174924205	155.65126300828	665.2693068453143	
13807.895199999999	0.05040000000008149	Ripples						0.05040000000008149	13807.909599999999	8.069956584633735	154.7350267879801	802.8148882695028	
13808.7272	0.03600000000005821	Ripples						0.03600000000005821	13808.756	8.952427900551665	163.07511612562317	811.9663454870403	
13812.0864	0.09199999999873398	Ripples						0.09199999999873398	13812.1256	6.094414643618596	169.02670088205238	514.1531433382148	
13812.564	0.028800000000046566	Ripples						0.028800000000046566	13812.5776	13.873692870392095	169.56333837413402	1281.65225136726	
13812.8944	0.02480000000105065	Ripples						0.02480000000105065	13812.909599999999	11.276018051708684	160.32181525532297	1179.6833282474852	
13813.9016	0.037599999999656575	Ripples						0.037599999999656575	13813.931999999999	9.535152973458061	169.85257791108728	1057.3633101770233	
13815.228799999999	0.02080000000023574	Ripples						0.02080000000023574	13815.2376	8.046487274892327	170.69625728580465	890.5733579084726	
13815.6896	0.03600000000005821	Ripples						0.03600000000005821	13815.7048	5.971086457978151	145.42132753656713	518.1857083597846	
13822.7824	0.04160000000047148	Ripples						0.04160000000047148	13822.796	11.285275735830732	168.00314300680554	1267.4508051169141	
13823.2952	0.02079999999841675	Ripples						0.02079999999841675	13823.308799999999	5.218010538195931	158.03098270344012	817.204734215343	
13823.392	0.06240000000070722	Ripples						0.06240000000070722	13823.416799999999	15.264869119749093	160.29736394028376	1448.9017242349405	
13823.7104	0.03679999999985739	Ripples						0.03679999999985739	13823.7256	13.937121047170544	156.93109416138998	1296.9190566784198	
13828.8696	0.035200000000259024	Ripples						0.035200000000259024	13828.884	13.158314220443573	154.95480289987836	1180.7310160043094	
13829.5832	0.05680000000029395	Ripples						0.05680000000029395	13829.604	17.626031690439024	153.0600903772972	1430.332182229072	
13829.7328	0.026400000000649015	Ripples						0.026400000000649015	13829.743199999999	22.463891232155916	164.03495039493134	1545.0297463258855	
13831.5176	0.0544000000008964	Ripples						0.0544000000008964	13831.5408	15.897167952428077	165.45278883416822	1342.5665875620452	
13831.6448	0.04079999999885331	Ripples						0.04079999999885331	13831.6584	20.83570946196505	172.63600025397247	1538.1347701243644	
13831.7472	0.03919999999925494	Ripples						0.03919999999925494	13831.7768	6.722723913469216	157.47558923082732	987.4957475322868	
13832.044	0.030399999999644933	Ripples						0.030399999999644933	13832.0608	16.685218104375306	168.31286181087054	1509.697409987847	
13837.068	0.04320000000006985	Ripples						0.04320000000006985	13837.0824	15.777517983997754	166.8563484270573	1423.0636668936877	
13837.2096	0.04799999999886495	Ripples						0.04799999999886495	13837.2184	7.214340769450339	156.22149931610215	941.1713220871557	
13838.8064	0.11280000000078871	Ripples						0.11280000000078871	13838.856	6.851251558314006	156.81725878687897	609.8550490894108	
13839.3328	0.028800000000046566	Ripples						0.028800000000046566	13839.3536	7.2678663069429055	154.0325437484826	886.5095277646569	
13843.7776	0.040000000000873115	Ripples						0.040000000000873115	13843.792	18.658589333957988	153.12575461241053	1440.0803499249964	
13843.9376	0.0272000000004482	Ripples						0.0272000000004482	13843.9512	18.78721959175841	168.61596034884147	1479.8146752696207	
13844.6528	0.053599999999278225	Ripples						0.053599999999278225	13844.6648	12.971266576135347	156.80790915021493	1171.096817066887	
13846.8776	0.05520000000069558	Ripples						0.05520000000069558	13846.9064	18.328649343033675	152.66931421430195	1546.822586377198	
13852.3152	0.04640000000108557	Ripples						0.04640000000108557	13852.3296	19.251131933261757	158.2003770967337	1498.7994127520237	
13855.9768	0.07200000000011642	Ripples						0.07200000000011642	13856.0208	17.136285319045914	162.88841243029535	1585.9542345088898	
13856.108	0.056000000000494765	Ripples						0.056000000000494765	13856.1432	18.802251561979674	160.19112266455647	1406.905911453403	
13857.508	0.03919999999925494	Ripples						0.03919999999925494	13857.532799999999	15.778042167223903	149.74883657984282	1099.936881094271	
13860.7552	0.03200000000106229	Ripples						0.03200000000106229	13860.7664	5.8133435811050065	149.66970168104743	588.1863077898035	
13862.4432	0.021600000000034925	Ripples						0.021600000000034925	13862.4544	5.539710600712687	156.46217289262736	666.4151420760797	
13865.5456	0.10480000000097789	Ripples						0.10480000000097789	13865.569599999999	12.746466874708787	164.8204367850278	1331.9205103213128	
13865.7248	0.025599999999030842	Ripples						0.025599999999030842	13865.735999999999	11.771111150802334	158.0973063525915	1145.2961610231291	
13865.8032	0.07039999999869906	Ripples						0.07039999999869906	13865.8632	11.137392383959096	158.13852241890012	1165.2146306916386	
13869.568	0.051199999999880674	Ripples						0.051199999999880674	13869.5928	22.137854590816143	151.97674907760083	1678.543899745731	
13869.6664	0.03440000000045984	Ripples						0.03440000000045984	13869.685599999999	24.631110308055867	166.21739575016505	1820.939344288475	
13870.105599999999	0.04800000000068394	Ripples						0.04800000000068394	13870.127199999999	22.497172821860335	153.71718000623193	1710.602328474324	
13871.1328	0.0768000000007305	Ripples						0.0768000000007305	13871.144	12.152261605042243	157.7557099926393	1246.1905115800964	
13871.2688	0.046399999999266583	Ripples						0.046399999999266583	13871.2896	23.325525674441618	158.42260707684764	1800.2366695722685	
13872.6608	0.05680000000029395	Ripples						0.05680000000029395	13872.6696	14.716547416168702	159.7861223139282	1134.6755216559113	
13872.8176	0.05279999999947904	Ripples						0.05279999999947904	13872.832	14.65167779734863	156.79634652040124	1323.5367259018053	
13875.8336	0.042400000000270666	Ripples						0.042400000000270666	13875.8472	13.77650981177304	152.58342213976172	1311.4486602868499	
13875.9744	0.08880000000135624	Ripples						0.08880000000135624	13876.044	12.325331395028291	151.85881325504945	915.581268425239	
13876.744	0.0319999999992433	Ripples						0.0319999999992433	13876.7624	12.78352347804579	152.78440653334803	1119.548212658275	
13876.86	0.04719999999906577	Ripples						0.04719999999906577	13876.8816	15.669850380040712	159.84516739815936	1399.8012720932593	
13878.396	0.02959999999984575	Ripples						0.02959999999984575	13878.416799999999	16.18232685458435	157.7633532001283	1232.7957281000095	
13879.3984	0.0272000000004482	Ripples						0.0272000000004482	13879.4152	11.215517082606937	164.6701446489771	1266.9768373304896	
13879.6496	0.025599999999030842	Ripples						0.025599999999030842	13879.664	9.926234384231083	155.43414604411655	963.4623712208745	
13881.536	0.042400000000270666	Ripples						0.042400000000270666	13881.5688	7.356006158324003	158.69770710118743	976.8403583751069	
13881.6256	0.051199999999880674	Ripples						0.051199999999880674	13881.6408	13.46337398772715	148.92703811469895	1086.99335748871	
13884.3464	0.03439999999864085	Ripples						0.03439999999864085	13884.364	14.39946699345553	157.5730637602203	1477.168632140916	
13889.796	0.08560000000034051	Ripples						0.08560000000034051	13889.86	7.4901015812467575	147.46461558938685	792.69103717323	
13889.9512	0.03679999999985739	Ripples						0.03679999999985739	13889.9624	7.6357715486307915	151.01307653121	847.139203260908	
13893.048	0.021599999998215935	Ripples						0.021599999998215935	13893.0632	5.4164862613550975	154.65696819886915	652.0315902297135	
13893.1552	0.028000000000247383	Ripples						0.028000000000247383	13893.1688	17.51700578089102	160.00624176114135	1445.2677764607888	
13893.3488	0.03360000000066066	Ripples						0.03360000000066066	13893.3632	14.490990731510001	167.92288402258072	1439.9926076518473	
13894.4936	0.02080000000023574	Ripples						0.02080000000023574	13894.5016	8.108204081360979	161.1529996553032	927.3185268451269	
13900.6376	0.028000000000247383	Ripples						0.028000000000247383	13900.652	8.754712260906379	155.2921615140633	886.5556804204081	
13900.735999999999	0.06640000000152213	Ripples						0.06640000000152213	13900.776	18.053606034013065	151.63863285047307	1584.6115695327421	
13900.8728	0.07840000000032887	Ripples						0.07840000000032887	13900.9336	16.255770653956915	153.75335661631564	1468.9379423290627	
13901.0376	0.03360000000066066	Ripples						0.03360000000066066	13901.055199999999	10.705761223725322	159.23344321323896	1185.5712269338665	
13903.9928	0.032799999999042484	Ripples						0.032799999999042484	13904.0096	17.19921117909475	166.4930725577853	1434.95676739468	
13904.2392	0.053599999999278225	Ripples						0.053599999999278225	13904.2744	19.94407488541255	147.64299868015834	1541.4817170596805	
13905.6376	0.05040000000008149	Ripples						0.05040000000008149	13905.6672	9.056298991893945	163.6958708945286	1091.7610109632956	
13907.5096	0.025600000000849832	Ripples						0.025600000000849832	13907.52	13.953692428436618	169.98804982269232	1161.3319951833168	
13910.7424	0.028800000000046566	Ripples						0.028800000000046566	13910.7616	14.704224880066368	162.38317038243338	1232.4420301656114	
13910.8776	0.0272000000004482	Ripples						0.0272000000004482	13910.8904	6.015915744567012	147.3148703818414	610.357890492176	
13911.2768	0.05279999999947904	Ripples						0.05279999999947904	13911.2912	17.854335386305948	160.28788849512182	1435.9976541813026	
13912.2952	0.04079999999885331	Ripples						0.04079999999885331	13912.304	10.588485140031896	155.66441015897573	1081.490275290937	
13913.5088	0.05999999999949068	Ripples						0.05999999999949068	13913.561599999999	7.232019618571697	155.99049203152768	1014.7820997399092	
13913.5928	0.07519999999931315	Ripples						0.07519999999931315	13913.6544	31.04041999534105	157.790127372201	2016.7546492409983	
13913.7776	0.06480000000010477	Ripples						0.06480000000010477	13913.7976	17.915217529273512	161.49844132701867	1604.5899768431657	
13914.616	0.023999999999432475	Ripples						0.023999999999432475	13914.627199999999	5.141906994435369	164.9864801963332	877.1921713666945	
13914.7224	0.023999999999432475	Ripples						0.023999999999432475	13914.7336	10.014578364406681	156.5191617171834	1097.562441846183	
13914.8984	0.03440000000045984	Ripples						0.03440000000045984	13914.9128	12.769830876044743	160.00088214519707	1287.8665268630882	
13915.276	0.02479999999923166	Ripples						0.02479999999923166	13915.288	13.628729011293364	163.2358338267097	1261.738373227893	
13915.4688	0.02479999999923166	Ripples						0.02479999999923166	13915.48	13.467397670826129	158.68497460878615	1233.465025790731	
13915.604	0.07440000000133296	Ripples						0.07440000000133296	13915.6368	8.947714898188678	149.5963206884251	859.5767730898694	
13915.7464	0.03679999999985739	Ripples						0.03679999999985739	13915.7608	6.0833340569397105	149.78338364310636	768.6800407718672	
13915.9264	0.026399999998830026	Ripples						0.026399999998830026	13915.9432	9.077978628817904	169.6485199035241	1023.8481046512734	
13920.293599999999	0.02959999999984575	Ripples						0.02959999999984575	13920.3152	10.303351065413736	156.6504509078933	1027.7900078561433	
13920.3776	0.04320000000006985	Ripples						0.04320000000006985	13920.3928	21.671992327736273	155.14513198343113	1515.7308424993957	
13920.8248	0.021600000000034925	Ripples						0.021600000000034925	13920.836	6.548229724786525	164.16023612041639	917.6210190916959	
13928.7096	0.09679999999934807	Ripples						0.09679999999934807	13928.7656	10.54111005418339	155.2126519985822	987.2921799325712	
13928.8912	0.037599999999656575	Ripples						0.037599999999656575	13928.912	21.956891238511687	156.83118004050328	1683.4077707022693	
13929.0	16.0	SleepStates											Awake
13932.52	0.030399999999644933	Ripples						0.030399999999644933	13932.532	8.36576065425365	151.631542156582	910.107634636584	
13939.104	0.022399999999834108	Ripples						0.022399999999834108	13939.1144	8.206881671433644	168.2139391272196	953.5176089009287	
13939.3632	0.08480000000054133	Ripples						0.08480000000054133	13939.4232	12.391266305202935	151.90507118553364	1258.8877374204774	
13943.5864	0.053599999999278225	Ripples						0.053599999999278225	13943.6112	9.62398327819572	153.26822364292678	1042.3492106489568	
13945.8336	0.026400000000649015	Ripples						0.026400000000649015	13945.8504	6.805478672320512	162.20620541332198	934.1519808445601	
13945.94	0.0319999999992433	Ripples						0.0319999999992433	13945.952	16.168674238538358	159.50997341532351	1404.2826325694025	
13946.0	142.0	SleepStates											Non-REM
13946.2368	0.03600000000005821	Ripples						0.03600000000005821	13946.2584	7.021680354619573	145.59948147414772	803.5941463066895	
13952.707199999999	0.02960000000166474	Ripples						0.02960000000166474	13952.721599999999	9.107638605471756	153.15695219440792	901.0824900364778	
13953.9192	0.03439999999864085	Ripples						0.03439999999864085	13953.936	15.182185207380964	160.14537351498223	1489.9162089616625	
13954.9008	0.02959999999984575	Ripples						0.02959999999984575	13954.9144	11.68819747839887	172.05758639544274	1243.7100434675	
13954.992	0.028800000000046566	Ripples						0.028800000000046566	13955.0032	11.776206936118903	163.32680629912016	1143.059650856532	
13955.1072	0.044799999999668216	Ripples						0.044799999999668216	13955.1216	7.943374202741364	166.95809293636708	982.9919817254863	
13955.3192	0.035200000000259024	Ripples						0.035200000000259024	13955.344799999999	9.794656019614193	162.11280798720355	1067.3527484233712	
13955.4296	0.031199999999444117	Ripples						0.031199999999444117	13955.4384	8.738882610614064	158.19572488265186	788.6814892848647	
13956.092	0.028800000000046566	Ripples						0.028800000000046566	13956.1032	6.001524385880106	160.55178255507101	773.8761221856013	
13967.9416	0.04079999999885331	Ripples						0.04079999999885331	13967.972	14.610975668974618	153.24458163531767	1205.0716625257319	
13974.2096	0.0272000000004482	Ripples						0.0272000000004482	13974.224	13.610745243089259	160.00530387003926	1335.121214444747	
13975.830399999999	0.044800000001487206	Ripples						0.044800000001487206	13975.859199999999	16.742739370373343	157.02216817446705	1472.1274418270084	
13977.8336	0.02080000000023574	Ripples						0.02080000000023574	13977.844799999999	6.036882936053772	167.02989866596715	811.2715189784085	
13977.9448	0.03200000000106229	Ripples						0.03200000000106229	13977.96	22.971980458732304	159.21472133137917	1610.1559731981195	
13978.6192	0.0408000000006723	Ripples						0.0408000000006723	13978.6352	16.140338090380194	171.98334457904411	1367.126655813472	
13982.1744	0.028000000000247383	Ripples						0.028000000000247383	13982.184799999999	9.914213495208212	158.0901789684149	1018.2876101970952	
13982.348	0.02080000000023574	Ripples						0.02080000000023574	13982.3584	6.160579813427237	166.70401542054483	884.8351921944881	
13983.1136	0.04079999999885331	Ripples						0.04079999999885331	13983.1336	28.736001644944366	161.02127431373313	1995.9213496892007	
13983.2904	0.06799999999930151	Ripples						0.06799999999930151	13983.3296	19.476582882715096	163.27327109704044	1641.2174455185943	
13984.199999999999	0.047200000000884756	Ripples						0.047200000000884756	13984.2336	7.839550968792468	144.7701604165597	707.7903893613459	
13985.423999999999	0.0632000000005064	Ripples						0.0632000000005064	13985.4768	8.121112121934123	148.52436785464747	745.8441081557696	
13985.5496	0.053599999999278225	Ripples						0.053599999999278225	13985.5776	23.13237376259868	148.84092112548936	1531.2979010856225	
13986.1712	0.044799999999668216	Ripples						0.044799999999668216	13986.185599999999	13.018136569683751	168.2928902060971	1263.9028730377754	
13986.7752	0.023999999999432475	Ripples						0.023999999999432475	13986.786399999999	7.340011355090631	162.19551249009265	900.8010493842909	
13986.8752	0.07839999999850988	Ripples						0.07839999999850988	13986.9296	17.384814864720678	152.14152850305317	1384.983714077964	
13987.1328	0.05279999999947904	Ripples						0.05279999999947904	13987.168	15.970695432086606	152.62382482832413	1398.2434404386215	
13988.554399999999	0.06000000000130967	Ripples						0.06000000000130967	13988.5864	16.3309755599832	159.467038309617	1487.0633450303321	
13988.72	0.04399999999986903	Ripples						0.04399999999986903	13988.7344	24.552739183325574	160.57805332580858	1684.2263106034302	
13989.1584	0.03839999999945576	Ripples						0.03839999999945576	13989.1728	12.304699689121417	155.80615251843264	1146.544814560572	
13998.0648	0.037599999999656575	Ripples						0.037599999999656575	13998.0792	9.890758679249542	156.40967265825373	1075.7121277322562	
13998.2272	0.03440000000045984	Ripples						0.03440000000045984	13998.2408	7.013430327127206	159.5537563656928	837.8185915211535	
14001.0608	0.03200000000106229	Ripples						0.03200000000106229	14001.0832	6.849598427997044	148.87073055691775	805.0479644579492	
14002.0552	0.04159999999865249	Ripples						0.04159999999865249	14002.0664	7.141255137624669	156.27095519214583	864.2266978272622	
14003.402399999999	0.021600000000034925	Ripples						0.021600000000034925	14003.4136	6.181676683509403	158.63240731328824	852.0330852187464	
14003.5672	0.023999999999432475	Ripples						0.023999999999432475	14003.5808	15.774185299892276	161.40159526989322	1321.3523914221994	
14003.6736	0.039999999999054126	Ripples						0.039999999999054126	14003.684799999999	18.694257825880808	159.24200855225226	1367.8435270493405	
14003.7848	0.048800000000483124	Ripples						0.048800000000483124	14003.8	11.532630222612749	160.02660874640344	1382.4326361404721	
14003.94	0.03359999999884167	Ripples						0.03359999999884167	14003.9552	10.91457920654135	155.82342994736774	1128.3876588373296	
14004.5384	0.0455999999994674	Ripples						0.0455999999994674	14004.5568	11.679370253786029	154.04600791452316	1339.133869374193	
14004.6464	0.044799999999668216	Ripples						0.044799999999668216	14004.6744	24.770033842282693	159.30303094900512	1807.4557754595207	
14011.5664	0.08799999999973807	Ripples						0.08799999999973807	14011.6088	15.59332177605462	151.65836135830773	1545.1979707752994	
14017.9336	0.1000000000003638	Ripples						0.1000000000003638	14017.9648	29.434360349095936	153.33528100391848	1924.4517084779332	
14018.6336	0.060800000001108856	Ripples						0.060800000001108856	14018.652	14.297231252345501	152.13567919011504	1345.8031370000049	
14021.572	0.08319999999912397	Ripples						0.08319999999912397	14021.6192	13.69927863503807	157.31832571856265	1567.2468575636976	
14026.4688	0.04399999999986903	Ripples						0.04399999999986903	14026.4888	10.661085828877285	160.67652522142097	1359.2235922305103	
14027.0168	0.0272000000004482	Ripples						0.0272000000004482	14027.0344	12.277393402355097	157.5185417529233	1117.8607010817386	
14027.1248	0.04160000000047148	Ripples						0.04160000000047148	14027.1504	14.70093704055199	155.63285481099325	1264.0842843297899	
14027.2456	0.022399999999834108	Ripples						0.022399999999834108	14027.257599999999	5.790217938977991	157.13013292770563	857.0238739534018	
14028.235999999999	0.0864000000001397	Ripples						0.0864000000001397	14028.2976	16.18409950689707	146.5151245989409	1172.6965834301361	
14028.423999999999	0.03280000000086147	Ripples						0.03280000000086147	14028.436	23.459994419496873	158.17506070708401	1654.6804966215914	
14034.6584	0.035200000000259024	Ripples						0.035200000000259024	14034.6864	5.505724624084681	161.32980140130454	521.8873847742334	
14036.5568	0.05760000000009313	Ripples						0.05760000000009313	14036.591199999999	19.02843389216119	162.2822494471071	1633.666082333237	
14036.655999999999	0.022400000001653098	Ripples						0.022400000001653098	14036.6672	7.405951411072637	156.68141891593234	813.4117961474775	
14037.1328	0.021600000000034925	Ripples						0.021600000000034925	14037.1408	10.226723527522893	159.20212539088268	1010.7840310134932	
14041.0816	0.03600000000005821	Ripples						0.03600000000005821	14041.0928	9.234865272427344	158.07636665986524	1105.1253756824933	
14041.7296	0.05519999999887659	Ripples						0.05519999999887659	14041.7736	17.08216847388304	155.35651322041977	1451.7434505674678	
14041.8624	0.05199999999967986	Ripples						0.05199999999967986	14041.8832	26.574066728709383	150.76086442187056	1703.525010722587	
14042.028	0.05680000000029395	Ripples						0.05680000000029395	14042.054399999999	22.703102017297585	152.9198604747596	1592.0220535376725	
14042.3392	0.0455999999994674	Ripples						0.0455999999994674	14042.3528	15.369927403139547	155.5215498243398	1311.6198529559022	
14045.7624	0.026400000000649015	Ripples						0.026400000000649015	14045.7728	7.453386621241263	163.23320247229339	1012.4981404321192	
14045.8512	0.05920000000151049	Ripples						0.05920000000151049	14045.8896	13.991959640269023	146.67515898466104	1231.1493650272587	
14045.9792	0.030399999999644933	Ripples						0.030399999999644933	14045.9984	12.983840172394904	159.92825802439455	1276.6810755553668	
14050.2928	0.051199999999880674	Ripples						0.051199999999880674	14050.3256	15.498233447384292	153.0346780122246	1308.5240395342396	
14051.6472	0.022399999999834108	Ripples						0.022399999999834108	14051.6624	8.153189920444857	157.72172931978005	855.4377608922584	
14053.9352	0.023999999999432475	Ripples						0.023999999999432475	14053.9496	7.0290449631803655	163.04527406863656	886.9795926217195	
14055.8248	0.05760000000009313	Ripples						0.05760000000009313	14055.848	7.667866697626979	165.40963861771925	965.0770738934289	
14055.9064	0.0408000000006723	Ripples						0.0408000000006723	14055.9216	9.828308199623036	153.45940279451122	892.8023092571126	
14056.0104	0.025600000000849832	Ripples						0.025600000000849832	14056.0216	15.062283142378202	161.23703317874802	1368.0960919283136	
14056.8496	0.0272000000004482	Ripples						0.0272000000004482	14056.8576	6.547481972779895	153.38467277282638	704.9910458693117	
14057.7456	0.08799999999973807	Ripples						0.08799999999973807	14057.8168	14.071180029541866	153.3355756110031	1334.3869675048065	
14058.5528	0.028000000000247383	Ripples						0.028000000000247383	14058.5736	11.417402949418202	160.61594638675786	1024.2508086681128	
14063.3248	0.04960000000028231	Ripples						0.04960000000028231	14063.3432	5.1042545552455545	159.57552926120437	835.2304784404865	
14063.4816	0.051199999999880674	Ripples						0.051199999999880674	14063.518399999999	8.084182572805558	154.21196462465727	1083.4049571914304	
14063.569599999999	0.047200000000884756	Ripples						0.047200000000884756	14063.6	12.348431853796425	160.90636097588114	1349.8418641672	
14064.4016	0.028000000000247383	Ripples						0.028000000000247383	14064.4216	12.836201352728947	159.43296740503774	1090.7430858451064	
14070.946399999999	0.0864000000001397	Ripples						0.0864000000001397	14070.9872	27.29715949902678	159.29432942436696	1841.2207363142588	
14071.1168	0.037599999999656575	Ripples						0.037599999999656575	14071.1336	15.994102334250842	169.46125721620595	1436.6700578994885	
14075.148799999999	0.024000000001251465	Ripples						0.024000000001251465	14075.1592	7.635734640563354	162.37593998686486	939.7026877070871	
14076.3128	0.03440000000045984	Ripples						0.03440000000045984	14076.336	6.526150444516933	145.12744226863623	585.8234530455178	
14077.0384	0.02480000000105065	Ripples						0.02480000000105065	14077.0528	8.717421879437458	157.83262614176658	972.6635733288085	
14078.1992	0.03600000000005821	Ripples						0.03600000000005821	14078.214399999999	9.395618743468747	150.00731803410045	873.4639672823699	
14078.2584	0.05279999999947904	Ripples						0.05279999999947904	14078.288	22.372867936717896	149.82697297510316	1594.691354614943	
14087.5528	0.08159999999952561	Ripples						0.08159999999952561	14087.5672	12.057624650638296	157.77214217084196	1204.103695877862	
14089.0	19.0	SleepStates											Awake
14107.2712	0.07600000000093132	Ripples						0.07600000000093132	14107.3032	11.465672356317468	150.69737705016271	1165.3047831431459	
14109.0	186.0	SleepStates											Non-REM
14112.4552	0.04399999999986903	Ripples						0.04399999999986903	14112.4808	17.642012798607364	168.08126718635265	1575.6029653185287	
14112.5504	0.03679999999985739	Ripples						0.03679999999985739	14112.562399999999	8.54272420018415	152.93003072106842	861.6920921458951	
14117.373599999999	0.037600000001475564	Ripples						0.037600000001475564	14117.396	17.864041816593083	156.25490636827502	1470.4002369957097	
14117.4912	0.022399999999834108	Ripples						0.022399999999834108	14117.5064	8.597616287165161	155.34651176611501	827.0195867367319	
14119.062399999999	0.04560000000128639	Ripples						0.04560000000128639	14119.076799999999	12.366831262298586	158.62161823550574	1286.5610675044861	
14122.0856	0.030399999999644933	Ripples						0.030399999999644933	14122.1	6.974013863348039	162.08081055876988	1031.7439973502917	
14122.88	0.0408000000006723	Ripples						0.0408000000006723	14122.892	17.712312396036783	162.36973493490737	1410.3030523553437	
14122.9528	0.07040000000051805	Ripples						0.07040000000051805	14122.9664	5.529666728593831	159.03399349573434	667.7044138617155	
14123.9512	0.03440000000045984	Ripples						0.03440000000045984	14123.9696	12.76945207382785	166.84875617820506	1235.7737931901595	
14124.592	0.04079999999885331	Ripples						0.04079999999885331	14124.6232	11.517609973367836	157.33098354282603	1135.6754798303607	
14124.7056	0.03920000000107393	Ripples						0.03920000000107393	14124.7312	12.40769846630097	166.45017524934957	1374.2595842889234	
14127.5416	0.06079999999928987	Ripples						0.06079999999928987	14127.591199999999	12.965704063342487	155.09356966020968	1160.2366248477792	
14133.4688	0.028800000000046566	Ripples						0.028800000000046566	14133.484	7.063088670492243	149.4752593650833	773.6627732127318	
14134.7712	0.03360000000066066	Ripples						0.03360000000066066	14134.7856	15.787023973119988	165.96255339979035	1378.1759318101656	
14134.896	0.07679999999891152	Ripples						0.07679999999891152	14134.9248	8.145065660535083	148.89036736632687	902.5107058055082	
14135.8488	0.03600000000005821	Ripples						0.03600000000005821	14135.8608	14.296399042999507	156.54479827195053	1142.8217826240195	
14136.996	0.040000000000873115	Ripples						0.040000000000873115	14137.0152	14.779503443464332	151.54104103837216	1186.1219355641622	
14146.2808	0.031199999999444117	Ripples						0.031199999999444117	14146.2976	16.079510738991083	157.3586689320078	1396.0811393458746	
14151.0208	0.048799999998664134	Ripples						0.048799999998664134	14151.0384	15.19167426038344	165.0404002289774	1459.003577931448	
14152.2336	0.13919999999961874	Ripples						0.13919999999961874	14152.351999999999	14.137790287098438	146.17316288867448	1121.6880209087456	
14153.5864	0.032799999999042484	Ripples						0.032799999999042484	14153.6048	6.107991267418969	145.3825349376288	719.5924750216336	
14157.7616	0.028000000000247383	Ripples						0.028000000000247383	14157.776	6.235530966442269	157.92603301781006	864.1633936517061	
14157.9104	0.025599999999030842	Ripples						0.025599999999030842	14157.9184	5.172939082239627	155.17366373502978	655.9470312381156	
14157.976	0.02719999999862921	Ripples						0.02719999999862921	14157.9928	14.6585415246396	162.5338788474241	1321.29498721693	
14158.0808	0.0632000000005064	Ripples						0.0632000000005064	14158.1	12.130872767876099	153.1387868890479	1032.0551540206234	
14158.5728	0.044799999999668216	Ripples						0.044799999999668216	14158.5952	19.124203066786503	150.04545546698503	1271.6378527867935	
14158.7104	0.03440000000045984	Ripples						0.03440000000045984	14158.728799999999	13.201349142118188	171.88988822992644	1287.9425151791609	
14158.8584	0.03600000000005821	Ripples						0.03600000000005821	14158.8784	19.51602820920205	160.9191045851268	1624.475874688786	
14159.141599999999	0.053600000001097214	Ripples						0.053600000001097214	14159.155999999999	8.085541929201694	149.70891191759924	919.2046914067417	
14159.2264	0.03440000000045984	Ripples						0.03440000000045984	14159.24	19.62392675411125	156.2790289856394	1553.6947422544765	
14160.524	0.08560000000034051	Ripples						0.08560000000034051	14160.58	6.480085457210217	148.6048299065625	551.7944791045705	
14160.7168	0.028000000000247383	Ripples						0.028000000000247383	14160.732	7.717595702438273	157.16759279651436	955.312059506409	
14162.2032	0.02959999999984575	Ripples						0.02959999999984575	14162.2176	18.11622482247271	168.6908137674986	1507.154411250358	
14162.3104	0.032799999999042484	Ripples						0.032799999999042484	14162.328	16.578298969776817	162.15298315041082	1525.1380892345962	
14162.872	0.05680000000029395	Ripples						0.05680000000029395	14162.8864	8.997558814845373	149.58994777211785	970.427655109485	
14165.116	0.06639999999970314	Ripples						0.06639999999970314	14165.1328	14.552306151853012	159.4888836498976	1387.062262287205	
14166.0536	0.03600000000005821	Ripples						0.03600000000005821	14166.0792	12.144275249821085	168.487339756619	1224.1878092426293	
14174.887999999999	0.04800000000068394	Ripples						0.04800000000068394	14174.9104	15.740356543795865	159.68485731565468	1258.6005332900527	
14175.0152	0.04800000000068394	Ripples						0.04800000000068394	14175.0496	25.69409074601653	154.992879018198	1812.6084380017812	
14175.9664	0.023199999999633292	Ripples						0.023199999999633292	14175.98	11.058934006040149	160.65651545742415	993.7982324270556	
14176.9272	0.0272000000004482	Ripples						0.0272000000004482	14176.9344	5.362394841261761	181.68755244742155	595.909672897235	
14177.0928	0.04159999999865249	Ripples						0.04159999999865249	14177.1096	17.033070847062337	159.6053929960375	1466.0236092489938	
14177.7032	0.03440000000045984	Ripples						0.03440000000045984	14177.7208	22.423069091377815	163.69214749279263	1778.2020818889494	
14178.0072	0.04800000000068394	Ripples						0.04800000000068394	14178.0296	8.507890603835042	149.23370515970777	952.9768290014083	
14178.344	0.024000000001251465	Ripples						0.024000000001251465	14178.3544	11.288391318822676	162.76748450908582	1170.6193960461676	
14192.8288	0.0591999999996915	Ripples						0.0591999999996915	14192.8712	18.053508124005212	160.26138167672244	1152.604185613289	
14194.1616	0.04800000000068394	Ripples						0.04800000000068394	14194.1888	22.496628360933133	159.6942730930596	1844.6167605275393	
14195.6744	0.04960000000028231	Ripples						0.04960000000028231	14195.7024	7.11460439406591	148.76530711324946	791.0359751746957	
14201.9912	0.05199999999967986	Ripples						0.05199999999967986	14202.0096	20.67981693045226	157.74801935971453	1522.741134669121	
14202.0808	0.042400000000270666	Ripples						0.042400000000270666	14202.096	7.346227780709742	157.99708058480226	665.908509788326	
14203.2008	0.055999999998675776	Ripples						0.055999999998675776	14203.2376	29.732676360025355	158.04303669296223	1968.1248333356257	
14203.6552	0.025600000000849832	Ripples						0.025600000000849832	14203.6672	8.489008303184955	160.05639299579943	1009.9770747823354	
14203.8552	0.025599999999030842	Ripples						0.025599999999030842	14203.8704	8.298120803887329	154.41530689006674	860.1636400391473	
14204.0712	0.0319999999992433	Ripples						0.0319999999992433	14204.0848	16.247110183794454	162.14464588840912	1467.7491459549956	
14208.9152	0.03280000000086147	Ripples						0.03280000000086147	14208.9288	18.05577512545909	167.35596535167562	1559.082519845451	
14209.0336	0.021600000000034925	Ripples						0.021600000000034925	14209.044	12.04030969976517	164.28243358525125	1094.9788197784924	
14210.8432	0.040000000000873115	Ripples						0.040000000000873115	14210.8616	19.354727410586555	152.59776990964778	1387.328151036329	
14211.4672	0.030400000001463923	Ripples						0.030400000001463923	14211.4848	8.75695623141199	160.35297335736348	1084.4659611690954	
14214.4728	0.0544000000008964	Ripples						0.0544000000008964	14214.512	13.366119497529722	152.99841765581283	1245.5838665005838	
14214.8656	0.0544000000008964	Ripples						0.0544000000008964	14214.8936	8.710003868667766	147.70617941224273	914.5680086563672	
14218.416799999999	0.025600000000849832	Ripples						0.025600000000849832	14218.4248	5.405427000071524	161.47226468266743	764.8509826414214	
14218.4976	0.09279999999853317	Ripples						0.09279999999853317	14218.5312	18.809123627202062	149.78066464825787	1609.7271241851208	
14223.5576	0.03839999999945576	Ripples						0.03839999999945576	14223.572	16.570540246774957	156.21215227336845	1427.115694557682	
14223.699999999999	0.022400000001653098	Ripples						0.022400000001653098	14223.7088	5.296811974838336	158.00143319992873	754.7997425522872	
14226.1208	0.04320000000006985	Ripples						0.04320000000006985	14226.128	5.720483195874216	160.9484765876084	730.7741313986261	
14226.250399999999	0.0272000000004482	Ripples						0.0272000000004482	14226.264799999999	13.210441003221007	161.8281358042445	1337.5452748880944	
14226.569599999999	0.07520000000113214	Ripples						0.07520000000113214	14226.591199999999	13.342490740034645	147.06023593022428	1230.702399427843	
14226.7912	0.030399999999644933	Ripples						0.030399999999644933	14226.8072	10.257837573295726	150.37288229242318	1012.1178741817479	
14227.58	0.0408000000006723	Ripples						0.0408000000006723	14227.608	11.303926832761054	152.4087898551575	1076.749232725609	
14237.9248	0.048799999998664134	Ripples						0.048799999998664134	14237.9456	23.970932111448807	153.28468768941656	1817.4691740846265	
14238.1224	0.03919999999925494	Ripples						0.03919999999925494	14238.1368	23.442609861680676	155.2166640595565	1443.8730361092835	
14249.7824	0.022399999999834108	Ripples						0.022399999999834108	14249.7968	8.105020433750349	159.47591733320337	934.450190588091	
14249.8744	0.03600000000005821	Ripples						0.03600000000005821	14249.896	7.623440583706669	149.9260396374185	997.2708325366963	
14251.9816	0.04800000000068394	Ripples						0.04800000000068394	14252.0192	11.648108593061064	153.05555471703119	1081.2861258704386	
14252.112	0.07920000000012806	Ripples						0.07920000000012806	14252.18	17.934780754643125	159.28728838571396	1525.6094750772816	
14252.2584	0.05439999999907741	Ripples						0.05439999999907741	14252.292	13.976460418178045	151.69876830832715	1216.775449856627	
14254.3688	0.03359999999884167	Ripples						0.03359999999884167	14254.3896	18.00246732890664	156.0249071877205	1306.3112368077213	
14254.512	0.039999999999054126	Ripples						0.039999999999054126	14254.5288	21.965823489855897	160.3574121280337	1767.9557904765804	
14254.6384	0.031199999999444117	Ripples						0.031199999999444117	14254.655999999999	13.763641653061566	154.08867066721123	1133.9661367814324	
14256.902399999999	0.03920000000107393	Ripples						0.03920000000107393	14256.928	16.994005572347664	163.13235453383834	1533.1165909060812	
14257.032	0.04320000000006985	Ripples						0.04320000000006985	14257.056	16.334215312597053	156.29498906851842	1544.5285704397522	
14257.34	0.025599999999030842	Ripples						0.025599999999030842	14257.3512	10.606189728169069	156.51165543859415	1061.2712433054724	
14261.8208	0.03200000000106229	Ripples						0.03200000000106229	14261.8288	7.302485172198731	155.11029068153806	877.533616347791	
14261.9256	0.05999999999949068	Ripples						0.05999999999949068	14261.9568	13.256476824853001	158.49342081954694	1352.5595776306573	
14268.5824	0.022399999999834108	Ripples						0.022399999999834108	14268.5968	12.473567182751797	162.15828773797557	994.4350038207474	
14269.7184	0.026400000000649015	Ripples						0.026400000000649015	14269.7336	11.478702112396334	159.71893414473456	1127.3004356065037	
14271.387999999999	0.04160000000047148	Ripples						0.04160000000047148	14271.4088	19.412852012427948	155.10122378328208	1555.9489154593864	
14274.372	0.044799999999668216	Ripples						0.044799999999668216	14274.3984	7.853978335520736	146.05169707887447	514.4893731834571	
14275.8144	0.03360000000066066	Ripples						0.03360000000066066	14275.8256	8.438995556912069	162.66722317209374	1076.388325453352	
14279.1168	0.046399999999266583	Ripples						0.046399999999266583	14279.1288	8.837752026821956	155.08511232603908	800.238107315081	
14288.428	0.032799999999042484	Ripples						0.032799999999042484	14288.4504	7.442817521961919	151.35866105437543	780.7487653252888	
14296.0	14.0	SleepStates											Awake
14311.0	351.0	SleepStates											Non-REM
14314.044	0.06400000000030559	Ripples						0.06400000000030559	14314.0968	10.873098262820278	152.49797881517196	1110.826747455141	
14314.3872	0.03280000000086147	Ripples						0.03280000000086147	14314.3976	11.839008658925021	159.65862044680935	1069.397621092923	
14314.488	0.02480000000105065	Ripples						0.02480000000105065	14314.5	15.889344872735712	163.0009636240026	1370.897550633192	
14315.7336	0.03280000000086147	Ripples						0.03280000000086147	14315.7424	10.483534162926102	159.8100589179127	1062.4514390653524	
14316.975199999999	0.040000000000873115	Ripples						0.040000000000873115	14316.992	23.036639233112552	160.34036982035673	1719.304707201542	
14320.0856	0.03839999999945576	Ripples						0.03839999999945576	14320.1072	13.027313646205064	158.78849336645496	1320.713494366266	
14323.9784	0.021600000000034925	Ripples						0.021600000000034925	14323.9928	8.672368844548325	166.2909123726277	884.7373088627006	
14324.0728	0.06159999999908905	Ripples						0.06159999999908905	14324.1216	15.146400169284963	154.77460811692035	1384.709584011662	
14327.3496	0.040000000000873115	Ripples						0.040000000000873115	14327.3728	12.453421181489201	158.6029745414546	1318.3322408607974	
14327.4872	0.028000000000247383	Ripples						0.028000000000247383	14327.5016	12.80935019727616	160.04345187728578	1263.4300648355645	
14329.5144	0.04160000000047148	Ripples						0.04160000000047148	14329.532	10.653539592151796	157.36554803529467	1043.7097522602671	
14330.5656	0.023999999999432475	Ripples						0.023999999999432475	14330.58	6.53400463781717	164.39963143461816	949.4554476372037	
14330.7904	0.05760000000009313	Ripples						0.05760000000009313	14330.8272	12.33270688940524	147.05077177195608	1032.106532382134	
14330.9552	0.0319999999992433	Ripples						0.0319999999992433	14330.9632	5.811693529128532	156.41527462140496	848.8011952253466	
14331.0504	0.026399999998830026	Ripples						0.026399999998830026	14331.064	10.37787002535182	163.93040888887023	1149.5257700692728	
14332.8136	0.047200000000884756	Ripples						0.047200000000884756	14332.8472	9.116417745952727	156.50800003488948	1049.2771419106161	
14335.5992	0.04320000000006985	Ripples						0.04320000000006985	14335.6176	12.436996356351653	155.95800212749643	1108.3292203952021	
14345.250399999999	0.026400000000649015	Ripples						0.026400000000649015	14345.2608	7.628521805600442	164.26317272600247	999.5678230599555	
14347.6288	0.02479999999923166	Ripples						0.02479999999923166	14347.6432	6.117923838409661	151.94779840625074	709.8693211492008	
14349.2928	0.0408000000006723	Ripples						0.0408000000006723	14349.3208	17.32484230437715	169.477612317621	1533.3083085057685	
14349.7744	0.028000000000247383	Ripples						0.028000000000247383	14349.792	16.30936228469469	160.1622373973073	1380.2486255342578	
14351.300799999999	0.028800000000046566	Ripples						0.028800000000046566	14351.3176	11.18318023418118	158.86571893441678	1126.1580432302194	
14351.4128	0.05279999999947904	Ripples						0.05279999999947904	14351.4328	18.63731208184554	152.53885044928543	1549.89215835589	
14353.7392	0.02479999999923166	Ripples						0.02479999999923166	14353.7512	12.30189644023239	157.84677363068158	1135.719051610575	
14353.9456	0.04320000000006985	Ripples						0.04320000000006985	14353.9632	8.398316412332864	155.87479958816715	974.5529308355335	
14355.3072	0.04960000000028231	Ripples						0.04960000000028231	14355.3352	22.171323223109837	150.2264955006755	1535.5706549425565	
14355.672	0.025599999999030842	Ripples						0.025599999999030842	14355.684799999999	13.424043019321758	168.85799349773876	1219.7729763788125	
14355.8016	0.02479999999923166	Ripples						0.02479999999923166	14355.8128	10.73915223245023	157.72120756921834	1122.4940881515963	
14356.0864	0.04719999999906577	Ripples						0.04719999999906577	14356.1136	13.504807736017382	160.55008557181816	1420.2227396772776	
14360.6696	0.02959999999984575	Ripples						0.02959999999984575	14360.688	7.138084804591784	151.11183338859936	747.6162590111255	
14362.091199999999	0.026400000000649015	Ripples						0.026400000000649015	14362.1064	9.79260029731356	157.2198440100416	921.4074911689383	
14362.1792	0.07519999999931315	Ripples						0.07519999999931315	14362.2296	18.72699843803398	154.13733168995037	1690.266539237883	
14371.184799999999	0.04399999999986903	Ripples						0.04399999999986903	14371.1952	12.5353624810899	156.8763296216053	1167.3995174176396	
14371.923999999999	0.03280000000086147	Ripples						0.03280000000086147	14371.9376	9.101001937622408	165.63022515767608	803.3007377518542	
14373.0608	0.028800000000046566	Ripples						0.028800000000046566	14373.0752	5.8241977127094975	154.85670638304373	824.1580710834032	
14374.476	0.04399999999986903	Ripples						0.04399999999986903	14374.4904	26.73714368823303	162.8735758910615	1765.397220352981	
14377.496	0.03840000000127475	Ripples						0.03840000000127475	14377.5104	8.75196870528306	162.3287739954776	776.8183652751035	
14381.598399999999	0.05280000000129803	Ripples						0.05280000000129803	14381.6312	18.31384355868829	153.1988048789133	1518.8104456559665	
14386.5624	0.037599999999656575	Ripples						0.037599999999656575	14386.5704	6.275292057729831	156.72185681611117	836.1605264021283	
14387.7768	0.031199999999444117	Ripples						0.031199999999444117	14387.7904	10.299923397051138	158.0628558030784	1103.306484431596	
14388.9072	0.07120000000031723	Ripples						0.07120000000031723	14388.9368	22.385548170628606	158.9321431911225	1753.6113555462503	
14389.0456	0.031199999999444117	Ripples						0.031199999999444117	14389.069599999999	9.620800522674562	159.6355437338778	1050.5954225638575	
14389.3784	0.04399999999986903	Ripples						0.04399999999986903	14389.3888	10.03769168275384	172.14373674077046	1044.3197708398454	
14392.344	0.06640000000152213	Ripples						0.06640000000152213	14392.4032	5.0260432779137005	146.77524099009656	571.2963218575122	
14394.9912	0.02080000000023574	Ripples						0.02080000000023574	14395.0048	7.434684448599377	162.22547498561283	881.025163612121	
14398.7152	0.08959999999933643	Ripples						0.08959999999933643	14398.7832	12.055258001379379	149.46430297384848	910.9318444690738	
14398.8496	0.04160000000047148	Ripples						0.04160000000047148	14398.8704	21.547397929001676	155.3109424961974	1730.172236177751	
14398.9584	0.03600000000005821	Ripples						0.03600000000005821	14398.984	6.6228966362027855	149.95515185804325	838.909068261524	
14399.128	0.030399999999644933	Ripples						0.030399999999644933	14399.1448	11.624941821296765	157.82019083967103	1139.4830871130707	
14400.3904	0.03600000000005821	Ripples						0.03600000000005821	14400.404	9.066201537891015	157.93103541248905	911.6401108126856	
14400.5376	0.03600000000005821	Ripples						0.03600000000005821	14400.5672	5.108890678470705	160.19765066084247	613.6996100899527	
14427.721599999999	0.10640000000057626	Ripples						0.10640000000057626	14427.743199999999	20.849954613472605	155.077334432542	1580.4665103012273	
14427.9072	0.0272000000004482	Ripples						0.0272000000004482	14427.9184	9.72691620711881	166.84516766084724	1090.0650752868414	
14428.0312	0.0408000000006723	Ripples						0.0408000000006723	14428.048	13.182430406879499	156.8764220842452	1319.2326905517511	
14434.2176	0.046399999999266583	Ripples						0.046399999999266583	14434.2312	16.25658904744492	159.63767742372892	1470.1748259940846	
14434.337599999999	0.03200000000106229	Ripples						0.03200000000106229	14434.3536	17.968469667610183	173.82019300981545	1404.1714487117347	
14435.4152	0.02480000000105065	Ripples						0.02480000000105065	14435.4296	7.914992996231637	165.0537661962262	993.3712871640246	
14435.556	0.03919999999925494	Ripples						0.03919999999925494	14435.5704	9.377819190576702	153.37433614566436	1087.133653981053	
14435.7888	0.06959999999889988	Ripples						0.06959999999889988	14435.8264	7.505523575624934	147.54246553632183	964.7582786102527	
14435.9256	0.030399999999644933	Ripples						0.030399999999644933	14435.9368	22.237364312628486	163.2513664669233	1600.0263936834597	
14436.8024	0.039999999999054126	Ripples						0.039999999999054126	14436.8104	6.269178966272728	167.6550510793958	900.8549759435367	
14437.6592	0.08719999999993888	Ripples						0.08719999999993888	14437.7104	15.94513858111868	150.87713938787527	1321.3767896679624	
14437.923999999999	0.04960000000028231	Ripples						0.04960000000028231	14437.9456	6.689949876072204	146.7767391499551	645.5204771601082	
14440.26	0.04320000000006985	Ripples						0.04320000000006985	14440.2752	14.6818860757278	148.8378252534691	1188.4307435287833	
14441.0224	0.021600000000034925	Ripples						0.021600000000034925	14441.0336	6.714821067346562	159.8273445039281	877.290169000467	
14444.1536	0.04800000000068394	Ripples						0.04800000000068394	14444.1736	16.870611288023344	152.19880859943467	1401.0948008320659	
14444.336	0.02480000000105065	Ripples						0.02480000000105065	14444.3472	5.023522833447201	156.30072387795968	764.1838629351021	
14451.6248	0.0632000000005064	Ripples						0.0632000000005064	14451.648	12.080586827513356	164.1524267225377	1197.5425994358343	
14451.7088	0.04320000000006985	Ripples						0.04320000000006985	14451.7416	10.348465247826054	158.91717398963695	987.4900716090996	
14453.8936	0.042400000000270666	Ripples						0.042400000000270666	14453.92	6.586043169008411	158.1194175660338	930.0411255529183	
14454.054399999999	0.026400000000649015	Ripples						0.026400000000649015	14454.0664	8.292819134986727	154.8182689672825	998.6551329553506	
14454.1536	0.051199999999880674	Ripples						0.051199999999880674	14454.184799999999	22.421569484523914	157.56773842711428	1828.3218591159844	
14455.416799999999	0.02080000000023574	Ripples						0.02080000000023574	14455.428	7.904909618917658	164.3766121555737	893.1567227696925	
14455.895199999999	0.05200000000149885	Ripples						0.05200000000149885	14455.9128	16.081510689944995	149.54164508339525	1381.2280551235249	
14456.0408	0.035199999998440035	Ripples						0.035199999998440035	14456.0624	14.185402137773208	153.03654732219047	1212.0239124609022	
14457.92	0.05760000000009313	Ripples						0.05760000000009313	14457.9632	15.086248472975102	153.30445973822495	1098.6514500829117	
14459.4064	0.046399999999266583	Ripples						0.046399999999266583	14459.4352	20.3963775174818	152.7677077361616	1514.5048764186854	
14470.576	0.0272000000004482	Ripples						0.0272000000004482	14470.5928	22.216729442509443	163.6398827607419	1626.8048831996846	
14470.663199999999	0.021600000000034925	Ripples						0.021600000000034925	14470.6744	11.580758782409815	161.6406378095675	1095.483590910806	
14471.699999999999	0.08320000000094296	Ripples						0.08320000000094296	14471.7656	12.70900364954339	152.5198904996952	1139.8622015634778	
14471.866399999999	0.028800000000046566	Ripples						0.028800000000046566	14471.8824	11.320113871865356	160.26294229638916	1198.0627923195343	
14473.0056	0.039999999999054126	Ripples						0.039999999999054126	14473.0296	21.226790294799816	158.6297296360446	1724.1745303695684	
14474.7472	0.04399999999986903	Ripples						0.04399999999986903	14474.7656	18.76887844947288	154.14790418050362	1464.077473231272	
14474.9136	0.042400000000270666	Ripples						0.042400000000270666	14474.9384	15.736818489978909	147.53941657423977	1199.6714758816431	
14475.2296	0.035199999998440035	Ripples						0.035199999998440035	14475.244	14.995899117757032	161.57355376921828	1393.0449473414794	
14475.4992	0.025599999999030842	Ripples						0.025599999999030842	14475.518399999999	6.127545264036857	152.10862432133325	631.1229169878745	
14475.5576	0.03600000000005821	Ripples						0.03600000000005821	14475.5864	5.1628905672602015	156.59822916097409	663.9486388277003	
14475.6984	0.023199999999633292	Ripples						0.023199999999633292	14475.707199999999	6.4389443993915805	155.0706886005849	705.5412910471366	
14480.5688	0.03600000000005821	Ripples						0.03600000000005821	14480.5832	13.39545709600275	156.61712149683248	1198.4523215318347	
14483.9744	0.03840000000127475	Ripples						0.03840000000127475	14483.9912	23.018727915844224	162.5221622493161	1729.1327274676828	
14494.6944	0.05680000000029395	Ripples						0.05680000000029395	14494.7296	19.496645626429142	165.93186331124153	1459.6825612510909	
14496.9016	0.03280000000086147	Ripples						0.03280000000086147	14496.9184	12.143424480167292	167.08731457930764	1221.9840758751805	
14496.972	0.03919999999925494	Ripples						0.03919999999925494	14496.9856	6.804027079120936	149.7410849767392	877.0313381448415	
14497.0952	0.048800000000483124	Ripples						0.048800000000483124	14497.1208	15.797353012405008	149.3252794399762	1373.4169784753922	
14500.6072	0.046399999999266583	Ripples						0.046399999999266583	14500.627199999999	13.261488798464885	147.51563764382664	950.8107407973127	
14500.88	0.05040000000008149	Ripples						0.05040000000008149	14500.8992	14.631350349306254	163.78405137147928	1429.9472198497874	
14501.212	0.02480000000105065	Ripples						0.02480000000105065	14501.2232	9.068850709975017	159.6039235344945	1109.5008313153985	
14502.779199999999	0.06640000000152213	Ripples						0.06640000000152213	14502.8144	11.446389069798943	155.75720079128047	1146.7942852953431	
14503.816	0.03679999999985739	Ripples						0.03679999999985739	14503.8272	11.816520265861765	158.2913808815891	1144.3855343670057	
14503.8728	0.06559999999990396	Ripples						0.06559999999990396	14503.9176	25.834684391466535	151.2790907718961	1677.7290295373286	
14504.276	0.09039999999913562	Ripples						0.09039999999913562	14504.316	9.280364074475283	152.63333011483633	997.1546256777895	
14508.025599999999	0.021600000000034925	Ripples						0.021600000000034925	14508.039999999999	15.492333888864305	163.965420273039	1165.4684084630203	
14508.105599999999	0.06640000000152213	Ripples						0.06640000000152213	14508.1424	8.314902258764947	150.4457789758192	912.3186817455696	
14508.5824	0.021600000000034925	Ripples						0.021600000000034925	14508.5928	5.75948168737878	153.65541888507454	750.2196410696764	
14512.453599999999	0.025600000000849832	Ripples						0.025600000000849832	14512.4656	6.764829251872269	162.84236942546866	933.3200633893861	
14514.7032	0.044799999999668216	Ripples						0.044799999999668216	14514.72	30.056559601668482	167.31264282394335	1911.5561752025258	
14516.0816	0.03600000000005821	Ripples						0.03600000000005821	14516.0992	13.212072753132214	153.25611166755348	1297.5090181171163	
14516.4592	0.0544000000008964	Ripples						0.0544000000008964	14516.48	11.112317769564171	159.6073847639844	1191.5013342081634	
14516.6304	0.0272000000004482	Ripples						0.0272000000004482	14516.641599999999	10.789579151104428	159.7151920335381	1021.3817390596918	
14517.872	0.03920000000107393	Ripples						0.03920000000107393	14517.8888	12.709814825861233	166.2316140099421	1401.3501558729638	
14524.9504	0.03360000000066066	Ripples						0.03360000000066066	14524.9688	17.392169076643146	152.31713556307125	1292.7601275173797	
14527.7992	0.04640000000108557	Ripples						0.04640000000108557	14527.8288	13.594101727359758	152.59188669033438	1252.9237563259423	
14527.984	0.04399999999986903	Ripples						0.04399999999986903	14528.0048	9.077312262951727	165.12272898317454	1097.1242529209862	
14528.091199999999	0.025600000000849832	Ripples						0.025600000000849832	14528.1024	7.857797975769752	156.21947716211398	898.9802911707789	
14528.4136	0.022399999999834108	Ripples						0.022399999999834108	14528.4288	11.959046748202603	162.76329679381726	1052.3434128981678	
14535.6256	0.02959999999984575	Ripples						0.02959999999984575	14535.6408	9.701574030049853	149.96836737733176	922.425382210983	
14536.98	0.05520000000069558	Ripples						0.05520000000069558	14537.0048	20.15727755356501	155.5024010599774	1458.1234572370931	
14544.307999999999	0.030400000001463923	Ripples						0.030400000001463923	14544.3192	11.630389701957904	165.15533339186848	1206.477518206522	
14544.412	0.06319999999868742	Ripples						0.06319999999868742	14544.4296	12.812314309463453	152.85210996827755	1336.817722310522	
14545.2528	0.07679999999891152	Ripples						0.07679999999891152	14545.2608	8.09366750802625	158.3807017614899	920.9974571021856	
14554.5928	0.02080000000023574	Ripples						0.02080000000023574	14554.6008	7.44644842205284	163.64529184664357	970.2969949926099	
14554.6496	0.08399999999892316	Ripples						0.08399999999892316	14554.684799999999	22.053532371211656	158.0481337719175	1907.335754264042	
14555.0536	0.05760000000009313	Ripples						0.05760000000009313	14555.0936	7.734068465454774	149.4482722990078	931.1971442870514	
14561.2352	0.030400000001463923	Ripples						0.030400000001463923	14561.2552	14.200599998153928	166.9420316902044	1323.7204835697858	
14561.3552	0.03360000000066066	Ripples						0.03360000000066066	14561.3696	16.82505427711077	162.08914263361396	1442.2639997501271	
14561.5632	0.044799999999668216	Ripples						0.044799999999668216	14561.5784	9.806645705947258	145.1970381610364	936.0138343519925	
14562.8136	0.03280000000086147	Ripples						0.03280000000086147	14562.832	9.824697238188417	149.59275625756342	927.481699266941	
14564.8248	0.021600000000034925	Ripples						0.021600000000034925	14564.836	12.862725397780183	161.62113460311178	1146.9745829743488	
14564.956	0.039999999999054126	Ripples						0.039999999999054126	14564.9672	7.766450250176611	154.9170354592703	860.2894162628279	
14566.036	0.025599999999030842	Ripples						0.025599999999030842	14566.0512	9.073675214899188	158.2529873773631	965.0677666594593	
14566.1	0.026399999998830026	Ripples						0.026399999998830026	14566.112	6.49530985172393	151.94932530482288	720.4298213453633	
14566.7496	0.04560000000128639	Ripples						0.04560000000128639	14566.7688	10.663814060059797	165.90111115688237	1234.0217029116716	
14567.0904	0.06000000000130967	Ripples						0.06000000000130967	14567.108	19.797209239959432	153.38668807142724	1497.4829346618685	
14571.2272	0.0272000000004482	Ripples						0.0272000000004482	14571.24	9.061307822977707	153.68869827033575	807.6616766555562	
14576.4368	0.02959999999984575	Ripples						0.02959999999984575	14576.456	16.47897162746935	160.44723363649197	1278.5503541285195	
14576.5224	0.023999999999432475	Ripples						0.023999999999432475	14576.5384	7.50583680545864	154.09026184853164	731.2804955537528	
14576.9784	0.03360000000066066	Ripples						0.03360000000066066	14576.989599999999	14.950346310485402	160.51779688007778	1286.196446654465	
14578.564	0.04320000000006985	Ripples						0.04320000000006985	14578.5936	17.179160918297956	159.0227037844496	1478.7439017540187	
14582.3312	0.044799999999668216	Ripples						0.044799999999668216	14582.3608	12.790629548324915	162.60166936430105	1345.1124668031716	
14582.4736	0.025600000000849832	Ripples						0.025600000000849832	14582.4912	6.2187782017104	152.34005144201856	751.3669253360993	
14582.8208	0.028800000000046566	Ripples						0.028800000000046566	14582.8336	20.50235750571062	165.45864296460138	1593.2719787175413	
14582.9104	0.039999999999054126	Ripples						0.039999999999054126	14582.9408	8.9926401296192	151.12105481099184	911.4738099277843	
14583.1336	0.04320000000006985	Ripples						0.04320000000006985	14583.1688	11.331840886472264	153.50531406473232	1069.8613195125952	
14583.2096	0.030399999999644933	Ripples						0.030399999999644933	14583.2272	11.527677654503002	155.6164693235369	1221.0764329304666	
14583.4648	0.037599999999656575	Ripples						0.037599999999656575	14583.4808	9.24307510355246	159.2665430571823	1013.2807916356409	
14584.7048	0.03280000000086147	Ripples						0.03280000000086147	14584.7248	20.679192752916137	163.49592166443247	1644.1531240807312	
14585.904	0.04399999999986903	Ripples						0.04399999999986903	14585.9336	8.558877084396613	155.12831923859008	1072.7347310613584	
14591.3552	0.03360000000066066	Ripples						0.03360000000066066	14591.364	6.271403688331555	154.71562343773778	769.9292920115724	
14595.6904	0.0408000000006723	Ripples						0.0408000000006723	14595.7152	11.021057215365422	173.55234263709102	1253.8090700717298	
14595.792	0.07040000000051805	Ripples						0.07040000000051805	14595.8384	18.95121378684263	146.50332908997208	1379.3213917307692	
14595.931199999999	0.04160000000047148	Ripples						0.04160000000047148	14595.9552	15.98728732608116	149.49429770216426	1265.3155566290673	
14596.0528	0.026400000000649015	Ripples						0.026400000000649015	14596.061599999999	17.969380517439603	161.17617846327298	1301.4341297938463	
14605.3576	0.03920000000107393	Ripples						0.03920000000107393	14605.384	13.763355407550828	165.14640971562395	1335.2417220142067	
14605.4472	0.02719999999862921	Ripples						0.02719999999862921	14605.4616	22.718507294624185	167.7661001973997	1644.2146781170952	
14605.561599999999	0.04399999999986903	Ripples						0.04399999999986903	14605.5808	26.920567761923262	158.68689356140257	1819.9061051297501	
14605.6944	0.03919999999925494	Ripples						0.03919999999925494	14605.7088	9.384574245278618	158.07011195266966	1159.207589724806	
14608.0376	0.058399999999892316	Ripples						0.058399999999892316	14608.0784	12.939513911217967	152.20876910669602	890.8344850641945	
14608.916799999999	0.03679999999985739	Ripples						0.03679999999985739	14608.9424	9.128736998034555	154.95657955688702	1046.3568916592833	
14609.083999999999	0.02480000000105065	Ripples						0.02480000000105065	14609.098399999999	6.806292456764125	158.56358089720578	1004.4407657830264	
14610.1984	0.06400000000030559	Ripples						0.06400000000030559	14610.2416	11.330692342378297	158.40933226772256	1176.0430908871276	
14610.5552	0.04399999999986903	Ripples						0.04399999999986903	14610.5808	15.38314943766356	170.0190710063035	1423.026203221883	
14610.7664	0.021600000000034925	Ripples						0.021600000000034925	14610.7752	10.857285143413963	158.8065058040827	1035.0064369172799	
14610.8584	0.060800000001108856	Ripples						0.060800000001108856	14610.8896	17.4998776515233	149.72535612422274	1544.492028713412	
14612.6568	0.031199999999444117	Ripples						0.031199999999444117	14612.6768	6.756724973480998	160.16047074545858	654.7622764661862	
14614.3392	0.05760000000009313	Ripples						0.05760000000009313	14614.3576	8.975397936495252	151.40182535235638	1116.0593141341014	
14616.4136	0.023999999999432475	Ripples						0.023999999999432475	14616.423999999999	9.937428295852186	157.236495929719	1091.2619095037762	
14617.6576	0.028000000000247383	Ripples						0.028000000000247383	14617.6744	19.917629223901855	164.08771297761677	1506.0798008112458	
14617.8704	0.03440000000045984	Ripples						0.03440000000045984	14617.8912	6.265931462897845	153.03511731285735	955.3144287514982	
14618.1256	0.037599999999656575	Ripples						0.037599999999656575	14618.14	12.856498833754916	164.30682153311653	1321.57696913391	
14619.816	0.039999999999054126	Ripples						0.039999999999054126	14619.8336	16.044553225979165	159.28465184079445	1488.1392115604567	
14623.4216	0.047200000000884756	Ripples						0.047200000000884756	14623.4352	11.236530828409506	158.04785584499015	1114.5794593382873	
14630.5416	0.028800000000046566	Ripples						0.028800000000046566	14630.556	11.919847489733142	157.43139588362058	1111.6200097401622	
14632.956	0.0591999999996915	Ripples						0.0591999999996915	14632.9872	23.33062176527604	168.2750504587273	1738.034395277696	
14633.0696	0.02959999999984575	Ripples						0.02959999999984575	14633.0808	13.245477208879416	154.51847176152359	1129.312666818931	
14633.2984	0.03440000000045984	Ripples						0.03440000000045984	14633.32	10.13736755718601	152.8170229841242	1015.8201232197449	
14633.4296	0.03920000000107393	Ripples						0.03920000000107393	14633.44	12.21839634063684	160.10185088405157	1170.3411987021152	
14634.4088	0.03200000000106229	Ripples						0.03200000000106229	14634.4296	13.504455420634356	153.75488277376488	1114.7871503911692	
14634.6464	0.023999999999432475	Ripples						0.023999999999432475	14634.66	6.265248376793782	170.21846272665525	843.7551781889155	
14635.3648	0.028000000000247383	Ripples						0.028000000000247383	14635.3792	11.870007638257647	167.7855787662674	1183.8618222356245	
14635.64	0.0544000000008964	Ripples						0.0544000000008964	14635.6608	12.878688490396526	152.6987386485023	1033.0732280079724	
14636.492	0.039999999999054126	Ripples						0.039999999999054126	14636.503999999999	9.072651872578492	154.88937898267494	998.1321708143166	
14638.3336	0.044799999999668216	Ripples						0.044799999999668216	14638.344	11.26647175826601	167.3026460016571	1259.8204083654944	
14638.68	0.053599999999278225	Ripples						0.053599999999278225	14638.7024	5.77944294497887	160.29170935452663	617.2716533373022	
14638.909599999999	0.025600000000849832	Ripples						0.025600000000849832	14638.9208	12.206443932066575	160.36516927674393	1180.118144622412	
14641.4424	0.0272000000004482	Ripples						0.0272000000004482	14641.453599999999	10.50010797033457	166.5764879787663	1110.1086027087333	
14653.039999999999	0.053600000001097214	Ripples						0.053600000001097214	14653.0704	8.07782914184284	157.63541869604987	1015.6220363416084	
14654.992	0.02959999999984575	Ripples						0.02959999999984575	14655.003999999999	7.499743604015725	155.59082610424736	931.1294012965299	
14663.0	65.0	SleepStates											REM
14729.0	618.0	SleepStates											Awake
14745.7192	0.03440000000045984	Ripples						0.03440000000045984	14745.7384	11.735284342687367	171.39689065757716	1287.1098517355827	
14745.9424	0.03919999999925494	Ripples						0.03919999999925494	14745.9648	17.758436700357468	161.8376518221924	1508.2863116651083	
14754.7944	0.027999999998428393	Ripples						0.027999999998428393	14754.8088	11.612646927791586	156.520443129905	1050.5163217511385	
14756.0776	0.05519999999887659	Ripples						0.05519999999887659	14756.119999999999	19.810278492770152	162.0243280966189	1691.22838034326	
14761.1728	0.023999999999432475	Ripples						0.023999999999432475	14761.184	11.587011929331359	164.20436221071478	1190.2096958983288	
14764.9224	0.0904000000009546	Ripples						0.0904000000009546	14764.94	19.98789667130043	155.47731329791918	1543.9738255514462	
14766.5272	0.04399999999986903	Ripples						0.04399999999986903	14766.5608	6.4477970966777844	152.12752831983394	840.604789860216	
14766.7976	0.026400000000649015	Ripples						0.026400000000649015	14766.8112	6.928409259593149	160.6644371354308	979.9641606175146	
14768.844	0.026400000000649015	Ripples						0.026400000000649015	14768.8568	7.068955879957581	158.6869044929662	957.3510399535336	
14773.6192	0.04320000000006985	Ripples						0.04320000000006985	14773.628	7.154955025013678	158.3576196775718	955.576012468937	
14776.2128	0.053600000001097214	Ripples						0.053600000001097214	14776.2264	14.529210457874417	162.34151853112692	1394.3403795750849	
14779.757599999999	0.03920000000107393	Ripples						0.03920000000107393	14779.7776	10.519538660548111	170.00991999059192	1252.865592230337	
14782.0432	0.06480000000010477	Ripples						0.06480000000010477	14782.054399999999	12.271086709676393	164.80059840579017	1234.5531848942283	
14807.5976	0.03200000000106229	Ripples						0.03200000000106229	14807.605599999999	6.808476418950365	156.80081290445088	924.7917958897868	
14810.866399999999	0.03840000000127475	Ripples						0.03840000000127475	14810.8968	10.508135869280293	158.19310167794555	1007.3657296908261	
14812.2064	0.03440000000045984	Ripples						0.03440000000045984	14812.2168	5.796701524100949	176.7773060323814	784.9182690586866	
14812.2784	0.06559999999990396	Ripples						0.06559999999990396	14812.3	8.41775751642792	143.71571494511457	709.3381421435524	
14829.6464	0.03360000000066066	Ripples						0.03360000000066066	14829.6696	9.977792812568627	166.12917081017608	1153.6706468086695	
14832.9688	0.028800000000046566	Ripples						0.028800000000046566	14832.9776	7.367691139992609	162.0113790103854	967.2326613346127	
14841.2312	0.037599999999656575	Ripples						0.037599999999656575	14841.2448	19.68114130880469	158.94592696643826	1544.7788947603722	
14860.9912	0.053599999999278225	Ripples						0.053599999999278225	14861.0352	7.703446229805724	165.13181830156583	918.5687192806841	
14867.6976	0.022399999999834108	Ripples						0.022399999999834108	14867.7096	5.645622437848546	152.56704072848163	789.9773639056665	
14870.2888	0.022399999999834108	Ripples						0.022399999999834108	14870.3	7.413891558083019	158.27911344384336	938.70837313132	
14871.1368	0.035200000000259024	Ripples						0.035200000000259024	14871.1592	12.398493930066117	166.41974918747283	1336.348774067835	
14876.460799999999	0.035200000000259024	Ripples						0.035200000000259024	14876.4832	16.446416942706122	169.2468746117402	1400.639582749356	
14926.8104	0.02080000000023574	Ripples						0.02080000000023574	14926.8208	7.875838424509339	163.10505675196308	926.4040508538206	
14927.2696	0.042400000000270666	Ripples						0.042400000000270666	14927.2832	7.411509653298579	163.20503386830114	997.5774978375036	
14940.2304	0.02959999999984575	Ripples						0.02959999999984575	14940.244	9.914605837008237	159.8632374587589	1169.265990647519	
14947.06	0.02959999999984575	Ripples						0.02959999999984575	14947.0736	9.092372633138668	164.2410122231844	1148.0279909683272	
14957.0016	0.023999999999432475	Ripples						0.023999999999432475	14957.012	6.34742119082691	164.58654208905457	946.6579966004796	
14957.2624	0.028800000000046566	Ripples						0.028800000000046566	14957.2744	9.632142802247577	156.46318636776772	998.7259274940903	
14960.076	0.0272000000004482	Ripples						0.0272000000004482	14960.0872	6.886269867805608	170.77246436554276	925.2232075869816	
14970.1184	0.03200000000106229	Ripples						0.03200000000106229	14970.1368	11.134586157450238	155.43234047464242	1114.1641583286946	
14973.1528	0.05279999999947904	Ripples						0.05279999999947904	14973.1856	24.534099139288024	163.38865578891287	1902.546734409877	
14984.8744	0.0319999999992433	Ripples						0.0319999999992433	14984.8936	15.219653287273893	171.52748133990008	1342.9866829754553	
14986.3776	0.02080000000023574	Ripples						0.02080000000023574	14986.3888	10.898783837694793	166.21271537369685	1084.7586910326468	
14989.6728	0.04799999999886495	Ripples						0.04799999999886495	14989.6856	9.113334583150106	174.24944455892538	1038.681618207265	
15002.3192	0.02080000000023574	Ripples						0.02080000000023574	15002.3272	7.840472934745226	164.6294725622198	977.5537474607052	
15029.392	0.0408000000006723	Ripples						0.0408000000006723	15029.4144	19.76764822327194	168.71801483282798	1692.7412259581079	
15039.714399999999	0.021600000000034925	Ripples						0.021600000000034925	15039.7256	6.2932220557758125	162.31092719883077	881.1994082293226	
15081.8088	0.028800000000046566	Ripples						0.028800000000046566	15081.8176	6.443960467324067	170.614879761757	808.244043119539	
15081.884	0.06079999999928987	Ripples						0.06079999999928987	15081.928	11.468096015882557	157.84067306955293	1301.4608200418415	
15085.1296	0.04079999999885331	Ripples						0.04079999999885331	15085.1456	17.72144341793158	171.0714407776268	1528.5168150500422	
15099.2664	0.06879999999910069	Ripples						0.06879999999910069	15099.2912	7.9683926486890835	176.5085114821598	843.7473000390858	
15104.956	0.05279999999947904	Ripples						0.05279999999947904	15105.0016	8.269560752583253	163.97439620389488	924.4429141396047	
15116.412	0.020000000000436557	Ripples						0.020000000000436557	15116.4224	8.609795754159336	168.76234621418544	926.307388840422	
15116.6512	0.06079999999928987	Ripples						0.06079999999928987	15116.670399999999	20.987097996474652	163.21859475007219	1722.6372649683162	
15129.9936	0.03280000000086147	Ripples						0.03280000000086147	15130.003999999999	6.432098088251652	154.14690180489688	771.253493119804	
15134.6728	0.04079999999885331	Ripples						0.04079999999885331	15134.692	13.88251045459585	171.27125307491463	1395.698364086079	
15137.5784	0.037599999999656575	Ripples						0.037599999999656575	15137.605599999999	11.803435388354098	167.43591139144132	1072.9159405096282	
15142.7464	0.02959999999984575	Ripples						0.02959999999984575	15142.7592	16.132781863768113	167.96278126528648	1409.7198519954266	
15167.5008	0.048800000000483124	Ripples						0.048800000000483124	15167.5264	16.17310445512615	161.3000165896395	1477.9819854350728	
15169.7024	0.03919999999925494	Ripples						0.03919999999925494	15169.7312	7.891631266176087	152.34032899256596	934.093044989515	
15203.1736	0.07599999999911233	Ripples						0.07599999999911233	15203.2344	12.39059504163809	167.08585364067866	1365.3035050896028	
15221.6192	0.03679999999985739	Ripples						0.03679999999985739	15221.6328	15.026446375897361	152.98219742811264	1240.2967373145314	
15221.8728	0.053600000001097214	Ripples						0.053600000001097214	15221.895199999999	31.540139047071712	169.9059304259673	1992.463226658726	
15222.0008	0.05999999999949068	Ripples						0.05999999999949068	15222.039999999999	21.35844321196344	152.78010284286592	1720.5978400049514	
15225.608	0.04079999999885331	Ripples						0.04079999999885331	15225.6224	16.333096808225882	161.36020670251725	1522.3532235486075	
15225.8288	0.03600000000005821	Ripples						0.03600000000005821	15225.851999999999	8.67114086361297	157.23068441486018	1028.7942660679048	
15226.0904	0.05200000000149885	Ripples						0.05200000000149885	15226.105599999999	14.514150819499886	165.44102498613185	1483.6186161000358	
15226.316	0.06159999999908905	Ripples						0.06159999999908905	15226.3408	19.65182236835093	157.91958154246936	1626.0881752281643	
15232.9992	0.10159999999996217	Ripples						0.10159999999996217	15233.0872	20.469153205846	160.96514647826905	1673.8023771913436	
15235.0048	0.028800000000046566	Ripples						0.028800000000046566	15235.0192	9.66329763388983	156.1640671146927	1004.8858407033033	
15247.7952	0.03919999999925494	Ripples						0.03919999999925494	15247.8096	8.440334128947356	156.76306287368305	1070.066881979202	
15247.968	0.046399999999266583	Ripples						0.046399999999266583	15247.996	8.393504987192145	154.36494165615483	882.9137542368084	
15248.2808	0.04719999999906577	Ripples						0.04719999999906577	15248.2952	14.99255611073251	155.29918921250305	1346.4860705317806	
15250.2752	0.025599999999030842	Ripples						0.025599999999030842	15250.292	6.853067741266437	170.7050810957307	854.2084394790977	
15250.4784	0.04800000000068394	Ripples						0.04800000000068394	15250.4864	5.758499132421275	148.66399467862362	631.7195200343033	
15250.547199999999	0.06720000000132131	Ripples						0.06720000000132131	15250.5736	17.737954274031445	148.31026484359927	1433.2897974646032	
15252.2056	0.05199999999967986	Ripples						0.05199999999967986	15252.2224	20.976523498998194	153.57834581514007	1679.0938422762297	
15252.286399999999	0.05280000000129803	Ripples						0.05280000000129803	15252.3	15.131164129583484	155.75273478434158	1534.9483189723785	
15254.6136	0.04320000000006985	Ripples						0.04320000000006985	15254.6464	8.584826358110005	150.0738112018814	940.183798056241	
15255.6168	0.0455999999994674	Ripples						0.0455999999994674	15255.6384	14.538152374820093	160.72921517276825	1422.7092848080094	
15258.7664	0.0319999999992433	Ripples						0.0319999999992433	15258.784	14.94883955859866	157.28772104605326	1330.7113586907979	
15265.4616	0.037599999999656575	Ripples						0.037599999999656575	15265.4856	14.012463107544601	169.21268994956895	1221.6088557911917	
15266.9192	0.02479999999923166	Ripples						0.02479999999923166	15266.9304	10.585280411343767	164.73031938634787	1158.3689559526154	
15267.8232	0.0775999999987107	Ripples						0.0775999999987107	15267.864	15.640356183355584	154.46614736907483	1558.0053680515132	
15269.8512	0.025600000000849832	Ripples						0.025600000000849832	15269.8616	6.878701819704	170.43350214655965	937.2205112575974	
15270.061599999999	0.048800000000483124	Ripples						0.048800000000483124	15270.0968	12.851942036402486	154.01645304268237	1212.1185188907255	
15276.2896	0.032799999999042484	Ripples						0.032799999999042484	15276.300799999999	8.583993861640403	157.62447675788442	804.1733345531086	
15276.3864	0.06960000000071886	Ripples						0.06960000000071886	15276.4184	15.094775330595782	149.36459266177496	1275.0571298605057	
15279.734400000001	0.07999999999810825	Ripples						0.07999999999810825	15279.7672	17.822324122613264	152.12903557864774	1444.1606181279153	
15279.9	0.039999999999054126	Ripples						0.039999999999054126	15279.92	25.740981753282313	165.82761936637792	1896.191746260311	
15283.932799999999	0.06400000000212458	Ripples						0.06400000000212458	15283.96	19.826452693633584	148.01546558484634	1544.2952195425798	
15284.0376	0.05280000000129803	Ripples						0.05280000000129803	15284.076799999999	16.327377134372753	164.4423114091293	1499.0836769364644	
15285.7016	0.03440000000045984	Ripples						0.03440000000045984	15285.7136	5.76339099328475	144.66727884032457	604.3339472634821	
15288.9064	0.021600000000034925	Ripples						0.021600000000034925	15288.92	9.384625232923268	161.75022247335863	1008.5550070760511	
15289.1176	0.022399999999834108	Ripples						0.022399999999834108	15289.128799999999	5.046512427107939	156.03230025692116	762.7299258658525	
15289.5952	0.03280000000086147	Ripples						0.03280000000086147	15289.6088	12.92888989387434	163.0455323499871	1410.3724611134164	
15290.5016	0.028800000000046566	Ripples						0.028800000000046566	15290.5152	17.991741284548684	163.07729873273155	1487.7736932517	
15291.304	0.0319999999992433	Ripples						0.0319999999992433	15291.3208	11.712688848838752	173.82333407418793	1198.0804859914015	
15291.5424	0.0319999999992433	Ripples						0.0319999999992433	15291.5704	5.011654298932653	157.56233841476708	754.5231884435059	
15292.0792	0.026399999998830026	Ripples						0.026399999998830026	15292.088	9.82743089561357	158.00667534788437	1028.7817790478305	
15292.1968	0.03440000000045984	Ripples						0.03440000000045984	15292.2176	10.687730446514614	155.75445363375962	1173.5813318784387	
15295.895199999999	0.040000000000873115	Ripples						0.040000000000873115	15295.911199999999	12.253916637058376	178.70953734991318	1045.9804313427055	
15298.644	0.05760000000009313	Ripples						0.05760000000009313	15298.6816	25.304218718063936	159.40681076723553	1912.6253167140173	
15299.0536	0.03919999999925494	Ripples						0.03919999999925494	15299.0664	14.267314663675469	170.1714180941522	1274.182633898123	
15299.155200000001	0.058399999998073326	Ripples						0.058399999998073326	15299.184799999999	22.62888478373314	157.3303734106502	1675.1196131339022	
15304.6424	0.042399999998451676	Ripples						0.042399999998451676	15304.6608	8.25921402822042	156.3092495711763	923.8901733135161	
15309.7704	0.02959999999984575	Ripples						0.02959999999984575	15309.787199999999	25.762383256410203	161.923235217284	1724.9484052033606	
15309.918399999999	0.06640000000152213	Ripples						0.06640000000152213	15309.9648	14.073859340103517	154.07288603552402	1332.1558448854962	
15310.062399999999	0.037599999999656575	Ripples						0.037599999999656575	15310.0808	28.532884714841273	169.71159131997234	1922.6884895698986	
15312.0064	0.08639999999832071	Ripples						0.08639999999832071	15312.0464	13.147211545171764	154.5813367845183	1298.2985466216255	
15312.2384	0.05439999999907741	Ripples						0.05439999999907741	15312.2744	12.647133132439812	153.0064180674704	1117.8213316576278	
15312.872	0.09840000000076543	Ripples						0.09840000000076543	15312.947199999999	7.163750691154451	149.72875380308707	933.308863322243	
15313.700799999999	0.04320000000006985	Ripples						0.04320000000006985	15313.716	11.242199418112813	153.42686528347278	1175.2094027169042	
15315.592799999999	0.028800000000046566	Ripples						0.028800000000046566	15315.604	12.491315488727675	162.20442875716438	1183.8102583484622	
15331.4464	0.030399999999644933	Ripples						0.030399999999644933	15331.466400000001	5.153230509050607	162.65517029214442	834.7779372045587	
15337.5936	0.042399999998451676	Ripples						0.042399999998451676	15337.6232	7.485999436131791	158.72488963844287	1018.7104943203276	
15339.112000000001	0.02079999999841675	Ripples						0.02079999999841675	15339.1256	9.434444481300718	160.55192763133888	925.2162303039695	
15344.787199999999	0.02960000000166474	Ripples						0.02960000000166474	15344.8032	10.641881835659651	160.24386153001893	1136.8838131544753	
15348.0	436.0	SleepStates											Non-REM
15349.1248	0.026400000000649015	Ripples						0.026400000000649015	15349.1384	13.502150456575805	161.49980962527803	1273.8847346814428	
15349.5512	0.031199999999444117	Ripples						0.031199999999444117	15349.5704	9.1757226209844	159.50416153747503	824.6826696478922	
15351.104	0.1224000000001979	Ripples						0.1224000000001979	15351.2024	16.07387978339056	152.76111155656358	1473.247148337562	
15351.3032	0.044799999999668216	Ripples						0.044799999999668216	15351.3272	12.216116873183884	158.79277501905833	1274.0124572005218	
15351.5176	0.07519999999931315	Ripples						0.07519999999931315	15351.5312	5.289333064939542	161.06420145236783	870.0012336374829	
15354.4776	0.03360000000066066	Ripples						0.03360000000066066	15354.488000000001	6.31423476230925	162.08820826791202	857.0180034829546	
15357.071199999998	0.03840000000127475	Ripples						0.03840000000127475	15357.091199999999	14.28958722199769	164.59419325516936	1424.3319589281766	
15360.9416	0.031199999999444117	Ripples						0.031199999999444117	15360.961599999999	22.790051053461053	165.0215249360109	1642.1607089332363	
15361.0576	0.08079999999972642	Ripples						0.08079999999972642	15361.0792	23.06720162732247	153.93381358207947	1726.747467499416	
15361.268	0.0319999999992433	Ripples						0.0319999999992433	15361.2904	6.138173116116457	149.34869409210137	797.589406325822	
15361.604800000001	0.04719999999906577	Ripples						0.04719999999906577	15361.6304	15.838077790319018	170.01541801124847	1455.579384864025	
15363.7992	0.02080000000023574	Ripples						0.02080000000023574	15363.8104	12.60920484003264	167.4432877935229	1136.0870444966308	
15363.968	0.030399999999644933	Ripples						0.030399999999644933	15363.9824	22.60725789485811	163.4314304421363	1655.0224380535708	
15369.2248	0.05760000000009313	Ripples						0.05760000000009313	15369.248800000001	20.16680977424811	161.9991108327425	1739.4353227170818	
15371.9552	0.03679999999985739	Ripples						0.03679999999985739	15371.9816	12.49595452903154	161.5752501924464	1061.6344639866934	
15372.0808	0.04160000000047148	Ripples						0.04160000000047148	15372.098399999999	24.057773378368505	157.83839911849014	1781.3884428289557	
15372.3	0.02479999999923166	Ripples						0.02479999999923166	15372.3168	14.965959662602568	165.8357989575299	1251.8742361151926	
15373.9512	0.10080000000016298	Ripples						0.10080000000016298	15374.024	15.2349966778121	157.1785247306916	1294.4471389585844	
15374.14	0.037599999999656575	Ripples						0.037599999999656575	15374.1512	14.470762077250166	163.00381435368905	1346.1869223468705	
15378.2576	0.02959999999802676	Ripples						0.02959999999802676	15378.2688	9.812777145103299	158.32666018714977	988.6960750798236	
15381.2096	0.03439999999864085	Ripples						0.03439999999864085	15381.2232	14.142706708100686	170.33670147427713	1279.4639198759403	
15391.466400000001	0.053599999999278225	Ripples						0.053599999999278225	15391.5032	11.497254467381202	158.88186466844897	1151.094702808571	
15394.3672	0.0319999999992433	Ripples						0.0319999999992433	15394.382399999999	20.51286700995609	156.38605121638957	1478.443144842935	
15394.502400000001	0.03359999999884167	Ripples						0.03359999999884167	15394.519199999999	15.449124802791959	163.68667708063623	1496.967723659014	
15395.18	0.08959999999933643	Ripples						0.08959999999933643	15395.2384	18.428876983807132	166.37627676762253	1687.0390473061166	
15396.4632	0.14160000000083528	Ripples						0.14160000000083528	15396.4816	20.520548259180806	152.88919001701058	1546.3952538491726	
15397.1328	0.03280000000086147	Ripples						0.03280000000086147	15397.148000000001	7.515736942681589	148.9566667305786	768.0195910703679	
15398.330399999999	0.028000000002066372	Ripples						0.028000000002066372	15398.3432	16.518392153015238	168.4879760047928	1393.1635918395154	
15398.4704	0.03439999999864085	Ripples						0.03439999999864085	15398.4848	19.555887730873913	160.85517920975136	1601.0798602986724	
15402.287199999999	0.042400000002089655	Ripples						0.042400000002089655	15402.3056	12.169018009844171	160.53183523068333	1025.9534450946564	
15402.423200000001	0.02959999999802676	Ripples						0.02959999999802676	15402.4336	11.825573811513626	158.289377075767	1003.5608723735892	
15402.8504	0.028800000000046566	Ripples						0.028800000000046566	15402.860799999999	5.5279524199167875	157.34202720279052	787.4971160579927	
15404.650399999999	0.04560000000128639	Ripples						0.04560000000128639	15404.6712	9.60687884261369	156.44154076377518	748.3626886344997	
15406.7568	0.028800000000046566	Ripples						0.028800000000046566	15406.7752	8.20420802866173	162.79467816318558	970.9064709241226	
15406.8208	0.08319999999912397	Ripples						0.08319999999912397	15406.8688	12.250298608209084	152.45985990859617	953.1062352021208	
15408.844799999999	0.023199999999633292	Ripples						0.023199999999633292	15408.8552	6.330835699255706	161.37920557480072	826.1620727928934	
15409.4128	0.035200000000259024	Ripples						0.035200000000259024	15409.4368	7.090705063504328	153.8619079796675	827.5356912748084	
15409.901600000001	0.08159999999770662	Ripples						0.08159999999770662	15409.9696	9.909017592157818	153.1952145187016	921.531616039852	
15412.2976	0.025599999999030842	Ripples						0.025599999999030842	15412.3096	13.365452756061378	158.21037485166585	1130.1507551638929	
15412.372	0.03280000000086147	Ripples						0.03280000000086147	15412.384	6.78311334296152	149.09292922458678	711.5412173585381	
15412.459200000001	0.046399999999266583	Ripples						0.046399999999266583	15412.4816	31.15868820912625	162.43651437205625	2021.9856807214233	
15412.686399999999	0.02480000000105065	Ripples						0.02480000000105065	15412.700799999999	12.789083143631574	162.43705891706938	1201.1157408608058	
15412.751199999999	0.03200000000106229	Ripples						0.03200000000106229	15412.764	6.033343278930276	162.31396765635085	1017.1853180351976	
15415.0704	0.044799999999668216	Ripples						0.044799999999668216	15415.1016	21.138146107630305	157.12206524270428	1677.2162107428344	
15420.8744	0.025599999999030842	Ripples						0.025599999999030842	15420.889599999999	22.43257311399166	161.1653069267371	1530.8906693729105	
15420.9792	0.0455999999994674	Ripples						0.0455999999994674	15420.9992	20.563604358036265	166.15373736867403	1559.2200081946796	
15421.176	0.03600000000005821	Ripples						0.03600000000005821	15421.1872	6.515242135320502	167.5461962323677	969.4819081592901	
15426.3208	0.0272000000004482	Ripples						0.0272000000004482	15426.3432	6.548344512343824	151.80319365733564	760.2636654741767	
15426.3712	0.06640000000152213	Ripples						0.06640000000152213	15426.3792	5.17522732402214	155.81969951271213	616.0414860722475	
15426.6832	0.044799999999668216	Ripples						0.044799999999668216	15426.6968	10.156977048256286	162.14576035135264	1212.2444646047268	
15429.5728	0.02959999999984575	Ripples						0.02959999999984575	15429.5848	16.966197098204603	159.39369808275652	1350.4222843494483	
15429.751199999999	0.03680000000167638	Ripples						0.03680000000167638	15429.7672	12.773814974935867	165.0484675376451	1255.4569995389006	
15431.3344	0.02479999999923166	Ripples						0.02479999999923166	15431.3488	7.883978184634824	160.1829567865355	962.1355466029324	
15433.8064	0.05439999999907741	Ripples						0.05439999999907741	15433.831999999999	13.007699198695365	153.49086791114735	1152.9211389465872	
15433.9536	0.04160000000047148	Ripples						0.04160000000047148	15433.98	20.07112566441145	165.43632182075595	1600.6152404187005	
15434.112799999999	0.05199999999967986	Ripples						0.05199999999967986	15434.1232	21.563725623644668	158.60403916458236	1556.0236582260743	
15434.2112	0.02480000000105065	Ripples						0.02480000000105065	15434.222399999999	8.897788572500916	156.37130361146686	990.8818637287172	
15437.7672	0.053599999999278225	Ripples						0.053599999999278225	15437.8096	6.68228188620569	165.5089598371255	983.0347297289366	
15439.112000000001	0.04320000000006985	Ripples						0.04320000000006985	15439.134399999999	13.329608019617314	156.69500907210465	947.271766092554	
15443.4144	0.02080000000023574	Ripples						0.02080000000023574	15443.4288	7.415857649408745	162.45592086470006	827.5002988686277	
15443.4968	0.04159999999865249	Ripples						0.04159999999865249	15443.5168	22.71269172850925	164.11091735211974	1794.47366486492	
15451.092799999999	0.02480000000105065	Ripples						0.02480000000105065	15451.104	6.907692766570701	158.2291682461082	1005.6983768098764	
15451.437600000001	0.037599999999656575	Ripples						0.037599999999656575	15451.461599999999	6.934679760555184	155.38596618817996	968.5077069048992	
15452.7952	0.032799999999042484	Ripples						0.032799999999042484	15452.804	9.8320450282298	161.73735750522877	1072.8088317740887	
15452.9824	0.05199999999967986	Ripples						0.05199999999967986	15452.9992	14.804663625504025	157.50259704834562	1301.983495881384	
15453.1208	0.0911999999989348	Ripples						0.0911999999989348	15453.186399999999	9.052638719347463	152.87286641446855	921.5017256578582	
15453.8704	0.06079999999928987	Ripples						0.06079999999928987	15453.896	11.270737946772284	155.186352130407	1275.8009901434857	
15454.0392	0.028800000000046566	Ripples						0.028800000000046566	15454.0536	16.485564382680753	160.70062413416366	1326.2322864185423	
15456.916000000001	0.035199999998440035	Ripples						0.035199999998440035	15456.9432	8.03341556409393	154.45956842058555	1003.0525296125046	
15457.092799999999	0.03680000000167638	Ripples						0.03680000000167638	15457.1096	17.999081944300375	167.65744490654694	1399.5299224564844	
15457.272799999999	0.03200000000106229	Ripples						0.03200000000106229	15457.2864	18.205991132684826	163.27286959332886	1251.4459821455168	
15458.5456	0.04160000000047148	Ripples						0.04160000000047148	15458.5648	17.25856523940263	161.24619883163797	1588.295428486139	
15459.3136	0.02959999999984575	Ripples						0.02959999999984575	15459.336	10.817631135493997	157.5394260484681	987.4800568452087	
15463.76	0.05520000000069558	Ripples						0.05520000000069558	15463.801599999999	8.923493403288512	150.58311515824687	832.0674246703201	
15463.8936	0.02479999999923166	Ripples						0.02479999999923166	15463.9048	13.520335186591554	163.7119115740227	1227.3079146368045	
15464.044	0.023199999999633292	Ripples						0.023199999999633292	15464.056	11.83704586201635	159.07999296413468	986.1177465005918	
15467.1104	0.05279999999947904	Ripples						0.05279999999947904	15467.150399999999	16.058617293418433	163.0711472266001	1342.9253690249773	
15467.4792	0.04320000000006985	Ripples						0.04320000000006985	15467.508	14.467115085350942	149.12466966802776	1237.4334738360353	
15468.1976	0.02960000000166474	Ripples						0.02960000000166474	15468.2104	12.024519937108213	159.42625876003095	1197.7664587751672	
15472.0576	0.03440000000045984	Ripples						0.03440000000045984	15472.078399999999	5.728229773982742	155.53283767551912	941.9915745812025	
15472.1952	0.028800000000046566	Ripples						0.028800000000046566	15472.212800000001	10.724040012730342	158.41136090706948	1091.793045527284	
15472.284	0.040000000000873115	Ripples						0.040000000000873115	15472.308	13.212277288326273	163.053491825943	1400.7341384395572	
15475.9824	0.023199999999633292	Ripples						0.023199999999633292	15475.9912	8.996177360226019	158.2554360524662	962.9466825599645	
15476.076000000001	0.06319999999868742	Ripples						0.06319999999868742	15476.0848	10.737750720892386	157.31113757081567	1069.0872946389013	
15476.8176	0.09280000000035216	Ripples						0.09280000000035216	15476.8928	17.09578621798393	151.16954111292702	1503.4460773985527	
15476.9712	0.0455999999994674	Ripples						0.0455999999994674	15476.9896	14.23027176748891	155.3875999932333	1460.544878243654	
15480.0656	0.03200000000106229	Ripples						0.03200000000106229	15480.076799999999	9.679420073054173	158.6153601905709	794.4976644752273	
15482.011999999999	0.07440000000133296	Ripples						0.07440000000133296	15482.078399999999	5.495750419135222	154.63116729263703	672.3620418615614	
15482.7712	0.040000000000873115	Ripples						0.040000000000873115	15482.7864	5.559817955342457	141.10460462569947	608.2405078357593	
15485.2104	0.07760000000052969	Ripples						0.07760000000052969	15485.2768	10.114436069560487	154.30223468692068	1138.4170627421495	
15485.337599999999	0.03440000000045984	Ripples						0.03440000000045984	15485.351999999999	33.11371555687109	160.70550924096608	1974.0173662236434	
15486.4896	0.046399999999266583	Ripples						0.046399999999266583	15486.5216	15.473579154595011	157.18705709401482	1447.1509689732823	
15486.7024	0.031199999999444117	Ripples						0.031199999999444117	15486.720000000001	20.42449694928227	162.06357630201484	1586.8520238090593	
15488.346399999999	0.033600000002479646	Ripples						0.033600000002479646	15488.3632	13.380850381860249	162.0681512522606	1375.1808225043592	
15502.6888	0.05519999999887659	Ripples						0.05519999999887659	15502.7064	15.694198217380313	154.63333674145707	1375.2737634852876	
15503.5256	0.032799999999042484	Ripples						0.032799999999042484	15503.5424	17.33356639971781	167.08276556659757	1511.8550854130312	
15505.52	0.04320000000006985	Ripples						0.04320000000006985	15505.5344	15.906504559922343	155.5308110822563	1346.3731741372217	
15505.748800000001	0.044799999999668216	Ripples						0.044799999999668216	15505.776	18.42759137969013	155.73681990996295	1625.8155797267882	
15507.1096	0.028800000000046566	Ripples						0.028800000000046566	15507.128799999999	12.66185441241815	168.49901818509335	1231.1437683590134	
15508.1104	0.053600000001097214	Ripples						0.053600000001097214	15508.133600000001	13.792965124858275	163.70284245521995	1347.8380412423733	
15513.9584	0.0591999999996915	Ripples						0.0591999999996915	15514.0064	6.83684669195255	146.7962225313717	673.652396565664	
15514.128	0.06879999999910069	Ripples						0.06879999999910069	15514.1536	18.124822326910763	151.66776009436768	1473.7042322157104	
15514.2984	0.0272000000004482	Ripples						0.0272000000004482	15514.3096	9.53237861966983	159.85975658905352	1127.5110608099078	
15516.5664	0.035200000000259024	Ripples						0.035200000000259024	15516.5808	9.541115777468804	155.06089483645388	1129.0252649660692	
15516.627199999999	0.06400000000212458	Ripples						0.06400000000212458	15516.677599999999	10.969341215788067	163.32617375196904	1294.836651735796	
15519.248	0.03440000000045984	Ripples						0.03440000000045984	15519.2568	6.134817493428925	155.963313755682	640.1684610165921	
15528.7032	0.02479999999923166	Ripples						0.02479999999923166	15528.7144	11.401150654877073	163.0097186964573	1144.6023142316756	
15529.068800000001	0.04799999999886495	Ripples						0.04799999999886495	15529.097600000001	7.888954787840585	148.1164530347505	739.9871116364756	
15532.9944	0.06000000000130967	Ripples						0.06000000000130967	15533.0344	7.87721129000812	161.4791278494392	1108.865049461677	
15533.9104	0.07279999999809661	Ripples						0.07279999999809661	15533.9712	6.599148686793318	146.9844270006875	587.4505821621497	
15536.315200000001	0.0591999999996915	Ripples						0.0591999999996915	15536.3336	16.395538964344123	158.87902968800523	1521.1781795334325	
15537.0368	0.03440000000045984	Ripples						0.03440000000045984	15537.0616	7.782467082340801	154.90970112189098	868.7233951800878	
15537.4912	0.02959999999984575	Ripples						0.02959999999984575	15537.5032	10.674957216939527	153.4436398493946	989.0320783107892	
15537.6952	0.028000000000247383	Ripples						0.028000000000247383	15537.7096	13.55764747548961	159.417269309124	1317.2561372733871	
15540.394400000001	0.032799999999042484	Ripples						0.032799999999042484	15540.416799999999	6.3618447577831745	149.8448188408121	691.4940517975938	
15545.337599999999	0.02080000000205473	Ripples						0.02080000000205473	15545.351200000001	5.941702111529525	165.99792905463576	880.1285063885437	
15545.536	0.02080000000023574	Ripples						0.02080000000023574	15545.5472	9.297113990830956	162.8423290374901	960.4600038611297	
15546.062399999999	0.026400000000649015	Ripples						0.026400000000649015	15546.0776	5.662918342078403	148.14271436122175	703.531829784782	
15546.42	0.03600000000005821	Ripples						0.03600000000005821	15546.431199999999	8.261910012598033	163.0518808073559	783.816875094397	
15547.301599999999	0.028000000002066372	Ripples						0.028000000002066372	15547.3168	10.146369959704412	156.89326002647178	1182.7013729706366	
15547.4136	0.03280000000086147	Ripples						0.03280000000086147	15547.430400000001	22.512980588258525	164.719371889978	1782.474966570644	
15550.853599999999	0.025600000000849832	Ripples						0.025600000000849832	15550.867999999999	6.760279023994143	156.50031866414963	831.1912264508629	
15558.2576	0.021600000000034925	Ripples						0.021600000000034925	15558.2688	12.348728744815375	161.23319453239222	1114.341881856757	
15558.3576	0.022400000001653098	Ripples						0.022400000001653098	15558.372	6.284116767971314	159.97371017172725	862.2258920733024	
15559.224	0.05680000000029395	Ripples						0.05680000000029395	15559.256000000001	5.830604066467174	152.7590151041111	814.8142219938687	
15559.432	0.03600000000005821	Ripples						0.03600000000005821	15559.4424	10.66001924327999	158.58836756381433	1109.8672283645183	
15561.772	0.023199999999633292	Ripples						0.023199999999633292	15561.7904	5.22858030875794	155.02369787524196	442.6606176987771	
15563.9816	0.03280000000086147	Ripples						0.03280000000086147	15564.0064	20.791256162264975	157.94604018787652	1332.4593930750402	
15564.128799999999	0.03200000000106229	Ripples						0.03200000000106229	15564.1464	27.516679006638853	159.9424512701441	1745.2126757028211	
15578.2016	0.07359999999971478	Ripples						0.07359999999971478	15578.258399999999	10.731939762408018	156.6867783462171	1206.418505543458	
15579.134399999999	0.031200000001263106	Ripples						0.031200000001263106	15579.155999999999	7.016537842329473	152.21349431844789	739.7986997295534	
15596.324	0.021600000000034925	Ripples						0.021600000000034925	15596.3344	10.228211973439683	163.66238047450537	1051.8071039571205	
15597.628	0.058399999998073326	Ripples						0.058399999998073326	15597.6544	12.105614349024625	163.50029206512338	1242.063590664183	
15599.7048	0.023199999999633292	Ripples						0.023199999999633292	15599.7232	7.085521185398707	157.06615474834314	775.8337631416616	
15600.009600000001	0.037599999999656575	Ripples						0.037599999999656575	15600.033599999999	19.68809679727472	158.24047092067676	1531.8601996070415	
15600.1856	0.05999999999949068	Ripples						0.05999999999949068	15600.2176	18.020631756627452	152.78541946314954	1456.291906204653	
15601.4248	0.0367999999980384	Ripples						0.0367999999980384	15601.4512	9.583550684213781	164.8020545281179	1173.5862443927504	
15601.5328	0.02239999999801512	Ripples						0.02239999999801512	15601.5448	7.371262678739477	157.688891087959	939.2878769831439	
15603.824799999999	0.028000000002066372	Ripples						0.028000000002066372	15603.839199999999	18.419377201416008	159.91750914622773	1427.007137596598	
15604.2616	0.03200000000106229	Ripples						0.03200000000106229	15604.2752	6.417861029903495	152.27339261989695	754.992464208069	
15604.3768	0.04640000000108557	Ripples						0.04640000000108557	15604.3984	12.907484443168343	149.36668522244403	1090.538898664451	
15604.5136	0.03679999999985739	Ripples						0.03679999999985739	15604.533599999999	15.678135565129374	158.28802803944242	1472.8900632364248	
15605.0104	0.03280000000086147	Ripples						0.03280000000086147	15605.0288	6.397591046833373	149.3270910990277	746.3865705912862	
15605.2936	0.0367999999980384	Ripples						0.0367999999980384	15605.3128	31.238567414105276	159.51179138993703	1936.6152843421032	
15605.4928	0.022399999999834108	Ripples						0.022399999999834108	15605.5016	5.021082737954672	147.89035293168516	599.4964255956937	
15611.336	0.028000000000247383	Ripples						0.028000000000247383	15611.3504	8.62474024682473	155.47395935407735	927.2363025353244	
15611.944800000001	0.07199999999829743	Ripples						0.07199999999829743	15611.9848	10.610115338950349	147.0720069827623	835.5721113448536	
15612.2696	0.023199999999633292	Ripples						0.023199999999633292	15612.2856	5.6411319142224405	162.4891882070874	865.4609719097481	
15613.3408	0.11199999999917054	Ripples						0.11199999999917054	15613.4248	10.92971006749386	147.08527104434575	1149.715026601271	
15613.6176	0.037600000001475564	Ripples						0.037600000001475564	15613.6296	5.449085393304973	153.4970042336771	770.4901464572797	
15614.2528	0.028000000000247383	Ripples						0.028000000000247383	15614.264	5.844210598183646	154.19786179443318	784.7166568663878	
15618.6152	0.03679999999985739	Ripples						0.03679999999985739	15618.641599999999	7.501536591480704	171.7186289985941	780.1965347236297	
15623.901600000001	0.04320000000006985	Ripples						0.04320000000006985	15623.930400000001	12.971877432391112	150.6577088168958	1270.5357723737316	
15624.621599999999	0.035200000002078013	Ripples						0.035200000002078013	15624.6424	15.376870979548666	167.85798518425094	1357.3315164480757	
15624.7248	0.02959999999984575	Ripples						0.02959999999984575	15624.741600000001	13.38153273808843	167.3764060805651	1346.3997348580733	
15625.4776	0.03200000000106229	Ripples						0.03200000000106229	15625.496	13.455524265627766	160.54208736845985	1306.0741379088265	
15628.779999999999	0.021600000000034925	Ripples						0.021600000000034925	15628.7912	7.515333508001222	163.39179055392043	911.7058909981665	
15629.6352	0.03839999999945576	Ripples						0.03839999999945576	15629.657599999999	15.770128361389558	166.81969341325836	1517.7464575304512	
15629.7808	0.0272000000004482	Ripples						0.0272000000004482	15629.794399999999	10.374022755851538	168.5544628944133	1148.8577621901572	
15635.8912	0.02080000000023574	Ripples						0.02080000000023574	15635.9048	13.34134670033559	162.23402235312764	1081.4359622745071	
15637.436	0.032799999999042484	Ripples						0.032799999999042484	15637.4576	8.000688411183976	148.4383933301783	786.2050037052246	
15643.198400000001	0.03919999999925494	Ripples						0.03919999999925494	15643.228	10.50088777390634	171.63098749882704	1115.7552680930007	
15643.315999999999	0.03600000000005821	Ripples						0.03600000000005821	15643.3312	13.295117136801439	156.3266196400194	1194.6628439455658	
15644.5736	0.025600000000849832	Ripples						0.025600000000849832	15644.588	11.344759681593624	157.7915586659117	1090.9934918600914	
15645.4464	0.06719999999950232	Ripples						0.06719999999950232	15645.464	27.18918845427376	157.02395038307642	1992.9756866428127	
15645.599999999999	0.02480000000105065	Ripples						0.02480000000105065	15645.6136	6.428083925412901	157.29339119417747	915.5475966516116	
15645.9928	0.03280000000086147	Ripples						0.03280000000086147	15646.004	8.311294526497145	156.8438421282678	846.6166427736625	
15646.64	0.04160000000047148	Ripples						0.04160000000047148	15646.657599999999	17.53569682236307	161.9811712091363	1531.1142737647042	
15649.0536	0.028000000000247383	Ripples						0.028000000000247383	15649.072	6.2003379990380685	149.61114036835403	669.316553383703	
15652.18	0.023999999999432475	Ripples						0.023999999999432475	15652.193599999999	13.372997853996212	165.11018751553894	1206.0646743293023	
15652.3432	0.04960000000028231	Ripples						0.04960000000028231	15652.3568	16.266405873420677	167.85471757108385	1452.9241928088502	
15652.641599999999	0.037599999999656575	Ripples						0.037599999999656575	15652.6656	7.685763485017685	150.32084083847073	859.877781813006	
15655.56	0.031199999999444117	Ripples						0.031199999999444117	15655.5776	13.775849307976493	155.8413313997724	1236.5834721891958	
15655.7456	0.030399999999644933	Ripples						0.030399999999644933	15655.76	6.937483867972475	161.8735697904613	1019.2955445157379	
15655.836	0.026400000000649015	Ripples						0.026400000000649015	15655.848	11.793467205122312	159.38426469519914	1127.5324735357515	
15656.8984	0.03360000000066066	Ripples						0.03360000000066066	15656.9208	6.163578569811787	164.11016659456433	939.0635548096174	
15657.0112	0.06319999999868742	Ripples						0.06319999999868742	15657.064	16.588811549617724	157.15262507727476	1410.9348477032038	
15657.1952	0.03439999999864085	Ripples						0.03439999999864085	15657.2168	12.483761716936181	152.99046817503202	1121.618107700973	
15660.7264	0.03600000000005821	Ripples						0.03600000000005821	15660.736799999999	17.88856243167661	166.35478104982644	1384.9127174887813	
15661.6168	0.03440000000045984	Ripples						0.03440000000045984	15661.628	7.210390017891686	154.31275919092707	971.2111483499729	
15661.6856	0.025599999999030842	Ripples						0.025599999999030842	15661.6976	9.196173388180796	154.22910012791363	1017.5072358779393	
15662.1456	0.03919999999925494	Ripples						0.03919999999925494	15662.168	5.374315296813694	152.49885815756042	834.7369070299324	
15662.7096	0.023199999999633292	Ripples						0.023199999999633292	15662.7208	5.557427237940926	156.49612020321715	766.7730940139392	
15663.243999999999	0.025600000000849832	Ripples						0.025600000000849832	15663.2624	6.99398000216039	154.990694011193	837.9499570179303	
15672.432	0.0455999999994674	Ripples						0.0455999999994674	15672.466400000001	14.011159433271294	152.69510807263276	1224.9359053318442	
15689.3184	0.05519999999887659	Ripples						0.05519999999887659	15689.3528	11.679335514464967	151.91957551986098	1235.9131095046714	
15691.4744	0.021600000000034925	Ripples						0.021600000000034925	15691.4848	6.806941653941185	158.49301394304354	856.3383134411255	
15695.9744	0.04320000000006985	Ripples						0.04320000000006985	15695.997599999999	19.366892872631386	155.67002972109424	1628.8572661465362	
15699.894400000001	0.032799999999042484	Ripples						0.032799999999042484	15699.9064	8.013789522348995	148.14879601439586	770.5006740380015	
15700.9048	0.03839999999945576	Ripples						0.03839999999945576	15700.932799999999	8.247391669419255	154.6970673861097	844.8883733872798	
15701.272	0.04799999999886495	Ripples						0.04799999999886495	15701.2864	14.761606987275924	161.25457963638243	1426.0097924388208	
15702.3048	0.05439999999907741	Ripples						0.05439999999907741	15702.3328	13.751007077735764	158.47730584704115	1366.7325968312336	
15702.4512	0.04320000000006985	Ripples						0.04320000000006985	15702.473600000001	24.190654399999726	155.0231764985416	1649.8276217191972	
15702.6176	0.021600000000034925	Ripples						0.021600000000034925	15702.626400000001	10.849697973056324	158.61487957485915	1015.1249050851736	
15702.844799999999	0.02480000000105065	Ripples						0.02480000000105065	15702.856	9.31177660899548	155.83754667217198	988.6951247561974	
15703.004	0.08159999999770662	Ripples						0.08159999999770662	15703.0616	15.41560606666111	156.62758874739205	1499.865750609876	
15703.751199999999	0.042400000002089655	Ripples						0.042400000002089655	15703.7832	9.681495562565667	162.51762972659185	1090.6858054414733	
15707.6856	0.027999999998428393	Ripples						0.027999999998428393	15707.7	15.880548132064494	162.1187095518351	1304.2028862223922	
15713.8936	0.044799999999668216	Ripples						0.044799999999668216	15713.925599999999	13.264262255454266	156.3456915122099	1306.7739102174417	
15714.2408	0.03600000000005821	Ripples						0.03600000000005821	15714.2608	24.893828998804082	162.752985920678	1884.1673105221314	
15714.403999999999	0.04080000000249129	Ripples						0.04080000000249129	15714.4264	11.54079529253547	146.7014064289566	912.7489790441953	
15714.9496	0.03440000000045984	Ripples						0.03440000000045984	15714.9712	18.034377672278673	155.1522334236051	1424.1172115178008	
15715.4384	0.03680000000167638	Ripples						0.03680000000167638	15715.4528	14.167977327793162	152.6729944463794	1173.377193529967	
15717.4496	0.03919999999925494	Ripples						0.03919999999925494	15717.461599999999	22.104334882434795	158.79365862487853	1595.7179112423664	
15718.428	0.024000000001251465	Ripples						0.024000000001251465	15718.4392	8.675245393233025	165.30324560086646	1089.1951311836876	
15718.9408	0.037599999999656575	Ripples						0.037599999999656575	15718.9576	16.524157680050763	153.9005951436217	1414.9774479512669	
15720.134399999999	0.035200000002078013	Ripples						0.035200000002078013	15720.150399999999	5.542311228986078	148.2576095350391	533.7299535747669	
15720.9216	0.021600000000034925	Ripples						0.021600000000034925	15720.932799999999	7.695784645025235	156.42732416644117	840.3532890498699	
15721.3544	0.0272000000004482	Ripples						0.0272000000004482	15721.3648	11.059854239577284	159.56449505550617	1088.2450117479548	
15723.5872	0.025599999999030842	Ripples						0.025599999999030842	15723.5992	5.331072610686896	150.07379878742853	705.3002682496361	
15727.2176	0.08159999999952561	Ripples						0.08159999999952561	15727.2824	19.92539490591433	150.30369753798337	1360.4171422582674	
15727.4056	0.05199999999967986	Ripples						0.05199999999967986	15727.448	13.534147386782644	154.81720620624426	1299.0457775035022	
15731.2472	0.042400000000270666	Ripples						0.042400000000270666	15731.272	8.832027484145625	148.0662082407626	907.4316845135522	
15731.5224	0.037599999999656575	Ripples						0.037599999999656575	15731.54	12.189519219165378	159.5907220963619	1365.276493938868	
15731.6568	0.04320000000006985	Ripples						0.04320000000006985	15731.668	6.53285172078252	153.95572487174346	897.561776077652	
15732.2736	0.03839999999945576	Ripples						0.03839999999945576	15732.288	14.949100932560246	152.63903657437928	1356.983333541518	
15732.4264	0.058399999999892316	Ripples						0.058399999999892316	15732.4552	7.829676766486605	145.85292514193753	787.9904062808137	
15734.272	0.04799999999886495	Ripples						0.04799999999886495	15734.2976	7.092656273656518	150.39744236609528	737.3194962833978	
15743.1232	0.07039999999869906	Ripples						0.07039999999869906	15743.148000000001	10.359394100569855	150.75168061494122	1127.426108969734	
15743.4928	0.04079999999885331	Ripples						0.04079999999885331	15743.5168	15.05676568713728	155.34745614204297	1285.1599994518444	
15743.591199999999	0.030399999999644933	Ripples						0.030399999999644933	15743.612000000001	6.706642306130103	152.43475509865146	878.1168036576281	
15743.700799999999	0.04160000000047148	Ripples						0.04160000000047148	15743.7192	10.15957769907435	171.08509632862118	1148.29686066075	
15743.892	0.025600000000849832	Ripples						0.025600000000849832	15743.9064	16.644766980813547	160.69364534700844	1386.762868811236	
15755.2208	0.05199999999967986	Ripples						0.05199999999967986	15755.2624	6.045379317000199	150.92321538644703	779.4938883561832	
15755.337599999999	0.051200000001699664	Ripples						0.051200000001699664	15755.356	8.237398710901328	168.22226230858817	1101.6581923990586	
15755.4912	0.032799999999042484	Ripples						0.032799999999042484	15755.5104	11.02858907888971	162.89655329474027	1223.3647137650566	
15756.6256	0.03680000000167638	Ripples						0.03680000000167638	15756.655200000001	8.90112831772922	157.84033270772193	923.4280935457036	
15757.3904	0.023999999999432475	Ripples						0.023999999999432475	15757.401600000001	8.772892332649123	160.6515347411218	895.807243275284	
15783.164	0.02239999999801512	Ripples						0.02239999999801512	15783.1784	9.940100883437434	162.3242814983126	1009.9263324074616	
15785.0	40.0	SleepStates											REM
15826.0	27.0	SleepStates											Awake
15842.0384	0.06240000000070722	Ripples						0.06240000000070722	15842.0528	8.872562797471069	154.12565399006255	1020.0225782448823	
15844.8704	0.04079999999885331	Ripples						0.04079999999885331	15844.887200000001	20.525290734174757	160.1843304586327	1699.8074348370078	
15845.152	0.05439999999907741	Ripples						0.05439999999907741	15845.1608	8.61306148468138	150.65769955041372	947.5084024511133	
15851.384	0.055999999998675776	Ripples						0.055999999998675776	15851.401600000001	14.138855831140386	157.86620383017421	1337.4068340070762	
15854.0	305.0	SleepStates											Non-REM
15857.7544	0.03600000000005821	Ripples						0.03600000000005821	15857.765599999999	5.280188720712266	158.19281931095162	789.3082745174829	
15860.2072	0.08879999999953725	Ripples						0.08879999999953725	15860.2752	20.9554511005053	152.04430836411518	1711.4143505947868	
15860.961599999999	0.05040000000008149	Ripples						0.05040000000008149	15860.990399999999	11.450350362530596	151.36589645263842	1122.2449734409354	
15862.3856	0.039999999999054126	Ripples						0.039999999999054126	15862.4152	7.879350309328592	154.41963246492142	892.8622077475815	
15863.628799999999	0.042400000002089655	Ripples						0.042400000002089655	15863.657599999999	19.359345905591432	155.8859886912877	1658.619227179624	
15863.7256	0.021600000000034925	Ripples						0.021600000000034925	15863.736799999999	6.714808297146231	156.52828604879838	828.5914765829644	
15866.6224	0.048800000000483124	Ripples						0.048800000000483124	15866.633600000001	7.462285123066087	162.59139851372427	998.4126286509078	
15866.7352	0.0272000000004482	Ripples						0.0272000000004482	15866.748800000001	16.44307735103519	161.61956954034437	1373.7888671349751	
15875.1456	0.0816000000013446	Ripples						0.0816000000013446	15875.2016	17.59461227927449	153.29817669398804	1627.2947330821908	
15881.867999999999	0.030400000001463923	Ripples						0.030400000001463923	15881.8912	7.244184878640524	155.63806249673138	861.0632903574768	
15886.7744	0.04320000000006985	Ripples						0.04320000000006985	15886.804	6.367753151231442	151.7355848881814	701.8968709987606	
15888.3192	0.031199999999444117	Ripples						0.031199999999444117	15888.3336	16.17990089143395	158.78650067210432	1372.9711184716498	
15888.4432	0.0272000000004482	Ripples						0.0272000000004482	15888.4624	16.564096852931602	167.34505434979195	1312.6220629181803	
15888.5384	0.06640000000152213	Ripples						0.06640000000152213	15888.588	11.662539282280317	157.55715092392978	1286.92286941221	
15888.7088	0.05999999999949068	Ripples						0.05999999999949068	15888.741600000001	9.419754209512822	156.78458953254986	1200.0856978390143	
15898.724	0.04320000000006985	Ripples						0.04320000000006985	15898.7472	15.489595714031573	158.49225243920523	1440.9536734727644	
15899.1888	0.056000000000494765	Ripples						0.056000000000494765	15899.2336	13.58991294483798	150.49330848780096	1089.2464628495384	
15901.1736	0.03920000000107393	Ripples						0.03920000000107393	15901.1952	20.078009342332056	162.0629682088608	1546.7259716141027	
15901.344799999999	0.026400000000649015	Ripples						0.026400000000649015	15901.358400000001	13.45703211682171	163.26973464619195	1283.9363453115034	
15901.448	0.048800000000483124	Ripples						0.048800000000483124	15901.459200000001	13.965776852619507	155.34816335953613	1243.0188449697464	
15904.5896	0.021600000000034925	Ripples						0.021600000000034925	15904.604	8.414465678684154	160.18670779803517	968.1367374768181	
15909.741600000001	0.048799999998664134	Ripples						0.048799999998664134	15909.7768	12.453740049376464	161.66344809193808	1197.1134704012807	
15911.0184	0.027999999998428393	Ripples						0.027999999998428393	15911.0344	9.67269744302847	165.6986556321776	1179.6500497946654	
15914.3696	0.06240000000070722	Ripples						0.06240000000070722	15914.402399999999	13.86362434220803	158.1916991033962	1406.0540117958126	
15915.148799999999	0.044799999999668216	Ripples						0.044799999999668216	15915.179199999999	15.74695692434731	155.74841681385544	1425.7005380239107	
15915.2744	0.03600000000005821	Ripples						0.03600000000005821	15915.2864	18.222888800364835	157.54238127128448	1430.0483097554927	
15915.3312	0.03440000000045984	Ripples						0.03440000000045984	15915.351999999999	14.097140217309184	154.58395015753754	1143.8665991490013	
15915.4632	0.09679999999934807	Ripples						0.09679999999934807	15915.4848	13.244812368276353	151.38939079138382	1233.6463872372144	
15922.3256	0.03600000000005821	Ripples						0.03600000000005821	15922.336	15.114219412904772	159.97036641022038	1229.150027391837	
15924.008	0.037599999999656575	Ripples						0.037599999999656575	15924.0376	7.361369930294909	149.9225100238058	743.908880237021	
15926.308	0.0367999999980384	Ripples						0.0367999999980384	15926.3344	11.550163558721922	155.77365205339925	944.047731571364	
15929.598399999999	0.0408000000006723	Ripples						0.0408000000006723	15929.6064	7.142999582956361	159.35616464586448	914.3087206310811	
15930.353599999999	0.031200000001263106	Ripples						0.031200000001263106	15930.3672	23.951344621207504	162.20851141692663	1727.8108803700168	
15931.839199999999	0.05280000000129803	Ripples						0.05280000000129803	15931.865600000001	7.875311150257883	150.59117395286674	626.3941654167107	
15932.612799999999	0.042400000002089655	Ripples						0.042400000002089655	15932.6368	23.64376808218778	155.16704329278502	1673.395989663769	
15932.748800000001	0.04399999999805004	Ripples						0.04399999999805004	15932.772799999999	31.636542620084512	160.1121673150931	2160.866926619048	
15933.997599999999	0.028000000002066372	Ripples						0.028000000002066372	15934.011999999999	21.656194029491257	167.03781719850116	1636.3604945793477	
15934.119200000001	0.0319999999992433	Ripples						0.0319999999992433	15934.1368	11.151986801335783	156.73615492964421	1230.328820578702	
15934.234400000001	0.051199999998061685	Ripples						0.051199999998061685	15934.272	7.0411868625657	150.90010604653315	938.1524266081382	
15934.7952	0.02479999999923166	Ripples						0.02479999999923166	15934.8096	8.061916907091977	165.08070860782246	997.6382039662682	
15952.5512	0.03839999999945576	Ripples						0.03839999999945576	15952.576000000001	12.35259289322142	154.10146448108304	1119.7713566748864	
15953.3976	0.030399999999644933	Ripples						0.030399999999644933	15953.412	22.64565096575382	162.98392872800596	1679.2620535603658	
15953.4712	0.030399999999644933	Ripples						0.030399999999644933	15953.4872	16.576332159045414	154.9098808528633	1216.5795582010871	
15953.6224	0.03839999999945576	Ripples						0.03839999999945576	15953.64	9.623630006941584	153.36090904670613	1034.6846496088053	
15959.112799999999	0.04640000000108557	Ripples						0.04640000000108557	15959.134399999999	7.72446384603877	161.16787102618935	1094.1881536847568	
15962.808	0.06559999999808497	Ripples						0.06559999999808497	15962.8416	20.084418107333104	152.54981888376832	1460.2281543783888	
15964.804	0.02959999999984575	Ripples						0.02959999999984575	15964.8144	5.2929766697641405	172.1286958353603	549.5373648892365	
15969.4936	0.03360000000066066	Ripples						0.03360000000066066	15969.508	5.284088746564829	152.96855835705418	587.4064535398553	
15979.294399999999	0.037600000001475564	Ripples						0.037600000001475564	15979.3112	27.47566410104843	161.246754488575	1913.0092565575094	
15980.224	0.07439999999951397	Ripples						0.07439999999951397	15980.2856	12.037459241264857	153.13879875800666	1259.2535858188858	
15982.18	0.062399999998888234	Ripples						0.062399999998888234	15982.2264	9.920575932365043	159.87828188333435	1226.1128901413344	
15982.4632	0.03439999999864085	Ripples						0.03439999999864085	15982.4776	15.341825908285555	159.76347693141554	1405.6095791433388	
15984.3888	0.032799999999042484	Ripples						0.032799999999042484	15984.4144	20.08471155568995	158.552888340336	1263.7588069755693	
15984.5544	0.039999999999054126	Ripples						0.039999999999054126	15984.5632	6.881096811159221	152.77582322935694	829.0278705011734	
15991.9208	0.05280000000129803	Ripples						0.05280000000129803	15991.932	7.04081111486255	157.13895691766257	922.4871642389633	
15992.0632	0.03919999999925494	Ripples						0.03919999999925494	15992.076799999999	13.738714835293687	163.1581482046411	1401.491888041123	
15993.5424	0.051199999999880674	Ripples						0.051199999999880674	15993.5608	11.623875838358044	150.47379861152288	1258.1067560348697	
15999.215199999999	0.04320000000006985	Ripples						0.04320000000006985	15999.2424	11.94602663829092	161.27096086195996	1297.6563399526262	
16004.2448	0.046399999999266583	Ripples						0.046399999999266583	16004.2744	12.393943473283342	149.7541928479182	914.1240926115444	
16004.365600000001	0.062399999998888234	Ripples						0.062399999998888234	16004.3816	11.370281194993103	145.69163231348435	899.4912537824537	
16004.5488	0.03440000000045984	Ripples						0.03440000000045984	16004.5752	13.325946875952509	155.50442858662896	1059.729489884494	
16004.7024	0.022399999999834108	Ripples						0.022399999999834108	16004.7176	7.6474472753538985	155.50725688875093	812.4089604745054	
16005.0256	0.02479999999923166	Ripples						0.02479999999923166	16005.0368	9.959458831356327	163.3180840230392	1116.3183233392774	
16005.2016	0.022399999999834108	Ripples						0.022399999999834108	16005.2168	5.505952796136905	150.85731620158288	648.1916221923804	
16005.5136	0.042400000000270666	Ripples						0.042400000000270666	16005.5344	14.670029800087176	157.7493137374603	1364.8987709920502	
16005.7472	0.023999999999432475	Ripples						0.023999999999432475	16005.7616	10.612527027134364	158.82632917565581	1101.1795755452051	
16008.1296	0.028800000000046566	Ripples						0.028800000000046566	16008.140800000001	13.560442790803533	155.65192742482637	1143.338718846397	
16008.6296	0.06880000000091968	Ripples						0.06880000000091968	16008.648799999999	5.391984140282914	143.15952717945137	401.1720903197202	
16011.480800000001	0.0367999999980384	Ripples						0.0367999999980384	16011.495200000001	7.796218871062933	151.46933702102294	826.8733999386944	
16012.236	0.039999999999054126	Ripples						0.039999999999054126	16012.2472	10.966999109236626	156.81483902042436	1122.411923579799	
16019.4504	0.04719999999906577	Ripples						0.04719999999906577	16019.4896	6.231175431458781	151.3466765423822	904.4898735799216	
16023.7024	0.04640000000108557	Ripples						0.04640000000108557	16023.716	24.288988268682992	163.56667111432625	1624.8768783160417	
16023.836	0.037599999999656575	Ripples						0.037599999999656575	16023.859199999999	15.160327644657512	160.23181309352697	1086.8399012337004	
16024.1104	0.09200000000055297	Ripples						0.09200000000055297	16024.148000000001	11.453058993052466	149.25228270145132	898.497398905664	
16024.292	0.035200000000259024	Ripples						0.035200000000259024	16024.3056	11.476576151344862	153.09390133299934	1126.2754197205513	
16024.439999999999	0.025600000000849832	Ripples						0.025600000000849832	16024.448	5.213558818672775	160.0849197468242	778.7660981254872	
16026.6472	0.021600000000034925	Ripples						0.021600000000034925	16026.655200000001	8.456000852505884	157.73090497991294	908.6415694950302	
16040.064	0.07999999999992724	Ripples						0.07999999999992724	16040.098399999999	15.763953677696017	153.6309488560753	1472.5112749516295	
16040.4768	0.03280000000086147	Ripples						0.03280000000086147	16040.502400000001	5.120061137916939	148.456978841603	677.3909501557939	
16040.5944	0.02719999999862921	Ripples						0.02719999999862921	16040.6096	7.389000245824054	148.3018649560046	672.7936709986226	
16047.8352	0.044800000001487206	Ripples						0.044800000001487206	16047.860799999999	19.80122901637691	153.78438465472442	1593.9724169178994	
16050.3672	0.026399999998830026	Ripples						0.026399999998830026	16050.3864	6.204868619108763	154.52747252356158	766.8009607537674	
16050.6376	0.04719999999906577	Ripples						0.04719999999906577	16050.6592	6.483852682550183	145.30831443797692	776.0607389791995	
16050.8168	0.03600000000005821	Ripples						0.03600000000005821	16050.8288	13.719064578341944	156.11882600173672	1257.82997670087	
16051.099999999999	0.031200000001263106	Ripples						0.031200000001263106	16051.114399999999	11.642214578579319	160.33201569843058	1114.3714393211696	
16051.964	0.040000000000873115	Ripples						0.040000000000873115	16051.9744	5.687048780277723	156.29858017629098	771.3764137982845	
16053.6896	0.031199999999444117	Ripples						0.031199999999444117	16053.7072	28.785103675372113	163.18620008301266	1898.47179280264	
16054.026399999999	0.02080000000205473	Ripples						0.02080000000205473	16054.0368	7.235868754993737	167.0688661761005	934.6414020676394	
16054.8704	0.04560000000128639	Ripples						0.04560000000128639	16054.894400000001	14.069815337552773	162.55790086958092	1527.6624137286906	
16055.0064	0.0319999999992433	Ripples						0.0319999999992433	16055.0176	6.93886206676472	160.245918517528	976.8715168017716	
16055.1928	0.05679999999847496	Ripples						0.05679999999847496	16055.215199999999	5.268531914832852	155.91758313567908	888.5222659741876	
16056.2608	0.035200000000259024	Ripples						0.035200000000259024	16056.2792	6.132394904689238	154.10803638544894	867.7657902514591	
16056.402399999999	0.028000000002066372	Ripples						0.028000000002066372	16056.4144	16.57035106175151	159.41103461224824	1363.0928169610038	
16056.5056	0.035199999998440035	Ripples						0.035199999998440035	16056.519199999999	11.982230844350923	160.4587916328739	1246.432846136178	
16057.0776	0.037599999999656575	Ripples						0.037599999999656575	16057.097600000001	11.968084446718628	154.66884042252573	1241.6383986348703	
16057.3472	0.022399999999834108	Ripples						0.022399999999834108	16057.359199999999	16.195677041952354	160.39849535257642	1217.5762684718395	
16064.0656	0.127200000000812	Ripples						0.127200000000812	16064.114399999999	14.199946197737383	154.58995714731043	1257.1727852935537	
16064.2808	0.042399999998451676	Ripples						0.042399999998451676	16064.3024	15.841202849940094	149.49967734356113	1403.0633630666016	
16067.248	0.03679999999985739	Ripples						0.03679999999985739	16067.2768	6.236561818935647	151.15607361183314	748.4441838740913	
16067.676	0.028800000000046566	Ripples						0.028800000000046566	16067.692	5.5405961336385605	150.64947086328473	746.0160391977512	
16068.358400000001	0.023999999997613486	Ripples						0.023999999997613486	16068.366399999999	5.338508523220123	159.12575489348936	761.2806206192778	
16071.3928	0.05999999999949068	Ripples						0.05999999999949068	16071.439999999999	12.614977899602236	154.14158942873735	1332.538103551343	
16072.4192	0.062399999998888234	Ripples						0.062399999998888234	16072.473600000001	6.377525129842194	159.9833010397835	681.5538375393429	
16072.5848	0.027999999998428393	Ripples						0.027999999998428393	16072.5952	18.693525295666586	161.1901936520233	1410.553376432723	
16077.2288	0.05040000000008149	Ripples						0.05040000000008149	16077.251199999999	14.924427264256632	157.76374024332927	1523.056703389391	
16078.315200000001	0.030399999999644933	Ripples						0.030399999999644933	16078.3256	17.23032718477552	161.7334504902802	1339.8433822891307	
16078.4696	0.10399999999935972	Ripples						0.10399999999935972	16078.484	5.61383938011964	148.7961943543847	594.332518739606	
16079.2096	0.03839999999945576	Ripples						0.03839999999945576	16079.2304	11.045406183398978	154.90696490528876	1167.3562475930703	
16081.2336	0.02080000000023574	Ripples						0.02080000000023574	16081.2448	5.723891093981238	169.51424120136423	860.8233300105754	
16081.36	0.030399999999644933	Ripples						0.030399999999644933	16081.373599999999	12.63130001214297	158.20034374238287	1200.374527154549	
16081.439999999999	0.03920000000107393	Ripples						0.03920000000107393	16081.4552	18.038379156908398	154.67983128468146	1437.8382908332628	
16081.633600000001	0.04399999999805004	Ripples						0.04399999999805004	16081.655999999999	13.906956716089738	151.09934861691684	1229.591932778026	
16086.9568	0.026399999998830026	Ripples						0.026399999998830026	16086.972	7.1347727740421005	151.47548389552614	848.8689826685235	
16090.107199999999	0.0272000000004482	Ripples						0.0272000000004482	16090.119200000001	7.096593293784464	147.71184085755965	558.9461866363383	
16090.243999999999	0.022400000001653098	Ripples						0.022400000001653098	16090.2592	5.77270238216171	151.56396268715488	753.1469634561174	
16092.677599999999	0.03680000000167638	Ripples						0.03680000000167638	16092.7072	7.091482737643219	164.35209136496746	908.7067537230545	
16094.996	0.026400000000649015	Ripples						0.026400000000649015	16095.0184	5.233286715047138	159.34099442422388	599.5508461840813	
16095.296	0.028800000000046566	Ripples						0.028800000000046566	16095.3104	6.409616743216118	152.9088503418656	775.4485314655872	
16110.7464	0.03359999999884167	Ripples						0.03359999999884167	16110.763200000001	19.6967682327177	159.13172537823834	1522.8785522242206	
16111.2432	0.05199999999967986	Ripples						0.05199999999967986	16111.287199999999	8.229406828485168	151.83571856489885	856.6645038187811	
16112.107199999999	0.035200000002078013	Ripples						0.035200000002078013	16112.124	15.048187987103946	159.25134577510678	1443.269756742444	
16115.716	0.0455999999994674	Ripples						0.0455999999994674	16115.736799999999	17.772902137926433	167.36826762037296	1565.939923966594	
16116.2088	0.03359999999884167	Ripples						0.03359999999884167	16116.2288	14.977234731132684	161.35716550909564	1352.8034088714578	
16116.3336	0.03200000000106229	Ripples						0.03200000000106229	16116.3528	12.939532373957501	170.52051572672048	1268.2493041382145	
16116.4568	0.03359999999884167	Ripples						0.03359999999884167	16116.473600000001	20.74998599482093	163.24951718233478	1645.9352019446826	
16118.466400000001	0.035199999998440035	Ripples						0.035199999998440035	16118.480800000001	9.955448980666821	151.100803252285	899.7710153900136	
16120.5528	0.03920000000107393	Ripples						0.03920000000107393	16120.5808	5.910971484099797	148.3394676820355	729.2547586874105	
16120.6944	0.0272000000004482	Ripples						0.0272000000004482	16120.7088	10.278584798384953	163.0522063479315	1182.2183948335587	
16120.824	0.09439999999813153	Ripples						0.09439999999813153	16120.903999999999	14.880300661145586	151.74265056497373	1333.122467952178	
16121.0304	0.02479999999923166	Ripples						0.02479999999923166	16121.044	9.863793350246752	159.83509516308467	1063.8905609263486	
16123.2552	0.04800000000068394	Ripples						0.04800000000068394	16123.2736	14.441055408147163	154.404787585769	1332.459360350006	
16123.6168	0.03280000000086147	Ripples						0.03280000000086147	16123.632	8.55301458254417	154.01743428947745	1007.673252071269	
16128.0848	0.03919999999925494	Ripples						0.03919999999925494	16128.092799999999	5.585483387918738	158.03645756030426	840.2978086412874	
16128.8104	0.032799999999042484	Ripples						0.032799999999042484	16128.828	14.309401715277215	167.58645199737276	1431.4347954387265	
16129.0144	0.022399999999834108	Ripples						0.022399999999834108	16129.032	7.576057684595365	159.86894429023084	675.1247981527865	
16129.2312	0.03600000000005821	Ripples						0.03600000000005821	16129.2504	20.744672570936466	162.88926805679233	1703.1852413247755	
16129.5288	0.0455999999994674	Ripples						0.0455999999994674	16129.56	12.74446463874053	153.8808017875283	1247.9222411303879	
16129.6496	0.05279999999947904	Ripples						0.05279999999947904	16129.670399999999	10.820981262755053	151.18332359357353	1108.9584832013513	
16132.141599999999	0.028000000002066372	Ripples						0.028000000002066372	16132.1568	11.319639883370735	160.87442561557623	1144.2817187787782	
16134.5608	0.031200000001263106	Ripples						0.031200000001263106	16134.572	5.556881539897913	161.365507028625	896.7561522828986	
16135.5368	0.058399999999892316	Ripples						0.058399999999892316	16135.5744	6.098032070525494	155.75626882916205	713.9957152339942	
16137.903999999999	0.058400000001711305	Ripples						0.058400000001711305	16137.9224	15.725213171649054	151.62559817816557	1233.2353306630457	
16138.163199999999	0.037599999999656575	Ripples						0.037599999999656575	16138.179199999999	12.257468532653562	151.18699122460615	1067.8920272236696	
16139.36	0.0591999999996915	Ripples						0.0591999999996915	16139.3904	13.075204802906368	145.94183266078676	1106.871614567228	
16145.5856	0.032799999999042484	Ripples						0.032799999999042484	16145.599999999999	7.654365755574524	152.18632845993275	903.4273162247034	
16154.148000000001	0.030399999999644933	Ripples						0.030399999999644933	16154.1568	6.297066894050833	156.34867749941267	596.6132181927951	
16160.0	15.0	SleepStates											REM
16176.0	17.0	SleepStates											Awake
16190.4824	0.031199999999444117	Ripples						0.031199999999444117	16190.5032	5.253314281763272	168.736346869906	816.604913462239	
16194.0	128.0	SleepStates											Non-REM
16200.336800000001	0.04559999999764841	Ripples						0.04559999999764841	16200.356	18.12231321256424	167.59212344080126	1650.9632761147693	
16200.4504	0.03679999999985739	Ripples						0.03679999999985739	16200.4584	6.856483036810941	156.88272941097327	870.5794699917757	
16200.5312	0.04160000000047148	Ripples						0.04160000000047148	16200.5456	16.450607592003344	153.9818911441441	1455.2268463513808	
16201.492	0.022399999999834108	Ripples						0.022399999999834108	16201.504	9.261533759466916	157.2801491800332	1028.3104511504825	
16205.8392	0.03839999999945576	Ripples						0.03839999999945576	16205.8576	10.805301056117903	153.36845590163568	1054.4556801771876	
16208.7576	0.02719999999862921	Ripples						0.02719999999862921	16208.772	11.190765500590347	163.51383275368678	1235.5607356787534	
16209.6496	0.056000000000494765	Ripples						0.056000000000494765	16209.664	13.653479562287208	158.3243375090414	1339.9894220600165	
16209.901600000001	0.037599999999656575	Ripples						0.037599999999656575	16209.9104	5.015124375374221	148.3786449265735	634.6300736050077	
16212.4984	0.04399999999986903	Ripples						0.04399999999986903	16212.528	16.697522430119857	161.22457026982232	1475.1052097582112	
16212.7768	0.028800000000046566	Ripples						0.028800000000046566	16212.788	14.66684337747745	158.9414277993708	1243.22136748458	
16212.9392	0.053599999999278225	Ripples						0.053599999999278225	16212.9648	19.055457583550247	146.87920903335902	1479.7455729174405	
16218.9696	0.046399999999266583	Ripples						0.046399999999266583	16219.0008	17.116160008795156	160.10944257706163	1584.1758273452622	
16221.0664	0.07760000000052969	Ripples						0.07760000000052969	16221.124	9.164893505048697	150.2545030930628	1071.4230121567314	
16221.2504	0.035199999998440035	Ripples						0.035199999998440035	16221.268	16.23994832293961	160.96000067629782	1512.0459709983863	
16221.3696	0.02480000000105065	Ripples						0.02480000000105065	16221.380799999999	13.288392963458515	163.96524870751819	1258.6689242797772	
16228.597600000001	0.030399999999644933	Ripples						0.030399999999644933	16228.6112	10.0635763631808	160.9636731270646	1237.0179470862347	
16228.6712	0.03600000000005821	Ripples						0.03600000000005821	16228.6824	5.523156862297139	153.07960266250916	891.3569098522017	
16228.7992	0.03600000000005821	Ripples						0.03600000000005821	16228.8144	15.839922697809197	154.2490720940249	1366.4670682214605	
16232.562399999999	0.026400000000649015	Ripples						0.026400000000649015	16232.5776	9.99784999436052	156.66451724316954	976.151266075791	
16234.408800000001	0.048799999998664134	Ripples						0.048799999998664134	16234.431199999999	19.090734409522693	150.9499567550208	1583.7278478609921	
16234.6472	0.037599999999656575	Ripples						0.037599999999656575	16234.664	21.870027436907346	159.31383263218416	1668.1980966236285	
16245.916799999999	0.03920000000107393	Ripples						0.03920000000107393	16245.9496	5.847691093225502	156.60624848193035	779.9894106109383	
16246.547999999999	0.028800000000046566	Ripples						0.028800000000046566	16246.5632	9.670431361328724	155.26503382902564	978.2046841902654	
16246.634399999999	0.05760000000009313	Ripples						0.05760000000009313	16246.663199999999	12.469337972771902	148.3916534859082	1235.3990336530721	
16246.7984	0.035200000000259024	Ripples						0.035200000000259024	16246.8104	30.13079764515405	159.11480924858057	1849.7871832512415	
16249.48	0.046399999999266583	Ripples						0.046399999999266583	16249.5008	20.082992322091837	161.20801840026215	1710.635223780163	
16249.5488	0.0319999999992433	Ripples						0.0319999999992433	16249.5632	10.063523610629437	160.1541973285967	1144.6859474933035	
16249.7984	0.06559999999990396	Ripples						0.06559999999990396	16249.815999999999	18.831081939604392	158.2915394833016	1724.0420487302194	
16253.92	0.06159999999908905	Ripples						0.06159999999908905	16253.9504	12.076035609886702	157.99115827125286	1367.696621979826	
16255.0792	0.03679999999985739	Ripples						0.03679999999985739	16255.0952	9.99872838670869	170.51630929679135	1207.513909583329	
16255.4152	0.04800000000068394	Ripples						0.04800000000068394	16255.4488	16.633948810982925	152.02606173163306	1226.6373546308562	
16257.5776	0.027999999998428393	Ripples						0.027999999998428393	16257.583200000001	5.542789548299435	160.2630551353619	626.1544786409818	
16257.6688	0.048800000000483124	Ripples						0.048800000000483124	16257.6952	14.180210914013568	150.8360985924469	1016.7647926037156	
16257.9744	0.031200000001263106	Ripples						0.031200000001263106	16257.988000000001	15.150848093464347	159.3766768948502	1300.4102111066647	
16259.176800000001	0.03919999999925494	Ripples						0.03919999999925494	16259.1904	11.477815056944344	157.4167084998565	930.0088677840077	
16260.2264	0.02479999999923166	Ripples						0.02479999999923166	16260.2408	8.827145100859708	155.5614172370166	956.0751084823835	
16260.387999999999	0.031200000001263106	Ripples						0.031200000001263106	16260.411199999999	5.265082917563839	165.62096000869283	715.8227924213741	
16260.4856	0.042400000000270666	Ripples						0.042400000000270666	16260.5064	17.09022514858885	154.38346695086878	1409.256753521189	
16260.8112	0.04320000000006985	Ripples						0.04320000000006985	16260.8352	18.811371155929166	155.9159552576539	1575.8962566027565	
16270.148000000001	0.027999999998428393	Ripples						0.027999999998428393	16270.162400000001	8.994107483493924	161.45756709845276	1084.2365418855593	
16270.3264	0.03439999999864085	Ripples						0.03439999999864085	16270.3344	5.9976603675361115	170.1544523074205	785.5346451994741	
16270.7504	0.039999999999054126	Ripples						0.039999999999054126	16270.772799999999	7.383696249299753	145.80469246865619	807.0813589937436	
16275.815200000001	0.026399999998830026	Ripples						0.026399999998830026	16275.830399999999	7.25970985163653	152.69643876101185	821.598018492813	
16277.736799999999	0.024000000001251465	Ripples						0.024000000001251465	16277.7496	5.787491751052919	161.11193069739775	878.2293873617352	
16278.098399999999	0.05040000000008149	Ripples						0.05040000000008149	16278.127199999999	12.264663390177313	151.809815579194	1005.3700998498724	
16278.2576	0.0367999999980384	Ripples						0.0367999999980384	16278.284	10.021760897293076	152.33147776109047	942.7897413032214	
16278.3168	0.031199999999444117	Ripples						0.031199999999444117	16278.3336	6.500879210326269	156.01858633530094	1066.683845427506	
16278.402399999999	0.03200000000106229	Ripples						0.03200000000106229	16278.4128	6.558084542980062	153.80262924970822	850.5064054277998	
16280.972	0.05279999999947904	Ripples						0.05279999999947904	16280.990399999999	9.53914967693817	150.50333475232182	938.5305255720968	
16281.1528	0.0319999999992433	Ripples						0.0319999999992433	16281.168	10.347910320499846	154.9956193203315	1103.2419259296212	
16281.2928	0.03360000000066066	Ripples						0.03360000000066066	16281.3112	13.885586539287619	155.13323232795278	1263.082768252398	
16281.4	0.044800000001487206	Ripples						0.044800000001487206	16281.4224	7.970022723170698	139.2672468924961	680.3224484201511	
16285.6664	0.022399999999834108	Ripples						0.022399999999834108	16285.6784	8.447848362981864	157.54393818596603	946.5808480257083	
16290.08	0.023999999999432475	Ripples						0.023999999999432475	16290.0936	8.067684671248305	162.0721862962	1003.5145867451245	
16290.155200000001	0.07439999999769498	Ripples						0.07439999999769498	16290.1728	15.78355606271027	156.3946010041943	1453.7965772743541	
16290.348	0.025599999999030842	Ripples						0.025599999999030842	16290.3632	5.87988450533395	152.53176938999275	686.7059450236655	
16290.677599999999	0.028000000002066372	Ripples						0.028000000002066372	16290.691200000001	12.964918735517928	162.23002806881527	1154.074680263529	
16293.7648	0.0639999999984866	Ripples						0.0639999999984866	16293.8072	5.295755022412689	154.75140616117272	856.5908804423455	
16301.597600000001	0.0639999999984866	Ripples						0.0639999999984866	16301.6088	7.347143503590406	162.12177149819968	713.1065797086691	
16301.9488	0.03679999999985739	Ripples						0.03679999999985739	16301.96	7.031898199962182	156.30461643408273	849.7377196316908	
16302.104800000001	0.031199999997625127	Ripples						0.031199999997625127	16302.1224	9.591550523062086	156.01019683157244	1074.264587645105	
16302.3688	0.04399999999986903	Ripples						0.04399999999986903	16302.4056	12.120734250900345	154.44426645489233	1061.9621784838716	
16302.918399999999	0.028800000000046566	Ripples						0.028800000000046566	16302.9336	12.638090210720552	155.11265950519334	1218.4013500925325	
16302.975999999999	0.022400000001653098	Ripples						0.022400000001653098	16302.984	6.554084071827605	157.80003656263338	798.9453121721438	
16303.184000000001	0.035199999998440035	Ripples						0.035199999998440035	16303.1952	11.786551604331171	155.21699256230718	1162.5819264356487	
16303.7968	0.07040000000051805	Ripples						0.07040000000051805	16303.86	6.8960457016087	154.3545414768709	775.809482877513	
16307.4384	0.03280000000086147	Ripples						0.03280000000086147	16307.4504	11.304475536669225	149.46654357382823	837.4285038679933	
16308.6352	0.02959999999802676	Ripples						0.02959999999802676	16308.648799999999	13.478419960930486	159.6609381222734	1299.0610213244468	
16308.7328	0.08079999999972642	Ripples						0.08079999999972642	16308.748	22.056374555960176	160.39576265013855	1650.2694591582917	
16308.944	0.028800000000046566	Ripples						0.028800000000046566	16308.9656	9.00937387479319	156.17066106768894	818.3098093577607	
16312.2304	0.0319999999992433	Ripples						0.0319999999992433	16312.248	5.2798162949963405	151.03701425959667	669.13666072619	
16323.0	15.0	SleepStates											Awake
16339.0	420.0	SleepStates											Non-REM
16345.8568	0.037600000001475564	Ripples						0.037600000001475564	16345.873599999999	19.016267663146788	155.10859462186062	1499.8188372022157	
16345.948	0.03280000000086147	Ripples						0.03280000000086147	16345.9712	6.1999204731257	161.7580035232842	912.7759742317177	
16348.6808	0.031199999999444117	Ripples						0.031199999999444117	16348.6952	8.946595874656404	156.79303147741456	1166.7688916212724	
16351.9416	0.0727999999999156	Ripples						0.0727999999999156	16352.0	9.893923584311606	160.07998034559046	1014.4435352517602	
16354.6224	0.031199999999444117	Ripples						0.031199999999444117	16354.6328	6.746053955119365	158.39181471931317	928.5954559247232	
16355.52	0.0455999999994674	Ripples						0.0455999999994674	16355.5496	10.681734155754766	158.01866542036348	1162.0454537050537	
16358.1824	0.022399999999834108	Ripples						0.022399999999834108	16358.1976	5.437953627702277	158.39534505900934	753.6981531041719	
16359.0528	0.03200000000106229	Ripples						0.03200000000106229	16359.0664	12.794786887791426	162.68957043789695	1073.5755699107879	
16359.1608	0.042400000000270666	Ripples						0.042400000000270666	16359.1824	15.951912306929273	149.9809042132724	1224.9392464534578	
16369.3712	0.09599999999954889	Ripples						0.09599999999954889	16369.3904	9.031088540466298	143.96102277449356	723.8263771394533	
16371.8176	0.02959999999984575	Ripples						0.02959999999984575	16371.84	5.395306039896999	150.73519951915034	665.4477445888656	
16378.8888	0.02239999999801512	Ripples						0.02239999999801512	16378.9048	5.792527923837527	153.56265568498355	602.0211822269601	
16378.9672	0.05760000000009313	Ripples						0.05760000000009313	16379.0144	6.651194900556141	149.61365258989753	710.4710769097412	
16384.6488	0.042400000002089655	Ripples						0.042400000002089655	16384.6776	14.558462908716901	150.5619010703978	1241.164069738683	
16384.796000000002	0.08959999999933643	Ripples						0.08959999999933643	16384.840799999998	19.41214785923497	148.9705809413296	1391.6551755263374	
16387.1	0.04400000000168802	Ripples						0.04400000000168802	16387.1136	6.816563955571541	161.71280910505232	1019.4437430975223	
16388.0416	0.02479999999923166	Ripples						0.02479999999923166	16388.0552	13.274998357948975	158.17649422282935	1122.924932353654	
16388.4016	0.0272000000004482	Ripples						0.0272000000004482	16388.4192	7.537707386566479	162.2477579545656	1001.9032640471573	
16394.6792	0.0319999999992433	Ripples						0.0319999999992433	16394.6976	14.816175600373025	156.3393508510041	1200.4807541005712	
16395.4928	0.027999999998428393	Ripples						0.027999999998428393	16395.5064	17.56879762708546	159.2602629634057	1429.1103253933181	
16395.760000000002	0.059999999997671694	Ripples						0.059999999997671694	16395.7952	9.479493785395576	147.62987379804133	1026.9150753603508	
16404.0664	0.10320000000137952	Ripples						0.10320000000137952	16404.1024	9.35315187103601	152.8954109805265	1021.7859768333861	
16405.3872	0.02239999999801512	Ripples						0.02239999999801512	16405.3984	5.32341940750957	154.5057631610639	598.1217401550936	
16405.8008	0.04160000000047148	Ripples						0.04160000000047148	16405.8128	16.91879533158534	158.35301100967513	1446.789154293153	
16407.283199999998	0.024800000002869638	Ripples						0.024800000002869638	16407.297599999998	5.211567169088441	152.9578934174561	755.6776996590517	
16408.6368	0.04160000000047148	Ripples						0.04160000000047148	16408.6624	14.059170512503377	157.2801667832349	1334.7637614411165	
16408.8152	0.09200000000055297	Ripples						0.09200000000055297	16408.8848	15.839401440784494	153.18289391769406	1388.4113350229	
16409.068	0.04400000000168802	Ripples						0.04400000000168802	16409.108	5.095661274992908	152.69256456180705	660.795122322245	
16414.6696	0.06160000000090804	Ripples						0.06160000000090804	16414.709600000002	10.52969163633642	142.79517056886942	777.2611885174757	
16417.916	0.028800000000046566	Ripples						0.028800000000046566	16417.9336	9.549902748757471	153.02610136805117	896.7314027615879	
16419.1544	0.04560000000128639	Ripples						0.04560000000128639	16419.1728	23.73322592126546	155.48860858464744	1795.1194327501478	
16419.2944	0.0319999999992433	Ripples						0.0319999999992433	16419.3088	20.36287015162249	157.88072409454352	1505.1180385105793	
16419.9384	0.028800000000046566	Ripples						0.028800000000046566	16419.9528	11.75898146805722	156.73365585616367	1220.2930806839358	
16425.711199999998	0.030400000003282912	Ripples						0.030400000003282912	16425.7304	6.54824771062377	156.73692070196148	581.1183408591323	
16427.2016	0.042399999998451676	Ripples						0.042399999998451676	16427.2264	11.661259580257752	151.11926595241044	1087.5924166645389	
16431.5904	0.03919999999925494	Ripples						0.03919999999925494	16431.608	11.414937311920601	152.49442256049207	959.9395199915966	
16433.112	0.06319999999686843	Ripples						0.06319999999686843	16433.136	7.842815454080072	151.31989068740077	1051.4219895049328	
16433.2216	0.032799999997223495	Ripples						0.032799999997223495	16433.239999999998	7.861752116719078	150.09263923907483	704.355686255979	
16433.3288	0.0272000000004482	Ripples						0.0272000000004482	16433.3376	6.647821890607524	153.13783380860457	686.1819460322952	
16433.5112	0.02719999999681022	Ripples						0.02719999999681022	16433.5216	11.74560808399001	161.03068769139156	1169.3284157023074	
16435.8152	0.032799999997223495	Ripples						0.032799999997223495	16435.8376	8.963316766289005	153.31414380871837	931.8537982516043	
16435.9168	0.044799999999668216	Ripples						0.044799999999668216	16435.9272	13.034436972809642	157.5939221061508	1147.0601696484823	
16436.0048	0.025600000000849832	Ripples						0.025600000000849832	16436.0168	12.149095113566496	158.14351684770378	1054.5638231723412	
16436.1192	0.023999999997613486	Ripples						0.023999999997613486	16436.1328	12.77336942314121	162.11585937704362	1209.6301015056863	
16436.3472	0.06720000000132131	Ripples						0.06720000000132131	16436.3936	8.334822149799932	153.97155266437642	1009.2867401333338	
16439.1112	0.03840000000127475	Ripples						0.03840000000127475	16439.124799999998	15.718239887300957	153.62879052375948	1353.1284932641233	
16439.2008	0.031200000001263106	Ripples						0.031200000001263106	16439.218399999998	19.025602103464788	159.00562330668956	1595.9170763590728	
16454.189599999998	0.02960000000166474	Ripples						0.02960000000166474	16454.211199999998	5.672095547192508	148.42890028266225	728.5691278808034	
16454.2776	0.035199999998440035	Ripples						0.035199999998440035	16454.292	24.047992572202226	160.6101932341929	1739.049491472692	
16455.392	0.06720000000132131	Ripples						0.06720000000132131	16455.4448	18.449665498698447	155.56515656402888	1339.618026618733	
16455.5536	0.027999999998428393	Ripples						0.027999999998428393	16455.568	8.335689260137336	157.91820658560042	1123.8257470544186	
16455.772	0.0319999999992433	Ripples						0.0319999999992433	16455.7928	6.904579791609367	150.5937801021991	798.0377471093149	
16457.6768	0.053599999999278225	Ripples						0.053599999999278225	16457.709600000002	9.84011354985786	147.2756234788354	928.0320040145644	
16457.8152	0.02959999999802676	Ripples						0.02959999999802676	16457.826399999998	5.205127124579377	150.40933035755648	571.5261834638156	
16460.3816	0.026399999998830026	Ripples						0.026399999998830026	16460.3968	5.91346069209182	145.0015149156254	662.7196738139802	
16460.4928	0.044799999999668216	Ripples						0.044799999999668216	16460.508	15.478820248368624	153.01960505434934	1281.9978979800337	
16460.8424	0.04559999999764841	Ripples						0.04559999999764841	16460.8728	6.365395190042124	153.3646700498173	713.9750077681142	
16461.0224	0.037599999996018596	Ripples						0.037599999996018596	16461.0424	19.846151885682985	153.96943656925288	1320.157442090347	
16465.810400000002	0.0639999999984866	Ripples						0.0639999999984866	16465.8472	12.632877997994092	148.40965125182356	1214.1195827882361	
16465.96	0.024000000001251465	Ripples						0.024000000001251465	16465.9704	9.150743448869381	165.17424944139282	1057.6723790308733	
16478.6832	0.05520000000251457	Ripples						0.05520000000251457	16478.711199999998	10.387828195012665	155.20246025300233	1100.8985763896046	
16479.36	0.02479999999923166	Ripples						0.02479999999923166	16479.3736	6.583222034729283	159.0791332558806	892.3554273689504	
16485.3	0.07519999999931315	Ripples						0.07519999999931315	16485.347999999998	18.474101971182268	154.3938858421038	1484.94427359055	
16485.4528	0.06560000000172295	Ripples						0.06560000000172295	16485.5	13.817753103294416	153.35146863342592	1228.6785534659448	
16496.0168	0.021599999996396946	Ripples						0.021599999996396946	16496.028	10.117814235045978	161.04013255730814	991.8715380737709	
16499.0232	0.05280000000129803	Ripples						0.05280000000129803	16499.0392	6.960316506704019	148.59303163234853	616.6971136757767	
16499.239999999998	0.026400000002468005	Ripples						0.026400000002468005	16499.252	16.828345212789948	158.4812836443776	1145.5026986778641	
16502.5928	0.044800000003306195	Ripples						0.044800000003306195	16502.6016	5.804156590017709	150.35112551446574	572.6663747849605	
16502.7272	0.03919999999925494	Ripples						0.03919999999925494	16502.7432	8.139625623077043	156.56949619524326	900.5330902396755	
16503.333599999998	0.11840000000302098	Ripples						0.11840000000302098	16503.3472	15.750648189618177	157.05777355385388	1492.500525606376	
16504.067199999998	0.07040000000415603	Ripples						0.07040000000415603	16504.0848	15.923133561410326	152.90266437503624	1233.1968462115813	
16504.7712	0.0591999999996915	Ripples						0.0591999999996915	16504.783199999998	7.064769444950814	151.88154924222817	744.8575085168899	
16505.2648	0.031200000001263106	Ripples						0.031200000001263106	16505.2856	35.7916537476469	164.22533117263197	2012.5885095801073	
16505.3712	0.0415999999968335	Ripples						0.0415999999968335	16505.3888	23.429857996676652	156.00724141008945	1753.6356010636596	
16505.574399999998	0.035200000002078013	Ripples						0.035200000002078013	16505.588799999998	15.061220446980524	157.24509554807008	1281.7200481220136	
16505.8712	0.028800000000046566	Ripples						0.028800000000046566	16505.8856	8.94234930745562	153.80035789824444	984.2682709293856	
16506.192	0.03359999999884167	Ripples						0.03359999999884167	16506.211199999998	6.528992317188546	146.2243242575998	673.9521400955915	
16543.761599999998	0.021600000000034925	Ripples						0.021600000000034925	16543.7728	7.127173705248291	162.78114191889892	942.8756829008505	
16544.2448	0.021600000000034925	Ripples						0.021600000000034925	16544.2568	7.196426918409653	164.37103650213894	929.3328542837673	
16550.4456	0.024000000001251465	Ripples						0.024000000001251465	16550.4592	7.072716670132972	163.5233647084082	989.8732781643344	
16569.4728	0.06160000000090804	Ripples						0.06160000000090804	16569.5224	9.421246089687024	147.23017596476762	843.1876135827993	
16572.3888	0.048800000000483124	Ripples						0.048800000000483124	16572.4248	8.085892409806505	164.62163037533637	895.925900650044	
16573.1496	0.04320000000006985	Ripples						0.04320000000006985	16573.16	15.088579944736118	171.9173755869099	1298.1484475167333	
16573.2408	0.03600000000005821	Ripples						0.03600000000005821	16573.2696	7.0324090593108695	151.26222134454216	645.2071012270848	
16580.092	0.02479999999923166	Ripples						0.02479999999923166	16580.1024	14.90387278749497	164.17216227376326	1263.483749282332	
16580.8984	0.028800000000046566	Ripples						0.028800000000046566	16580.9144	16.007159057052807	169.5783205558852	1354.9026125575665	
16581.0992	0.030399999999644933	Ripples						0.030399999999644933	16581.1192	8.162072075518088	155.08625681540295	704.3824455090698	
16583.4312	0.04560000000128639	Ripples						0.04560000000128639	16583.4544	8.346080351514576	164.0747879757567	551.7894980759024	
16585.6192	0.04079999999885331	Ripples						0.04079999999885331	16585.6272	5.7643311811187115	155.53143454414842	814.1110608889066	
16585.764	0.03440000000045984	Ripples						0.03440000000045984	16585.7792	12.213397867393718	154.94033451165777	1185.4579151857931	
16586.2608	0.02239999999801512	Ripples						0.02239999999801512	16586.2728	9.978071349595972	159.3124771118612	987.4886862288647	
16586.396	0.03839999999763677	Ripples						0.03839999999763677	16586.4104	25.19000237700289	165.57246759471536	1804.2475879251056	
16586.7808	0.0319999999992433	Ripples						0.0319999999992433	16586.7992	18.15000488529028	157.07487775900745	1487.7516474951362	
16592.2032	0.031200000001263106	Ripples						0.031200000001263106	16592.2216	15.892339275162094	155.7786116500693	1214.7081230052906	
16592.3112	0.062399999998888234	Ripples						0.062399999998888234	16592.339200000002	13.058056077978556	149.03408221108248	1286.624210943869	
16594.544	0.023199999995995313	Ripples						0.023199999995995313	16594.5576	13.042100571323843	168.55727414423637	1245.4293510189452	
16594.659200000002	0.030399999996006954	Ripples						0.030399999996006954	16594.673600000002	15.55990886985151	167.0325646812236	1446.5020436415336	
16595.708	0.035200000002078013	Ripples						0.035200000002078013	16595.7224	13.812346220828124	156.89449491351348	1225.3780654728016	
16596.748	0.040000000000873115	Ripples						0.040000000000873115	16596.768799999998	25.292491169533136	164.1174907424387	1859.0919934801943	
16597.2224	0.09840000000258442	Ripples						0.09840000000258442	16597.2632	8.714251565725437	155.45510221729816	822.1405915126304	
16597.4168	0.0319999999992433	Ripples						0.0319999999992433	16597.4344	12.753471105598976	156.3429198977258	1221.4931859784303	
16599.408	0.035200000002078013	Ripples						0.035200000002078013	16599.4264	12.348405655595348	155.47268943306156	1178.4232446571593	
16603.1296	0.053599999999278225	Ripples						0.053599999999278225	16603.1432	21.883849213948196	160.97552868500213	1644.461382268989	
16603.2496	0.08240000000296277	Ripples						0.08240000000296277	16603.2632	6.452337494021987	151.52770230338905	631.1440568089051	
16604.4616	0.044799999999668216	Ripples						0.044799999999668216	16604.4792	23.182441562376454	162.0521844996023	1820.616731804232	
16604.5792	0.03280000000086147	Ripples						0.03280000000086147	16604.5904	8.358918022733286	155.73239355586068	928.324208101614	
16605.9184	0.033600000002479646	Ripples						0.033600000002479646	16605.9416	7.316131583003658	156.7729727876137	801.7590853344171	
16613.3432	0.0319999999992433	Ripples						0.0319999999992433	16613.3672	7.292369529172466	168.32970087835034	863.8181906317103	
16613.4544	0.02960000000166474	Ripples						0.02960000000166474	16613.4712	20.715252543338405	166.46630467088522	1602.461455140943	
16613.8504	0.044799999999668216	Ripples						0.044799999999668216	16613.8768	17.49779682052782	152.23349556091918	1267.751511696857	
16614.0104	0.02960000000166474	Ripples						0.02960000000166474	16614.0224	7.636526258976099	152.18868893899034	820.3532479231741	
16617.8848	0.06480000000010477	Ripples						0.06480000000010477	16617.9224	18.34242371488745	150.8106248992821	1516.1293923911746	
16619.1776	0.09200000000055297	Ripples						0.09200000000055297	16619.1976	22.55067372398153	153.61831013876838	1803.497344286267	
16620.7576	0.03359999999884167	Ripples						0.03359999999884167	16620.774400000002	9.91810275286068	155.76472726476885	1151.460305040636	
16621.0944	0.026399999998830026	Ripples						0.026399999998830026	16621.108	7.625175664029881	162.35161318306012	1066.8454493952847	
16621.2064	0.03840000000127475	Ripples						0.03840000000127475	16621.2232	16.50570677409515	154.84273549267112	1379.3314710963352	
16621.452	0.031199999997625127	Ripples						0.031199999997625127	16621.4696	9.171822778143573	156.1231825012898	977.9650960382595	
16622.4872	0.03280000000086147	Ripples						0.03280000000086147	16622.5152	6.9600112474057125	157.14705795136405	816.7395862527371	
16622.8864	0.04079999999885331	Ripples						0.04079999999885331	16622.9	12.97902531747488	159.97910795123767	1315.5705235948487	
16625.9912	0.02959999999802676	Ripples						0.02959999999802676	16626.0032	15.169289675043164	152.11484047714157	1122.9566336741518	
16633.5792	0.046399999999266583	Ripples						0.046399999999266583	16633.5976	11.27771076460834	148.04331291014734	1100.6746566395543	
16633.732	0.047200000000884756	Ripples						0.047200000000884756	16633.7696	12.469888967721301	153.42713487851415	1029.7732208510663	
16634.2128	0.03600000000005821	Ripples						0.03600000000005821	16634.2352	9.98704125182133	153.93314007320154	1038.7446481062718	
16639.245600000002	0.02719999999681022	Ripples						0.02719999999681022	16639.2592	19.370623768630068	164.0907517644835	1510.921393401293	
16639.368	0.04080000000249129	Ripples						0.04080000000249129	16639.3816	19.639129794161853	158.70717828413171	1536.704886745649	
16639.9968	0.04160000000047148	Ripples						0.04160000000047148	16640.0176	16.514459755951737	154.9069387691065	1493.2792114610218	
16640.4184	0.09280000000217115	Ripples						0.09280000000217115	16640.5	6.221797726298281	149.99598368630788	711.0195798484973	
16640.5872	0.04719999999724678	Ripples						0.04719999999724678	16640.5952	6.417755682618147	151.26875836633727	872.5802664246361	
16648.5984	0.05680000000211294	Ripples						0.05680000000211294	16648.616	6.319410344295903	152.9319266843318	952.3549673848079	
16648.7424	0.03840000000127475	Ripples						0.03840000000127475	16648.754399999998	15.634615723690029	164.4816954218046	1360.2130914456773	
16655.128	0.028800000000046566	Ripples						0.028800000000046566	16655.14	8.852864357600405	160.87329818858205	1101.4309795052684	
16657.7576	0.058399999998073326	Ripples						0.058399999998073326	16657.7928	10.471720923241138	154.60857007836012	1223.3168108719249	
16657.944	0.048800000000483124	Ripples						0.048800000000483124	16657.9616	19.538474745949603	155.35247706505902	1506.2584758595453	
16659.2608	0.024000000001251465	Ripples						0.024000000001251465	16659.274400000002	16.222331145536494	164.3090450876996	1308.8357259130846	
16659.7248	0.04320000000006985	Ripples						0.04320000000006985	16659.7584	12.244082459952903	161.98493462836535	1168.7644183117688	
16659.8352	0.032799999997223495	Ripples						0.032799999997223495	16659.8488	8.011107465956252	161.60411916425824	1098.9169794478105	
16676.296000000002	0.04399999999805004	Ripples						0.04399999999805004	16676.326399999998	16.23622069860817	161.04882667342284	1376.614308225446	
16676.5344	0.03919999999925494	Ripples						0.03919999999925494	16676.5512	8.983948085295161	158.2315965294323	1080.4582756681752	
16676.6976	0.0319999999992433	Ripples						0.0319999999992433	16676.7136	12.751209512802308	167.92636730104098	1321.0079792356844	
16676.8432	0.022400000001653098	Ripples						0.022400000001653098	16676.8544	8.81875081728413	157.40140262487859	1020.4760539938532	
16676.9848	0.025600000000849832	Ripples						0.025600000000849832	16677.0024	5.86142938055142	154.04563309301568	727.077918800855	
16677.5216	0.021600000000034925	Ripples						0.021600000000034925	16677.5368	5.565407050268236	160.19663625275194	728.4838077613418	
16677.711199999998	0.04320000000006985	Ripples						0.04320000000006985	16677.718399999998	11.02866537723816	160.2176928440102	973.0429439560482	
16678.5136	0.0319999999992433	Ripples						0.0319999999992433	16678.5248	15.139610356152193	157.59578455294476	1270.011026938714	
16690.5664	0.09920000000056461	Ripples						0.09920000000056461	16690.5984	9.803169155282658	148.01880082634312	1000.3970746375472	
16692.3056	0.03919999999925494	Ripples						0.03919999999925494	16692.326399999998	17.675456918704654	152.79865054194627	1418.4389338847382	
16700.9728	0.06720000000132131	Ripples						0.06720000000132131	16700.9896	17.969424898982815	157.05327087693496	1412.0798169427007	
16706.472	0.02079999999841675	Ripples						0.02079999999841675	16706.4832	7.154098741634776	158.10925436078202	821.9548554226845	
16706.6344	0.021600000000034925	Ripples						0.021600000000034925	16706.6424	6.9879312464607715	161.76043348194983	839.9291597126957	
16707.6216	0.040000000000873115	Ripples						0.040000000000873115	16707.64	14.899426519857137	154.73767871982466	1293.648839287116	
16730.16	0.024000000001251465	Ripples						0.024000000001251465	16730.1712	11.1452854827557	160.25126479153457	1024.764961022447	
16738.9432	0.030399999999644933	Ripples						0.030399999999644933	16738.96	10.914013798634322	155.21162330716987	1088.8245847946885	
16739.0544	0.04079999999885331	Ripples						0.04079999999885331	16739.088	7.611499407804654	154.73740909889096	801.3447049049921	
16743.6	0.031200000001263106	Ripples						0.031200000001263106	16743.6056	6.382756932267374	163.62423209527464	761.1305926892162	
16743.6568	0.09200000000055297	Ripples						0.09200000000055297	16743.6656	10.77999890279132	160.86383775405747	854.0119147526544	
16744.5152	0.026399999998830026	Ripples						0.026399999998830026	16744.5264	11.19765839090853	166.41550218156164	1181.2760158311844	
16746.52	0.027999999998428393	Ripples						0.027999999998428393	16746.5376	5.5893320710268375	150.38063536301158	851.0252136389569	
16746.5808	0.02479999999923166	Ripples						0.02479999999923166	16746.595999999998	6.470265620528169	151.92141887987154	715.656035844822	
16749.7248	0.030399999999644933	Ripples						0.030399999999644933	16749.7416	11.544036345345342	158.21590974338923	1197.1984985004958	
16751.9864	0.023999999997613486	Ripples						0.023999999997613486	16752.0008	12.434176320163735	160.43650903542508	1103.2584356986538	
16755.02	0.03919999999925494	Ripples						0.03919999999925494	16755.0344	20.698982945059466	158.34239404098759	1350.1388896234125	
16755.139199999998	0.04800000000250293	Ripples						0.04800000000250293	16755.1544	8.960793974571095	146.3215753740047	796.0190996052438	
16755.856	0.024000000001251465	Ripples						0.024000000001251465	16755.8704	5.751436568384608	153.36095037523552	683.0142744681054	
16760.0	27.0	SleepStates											REM
16788.0	9.0	SleepStates											Awake
16797.032	0.03280000000086147	Ripples						0.03280000000086147	16797.0408	5.3553321200499635	157.63219721993926	732.8290653313962	
16798.0	166.0	SleepStates											Non-REM
16798.567199999998	0.03600000000005821	Ripples						0.03600000000005821	16798.574399999998	5.806487719754174	156.54394356733567	791.5724858844778	
16799.112	0.05040000000008149	Ripples						0.05040000000008149	16799.1344	12.026635365206825	146.9141742877986	1034.4819235949988	
16800.0752	0.02960000000166474	Ripples						0.02960000000166474	16800.088799999998	15.103908577425031	162.08856585013882	1388.9884205361088	
16800.2808	0.042399999998451676	Ripples						0.042399999998451676	16800.3008	12.731403293762222	160.85016088099744	1087.414965849382	
16805.2392	0.024000000001251465	Ripples						0.024000000001251465	16805.256	6.860135385999136	166.17036205431748	859.8399594490813	
16805.7584	0.04080000000249129	Ripples						0.04080000000249129	16805.7752	15.600995028811505	159.69217329897816	1442.9230669294757	
16807.628	0.053599999999278225	Ripples						0.053599999999278225	16807.6704	8.08540957809554	153.33228964661845	1025.726995479188	
16807.8376	0.0272000000004482	Ripples						0.0272000000004482	16807.852	16.924759212565554	163.07338467637192	1447.2260074278704	
16816.768799999998	0.031200000001263106	Ripples						0.031200000001263106	16816.7792	9.086758522880183	157.5205481600119	997.1940579479595	
16824.1352	0.05679999999847496	Ripples						0.05679999999847496	16824.175199999998	24.18397759096974	152.86462697567336	1766.2396718188925	
16825.684	0.026399999998830026	Ripples						0.026399999998830026	16825.692	5.517493743862332	153.15394118633023	682.1391031726475	
16829.6928	0.021600000000034925	Ripples						0.021600000000034925	16829.7072	8.557703592922325	161.03923431784315	883.0463196107543	
16832.3512	0.058399999998073326	Ripples						0.058399999998073326	16832.3824	17.19641061036467	154.71248070543513	1632.7172712482459	
16832.548	0.0272000000004482	Ripples						0.0272000000004482	16832.5632	18.939365357310233	162.57069320454917	1511.9692650190643	
16834.54	0.040000000000873115	Ripples						0.040000000000873115	16834.5512	5.726376497737175	151.56468527118753	749.9896620862139	
16847.1936	0.022400000001653098	Ripples						0.022400000001653098	16847.202400000002	5.934617409674135	154.19539144001186	715.3807754596291	
16854.38	0.05199999999967986	Ripples						0.05199999999967986	16854.4096	21.8331109378685	159.7485722066414	1690.529016053183	
16854.5064	0.03920000000289292	Ripples						0.03920000000289292	16854.5184	8.022265306345062	158.80367434748706	1045.7342106490296	
16854.718399999998	0.0856000000021595	Ripples						0.0856000000021595	16854.796000000002	7.2294539521135395	149.71164498077798	803.5728089188304	
16858.247199999998	0.04640000000290456	Ripples						0.04640000000290456	16858.267200000002	18.70657873670288	160.44084497243375	1614.9765996164308	
16858.3496	0.0415999999968335	Ripples						0.0415999999968335	16858.372	20.516289416157196	154.91012263422152	1526.6970488428778	
16858.4552	0.06720000000132131	Ripples						0.06720000000132131	16858.4696	8.545987170517316	153.0364604124346	912.3509277583064	
16858.630400000002	0.042399999998451676	Ripples						0.042399999998451676	16858.6584	8.037635136384926	152.16763643659328	975.839064822772	
16865.153599999998	0.031200000001263106	Ripples						0.031200000001263106	16865.1712	8.047659286748726	156.90568920899443	979.1394327134423	
16865.5592	0.0591999999996915	Ripples						0.0591999999996915	16865.5952	14.106775402337824	149.08364106954363	1232.1219335906956	
16871.2296	0.051200000001699664	Ripples						0.051200000001699664	16871.2448	12.390044213153887	155.95293786501605	1026.4584124996961	
16879.044	0.05679999999847496	Ripples						0.05679999999847496	16879.08	12.404949459279361	153.0305395829628	1254.8850700597427	
16879.1776	0.08480000000054133	Ripples						0.08480000000054133	16879.195200000002	10.440837929823129	151.51701753854994	1225.3676020436653	
16879.8584	0.023999999997613486	Ripples						0.023999999997613486	16879.8728	5.535671811003499	160.11450185397769	881.914243682411	
16886.9936	0.05439999999725842	Ripples						0.05439999999725842	16887.032	5.099264468068258	177.9494746145575	721.2713914495527	
16888.4224	0.03440000000045984	Ripples						0.03440000000045984	16888.444	7.414759954983329	159.12759954819597	984.8276053830707	
16897.673600000002	0.03919999999925494	Ripples						0.03919999999925494	16897.689599999998	8.614407948959938	158.63742379091573	1040.5255795115906	
16897.792	0.035199999998440035	Ripples						0.035199999998440035	16897.8128	29.012478452657135	158.92841998386731	1895.8789558047717	
16901.0136	0.07120000000213622	Ripples						0.07120000000213622	16901.028	8.242781864793956	150.2269722274336	917.9881778622107	
16901.175199999998	0.03680000000167638	Ripples						0.03680000000167638	16901.1872	9.175386650583771	155.62545767946958	1047.7577976109508	
16901.492	0.03280000000086147	Ripples						0.03280000000086147	16901.5104	19.636973756006775	154.86885986860023	1421.9478873690168	
16903.6368	0.047200000000884756	Ripples						0.047200000000884756	16903.673600000002	9.010533284077825	156.35624788210143	1046.893157984568	
16903.7704	0.040000000000873115	Ripples						0.040000000000873115	16903.784	11.215583854975415	157.5299691401771	1245.86812013467	
16903.9792	0.02959999999802676	Ripples						0.02959999999802676	16903.9872	7.807524185993063	158.8759280886082	929.0675997611756	
16909.2912	0.02079999999841675	Ripples						0.02079999999841675	16909.304799999998	9.273223116240501	165.42857912458058	970.426084787134	
16909.718399999998	0.031200000001263106	Ripples						0.031200000001263106	16909.7336	20.943169046993265	162.27389847412343	1649.7984078548864	
16910.7296	0.0496000000021013	Ripples						0.0496000000021013	16910.7584	6.163468656593909	144.53492854216634	730.12145251255	
16912.4384	0.048800000000483124	Ripples						0.048800000000483124	16912.4704	12.870484264270596	156.91656610939398	1216.8159004336583	
16916.7056	0.0319999999992433	Ripples						0.0319999999992433	16916.7232	11.710929873851466	155.0100462232027	1160.1321716675204	
16929.18	0.040000000000873115	Ripples						0.040000000000873115	16929.2016	8.480092034664771	147.44354455551115	847.1779734725019	
16929.352	0.028800000000046566	Ripples						0.028800000000046566	16929.3664	7.817241143513674	153.96110579273684	876.3242024908311	
16929.7984	0.0319999999992433	Ripples						0.0319999999992433	16929.819199999998	9.123470728622548	152.88969416618727	908.8544136454203	
16931.0312	0.02079999999841675	Ripples						0.02079999999841675	16931.0424	6.870458627203613	159.67873692588577	827.489323144507	
16931.224000000002	0.03439999999682186	Ripples						0.03439999999682186	16931.236	8.016322508285041	150.87418397517837	787.3491480804735	
16931.860800000002	0.02239999999801512	Ripples						0.02239999999801512	16931.869599999998	8.432562100960611	158.374718861528	960.6290941272913	
16932.1072	0.02080000000205473	Ripples						0.02080000000205473	16932.117599999998	12.726890455164867	163.2788146905598	1118.1551590502743	
16932.752800000002	0.04559999999764841	Ripples						0.04559999999764841	16932.788	10.421686864010564	155.23091698331132	1148.5158168674282	
16932.9224	0.040000000000873115	Ripples						0.040000000000873115	16932.9376	12.89516811641804	147.8289860797132	1012.8670928489956	
16937.5152	0.02479999999923166	Ripples						0.02479999999923166	16937.5336	5.384107215394843	155.59950390457217	635.7429948436983	
16937.9464	0.042399999998451676	Ripples						0.042399999998451676	16937.9712	11.796769113418701	150.83803665657493	1216.8931850713966	
16938.9072	0.028800000000046566	Ripples						0.028800000000046566	16938.9184	10.30210416753482	153.93769649871578	942.0314959789036	
16941.216800000002	0.025599999997211853	Ripples						0.025599999997211853	16941.228	8.13250787470168	155.3727056439776	904.4637168870042	
16943.8168	0.03359999999884167	Ripples						0.03359999999884167	16943.8304	8.107949382333086	172.5877561070038	956.3722498663515	
16946.928	0.02479999999923166	Ripples						0.02479999999923166	16946.9464	5.205494866760583	158.34318946411625	674.1899103427046	
16957.804799999998	0.03200000000288128	Ripples						0.03200000000288128	16957.8232	7.842738051251462	150.86223614277083	825.9442008215068	
16957.9624	0.058399999998073326	Ripples						0.058399999998073326	16958.0032	6.322266441756813	142.28958148663742	613.332534208394	
16965.0	94.0	SleepStates											Awake
16973.4856	0.037599999999656575	Ripples						0.037599999999656575	16973.504	17.383011927936163	158.44898957582845	1465.2237191569068	
16973.648	0.042399999998451676	Ripples						0.042399999998451676	16973.673600000002	11.095878035853893	165.96115267947394	1288.4142005342935	
16974.324800000002	0.027999999998428393	Ripples						0.027999999998428393	16974.3352	5.514988517537602	154.65196690482315	756.3008467524435	
16976.346400000002	0.03839999999763677	Ripples						0.03839999999763677	16976.3768	7.722655575848954	153.495690576091	703.3233595029383	
16993.8872	0.0367999999980384	Ripples						0.0367999999980384	16993.9096	9.370379479262246	159.9775867901832	926.6352280860687	
16995.5528	0.02479999999923166	Ripples						0.02479999999923166	16995.5664	5.549385158294665	153.99179864068935	733.6139711084312	
16997.432	0.04399999999805004	Ripples						0.04399999999805004	16997.4504	6.58876063443052	149.99621285023397	648.1562135277151	
16999.630400000002	0.039999999997235136	Ripples						0.039999999997235136	16999.6496	11.38178148999859	163.360745841959	1157.9295865986082	
16999.908	0.06720000000132131	Ripples						0.06720000000132131	16999.9328	13.291803629288022	157.07992499144046	1249.3978982026106	
17000.1568	0.09039999999731663	Ripples						0.09039999999731663	17000.232799999998	9.916107934241634	152.34990152438806	1094.446098604073	
17007.5912	0.07040000000051805	Ripples						0.07040000000051805	17007.6368	15.201024709146008	148.25145973492968	1285.8233188273812	
17008.9008	0.02080000000205473	Ripples						0.02080000000205473	17008.9144	5.851775430786619	166.67711636427714	839.3964016265368	
17018.38	0.02959999999802676	Ripples						0.02959999999802676	17018.396	14.320112469992875	164.00154762014176	1357.0860690541099	
17018.4752	0.046399999999266583	Ripples						0.046399999999266583	17018.4928	22.799105568585365	163.83269868042595	1778.4877155583872	
17021.5328	0.04399999999805004	Ripples						0.04399999999805004	17021.5536	17.23799471901874	163.65308530924946	1588.1336837528052	
17021.7272	0.030399999999644933	Ripples						0.030399999999644933	17021.7464	37.788198411563705	164.2535190465531	2042.3639589995892	
17023.732799999998	0.03200000000288128	Ripples						0.03200000000288128	17023.744	7.288441849267133	155.51759759425133	972.5939524609421	
17028.116	0.046399999999266583	Ripples						0.046399999999266583	17028.148	11.108154145542143	152.1398772839096	1028.3578559078837	
17060.0	274.0	SleepStates											Non-REM
17060.1088	0.03839999999763677	Ripples						0.03839999999763677	17060.1144	5.327506963487578	170.1676561557928	796.9768638017979	
17060.8056	0.05040000000008149	Ripples						0.05040000000008149	17060.833599999998	10.399938510753062	160.42580202739015	1080.0483314463108	
17061.5776	0.09679999999934807	Ripples						0.09679999999934807	17061.653599999998	16.918204060733956	155.0552565595116	1537.6099709181894	
17063.3472	0.02959999999802676	Ripples						0.02959999999802676	17063.364	15.343800175082965	161.09589854576086	1391.0019569893532	
17063.468	0.026399999998830026	Ripples						0.026399999998830026	17063.48	7.890877013100683	152.34076180909838	875.1146016388375	
17065.4392	0.03440000000045984	Ripples						0.03440000000045984	17065.4496	7.365330099960589	172.54878488262347	845.6151804504814	
17065.5184	0.05760000000009313	Ripples						0.05760000000009313	17065.5472	8.97920302964102	145.74200013977952	845.256493249143	
17065.7912	0.035199999998440035	Ripples						0.035199999998440035	17065.8088	17.99152968221551	159.37098692078663	1498.7359172115205	
17066.2408	0.051200000001699664	Ripples						0.051200000001699664	17066.2576	10.517365089223823	157.80500745415884	1294.1445804653572	
17070.92	0.03280000000086147	Ripples						0.03280000000086147	17070.94	11.987814784681742	161.47858441839077	1303.4843429478979	
17071.024	0.0272000000004482	Ripples						0.0272000000004482	17071.0416	15.966398473112271	163.64253005262958	1326.2160932171812	
17072.716800000002	0.07999999999810825	Ripples						0.07999999999810825	17072.7496	11.366260328597809	151.48388452497764	1056.0309830621359	
17074.6768	0.040000000000873115	Ripples						0.040000000000873115	17074.6912	9.856576641865967	153.2576133528834	992.4585845933119	
17080.1056	0.056000000000494765	Ripples						0.056000000000494765	17080.1544	5.9977398276355025	152.822732433187	697.1446466194428	
17081.996	0.047200000000884756	Ripples						0.047200000000884756	17082.0136	22.149728670191177	161.28279733313718	1731.436294000837	
17082.1272	0.04320000000006985	Ripples						0.04320000000006985	17082.1488	8.403463535298517	145.5772755582591	745.8492524295817	
17082.3968	0.0496000000021013	Ripples						0.0496000000021013	17082.4352	9.290355924634316	152.23057926806536	1055.5389677687087	
17084.164	0.0639999999984866	Ripples						0.0639999999984866	17084.176	8.284398111147574	152.25560754610862	1021.9516172336639	
17084.862399999998	0.031200000001263106	Ripples						0.031200000001263106	17084.8864	5.392089707483743	171.1744702085688	771.1079538985323	
17085.3736	0.03919999999925494	Ripples						0.03919999999925494	17085.392	15.557328882566077	155.4660249006723	1251.4458251804517	
17085.4744	0.042400000002089655	Ripples						0.042400000002089655	17085.4888	13.843367463647297	157.4952577055787	1207.7435298238604	
17095.1016	0.05519999999887659	Ripples						0.05519999999887659	17095.1128	6.161937724856027	171.08133643544946	656.9445607009068	
17095.732	0.04079999999885331	Ripples						0.04079999999885331	17095.7624	8.678857305930658	151.76877758753585	683.7673981261072	
17095.9408	0.07040000000051805	Ripples						0.07040000000051805	17095.984	14.677285117879773	152.7928353237713	1222.9269611852262	
17099.972	0.06319999999686843	Ripples						0.06319999999686843	17099.9912	25.487705988349717	160.04455207500138	1884.53956131984	
17100.0632	0.04719999999724678	Ripples						0.04719999999724678	17100.081599999998	12.90524385540399	148.29825531859376	1115.5882641214323	
17100.811999999998	0.031200000001263106	Ripples						0.031200000001263106	17100.826399999998	15.118854858632764	164.3233591328351	1411.9385867753792	
17100.9296	0.028000000002066372	Ripples						0.028000000002066372	17100.944	17.5819958714221	165.96558866869591	1470.1766546978924	
17103.630400000002	0.02239999999801512	Ripples						0.02239999999801512	17103.6424	8.64768828887401	164.97583489619947	1101.3226325997712	
17106.248	0.024000000001251465	Ripples						0.024000000001251465	17106.261599999998	11.049836538746304	158.87283963778546	1119.9870956809114	
17111.9608	0.03359999999884167	Ripples						0.03359999999884167	17111.9752	21.807805648184384	166.56183524710326	1673.1675158164462	
17113.826399999998	0.044800000003306195	Ripples						0.044800000003306195	17113.844	15.040536396479515	149.51593589746415	1376.732416752814	
17113.9696	0.047200000000884756	Ripples						0.047200000000884756	17113.984	11.754951468464355	154.95550326106832	964.2693238761477	
17120.0808	0.030399999999644933	Ripples						0.030399999999644933	17120.1016	5.729785965762247	163.9131546195878	789.3305761004501	
17123.7944	0.07280000000173459	Ripples						0.07280000000173459	17123.832000000002	9.542326117309457	151.8347291636344	1096.098161593751	
17124.3136	0.03600000000005821	Ripples						0.03600000000005821	17124.34	6.683369848562424	154.76196287307374	758.2380934782095	
17125.996	0.03280000000086147	Ripples						0.03280000000086147	17126.004	7.095672068456887	156.00977679648943	868.1396370413742	
17126.3728	0.025599999997211853	Ripples						0.025599999997211853	17126.3848	7.70000913505639	151.6622054035265	861.8135227833917	
17126.5184	0.021600000000034925	Ripples						0.021600000000034925	17126.5328	8.764357828734342	162.58400878380272	941.6214994131577	
17126.7392	0.03600000000005821	Ripples						0.03600000000005821	17126.7536	5.905997614192699	149.70684710404635	697.4745417744025	
17127.0784	0.030400000003282912	Ripples						0.030400000003282912	17127.095999999998	9.483592368620606	157.30671881115921	1102.6938300422976	
17127.718399999998	0.051200000001699664	Ripples						0.051200000001699664	17127.732	9.5732694947494	172.95499460509848	981.1634017182728	
17128.2	0.025599999997211853	Ripples						0.025599999997211853	17128.2144	6.765735416773626	156.56748812123269	893.3662204787922	
17128.5536	0.0639999999984866	Ripples						0.0639999999984866	17128.603199999998	14.786531494646011	149.58077637593394	1282.7820795235812	
17132.5944	0.04079999999885331	Ripples						0.04079999999885331	17132.6152	21.805769598641557	157.07440845605433	1723.470639830204	
17132.7232	0.028800000000046566	Ripples						0.028800000000046566	17132.738400000002	15.118533856267922	157.54122863655886	1317.0853626813998	
17133.0088	0.028800000000046566	Ripples						0.028800000000046566	17133.0248	8.097689899283266	156.32524226513434	938.9449008691608	
17138.303200000002	0.026399999998830026	Ripples						0.026399999998830026	17138.3256	5.038481969368198	156.34674463402752	639.2595912312553	
17138.424	0.020000000000436557	Ripples						0.020000000000436557	17138.4328	5.1804574890313715	154.52921470952953	701.7683605659557	
17143.5568	0.06000000000130967	Ripples						0.06000000000130967	17143.58	5.536452254582236	152.52944188856975	653.7030076113236	
17144.1656	0.020000000000436557	Ripples						0.020000000000436557	17144.1776	5.416979242414266	153.5398670674706	600.0695299774698	
17169.2808	0.040000000000873115	Ripples						0.040000000000873115	17169.3	15.97835450873456	175.16874460305354	1279.0462919900203	
17169.9272	0.044800000003306195	Ripples						0.044800000003306195	17169.9512	27.226516736839027	157.43843136291176	1843.9661000407414	
17172.12	0.028000000002066372	Ripples						0.028000000002066372	17172.137600000002	8.307523583698002	156.51489266470736	1007.2564763609926	
17174.444	0.025600000000849832	Ripples						0.025600000000849832	17174.4576	10.075310414446804	169.18100639357547	1087.4709062256027	
17175.2104	0.028000000002066372	Ripples						0.028000000002066372	17175.2272	19.720270564020396	161.60298153981475	1503.815652922829	
17175.5616	0.08879999999771826	Ripples						0.08879999999771826	17175.6016	17.821066082037053	148.25333363387236	1426.8035721368137	
17176.7648	0.0272000000004482	Ripples						0.0272000000004482	17176.7792	5.3433743739688335	156.40897081632392	845.4966474780234	
17176.872	0.05280000000129803	Ripples						0.05280000000129803	17176.9048	13.913335583441958	147.13528850781677	1217.1800417066893	
17182.2496	0.07920000000012806	Ripples						0.07920000000012806	17182.3	24.29319019345557	157.69852550100478	1862.0337101979915	
17184.8112	0.02479999999923166	Ripples						0.02479999999923166	17184.8256	7.438678857417151	158.072039972895	904.8713188132194	
17186.3376	0.025600000000849832	Ripples						0.025600000000849832	17186.356	10.938623186225128	157.06685048415602	1020.6537267444359	
17186.9424	0.02960000000166474	Ripples						0.02960000000166474	17186.9648	5.550803294132916	158.4865752656272	694.1442531446365	
17190.7192	0.031200000001263106	Ripples						0.031200000001263106	17190.732799999998	11.216522236810523	158.3539153502934	1230.348339815196	
17191.2712	0.0496000000021013	Ripples						0.0496000000021013	17191.2944	5.429078337280445	151.96548549456296	850.2997011893156	
17192.9584	0.05280000000129803	Ripples						0.05280000000129803	17192.9808	11.863921998904544	160.8954214449889	1136.2496055814706	
17193.4032	0.05199999999967986	Ripples						0.05199999999967986	17193.4176	6.462512532061626	152.56398193118352	645.2890344198576	
17193.6208	0.031200000001263106	Ripples						0.031200000001263106	17193.6344	9.885713562559527	156.31963622146196	1062.7795591916572	
17193.9128	0.03280000000086147	Ripples						0.03280000000086147	17193.9296	20.35252861689846	162.06563050740584	1646.814153098991	
17194.3888	0.030399999999644933	Ripples						0.030399999999644933	17194.3944	5.056292746721797	159.69249273143032	753.9377423408087	
17194.7408	0.04959999999846332	Ripples						0.04959999999846332	17194.7704	13.298805043913342	151.33190744376355	1062.4090765546803	
17195.2056	0.023999999997613486	Ripples						0.023999999997613486	17195.22	12.862329801209695	159.97994950112866	1177.133802861508	
17197.1016	0.028800000000046566	Ripples						0.028800000000046566	17197.1128	7.734635450875621	156.75150302156933	927.5155722641157	
17197.3416	0.023199999999633292	Ripples						0.023199999999633292	17197.353600000002	7.506112723341079	154.0258664179752	752.8757886200298	
17213.8256	0.03840000000127475	Ripples						0.03840000000127475	17213.8472	15.433195659166707	156.20259158654446	1430.392563614809	
17219.810400000002	0.09839999999894644	Ripples						0.09839999999894644	17219.8384	12.600926965051782	163.01723201393497	1283.5386759658666	
17220.392	0.030399999999644933	Ripples						0.030399999999644933	17220.4056	11.016522096514064	157.54115489090447	1201.3066033945768	
17221.659200000002	0.025599999997211853	Ripples						0.025599999997211853	17221.6712	12.859452836314379	157.15789297947092	1093.4605589096316	
17222.9456	0.03440000000045984	Ripples						0.03440000000045984	17222.972	6.830215595168569	154.96696194778897	539.821006214021	
17223.0872	0.042399999998451676	Ripples						0.042399999998451676	17223.1216	6.516875488438152	153.29374939680636	663.0861317156514	
17226.3224	0.027999999998428393	Ripples						0.027999999998428393	17226.336	10.097127596371731	158.0128874391629	1107.4012704369432	
17226.8488	0.02960000000166474	Ripples						0.02960000000166474	17226.868000000002	17.40125334217636	164.70870454060548	1427.4258623722133	
17226.9304	0.02239999999801512	Ripples						0.02239999999801512	17226.9448	9.84765291624274	154.80452280298152	896.5802244963978	
17227.1872	0.025600000000849832	Ripples						0.025600000000849832	17227.2056	7.04767514689317	154.30759708502123	794.3960814165673	
17227.288800000002	0.031199999997625127	Ripples						0.031199999997625127	17227.3008	6.184485207022459	159.22717275414567	657.1316902473045	
17227.7488	0.035199999998440035	Ripples						0.035199999998440035	17227.7656	15.268838963646566	156.14442438020174	1367.2539233704526	
17232.9064	0.046399999999266583	Ripples						0.046399999999266583	17232.9384	12.040368980868926	151.40335984320382	1082.7534804670397	
17233.1992	0.04320000000006985	Ripples						0.04320000000006985	17233.2224	26.869233927829995	159.56184312994554	1872.2011988614843	
17240.761599999998	0.028000000002066372	Ripples						0.028000000002066372	17240.775999999998	9.354236248080252	155.92539771680185	1002.4024458522871	
17241.0336	0.0272000000004482	Ripples						0.0272000000004482	17241.0472	10.193227231548708	161.1801277214625	1122.9709577543151	
17243.8912	0.03200000000288128	Ripples						0.03200000000288128	17243.9152	5.060888995729044	145.75772880440138	639.4469797112615	
17246.432	0.056000000000494765	Ripples						0.056000000000494765	17246.4536	10.169446623195991	152.43358542254464	1114.5998301357329	
17246.6776	0.0816000000013446	Ripples						0.0816000000013446	17246.696799999998	16.23791627295634	145.56606440422544	1139.8370189425634	
17246.804799999998	0.028800000000046566	Ripples						0.028800000000046566	17246.8152	6.711618425629193	154.73832533093216	757.8229967746905	
17250.0032	0.0319999999992433	Ripples						0.0319999999992433	17250.0248	16.16986966350288	156.16976355877955	1247.793801799526	
17252.0704	0.030399999999644933	Ripples						0.030399999999644933	17252.0928	5.09989040676897	154.02147433084014	613.5946416481328	
17273.8592	0.02479999999923166	Ripples						0.02479999999923166	17273.8712	11.050783951732832	163.21892177891564	1207.5931116863833	
17276.324	0.03359999999884167	Ripples						0.03359999999884167	17276.340799999998	24.262685701720063	160.32109320934887	1841.746768947012	
17276.4728	0.07200000000011642	Ripples						0.07200000000011642	17276.5136	7.662394467019338	155.15184340912123	803.3585552272264	
17284.8368	0.051199999998061685	Ripples						0.051199999998061685	17284.8808	10.420940749471436	154.66722272818225	896.2640901544212	
17285.0168	0.05759999999645515	Ripples						0.05759999999645515	17285.0352	12.61195492864864	150.56402661234392	1016.2146725278369	
17292.5752	0.04800000000250293	Ripples						0.04800000000250293	17292.6064	22.114614826626237	153.7636146847638	1716.5329891276285	
17295.3144	0.08399999999892316	Ripples						0.08399999999892316	17295.364	5.809427793432592	142.38594951471848	410.89065623981094	
17295.708	0.04080000000249129	Ripples						0.04080000000249129	17295.738400000002	7.401665347768924	153.70507468167156	861.678462631738	
17301.8232	0.03919999999925494	Ripples						0.03919999999925494	17301.8432	16.89289716225822	164.1734662767477	1613.039013317989	
17301.9496	0.037599999999656575	Ripples						0.037599999999656575	17301.9648	8.521245788188583	154.54481424091364	737.64778988495	
17302.5664	0.03440000000045984	Ripples						0.03440000000045984	17302.584	21.813430253460282	158.6079886079262	1630.9149168120623	
17302.709600000002	0.04079999999885331	Ripples						0.04079999999885331	17302.7248	9.58517191489195	149.42412852034647	901.3875432449529	
17311.0936	0.026399999998830026	Ripples						0.026399999998830026	17311.1152	5.406096434666758	156.62038374925643	682.4718091435137	
17312.6648	0.044800000003306195	Ripples						0.044800000003306195	17312.689599999998	10.068153022958972	153.85533420535447	967.8669612135296	
17316.0536	0.044799999999668216	Ripples						0.044799999999668216	17316.08	19.219085400182973	154.20969362839276	1538.331636763508	
17323.2048	0.03919999999925494	Ripples						0.03919999999925494	17323.216800000002	22.232940252387156	159.90063748641654	1592.8879148354795	
17323.2952	0.04160000000047148	Ripples						0.04160000000047148	17323.3088	7.61763417465038	164.78311569515148	1093.4932120726435	
17323.4392	0.048800000000483124	Ripples						0.048800000000483124	17323.464	22.113893043612975	152.20436315520547	1678.5337938660348	
17323.8224	0.042399999998451676	Ripples						0.042399999998451676	17323.8512	16.907030085605157	152.72747235622003	1297.8655078686593	
17324.9808	0.02479999999923166	Ripples						0.02479999999923166	17324.9952	6.358245319905662	164.44186543921532	905.0583470137303	
17325.6632	0.024000000001251465	Ripples						0.024000000001251465	17325.673600000002	12.002381686640522	168.4271153685931	1126.8929708510445	
17327.3096	0.04559999999764841	Ripples						0.04559999999764841	17327.3448	9.868754992448457	168.22983862631696	921.9695219766716	
17332.0752	0.022400000001653098	Ripples						0.022400000001653098	17332.0872	7.53149227293057	157.40537505971122	860.904675505903	
17335.0	152.0	SleepStates											REM
17338.72	0.053599999999278225	Ripples						0.053599999999278225	17338.7424	12.793864202894923	151.5729035812251	1133.9283980161542	
17381.4528	0.020000000000436557	Ripples						0.020000000000436557	17381.4648	6.595436326569564	154.9543969472623	679.3017769161956	
17488.0	732.0	SleepStates											Awake
17508.646399999998	0.03680000000167638	Ripples						0.03680000000167638	17508.6624	12.113468733634633	159.89982150818605	1300.9434252573546	
17508.7704	0.0639999999984866	Ripples						0.0639999999984866	17508.804	16.770024835551297	156.66030004707318	1475.6297811249162	
17523.436	0.03600000000005821	Ripples						0.03600000000005821	17523.456	10.642122307862078	158.74869820779116	1168.453397177864	
17523.5568	0.04080000000249129	Ripples						0.04080000000249129	17523.5808	12.278560067745959	156.0825576446289	1309.0526005615347	
17523.768	0.08079999999972642	Ripples						0.08079999999972642	17523.8168	6.88082610884871	151.648596903821	585.0801191902762	
17529.1152	0.06959999999889988	Ripples						0.06959999999889988	17529.1704	15.645883195655824	161.47186706626974	1501.3760275883296	
17529.3424	0.0415999999968335	Ripples						0.0415999999968335	17529.3584	11.328191759017097	159.8947273995801	1329.2920299861441	
17530.4496	0.08399999999892316	Ripples						0.08399999999892316	17530.4648	13.225752356699424	153.92037108234848	1283.5059046898177	
17536.0944	0.04079999999885331	Ripples						0.04079999999885331	17536.108	12.199639322523176	164.68068452523107	1265.5199433949606	
17536.2216	0.04799999999886495	Ripples						0.04799999999886495	17536.256	6.000625287067476	159.95670862106547	798.7262480360585	
17536.6416	0.04160000000047148	Ripples						0.04160000000047148	17536.666400000002	15.367087162335004	155.5735803525843	1305.107269371881	
17552.4688	0.024000000001251465	Ripples						0.024000000001251465	17552.4824	9.826279678190097	167.28931023421688	1079.19521549661	
17577.228	0.053600000002916204	Ripples						0.053600000002916204	17577.260000000002	12.194795690780953	147.8795341892214	1125.9134634893614	
17592.7144	0.0319999999992433	Ripples						0.0319999999992433	17592.7336	9.30274340706695	170.03805040804906	1123.4085330322218	
17592.9096	0.0632000000005064	Ripples						0.0632000000005064	17592.9568	15.177879522884947	154.01710321316355	1421.9368913378146	
17603.2088	0.03600000000005821	Ripples						0.03600000000005821	17603.224000000002	10.913723948347346	154.5202423069306	1075.0834164792216	
17615.9024	0.02960000000166474	Ripples						0.02960000000166474	17615.9176	18.969258989167407	157.93834029331092	1403.4547709190037	
17621.5672	0.032799999997223495	Ripples						0.032799999997223495	17621.581599999998	9.40297677743938	150.47671769397292	972.7159700055181	
17621.808	0.04160000000047148	Ripples						0.04160000000047148	17621.8376	6.500089058675811	146.03438925699197	618.0875828875346	
17626.1064	0.037599999999656575	Ripples						0.037599999999656575	17626.1272	19.577484385492262	155.82913659395123	1607.2659876659154	
17630.5616	0.026399999998830026	Ripples						0.026399999998830026	17630.5728	9.79155222175381	165.3195710603275	1110.8146817594604	
17630.6656	0.07600000000093132	Ripples						0.07600000000093132	17630.7032	12.734447037293691	147.64455704159957	1054.9329036918164	
17635.0704	0.025599999997211853	Ripples						0.025599999997211853	17635.0856	6.410624290031919	159.0311890870945	904.6136825119655	
17637.1912	0.058399999998073326	Ripples						0.058399999998073326	17637.2336	17.85934113130421	156.01918869879918	1610.91184327331	
17637.4464	0.040000000000873115	Ripples						0.040000000000873115	17637.4648	17.140444915772107	160.1035202640864	1550.5923660547278	
17637.5912	0.044799999999668216	Ripples						0.044799999999668216	17637.612	32.60487577602574	158.09718369239226	2076.689582426682	
17637.7296	0.040000000000873115	Ripples						0.040000000000873115	17637.744	17.29809692935738	161.9282557715564	1448.4102943260586	
17638.936	0.035199999998440035	Ripples						0.035199999998440035	17638.9608	7.5048463693718475	155.00442200898078	835.8612257001901	
17639.1656	0.08720000000175787	Ripples						0.08720000000175787	17639.228	11.393839559703014	153.14079348033857	1252.7060488458583	
17643.6584	0.0544000000008964	Ripples						0.0544000000008964	17643.6784	9.529499371160144	156.39074326907465	1174.9738020131351	
17644.1776	0.040000000000873115	Ripples						0.040000000000873115	17644.196	7.878201516173461	153.38805468036253	808.4795629096715	
17646.144800000002	0.023199999995995313	Ripples						0.023199999995995313	17646.1584	8.709325331777004	160.08612796708653	942.8347529110615	
17653.0376	0.031200000001263106	Ripples						0.031200000001263106	17653.052	10.768908702616057	161.64303571240401	1201.3583866182553	
17653.2224	0.025600000000849832	Ripples						0.025600000000849832	17653.231200000002	8.787602201136995	158.68871469383947	986.28479652399	
17654.888	0.040000000000873115	Ripples						0.040000000000873115	17654.908	22.31451834369484	165.09229050862334	1861.0342183163316	
17655.0376	0.03840000000127475	Ripples						0.03840000000127475	17655.0624	24.880855655863993	156.80913904271736	1724.8460392610114	
17660.4664	0.037599999999656575	Ripples						0.037599999999656575	17660.4864	23.368815195055493	159.48858942509725	1724.5184577183056	
17660.724000000002	0.02479999999923166	Ripples						0.02479999999923166	17660.7352	8.680245337387062	158.54151692049987	1016.4162367221995	
17663.0104	0.03840000000127475	Ripples						0.03840000000127475	17663.0248	8.206565334777919	149.45031242561635	976.7496945279885	
17667.0072	0.022400000001653098	Ripples						0.022400000001653098	17667.0224	9.828770361715861	156.78909945541187	974.0217667395981	
17667.172	0.044800000003306195	Ripples						0.044800000003306195	17667.184	5.558881866029764	153.56621029077047	668.1948978828204	
17667.239999999998	0.07040000000415603	Ripples						0.07040000000415603	17667.2992	11.204924732061723	152.2868982876524	1016.6629965697323	
17667.4184	0.04640000000290456	Ripples						0.04640000000290456	17667.4304	9.852475611986872	159.25896840958214	842.5396221952011	
17671.7152	0.03840000000127475	Ripples						0.03840000000127475	17671.7288	9.316073981414874	153.24760152774	911.5976277450537	
17676.9944	0.03919999999925494	Ripples						0.03919999999925494	17677.0024	5.640091896142288	154.37265063500982	818.904439920789	
17679.5992	0.05439999999725842	Ripples						0.05439999999725842	17679.6192	24.313661240231387	157.4985560756067	1904.187445425333	
17679.7264	0.022400000001653098	Ripples						0.022400000001653098	17679.7408	7.029068684901805	155.4660226773034	774.562341164448	
17682.2056	0.02959999999802676	Ripples						0.02959999999802676	17682.2192	9.450305608233048	161.56327272841818	1114.8866473001565	
17685.218399999998	0.03840000000127475	Ripples						0.03840000000127475	17685.2392	17.279853129773034	166.51783311327347	1386.922839698566	
17685.6064	0.0272000000004482	Ripples						0.0272000000004482	17685.6208	13.008666455032209	165.0079425662012	1317.8906629694666	
17685.7592	0.03919999999925494	Ripples						0.03919999999925494	17685.781600000002	10.568295541248268	147.98482256207888	998.316353770703	
17685.8256	0.0272000000004482	Ripples						0.0272000000004482	17685.8456	6.996689937953666	159.0453664070052	996.9608392840315	
17689.9816	0.03680000000167638	Ripples						0.03680000000167638	17689.9928	16.86044397603527	167.21655196146614	1368.0254424943037	
17690.072	0.03919999999925494	Ripples						0.03919999999925494	17690.084	21.29555132012869	151.70857336561184	1432.6566847009458	
17690.1944	0.04160000000047148	Ripples						0.04160000000047148	17690.216	19.534638406353565	154.51494107099163	1504.7733894427963	
17690.52	0.03919999999925494	Ripples						0.03919999999925494	17690.5496	12.86992948201066	157.57787512861242	1170.8960969838936	
17718.1272	0.02080000000205473	Ripples						0.02080000000205473	17718.1352	8.289899588792876	162.6633630336254	943.1483520986832	
17720.4064	0.03280000000086147	Ripples						0.03280000000086147	17720.4248	14.432621451331583	155.5985321129408	1235.0551710691177	
17720.5536	0.028800000000046566	Ripples						0.028800000000046566	17720.568	11.092823064204866	156.09137776108244	1103.9081448909246	
17720.718399999998	0.02320000000327127	Ripples						0.02320000000327127	17720.732	16.054509372403057	166.07244304272186	1283.0135440517797	
17736.6512	0.022400000001653098	Ripples						0.022400000001653098	17736.666400000002	5.414019669437129	153.44571814245913	753.6840154739022	
17744.828	0.021600000000034925	Ripples						0.021600000000034925	17744.839200000002	6.890554014857156	157.94178392592485	827.0503680021017	
17745.8432	0.04400000000168802	Ripples						0.04400000000168802	17745.860800000002	22.720528849868483	162.44379720387215	1739.5543622770724	
17755.2576	0.06720000000132131	Ripples						0.06720000000132131	17755.304	15.70998097540301	147.7989903909233	1163.5052011033588	
17756.0544	0.02959999999802676	Ripples						0.02959999999802676	17756.0664	6.829151132942473	154.140682481532	847.5353282360156	
17759.0112	0.042399999998451676	Ripples						0.042399999998451676	17759.028	14.899699625662274	164.13542703052602	1482.6140377628062	
17763.8352	0.053599999999278225	Ripples						0.053599999999278225	17763.864	7.832207836578136	161.2931793588109	860.3797167013827	
17764.0648	0.02479999999923166	Ripples						0.02479999999923166	17764.0792	6.315380798209246	157.10747884456646	864.6947423080877	
17765.5992	0.044799999999668216	Ripples						0.044799999999668216	17765.610399999998	7.026148735462399	162.50017405569992	723.8960434609977	
17767.52	0.05280000000129803	Ripples						0.05280000000129803	17767.5368	9.777336860244144	169.42763191520544	1062.0536579164796	
17781.8632	0.06160000000090804	Ripples						0.06160000000090804	17781.892	9.949222434490684	150.09016651787317	1254.119133253538	
17788.528	0.022400000001653098	Ripples						0.022400000001653098	17788.536	10.466649425826033	164.25023290155366	1047.3522951328653	
17837.297599999998	0.06720000000132131	Ripples						0.06720000000132131	17837.3424	10.129690892328341	158.32895322402976	1229.4187000690063	
17850.2624	0.11200000000098953	Ripples						0.11200000000098953	17850.36	12.675772775675249	154.47180882667664	1242.020762029236	
17871.9096	0.028800000000046566	Ripples						0.028800000000046566	17871.9232	5.99698233488226	173.62482651477634	868.8054227563974	
17896.8568	0.02079999999841675	Ripples						0.02079999999841675	17896.864	5.734560869981403	157.51299278271807	750.8007093545644	
17899.0608	0.03840000000127475	Ripples						0.03840000000127475	17899.0712	11.043332264525496	155.6268055799326	1137.4711713290778	
17907.353600000002	0.04959999999846332	Ripples						0.04959999999846332	17907.3784	11.159897994721108	160.50704800468773	1177.645607337117	
17907.4832	0.03920000000289292	Ripples						0.03920000000289292	17907.5016	25.48016143828082	155.86298960823248	1726.823807542287	
17908.2536	0.02959999999802676	Ripples						0.02959999999802676	17908.2624	7.894828084014515	155.16228306866537	891.913329820123	
17908.3128	0.025600000000849832	Ripples						0.025600000000849832	17908.324	8.430911350573616	155.5643252260966	1079.0405538736597	
17936.9672	0.05760000000009313	Ripples						0.05760000000009313	17937.0	5.5839663474740355	151.09332016414848	777.6007671452322	
17945.268	0.05040000000008149	Ripples						0.05040000000008149	17945.288800000002	17.35063458608627	154.1643569138734	1520.2519609782655	
17958.1472	0.033600000002479646	Ripples						0.033600000002479646	17958.164	12.52045700833268	164.65332745779352	1292.4769971704004	
17961.728	0.06160000000090804	Ripples						0.06160000000090804	17961.7656	20.007400050538394	154.23268103700286	1752.1314910495867	
17979.0016	0.02479999999923166	Ripples						0.02479999999923166	17979.0128	10.818686644080858	160.1679446012378	1158.914440344103	
17986.9376	0.028800000000046566	Ripples						0.028800000000046566	17986.9488	5.820122064855307	158.65177859892844	901.0725732760625	
17987.7512	0.042400000002089655	Ripples						0.042400000002089655	17987.768	14.484065655072634	164.12879249934386	1476.100202415246	
17990.9688	0.035200000002078013	Ripples						0.035200000002078013	17990.996	12.960808603544553	157.43877116421876	1135.0777769523725	
17993.3072	0.07679999999891152	Ripples						0.07679999999891152	17993.328	14.732264108613863	157.2822044985751	1513.9547399913793	
18005.9976	0.03440000000045984	Ripples						0.03440000000045984	18006.024	7.106184250886671	161.6546843153889	894.7286428846019	
18006.14	0.03440000000045984	Ripples						0.03440000000045984	18006.1488	5.20101737522703	149.11976491474763	611.9274314488836	
18011.9952	0.0367999999980384	Ripples						0.0367999999980384	18012.0192	11.693494834877988	172.07446324523164	960.8029473376926	
18012.2608	0.06639999999970314	Ripples						0.06639999999970314	18012.3056	13.49760294581582	152.6001261483978	1250.8548308316206	
18015.5744	0.028799999996408587	Ripples						0.028799999996408587	18015.5856	6.846364272632004	168.7039720346627	902.4111764562361	
18015.6352	0.04799999999886495	Ripples						0.04799999999886495	18015.666400000002	24.429117559314736	157.04231411216574	1782.2060088279818	
18019.9736	0.025599999997211853	Ripples						0.025599999997211853	18019.9864	9.01703254087857	165.5596982350147	1054.9893244188936	
18035.5392	0.04560000000128639	Ripples						0.04560000000128639	18035.56	10.358023202789598	154.053659082993	997.0788184170399	
18037.1944	0.09360000000015134	Ripples						0.09360000000015134	18037.2072	18.82490856572725	160.9474944118816	1560.4903959663523	
18044.752800000002	0.0319999999992433	Ripples						0.0319999999992433	18044.764	20.082400848535027	162.2619200724344	1545.6198861136477	
18044.839200000002	0.0415999999968335	Ripples						0.0415999999968335	18044.869599999998	22.798510206397957	158.984032545444	1675.7605104995748	
18051.144800000002	0.025599999997211853	Ripples						0.025599999997211853	18051.156	8.871982547762519	157.9338335227651	967.3739152193928	
18052.8352	0.05040000000008149	Ripples						0.05040000000008149	18052.8632	6.576947374620449	162.26066164758	978.8115771681232	
18055.326399999998	0.03920000000289292	Ripples						0.03920000000289292	18055.3496	9.953868736805191	162.07226856104455	1180.5400168932074	
18055.4808	0.03440000000045984	Ripples						0.03440000000045984	18055.4944	14.370031852817755	164.83628329348133	1248.3657823566318	
18060.9584	0.07040000000051805	Ripples						0.07040000000051805	18061.0112	12.419691878406006	158.3848175877499	1310.5054784098713	
18073.4224	0.040000000000873115	Ripples						0.040000000000873115	18073.448	16.890931829449897	162.66803284915602	1556.7145825113867	
18076.3664	0.03840000000127475	Ripples						0.03840000000127475	18076.388	12.607266864264941	155.84018117617342	1192.9940929047493	
18086.476	0.030399999999644933	Ripples						0.030399999999644933	18086.4936	7.0647832637363885	155.01400917985745	829.2562875818355	
18094.6368	0.023199999999633292	Ripples						0.023199999999633292	18094.6472	5.579831764592061	169.30145312005916	857.5525021001705	
18111.603199999998	0.04080000000249129	Ripples						0.04080000000249129	18111.6152	13.505220016391503	156.7288039233549	1253.437134462351	
18119.0032	0.044799999999668216	Ripples						0.044799999999668216	18119.0272	14.138733914166842	155.89187561704864	1359.4549822633721	
18119.1344	0.04079999999885331	Ripples						0.04079999999885331	18119.156	14.549074502633687	167.45021544124285	1468.8979917167574	
18130.144800000002	0.035199999998440035	Ripples						0.035199999998440035	18130.176	5.22224329706933	157.69767285115574	719.4446194943351	
18130.2752	0.037599999999656575	Ripples						0.037599999999656575	18130.2944	9.43064153159537	175.49716101143582	1146.8666975529475	
18132.333599999998	0.0904000000009546	Ripples						0.0904000000009546	18132.3504	18.91242524936971	160.9764752835771	1640.423574451839	
18134.152000000002	0.06159999999727006	Ripples						0.06159999999727006	18134.196	6.506289909681385	155.0139420850969	654.4825645195175	
18138.8144	0.02080000000205473	Ripples						0.02080000000205473	18138.824800000002	11.065867299688254	159.49900294457424	1004.1030958438172	
18150.0576	0.03919999999925494	Ripples						0.03919999999925494	18150.0688	9.043807071409308	158.48327243530798	1083.52974588892	
18161.268799999998	0.022400000001653098	Ripples						0.022400000001653098	18161.2776	5.592469055861994	154.52477019653384	787.5800601911468	
18163.5512	0.03839999999763677	Ripples						0.03839999999763677	18163.5728	14.659645270434579	170.09764820062614	1484.4669179576915	
18163.6904	0.04560000000128639	Ripples						0.04560000000128639	18163.708	11.158564129894765	166.5927532269409	1284.7059587974054	
18176.0344	0.037599999999656575	Ripples						0.037599999999656575	18176.0472	5.522536712896501	162.30062781638046	891.0864103045157	
18176.208	0.06400000000212458	Ripples						0.06400000000212458	18176.232	22.825581001329173	152.44058863807965	1610.3560637067842	
18178.528	0.08800000000337604	Ripples						0.08800000000337604	18178.6	21.661488734780995	160.95870760005963	1748.095837478818	
18180.2848	0.04320000000006985	Ripples						0.04320000000006985	18180.3056	15.109844707081315	158.0615768213064	1508.654892621403	
18187.016	0.02960000000166474	Ripples						0.02960000000166474	18187.0328	7.356452639775942	163.20095918145074	971.7134110433709	
18221.0	422.0	SleepStates											Non-REM
18223.352	0.035200000002078013	Ripples						0.035200000002078013	18223.368000000002	8.198768106712695	170.4774855690504	1048.3119215711358	
18225.4872	0.10559999999895808	Ripples						0.10559999999895808	18225.5696	21.911135099516656	155.81977769357948	1852.1649193742637	
18227.7248	0.02959999999802676	Ripples						0.02959999999802676	18227.7368	5.757620395514033	156.21890501352732	874.9207073395937	
18229.3056	0.03280000000086147	Ripples						0.03280000000086147	18229.317600000002	8.323876758966616	157.34460000946282	1074.132879841467	
18231.092	0.03440000000045984	Ripples						0.03440000000045984	18231.116	7.4633991223761695	163.37520607466254	871.6019043566666	
18231.639199999998	0.04080000000249129	Ripples						0.04080000000249129	18231.6696	7.094125140161549	152.3629026785413	808.6390358013306	
18235.9	0.02239999999801512	Ripples						0.02239999999801512	18235.912	7.128765457958266	162.10018851746995	909.4122865642971	
18236.5824	0.020000000000436557	Ripples						0.020000000000436557	18236.5936	6.111113908107015	160.78533078468152	813.289578047105	
18236.9752	0.023999999997613486	Ripples						0.023999999997613486	18236.9888	10.806561998123273	162.84950902533888	1136.7761067247206	
18237.0936	0.04400000000168802	Ripples						0.04400000000168802	18237.110399999998	12.100590124848411	171.69350047497397	1243.4485227411296	
18237.216800000002	0.046399999999266583	Ripples						0.046399999999266583	18237.2448	15.443935130220845	146.47835011532274	1197.605456537742	
18243.195200000002	0.02239999999801512	Ripples						0.02239999999801512	18243.2072	5.024076057131756	153.73878929030082	757.3082461312057	
18248.1008	0.021600000000034925	Ripples						0.021600000000034925	18248.1152	11.500310397053067	166.4540498322576	1096.9484423602366	
18248.2416	0.03919999999925494	Ripples						0.03919999999925494	18248.252800000002	8.146397917227095	157.77619296409972	1030.2228864146193	
18250.576	0.06160000000090804	Ripples						0.06160000000090804	18250.5888	11.491714457003287	166.13827328241095	1182.667357627084	
18250.7408	0.0319999999992433	Ripples						0.0319999999992433	18250.7592	23.657398559948476	156.81951070297902	1526.8340625354167	
18252.5968	0.02960000000166474	Ripples						0.02960000000166474	18252.616	17.316371054756353	171.71790084400902	1327.207578109009	
18252.7288	0.03440000000045984	Ripples						0.03440000000045984	18252.7432	15.617187579308105	159.13891279084152	1446.5353269347515	
18253.576	0.0591999999996915	Ripples						0.0591999999996915	18253.5968	12.554710620308548	162.62889488747416	1307.9992399678204	
18256.2104	0.02959999999802676	Ripples						0.02959999999802676	18256.2224	10.127886472447466	156.8149887256498	1185.0321172666438	
18256.304799999998	0.058400000001711305	Ripples						0.058400000001711305	18256.332000000002	13.312017079733518	158.71676989794102	1338.2540846373372	
18260.1408	0.02239999999801512	Ripples						0.02239999999801512	18260.1496	7.551083199087263	160.30113365974512	854.9616076590177	
18260.7424	0.03280000000086147	Ripples						0.03280000000086147	18260.764	9.196798224257492	157.46962300440322	1016.6092321759442	
18264.8856	0.03600000000005821	Ripples						0.03600000000005821	18264.9	10.86503809274955	155.89782942637822	1050.5806478287345	
18264.9808	0.03600000000005821	Ripples						0.03600000000005821	18264.9952	14.889189129536975	157.54917959000792	1376.5454897989862	
18265.292	0.042399999998451676	Ripples						0.042399999998451676	18265.324	7.0326330678783195	153.94103879976757	886.3323246255042	
18275.0168	0.042399999998451676	Ripples						0.042399999998451676	18275.0344	9.210353618659644	168.22197753141276	1152.2006353945956	
18282.36	0.03839999999763677	Ripples						0.03839999999763677	18282.3744	12.582137038050153	153.473727796469	1146.6940567407644	
18283.6976	0.02479999999923166	Ripples						0.02479999999923166	18283.712	7.574889482173267	167.52099452522734	978.2032210050835	
18286.3776	0.0319999999992433	Ripples						0.0319999999992433	18286.389600000002	17.521871509463104	160.92572096053945	1390.5401064429052	
18292.4968	0.0639999999984866	Ripples						0.0639999999984866	18292.5464	18.071598155680835	169.41110561094706	1392.2952702693863	
18295.176	0.040000000000873115	Ripples						0.040000000000873115	18295.1936	6.930425394157178	161.5607914362155	606.3139928927123	
18296.6544	0.06880000000091968	Ripples						0.06880000000091968	18296.696	19.750267437894887	164.73658669663993	1833.724170587558	
18296.804	0.037599999999656575	Ripples						0.037599999999656575	18296.8216	19.043154861747006	157.89720463168564	1652.293504140079	
18299.3992	0.11999999999898137	Ripples						0.11999999999898137	18299.4136	26.132496728562508	158.35789408354697	1737.9420345184956	
18299.5968	0.037599999999656575	Ripples						0.037599999999656575	18299.624	12.269025385914615	164.30395765175243	1125.63657303175	
18300.4792	0.02079999999841675	Ripples						0.02079999999841675	18300.4872	7.168366691094881	161.46934576662255	956.9882653816484	
18300.9408	0.035199999998440035	Ripples						0.035199999998440035	18300.9552	23.34366481583042	158.47200996307737	1671.4368319752607	
18301.0376	0.037599999999656575	Ripples						0.037599999999656575	18301.0496	18.894657285799862	154.04471224389954	1336.0176691924728	
18311.2216	0.031200000001263106	Ripples						0.031200000001263106	18311.236	12.407733522533235	155.2008670250468	1165.8655405787636	
18311.3376	0.0632000000005064	Ripples						0.0632000000005064	18311.3784	20.16322964882982	158.7059424605182	1766.6074402811769	
18311.4808	0.039999999997235136	Ripples						0.039999999997235136	18311.5032	18.325081102974494	164.45924180510332	1613.938617406882	
18311.603199999998	0.035200000002078013	Ripples						0.035200000002078013	18311.62	14.167539809620877	160.73953642158722	1309.5887081125986	
18314.0128	0.028800000000046566	Ripples						0.028800000000046566	18314.0288	14.963294016173641	170.98397565139928	1262.3821841292079	
18314.1512	0.02960000000166474	Ripples						0.02960000000166474	18314.176	6.041297029926505	155.23891518224508	751.1112529581882	
18314.324	0.03359999999884167	Ripples						0.03359999999884167	18314.3504	7.104189929379785	167.66272318314407	833.0471074399359	
18314.512	0.07120000000213622	Ripples						0.07120000000213622	18314.5232	7.69608257440835	158.8066188247463	836.0572806714936	
18316.1296	0.04160000000047148	Ripples						0.04160000000047148	18316.1488	12.540259965670858	164.94221829473605	1344.4734001749205	
18317.4112	0.026400000002468005	Ripples						0.026400000002468005	18317.4216	15.631925275366585	166.2596103048366	1313.9191209389992	
18317.5088	0.03359999999884167	Ripples						0.03359999999884167	18317.5232	25.590623944661235	163.88967102755637	1871.0383374506673	
18318.5432	0.0911999999989348	Ripples						0.0911999999989348	18318.5832	8.592685221934905	158.68996421798548	1070.357663867154	
18322.7416	0.02079999999841675	Ripples						0.02079999999841675	18322.752	8.893694916549904	163.10908030819104	960.4534194345288	
18332.344	0.06000000000130967	Ripples						0.06000000000130967	18332.389600000002	9.423289176654965	154.7481183448491	1085.0679633285893	
18338.1328	0.07920000000012806	Ripples						0.07920000000012806	18338.1488	14.273590797495851	163.41387712913746	1376.0238474797918	
18338.292	0.035199999998440035	Ripples						0.035199999998440035	18338.3112	41.497179449251895	168.75858539889128	2128.526461315991	
18341.1232	0.05279999999766005	Ripples						0.05279999999766005	18341.148	17.487514115665416	153.79829775834915	1564.671417277044	
18344.072	0.030399999999644933	Ripples						0.030399999999644933	18344.0832	5.80661783647439	151.2588503198633	669.9521042760902	
18349.3872	0.18319999999948777	Ripples						0.18319999999948777	18349.5168	13.68386561979467	146.84332052495745	1143.6628748517014	
18350.7712	0.03280000000086147	Ripples						0.03280000000086147	18350.7872	33.963090628912525	165.62386354043656	2057.476207178602	
18350.8656	0.05679999999847496	Ripples						0.05679999999847496	18350.9024	10.692534130699626	152.67399273427932	1174.1036732794712	
18351.952	0.028800000000046566	Ripples						0.028800000000046566	18351.9728	9.045729837073148	154.941281666573	848.4202552208109	
18352.0296	0.023199999999633292	Ripples						0.023199999999633292	18352.0384	5.915754215850233	155.91642716847062	716.2182633852082	
18354.4136	0.037599999999656575	Ripples						0.037599999999656575	18354.4344	20.846436835367697	156.2414585007672	1694.1630225062013	
18354.9136	0.03840000000127475	Ripples						0.03840000000127475	18354.924	7.163404189892639	156.82697601490827	870.2673276162093	
18355.146399999998	0.1040000000029977	Ripples						0.1040000000029977	18355.232	13.460481465979367	152.6831481772979	1251.2295845865824	
18355.297599999998	0.05040000000008149	Ripples						0.05040000000008149	18355.333599999998	14.362893926829658	151.2788069079996	1314.6046484570031	
18355.4616	0.020000000000436557	Ripples						0.020000000000436557	18355.4688	7.137690207006985	167.20059262866894	837.6987148188114	
18356.308	0.03440000000045984	Ripples						0.03440000000045984	18356.324800000002	22.132887314720556	159.3888209356028	1692.184656025774	
18356.3928	0.04320000000006985	Ripples						0.04320000000006985	18356.4104	11.921094289164945	155.68844440499532	1215.071240566032	
18361.448	0.044799999999668216	Ripples						0.044799999999668216	18361.476	17.878307250543877	160.3056382041813	1576.206684633597	
18363.1184	0.03919999999925494	Ripples						0.03919999999925494	18363.1416	8.450693323938774	152.44315220614504	875.3682210393529	
18367.167999999998	0.056000000004132744	Ripples						0.056000000004132744	18367.1992	16.90407177391021	149.2064381343284	1480.5276931800609	
18367.5848	0.04079999999885331	Ripples						0.04079999999885331	18367.6016	16.630349899394744	158.62777955692673	1448.9671631699787	
18367.781600000002	0.035199999998440035	Ripples						0.035199999998440035	18367.796000000002	15.772522977160982	157.9231850706939	1390.1872409876507	
18367.9224	0.03680000000167638	Ripples						0.03680000000167638	18367.9384	15.62375479853536	163.90035691064915	1464.3796018355495	
18369.6872	0.02960000000166474	Ripples						0.02960000000166474	18369.7048	13.129890995437433	158.52831753049085	1118.380112388028	
18370.5792	0.028800000000046566	Ripples						0.028800000000046566	18370.5968	8.44891430907842	153.5620385255786	952.1946534533855	
18370.784	0.035199999998440035	Ripples						0.035199999998440035	18370.7952	14.39618338468813	160.92624493891358	1328.3085945536432	
18374.3616	0.02959999999802676	Ripples						0.02959999999802676	18374.3768	10.204297728089811	153.9913728785554	1045.3597827600447	
18375.9608	0.03919999999925494	Ripples						0.03919999999925494	18375.9712	7.2176465982429105	157.46162704269483	998.7634049146318	
18377.1344	0.020000000000436557	Ripples						0.020000000000436557	18377.146399999998	5.847516795264828	160.89201282790594	849.2600488249595	
18382.604	0.028800000000046566	Ripples						0.028800000000046566	18382.628	5.120876776445702	159.32714467955986	615.5157834510661	
18387.4592	0.027999999998428393	Ripples						0.027999999998428393	18387.4736	10.772405033815556	156.32335221333088	1135.5456369212036	
18388.6432	0.03280000000086147	Ripples						0.03280000000086147	18388.6648	9.815205306788881	151.53812768375258	1017.0543801508878	
18389.0968	0.0632000000005064	Ripples						0.0632000000005064	18389.128	8.064159127471516	156.00695237277566	737.7890089143972	
18389.4416	0.06560000000172295	Ripples						0.06560000000172295	18389.4888	14.566896269396626	150.3952360446868	1166.0606158627074	
18389.6312	0.028800000000046566	Ripples						0.028800000000046566	18389.639199999998	6.873764543260632	171.09978947475324	841.3585807856159	
18390.5616	0.051199999998061685	Ripples						0.051199999998061685	18390.5816	18.036216156498433	163.91410214534486	1583.9848460041758	
18394.5856	0.03280000000086147	Ripples						0.03280000000086147	18394.608	6.254678139569074	154.84522399827435	635.1467768521501	
18394.7272	0.023199999999633292	Ripples						0.023199999999633292	18394.7392	7.450784913115286	154.0203063058567	820.8471847171542	
18395.316	0.022400000001653098	Ripples						0.022400000001653098	18395.3304	8.813632740481795	159.5235704150985	897.587367416758	
18395.5816	0.037599999999656575	Ripples						0.037599999999656575	18395.6144	5.573826002353163	158.13547862449317	844.3461265417441	
18396.3616	0.048800000000483124	Ripples						0.048800000000483124	18396.375200000002	6.667598324526668	158.77638509182563	1078.3768888002016	
18396.508	0.021600000000034925	Ripples						0.021600000000034925	18396.5192	5.8628307285937105	158.66182748547516	830.1307863942616	
18397.9208	0.06480000000010477	Ripples						0.06480000000010477	18397.9296	6.5714960175333905	153.51752443608325	906.7848969708373	
18398.5112	0.04559999999764841	Ripples						0.04559999999764841	18398.5344	11.346268455045964	145.5163735933733	835.6928419337834	
18399.8232	0.05040000000008149	Ripples						0.05040000000008149	18399.8384	15.725883887218323	156.09076487157773	1265.9624762436188	
18401.3088	0.0272000000004482	Ripples						0.0272000000004482	18401.3256	7.756141627840442	162.26811437680567	1021.7163878884572	
18401.428	0.03600000000005821	Ripples						0.03600000000005821	18401.4536	8.039042655898593	159.25285710739047	988.2765295975521	
18418.108	0.040000000000873115	Ripples						0.040000000000873115	18418.1232	20.188708249840822	151.87333685973172	1411.416594120308	
18424.9704	0.05040000000008149	Ripples						0.05040000000008149	18424.9928	11.185219051449954	146.07184639770048	973.9267123896504	
18425.5824	0.024000000001251465	Ripples						0.024000000001251465	18425.5968	10.441509486962092	160.26394189214085	1025.3955728600088	
18426.1312	0.05280000000129803	Ripples						0.05280000000129803	18426.166400000002	6.231932337269272	152.56764975315528	741.519514252564	
18426.4608	0.06799999999930151	Ripples						0.06799999999930151	18426.5152	9.376629323449421	160.57897324557408	1142.5913361253333	
18426.624	0.031200000001263106	Ripples						0.031200000001263106	18426.6296	5.951611465264235	158.80708018385033	772.6751560242599	
18428.148	0.0591999999996915	Ripples						0.0591999999996915	18428.196799999998	6.461967788550372	152.96953959853175	928.5094217485006	
18428.2576	0.021600000000034925	Ripples						0.021600000000034925	18428.268799999998	10.669010153923521	157.24479075498934	1073.1476467630412	
18434.0544	0.028800000000046566	Ripples						0.028800000000046566	18434.0688	14.836255782846045	155.8354928351483	1283.789346948925	
18438.3304	0.03680000000167638	Ripples						0.03680000000167638	18438.36	7.013034487450525	165.88988406385903	944.1951532379487	
18442.9808	0.0319999999992433	Ripples						0.0319999999992433	18442.996	11.865074848528906	160.08542389493033	1267.7526746545948	
18453.0016	0.025600000000849832	Ripples						0.025600000000849832	18453.0128	14.338432881333766	159.62616555946576	1235.8448806339006	
18454.2408	0.09200000000055297	Ripples						0.09200000000055297	18454.252800000002	11.981734684103035	155.29876862558825	1248.2137736098637	
18454.396800000002	0.04479999999603024	Ripples						0.04479999999603024	18454.4288	14.452193300863039	152.84428722894157	1298.9050643126732	
18463.9848	0.030400000003282912	Ripples						0.030400000003282912	18463.996	22.80234884070004	162.39911749341337	1627.6881518736302	
18464.0848	0.04399999999805004	Ripples						0.04399999999805004	18464.112	20.14129768411877	157.6786556248777	1628.0089252073333	
18464.1992	0.028800000000046566	Ripples						0.028800000000046566	18464.2144	17.46666544716456	157.4716232974071	1459.5250765039495	
18464.896	0.030399999999644933	Ripples						0.030399999999644933	18464.9096	10.713009580955807	159.7104490211159	1179.401957194912	
18465.5592	0.03919999999925494	Ripples						0.03919999999925494	18465.5792	32.037053598218556	168.25099618947638	2011.4116333410186	
18465.6904	0.021600000000034925	Ripples						0.021600000000034925	18465.6984	8.369093194110155	164.82782707999692	969.230458950617	
18465.783199999998	0.04400000000168802	Ripples						0.04400000000168802	18465.8	31.946408184580438	159.83330868755976	2053.3648059458337	
18465.96	0.056000000000494765	Ripples						0.056000000000494765	18465.9912	11.316725138806405	145.36229968668252	1029.3705318074635	
18468.2896	0.028800000000046566	Ripples						0.028800000000046566	18468.3008	10.389138046958534	155.8967533167393	1013.3572589659401	
18468.353600000002	0.03919999999925494	Ripples						0.03919999999925494	18468.3856	9.507002346736954	153.48513588421022	1010.1961437446148	
18474.6984	0.02959999999802676	Ripples						0.02959999999802676	18474.7104	9.40586180853392	151.85591673597165	932.1081008056877	
18474.8592	0.037600000003294554	Ripples						0.037600000003294554	18474.8784	9.945784056949298	147.92122458051878	915.4700331462893	
18475.247199999998	0.044800000003306195	Ripples						0.044800000003306195	18475.2752	18.201273124871346	156.70390994533116	1598.9720942212869	
18477.5	0.040000000000873115	Ripples						0.040000000000873115	18477.5224	11.191884521645248	151.40319068775094	977.3248255024359	
18477.6656	0.035199999998440035	Ripples						0.035199999998440035	18477.680800000002	14.193926278765018	159.36172325951455	1283.524469912368	
18478.2232	0.021600000000034925	Ripples						0.021600000000034925	18478.2376	6.893929304009013	161.07387329655933	808.798462484735	
18493.616	0.042399999998451676	Ripples						0.042399999998451676	18493.631999999998	7.756141001201476	153.61066654577306	853.2064665154645	
18493.7944	0.040000000000873115	Ripples						0.040000000000873115	18493.8096	25.84041743878977	159.35134346584536	1774.2657286512901	
18493.9288	0.037599999999656575	Ripples						0.037599999999656575	18493.9432	20.158471010308027	160.72238609584193	1642.8743513909894	
18494.6848	0.02960000000166474	Ripples						0.02960000000166474	18494.7048	14.508368673729777	164.94878204870201	1241.5942581621612	
18497.4112	0.02960000000166474	Ripples						0.02960000000166474	18497.4192	8.6681180692072	156.90621466432108	794.5340546102311	
18499.5752	0.027999999998428393	Ripples						0.027999999998428393	18499.5896	13.57321198592408	156.26267202737213	1171.7309812213173	
18500.2304	0.021600000000034925	Ripples						0.021600000000034925	18500.2448	8.614500586925384	164.77584248932482	939.7691498691095	
18500.6456	0.03919999999925494	Ripples						0.03919999999925494	18500.6528	5.750538485600944	152.1215496562627	798.710205696952	
18500.709600000002	0.03600000000005821	Ripples						0.03600000000005821	18500.731200000002	10.51937049366547	149.95065639298937	1050.679106503574	
18501.7568	0.04079999999885331	Ripples						0.04079999999885331	18501.783199999998	7.258935780177577	147.20995367681962	756.7231623593437	
18505.4208	0.02479999999923166	Ripples						0.02479999999923166	18505.4392	6.492174017076602	155.84569847935822	782.2469715645315	
18509.364	0.07519999999931315	Ripples						0.07519999999931315	18509.3776	8.118051001640103	152.19558825941454	912.2240894839784	
18510.9096	0.05199999999967986	Ripples						0.05199999999967986	18510.9424	8.399212825682175	160.42478521320288	1113.3901391898676	
18511.5872	0.023199999995995313	Ripples						0.023199999995995313	18511.6024	9.14696809276885	156.14438768026474	922.2696530575655	
18512.2464	0.031200000001263106	Ripples						0.031200000001263106	18512.2576	13.076460674053596	165.83398190780184	1267.9643899595499	
18512.3928	0.04320000000006985	Ripples						0.04320000000006985	18512.412	13.33923643817821	163.62436976040124	1413.0030469456565	
18512.9896	0.03280000000086147	Ripples						0.03280000000086147	18513.0016	16.547609772779357	155.92231835207832	1355.4036807415234	
18514.4544	0.04320000000006985	Ripples						0.04320000000006985	18514.4648	8.356074881554342	154.15135243552638	955.890938878418	
18519.376	0.046399999999266583	Ripples						0.046399999999266583	18519.4048	7.880664367281495	150.51937299834555	1080.4832850671314	
18533.7088	0.0319999999992433	Ripples						0.0319999999992433	18533.72	14.044565718535083	155.46456932299031	1250.8758184789099	
18534.326399999998	0.0488000000041211	Ripples						0.0488000000041211	18534.3544	7.160206212969423	146.91723935082572	842.7290255831897	
18535.695200000002	0.03439999999682186	Ripples						0.03439999999682186	18535.7088	13.915800717805196	157.19231037196235	1286.8386297360494	
18535.788	0.047200000000884756	Ripples						0.047200000000884756	18535.804799999998	16.863418017613622	159.88506204693812	1563.9532563017865	
18537.0592	0.09679999999934807	Ripples						0.09679999999934807	18537.0888	14.186695030758814	151.10168074372692	1376.349404722022	
18537.36	0.042399999998451676	Ripples						0.042399999998451676	18537.38	13.613485925086726	163.27112091507513	1398.3985201317096	
18540.9096	0.022400000001653098	Ripples						0.022400000001653098	18540.9208	12.716637893565656	160.7331027383359	1215.3183910823607	
18541.968	0.02079999999841675	Ripples						0.02079999999841675	18541.9752	5.6025454279370805	161.64745540721094	811.4479656860111	
18542.1632	0.04799999999886495	Ripples						0.04799999999886495	18542.2008	8.876736406305882	159.54207515935676	1031.1865665244322	
18544.1064	0.06079999999928987	Ripples						0.06079999999928987	18544.139199999998	13.236169875283347	146.96978759821909	1184.604631881381	
18544.2392	0.0272000000004482	Ripples						0.0272000000004482	18544.2504	12.84657205924483	157.96926994678978	1235.5834663755563	
18547.846400000002	0.048799999996845145	Ripples						0.048799999996845145	18547.888	5.59613316376571	154.28248228009417	487.45616877655755	
18548.0048	0.030399999999644933	Ripples						0.030399999999644933	18548.028	6.562567144339536	158.91340314667627	609.3004459565718	
18550.9056	0.024000000001251465	Ripples						0.024000000001251465	18550.916	8.053665042686324	162.87949746390262	989.2482027897048	
18553.5656	0.039999999997235136	Ripples						0.039999999997235136	18553.5864	21.653564374991802	158.17188889702902	1685.8484484082567	
18554.8072	0.024000000001251465	Ripples						0.024000000001251465	18554.817600000002	7.3539380239376575	157.2809849804149	896.759293555749	
18558.6704	0.03680000000167638	Ripples						0.03680000000167638	18558.6792	8.498400193732394	151.447653613547	854.9472802192303	
18558.790399999998	0.0488000000041211	Ripples						0.0488000000041211	18558.7984	8.469367704341137	159.10046408143376	657.6833466249743	
18559.9184	0.021600000000034925	Ripples						0.021600000000034925	18559.9264	7.009182907448163	162.841480819724	878.1005407442574	
18560.1168	0.02239999999801512	Ripples						0.02239999999801512	18560.131999999998	10.210407843599622	160.22867480116236	955.3948674607096	
18566.6976	0.03840000000127475	Ripples						0.03840000000127475	18566.712	12.944893850393454	155.97372302885938	1291.0585737233844	
18566.9136	0.07280000000173459	Ripples						0.07280000000173459	18566.9728	9.251108744017612	161.8868859170436	1144.3601790053935	
18567.2704	0.031199999997625127	Ripples						0.031199999997625127	18567.2848	12.115627492953955	158.54947621056095	1167.4357795839553	
18567.4256	0.021600000000034925	Ripples						0.021600000000034925	18567.44	6.5006032226236	156.59561929553217	791.7445961615416	
18568.568	0.04959999999846332	Ripples						0.04959999999846332	18568.6064	7.658481558471658	153.10145170969733	997.1395205656453	
18568.764	0.04079999999885331	Ripples						0.04079999999885331	18568.7944	7.819975114680062	153.2231674422824	957.4057434969751	
18573.839200000002	0.023999999997613486	Ripples						0.023999999997613486	18573.8496	12.058057120917951	158.66652325125204	1094.0124171945363	
18589.904000000002	0.04399999999805004	Ripples						0.04399999999805004	18589.928	13.21159954502131	156.10792594416958	1300.5121634400705	
18590.5896	0.022400000001653098	Ripples						0.022400000001653098	18590.5984	9.378846375665992	167.6420880968532	1002.8515264554607	
18591.0304	0.03919999999925494	Ripples						0.03919999999925494	18591.0624	5.9795663330567885	159.47955513379708	783.6732687161642	
18592.1144	0.028000000002066372	Ripples						0.028000000002066372	18592.1288	6.585739596974021	155.94528278968554	841.0370790884413	
18592.9416	0.04800000000250293	Ripples						0.04800000000250293	18592.968	12.624315506470884	142.95163051956305	1006.9722956717868	
18593.130400000002	0.04320000000006985	Ripples						0.04320000000006985	18593.159200000002	7.618228267902403	147.95735876465125	817.2544515936339	
18596.4664	0.0639999999984866	Ripples						0.0639999999984866	18596.508	19.018018214875124	158.1990543776022	1468.6594207920687	
18604.1224	0.0591999999996915	Ripples						0.0591999999996915	18604.16	16.39169493799684	150.31629048520622	1406.7241082549622	
18604.2344	0.0591999999996915	Ripples						0.0591999999996915	18604.252	14.288048956747238	147.4851104364601	1255.8325159043807	
18604.6144	0.04560000000128639	Ripples						0.04560000000128639	18604.6424	13.830325079106904	149.78431134299075	1283.3368931065954	
18606.6064	0.03440000000045984	Ripples						0.03440000000045984	18606.6184	7.223732339648638	157.95520640802167	698.3936828990771	
18610.2152	0.040000000000873115	Ripples						0.040000000000873115	18610.2392	15.102427217235203	162.3159560871578	1475.5746420201501	
18620.0152	0.06319999999686843	Ripples						0.06319999999686843	18620.064	10.018139166677122	152.3153373993125	1160.504646737903	
18620.128	0.05679999999847496	Ripples						0.05679999999847496	18620.1584	17.078413048678176	165.53751752531522	1633.4989968586651	
18620.252	0.04400000000168802	Ripples						0.04400000000168802	18620.28	21.408486070189944	155.88009324544169	1665.185386656989	
18621.2808	0.026399999998830026	Ripples						0.026399999998830026	18621.292	12.279241813342914	163.14313342781904	1290.5009983751515	
18629.875200000002	0.03839999999763677	Ripples						0.03839999999763677	18629.8888	10.953704390923948	157.79969843111496	1045.4736283905731	
18630.7824	0.046399999999266583	Ripples						0.046399999999266583	18630.797599999998	8.088962397885487	149.95577533258648	661.8678707440241	
18644.0	16.0	SleepStates											Awake
18661.0	229.0	SleepStates											Non-REM
18665.676	0.035199999998440035	Ripples						0.035199999998440035	18665.696799999998	19.210889994974657	156.32152126979955	1537.19168231078	
18669.6832	0.03840000000127475	Ripples						0.03840000000127475	18669.703999999998	12.545733657109604	154.5327176216995	1196.2584352086417	
18670.4136	0.05199999999967986	Ripples						0.05199999999967986	18670.428	7.779259993376775	152.83447552641402	968.3371158573623	
18670.7664	0.09279999999853317	Ripples						0.09279999999853317	18670.840799999998	7.710822828392942	145.138765512966	836.1269960412097	
18671.1432	0.0272000000004482	Ripples						0.0272000000004482	18671.1576	12.701558282610968	160.67341787718942	1209.2399477351032	
18672.3856	0.030399999999644933	Ripples						0.030399999999644933	18672.4032	14.789614633872981	159.30344580092768	1375.6231793481645	
18680.3936	0.06000000000130967	Ripples						0.06000000000130967	18680.408	16.180895487041397	157.26015683038497	1445.2961135365786	
18680.5808	0.031200000001263106	Ripples						0.031200000001263106	18680.5984	14.771554818040807	153.12078278942752	1248.0049355034346	
18688.1408	0.05760000000009313	Ripples						0.05760000000009313	18688.1848	12.344504406431485	154.6697764597204	1349.934509008838	
18689.5752	0.031200000001263106	Ripples						0.031200000001263106	18689.6016	6.368417226307797	157.9488872224782	770.3380775583554	
18697.6288	0.048800000000483124	Ripples						0.048800000000483124	18697.6568	14.991679875674306	153.02007863169064	1428.1208525020425	
18698.5888	0.05199999999967986	Ripples						0.05199999999967986	18698.6128	18.520299320376356	151.4947823659405	1460.5665525020602	
18698.882400000002	0.02719999999681022	Ripples						0.02719999999681022	18698.8928	10.34162120748343	159.62998011540552	1046.3379121849512	
18700.3712	0.03280000000086147	Ripples						0.03280000000086147	18700.388	8.8531172651719	164.6964737827097	1126.3299558571664	
18700.508	0.02079999999841675	Ripples						0.02079999999841675	18700.5208	12.79539911080676	161.21986376818137	1082.8534046361174	
18705.3888	0.021600000000034925	Ripples						0.021600000000034925	18705.4	7.449473232059856	156.93633168207128	830.287289014897	
18706.9632	0.03280000000086147	Ripples						0.03280000000086147	18706.9712	8.846046437849036	158.46810499598618	994.2370527617874	
18710.596	0.04160000000047148	Ripples						0.04160000000047148	18710.6096	10.84871716626764	157.08875805194918	1198.9920894138224	
18710.7728	0.03600000000005821	Ripples						0.03600000000005821	18710.7896	10.675781827853903	170.62549747719643	1155.611856647924	
18710.888	0.05520000000251457	Ripples						0.05520000000251457	18710.912	12.972692446937048	156.13658773168603	1411.2984066609329	
18714.788800000002	0.05199999999604188	Ripples						0.05199999999604188	18714.8136	16.64043260181608	151.21968197534994	1353.609672520981	
18716.824	0.044799999999668216	Ripples						0.044799999999668216	18716.839200000002	7.554599854769284	163.39439598074682	782.4152723363434	
18716.9528	0.0544000000008964	Ripples						0.0544000000008964	18716.992	9.338550396558627	150.83004991542725	968.556513633736	
18717.6184	0.04160000000047148	Ripples						0.04160000000047148	18717.6328	11.374991605821524	154.00007406045776	1198.863936480533	
18717.7784	0.06560000000172295	Ripples						0.06560000000172295	18717.824	17.615971206518996	153.21076032609471	1583.6875150275982	
18717.988	0.07359999999971478	Ripples						0.07359999999971478	18718.0336	11.632973764914793	150.45845457162383	1124.6352709881025	
18725.7872	0.02479999999923166	Ripples						0.02479999999923166	18725.804	9.725019857214223	159.05141172911084	1010.70885553515	
18726.2896	0.028000000002066372	Ripples						0.028000000002066372	18726.304799999998	10.891704176035406	157.53880572084927	1183.1662577629306	
18726.4128	0.04400000000168802	Ripples						0.04400000000168802	18726.4368	13.10486549484235	154.26781323160478	1257.5849871782968	
18727.7632	0.04559999999764841	Ripples						0.04559999999764841	18727.781600000002	9.724533449256846	149.7362143158516	1026.7840463061846	
18738.8848	0.03600000000005821	Ripples						0.03600000000005821	18738.9064	13.85846925661269	155.66269484651724	1294.4702909517919	
18739.5432	0.047200000000884756	Ripples						0.047200000000884756	18739.58	10.453815118513146	160.59941749384728	1152.2839622912077	
18739.804	0.030399999999644933	Ripples						0.030399999999644933	18739.826399999998	10.304183685879831	153.06283327341527	948.9698657779738	
18740.0088	0.028000000002066372	Ripples						0.028000000002066372	18740.0208	9.473219499386172	166.47650363864255	1145.4218299655429	
18747.1504	0.04080000000249129	Ripples						0.04080000000249129	18747.1672	29.246935200491897	155.93366715391315	1900.2615999073892	
18747.4232	0.0632000000005064	Ripples						0.0632000000005064	18747.476	10.17833333325243	154.85945280002673	1046.6084463324348	
18747.5768	0.022400000001653098	Ripples						0.022400000001653098	18747.5888	8.992121501113887	158.64883634123476	989.6207842432893	
18747.739999999998	0.03200000000288128	Ripples						0.03200000000288128	18747.761599999998	5.460660283881069	151.49060316561258	607.4642997304916	
18747.9744	0.03280000000086147	Ripples						0.03280000000086147	18747.9896	11.348658281798519	155.25206565244525	1117.5782950134378	
18749.6472	0.0272000000004482	Ripples						0.0272000000004482	18749.666400000002	5.94091359573285	155.89169738072923	683.4434142146549	
18752.08	0.0319999999992433	Ripples						0.0319999999992433	18752.0976	10.321964974494866	161.39482956049352	1172.5819476918768	
18752.212	0.051200000001699664	Ripples						0.051200000001699664	18752.245600000002	11.457584584089602	148.7449234544004	1094.9502433311663	
18752.3512	0.058399999998073326	Ripples						0.058399999998073326	18752.3888	18.8197599856678	153.02954649948288	1584.1402574491433	
18752.5216	0.03440000000045984	Ripples						0.03440000000045984	18752.5456	10.596606332828493	152.38358111341884	1050.764870536225	
18752.673600000002	0.03359999999884167	Ripples						0.03359999999884167	18752.689599999998	14.980263521177207	163.31101963684134	1307.126093923313	
18755.252800000002	0.0319999999992433	Ripples						0.0319999999992433	18755.2704	16.10469159236969	155.3087026453225	1157.9693496047842	
18759.9152	0.028000000002066372	Ripples						0.028000000002066372	18759.9296	9.918250564114809	158.09706029369144	1020.6637332632453	
18762.8312	0.023199999999633292	Ripples						0.023199999999633292	18762.8472	6.516582297785572	163.0142769716115	884.9892816295845	
18764.924	0.04400000000168802	Ripples						0.04400000000168802	18764.9568	8.772275101964322	152.0152437700293	881.4048693194804	
18768.7704	0.04559999999764841	Ripples						0.04559999999764841	18768.7808	7.019837745653911	155.48940992384289	768.2651348827998	
18768.9808	0.020000000000436557	Ripples						0.020000000000436557	18768.9896	7.003340805241383	159.71622126797433	865.8965090031357	
18775.1264	0.04559999999764841	Ripples						0.04559999999764841	18775.1504	5.329872971507421	162.44101094250192	658.4723153378108	
18777.2504	0.02079999999841675	Ripples						0.02079999999841675	18777.2648	6.663009704628504	156.82026255874788	840.88963415725	
18778.5032	0.022400000001653098	Ripples						0.022400000001653098	18778.5184	6.561471048619615	157.28299045781267	871.4685081685162	
18779.0064	0.026400000002468005	Ripples						0.026400000002468005	18779.0248	7.704469837994477	156.35387981016711	811.8270576132219	
18779.281600000002	0.04959999999846332	Ripples						0.04959999999846332	18779.3024	14.537529789536787	148.69940260147553	1194.6154999735227	
18779.3936	0.024800000002869638	Ripples						0.024800000002869638	18779.4048	17.61906402773376	166.4504224217587	1426.4039290604542	
18794.0888	0.031199999997625127	Ripples						0.031199999997625127	18794.1056	19.184107827644848	156.8564304692442	1520.8317438395322	
18794.2144	0.02239999999801512	Ripples						0.02239999999801512	18794.225599999998	10.336659074121206	156.74825727079048	995.7192934074498	
18794.4512	0.037599999999656575	Ripples						0.037599999999656575	18794.4688	14.696575421869204	159.2835714688474	1395.532014905617	
18795.064	0.02320000000327127	Ripples						0.02320000000327127	18795.0744	19.67186192089299	162.39781942208467	1350.3168899767331	
18795.284	0.04320000000006985	Ripples						0.04320000000006985	18795.3096	11.297759304830302	158.45067674856895	1241.9901898769187	
18800.5368	0.027999999998428393	Ripples						0.027999999998428393	18800.5448	8.604020619244954	163.68108827036914	998.2474882502501	
18800.768	0.046399999999266583	Ripples						0.046399999999266583	18800.797599999998	15.336890034896113	148.65167053985752	1133.7378927173606	
18800.8936	0.028800000000046566	Ripples						0.028800000000046566	18800.9056	7.202493541606164	154.5686639477864	1010.1655673588402	
18813.131999999998	0.026400000002468005	Ripples						0.026400000002468005	18813.144	8.746679774257133	157.21028593868206	859.2917923332619	
18816.1632	0.0496000000021013	Ripples						0.0496000000021013	18816.1848	6.9296226245164565	144.94517196989273	836.6655329600035	
18816.832000000002	0.025599999997211853	Ripples						0.025599999997211853	18816.846400000002	7.296087753526425	156.68377031434096	994.589298454902	
18820.076	0.046399999999266583	Ripples						0.046399999999266583	18820.0976	13.517607691069008	155.70060512250333	1273.5696061077297	
18821.3952	0.028800000000046566	Ripples						0.028800000000046566	18821.4088	20.517258617324714	157.94489737733213	1586.9859349339606	
18821.8008	0.032799999997223495	Ripples						0.032799999997223495	18821.8096	8.199651416229301	157.4987317340142	964.8434039667391	
18822.3288	0.028000000002066372	Ripples						0.028000000002066372	18822.3424	8.688370452868805	155.50507131801274	1010.0106204942657	
18822.5048	0.0632000000005064	Ripples						0.0632000000005064	18822.5192	13.660482395159423	154.9858050006041	1029.5269767848692	
18823.232	0.028800000000046566	Ripples						0.028800000000046566	18823.2408	7.420531785358574	156.51409949151522	945.238374639478	
18823.4344	0.04640000000290456	Ripples						0.04640000000290456	18823.4672	10.505010001478938	160.8819706180582	1169.6482024438774	
18823.5656	0.03919999999925494	Ripples						0.03919999999925494	18823.5856	14.072216746281251	155.7099384559352	1403.45654191929	
18824.376	0.03280000000086147	Ripples						0.03280000000086147	18824.388	11.191737052340125	154.0636131043906	979.77026894644	
18824.7368	0.02960000000166474	Ripples						0.02960000000166474	18824.7584	10.71680337915561	152.45343936093153	990.3734482128189	
18842.9928	0.04560000000128639	Ripples						0.04560000000128639	18843.024	19.03124875821927	156.87888167936137	1422.4010199501681	
18846.411200000002	0.02079999999841675	Ripples						0.02079999999841675	18846.4248	14.28798071113452	164.74771355032723	1138.2019489132174	
18846.9576	0.02479999999923166	Ripples						0.02479999999923166	18846.968	14.292033105206318	158.58495265582792	1202.7750918575732	
18848.0976	0.047200000000884756	Ripples						0.047200000000884756	18848.128	16.520304302677427	153.73577736488713	1471.1200400812972	
18848.2264	0.05199999999967986	Ripples						0.05199999999967986	18848.268	8.930005200943262	152.7356471043224	963.1567897721186	
18851.1352	0.0319999999992433	Ripples						0.0319999999992433	18851.1496	22.13414512529843	160.81729578448488	1614.3651952954979	
18851.2376	0.053599999999278225	Ripples						0.053599999999278225	18851.2592	14.295530547632586	159.31638617828898	1370.9162284202368	
18851.4392	0.03600000000005821	Ripples						0.03600000000005821	18851.4512	18.32014169683543	155.05144255396095	1403.5594068118116	
18853.5304	0.02960000000166474	Ripples						0.02960000000166474	18853.5384	7.452435450679608	154.57107555735593	901.6677142329933	
18854.6816	0.03600000000005821	Ripples						0.03600000000005821	18854.6928	6.1954129120174795	152.11275143759448	629.9033026743497	
18856.452	0.046399999999266583	Ripples						0.046399999999266583	18856.488	11.71629831609022	156.75443638814676	1247.304964567438	
18856.5816	0.046399999999266583	Ripples						0.046399999999266583	18856.6136	18.840811854871994	150.76812761186432	1502.81148887295	
18861.175199999998	0.028000000002066372	Ripples						0.028000000002066372	18861.1864	5.503820370722013	153.37928462568416	748.1844682621745	
18874.0888	0.027999999998428393	Ripples						0.027999999998428393	18874.1056	23.90177210780804	160.49350953746475	1602.2512870239461	
18874.8376	0.033600000002479646	Ripples						0.033600000002479646	18874.8512	9.189227386959116	163.2451905039265	1126.0401995534369	
18874.9632	0.0272000000004482	Ripples						0.0272000000004482	18874.9768	18.57043752615078	160.4505807327702	1446.8717184631112	
18877.2896	0.025600000000849832	Ripples						0.025600000000849832	18877.297599999998	6.9428686744360535	156.41929613942466	806.0321523631827	
18877.3664	0.0496000000021013	Ripples						0.0496000000021013	18877.3744	5.310103509942549	156.56448251226357	674.1144681894804	
18882.846400000002	0.07759999999689171	Ripples						0.07759999999689171	18882.8768	12.69904865288808	153.89536411170965	1204.32371597902	
18882.9752	0.02959999999802676	Ripples						0.02959999999802676	18882.9856	12.951444419005734	166.30697694626684	1228.7406566158534	
18886.8488	0.025600000000849832	Ripples						0.025600000000849832	18886.8672	5.121249651936788	151.56577307851106	654.0449682979166	
18891.0	29.0	SleepStates											Awake
18916.703999999998	0.053600000002916204	Ripples						0.053600000002916204	18916.7392	15.778998971423958	158.74140666559876	1211.44272175188	
18917.5784	0.028800000000046566	Ripples						0.028800000000046566	18917.5968	9.959609637298898	155.24817845755226	948.0180736928866	
18917.7336	0.02079999999841675	Ripples						0.02079999999841675	18917.748	7.735718902634812	160.81745364749528	799.8533134216184	
18921.0	77.0	SleepStates											Non-REM
18929.110399999998	0.025600000000849832	Ripples						0.025600000000849832	18929.124799999998	6.37983243957157	153.37680852812875	787.9937797791805	
18933.875200000002	0.025599999997211853	Ripples						0.025599999997211853	18933.8936	7.338971523135401	152.9898815750692	759.5166448591631	
18933.9648	0.0591999999996915	Ripples						0.0591999999996915	18934.0	20.774551357477367	153.81605174840675	1653.0028556978698	
18939.0912	0.021600000000034925	Ripples						0.021600000000034925	18939.1016	7.31695438657793	160.80672700093155	933.075955601125	
18939.4384	0.08799999999973807	Ripples						0.08799999999973807	18939.4496	8.05678656014524	154.50648856368625	926.0826941023772	
18941.355199999998	0.027200000004086178	Ripples						0.027200000004086178	18941.3688	5.274599369713791	159.4783437618149	868.7020269219867	
18943.8456	0.07679999999891152	Ripples						0.07679999999891152	18943.8928	13.495242941068781	155.4897682346761	1312.4545572944944	
18943.9968	0.04799999999886495	Ripples						0.04799999999886495	18944.0224	32.78187376153896	161.73187856782732	2222.456950886781	
18944.324800000002	0.028800000000046566	Ripples						0.028800000000046566	18944.336	17.7924745301809	159.65666499432476	1394.9793791082343	
18945.0168	0.027999999998428393	Ripples						0.027999999998428393	18945.0312	5.98951411563981	150.72258301403903	786.7956687447432	
18946.2504	0.06799999999930151	Ripples						0.06799999999930151	18946.2952	7.591616528463777	171.92440398578987	810.2158002858542	
18949.428	0.07600000000093132	Ripples						0.07600000000093132	18949.4392	12.133617695570624	154.785426475978	1090.4450922938743	
18949.6992	0.025600000000849832	Ripples						0.025600000000849832	18949.711199999998	10.871245774486432	155.50822368199238	1006.3720621861393	
18949.9664	0.03359999999884167	Ripples						0.03359999999884167	18949.9816	12.865523530791876	155.8001490555545	957.876735127337	
18950.4848	0.04800000000250293	Ripples						0.04800000000250293	18950.5048	12.562066660485518	154.09874455561467	1353.7524200777912	
18968.4576	0.0319999999992433	Ripples						0.0319999999992433	18968.468	5.724179016971142	172.4252263658514	594.4441620177706	
18968.5784	0.056000000000494765	Ripples						0.056000000000494765	18968.62	19.068905491840763	155.44635251564503	1519.867026622979	
18979.4784	0.023199999999633292	Ripples						0.023199999999633292	18979.4904	11.574920467290024	158.38772575394606	1010.5649302926835	
18979.8136	0.05279999999766005	Ripples						0.05279999999766005	18979.852	14.161203769932108	153.76952291895455	1095.0330526211517	
18981.216	0.025600000000849832	Ripples						0.025600000000849832	18981.2272	6.992966774965594	156.36379084915652	764.8162075128253	
18986.1512	0.037599999999656575	Ripples						0.037599999999656575	18986.180800000002	7.145843458637661	154.87387098150003	884.3591038507154	
18990.18	0.022400000001653098	Ripples						0.022400000001653098	18990.1912	5.349677684138403	152.69086069383334	643.1076064951478	
18999.0	12.0	SleepStates											Awake
19012.0	57.0	SleepStates											Non-REM
19014.7584	0.048800000000483124	Ripples						0.048800000000483124	19014.7784	15.947745277798091	169.91449892690167	1445.7607988321447	
19015.725599999998	0.044800000003306195	Ripples						0.044800000003306195	19015.7424	15.277193537843665	171.5271102208305	1303.5747826393385	
19015.8808	0.06799999999930151	Ripples						0.06799999999930151	19015.8984	24.62284889453173	156.2996592527513	1725.403163561691	
19016.1016	0.021600000000034925	Ripples						0.021600000000034925	19016.1096	5.904689430044412	163.51121510839096	847.4450663225867	
19016.7912	0.023199999999633292	Ripples						0.023199999999633292	19016.804	5.226327539880978	154.22485513076984	571.9401800613281	
19016.864	0.02239999999801512	Ripples						0.02239999999801512	19016.872	6.675808112157738	153.3912941511909	651.9900516075595	
19018.369599999998	0.06240000000252621	Ripples						0.06240000000252621	19018.3952	20.294359319015605	149.95108327370318	1407.051102472797	
19018.6064	0.02959999999802676	Ripples						0.02959999999802676	19018.6288	8.866798904386519	170.52999448943953	933.7407812864936	
19018.8224	0.06079999999928987	Ripples						0.06079999999928987	19018.869599999998	6.860035861581173	144.73839532126544	836.7884582283082	
19025.024	0.06559999999808497	Ripples						0.06559999999808497	19025.0416	18.12881758861351	156.8182396632011	1627.6649976459007	
19025.2008	0.047200000000884756	Ripples						0.047200000000884756	19025.2376	14.076609577512862	151.76524002238938	1198.427264494868	
19027.9264	0.023199999999633292	Ripples						0.023199999999633292	19027.9368	8.173687382112632	164.95253250675333	978.7972880108825	
19029.117599999998	0.04560000000128639	Ripples						0.04560000000128639	19029.128	8.799738708387371	164.44238830153736	1010.7453953325937	
19029.3616	0.042400000002089655	Ripples						0.042400000002089655	19029.3864	10.82717923617885	151.75952482636382	1055.2039656413106	
19033.0752	0.08000000000174623	Ripples						0.08000000000174623	19033.0992	11.579235243708286	148.41613277626763	1228.0663966651482	
19033.347999999998	0.04640000000290456	Ripples						0.04640000000290456	19033.3592	7.657700866777946	151.19434446347339	874.6155147539129	
19033.9368	0.04799999999886495	Ripples						0.04799999999886495	19033.9584	14.678662565474625	150.78844068061954	1308.0468358472754	
19034.1312	0.021600000000034925	Ripples						0.021600000000034925	19034.1424	9.213912150565353	163.43110712809076	1105.189012509794	
19034.272	0.0319999999992433	Ripples						0.0319999999992433	19034.2848	15.645201175189792	163.1926315446939	1406.0807842670445	
19036.3072	0.04079999999885331	Ripples						0.04079999999885331	19036.3352	14.324649893550305	165.5112847491246	1302.268860623508	
19036.428	0.042399999998451676	Ripples						0.042399999998451676	19036.4456	16.089887032159897	152.95562539214674	1227.6770714675026	
19038.4344	0.025600000000849832	Ripples						0.025600000000849832	19038.4496	9.013734317737075	157.95843955691421	1087.6023642369953	
19039.468	0.0319999999992433	Ripples						0.0319999999992433	19039.4864	10.594628720485119	154.80500175704003	957.2960728765606	
19041.5896	0.03919999999925494	Ripples						0.03919999999925494	19041.6016	5.7967701116521	156.89499888197878	573.9761789789087	
19041.667999999998	0.025600000000849832	Ripples						0.025600000000849832	19041.6856	6.85164507088608	154.23167607547592	735.3244982086812	
19053.9608	0.023999999997613486	Ripples						0.023999999997613486	19053.9744	5.191341994191672	161.220842047268	863.9458317417013	
19054.032	0.022400000001653098	Ripples						0.022400000001653098	19054.0472	10.051388098820516	164.4321978546859	1036.6337558849132	
19056.128	0.035199999998440035	Ripples						0.035199999998440035	19056.1456	15.01337561083519	160.23709766512732	1489.470656071717	
19057.0544	0.031199999997625127	Ripples						0.031199999997625127	19057.0688	7.508459618110184	157.33805256030396	937.0432091843485	
19058.9704	0.03280000000086147	Ripples						0.03280000000086147	19058.9896	12.476333931284199	157.6616787192755	1168.158519744825	
19059.0616	0.042399999998451676	Ripples						0.042399999998451676	19059.0872	6.982669477765796	162.0653864956533	931.1315358495868	
19063.8856	0.048799999996845145	Ripples						0.048799999996845145	19063.9088	8.582596610837369	154.28518478553025	592.4402587325509	
19066.209600000002	0.02719999999681022	Ripples						0.02719999999681022	19066.2296	5.25594496488808	156.8901511887521	579.0104996889081	
19066.3784	0.028800000000046566	Ripples						0.028800000000046566	19066.4	5.456564618197942	150.79341695273342	683.9552601344482	
19070.0	21.0	SleepStates											REM
19092.0	20.0	SleepStates											Awake
19107.9472	0.02080000000205473	Ripples						0.02080000000205473	19107.9584	8.25218830353478	161.10845371730852	911.7040040980065	
19112.212	0.03680000000167638	Ripples						0.03680000000167638	19112.2288	8.128245699746678	160.23246750629892	974.1930293438492	
19113.0	54.0	SleepStates											Non-REM
19124.6712	0.031200000001263106	Ripples						0.031200000001263106	19124.6904	11.41265199134428	170.8062332447101	1169.9440764022136	
19124.8136	0.03280000000086147	Ripples						0.03280000000086147	19124.8288	32.531395595838724	158.35704771004075	1955.4272292525386	
19125.6848	0.026399999998830026	Ripples						0.026399999998830026	19125.6984	7.342169985529659	164.8245431620351	971.2802816257963	
19126.6328	0.05040000000008149	Ripples						0.05040000000008149	19126.648	11.679508918599764	152.33927270904877	1135.046907338561	
19127.790399999998	0.024800000002869638	Ripples						0.024800000002869638	19127.804	11.72506010785533	165.2257619410293	1202.3662140825747	
19128.4864	0.0415999999968335	Ripples						0.0415999999968335	19128.5104	18.42280775809	153.24170478087183	1493.6020372323621	
19134.8448	0.037600000003294554	Ripples						0.037600000003294554	19134.8584	9.732151028101775	157.11704932256978	1168.8943866001412	
19136.346400000002	0.039999999997235136	Ripples						0.039999999997235136	19136.369599999998	27.061802709928944	160.78861988092945	1906.6363486660111	
19136.5168	0.035199999998440035	Ripples						0.035199999998440035	19136.5272	12.387962768822936	161.62891472758247	1199.2007656789037	
19136.6544	0.03280000000086147	Ripples						0.03280000000086147	19136.6688	9.860531293875548	153.98478358220513	892.7233343245437	
19136.976	0.028000000002066372	Ripples						0.028000000002066372	19136.9904	17.106706233552845	162.01425160218318	1473.815998522443	
19137.104	0.031200000001263106	Ripples						0.031200000001263106	19137.1272	5.532402144387242	148.57911090200759	679.4639078821641	
19138.3704	0.02960000000166474	Ripples						0.02960000000166474	19138.389600000002	7.7719741433512715	151.2086807505162	768.1585374459573	
19138.4816	0.056000000000494765	Ripples						0.056000000000494765	19138.496	18.739194913676926	157.41449309069304	1481.169670855729	
19142.0336	0.0272000000004482	Ripples						0.0272000000004482	19142.0472	11.199829567639572	164.68634189541515	1256.3331449042419	
19142.2144	0.028800000000046566	Ripples						0.028800000000046566	19142.2296	10.439455490916552	158.75345177239527	1177.6088225069823	
19142.8616	0.06000000000130967	Ripples						0.06000000000130967	19142.88	11.504592742301188	152.06002424790688	1200.374299980942	
19143.0232	0.030399999999644933	Ripples						0.030399999999644933	19143.0376	16.553810296890852	158.820572318113	1407.0556072570366	
19143.732799999998	0.030400000003282912	Ripples						0.030400000003282912	19143.7496	15.751677957968928	158.67276905357102	1384.4120811941743	
19149.1576	0.024000000001251465	Ripples						0.024000000001251465	19149.1744	9.356358718032292	166.12769857659114	1046.8517999504238	
19155.2032	0.02959999999802676	Ripples						0.02959999999802676	19155.216800000002	18.883620056220558	162.72492071099185	1539.9508189586195	
19155.288	0.046399999999266583	Ripples						0.046399999999266583	19155.324800000002	16.866466712102866	158.1128688219062	1302.48917951104	
19155.3568	0.02959999999802676	Ripples						0.02959999999802676	19155.3648	8.150567224479703	155.70861703202445	883.4116269023328	
19155.4616	0.024800000002869638	Ripples						0.024800000002869638	19155.4728	15.158437033004363	161.15700245907175	1311.3089458162278	
19155.5848	0.0591999999996915	Ripples						0.0591999999996915	19155.6328	12.197254666928668	149.6206814303852	1103.5554069219272	
19155.8144	0.031200000001263106	Ripples						0.031200000001263106	19155.8288	16.13559949897568	159.89364980516547	1443.0895621254235	
19168.0	19.0	SleepStates											REM
19188.0	21.0	SleepStates											Awake
19210.0	375.0	SleepStates											Non-REM
19211.2192	0.020000000000436557	Ripples						0.020000000000436557	19211.232799999998	7.343748227695093	161.41230745863564	869.2956461637655	
19215.68	0.021600000000034925	Ripples						0.021600000000034925	19215.6944	6.131900019767116	153.87957673196024	783.6057341236034	
19219.4096	0.04800000000250293	Ripples						0.04800000000250293	19219.424	14.353683686446756	155.41829545136505	1159.987817661553	
19219.5664	0.053599999999278225	Ripples						0.053599999999278225	19219.5856	17.187376608346256	158.47994257085918	1633.7254592571956	
19219.853600000002	0.021600000000034925	Ripples						0.021600000000034925	19219.862399999998	7.300185131352769	163.4637687764527	899.5975764436756	
19221.4712	0.04400000000168802	Ripples						0.04400000000168802	19221.504	11.1628369538174	152.80244788028187	1033.9970190726497	
19229.3688	0.05280000000129803	Ripples						0.05280000000129803	19229.382400000002	11.238896791634634	155.93459876470408	1226.4596052944298	
19237.236	0.03840000000127475	Ripples						0.03840000000127475	19237.254399999998	20.48388320498813	154.97930349766133	1475.108633055655	
19248.6008	0.05679999999847496	Ripples						0.05679999999847496	19248.6152	26.566002496799772	159.17167451003388	1878.6559224320374	
19253.3904	0.04320000000006985	Ripples						0.04320000000006985	19253.412	16.57276888844065	164.7216471400387	1431.4338266537713	
19254.6904	0.03840000000127475	Ripples						0.03840000000127475	19254.7208	14.505702239684014	154.26720402591533	1151.3583806777888	
19254.9048	0.053599999999278225	Ripples						0.053599999999278225	19254.9424	9.019280634447954	154.24581857447345	1069.7193138583016	
19255.7536	0.037599999999656575	Ripples						0.037599999999656575	19255.7792	10.03220134406457	161.32800102007428	1147.0137078430955	
19256.1408	0.02239999999801512	Ripples						0.02239999999801512	19256.1496	10.604209495532713	160.6475015504871	1054.3794198846529	
19260.7728	0.04320000000006985	Ripples						0.04320000000006985	19260.790399999998	24.41753535947961	160.9361040904561	1824.3247781079556	
19260.9784	0.028800000000046566	Ripples						0.028800000000046566	19260.996	23.75870606392071	159.379722907175	1522.5119244218538	
19268.1528	0.023199999999633292	Ripples						0.023199999999633292	19268.1648	7.821154102445169	153.74572656837995	829.4368427708229	
19268.646399999998	0.024000000001251465	Ripples						0.024000000001251465	19268.66	6.608306386967875	161.82132061937028	1004.3269982283025	
19268.6984	0.02239999999801512	Ripples						0.02239999999801512	19268.709600000002	6.640525956628783	156.47798788678753	923.4789312047749	
19268.7952	0.025600000000849832	Ripples						0.025600000000849832	19268.8064	8.05661030540464	155.6676136642943	821.325232106633	
19268.9704	0.022400000001653098	Ripples						0.022400000001653098	19268.9784	10.067789001850688	161.7718740127208	990.7934094680616	
19270.6888	0.05760000000009313	Ripples						0.05760000000009313	19270.7032	9.73628265817092	150.11956384256055	1111.0015927335292	
19271.032	0.04080000000249129	Ripples						0.04080000000249129	19271.044	14.30459033857456	154.40750490166644	1083.3472656206948	
19271.3256	0.03359999999884167	Ripples						0.03359999999884167	19271.34	20.454161595366276	161.47356015841237	1655.5494625974845	
19271.4192	0.031200000001263106	Ripples						0.031200000001263106	19271.4368	7.10132080403962	157.1153484443634	909.2775675101208	
19272.1584	0.05279999999766005	Ripples						0.05279999999766005	19272.2008	9.12786997451462	159.93150525331018	1096.7176672466283	
19276.9864	0.10080000000016298	Ripples						0.10080000000016298	19277.0384	10.997662947665157	149.3504309129166	1177.6459247255066	
19294.116	0.02719999999681022	Ripples						0.02719999999681022	19294.1296	12.762933251529844	161.56711433925705	1305.203543297722	
19297.3	0.025600000000849832	Ripples						0.025600000000849832	19297.3112	11.516703288507696	154.71801984004583	1039.2377987015427	
19302.5376	0.05040000000008149	Ripples						0.05040000000008149	19302.5736	11.081984884872448	155.89683409872197	1154.939553845242	
19305.274400000002	0.032799999997223495	Ripples						0.032799999997223495	19305.2824	5.878731550377047	153.96629808192685	812.6478548567453	
19306.0248	0.02080000000205473	Ripples						0.02080000000205473	19306.0384	10.694174212962153	163.4644617374505	956.6725327301853	
19306.1224	0.04559999999764841	Ripples						0.04559999999764841	19306.144800000002	16.71776185349546	152.4432489239519	1448.6958721960395	
19306.328	0.023999999997613486	Ripples						0.023999999997613486	19306.3424	9.451936090570621	159.56070254132462	1087.817280223587	
19306.9056	0.03440000000045984	Ripples						0.03440000000045984	19306.9264	13.400600298461898	155.5587778870525	1310.7172603080185	
19312.4168	0.028000000002066372	Ripples						0.028000000002066372	19312.4344	7.809704704639837	160.7881236969992	922.9394452518361	
19313.6888	0.04160000000047148	Ripples						0.04160000000047148	19313.712	6.769596770921168	142.74450633593352	607.9540554061226	
19313.8056	0.022400000001653098	Ripples						0.022400000001653098	19313.817600000002	11.930459035329829	162.79488085914613	1135.1381911620472	
19313.916	0.051199999998061685	Ripples						0.051199999998061685	19313.9432	21.036881224720275	151.75949629398826	1530.6092609548803	
19314.0464	0.020000000000436557	Ripples						0.020000000000436557	19314.0568	6.4658456278457415	160.4464263649287	791.7904160326316	
19314.9664	0.039999999997235136	Ripples						0.039999999997235136	19314.9936	6.118789882704096	161.6572815800194	861.0883616237722	
19315.092	0.04560000000128639	Ripples						0.04560000000128639	19315.1176	17.465961149322077	161.09501197189283	1597.5920784475934	
19315.2776	0.030399999999644933	Ripples						0.030399999999644933	19315.2912	14.62812079095928	164.50494870894343	1381.3342086465	
19315.5816	0.02479999999923166	Ripples						0.02479999999923166	19315.5992	13.549019785911723	161.30912017266482	1165.3220388012528	
19316.1992	0.021600000000034925	Ripples						0.021600000000034925	19316.2072	9.883177451155758	162.32410066041857	1003.678578202307	
19317.7008	0.04320000000006985	Ripples						0.04320000000006985	19317.711199999998	6.191299887729312	159.9871209776531	857.0363323152894	
19318.7144	0.04320000000006985	Ripples						0.04320000000006985	19318.7432	12.066580544407536	151.56941900802363	1212.1950964204536	
19323.1312	0.04079999999885331	Ripples						0.04079999999885331	19323.1624	7.659320816341715	161.56844501805443	833.0564817144547	
19332.3488	0.05520000000251457	Ripples						0.05520000000251457	19332.38	10.586989548915195	149.66250889760528	1078.0344377135914	
19332.5048	0.037599999999656575	Ripples						0.037599999999656575	19332.5344	13.98473957543017	155.33708690540448	1092.968774177803	
19346.36	0.028800000000046566	Ripples						0.028800000000046566	19346.376	7.902707876253024	171.3039340326686	1035.2966986608585	
19352.1696	0.0319999999992433	Ripples						0.0319999999992433	19352.184	8.374312197642679	163.15025191448032	1051.4733698182438	
19352.9648	0.030399999999644933	Ripples						0.030399999999644933	19352.988	5.767935578577895	154.42797360923217	672.0567757770071	
19355.346400000002	0.021600000000034925	Ripples						0.021600000000034925	19355.3544	8.66256670734233	156.74255987818816	870.4910084662599	
19355.9576	0.0367999999980384	Ripples						0.0367999999980384	19355.9672	8.38182067247175	168.25247732877614	1001.3825752917437	
19356.0352	0.03280000000086147	Ripples						0.03280000000086147	19356.0464	11.382209642592704	154.73597393236344	1150.4363001461716	
19358.2896	0.05519999999887659	Ripples						0.05519999999887659	19358.3152	12.356827318484875	156.12017150479917	1007.0346744669833	
19367.3504	0.024800000002869638	Ripples						0.024800000002869638	19367.364	9.741763867028979	157.0772736225932	1056.0842652608878	
19367.428	0.031200000001263106	Ripples						0.031200000001263106	19367.452	11.307399986995174	153.90031148088667	1018.7950391336649	
19367.5672	0.023999999997613486	Ripples						0.023999999997613486	19367.5784	14.008775065275291	166.42416961297724	1275.4440846925795	
19370.1928	0.03600000000005821	Ripples						0.03600000000005821	19370.218399999998	16.07244022915205	155.1676602678075	1165.0450657414037	
19370.3064	0.04959999999846332	Ripples						0.04959999999846332	19370.3312	13.446141645429824	152.4493854449012	1297.9905120008416	
19374.7648	0.027999999998428393	Ripples						0.027999999998428393	19374.7736	5.887461018796775	161.54209254603967	856.8050917658107	
19392.556	0.03359999999884167	Ripples						0.03359999999884167	19392.576	9.38578241399298	156.26805851697426	1069.964084947493	
19392.8064	0.046399999999266583	Ripples						0.046399999999266583	19392.8448	16.39547521010602	153.62590736817546	1207.4885047102196	
19393.6712	0.02479999999923166	Ripples						0.02479999999923166	19393.6824	7.06853621762154	160.39194456779626	953.0239465382396	
19395.208	0.02080000000205473	Ripples						0.02080000000205473	19395.2152	5.327093987070685	165.40857176762466	792.7153605622752	
19396.92	0.07840000000214786	Ripples						0.07840000000214786	19396.9816	16.65207773766492	164.87423879279586	1284.0974002788569	
19397.0872	0.02079999999841675	Ripples						0.02079999999841675	19397.0952	6.879268903210184	160.36270689439934	905.7900923531553	
19397.1416	0.024000000001251465	Ripples						0.024000000001251465	19397.1552	10.519537601657785	163.32747516446753	1072.8439131284952	
19397.6176	0.035199999998440035	Ripples						0.035199999998440035	19397.636	14.58370935557221	156.45564599913536	1222.7518218770147	
19402.8288	0.04400000000168802	Ripples						0.04400000000168802	19402.8584	8.637495134008596	160.52136390497543	950.2856369396551	
19402.9232	0.05519999999887659	Ripples						0.05519999999887659	19402.9448	8.331523331254015	147.11654810182708	806.038630074364	
19403.3024	0.026399999998830026	Ripples						0.026399999998830026	19403.3144	8.126478061693296	157.53986700990498	1013.1946510036119	
19405.7656	0.06560000000172295	Ripples						0.06560000000172295	19405.7808	12.01926486226904	149.42880062107747	1007.0907617379291	
19405.9448	0.028800000000046566	Ripples						0.028800000000046566	19405.956	11.304351791797044	156.4282496428526	1086.1046621296875	
19406.6904	0.06000000000130967	Ripples						0.06000000000130967	19406.7232	11.23269650534182	143.71350384856717	886.596550782865	
19406.855199999998	0.037600000003294554	Ripples						0.037600000003294554	19406.8672	11.819510325683671	156.24897348129417	1215.8404674836404	
19406.972	0.032799999997223495	Ripples						0.032799999997223495	19406.9856	19.618095421439513	165.45008465634623	1575.3862148666412	
19411.5408	0.06880000000091968	Ripples						0.06880000000091968	19411.5584	9.418926276880194	151.08938699846257	953.2688927724704	
19413.1272	0.033600000002479646	Ripples						0.033600000002479646	19413.1568	6.183664998753288	159.61985971505482	718.4872469555629	
19413.4296	0.028000000002066372	Ripples						0.028000000002066372	19413.444	7.299827996697447	153.96902765881424	852.0893147056303	
19423.4712	0.0639999999984866	Ripples						0.0639999999984866	19423.5112	10.457369708809175	149.6341005447202	1191.521076205922	
19424.8688	0.026399999998830026	Ripples						0.026399999998830026	19424.8824	5.276721237022985	161.61757183932468	867.0349418148004	
19427.376	0.07679999999891152	Ripples						0.07679999999891152	19427.3928	12.468605574884345	155.80175988023103	1279.0736503229195	
19429.9512	0.02479999999923166	Ripples						0.02479999999923166	19429.9624	8.172905812644393	161.81956415997496	1008.5050202268633	
19430.052	0.026399999998830026	Ripples						0.026399999998830026	19430.068	6.045700796159484	153.86501067286972	683.6166886763896	
19435.7656	0.044799999999668216	Ripples						0.044799999999668216	19435.7864	18.274318297093707	157.70272877974088	1559.5434279533804	
19435.9008	0.024000000001251465	Ripples						0.024000000001251465	19435.9144	15.978484068775414	161.72689266743598	1349.2343507292435	
19440.6328	0.028000000002066372	Ripples						0.028000000002066372	19440.6496	11.927686844585105	162.20900204265536	1217.0728123796694	
19443.9784	0.024000000001251465	Ripples						0.024000000001251465	19443.9928	8.068039334806503	160.39754153336543	952.2521874245914	
19453.4168	0.056000000000494765	Ripples						0.056000000000494765	19453.4528	16.356800295797086	151.44477324106973	1493.0559853871644	
19467.0504	0.048800000000483124	Ripples						0.048800000000483124	19467.0784	22.421390074216472	162.5277964478225	1752.9105563571839	
19467.2304	0.04400000000168802	Ripples						0.04400000000168802	19467.2576	28.82273908794159	153.0539190468437	1692.7203732789042	
19478.7432	0.026399999998830026	Ripples						0.026399999998830026	19478.7584	5.251338817978072	149.09915688334027	493.20527285795885	
19482.1632	0.02960000000166474	Ripples						0.02960000000166474	19482.1816	15.290479671209333	154.54173672191553	1139.8213925445295	
19482.3016	0.07440000000133296	Ripples						0.07440000000133296	19482.326399999998	24.042694461291685	150.07142496880417	1643.4960077598826	
19483.267200000002	0.09519999999611173	Ripples						0.09519999999611173	19483.304	8.001933259818891	160.06169758266407	894.0303160394952	
19495.232	0.07119999999849824	Ripples						0.07119999999849824	19495.2792	11.459227783465352	150.87310508528367	1257.3630364969035	
19495.4288	0.05040000000008149	Ripples						0.05040000000008149	19495.4728	5.328878704116954	153.83646040211087	829.5239044463187	
19506.184	0.023199999999633292	Ripples						0.023199999999633292	19506.1976	10.130127453699714	163.2415649242227	1106.2592471024063	
19508.6824	0.032799999997223495	Ripples						0.032799999997223495	19508.7008	9.147838734136679	149.48636361175312	976.9311271238433	
19510.0184	0.053599999999278225	Ripples						0.053599999999278225	19510.0592	9.642040876231158	162.32204256098495	968.6041003852098	
19510.1752	0.04399999999805004	Ripples						0.04399999999805004	19510.2112	5.673703572366296	151.25121304701455	791.5752578056536	
19511.7264	0.0319999999992433	Ripples						0.0319999999992433	19511.7416	6.904995577342864	154.40876259052075	927.5130657989913	
19511.9056	0.06240000000252621	Ripples						0.06240000000252621	19511.944	22.619608784727788	151.91008877358186	1769.0101180747436	
19512.888	0.06960000000253785	Ripples						0.06960000000253785	19512.9136	10.641274846660487	151.65737698747262	907.7971399234366	
19516.3752	0.037599999999656575	Ripples						0.037599999999656575	19516.3896	22.26657517693592	160.1965864076135	1696.417941041655	
19516.4648	0.055999999996856786	Ripples						0.055999999996856786	19516.5072	20.365737579420433	157.52365792237038	1718.1578400928222	
19516.732	0.042400000002089655	Ripples						0.042400000002089655	19516.7536	6.938301186405342	148.59143651726367	771.704754283479	
19519.7576	0.0272000000004482	Ripples						0.0272000000004482	19519.774400000002	12.813828457599257	158.87847477186773	1230.5935601693252	
19522.4304	0.08159999999770662	Ripples						0.08159999999770662	19522.4416	8.692364246235874	152.9291106066506	831.774800811237	
19522.8184	0.025600000000849832	Ripples						0.025600000000849832	19522.8328	7.4820903428299115	155.4807865709937	901.5688788628223	
19526.4176	0.03600000000005821	Ripples						0.03600000000005821	19526.4328	7.61372653351769	149.93764857111645	833.1517013196727	
19528.8584	0.039999999997235136	Ripples						0.039999999997235136	19528.8912	13.25688351654168	157.652653330237	1093.815748236084	
19529.9792	0.025599999997211853	Ripples						0.025599999997211853	19529.9912	13.553199583427668	160.02746214954104	1311.057503406387	
19530.4168	0.08079999999972642	Ripples						0.08079999999972642	19530.4608	14.04414962635647	154.99611698590314	1436.4614579543436	
19537.2696	0.04799999999886495	Ripples						0.04799999999886495	19537.296000000002	12.345397200103621	152.79591747263586	1226.9202176249944	
19542.804799999998	0.05200000000331784	Ripples						0.05200000000331784	19542.84	8.01047917803602	157.56144147051083	1110.5445185198964	
19543.8784	0.021600000000034925	Ripples						0.021600000000034925	19543.8864	5.485148910231131	159.04220328469506	727.2328247420222	
19552.8968	0.03280000000086147	Ripples						0.03280000000086147	19552.9136	19.362005299585807	167.0493201605293	1613.8595297813788	
19553.5296	0.032799999997223495	Ripples						0.032799999997223495	19553.5432	12.112348845601646	167.4745872585728	1276.0294041275308	
19553.6368	0.04400000000168802	Ripples						0.04400000000168802	19553.6648	22.07985485631435	160.01705714814378	1718.902533700004	
19557.5904	0.0319999999992433	Ripples						0.0319999999992433	19557.612	10.508163122686533	154.1242491936235	1034.873006542121	
19559.368	0.021600000000034925	Ripples						0.021600000000034925	19559.3824	5.507002331546678	156.10184093647172	756.5851699268022	
19566.052	0.02960000000166474	Ripples						0.02960000000166474	19566.0704	22.094436020170743	159.71169707880483	1416.8317188747258	
19567.1712	0.02239999999801512	Ripples						0.02239999999801512	19567.1816	7.123947348013291	156.07545547754788	870.124765173162	
19569.2616	0.030399999999644933	Ripples						0.030399999999644933	19569.275999999998	11.41444617383249	157.0708840319542	1271.6445362411885	
19569.3824	0.02080000000205473	Ripples						0.02080000000205473	19569.3904	5.873380298710652	163.25803861258652	877.2534744327173	
19569.5056	0.0319999999992433	Ripples						0.0319999999992433	19569.5192	8.812884424979522	155.4823640501702	823.0688509937555	
19572.492	0.06160000000090804	Ripples						0.06160000000090804	19572.4992	5.466643878058271	150.79512967948176	649.992491407841	
19575.7936	0.05679999999847496	Ripples						0.05679999999847496	19575.8256	12.599123305543166	154.4039282445134	1045.275027297169	
19576.6864	0.042400000002089655	Ripples						0.042400000002089655	19576.6968	8.43876263617728	164.30330694280224	1008.9947365978468	
19586.0	20.0	SleepStates											REM
19593.6176	0.03919999999925494	Ripples						0.03919999999925494	19593.6288	6.598983629261271	160.168605676072	884.316075772482	
19607.0	39.0	SleepStates											Awake
19629.3536	0.035200000002078013	Ripples						0.035200000002078013	19629.368	7.438647159837692	152.5426742707613	787.9887384592595	
19629.5664	0.1088000000017928	Ripples						0.1088000000017928	19629.664	16.826537215722315	158.29042705708514	1384.274449228123	
19629.7752	0.03440000000045984	Ripples						0.03440000000045984	19629.788800000002	14.292002144010763	162.67759111374755	1278.5705288237518	
19635.6088	0.03919999999925494	Ripples						0.03919999999925494	19635.637600000002	7.640714373745845	156.91392308680943	960.2207430944409	
19635.8728	0.04559999999764841	Ripples						0.04559999999764841	19635.892	14.061866532722583	160.7161224997452	1444.5784848780393	
19645.8968	0.04640000000290456	Ripples						0.04640000000290456	19645.9296	14.352792215748298	156.76956826203286	1251.8886901570845	
19647.0	80.0	SleepStates											Non-REM
19656.5016	0.03680000000167638	Ripples						0.03680000000167638	19656.5216	21.147402311431513	156.41944289710074	1502.671848616944	
19657.452	0.05040000000008149	Ripples						0.05040000000008149	19657.476	8.362264709050697	150.87188556785242	1025.652910975578	
19657.5632	0.028800000000046566	Ripples						0.028800000000046566	19657.5808	11.903967437557107	158.66617120600384	1163.5038843091786	
19657.797599999998	0.040000000000873115	Ripples						0.040000000000873115	19657.819199999998	14.606709585305403	162.87728669347223	1262.967322433767	
19659.7056	0.04320000000006985	Ripples						0.04320000000006985	19659.72	20.669028254883358	164.5990138932436	1667.3150416076674	
19660.296000000002	0.05039999999644351	Ripples						0.05039999999644351	19660.3104	12.391121798670838	145.8545424387568	991.8609511089121	
19660.4272	0.020000000000436557	Ripples						0.020000000000436557	19660.4368	6.228995527712642	173.67091176051636	794.627582802507	
19660.544	0.044799999999668216	Ripples						0.044799999999668216	19660.5784	17.92014230098644	156.91432625333468	1369.6424980602208	
19660.9472	0.03280000000086147	Ripples						0.03280000000086147	19660.9696	12.966254239169094	154.96177334836318	1183.4394350559899	
19661.0976	0.020000000000436557	Ripples						0.020000000000436557	19661.108	6.663112669426058	161.35213717416985	937.2596989303229	
19662.0952	0.04079999999885331	Ripples						0.04079999999885331	19662.116	21.085727402965084	157.44213697765886	1604.995753169885	
19663.0816	0.027999999998428393	Ripples						0.027999999998428393	19663.0928	15.210126570707736	160.45524795222522	1288.975389238594	
19663.3864	0.022400000001653098	Ripples						0.022400000001653098	19663.3984	6.121012231747286	152.5523663047296	738.7243550347733	
19666.1424	0.044799999999668216	Ripples						0.044799999999668216	19666.1568	7.054640044567721	155.8684520566614	1027.657049972147	
19685.896	0.03440000000045984	Ripples						0.03440000000045984	19685.9208	5.650158081981656	157.48541116057683	771.6151873367297	
19689.4728	0.047200000000884756	Ripples						0.047200000000884756	19689.508	10.064052944914767	157.12004791082578	1215.2594432112064	
19691.1872	0.027999999998428393	Ripples						0.027999999998428393	19691.204	8.872522021739503	155.60518628257003	1009.787435728967	
19693.2416	0.0415999999968335	Ripples						0.0415999999968335	19693.252800000002	6.152691823356136	157.3082760909697	956.6153748610769	
19695.6088	0.0367999999980384	Ripples						0.0367999999980384	19695.6232	6.602296578672879	143.07801717947018	651.5461710632501	
19696.0512	0.0367999999980384	Ripples						0.0367999999980384	19696.0704	13.508055793815927	149.82596097209472	1230.1885611538064	
19696.8312	0.04559999999764841	Ripples						0.04559999999764841	19696.855199999998	27.804555914492845	164.44314794775744	2066.5363244235923	
19696.9664	0.037599999999656575	Ripples						0.037599999999656575	19696.984	36.84310546873488	161.87203863088854	2289.3179938925646	
19699.4744	0.03280000000086147	Ripples						0.03280000000086147	19699.4928	9.410210617135112	152.6232458495504	818.6981915311965	
19705.6384	0.04400000000168802	Ripples						0.04400000000168802	19705.6568	5.4746555680306415	148.50069009216475	585.9029035153255	
19705.7928	0.048800000000483124	Ripples						0.048800000000483124	19705.8072	6.220228896837349	151.2232704879716	757.2258142192985	
19706.1472	0.02960000000166474	Ripples						0.02960000000166474	19706.159200000002	10.989613563018853	154.6135778489644	1016.0500753866024	
19711.0424	0.053600000002916204	Ripples						0.053600000002916204	19711.0528	6.939681906581663	157.8283646847284	983.6997802106006	
19711.7208	0.05199999999967986	Ripples						0.05199999999967986	19711.7416	8.228828811607164	152.4991329321263	1025.8081996505668	
19711.8704	0.035199999998440035	Ripples						0.035199999998440035	19711.8848	11.693258740706181	156.58700301550675	1208.1498855679229	
19724.5	0.09760000000096625	Ripples						0.09760000000096625	19724.5456	8.28463192789643	149.09316638464887	751.1018358481991	
19728.0	107.0	SleepStates											Awake
19750.3168	0.04160000000047148	Ripples						0.04160000000047148	19750.3272	7.739354716974	175.04978174268794	912.5073850361551	
19764.3832	0.02239999999801512	Ripples						0.02239999999801512	19764.3976	10.924973018143959	159.10738245649193	1077.5664940801373	
19764.5064	0.037600000003294554	Ripples						0.037600000003294554	19764.5176	7.213292353205093	149.46686540781943	749.8533464838035	
19785.5184	0.02479999999923166	Ripples						0.02479999999923166	19785.532	6.9276869881554415	156.7811460846003	849.2389719378954	
19785.6512	0.02479999999923166	Ripples						0.02479999999923166	19785.6632	7.032628755401255	154.29565462644817	881.1758923987414	
19812.6928	0.051199999998061685	Ripples						0.051199999998061685	19812.7128	14.285240399322785	160.50125835040356	1534.222904007408	
19813.7464	0.02960000000166474	Ripples						0.02960000000166474	19813.7624	11.362784594995636	163.10058110576514	1180.8595168228899	
19815.8128	0.0639999999984866	Ripples						0.0639999999984866	19815.8344	13.19657062951646	151.11195421861402	1104.4454802734128	
19824.4304	0.04320000000006985	Ripples						0.04320000000006985	19824.4424	12.320231787412503	155.8755627756736	1201.5267720372788	
19827.5488	0.035199999998440035	Ripples						0.035199999998440035	19827.5632	12.097810495280093	154.89281333730585	1088.7244279241402	
19829.4584	0.021600000000034925	Ripples						0.021600000000034925	19829.4664	5.991554990362251	164.88793623180004	798.5183874627043	
19832.2432	0.02479999999923166	Ripples						0.02479999999923166	19832.2512	9.146487207847079	162.45607204799134	1016.6721557716376	
19833.6264	0.023199999999633292	Ripples						0.023199999999633292	19833.6392	12.273972926881491	166.7976796533283	1148.5643344776909	
19836.0	111.0	SleepStates											Non-REM
19839.1216	0.06400000000212458	Ripples						0.06400000000212458	19839.152000000002	14.060995064183006	149.3988981343514	1050.3676669732404	
19839.2592	0.03919999999925494	Ripples						0.03919999999925494	19839.281600000002	8.320895831140662	160.10766981306583	1088.935821987834	
19839.3688	0.0544000000008964	Ripples						0.0544000000008964	19839.3824	16.73666578587061	160.57923486090357	1503.415805850092	
19839.8664	0.07840000000214786	Ripples						0.07840000000214786	19839.8872	6.868642491295754	150.09599282769778	800.0711568385489	
19845.1568	0.048800000000483124	Ripples						0.048800000000483124	19845.168	9.413803905817247	155.44650852196463	1102.3697649772025	
19845.3384	0.03359999999884167	Ripples						0.03359999999884167	19845.3648	5.196895520927135	147.6034907102099	617.1304843998796	
19845.744	0.051200000001699664	Ripples						0.051200000001699664	19845.7752	11.877739397440267	155.02437340975646	1233.8696148169863	
19852.6048	0.02239999999801512	Ripples						0.02239999999801512	19852.6136	6.259138856703401	162.61941555461217	759.8308416958595	
19855.767200000002	0.02479999999923166	Ripples						0.02479999999923166	19855.7776	5.840597907371829	155.7614776255187	868.6487907321609	
19861.0048	0.07760000000052969	Ripples						0.07760000000052969	19861.0712	7.171313568847047	162.4953193314981	952.9289976483246	
19861.8808	0.024000000001251465	Ripples						0.024000000001251465	19861.8952	8.309321698969475	168.98782397762642	1030.6577960251932	
19867.9432	0.0864000000001397	Ripples						0.0864000000001397	19867.988	20.431350519937702	150.83574767059193	1688.4015479815944	
19872.1848	0.035200000002078013	Ripples						0.035200000002078013	19872.2	14.4553233353791	163.2029713244157	1411.0848238651263	
19872.5888	0.023999999997613486	Ripples						0.023999999997613486	19872.6	8.811924966026547	159.83038569517532	1050.91949754473	
19872.8792	0.037599999999656575	Ripples						0.037599999999656575	19872.9008	25.9532810393062	158.9763430225072	1855.6443135874126	
19876.847999999998	0.06960000000253785	Ripples						0.06960000000253785	19876.8896	13.415387891149194	154.92123836691914	1424.7517034585883	
19877.144	0.08720000000175787	Ripples						0.08720000000175787	19877.1848	12.869278425139342	148.184064574684	1052.2686473382118	
19877.3072	0.021600000000034925	Ripples						0.021600000000034925	19877.3184	7.909086895466475	158.9786375388502	904.581713752863	
19879.2032	0.02960000000166474	Ripples						0.02960000000166474	19879.2192	13.136773858614243	163.25565367648053	1396.00818658743	
19880.0688	0.02079999999841675	Ripples						0.02079999999841675	19880.08	9.972569589011705	167.03151654914376	1033.9526590609444	
19885.752800000002	0.03439999999682186	Ripples						0.03439999999682186	19885.7712	16.478756419829406	162.4952433655526	1494.784324690836	
19885.84	0.12159999999857973	Ripples						0.12159999999857973	19885.8704	13.821976018511702	147.95392480767353	1106.7430835045375	
19906.4168	0.03840000000127475	Ripples						0.03840000000127475	19906.4312	9.873616281824683	155.59115941740717	1116.734166469536	
19906.776	0.05439999999725842	Ripples						0.05439999999725842	19906.7912	7.746244227603304	154.2471411083872	986.312988773305	
19906.8928	0.04079999999885331	Ripples						0.04079999999885331	19906.9096	27.419835478841872	157.14377310633176	1777.3960767746748	
19913.0112	0.0632000000005064	Ripples						0.0632000000005064	19913.0264	9.941661894289494	153.64375286884433	927.4969234500471	
19915.3128	0.04400000000168802	Ripples						0.04400000000168802	19915.3344	11.519171389266198	159.82701878281765	1327.4667667678625	
19915.4704	0.06480000000010477	Ripples						0.06480000000010477	19915.4968	11.725464292708546	146.54641518172897	995.99905420926	
19915.8368	0.04399999999805004	Ripples						0.04399999999805004	19915.8544	21.882182272376742	157.04615164786222	1662.2383008794366	
19916.2736	0.044799999999668216	Ripples						0.044799999999668216	19916.284	15.348146926204917	156.73462914978364	1243.2238085798722	
19916.6208	0.03840000000127475	Ripples						0.03840000000127475	19916.6352	10.118578762788324	163.05189859633222	1193.7416892525816	
19923.6928	0.03280000000086147	Ripples						0.03280000000086147	19923.7152	14.280047975589847	156.65159593753583	1235.858846379013	
19924.4136	0.10160000000178115	Ripples						0.10160000000178115	19924.4888	10.545405504710084	150.61478889813645	876.9954454791524	
19924.5352	0.025600000000849832	Ripples						0.025600000000849832	19924.5432	10.125084064155077	159.84110382458343	922.723097665437	
19930.2568	0.03840000000127475	Ripples						0.03840000000127475	19930.2712	11.12133615201631	151.11808846729994	1009.8277279985123	
19930.3752	0.10239999999976135	Ripples						0.10239999999976135	19930.4112	16.39593421156593	149.78899450007304	1536.7369812833647	
19933.096	0.035199999998440035	Ripples						0.035199999998440035	19933.1104	18.51303119921247	160.5990791701011	1492.6481292798758	
19933.256	0.0544000000008964	Ripples						0.0544000000008964	19933.2784	13.025478422987268	148.74251628483364	1155.3085447060075	
19933.924	0.02479999999923166	Ripples						0.02479999999923166	19933.9424	7.440474828789332	153.96324617856217	828.3346490081834	
19934.0776	0.02239999999801512	Ripples						0.02239999999801512	19934.0864	11.80200139739222	158.86381722225607	1125.0698965007298	
19934.1368	0.035199999998440035	Ripples						0.035199999998440035	19934.164	8.52068605073616	153.73384822225958	1043.884022127521	
19934.5512	0.02959999999802676	Ripples						0.02959999999802676	19934.5616	8.67870712086592	162.02789419722725	1032.6501715324246	
19936.7208	0.04320000000006985	Ripples						0.04320000000006985	19936.7408	15.010517008610869	156.39610232593998	1412.9390060282901	
19936.86	0.03440000000045984	Ripples						0.03440000000045984	19936.8768	15.489272930045773	156.06854635870226	1398.7085840556724	
19936.9688	0.06800000000293949	Ripples						0.06800000000293949	19936.988	7.186242575136663	142.08791803987341	709.8092676639519	
19941.8176	0.022400000001653098	Ripples						0.022400000001653098	19941.8328	7.695269487188034	163.70028780159637	907.5542341425877	
19945.8592	0.03600000000005821	Ripples						0.03600000000005821	19945.8816	11.824153779235393	167.4198119817834	1311.488138641748	
19948.0	225.0	SleepStates											Awake
19978.5944	0.023999999997613486	Ripples						0.023999999997613486	19978.6056	6.001741364739012	163.64613061206438	911.847562727061	
19987.2632	0.03359999999884167	Ripples						0.03359999999884167	19987.28	14.134985693103463	166.61802106680796	1356.1196975229852	
19995.0288	0.0319999999992433	Ripples						0.0319999999992433	19995.0424	11.786397594220015	161.66135071164777	1054.3945112474917	
19995.8712	0.02719999999681022	Ripples						0.02719999999681022	19995.888	8.382741033581707	160.20918734443654	979.3332004693729	
20000.904	0.0496000000021013	Ripples						0.0496000000021013	20000.916	7.655947667803426	151.73116649854748	810.6111140999168	
20012.3088	0.031200000001263106	Ripples						0.031200000001263106	20012.3168	5.409138657735579	162.28173214834115	774.373437308536	
20035.231200000002	0.042399999998451676	Ripples						0.042399999998451676	20035.2608	8.289776002506828	161.29197058448548	1089.476236562171	
20035.4248	0.03839999999763677	Ripples						0.03839999999763677	20035.4488	12.96474998188683	162.19919883720158	1308.355337798696	
20059.4328	0.030399999999644933	Ripples						0.030399999999644933	20059.4496	20.745498647805473	166.5324306254504	1575.3639353128033	
20059.5488	0.046399999999266583	Ripples						0.046399999999266583	20059.5728	18.71453848555486	161.5682367700049	1723.7821194945009	
20090.0392	0.021600000000034925	Ripples						0.021600000000034925	20090.0504	7.031414095786424	158.56835966264367	812.1021614569884	
20116.9392	0.10640000000057626	Ripples						0.10640000000057626	20117.012	8.904740398521316	153.80181364273582	960.026361594837	
20129.976	0.08880000000135624	Ripples						0.08880000000135624	20129.988	7.870061054972827	151.6765071975235	854.8563845141528	
20131.7304	0.056000000000494765	Ripples						0.056000000000494765	20131.776	14.076268952848976	166.0488979302625	1149.900437621747	
20135.6768	0.0319999999992433	Ripples						0.0319999999992433	20135.692	6.953956687771047	157.85666483412794	984.7371216010534	
20138.544	0.0319999999992433	Ripples						0.0319999999992433	20138.5624	6.686159329432868	153.101150810712	776.1139995934245	
20141.8288	0.08000000000174623	Ripples						0.08000000000174623	20141.8944	20.18812999150402	159.95824978940465	1584.5735751286327	
20143.0808	0.03600000000005821	Ripples						0.03600000000005821	20143.1056	7.025263651886889	150.44327933750955	860.7978815731354	
20143.4472	0.04400000000168802	Ripples						0.04400000000168802	20143.4688	13.341329304031213	168.7863741615545	1327.6349270653366	
20146.3632	0.0272000000004482	Ripples						0.0272000000004482	20146.38	9.781277924128846	156.4406419632208	1076.5891938241148	
20174.0	227.0	SleepStates											Non-REM
20175.0232	0.06560000000172295	Ripples						0.06560000000172295	20175.0616	13.375797411646431	154.11813307581744	1407.1205704993724	
20179.076	0.02959999999802676	Ripples						0.02959999999802676	20179.084	7.292567361830544	155.86499360236246	674.9073566299014	
20179.1776	0.060800000002927845	Ripples						0.060800000002927845	20179.2048	26.82360693200424	161.73571573128382	2066.979362755961	
20179.3704	0.020000000000436557	Ripples						0.020000000000436557	20179.3824	5.847056686850397	152.28142324289985	611.9318531880274	
20184.7512	0.03440000000045984	Ripples						0.03440000000045984	20184.7656	31.336830821044675	163.15788473405925	2039.087115659943	
20185.6104	0.04559999999764841	Ripples						0.04559999999764841	20185.6328	14.69035397915297	168.13617847103302	1441.1559447220202	
20185.702400000002	0.02079999999841675	Ripples						0.02079999999841675	20185.708	5.802778847464297	162.17775889009212	781.546457794012	
20185.8472	0.056000000000494765	Ripples						0.056000000000494765	20185.876	15.094362060867605	151.31323799924587	1332.609783220784	
20188.716800000002	0.053599999999278225	Ripples						0.053599999999278225	20188.7536	20.703569801590753	161.1888811229436	1616.1357540171248	
20188.8864	0.06560000000172295	Ripples						0.06560000000172295	20188.9312	11.262428883209974	152.06800873526637	1214.7029343813276	
20189.0736	0.03600000000005821	Ripples						0.03600000000005821	20189.0848	8.249912235614193	152.8516280515583	971.2487031777977	
20192.5104	0.05199999999967986	Ripples						0.05199999999967986	20192.5424	20.424239728258023	158.47777330589082	1651.1606081378075	
20192.8416	0.040000000000873115	Ripples						0.040000000000873115	20192.868	15.748098119159827	155.2193917620471	1367.7281617557646	
20193.8288	0.035200000002078013	Ripples						0.035200000002078013	20193.8464	19.617192627769523	162.92066647146356	1653.8693410552485	
20194.0184	0.06079999999928987	Ripples						0.06079999999928987	20194.0648	8.401489309804179	145.83647130551412	861.0057313377565	
20194.2304	0.027999999998428393	Ripples						0.027999999998428393	20194.248	7.735299514454318	163.2639071901454	916.6827530129061	
20194.3664	0.03840000000127475	Ripples						0.03840000000127475	20194.388	10.760636817163663	150.92132328465445	1203.2647249367585	
20202.0032	0.024000000001251465	Ripples						0.024000000001251465	20202.0112	8.094881471462926	160.639000499134	974.3264665525865	
20202.232	0.09439999999813153	Ripples						0.09439999999813153	20202.2952	28.666885417994347	152.79884418752977	1814.3965296124488	
20202.4704	0.022400000001653098	Ripples						0.022400000001653098	20202.4784	7.109747430035796	158.39094927903852	836.7057672365843	
20203.2624	0.04320000000006985	Ripples						0.04320000000006985	20203.2952	9.066200171953401	156.25730075805953	1083.2091549365375	
20203.404	0.042400000002089655	Ripples						0.042400000002089655	20203.4248	12.449877735451299	151.14900848556616	1194.2294412022047	
20204.2832	0.02959999999802676	Ripples						0.02959999999802676	20204.2944	9.583559105547094	157.05144548280308	994.4398073450564	
20214.556	0.03359999999884167	Ripples						0.03359999999884167	20214.5704	21.41780971288993	164.5523705771966	1681.7287289384296	
20214.74	0.023999999997613486	Ripples						0.023999999997613486	20214.7504	5.4481507164976595	156.20393989060142	828.8690240021893	
20219.8832	0.08880000000135624	Ripples						0.08880000000135624	20219.9216	12.352687621808746	150.47468590530895	1245.306628700647	
20221.2048	0.040000000000873115	Ripples						0.040000000000873115	20221.231200000002	18.46930500589511	168.73739853645844	1570.8811730923314	
20222.248	0.037599999999656575	Ripples						0.037599999999656575	20222.2648	23.363163064642926	157.88703902015564	1701.5359110661843	
20222.817600000002	0.048799999996845145	Ripples						0.048799999996845145	20222.856	8.03403542010872	160.34581226276876	1030.4213437825924	
20223.2416	0.03839999999763677	Ripples						0.03839999999763677	20223.256	9.915141249976553	152.33432645078807	1003.5230137826222	
20229.128	0.053599999999278225	Ripples						0.053599999999278225	20229.1416	9.681549255576416	155.5396176521702	1030.6705676298775	
20229.2144	0.0367999999980384	Ripples						0.0367999999980384	20229.2256	11.588046391548536	154.23886571065333	1216.3536860091112	
20231.1936	0.026400000002468005	Ripples						0.026400000002468005	20231.212	8.524010535724253	158.20679058727063	876.8102074473865	
20235.3208	0.03839999999763677	Ripples						0.03839999999763677	20235.3352	20.61873026613257	159.79746353366622	1611.0356941383825	
20243.2008	0.0632000000005064	Ripples						0.0632000000005064	20243.2352	7.401384050316803	158.79546306870853	857.6099929423585	
20248.3608	0.030399999999644933	Ripples						0.030399999999644933	20248.3752	6.342901728254056	159.2404940669367	986.4280333213852	
20249.4936	0.028800000000046566	Ripples						0.028800000000046566	20249.508	16.080984580739578	157.98797959226835	1431.9571708639385	
20250.333599999998	0.02320000000327127	Ripples						0.02320000000327127	20250.344	9.9228168928846	169.65219921016347	1035.512114672686	
20250.3848	0.08480000000054133	Ripples						0.08480000000054133	20250.452	25.507274835327713	163.51672869219553	1850.152662070128	
20251.6088	0.05199999999967986	Ripples						0.05199999999967986	20251.6504	5.283857351164912	148.0578846754208	562.4138574076851	
20253.9856	0.021600000000034925	Ripples						0.021600000000034925	20253.9944	8.467120614870785	164.84747832785698	992.3449097391272	
20259.1792	0.040000000000873115	Ripples						0.040000000000873115	20259.196	10.830569435609464	159.33419053621049	1220.4947437443918	
20259.424	0.051200000001699664	Ripples						0.051200000001699664	20259.4592	7.026194546041107	162.2604811818683	1035.4808350888104	
20261.1488	0.0496000000021013	Ripples						0.0496000000021013	20261.1656	19.39201978045576	165.11352923493118	1591.0202767546864	
20262.4224	0.031200000001263106	Ripples						0.031200000001263106	20262.4336	16.322528167566905	158.82233285614512	1319.6098397584142	
20262.5688	0.05679999999847496	Ripples						0.05679999999847496	20262.5984	13.732277078147128	147.94714238524656	1311.2929141556187	
20263.3984	0.020000000000436557	Ripples						0.020000000000436557	20263.4072	7.961037133525914	158.16265783377432	815.3658061169243	
20264.173600000002	0.0367999999980384	Ripples						0.0367999999980384	20264.188000000002	13.504619128936001	151.67922563040827	988.0250269955293	
20267.1216	0.033600000002479646	Ripples						0.033600000002479646	20267.1392	13.982870505926456	158.59853743839292	1381.1838298494413	
20267.2464	0.028800000000046566	Ripples						0.028800000000046566	20267.2624	19.802465368626823	169.51936811151333	1540.0509489740184	
20274.8824	0.03600000000005821	Ripples						0.03600000000005821	20274.9056	18.0180048291433	168.12164170869238	1574.7084765679597	
20275.0256	0.02959999999802676	Ripples						0.02959999999802676	20275.0408	6.984141108375192	154.93731332509861	878.423135916619	
20276.5624	0.042400000002089655	Ripples						0.042400000002089655	20276.5912	10.393077081531578	149.43415001388345	1100.0273066557927	
20277.1408	0.07679999999891152	Ripples						0.07679999999891152	20277.196	10.347428026263188	144.97276583079946	904.4150632674827	
20277.8064	0.03600000000005821	Ripples						0.03600000000005821	20277.8296	14.665975091027384	165.59981929082704	1414.1205932894397	
20280.2776	0.042399999998451676	Ripples						0.042399999998451676	20280.292	18.439139354737843	151.57027722994573	1332.3322987952374	
20280.4032	0.04399999999805004	Ripples						0.04399999999805004	20280.4328	17.125625623694564	155.93156423278293	1474.800515984989	
20280.4928	0.07280000000173459	Ripples						0.07280000000173459	20280.528	17.291259628182257	156.7879999925812	1332.137490975346	
20293.708	0.02960000000166474	Ripples						0.02960000000166474	20293.724000000002	14.443431965377181	161.68058730091263	1379.5856468158065	
20295.0376	0.044799999999668216	Ripples						0.044799999999668216	20295.0624	14.858384152255638	163.06040483493595	1447.9623662291542	
20298.6232	0.06079999999928987	Ripples						0.06079999999928987	20298.6584	16.985200099276653	154.15685083986392	1519.809666221597	
20314.18	0.0544000000008964	Ripples						0.0544000000008964	20314.2088	16.770200899866662	160.2340683374965	1546.5429570416422	
20314.2992	0.04719999999724678	Ripples						0.04719999999724678	20314.316	15.449581201773912	160.92517030659081	1463.4415940933204	
20317.3536	0.025600000000849832	Ripples						0.025600000000849832	20317.364	8.110933026467022	154.03853869106368	989.8516554649375	
20317.468	0.03359999999884167	Ripples						0.03359999999884167	20317.4848	24.6205434433333	164.65407673088674	1769.8377090576382	
20317.7424	0.03680000000167638	Ripples						0.03680000000167638	20317.7648	7.166664206932419	146.00079786690796	802.6797742252363	
20317.8096	0.03600000000005821	Ripples						0.03600000000005821	20317.824	9.945290809809336	155.43926441655006	958.6875807311327	
20324.2256	0.0319999999992433	Ripples						0.0319999999992433	20324.2432	9.941898393416773	152.44456552872109	1039.9946378978266	
20324.4064	0.020000000000436557	Ripples						0.020000000000436557	20324.4144	5.553503458750735	165.60599396182084	825.540967919374	
20330.7632	0.03600000000005821	Ripples						0.03600000000005821	20330.7712	7.7470197744737614	156.0402869716565	1025.8282639232343	
20330.8344	0.05280000000129803	Ripples						0.05280000000129803	20330.8488	8.409153148224132	156.81070134497065	970.7196906852515	
20331.5992	0.037599999999656575	Ripples						0.037599999999656575	20331.6184	7.724738599823163	147.23650589023921	710.1555486893576	
20355.7336	0.03440000000045984	Ripples						0.03440000000045984	20355.7512	20.009288998466015	155.92886617296713	1560.0720784319637	
20355.852	0.06079999999928987	Ripples						0.06079999999928987	20355.8992	10.571408796026635	150.8148383963891	1032.548028214782	
20358.774400000002	0.0367999999980384	Ripples						0.0367999999980384	20358.804	5.747104534817102	156.5856600716579	781.0759389908316	
20358.8584	0.042399999998451676	Ripples						0.042399999998451676	20358.884	18.619372542712693	153.08443330428037	1518.6250697951332	
20359.2176	0.026399999998830026	Ripples						0.026399999998830026	20359.2288	5.279043145377229	153.8183755205113	695.3713339087257	
20359.3056	0.04079999999885331	Ripples						0.04079999999885331	20359.3248	22.988132786448425	160.97376573868482	1741.3766627411812	
20368.7216	0.03280000000086147	Ripples						0.03280000000086147	20368.7368	14.269403393123149	154.84262078222991	1336.225023934487	
20368.9072	0.035199999998440035	Ripples						0.035199999998440035	20368.9208	16.32054703436483	155.856581875665	1329.3416091433996	
20369.1512	0.040000000000873115	Ripples						0.040000000000873115	20369.1632	11.42377029086705	159.74293578338876	1297.7306475919852	
20370.356	0.031200000001263106	Ripples						0.031200000001263106	20370.3744	7.0130046697155555	161.5233751131592	983.0591673690557	
20375.6856	0.0319999999992433	Ripples						0.0319999999992433	20375.7032	13.138846520471771	155.27872124578775	1195.9844880552637	
20375.840799999998	0.0272000000004482	Ripples						0.0272000000004482	20375.8536	9.17250764307764	163.13197470761685	1089.360340279568	
20375.9864	0.042399999998451676	Ripples						0.042399999998451676	20376.012	18.302033151968885	156.5636698558566	1454.1441470577117	
20376.36	0.02239999999801512	Ripples						0.02239999999801512	20376.3728	8.095388764609208	162.93566198404855	979.2516990591599	
20382.2568	0.07679999999891152	Ripples						0.07679999999891152	20382.272	12.828380921615997	154.18993899548784	1281.0846466673552	
20382.4552	0.06639999999970314	Ripples						0.06639999999970314	20382.508	15.202633639601572	156.19016797240633	1437.9373872664194	
20386.5336	0.05520000000251457	Ripples						0.05520000000251457	20386.548	15.055489102793743	155.24715015249353	1397.1372380358428	
20401.04	0.0367999999980384	Ripples						0.0367999999980384	20401.0544	9.397907318024206	158.14401821819612	940.8698843597082	
20402.0	121.0	SleepStates											Awake
20402.4032	0.03440000000045984	Ripples						0.03440000000045984	20402.4264	8.00018767639339	159.575410495904	1059.465037035637	
20403.5032	0.08239999999932479	Ripples						0.08239999999932479	20403.5344	14.615946959545504	155.5877839743177	1425.6273252954127	
20406.124	0.040000000000873115	Ripples						0.040000000000873115	20406.1424	18.579764000971682	156.21315241915718	1395.3270461178383	
20406.296000000002	0.032799999997223495	Ripples						0.032799999997223495	20406.324800000002	5.170124346958674	154.3355140688835	560.3660319313474	
20438.355199999998	0.028800000000046566	Ripples						0.028800000000046566	20438.372	16.18292821924433	158.801104499271	1417.73208784071	
20441.5832	0.03359999999884167	Ripples						0.03359999999884167	20441.6032	11.099224698603573	155.33800997367166	1174.2147903755852	
20442.072	0.05519999999887659	Ripples						0.05519999999887659	20442.108	14.11524435611446	165.44111818027133	1441.0794747369946	
20442.288	0.0639999999984866	Ripples						0.0639999999984866	20442.3128	26.248408707898076	167.94490573882405	1836.2195566835621	
20446.656	0.05520000000251457	Ripples						0.05520000000251457	20446.6648	9.426883947119645	156.59547848533427	949.7686493621177	
20450.8064	0.03839999999763677	Ripples						0.03839999999763677	20450.8272	17.697924568836772	162.08563212146882	1549.7611726852313	
20457.3824	0.021600000000034925	Ripples						0.021600000000034925	20457.3936	9.501116162136348	156.45647642423918	991.1608959690324	
20460.0936	0.042399999998451676	Ripples						0.042399999998451676	20460.1256	5.3914027654973795	153.78098030492998	815.158366487917	
20465.5648	0.0632000000005064	Ripples						0.0632000000005064	20465.5872	8.22342088622209	147.81814030579216	898.4755958256637	
20470.6672	0.04320000000006985	Ripples						0.04320000000006985	20470.6784	9.658549974785194	155.51040036152662	884.7291096316991	
20470.932	0.026399999998830026	Ripples						0.026399999998830026	20470.9448	12.063632213803094	158.81487752850083	1156.71322784668	
20498.9304	0.035199999998440035	Ripples						0.035199999998440035	20498.9512	14.080181529824696	158.26163998810452	1418.5484683270977	
20524.0	297.0	SleepStates											Non-REM
20524.6864	0.05040000000008149	Ripples						0.05040000000008149	20524.7016	18.37452994867642	161.44194793614102	1576.8510540551854	
20531.8792	0.02479999999923166	Ripples						0.02479999999923166	20531.8896	8.593671008178125	157.64552631482965	943.908547589344	
20536.5816	0.030399999999644933	Ripples						0.030399999999644933	20536.6016	6.196432743316762	152.14188906316176	802.3090109464789	
20539.8528	0.08480000000054133	Ripples						0.08480000000054133	20539.9264	9.988244462563825	154.43165143054554	1125.5186120489536	
20540.1272	0.028000000002066372	Ripples						0.028000000002066372	20540.1384	8.593526711417175	159.82123245641785	971.9970011696198	
20542.2504	0.12800000000061118	Ripples						0.12800000000061118	20542.3584	19.9384745285011	158.1116215083042	1664.4568514111454	
20542.4832	0.021600000000034925	Ripples						0.021600000000034925	20542.4952	5.410783501998417	159.3925120984208	862.2130633433884	
20551.2424	0.025600000000849832	Ripples						0.025600000000849832	20551.2568	8.41126815601135	160.74589414242377	1068.212380923611	
20553.176	0.040000000000873115	Ripples						0.040000000000873115	20553.1904	9.437965963145167	160.31809277587365	1118.980235611493	
20553.3328	0.027999999998428393	Ripples						0.027999999998428393	20553.3472	15.083096326231617	162.60818568835978	1370.1326752864393	
20553.6384	0.030399999999644933	Ripples						0.030399999999644933	20553.659200000002	8.133218097203773	166.96585342788617	974.657551018501	
20553.7792	0.0864000000001397	Ripples						0.0864000000001397	20553.8144	18.673307272389742	158.2806812899195	1626.5967726140293	
20557.42	0.022400000001653098	Ripples						0.022400000001653098	20557.4344	6.7374824054221625	156.22251020735504	786.0922076327719	
20557.4768	0.03919999999925494	Ripples						0.03919999999925494	20557.504	7.792582795472462	151.09798847344354	898.4623618474772	
20557.596	0.03359999999884167	Ripples						0.03359999999884167	20557.6112	15.72031025988896	155.6151984815049	1300.710579388486	
20565.636	0.05920000000332948	Ripples						0.05920000000332948	20565.6536	16.836679709966084	160.37789287743078	1491.2026532031086	
20568.8024	0.07519999999931315	Ripples						0.07519999999931315	20568.86	14.1248814700288	160.47748423912415	1276.4571248307052	
20568.9736	0.032799999997223495	Ripples						0.032799999997223495	20568.9888	9.19700922396474	149.88555503880698	833.8651136974191	
20575.0304	0.04320000000006985	Ripples						0.04320000000006985	20575.0448	5.46864688747625	158.22636772306586	888.1034180905776	
20577.0416	0.053599999999278225	Ripples						0.053599999999278225	20577.0568	9.527832077417909	150.11075414687514	995.1191272696284	
20577.326399999998	0.03840000000127475	Ripples						0.03840000000127475	20577.34	14.801522813412035	168.6043702974798	1333.4155396513272	
20578.8184	0.030399999999644933	Ripples						0.030399999999644933	20578.8304	5.437477932639048	146.7049491622218	721.1030138934067	
20579.2208	0.028800000000046566	Ripples						0.028800000000046566	20579.2328	9.475660546694623	158.91652736046538	1053.2681302339747	
20584.4856	0.03919999999925494	Ripples						0.03919999999925494	20584.496	9.836194130754299	156.0356567971662	1059.0041689671834	
20585.0184	0.02479999999923166	Ripples						0.02479999999923166	20585.0368	5.143813682819412	154.15043232865546	732.2987009880934	
20593.0496	0.05280000000129803	Ripples						0.05280000000129803	20593.0784	13.659333533993996	157.37660169480142	1284.8410430520128	
20595.0752	0.053599999999278225	Ripples						0.053599999999278225	20595.0928	13.317857893165693	151.98684354178604	1262.179555408539	
20596.7608	0.028000000002066372	Ripples						0.028000000002066372	20596.7752	13.753767174688626	163.46181777917315	1353.2288728282165	
20608.728	0.09760000000096625	Ripples						0.09760000000096625	20608.7448	15.111249270351644	165.23876270967466	1391.815496422383	
20608.8664	0.03600000000005821	Ripples						0.03600000000005821	20608.8896	7.627373784352409	162.6365647673412	1000.1006289547582	
20610.572	0.042399999998451676	Ripples						0.042399999998451676	20610.5832	12.333973856815193	160.00298878281706	1330.2402395429924	
20624.148	0.030399999999644933	Ripples						0.030399999999644933	20624.1616	16.699689844699588	161.16392157924355	1406.0616224374567	
20624.4896	0.025600000000849832	Ripples						0.025600000000849832	20624.5072	18.882891782373356	162.90607672556993	1300.1247605518279	
20636.0152	0.030399999999644933	Ripples						0.030399999999644933	20636.032	9.913739817760236	172.94234379643186	985.1615108591483	
20636.452	0.030399999999644933	Ripples						0.030399999999644933	20636.4656	15.086576967234496	157.1463429493164	1252.1997497542304	
20636.6176	0.02959999999802676	Ripples						0.02959999999802676	20636.6328	9.44007467918059	156.4760995058224	1076.0762149150419	
20637.0392	0.03840000000127475	Ripples						0.03840000000127475	20637.0568	18.07607333127395	155.42076931828427	1406.0148419458246	
20640.2752	0.021600000000034925	Ripples						0.021600000000034925	20640.2864	7.708680933542868	158.72152605405205	928.5100867612272	
20644.1688	0.021600000000034925	Ripples						0.021600000000034925	20644.18	5.599856194026992	157.71401720625082	747.6467302360834	
20650.7184	0.031199999997625127	Ripples						0.031199999997625127	20650.7272	5.3647586442864705	163.96100337176043	595.8212554735838	
20651.319199999998	0.031200000001263106	Ripples						0.031200000001263106	20651.34	7.639587056152306	157.92576269452886	971.2407269130279	
20661.2928	0.03200000000288128	Ripples						0.03200000000288128	20661.3112	12.085605070656747	156.96669361840753	1249.3587951041873	
20663.6288	0.02080000000205473	Ripples						0.02080000000205473	20663.6368	6.071243648138334	163.16753082286948	878.3465446439565	
20663.808	0.02959999999802676	Ripples						0.02959999999802676	20663.816	5.7496358774828575	160.19319576670568	754.673449879213	
20663.9552	0.04079999999885331	Ripples						0.04079999999885331	20663.9688	10.179204297776737	157.7652791866636	1191.6567995896853	
20671.3928	0.021600000000034925	Ripples						0.021600000000034925	20671.404	5.011282685765811	152.61418263283795	729.5352012302766	
20672.1688	0.021600000000034925	Ripples						0.021600000000034925	20672.1776	6.990474802235233	156.65627464939703	853.3720456736555	
20672.8352	0.06480000000010477	Ripples						0.06480000000010477	20672.8792	15.497435468809561	152.73199302106562	1287.657195691584	
20673.1576	0.06560000000172295	Ripples						0.06560000000172295	20673.209600000002	8.31846933101189	166.42432858626645	977.0985794275027	
20674.1024	0.042400000002089655	Ripples						0.042400000002089655	20674.1136	10.216396878869102	158.81122082732455	1112.2152025539253	
20675.311999999998	0.024000000001251465	Ripples						0.024000000001251465	20675.3224	11.967023300638388	162.2886523784479	1147.166491828359	
20675.7952	0.03440000000045984	Ripples						0.03440000000045984	20675.8088	7.123918506962014	151.83597351107454	800.6573977813305	
20676.9736	0.04399999999805004	Ripples						0.04399999999805004	20676.9856	5.734584163981974	149.86101611738852	769.6333938062296	
20688.1632	0.07280000000173459	Ripples						0.07280000000173459	20688.1688	5.985029134424609	159.97377891230173	753.6583104497431	
20696.296000000002	0.03600000000005821	Ripples						0.03600000000005821	20696.3112	17.765621541837472	158.95684592182832	1465.6512716207776	
20697.044	0.05279999999766005	Ripples						0.05279999999766005	20697.076	17.249087257242323	160.85617657611496	1579.1096404703962	
20697.1848	0.08960000000297441	Ripples						0.08960000000297441	20697.2576	13.851282068175578	148.1010899318925	1240.1701943480523	
20703.0032	0.046399999999266583	Ripples						0.046399999999266583	20703.036	6.144450691874708	154.2992691031338	979.3948007834996	
20735.5	0.022400000001653098	Ripples						0.022400000001653098	20735.512	5.779311110441865	155.76658248091675	850.0295953523848	
20739.692	0.04320000000006985	Ripples						0.04320000000006985	20739.7072	17.312999875552656	151.68316174183414	1320.7876192137362	
20739.844	0.03919999999925494	Ripples						0.03919999999925494	20739.8592	14.943213352626831	158.77797479204958	1308.4307388413065	
20740.3776	0.024000000001251465	Ripples						0.024000000001251465	20740.3904	21.60257711720749	166.2586335027425	1471.3054971139225	
20741.6104	0.03440000000045984	Ripples						0.03440000000045984	20741.632	7.16561301008863	157.88989753135664	934.6325702900203	
20745.3888	0.06079999999928987	Ripples						0.06079999999928987	20745.4144	7.13363020365827	154.3926516860444	801.5298871560184	
20745.5696	0.024800000002869638	Ripples						0.024800000002869638	20745.5832	5.463947818147507	155.887189132548	757.3048495967014	
20751.404	0.028000000002066372	Ripples						0.028000000002066372	20751.4208	7.508725093117997	159.1745930522319	979.3794598588389	
20751.452	0.03440000000045984	Ripples						0.03440000000045984	20751.468	17.129609128871625	167.0129232547346	1591.8319021237646	
20756.0504	0.058400000001711305	Ripples						0.058400000001711305	20756.0648	8.02172181614061	150.23613624234497	782.8903663874355	
20759.2624	0.035200000002078013	Ripples						0.035200000002078013	20759.284	7.1195823122396575	160.011310483099	962.6782122593818	
20760.4096	0.04160000000047148	Ripples						0.04160000000047148	20760.4384	14.63120457679275	159.13399247405204	1396.0113491026814	
20761.308	0.0319999999992433	Ripples						0.0319999999992433	20761.319199999998	10.383007907944414	156.24452452492565	1048.3559486848972	
20763.4944	0.056000000000494765	Ripples						0.056000000000494765	20763.5088	9.751603732076855	167.01028929931454	1157.7508929021499	
20763.6296	0.03840000000127475	Ripples						0.03840000000127475	20763.6552	15.156263582499026	156.46099801868627	1269.1516018232928	
20766.4296	0.04560000000128639	Ripples						0.04560000000128639	20766.4472	16.054758557244416	158.8153325775233	1355.5557030794057	
20770.1984	0.03440000000045984	Ripples						0.03440000000045984	20770.2128	15.256888539668362	158.69132529189406	1468.5481531706537	
20770.3816	0.03839999999763677	Ripples						0.03839999999763677	20770.3952	16.59146583426902	162.9150876703668	1532.9483581031702	
20773.0616	0.021600000000034925	Ripples						0.021600000000034925	20773.0728	9.080765969670502	160.4283125865778	976.2180213602237	
20773.5112	0.031199999997625127	Ripples						0.031199999997625127	20773.5248	11.367456931262883	160.5978285224268	1205.0447807271864	
20773.5856	0.05920000000332948	Ripples						0.05920000000332948	20773.6104	10.724599751710038	148.75366314543803	938.521335146196	
20773.992	0.031200000001263106	Ripples						0.031200000001263106	20774.0128	6.173244121220924	167.46642417002755	956.9541695213169	
20777.276	0.03839999999763677	Ripples						0.03839999999763677	20777.3008	11.894941409882051	153.63667255182847	1220.809767703961	
20778.248	0.02479999999923166	Ripples						0.02479999999923166	20778.2656	6.208384590868154	156.50438446931742	804.3516640202981	
20782.4408	0.021600000000034925	Ripples						0.021600000000034925	20782.4488	6.227227924572107	156.97346452804757	805.8382472490881	
20785.3888	0.02959999999802676	Ripples						0.02959999999802676	20785.4024	9.688844092142242	158.70433458592464	1112.1497287780578	
20785.9904	0.04320000000006985	Ripples						0.04320000000006985	20786.004	9.604528167006736	169.20363454492022	872.1135544218298	
20794.22	0.08959999999933643	Ripples						0.08959999999933643	20794.2368	9.502596212680862	159.68048727928797	1105.475161433843	
20809.7192	0.044799999999668216	Ripples						0.044799999999668216	20809.7368	25.512447139336114	159.55319978011582	1690.4271852565894	
20809.8912	0.037600000003294554	Ripples						0.037600000003294554	20809.9072	16.448320341366664	156.4812499428755	1273.751326449679	
20810.0456	0.031199999997625127	Ripples						0.031199999997625127	20810.068	7.814469816302279	153.27305576365404	819.4304075929583	
20810.3208	0.026399999998830026	Ripples						0.026399999998830026	20810.3344	6.9089375953489265	170.83098452804884	972.8181985757866	
20817.364	0.08159999999770662	Ripples						0.08159999999770662	20817.4056	16.316070537211697	153.2137811205336	1432.3145948913432	
20818.855199999998	0.020000000000436557	Ripples						0.020000000000436557	20818.864	5.892877119271951	159.75148353178778	794.0879096765261	
20819.372	0.03840000000127475	Ripples						0.03840000000127475	20819.3832	7.839236334654515	156.8805821859711	901.9747488988039	
20819.6984	0.04559999999764841	Ripples						0.04559999999764841	20819.7128	11.232334909237684	152.96147470543121	1035.1137618013342	
20819.8344	0.03359999999884167	Ripples						0.03359999999884167	20819.8568	8.491620938605937	152.077168647605	923.5625557303513	
20822.0	84.0	SleepStates											REM
20825.3584	0.039999999997235136	Ripples						0.039999999997235136	20825.3768	13.865278695039255	151.15890248204354	1153.996582753011	
20907.0	560.0	SleepStates											Awake
20919.6256	0.024000000001251465	Ripples						0.024000000001251465	20919.6392	6.3891551546034995	162.26056900477127	932.0483677270244	
20952.8672	0.023199999999633292	Ripples						0.023199999999633292	20952.8776	5.2618992497439026	159.796262180172	842.2085039620958	
20959.3968	0.058400000001711305	Ripples						0.058400000001711305	20959.416	12.36745262489595	145.41079025110986	975.3790200933771	
20960.4592	0.03839999999763677	Ripples						0.03839999999763677	20960.472	6.580672672100529	153.13034327678332	854.6442803715075	
20961.9688	0.06400000000212458	Ripples						0.06400000000212458	20962.0264	6.030651093701338	153.70623694392435	776.5148153037616	
20968.3048	0.031199999997625127	Ripples						0.031199999997625127	20968.3232	22.02195953763359	166.46463233221561	1633.7144005316482	
20968.4272	0.026400000002468005	Ripples						0.026400000002468005	20968.4384	12.120539538361726	167.57571868258933	1220.5628865360165	
20969.0048	0.0272000000004482	Ripples						0.0272000000004482	20969.0192	10.625610606069769	165.6160621124963	1219.6958989229202	
20985.3864	0.022400000001653098	Ripples						0.022400000001653098	20985.3952	7.737283703178474	167.70136496245092	942.302877542771	
21002.564	0.03680000000167638	Ripples						0.03680000000167638	21002.5808	16.362758694623235	165.36465097231707	1504.8097845227148	
21030.9616	0.0591999999996915	Ripples						0.0591999999996915	21030.9904	8.49078854169193	152.9317760537433	1053.7180926947012	
21056.0584	0.04799999999886495	Ripples						0.04799999999886495	21056.076	6.0581088742595925	170.22394926088668	962.6664927573313	
21056.7536	0.021600000000034925	Ripples						0.021600000000034925	21056.768	5.478623292411996	157.7711414675956	769.9089509252789	
21059.8232	0.031200000001263106	Ripples						0.031200000001263106	21059.8352	11.985199656617462	161.39238645198327	1234.4614345303062	
21083.956	0.060800000002927845	Ripples						0.060800000002927845	21084.0064	9.512203950208214	163.63418297176352	1130.177253222399	
21093.1824	0.02079999999841675	Ripples						0.02079999999841675	21093.1928	5.054425952075472	157.43670862497183	766.7514388208422	
21093.296000000002	0.02719999999681022	Ripples						0.02719999999681022	21093.3096	8.704022963218353	172.50178175311288	990.041664165943	
21098.3816	0.04799999999886495	Ripples						0.04799999999886495	21098.3928	6.7042609015961965	170.0421099376017	925.5539601901019	
21122.0232	0.03280000000086147	Ripples						0.03280000000086147	21122.04	15.652865439443795	167.1609896127114	1469.80162551724	
21145.5176	0.028800000000046566	Ripples						0.028800000000046566	21145.5296	18.171658655856135	161.12988699968105	1518.133901483842	
21156.6144	0.024800000002869638	Ripples						0.024800000002869638	21156.628	10.576989964529885	164.20399165024028	1150.2374611816324	
21156.6632	0.04160000000047148	Ripples						0.04160000000047148	21156.6856	5.643065424875203	149.35106198011337	632.0600012281568	
21166.64	0.03600000000005821	Ripples						0.03600000000005821	21166.66	8.685530047084967	160.96652311327415	1165.4352688834883	
21174.7872	0.026400000002468005	Ripples						0.026400000002468005	21174.8008	8.874438289838105	161.42249271786378	1037.7327658260303	
21174.844	0.027999999998428393	Ripples						0.027999999998428393	21174.856	11.768284983093286	161.71559461773995	1242.0711925384521	
21177.0968	0.037599999999656575	Ripples						0.037599999999656575	21177.1112	18.867052047240723	161.66302417188768	1630.399047698075	
21177.2336	0.030399999999644933	Ripples						0.030399999999644933	21177.2536	15.267699013498312	164.2784259626644	1375.5709494272967	
21191.7688	0.05439999999725842	Ripples						0.05439999999725842	21191.796000000002	12.05374582091412	174.7261678385411	1181.8186318779544	
21203.5768	0.02960000000166474	Ripples						0.02960000000166474	21203.5904	5.4472185089643474	166.94217602461052	902.0741091899791	
21208.5528	0.035199999998440035	Ripples						0.035199999998440035	21208.5744	10.897094239018076	161.58332603097148	1153.6792151973873	
21208.9672	0.028000000002066372	Ripples						0.028000000002066372	21208.9784	6.152199164903712	153.89892485839317	884.2096267766166	
21209.0216	0.06079999999928987	Ripples						0.06079999999928987	21209.0488	11.706356959444937	154.447260961489	1277.9796567087794	
21211.673600000002	0.0319999999992433	Ripples						0.0319999999992433	21211.6848	5.851703009676593	154.53873183916707	846.419080888522	
21227.9648	0.025599999997211853	Ripples						0.025599999997211853	21227.9768	10.525774973541596	167.206264444014	1148.2799276327332	
21238.2872	0.02080000000205473	Ripples						0.02080000000205473	21238.3016	6.5084324992487295	158.52749561062384	731.5734142187173	
21244.8824	0.03680000000167638	Ripples						0.03680000000167638	21244.896	6.409436469645618	180.99950204849588	808.2491325721734	
21247.0768	0.028000000002066372	Ripples						0.028000000002066372	21247.0896	10.370985869092756	170.82871188671317	1037.8507296063215	
21247.1776	0.06800000000293949	Ripples						0.06800000000293949	21247.2144	12.398421310495838	149.8724219708523	977.5490275562785	
21444.8032	0.031200000001263106	Ripples						0.031200000001263106	21444.8216	9.704922598390056	166.64823331988498	1023.3597095754853	
21447.8256	0.047200000000884756	Ripples						0.047200000000884756	21447.84	8.138864263855165	164.40497863350078	1105.7170159399584	
21450.1896	0.07119999999849824	Ripples						0.07119999999849824	21450.236	22.505606765323833	172.0724874136528	1792.4779648152582	
21450.5272	0.03919999999925494	Ripples						0.03919999999925494	21450.5592	6.1158670143433715	166.32475167522918	864.7150939555227	
21454.2712	0.021600000000034925	Ripples						0.021600000000034925	21454.2792	5.166072256913323	158.54489977573652	791.4300318126537	
21459.0632	0.048800000000483124	Ripples						0.048800000000483124	21459.0848	19.525560687980498	155.856170165505	1589.777847430417	
21466.0816	0.0319999999992433	Ripples						0.0319999999992433	21466.0984	14.888079435556325	159.7173788973837	1221.6244157073427	
21468.0	360.0	SleepStates											Non-REM
21469.66	0.0319999999992433	Ripples						0.0319999999992433	21469.6704	10.312615784897297	169.91315193663078	1100.5700490698835	
21470.376	0.0632000000005064	Ripples						0.0632000000005064	21470.404	13.095123004974619	165.41622164199663	1389.617598310903	
21470.548	0.08480000000054133	Ripples						0.08480000000054133	21470.5664	21.3549000089008	157.36087432881195	1686.679262946986	
21471.4976	0.044799999999668216	Ripples						0.044799999999668216	21471.5088	10.818902368520936	172.740736491906	1083.627913831403	
21471.637600000002	0.0367999999980384	Ripples						0.0367999999980384	21471.6512	29.57557032413174	161.39288670818354	1954.0739165323982	
21471.784	0.044799999999668216	Ripples						0.044799999999668216	21471.8184	13.013836888978245	168.4685650615383	1262.7049214046026	
21472.0664	0.021600000000034925	Ripples						0.021600000000034925	21472.0808	8.60832314040015	164.40259444391594	933.6807932337572	
21472.3672	0.03359999999884167	Ripples						0.03359999999884167	21472.3864	8.360642780185264	164.91271345193155	1124.4525878384443	
21472.5704	0.046399999999266583	Ripples						0.046399999999266583	21472.6	10.761240988606643	158.1426189795141	1217.5116278814494	
21472.8928	0.04079999999885331	Ripples						0.04079999999885331	21472.92	14.036275786839921	166.53656498302888	1385.4774352616316	
21480.5824	0.0632000000005064	Ripples						0.0632000000005064	21480.592	8.601481358201612	165.15062651958738	950.9301586956869	
21481.2192	0.09519999999974971	Ripples						0.09519999999974971	21481.2336	15.590476873538007	159.09618890179223	1410.3838025654734	
21482.916	0.04399999999805004	Ripples						0.04399999999805004	21482.9432	14.117581478742892	158.49571478259915	1328.6113387418025	
21483.5224	0.04079999999885331	Ripples						0.04079999999885331	21483.5488	12.720033716711667	153.86853212700404	1211.8635095336836	
21483.7	0.056000000000494765	Ripples						0.056000000000494765	21483.7376	8.312839344863535	170.6000758133527	1095.4256705752484	
21490.2336	0.05680000000211294	Ripples						0.05680000000211294	21490.2712	20.252090369904913	169.7909100031651	1572.9333308776816	
21490.3568	0.04719999999724678	Ripples						0.04719999999724678	21490.3744	17.26095599214843	157.87361506243607	1485.3980145669557	
21490.5584	0.039999999997235136	Ripples						0.039999999997235136	21490.5704	12.3273641061263	168.37516616460394	1185.7203358422055	
21490.7424	0.021600000000034925	Ripples						0.021600000000034925	21490.7536	5.46537931935165	159.30567545956444	815.8996177225458	
21491.8168	0.024000000001251465	Ripples						0.024000000001251465	21491.8312	5.001596382355479	162.17660978068838	847.8306086885001	
21492.644800000002	0.02719999999681022	Ripples						0.02719999999681022	21492.6616	14.261271358321286	165.7730267660447	1300.7255492388501	
21497.2768	0.040000000000873115	Ripples						0.040000000000873115	21497.2976	9.641881684677825	165.64864299102348	1247.703992482809	
21498.0384	0.05439999999725842	Ripples						0.05439999999725842	21498.068	24.67767364012024	172.35361202520892	1772.9258650518764	
21498.1856	0.028800000000046566	Ripples						0.028800000000046566	21498.1992	11.679497131113214	168.8216275267477	1178.9786345814086	
21498.2608	0.0544000000008964	Ripples						0.0544000000008964	21498.3008	18.9692911110631	156.47586753690499	1581.017382354224	
21499.776	0.07999999999810825	Ripples						0.07999999999810825	21499.8456	8.194057847107509	156.1711515000622	938.937382959007	
21502.4168	0.04320000000006985	Ripples						0.04320000000006985	21502.4464	10.47670370021734	160.19689174788047	1179.7618432974346	
21502.6072	0.04400000000168802	Ripples						0.04400000000168802	21502.616	13.263377017097133	157.17685572177652	1122.406971066097	
21502.716	0.02479999999923166	Ripples						0.02479999999923166	21502.7304	10.992111948080048	160.45333104607278	1184.4559608694362	
21503.348	0.05439999999725842	Ripples						0.05439999999725842	21503.392	8.241456248268324	162.81804465987955	1116.2727750152353	
21503.8328	0.09439999999813153	Ripples						0.09439999999813153	21503.856	12.448642846618002	170.30473795839137	1324.710900041699	
21504.0056	0.035199999998440035	Ripples						0.035199999998440035	21504.02	16.52931377839647	158.48006115291696	1344.490533440333	
21504.1328	0.044799999999668216	Ripples						0.044799999999668216	21504.1432	10.353534234142746	158.22976206909703	1066.436281376888	
21504.2808	0.03359999999884167	Ripples						0.03359999999884167	21504.2976	14.47095724840181	163.9010046494683	1431.7815749547285	
21504.774400000002	0.02479999999923166	Ripples						0.02479999999923166	21504.7824	5.068093552326692	158.79568392716277	748.5429283840836	
21510.5032	0.03600000000005821	Ripples						0.03600000000005821	21510.5272	9.807912568785559	170.65512866742898	990.3371432136877	
21510.6384	0.02479999999923166	Ripples						0.02479999999923166	21510.6496	8.49921135443739	156.91013409273032	980.6967602560612	
21510.7784	0.02479999999923166	Ripples						0.02479999999923166	21510.7952	6.387855283724317	163.13019305374561	896.8840627673798	
21510.8992	0.03919999999925494	Ripples						0.03919999999925494	21510.9208	21.960789401864186	162.96988407696938	1667.5432270399758	
21511.012	0.03280000000086147	Ripples						0.03280000000086147	21511.0344	18.645760391388308	163.78511895872157	1475.9378340053902	
21511.9976	0.037599999999656575	Ripples						0.037599999999656575	21512.0208	12.315596517059578	160.18525686052266	1282.1063136614098	
21512.092	0.053599999999278225	Ripples						0.053599999999278225	21512.130400000002	10.6152087672857	168.99118571054493	1269.7881343005445	
21512.6976	0.0632000000005064	Ripples						0.0632000000005064	21512.709600000002	9.54871575546364	162.4086175814961	1035.5292090655232	
21516.4736	0.026399999998830026	Ripples						0.026399999998830026	21516.4896	12.338679303647073	158.6649157489959	1182.8586508262426	
21516.584	0.053600000002916204	Ripples						0.053600000002916204	21516.6016	16.05040988269069	153.68008049323623	1329.6373405806357	
21519.4072	0.07359999999971478	Ripples						0.07359999999971478	21519.4208	15.240456687054797	161.7287665960248	1359.588383478521	
21519.5712	0.03200000000288128	Ripples						0.03200000000288128	21519.5864	12.182073734193008	157.76888439144028	1305.9586760623156	
21526.5096	0.027999999998428393	Ripples						0.027999999998428393	21526.52	5.513725806427908	161.01152039668548	860.1270904253848	
21526.604	0.05680000000211294	Ripples						0.05680000000211294	21526.6336	8.554613314991906	154.48141376173197	1073.0205253701604	
21527.2768	0.0319999999992433	Ripples						0.0319999999992433	21527.296	14.455083546149934	165.41212286031438	1354.3740386152933	
21531.8752	0.030399999999644933	Ripples						0.030399999999644933	21531.8888	10.096947867627973	158.6022782555151	1165.7385850201229	
21532.3072	0.06560000000172295	Ripples						0.06560000000172295	21532.3248	17.395854136877176	160.01542001306524	1518.064374494799	
21533.5408	0.0544000000008964	Ripples						0.0544000000008964	21533.5592	11.21662450890255	153.47214177116444	1157.2335971834018	
21533.6832	0.03280000000086147	Ripples						0.03280000000086147	21533.702400000002	19.66219413941579	163.78062516190252	1540.512730104875	
21537.3096	0.03919999999925494	Ripples						0.03919999999925494	21537.328	24.967801339548558	154.91732413069542	1667.7745606359235	
21537.4	0.06959999999889988	Ripples						0.06959999999889988	21537.4112	14.774559147260394	159.27897168910772	1362.0950796478417	
21537.5808	0.040000000000873115	Ripples						0.040000000000873115	21537.6048	8.3279954497294	155.86339167501137	1052.914628859864	
21537.696	0.026399999998830026	Ripples						0.026399999998830026	21537.7112	6.8485123985145435	151.56752284400238	800.1990042639039	
21538.0992	0.020000000000436557	Ripples						0.020000000000436557	21538.1096	5.657947419560808	165.9847681905194	818.6962383914644	
21538.7952	0.07119999999849824	Ripples						0.07119999999849824	21538.844	18.989706164950185	158.9411700685693	1721.9826034648877	
21538.9424	0.02479999999923166	Ripples						0.02479999999923166	21538.9544	8.389419586008112	159.30485614933258	1061.6178706263547	
21539.0808	0.026399999998830026	Ripples						0.026399999998830026	21539.0968	16.947537370677562	166.06270282643325	1416.161347335321	
21539.1992	0.030399999999644933	Ripples						0.030399999999644933	21539.216	18.146597104603515	166.18501701161696	1516.4629121906125	
21543.8	0.024000000001251465	Ripples						0.024000000001251465	21543.8104	5.596868070341278	158.9152730086826	835.0713112717009	
21545.4824	0.03919999999925494	Ripples						0.03919999999925494	21545.504	13.927321625783176	152.02028375479586	1298.534274452277	
21546.856	0.035200000002078013	Ripples						0.035200000002078013	21546.8808	12.842663634345465	161.68809190649046	1257.6365576104035	
21548.4032	0.02959999999802676	Ripples						0.02959999999802676	21548.4192	13.1820508632794	166.89423537387273	1394.6663218305257	
21553.1696	0.0911999999989348	Ripples						0.0911999999989348	21553.2264	15.326809285316287	151.12772380879557	1429.7960650208365	
21553.2936	0.08799999999973807	Ripples						0.08799999999973807	21553.3144	14.347612334718297	156.93375849899442	1371.176026162505	
21557.404	0.0272000000004482	Ripples						0.0272000000004482	21557.4208	14.853042533094282	164.7559262921466	1321.344584386717	
21557.6344	0.03600000000005821	Ripples						0.03600000000005821	21557.6504	15.747275921438977	160.81544816108587	1432.1523728957468	
21562.0672	0.04079999999885331	Ripples						0.04079999999885331	21562.0784	8.213717494881378	168.03816458254832	1009.6347158390292	
21564.7616	0.08399999999892316	Ripples						0.08399999999892316	21564.8312	11.323195159633205	156.81518216465304	1258.4780631184697	
21569.8384	0.047200000000884756	Ripples						0.047200000000884756	21569.8632	7.801725812993351	145.59533431331184	813.9626339521107	
21570.456	0.04640000000290456	Ripples						0.04640000000290456	21570.476	19.14183490290737	170.33122236063818	1668.4092584194536	
21571.0616	0.02479999999923166	Ripples						0.02479999999923166	21571.0696	8.536714521602645	162.5754977174072	946.9832527505583	
21572.4112	0.0272000000004482	Ripples						0.0272000000004482	21572.4224	16.202206847586957	167.12125022950394	1313.7419729339103	
21574.5416	0.040000000000873115	Ripples						0.040000000000873115	21574.5592	14.920150426039065	162.0015202212279	1503.7473674459761	
21577.5696	0.03440000000045984	Ripples						0.03440000000045984	21577.5888	27.68872488401633	166.16893798627123	1902.7148114139345	
21578.2216	0.02239999999801512	Ripples						0.02239999999801512	21578.2296	5.191032250288043	149.97909698472264	777.8626949484207	
21582.8432	0.03280000000086147	Ripples						0.03280000000086147	21582.8616	8.246587034716862	154.40079998352036	917.5894182521075	
21586.3544	0.027999999998428393	Ripples						0.027999999998428393	21586.368	14.116909674407761	162.8576532322954	1395.2981362454088	
21587.9208	0.042399999998451676	Ripples						0.042399999998451676	21587.9536	9.152419303882246	158.64425916755374	1004.4384653680748	
21588.1168	0.026399999998830026	Ripples						0.026399999998830026	21588.1272	10.587013884929245	163.5667085427338	1175.5454770191845	
21588.2408	0.04800000000250293	Ripples						0.04800000000250293	21588.2512	11.085974502891524	164.71005115390355	1202.784791358589	
21590.22	0.025600000000849832	Ripples						0.025600000000849832	21590.2328	12.497837223665393	164.09543344193926	1235.2396534281834	
21590.4672	0.042400000002089655	Ripples						0.042400000002089655	21590.4872	9.151904757992918	160.84970323661958	1093.6708003873978	
21591.9312	0.024000000001251465	Ripples						0.024000000001251465	21591.9424	10.369541499773923	160.50179604061276	1075.8246328757994	
21593.9024	0.040000000000873115	Ripples						0.040000000000873115	21593.9192	15.967705200920138	165.91550172672788	1464.4476242286908	
21595.5624	0.04160000000047148	Ripples						0.04160000000047148	21595.5768	9.570494571147984	153.7734582796876	972.6193499659662	
21595.668	0.044799999999668216	Ripples						0.044799999999668216	21595.688000000002	23.170516154875706	165.5868985573634	1825.1132019431113	
21596.0272	0.08719999999811989	Ripples						0.08719999999811989	21596.0824	5.48562467406599	154.7054244750201	964.908939064142	
21596.216	0.04160000000047148	Ripples						0.04160000000047148	21596.2416	20.62354501460332	161.95370111884793	1769.736378114865	
21598.1016	0.028800000000046566	Ripples						0.028800000000046566	21598.116	7.130012460769257	153.48385262913914	727.623066393768	
21599.376800000002	0.059999999997671694	Ripples						0.059999999997671694	21599.3968	12.650289014761514	162.45545432874695	1287.239515404062	
21602.136	0.033600000002479646	Ripples						0.033600000002479646	21602.156	10.87401024323055	163.1392651351629	1169.2770907460558	
21602.5232	0.031200000001263106	Ripples						0.031200000001263106	21602.5368	6.2659943035622465	175.65702457684273	842.5186688163411	
21606.916	0.02959999999802676	Ripples						0.02959999999802676	21606.9328	13.249343843338124	159.7037303758795	1242.891533575109	
21609.0512	0.032799999997223495	Ripples						0.032799999997223495	21609.068	19.13875877937094	168.26665390569573	1641.2460235510816	
21613.448	0.03600000000005821	Ripples						0.03600000000005821	21613.4712	8.434478069467877	169.4697780773551	1024.8077638521852	
21613.6136	0.040000000000873115	Ripples						0.040000000000873115	21613.6392	7.723702563651196	145.60090311211667	770.3949110670343	
21613.7704	0.02079999999841675	Ripples						0.02079999999841675	21613.7784	5.855621188467404	155.70049135980577	760.9911651988814	
21614.9048	0.02239999999801512	Ripples						0.02239999999801512	21614.9144	5.969423061735569	168.09040449883344	864.1642723048029	
21615.8168	0.024000000001251465	Ripples						0.024000000001251465	21615.8304	13.038314994971557	170.70800889824895	1159.9925433386375	
21615.9408	0.0319999999992433	Ripples						0.0319999999992433	21615.9568	16.990591524641832	172.42600526598505	1419.9307212886417	
21616.8088	0.021600000000034925	Ripples						0.021600000000034925	21616.82	13.056128334771378	165.5665754748698	1197.3438208387097	
21616.9248	0.028800000000046566	Ripples						0.028800000000046566	21616.9392	19.024093005102422	159.32298438862588	1406.137779284297	
21618.7992	0.03600000000005821	Ripples						0.03600000000005821	21618.8208	12.14998976361587	151.96819281384313	1175.441898430012	
21620.5592	0.024000000001251465	Ripples						0.024000000001251465	21620.5704	12.235762074723738	165.364008418017	1243.691842402379	
21620.6632	0.02960000000166474	Ripples						0.02960000000166474	21620.6768	18.393797159923917	165.42534820099326	1532.1077525078497	
21620.7984	0.04160000000047148	Ripples						0.04160000000047148	21620.8272	13.909408932395163	162.56304759498934	1374.6440585875862	
21625.0272	0.05280000000129803	Ripples						0.05280000000129803	21625.0688	12.496483105294276	166.81077195880528	1179.0612077211986	
21625.1744	0.022400000001653098	Ripples						0.022400000001653098	21625.1864	6.28984907963772	155.17435557685346	846.9220575681235	
21630.7632	0.03839999999763677	Ripples						0.03839999999763677	21630.781600000002	9.964236931572684	167.47648528670786	1277.558791814647	
21630.8872	0.027999999998428393	Ripples						0.027999999998428393	21630.9024	16.273530569005118	161.76286380425339	1392.58437527103	
21631.0296	0.02239999999801512	Ripples						0.02239999999801512	21631.0384	9.481994779171451	157.02555769417478	987.477891862335	
21631.6256	0.028000000002066372	Ripples						0.028000000002066372	21631.6416	17.362045604563377	167.20010533777776	1471.320163576935	
21631.728	0.04080000000249129	Ripples						0.04080000000249129	21631.7464	26.492251095569138	159.27669533112623	1869.786533082399	
21631.8456	0.02079999999841675	Ripples						0.02079999999841675	21631.856	7.701705324825155	157.13763586582832	886.1078087218286	
21634.32	0.021600000000034925	Ripples						0.021600000000034925	21634.3344	7.941124255576017	165.22199035731037	987.0522013421892	
21636.0096	0.03359999999884167	Ripples						0.03359999999884167	21636.0184	7.4666284679178965	154.43360836299755	826.3720994967687	
21636.5032	0.03680000000167638	Ripples						0.03680000000167638	21636.5232	12.750974031683498	169.68942359161696	1305.2495637735783	
21638.6936	0.0856000000021595	Ripples						0.0856000000021595	21638.7688	10.418842366435339	150.9721320818571	1121.8769210698945	
21646.66	0.037599999999656575	Ripples						0.037599999999656575	21646.6776	10.582411099821414	152.03115602473213	1050.1938055071394	
21647.92	0.05920000000332948	Ripples						0.05920000000332948	21647.9368	9.322977797102013	160.0917819860065	1088.3900823302945	
21650.528	0.033600000002479646	Ripples						0.033600000002479646	21650.5512	6.182712385551576	147.1368533939555	830.8765881964142	
21650.596	0.10399999999935972	Ripples						0.10399999999935972	21650.6288	12.917627161953748	145.25848688638354	977.0846196559743	
21654.8712	0.04320000000006985	Ripples						0.04320000000006985	21654.9008	9.578480709418926	148.26557846420226	1001.5737305406471	
21655.8688	0.030399999999644933	Ripples						0.030399999999644933	21655.8832	10.849792245716326	156.79666781125024	1181.6156973556429	
21658.528	0.02320000000327127	Ripples						0.02320000000327127	21658.5384	9.866100053065663	159.93095460222136	1055.1448583346598	
21658.6696	0.07600000000093132	Ripples						0.07600000000093132	21658.7032	11.470392071415885	156.53258716010018	1277.6001079831444	
21659.4904	0.028800000000046566	Ripples						0.028800000000046566	21659.504	8.314470344099705	163.49663981825	1083.1391438167013	
21661.74	0.0591999999996915	Ripples						0.0591999999996915	21661.7576	11.580604537763014	159.72308072889277	1006.1548422955675	
21667.6648	0.025600000000849832	Ripples						0.025600000000849832	21667.6792	11.025215148522427	156.04838039912215	1028.0410726248697	
21667.768	0.04560000000128639	Ripples						0.04560000000128639	21667.796	10.70021428292188	155.35892928083524	1169.745879071569	
21669.8128	0.028800000000046566	Ripples						0.028800000000046566	21669.8264	11.272493770460516	168.47288174652084	1132.1313503179313	
21669.9128	0.033600000002479646	Ripples						0.033600000002479646	21669.9304	23.012749304984837	161.7418337026596	1800.9591859629602	
21670.1144	0.030400000003282912	Ripples						0.030400000003282912	21670.128	8.721900589642724	166.97377491265917	1142.0882648869438	
21670.236	0.02959999999802676	Ripples						0.02959999999802676	21670.2496	10.36393395486225	170.51024690941227	1125.564679140492	
21671.1488	0.053600000002916204	Ripples						0.053600000002916204	21671.1944	5.199323573945634	152.06246293688136	522.6422504863715	
21685.86	0.044799999999668216	Ripples						0.044799999999668216	21685.891200000002	7.0226611805039925	166.26100805957725	958.8018839645621	
21688.1776	0.06639999999970314	Ripples						0.06639999999970314	21688.202400000002	6.269071826057159	152.67013704931887	846.5978329215496	
21691.128	0.037599999999656575	Ripples						0.037599999999656575	21691.148	6.244382217769685	157.71842206005792	938.1715269929879	
21695.3832	0.031200000001263106	Ripples						0.031200000001263106	21695.3952	16.84339787626005	161.91512640757594	1429.9111762132297	
21700.9112	0.08000000000174623	Ripples						0.08000000000174623	21700.9312	12.400076023600636	146.42603420622416	984.1183007154674	
21701.0864	0.030399999999644933	Ripples						0.030399999999644933	21701.1032	16.971972506648914	158.68916380544485	1463.0922015268748	
21701.6552	0.04320000000006985	Ripples						0.04320000000006985	21701.6728	17.50825901570607	155.07640174060327	1385.5677338231394	
21701.8024	0.03840000000127475	Ripples						0.03840000000127475	21701.8168	15.818155826353415	157.7040957827132	1390.444080719848	
21705.7	0.02079999999841675	Ripples						0.02079999999841675	21705.7104	5.357228776843091	159.31389636699657	717.5889463655245	
21706.6456	0.03680000000167638	Ripples						0.03680000000167638	21706.664	5.443094167292381	152.7711739671976	730.6359390645972	
21708.5656	0.035199999998440035	Ripples						0.035199999998440035	21708.5792	19.267700212293544	164.15912888002546	1380.9269384638949	
21708.6744	0.04160000000047148	Ripples						0.04160000000047148	21708.692	26.899779362862287	158.19945606580762	1914.6978455679123	
21708.9784	0.03359999999884167	Ripples						0.03359999999884167	21708.9896	8.75084071887446	162.52935725604448	1055.3449094759249	
21709.5352	0.040000000000873115	Ripples						0.040000000000873115	21709.556	10.598411886640115	163.6795874977604	1265.3637168988373	
21711.032	0.035200000002078013	Ripples						0.035200000002078013	21711.052	17.09970888095288	166.43874194511216	1443.3115278567393	
21711.1512	0.040000000000873115	Ripples						0.040000000000873115	21711.1656	13.303031752552826	155.6712855732538	1196.8358482296426	
21712.8512	0.02079999999841675	Ripples						0.02079999999841675	21712.8648	6.683135860721024	164.2203378534835	887.6436027433701	
21713.0264	0.0272000000004482	Ripples						0.0272000000004482	21713.0408	9.83492585400923	160.3383743456811	1079.7891705966538	
21713.1064	0.026399999998830026	Ripples						0.026399999998830026	21713.1184	15.307489616446341	162.0621107333683	1346.207496985787	
21715.5248	0.025600000000849832	Ripples						0.025600000000849832	21715.5432	9.307019645026651	158.1271232177205	857.8920708177278	
21716.068	0.03680000000167638	Ripples						0.03680000000167638	21716.0848	15.381268568427108	156.65759792788015	1335.8977185133256	
21718.5744	0.03359999999884167	Ripples						0.03359999999884167	21718.592	11.94857370930516	164.6703373412899	1297.919933585899	
21718.7424	0.02080000000205473	Ripples						0.02080000000205473	21718.7536	7.489847505509125	165.04161511428956	937.8038570913532	
21719.292	0.0319999999992433	Ripples						0.0319999999992433	21719.3032	5.666799113896296	155.4936913725379	820.3193788532922	
21719.8624	0.02719999999681022	Ripples						0.02719999999681022	21719.876800000002	10.363124905791038	161.21328481973046	1155.6722909343869	
21719.9456	0.044799999999668216	Ripples						0.044799999999668216	21719.968	24.910953790591066	164.24551565845098	1911.4973960691143	
21720.104	0.03280000000086147	Ripples						0.03280000000086147	21720.1296	5.313975530328995	159.93042433371966	842.5215070047611	
21720.392	0.028800000000046566	Ripples						0.028800000000046566	21720.4112	8.301040461958117	164.89330751742506	1028.6595497243625	
21723.2192	0.022400000001653098	Ripples						0.022400000001653098	21723.2304	5.1729083615773455	160.39015994873048	805.1772900696793	
21727.8112	0.04560000000128639	Ripples						0.04560000000128639	21727.832	18.73830440307865	155.3420765163844	1463.9507853922876	
21734.5008	0.02479999999923166	Ripples						0.02479999999923166	21734.5152	9.646283503674612	158.14707387147286	1007.8717432732932	
21736.4504	0.04559999999764841	Ripples						0.04559999999764841	21736.4832	18.14715990436041	163.80056655520934	1506.9385189551028	
21736.5928	0.060800000002927845	Ripples						0.060800000002927845	21736.608	14.012961157847347	157.61317297628239	1175.7527204839398	
21738.828	0.035199999998440035	Ripples						0.035199999998440035	21738.8424	16.152892536963925	155.21239889921608	1304.8339809521483	
21743.1696	0.0319999999992433	Ripples						0.0319999999992433	21743.184	19.518154288302085	160.28183852846732	1410.0471617088308	
21743.3016	0.026400000002468005	Ripples						0.026400000002468005	21743.3184	8.36821224315996	156.43745477884525	991.2980518735702	
21744.3944	0.031199999997625127	Ripples						0.031199999997625127	21744.4048	6.54052539659591	168.35492609844516	870.3222274037752	
21744.516	0.03280000000086147	Ripples						0.03280000000086147	21744.5352	33.63445955640835	165.82308702327123	1993.7408373081773	
21744.6112	0.06160000000090804	Ripples						0.06160000000090804	21744.66	19.157905162627806	162.17728197846304	1512.4216393098877	
21744.7552	0.05040000000008149	Ripples						0.05040000000008149	21744.78	6.434074713202755	146.72224178740603	802.6050131223213	
21745.9416	0.025600000000849832	Ripples						0.025600000000849832	21745.9536	6.218196244690965	152.73747696318063	754.370868244766	
21746.0728	0.026399999998830026	Ripples						0.026399999998830026	21746.0848	10.984234540983879	158.16442615104697	1105.1327984831394	
21750.776	0.027999999998428393	Ripples						0.027999999998428393	21750.7896	14.590795371898679	162.2078562634182	1389.9617692596416	
21750.8824	0.03600000000005821	Ripples						0.03600000000005821	21750.904	6.73756497327368	169.1201173925912	979.495414053207	
21750.996	0.031200000001263106	Ripples						0.031200000001263106	21751.0072	14.363806171147386	159.04551314935034	1292.4911080759264	
21751.3832	0.0367999999980384	Ripples						0.0367999999980384	21751.3952	6.492926726895177	153.233735852466	876.6780290929028	
21751.4696	0.07119999999849824	Ripples						0.07119999999849824	21751.5264	10.751754754078934	145.5790766691845	944.800206478467	
21751.5632	0.09600000000136788	Ripples						0.09600000000136788	21751.5776	15.709642596278295	156.86735536378865	1421.6236123085837	
21753.1032	0.04399999999805004	Ripples						0.04399999999805004	21753.12	23.25396539243852	157.3571068301412	1606.2114925035555	
21754.6336	0.0319999999992433	Ripples						0.0319999999992433	21754.648	15.517093499816799	158.30556746403155	1347.1734669522664	
21767.204	0.023199999999633292	Ripples						0.023199999999633292	21767.2152	8.876126948028295	164.68878981182755	1046.2833335269308	
21767.2624	0.04320000000006985	Ripples						0.04320000000006985	21767.288	8.49133168351043	147.66228217847365	949.838468193583	
21767.3552	0.030399999999644933	Ripples						0.030399999999644933	21767.3752	18.92676381677483	161.22417450944414	1555.8588741893475	
21768.1568	0.07040000000051805	Ripples						0.07040000000051805	21768.202400000002	8.619522383349748	156.38265316843427	1047.3456734688539	
21768.432	0.02479999999923166	Ripples						0.02479999999923166	21768.444	10.181864370528146	160.14716795999854	1139.31312678882	
21769.716800000002	0.026399999998830026	Ripples						0.026399999998830026	21769.732	6.824164835573138	152.39731041685863	698.434117046826	
21772.736	0.021600000000034925	Ripples						0.021600000000034925	21772.748	9.718208275366896	160.92526145850442	1018.8031046910476	
21776.2392	0.07440000000133296	Ripples						0.07440000000133296	21776.2896	9.96496832282758	152.0579565143793	1065.1396570310353	
21776.3928	0.05199999999967986	Ripples						0.05199999999967986	21776.4104	13.925926133013991	151.6848085147168	1265.4018470258413	
21777.6624	0.04320000000006985	Ripples						0.04320000000006985	21777.6984	6.468863144591075	156.4487353948728	869.4530563517883	
21784.0528	0.02239999999801512	Ripples						0.02239999999801512	21784.0608	10.655945199298605	162.09081515701226	988.1074056903914	
21790.552	0.035200000002078013	Ripples						0.035200000002078013	21790.5712	8.57837902609039	162.82269483083755	1154.1204929179485	
21790.704	0.03440000000045984	Ripples						0.03440000000045984	21790.7184	14.414876843713396	158.85047885386177	1308.7242677404793	
21790.9856	0.040000000000873115	Ripples						0.040000000000873115	21791.0056	25.87645404751609	160.35622429423344	1882.1174250160188	
21791.0648	0.027999999998428393	Ripples						0.027999999998428393	21791.0816	9.873575214236974	161.89542106066602	1111.9322890052656	
21791.1648	0.05680000000211294	Ripples						0.05680000000211294	21791.2072	13.458269068170818	158.6272222313571	1299.60827151824	
21799.2904	0.051199999998061685	Ripples						0.051199999998061685	21799.3136	6.248173966359761	149.25996240598403	595.4859978522481	
21804.12	0.037599999999656575	Ripples						0.037599999999656575	21804.136	6.863488546891326	144.85085295508154	645.3717774669575	
21804.1816	0.025600000000849832	Ripples						0.025600000000849832	21804.1992	16.40734452291313	159.43991469156074	1365.2970005825057	
21804.2656	0.024000000001251465	Ripples						0.024000000001251465	21804.2784	5.0719791200800275	147.09244492814238	537.3595963818855	
21807.996	0.04320000000006985	Ripples						0.04320000000006985	21808.0232	15.685442065035167	169.37147517206702	1509.7687912039557	
21810.2392	0.022400000001653098	Ripples						0.022400000001653098	21810.2504	8.933423220718947	159.46424390458807	971.713702370541	
21811.267200000002	0.032799999997223495	Ripples						0.032799999997223495	21811.2808	12.039415956926947	165.25428515941226	1362.9351512490869	
21811.3888	0.0319999999992433	Ripples						0.0319999999992433	21811.4032	15.93016866919383	158.68477117060638	1437.2447547129839	
21814.8792	0.042400000002089655	Ripples						0.042400000002089655	21814.8968	12.917743038343472	150.14861922486077	1112.312119696993	
21816.4488	0.03680000000167638	Ripples						0.03680000000167638	21816.4744	6.8860684890731	151.02933714289017	957.130403900159	
21816.616	0.03600000000005821	Ripples						0.03600000000005821	21816.637600000002	11.270325803493463	149.73623062446583	986.4054505224033	
21816.8336	0.062399999998888234	Ripples						0.062399999998888234	21816.8856	6.691911734758684	158.563354479944	724.3261022808381	
21829.0	18.0	SleepStates											REM
21848.0	31.0	SleepStates											Awake
21849.1264	0.02479999999923166	Ripples						0.02479999999923166	21849.137600000002	8.381071489037309	161.13242163887608	1025.8988825792921	
21870.524	0.037599999999656575	Ripples						0.037599999999656575	21870.5344	5.714680849868427	157.6093217192719	914.0814913365986	
21870.636	0.035200000002078013	Ripples						0.035200000002078013	21870.6584	21.05966207317052	171.2702555148945	1568.4353361062501	
21873.9112	0.024800000002869638	Ripples						0.024800000002869638	21873.9256	6.642957535023475	153.85860626834705	874.0381992533073	
21875.9952	0.03839999999763677	Ripples						0.03839999999763677	21876.0256	8.228914812288492	159.47054086053598	994.2360279258342	
21876.0912	0.033600000002479646	Ripples						0.033600000002479646	21876.1096	10.707939443415086	153.2604522270299	1062.9952788098467	
21876.2448	0.0272000000004482	Ripples						0.0272000000004482	21876.2584	15.595461204563511	164.2232652888428	1344.1338269132377	
21880.0	126.0	SleepStates											Non-REM
21885.4832	0.11840000000302098	Ripples						0.11840000000302098	21885.4944	9.579287863527018	156.95601775621708	1025.6632008362633	
21885.7616	0.023199999999633292	Ripples						0.023199999999633292	21885.772	8.978908217906934	163.32409378965116	1046.1365735088505	
21888.8784	0.10319999999774154	Ripples						0.10319999999774154	21888.9688	22.63406960415841	159.4196475714981	1683.3118725548109	
21889.0496	0.03200000000288128	Ripples						0.03200000000288128	21889.068	21.438351741631298	169.57584241982173	1590.779267461974	
21893.8112	0.06720000000132131	Ripples						0.06720000000132131	21893.8224	7.313242914314629	151.10763900222997	905.2507384946604	
21898.672	0.03200000000288128	Ripples						0.03200000000288128	21898.6936	7.918202003862184	165.28606081063356	1030.0982480532425	
21898.7656	0.09840000000258442	Ripples						0.09840000000258442	21898.82	18.83863816427144	152.34144234567074	1512.532318904362	
21899.9384	0.02080000000205473	Ripples						0.02080000000205473	21899.9488	5.093947153066875	155.1669569412927	871.4717940005294	
21902.1192	0.03359999999884167	Ripples						0.03359999999884167	21902.1368	20.88150478977944	164.83019200013	1661.2241553241026	
21902.7824	0.04799999999886495	Ripples						0.04799999999886495	21902.8008	14.871384553069438	155.84733153340392	1417.6156117145238	
21904.274400000002	0.03359999999884167	Ripples						0.03359999999884167	21904.2896	8.068638347194227	149.88063731884597	755.7572230608102	
21904.3792	0.03680000000167638	Ripples						0.03680000000167638	21904.4008	13.259566113238208	152.63993072675126	1112.5959850684128	
21906.0096	0.030399999999644933	Ripples						0.030399999999644933	21906.024	11.795461688848548	165.4674625139067	1313.5726295747968	
21906.1072	0.056000000000494765	Ripples						0.056000000000494765	21906.1416	15.830517475069952	157.37179885244288	1223.3512549993068	
21906.5832	0.062399999998888234	Ripples						0.062399999998888234	21906.6208	6.381425721604648	149.67632194767535	794.0884411082804	
21907.4328	0.0544000000008964	Ripples						0.0544000000008964	21907.4496	15.668667545361476	163.6736436890551	1339.211986143029	
21907.5608	0.03840000000127475	Ripples						0.03840000000127475	21907.5856	22.66770089125702	154.21274038372036	1648.6335273261216	
21919.9408	0.03440000000045984	Ripples						0.03440000000045984	21919.9512	11.879322560072259	157.29510485346788	1033.812945295976	
21920.152000000002	0.044799999999668216	Ripples						0.044799999999668216	21920.1784	13.425327770687373	149.27602365023282	1142.8302053459108	
21920.3232	0.03680000000167638	Ripples						0.03680000000167638	21920.3472	7.975854699509736	158.0221283286408	1097.1103275676342	
21921.3864	0.0319999999992433	Ripples						0.0319999999992433	21921.4024	14.449908291256351	169.5910232070967	1388.4797635395714	
21928.5696	0.026400000002468005	Ripples						0.026400000002468005	21928.5864	14.693746376922135	162.45283223596326	1263.3880845945494	
21928.824	0.058399999998073326	Ripples						0.058399999998073326	21928.8608	10.812239459155384	151.19036388918875	1186.8622384034077	
21928.9264	0.05280000000129803	Ripples						0.05280000000129803	21928.9408	5.89137851630723	156.5828049110163	935.5936657929918	
21932.2832	0.02959999999802676	Ripples						0.02959999999802676	21932.3048	9.575619716623194	151.57905694097855	925.7493873511719	
21933.756	0.02959999999802676	Ripples						0.02959999999802676	21933.768	5.425140435095017	151.52724873787093	579.6817115888555	
21937.652000000002	0.0367999999980384	Ripples						0.0367999999980384	21937.666400000002	14.44975476265967	157.75952547950232	1071.9782422853455	
21937.7552	0.02960000000166474	Ripples						0.02960000000166474	21937.7776	5.826261638911184	154.5658684282013	674.1342857083803	
21944.1464	0.025599999997211853	Ripples						0.025599999997211853	21944.1648	6.483161336314721	155.09456812192332	794.305211688934	
21944.244	0.03280000000086147	Ripples						0.03280000000086147	21944.2584	12.707974601219451	170.12067896457958	1233.4916522082858	
21946.456	0.0856000000021595	Ripples						0.0856000000021595	21946.4952	17.336812161668448	159.74829150690357	1674.7507893105922	
21946.5992	0.04160000000047148	Ripples						0.04160000000047148	21946.624	21.29348750276945	153.40240765984365	1574.6814736229844	
21946.7416	0.042399999998451676	Ripples						0.042399999998451676	21946.7664	14.414931164706294	153.47640917932134	1148.6772610126714	
21946.8216	0.0319999999992433	Ripples						0.0319999999992433	21946.84	10.431121435371164	158.75815791644695	1155.8037292210013	
21948.6864	0.03280000000086147	Ripples						0.03280000000086147	21948.6976	7.777891101756094	155.82353888742665	921.7319796533259	
21948.9312	0.03440000000045984	Ripples						0.03440000000045984	21948.9424	10.318449661777418	157.17272508618368	1114.6776909037992	
21949.8416	0.03600000000005821	Ripples						0.03600000000005821	21949.8632	11.635641067928592	151.7758095222374	1103.3070071946674	
21950.3256	0.04400000000168802	Ripples						0.04400000000168802	21950.3568	7.696361557732347	156.19440942710295	1039.4190039948364	
21950.4896	0.05760000000009313	Ripples						0.05760000000009313	21950.5008	5.89905610835911	150.6049000963183	767.3855047533019	
21953.3176	0.035200000002078013	Ripples						0.035200000002078013	21953.3424	12.013730649040717	162.67909262586943	1157.280858125155	
21953.4224	0.037599999999656575	Ripples						0.037599999999656575	21953.4352	13.836718360366254	151.1981786866044	1119.2081994994567	
21953.5544	0.04399999999805004	Ripples						0.04399999999805004	21953.5824	14.850959999630499	159.3298764628295	1519.0519722124725	
21960.588	0.040000000000873115	Ripples						0.040000000000873115	21960.6168	8.350550673614237	150.8127269086707	839.951114568095	
21961.6424	0.028800000000046566	Ripples						0.028800000000046566	21961.6536	5.7832459488695775	154.0978107413654	777.9623222723068	
21962.8504	0.06880000000091968	Ripples						0.06880000000091968	21962.8648	13.773887139707874	153.76068724814436	1343.5034754359676	
21968.772	0.0367999999980384	Ripples						0.0367999999980384	21968.7808	15.67670286915759	163.55405238337048	1304.905630522589	
21968.9368	0.04160000000047148	Ripples						0.04160000000047148	21968.9648	8.131826093477306	149.62074550788958	843.0076282662606	
21976.8064	0.07200000000011642	Ripples						0.07200000000011642	21976.8152	5.4204126827769565	158.5515187455094	694.4118073184546	
21977.0096	0.039999999997235136	Ripples						0.039999999997235136	21977.0416	9.289765699138309	153.91400335546228	1014.3436922595141	
21978.0712	0.09120000000257278	Ripples						0.09120000000257278	21978.130400000002	10.455582523338984	149.98755060216894	1034.9495976368273	
21979.1	0.047200000000884756	Ripples						0.047200000000884756	21979.1224	9.875192518946783	145.88916403595272	930.1638928438839	
21979.2432	0.03840000000127475	Ripples						0.03840000000127475	21979.2608	6.499612691226523	151.52153468234576	864.9614144034032	
21979.4416	0.028800000000046566	Ripples						0.028800000000046566	21979.456	6.917143770261833	155.46563690351343	787.7153023646197	
21979.5408	0.024000000001251465	Ripples						0.024000000001251465	21979.552	9.771095609732265	166.37982637568888	1100.7207164446102	
21980.8728	0.048800000000483124	Ripples						0.048800000000483124	21980.9008	8.765560166865773	149.15806689141684	915.4650233493435	
21981.9488	0.021600000000034925	Ripples						0.021600000000034925	21981.96	8.87058010297444	160.13185413244312	947.6197475366525	
21982.0432	0.03919999999925494	Ripples						0.03919999999925494	21982.0592	14.846110292337364	162.8639260976076	1439.232143925467	
21982.8048	0.032799999997223495	Ripples						0.032799999997223495	21982.8232	12.898084479582126	155.00317766665776	1176.2123044512034	
21983.6336	0.0544000000008964	Ripples						0.0544000000008964	21983.6648	12.326086862206244	147.71576527601275	1168.8277830231093	
21983.936	0.0319999999992433	Ripples						0.0319999999992433	21983.9472	9.939844415848642	159.6967534457028	1081.9785100914792	
21986.4016	0.032799999997223495	Ripples						0.032799999997223495	21986.4208	7.810926355990291	149.1662281692384	773.9553471475473	
21988.9936	0.05040000000008149	Ripples						0.05040000000008149	21989.0224	7.721020794144084	152.5593584310262	974.9307249701876	
21991.9216	0.037599999999656575	Ripples						0.037599999999656575	21991.9384	21.528670706089763	158.63269320274148	1678.6825392944236	
21992.0	0.05040000000008149	Ripples						0.05040000000008149	21992.036	20.899001119390928	160.49496140471882	1734.5629639235835	
21992.1568	0.03919999999925494	Ripples						0.03919999999925494	21992.168	8.344527156096364	163.75971474656203	999.4320077375722	
21992.2968	0.042399999998451676	Ripples						0.042399999998451676	21992.3224	9.508749984583641	150.89465064001584	1086.6740659346226	
21992.4632	0.022400000001653098	Ripples						0.022400000001653098	21992.4776	14.184568441969057	158.66742036978087	1105.1573846000506	
21993.9456	0.044799999999668216	Ripples						0.044799999999668216	21993.9688	13.021397873064094	158.56030772203914	1384.5633566175024	
21994.2736	0.03359999999884167	Ripples						0.03359999999884167	21994.2936	23.42590958158586	165.20410187809213	1691.0211612398364	
21997.7984	0.03680000000167638	Ripples						0.03680000000167638	21997.8208	7.480674472912927	146.3577200896063	665.4797917454922	
21997.9264	0.047200000000884756	Ripples						0.047200000000884756	21997.9344	5.74186508212243	149.06969354181726	730.7653930743646	
22002.6184	0.03600000000005821	Ripples						0.03600000000005821	22002.6328	11.972127973614265	153.7007559708386	1097.117932116158	
22002.760000000002	0.0319999999992433	Ripples						0.0319999999992433	22002.7808	12.423016503263904	154.7459490961638	1175.7266981877378	
22003.264	0.033600000002479646	Ripples						0.033600000002479646	22003.2792	7.054521640313441	153.31571257827204	769.2886967537469	
22003.7088	0.022400000001653098	Ripples						0.022400000001653098	22003.7208	5.7056591490597866	153.60464084490926	729.611999085059	
22007.0	33.0	SleepStates											REM
22041.0	12.0	SleepStates											Awake
22050.2176	0.021600000000034925	Ripples						0.021600000000034925	22050.228	6.421473052469203	156.7000257328364	791.4668268752835	
22054.0	192.0	SleepStates											Non-REM
22056.231200000002	0.031199999997625127	Ripples						0.031199999997625127	22056.2488	14.543614270998244	159.05708392454267	1379.8033557981676	
22057.8344	0.05040000000008149	Ripples						0.05040000000008149	22057.8512	24.8264131569985	160.57386060898097	1863.7026835887893	
22061.1976	0.026400000002468005	Ripples						0.026400000002468005	22061.2112	18.21907861244079	168.5664225785156	1484.805364855251	
22073.6984	0.02479999999923166	Ripples						0.02479999999923166	22073.7064	5.4256530065835005	151.94635970377922	664.8389525338542	
22075.9104	0.03919999999925494	Ripples						0.03919999999925494	22075.9272	15.128068064992632	157.03544871967182	1066.3758132725516	
22077.2624	0.028000000002066372	Ripples						0.028000000002066372	22077.2736	7.635176787366426	151.42650792285457	796.0853417662422	
22077.8288	0.026400000002468005	Ripples						0.026400000002468005	22077.848	12.785662747938298	163.22762922689702	1199.1337383103066	
22078.9064	0.027999999998428393	Ripples						0.027999999998428393	22078.92	6.9141776160828154	155.93340221617422	819.1559064890793	
22079.0144	0.027999999998428393	Ripples						0.027999999998428393	22079.0312	16.375673007860282	159.51476181151463	1295.3715003146879	
22080.348	0.023199999999633292	Ripples						0.023199999999633292	22080.356	5.528449965416835	171.42524991378295	779.3151106898483	
22080.4944	0.042400000002089655	Ripples						0.042400000002089655	22080.5272	5.475021687158183	152.39361443721629	661.0787958103234	
22081.1184	0.04320000000006985	Ripples						0.04320000000006985	22081.1392	13.86120650254547	150.97233366696344	1161.1791450978524	
22081.664	0.021600000000034925	Ripples						0.021600000000034925	22081.672	5.03689349293092	170.79580121414642	805.5466647501072	
22082.0576	0.040000000000873115	Ripples						0.040000000000873115	22082.0872	13.008294999018563	153.27673099142035	1150.8452043096177	
22082.556	0.08959999999933643	Ripples						0.08959999999933643	22082.6216	21.248490297476987	149.2207091978126	1588.9150411783328	
22083.484	0.042399999998451676	Ripples						0.042399999998451676	22083.4984	22.72065493352358	163.6306974687756	1613.5424373961896	
22083.596	0.03359999999884167	Ripples						0.03359999999884167	22083.616	23.154044491557034	164.5687401294394	1821.0001086621344	
22083.784	0.023199999999633292	Ripples						0.023199999999633292	22083.7976	6.83024088974849	160.1349764849453	877.309092718682	
22084.024	0.02479999999923166	Ripples						0.02479999999923166	22084.0384	5.498559537380602	152.37267882508175	688.3992797435781	
22084.1528	0.028800000000046566	Ripples						0.028800000000046566	22084.168	7.654499198336181	156.344766221993	983.4379438236855	
22084.3168	0.02239999999801512	Ripples						0.02239999999801512	22084.328	5.866969491992499	153.55191365657436	797.0592923773029	
22086.5816	0.026399999998830026	Ripples						0.026399999998830026	22086.5896	6.344225904725727	155.47427580561364	669.9370329924079	
22093.4616	0.028800000000046566	Ripples						0.028800000000046566	22093.4728	5.405747695264087	155.38743546402463	691.0225557582318	
22093.5504	0.046399999999266583	Ripples						0.046399999999266583	22093.5704	23.638788128112193	161.64942678691997	1815.1443041289783	
22103.1872	0.022400000001653098	Ripples						0.022400000001653098	22103.1984	6.619566705294977	161.1280756973994	837.0569600097663	
22104.1624	0.023199999999633292	Ripples						0.023199999999633292	22104.1752	5.124067318674266	165.2772718371571	863.8253956522617	
22104.6256	0.0864000000001397	Ripples						0.0864000000001397	22104.6928	22.663573886881423	159.4437907645902	1857.6341765456878	
22104.78	0.028800000000046566	Ripples						0.028800000000046566	22104.7984	13.523530888943593	166.311998059572	1133.6786601283573	
22107.7256	0.04719999999724678	Ripples						0.04719999999724678	22107.7616	13.695909647204843	154.18878024891117	1129.3057635559778	
22107.8248	0.06240000000252621	Ripples						0.06240000000252621	22107.8664	15.775531344432192	149.23031933927476	1336.8752731604516	
22108.8016	0.037599999999656575	Ripples						0.037599999999656575	22108.82	16.554151192064083	156.22062812111955	1357.26923911278	
22109.0848	0.03440000000045984	Ripples						0.03440000000045984	22109.1008	15.36588494794197	162.7677542783126	1497.6956552874663	
22111.1712	0.04160000000047148	Ripples						0.04160000000047148	22111.1888	11.408752440608824	148.56982833693183	1211.5801632851437	
22111.2336	0.028000000002066372	Ripples						0.028000000002066372	22111.2512	12.3445022878318	158.23338578723883	1239.9189992076033	
22112.0368	0.07519999999931315	Ripples						0.07519999999931315	22112.0544	9.576860990721316	150.84573800285577	1006.4941409446773	
22116.048	0.033600000002479646	Ripples						0.033600000002479646	22116.0712	12.227945764955434	151.47203619269501	1061.0288340339537	
22119.504	0.04079999999885331	Ripples						0.04079999999885331	22119.5216	7.065908856834291	148.77642121067646	529.9201421468896	
22119.6648	0.024800000002869638	Ripples						0.024800000002869638	22119.6768	11.033432476460352	157.841930567762	1082.6063830280148	
22120.2144	0.047200000000884756	Ripples						0.047200000000884756	22120.2368	14.938768758931056	161.54177534029853	1411.6490990568898	
22120.3544	0.03600000000005821	Ripples						0.03600000000005821	22120.3688	10.321921363548784	150.0276439031168	1066.3689356911539	
22127.781600000002	0.053599999999278225	Ripples						0.053599999999278225	22127.8136	12.201358427108218	149.78480159969493	1150.1267184319306	
22127.9072	0.07679999999891152	Ripples						0.07679999999891152	22127.96	15.797809243857161	151.9036469299043	1518.4311881910055	
22129.3464	0.07440000000133296	Ripples						0.07440000000133296	22129.36	10.39975031838469	163.67096490388678	1132.1739442672604	
22129.4952	0.03839999999763677	Ripples						0.03839999999763677	22129.5096	20.145181096289736	167.0617528790739	1617.6797341206116	
22146.6152	0.04320000000006985	Ripples						0.04320000000006985	22146.6392	12.464699558969617	161.67071850909696	1357.4902865750819	
22148.1408	0.03839999999763677	Ripples						0.03839999999763677	22148.1552	11.776465072631819	156.4263205025978	1244.1462315529216	
22149.8152	0.03600000000005821	Ripples						0.03600000000005821	22149.8328	18.39862120094546	155.57222744960768	1483.2167429849935	
22150.184	0.031199999997625127	Ripples						0.031199999997625127	22150.1944	7.037122808680466	157.71944926695178	761.9599595207455	
22150.2936	0.05679999999847496	Ripples						0.05679999999847496	22150.3072	11.791833095969483	158.62292705470404	1218.402370411294	
22156.028	0.033600000002479646	Ripples						0.033600000002479646	22156.0392	13.833375653501474	153.67443017062897	1180.4204140812317	
22156.192	0.02960000000166474	Ripples						0.02960000000166474	22156.2072	10.031098605811225	154.7650948771857	968.5637995598646	
22157.7448	0.026399999998830026	Ripples						0.026399999998830026	22157.764	9.621904029107416	158.91211730501556	875.2385337503598	
22157.8784	0.04320000000006985	Ripples						0.04320000000006985	22157.9104	13.834851964601294	155.54825284490258	1291.2087128838955	
22159.4664	0.02479999999923166	Ripples						0.02479999999923166	22159.4776	5.065570103407114	156.09757687648786	790.9139344863803	
22159.624	0.03840000000127475	Ripples						0.03840000000127475	22159.6344	9.497602605806497	157.15276403900785	966.9124511440309	
22159.856	0.035200000002078013	Ripples						0.035200000002078013	22159.8848	5.105233965615822	154.44777751369048	513.540320533679	
22164.0568	0.03600000000005821	Ripples						0.03600000000005821	22164.0768	20.367362881647608	159.7643001335281	1663.6861057384888	
22164.4136	0.08799999999973807	Ripples						0.08799999999973807	22164.424	7.023879069301086	158.65716063551147	748.1666599649309	
22164.5752	0.023199999999633292	Ripples						0.023199999999633292	22164.584	12.636308880974509	157.12820989317237	1019.0692670307867	
22175.148	0.042399999998451676	Ripples						0.042399999998451676	22175.1656	10.673317410096182	154.34686883662343	1167.030590672143	
22184.9216	0.03600000000005821	Ripples						0.03600000000005821	22184.9376	16.90556547647147	178.7505648055917	1236.376326834948	
22185.1904	0.06079999999928987	Ripples						0.06079999999928987	22185.2016	18.091896963651227	156.6901476911285	1435.9822179783891	
22186.7128	0.04160000000047148	Ripples						0.04160000000047148	22186.7336	16.772430736055075	156.0328323858046	1450.0845528429725	
22190.8832	0.025600000000849832	Ripples						0.025600000000849832	22190.9	15.632701530484152	165.41369404923344	1316.347120043981	
22191.256	0.05199999999967986	Ripples						0.05199999999967986	22191.2728	14.075260296535097	157.13310241587885	1364.445951565287	
22191.4616	0.021600000000034925	Ripples						0.021600000000034925	22191.4728	8.817315659943063	160.88835131515845	1043.00301591361	
22193.9648	0.039999999997235136	Ripples						0.039999999997235136	22193.9848	14.376812946759795	175.36246117168668	1324.1170427124114	
22194.4208	0.040000000000873115	Ripples						0.040000000000873115	22194.436	16.94318977913693	156.38910427192272	1440.9769035488252	
22197.659200000002	0.030399999999644933	Ripples						0.030399999999644933	22197.668	8.938851908457405	151.6174070897467	847.8176506585615	
22197.712	0.05199999999967986	Ripples						0.05199999999967986	22197.7336	21.44958134219646	153.9825438872246	1712.0141900319422	
22197.8384	0.047200000000884756	Ripples						0.047200000000884756	22197.8496	12.934546591586898	160.05632221645968	1174.7489881768643	
22198.464	0.04560000000128639	Ripples						0.04560000000128639	22198.4784	21.75512934252922	159.02793890071092	1696.5137643870762	
22198.7328	0.026399999998830026	Ripples						0.026399999998830026	22198.7472	15.654738565057894	161.3090838566724	1356.2483922687027	
22206.6472	0.04800000000250293	Ripples						0.04800000000250293	22206.684	17.16864975408982	152.2266272038483	1273.3000685472127	
22210.5496	0.028800000000046566	Ripples						0.028800000000046566	22210.5672	15.78296449889131	161.56276468737565	1322.557292115196	
22210.8728	0.025600000000849832	Ripples						0.025600000000849832	22210.8816	8.023375126409247	156.5244733473554	937.4276993749767	
22211.1224	0.03840000000127475	Ripples						0.03840000000127475	22211.1368	19.259869668205038	160.8144895262355	1555.4594162164026	
22211.5688	0.030399999999644933	Ripples						0.030399999999644933	22211.5872	12.731124871203995	170.13067819495566	1279.2602890751891	
22211.8784	0.023999999997613486	Ripples						0.023999999997613486	22211.8896	6.872003873715734	171.11821860180694	892.5171189292389	
22212.3648	0.040000000000873115	Ripples						0.040000000000873115	22212.3792	14.445771129982194	155.29184579459442	1144.745777552021	
22213.1024	0.028000000002066372	Ripples						0.028000000002066372	22213.116	7.270109482043167	156.7191630119754	1028.420398326823	
22213.2128	0.0367999999980384	Ripples						0.0367999999980384	22213.2272	21.95841789109571	159.61316811766082	1680.3268959832951	
22215.02	0.0367999999980384	Ripples						0.0367999999980384	22215.0384	10.089597630463595	150.6084978793084	996.6962814052571	
22221.484	0.02079999999841675	Ripples						0.02079999999841675	22221.4976	10.654377219883704	162.98791188985678	1052.091793781167	
22222.6096	0.04400000000168802	Ripples						0.04400000000168802	22222.632	7.233940401728181	145.4369848722176	764.7040169881093	
22225.808	0.040000000000873115	Ripples						0.040000000000873115	22225.8168	8.058769220048555	160.9531814232418	982.7050042810182	
22225.9224	0.024000000001251465	Ripples						0.024000000001251465	22225.936	9.56763997183199	160.7175906669507	990.264738070054	
22225.9872	0.024000000001251465	Ripples						0.024000000001251465	22225.9976	10.801555886212778	166.51424718030484	1073.3141066928195	
22226.1472	0.023199999999633292	Ripples						0.023199999999633292	22226.1608	8.723408125969279	164.43130221382253	1010.2196637763175	
22230.731200000002	0.02079999999841675	Ripples						0.02079999999841675	22230.7424	7.760403385664187	164.42339109284092	872.4954971558508	
22232.084	0.03280000000086147	Ripples						0.03280000000086147	22232.0912	10.31397602907122	159.50896734067976	920.1803143216084	
22235.128	0.030399999999644933	Ripples						0.030399999999644933	22235.1384	8.41780418847578	162.38524478573558	873.5688639013732	
22243.1096	0.035200000002078013	Ripples						0.035200000002078013	22243.128	9.9097609797094	155.32465790344168	1256.5846115692086	
22243.252	0.05679999999847496	Ripples						0.05679999999847496	22243.28	13.0955703111606	148.89723051755882	1195.663897942597	
22243.405600000002	0.04079999999885331	Ripples						0.04079999999885331	22243.4208	12.601517192526803	153.54646345611113	1141.1069325349597	
22247.0	206.0	SleepStates											REM
22454.0	1013.0	SleepStates											Awake
22467.0728	0.028800000000046566	Ripples						0.028800000000046566	22467.092	7.638627453702371	169.7384800026559	1030.8380316814073	
22474.7184	0.058399999998073326	Ripples						0.058399999998073326	22474.7408	5.045465133794796	169.6580789054922	791.2975233606558	
22493.905600000002	0.02479999999923166	Ripples						0.02479999999923166	22493.9168	8.138168079399454	155.72221700411814	941.0824617865558	
22499.1784	0.0591999999996915	Ripples						0.0591999999996915	22499.2152	11.380002963591998	173.00739400758633	1148.8419841438156	
22499.3952	0.1088000000017928	Ripples						0.1088000000017928	22499.416	12.56147966349166	150.32797654143252	1253.3953735004106	
22501.912	0.03680000000167638	Ripples						0.03680000000167638	22501.920000000002	10.15922895509259	168.754759709352	1055.8946192692094	
22502.0472	0.04320000000006985	Ripples						0.04320000000006985	22502.0688	18.50143303668481	151.0028512594592	1214.5847762955439	
22502.476	0.04400000000168802	Ripples						0.04400000000168802	22502.5024	17.841908562710223	155.73243338966503	1299.2968785600494	
22503.048	0.022400000001653098	Ripples						0.022400000001653098	22503.0624	7.567709327278112	160.145039824633	915.1024881793802	
22503.1432	0.03920000000289292	Ripples						0.03920000000289292	22503.1688	18.82962465462463	156.50143886888847	1459.672639625553	
22503.4296	0.04799999999886495	Ripples						0.04799999999886495	22503.4432	20.338531559020993	165.0379435978204	1518.7602115663697	
22503.548	0.03920000000289292	Ripples						0.03920000000289292	22503.5624	22.135594398270275	158.10251607259767	1715.2239011622269	
22504.2248	0.051200000001699664	Ripples						0.051200000001699664	22504.2336	5.918530157750075	147.95430941583643	672.1558007776493	
22504.3736	0.037599999999656575	Ripples						0.037599999999656575	22504.4	5.360046321088299	149.60211293438167	495.64869976823513	
22512.4936	0.07200000000011642	Ripples						0.07200000000011642	22512.5472	6.885734532588378	148.0015356161704	539.1854392698547	
22512.6816	0.025600000000849832	Ripples						0.025600000000849832	22512.6976	6.298370547729825	174.5240128326056	848.5312560578008	
22517.9008	0.12880000000222935	Ripples						0.12880000000222935	22517.9864	6.739415984558007	157.4723762800726	886.6483795781527	
22519.4664	0.13599999999860302	Ripples						0.13599999999860302	22519.5104	11.888523129199898	150.80947189691335	1358.66053191176	
22520.2848	0.0272000000004482	Ripples						0.0272000000004482	22520.3024	7.72211375043218	157.15612503705762	951.344980476043	
22520.4184	0.07440000000133296	Ripples						0.07440000000133296	22520.4496	9.088899306934369	145.46565299046262	943.2331502004763	
22525.9464	0.0367999999980384	Ripples						0.0367999999980384	22525.9664	13.934429546432208	153.84482137995082	1262.6083669400869	
22531.8208	0.062399999998888234	Ripples						0.062399999998888234	22531.8456	21.238583031906384	169.94887629205866	1746.8011704017488	
22531.948	0.07440000000133296	Ripples						0.07440000000133296	22532.0112	13.475691201089111	168.8452782373712	1216.7273271377353	
22532.344	0.04320000000006985	Ripples						0.04320000000006985	22532.3632	11.556147553922548	166.201193506284	1280.0928765430042	
22532.709600000002	0.042399999998451676	Ripples						0.042399999998451676	22532.7344	15.078344325164235	156.57279234154166	1469.988769577812	
22535.6864	0.05040000000008149	Ripples						0.05040000000008149	22535.6984	7.848821677875005	154.11211330405402	588.3277055169262	
22535.8896	0.0272000000004482	Ripples						0.0272000000004482	22535.9072	15.892583830402534	158.94930871032295	1244.6991169907578	
22538.7864	0.04559999999764841	Ripples						0.04559999999764841	22538.8208	9.138301894706299	157.92579307714686	1016.8507209066429	
22539.4176	0.0632000000005064	Ripples						0.0632000000005064	22539.476	5.238773118007397	156.79176897652633	725.4711908499978	
22558.2296	0.037600000003294554	Ripples						0.037600000003294554	22558.2496	12.96037998533156	157.42283739470471	1279.7455667680822	
22566.0584	0.03359999999884167	Ripples						0.03359999999884167	22566.076	12.682955525974313	166.93490486528904	1353.1031634255278	
22576.4976	0.07200000000011642	Ripples						0.07200000000011642	22576.5488	15.440498381537964	155.70881565366815	1362.6276464850325	
22585.3104	0.026400000002468005	Ripples						0.026400000002468005	22585.3208	12.110082083916135	161.9347376372392	1158.9056217749192	
22585.7272	0.06559999999808497	Ripples						0.06559999999808497	22585.776	12.661520428029158	162.1276623156576	1284.1609004590857	
22589.6456	0.0591999999996915	Ripples						0.0591999999996915	22589.6784	7.0320010316089085	160.07919512563663	1002.3536984804978	
22591.1424	0.05199999999967986	Ripples						0.05199999999967986	22591.159200000002	19.059991644200228	162.57604281449892	1576.2501644327058	
22591.3064	0.03359999999884167	Ripples						0.03359999999884167	22591.3208	6.034509816775636	161.21403854638018	906.8908427272024	
22592.0184	0.04079999999885331	Ripples						0.04079999999885331	22592.0416	9.449182678038392	175.4791898935385	941.2169008242997	
22595.2632	0.062399999998888234	Ripples						0.062399999998888234	22595.2952	10.673808608335069	139.14267577507192	787.6741196804031	
22595.4672	0.046399999999266583	Ripples						0.046399999999266583	22595.4904	28.84449407339397	168.10187411038316	2065.9858179162593	
22597.764	0.053599999999278225	Ripples						0.053599999999278225	22597.7928	22.738445516082038	152.02991390332454	1659.7679782966816	
22597.8552	0.03600000000005821	Ripples						0.03600000000005821	22597.8696	11.357947606570296	161.29545015862863	1177.695231749582	
22597.9288	0.03440000000045984	Ripples						0.03440000000045984	22597.9456	10.509082948566268	154.79879818446818	1158.0518208336434	
22602.376800000002	0.031199999997625127	Ripples						0.031199999997625127	22602.3976	7.5655217730233675	155.3210093720055	859.600561061548	
22604.0632	0.040000000000873115	Ripples						0.040000000000873115	22604.0928	10.533710321374208	158.19127591890208	1071.9844888708744	
22605.4208	0.028000000002066372	Ripples						0.028000000002066372	22605.4352	7.206021143199277	161.84120494909925	987.8787890637581	
22605.5328	0.04160000000047148	Ripples						0.04160000000047148	22605.5504	21.331218773604316	167.4302254912749	1728.0459474473096	
22609.8152	0.035199999998440035	Ripples						0.035199999998440035	22609.836	13.038201039983104	155.38088504879505	1233.6977843459752	
22611.1472	0.0591999999996915	Ripples						0.0591999999996915	22611.1752	16.961857715483028	156.4728682144195	1506.9141563886626	
22611.2544	0.0367999999980384	Ripples						0.0367999999980384	22611.2688	27.140917308394645	164.41811800631288	1852.6225665037084	
22613.1776	0.056000000000494765	Ripples						0.056000000000494765	22613.2048	16.25328917123755	152.167117629657	1289.855248866361	
22615.812	0.023999999997613486	Ripples						0.023999999997613486	22615.8224	5.5366419661601896	158.217184840135	868.0998255866391	
22616.5872	0.07679999999891152	Ripples						0.07679999999891152	22616.612	12.128275489241094	158.11687347678037	1267.874743359973	
22617.7504	0.03839999999763677	Ripples						0.03839999999763677	22617.7784	5.921078108102137	152.39967274478883	746.2193331180498	
22622.4216	0.048799999996845145	Ripples						0.048799999996845145	22622.4368	15.0483923373165	157.5733135181979	1426.9256041976535	
22629.9248	0.04160000000047148	Ripples						0.04160000000047148	22629.9448	9.79178073936791	156.89649187322794	1100.237316289698	
22633.2008	0.09200000000055297	Ripples						0.09200000000055297	22633.268	18.09053246362252	160.25872215684498	1671.2709372039337	
22637.2768	0.03600000000005821	Ripples						0.03600000000005821	22637.2928	10.835617857429227	161.57908828892647	1223.2501575272381	
22637.5416	0.028800000000046566	Ripples						0.028800000000046566	22637.5528	8.059052125840818	161.31014996221634	882.2259410324295	
22638.0792	0.03280000000086147	Ripples						0.03280000000086147	22638.0992	15.67852622262229	165.88932118852853	1387.8837194097093	
22638.1848	0.06240000000252621	Ripples						0.06240000000252621	22638.2368	10.432557432278738	169.37059286620905	1153.9679759626504	
22639.164	0.030399999999644933	Ripples						0.030399999999644933	22639.1776	18.657521897004273	163.43214543886288	1583.3101453572456	
22639.2696	0.06720000000132131	Ripples						0.06720000000132131	22639.32	9.945703289678043	158.8066795963706	1177.211292612163	
22646.3672	0.035199999998440035	Ripples						0.035199999998440035	22646.3776	11.902044128464519	155.42634663670046	1114.086748012634	
22648.028	0.024000000001251465	Ripples						0.024000000001251465	22648.0416	9.333772419064319	160.66720282127463	1042.7766068717497	
22651.7912	0.0632000000005064	Ripples						0.0632000000005064	22651.8056	15.956775245001895	163.8635797910196	1442.4405661733374	
22654.1584	0.0591999999996915	Ripples						0.0591999999996915	22654.1976	27.429740646898225	160.8559542393881	2076.0487624854773	
22654.3288	0.030399999999644933	Ripples						0.030399999999644933	22654.3456	35.078421849388526	164.5777347698164	2097.9392077361126	
22654.7808	0.04560000000128639	Ripples						0.04560000000128639	22654.7944	12.265819505825801	153.74426915557333	1256.7642039635898	
22654.9176	0.05279999999766005	Ripples						0.05279999999766005	22654.9496	12.466981125051367	151.9035187177098	1326.1694192603904	
22665.0832	0.03280000000086147	Ripples						0.03280000000086147	22665.1	15.201170820065668	162.6612856659014	1402.5464796238791	
22672.9264	0.03280000000086147	Ripples						0.03280000000086147	22672.9408	13.405538650490119	175.08840832999613	1242.7360640836566	
22673.332	0.047200000000884756	Ripples						0.047200000000884756	22673.3624	9.065709804800981	151.63966264076802	1089.0643038343167	
22675.204	0.0864000000001397	Ripples						0.0864000000001397	22675.276	14.587300964052336	159.16278510165895	1306.818812831555	
22679.464	0.03359999999884167	Ripples						0.03359999999884167	22679.484	11.946809014555958	150.7812491960001	1066.2436250440762	
22685.2904	0.05040000000008149	Ripples						0.05040000000008149	22685.304	14.03945807153882	166.14252102135916	1357.6342661619067	
22690.4032	0.047200000000884756	Ripples						0.047200000000884756	22690.4256	14.869741589223386	165.32953026548236	1327.1104751965831	
22699.0536	0.03280000000086147	Ripples						0.03280000000086147	22699.0744	9.02163909255889	161.3265517544186	1087.2542709501781	
22701.9712	0.044799999999668216	Ripples						0.044799999999668216	22701.9864	13.424581833386476	173.29880763844702	1305.9121345966882	
22708.8736	0.0544000000008964	Ripples						0.0544000000008964	22708.908	16.019713662663353	167.8555526321501	1397.444150891189	
22709.068	0.04160000000047148	Ripples						0.04160000000047148	22709.0848	21.297992175680523	167.85140012037266	1715.3342884110825	
22709.3432	0.051200000001699664	Ripples						0.051200000001699664	22709.384000000002	5.644633222093227	153.57421108016445	858.0245488775231	
22711.4808	0.0319999999992433	Ripples						0.0319999999992433	22711.492	5.724272086252933	152.1117820450984	730.1674462634667	
22711.5848	0.031200000001263106	Ripples						0.031200000001263106	22711.6088	5.197651949822269	155.0955464124791	735.0895078747193	
22713.5208	0.03680000000167638	Ripples						0.03680000000167638	22713.5384	14.581621375062493	158.2220106607091	1379.3685810055194	
22722.6464	0.020000000000436557	Ripples						0.020000000000436557	22722.6552	10.098897842190858	159.594062708633	1050.062048753727	
22723.6416	0.06400000000212458	Ripples						0.06400000000212458	22723.656	12.397565235800187	154.041185984776	1369.3405107576675	
22723.7608	0.020000000000436557	Ripples						0.020000000000436557	22723.7696	5.105435868476862	153.42920814916536	710.79413751228	
22729.2256	0.04160000000047148	Ripples						0.04160000000047148	22729.2408	19.843678731977263	157.79073527578612	1611.721806375249	
22731.5696	0.053600000002916204	Ripples						0.053600000002916204	22731.6	16.8859638810388	149.2081341918345	1340.8930116785614	
22731.712	0.03600000000005821	Ripples						0.03600000000005821	22731.728	35.0814303952956	163.68860140391104	2119.1946168158593	
22732.7552	0.03919999999925494	Ripples						0.03919999999925494	22732.7904	6.535879287456314	157.3182119562637	746.9743536125441	
22732.8816	0.04079999999885331	Ripples						0.04079999999885331	22732.8992	43.854856472866295	162.6604400405468	2452.0343967846457	
22741.6984	0.02479999999923166	Ripples						0.02479999999923166	22741.7104	7.8962571305208	158.59308314378964	936.6142005441124	
22743.8104	0.040000000000873115	Ripples						0.040000000000873115	22743.84	22.027526166549666	161.00060439895083	1543.9261755328796	
22745.3904	0.04560000000128639	Ripples						0.04560000000128639	22745.4256	10.811682399281036	165.77321019523458	1118.5740119880782	
22745.5272	0.03919999999925494	Ripples						0.03919999999925494	22745.5408	15.709103685521221	158.2161309620076	1424.7395344418715	
22746.6776	0.021600000000034925	Ripples						0.021600000000034925	22746.6888	7.46812896506718	168.55799341396335	975.5140194530853	
22746.9224	0.06000000000130967	Ripples						0.06000000000130967	22746.9664	18.257153720669418	161.34947431527925	1573.0825998057248	
22747.7696	0.028800000000046566	Ripples						0.028800000000046566	22747.7872	10.531599314673958	159.91142601011754	1163.1876668968023	
22749.8184	0.021600000000034925	Ripples						0.021600000000034925	22749.8328	8.84413333023267	158.40716653154675	913.8766390875705	
22751.2624	0.042400000002089655	Ripples						0.042400000002089655	22751.2768	22.598104303720785	156.69990900571224	1704.8845408126326	
22755.192	0.025600000000849832	Ripples						0.025600000000849832	22755.2032	9.538289848638936	154.23104019075853	1009.5325765824567	
22755.428	0.053599999999278225	Ripples						0.053599999999278225	22755.4552	11.609561480518012	160.16251958626728	1210.5252805631071	
22755.8688	0.09679999999934807	Ripples						0.09679999999934807	22755.8904	7.6903929306816945	148.6879870845948	769.8463706667792	
22756.3	0.03840000000127475	Ripples						0.03840000000127475	22756.3144	14.567192231647567	163.3493167966548	1411.578208890215	
22757.172	0.02080000000205473	Ripples						0.02080000000205473	22757.1832	8.575947487168362	155.57277993830178	1000.7446778284223	
22783.8232	0.028800000000046566	Ripples						0.028800000000046566	22783.8376	14.286915104945097	160.61674235004432	1333.9051884696628	
22821.7392	0.11920000000100117	Ripples						0.11920000000100117	22821.7912	8.351910941169239	153.58803265232982	1139.8710057098633	
22868.3224	0.027999999998428393	Ripples						0.027999999998428393	22868.3352	9.912127974082871	170.26107248183447	1060.6596357249389	
22903.8048	0.026399999998830026	Ripples						0.026399999998830026	22903.8152	16.768097185954232	168.98766834586732	1338.584207000286	
22919.1616	0.037599999999656575	Ripples						0.037599999999656575	22919.1864	6.4600680784304645	165.16970895571941	890.4009320738465	
22936.3384	0.047200000000884756	Ripples						0.047200000000884756	22936.3728	15.141813398850829	169.833706889688	1410.0519285854962	
22938.7768	0.02960000000166474	Ripples						0.02960000000166474	22938.788800000002	7.189456278358766	156.01249115662122	967.1656523252094	
22939.5272	0.03359999999884167	Ripples						0.03359999999884167	22939.5384	8.790605770893755	156.0511536865025	828.0156968790747	
22945.528	0.048800000000483124	Ripples						0.048800000000483124	22945.556	5.289031996664523	153.7414310217377	886.7895878219333	
22947.891200000002	0.031199999997625127	Ripples						0.031199999997625127	22947.9048	14.222785675959928	160.0292597499177	1266.0244222884592	
22948.0008	0.03359999999884167	Ripples						0.03359999999884167	22948.0208	6.1819166101824505	148.120564416278	689.5731080324805	
22952.5992	0.030399999999644933	Ripples						0.030399999999644933	22952.616	12.588156481903004	164.55232462864808	1314.9454222587879	
22954.1072	0.06240000000252621	Ripples						0.06240000000252621	22954.1552	12.95211230554922	173.64195608874476	1172.5058535479652	
22959.9224	0.02080000000205473	Ripples						0.02080000000205473	22959.9336	11.128552692455429	167.29423758132683	1033.3427032731474	
22962.9256	0.04320000000006985	Ripples						0.04320000000006985	22962.9464	12.13000468685663	170.9668553604903	1313.0976470977578	
22965.7504	0.047200000000884756	Ripples						0.047200000000884756	22965.788	9.196054086931287	166.4841453621605	1019.8392085899526	
22968.659200000002	0.039999999997235136	Ripples						0.039999999997235136	22968.6728	18.26559357105721	166.8211973270222	1550.3090803564933	
22972.4832	0.024800000002869638	Ripples						0.024800000002869638	22972.4944	12.82403022622779	163.80043797000215	1260.1079055462685	
22990.5992	0.03280000000086147	Ripples						0.03280000000086147	22990.6184	5.064331697997294	151.25502908604014	739.4318435477431	
22993.2768	0.05040000000008149	Ripples						0.05040000000008149	22993.3168	5.755478946507697	169.81923350093152	887.0935497420905	
23005.2592	0.0367999999980384	Ripples						0.0367999999980384	23005.272	13.412794828497208	162.40698525696547	1323.4762228399143	
23006.0592	0.02080000000205473	Ripples						0.02080000000205473	23006.0688	7.160058170071408	172.2597306466919	867.4737261671869	
23006.1624	0.02079999999841675	Ripples						0.02079999999841675	23006.173600000002	6.181124540620906	165.2234748302471	927.9086417737195	
23012.976	0.04560000000128639	Ripples						0.04560000000128639	23012.9984	12.992528764936326	171.88674940216706	1316.234976644711	
23013.0744	0.053599999999278225	Ripples						0.053599999999278225	23013.0888	20.142413112871154	164.2442716822241	1590.4992965972779	
23013.2376	0.023199999999633292	Ripples						0.023199999999633292	23013.2544	5.164563898961136	155.163516649394	749.0644691633954	
23028.0216	0.030399999999644933	Ripples						0.030399999999644933	23028.0408	10.593512490288463	161.78201516487098	1141.3814975030555	
23028.856	0.026399999998830026	Ripples						0.026399999998830026	23028.872	6.674994302895289	171.1300465572658	922.7611769443677	
23032.2056	0.028800000000046566	Ripples						0.028800000000046566	23032.2272	8.432252592561786	170.91079719200974	998.5228103479933	
23043.5784	0.03680000000167638	Ripples						0.03680000000167638	23043.592	19.862029533671105	160.0721800270675	1578.5932575910344	
23050.9952	0.02959999999802676	Ripples						0.02959999999802676	23051.0088	15.17244849589717	162.5480998835944	1357.3100040181396	
23051.1488	0.037599999999656575	Ripples						0.037599999999656575	23051.1704	14.058927518761458	164.32502369820884	1437.1537455346815	
23062.4904	0.037599999999656575	Ripples						0.037599999999656575	23062.5176	10.019371052631724	173.1418863312949	1075.0856366011776	
23073.1792	0.06960000000253785	Ripples						0.06960000000253785	23073.216800000002	9.594193336640412	148.7049876760707	972.2672586536647	
23079.9976	0.060800000002927845	Ripples						0.060800000002927845	23080.0384	16.10819878278902	167.09854222124028	1614.5700860768252	
23083.898400000002	0.031199999997625127	Ripples						0.031199999997625127	23083.9192	7.548698496184352	159.1600900171193	959.7794618448117	
23085.5864	0.03840000000127475	Ripples						0.03840000000127475	23085.6056	10.778344396102206	166.88199090866843	1200.73724071501	
23085.731200000002	0.05679999999847496	Ripples						0.05679999999847496	23085.7424	14.487783011954027	157.72685122099642	1283.440432377447	
23085.9592	0.06480000000010477	Ripples						0.06480000000010477	23085.972	5.5850171802452575	158.71043885607955	881.267135616372	
23087.2104	0.037599999999656575	Ripples						0.037599999999656575	23087.238400000002	14.24684618239012	166.93214974166636	1253.3794556760358	
23087.5728	0.03439999999682186	Ripples						0.03439999999682186	23087.5976	9.265252397299802	166.52537663029403	1001.0699104655672	
23087.784	0.03440000000045984	Ripples						0.03440000000045984	23087.8056	8.957801833792264	168.30775769571568	1126.7174477008678	
23093.7056	0.07040000000051805	Ripples						0.07040000000051805	23093.7576	10.202364432448512	169.760796697354	1187.3248217851315	
23101.6688	0.03600000000005821	Ripples						0.03600000000005821	23101.68	7.985919444921005	170.71201094834748	915.4991493776597	
23101.748	0.0544000000008964	Ripples						0.0544000000008964	23101.767200000002	11.01457446941311	163.93871410174683	1310.935552411766	
23124.3592	0.020000000000436557	Ripples						0.020000000000436557	23124.3696	8.629318446152562	165.68708800342642	934.9955978103225	
23138.5912	0.0272000000004482	Ripples						0.0272000000004482	23138.608	6.086636949558516	163.02684938124537	860.771004667428	
23140.1232	0.03919999999925494	Ripples						0.03919999999925494	23140.1496	5.8946353138277745	161.56626315712472	911.7969270818455	
23146.376	0.021600000000034925	Ripples						0.021600000000034925	23146.3872	6.587782938207564	157.03216184189506	879.782440587641	
23150.72	0.03839999999763677	Ripples						0.03839999999763677	23150.7416	14.783793959741327	169.20998262960902	1398.6640008116735	
23154.3832	0.04160000000047148	Ripples						0.04160000000047148	23154.3976	9.319902380140235	155.50262414613616	1075.6293307424735	
23155.6528	0.042400000002089655	Ripples						0.042400000002089655	23155.6696	18.982851378102378	172.09674918884264	1462.2610541838935	
23155.8	0.026400000002468005	Ripples						0.026400000002468005	23155.8128	17.988722459910637	164.6076650179937	1476.0944134165352	
23163.8312	0.0544000000008964	Ripples						0.0544000000008964	23163.8616	13.177699059403807	158.14008101147127	1384.2852157504194	
23176.3616	0.03840000000127475	Ripples						0.03840000000127475	23176.3848	15.343393046062541	167.42869619456778	1464.1867888064357	
23177.008	0.025599999997211853	Ripples						0.025599999997211853	23177.0216	15.921363970871802	169.10911207339623	1358.238022055087	
23177.130400000002	0.02239999999801512	Ripples						0.02239999999801512	23177.144800000002	5.527597608892781	155.16825020260256	792.9684490486997	
23179.108	0.03919999999925494	Ripples						0.03919999999925494	23179.137600000002	7.410171216346242	160.96353453604067	816.3008686629172	
23179.3072	0.024000000001251465	Ripples						0.024000000001251465	23179.3176	10.325547861290623	166.95866823083125	1105.5258490860842	
23186.5472	0.051199999998061685	Ripples						0.051199999998061685	23186.5808	11.057942698068503	168.86399122699305	1214.316914146309	
23189.0464	0.04560000000128639	Ripples						0.04560000000128639	23189.0752	19.57992266722409	168.68322985298244	1614.5520887457967	
23192.976	0.04560000000128639	Ripples						0.04560000000128639	23193.0112	7.5795185846661	164.34785769936232	1080.8621540362976	
23193.0872	0.04079999999885331	Ripples						0.04079999999885331	23193.1088	23.850468948616957	162.44234979064106	1874.0416888590662	
23199.876	0.031200000001263106	Ripples						0.031200000001263106	23199.9	6.503240875966354	150.98838972676117	747.6215563197243	
23200.348	0.037599999999656575	Ripples						0.037599999999656575	23200.3728	21.922814044392013	166.1073339936394	1687.1701177576763	
23200.4432	0.03919999999925494	Ripples						0.03919999999925494	23200.46	28.466391182038553	163.70975787132699	2039.0042010892762	
23200.68	0.027999999998428393	Ripples						0.027999999998428393	23200.6936	18.056265379623817	162.5322609741046	1458.6725369472808	
23204.564	0.1136000000005879	Ripples						0.1136000000005879	23204.664	19.494209895578564	159.7055042563276	1528.4026421316394	
23205.1152	0.05040000000008149	Ripples						0.05040000000008149	23205.132	15.060394119749457	171.18566598346243	1403.1121896044338	
23208.164	0.03919999999925494	Ripples						0.03919999999925494	23208.1856	15.472974399305947	162.84509527596785	1418.977704509181	
23226.7464	0.07679999999891152	Ripples						0.07679999999891152	23226.7576	7.0523874425010336	157.8839578025858	879.4634682334644	
23236.2688	0.04320000000006985	Ripples						0.04320000000006985	23236.2872	10.27242780627683	181.76220464491095	1007.1451927478341	
23236.4456	0.06639999999970314	Ripples						0.06639999999970314	23236.4912	20.413484019613374	160.0910264192597	1588.0171904868475	
23239.0176	0.08079999999972642	Ripples						0.08079999999972642	23239.0776	7.3712812040592715	153.41422820002933	1062.2068280330259	
23249.8056	0.0319999999992433	Ripples						0.0319999999992433	23249.8312	5.528072868319659	160.45386983644988	758.842586606203	
23251.0112	0.09679999999934807	Ripples						0.09679999999934807	23251.0968	14.604968378653723	162.3830499508589	1424.4004107648377	
23267.4232	0.0272000000004482	Ripples						0.0272000000004482	23267.4376	8.29029577219917	163.6081421332247	1047.1436082917467	
23268.1272	0.05280000000129803	Ripples						0.05280000000129803	23268.1576	13.998985994112255	160.24235519866934	1434.7250036533183	
23273.391200000002	0.07119999999849824	Ripples						0.07119999999849824	23273.4504	10.632331350497589	163.51013862729855	1211.928949100682	
23274.3	0.028000000002066372	Ripples						0.028000000002066372	23274.3136	15.095685677638148	158.91313561244826	1369.079581005075	
23274.8432	0.05280000000129803	Ripples						0.05280000000129803	23274.8576	10.781444730229747	154.09127588993763	1145.0524735418628	
23275.8624	0.05679999999847496	Ripples						0.05679999999847496	23275.8864	21.786427361439205	163.12888978407045	1734.4063584555709	
23277.0792	0.047200000000884756	Ripples						0.047200000000884756	23277.1096	9.329513145376996	155.36812884003012	1141.8425645333225	
23277.268	0.03280000000086147	Ripples						0.03280000000086147	23277.2904	6.029320969832696	161.88690629950315	704.5317498267625	
23277.6424	0.0632000000005064	Ripples						0.0632000000005064	23277.692	11.042941532742441	149.4123824939664	1104.806538892061	
23292.5704	0.02079999999841675	Ripples						0.02079999999841675	23292.5816	6.493679228692482	166.49106300503098	872.6443111212354	
23293.4176	0.04959999999846332	Ripples						0.04959999999846332	23293.4512	19.623671072071325	163.44581582381886	1691.6766487573623	
23304.427200000002	0.06319999999686843	Ripples						0.06319999999686843	23304.441600000002	10.027447001221063	168.09043821242824	1286.0504350282847	
23304.556	0.08239999999932479	Ripples						0.08239999999932479	23304.5736	18.108133596154296	166.92878170819196	1590.2319060077036	
23304.744	0.0272000000004482	Ripples						0.0272000000004482	23304.7576	8.8427028814647	157.3513664631558	1048.4804468055845	
23308.5584	0.04799999999886495	Ripples						0.04799999999886495	23308.5768	16.063859638080885	160.98219971688533	1539.417837360806	
23309.2224	0.03920000000289292	Ripples						0.03920000000289292	23309.2488	21.36472428171493	167.1406179996284	1710.3381515833019	
23309.348	0.03839999999763677	Ripples						0.03839999999763677	23309.3656	27.1209871646993	167.21506750270837	2019.265515505298	
23309.488	0.031199999997625127	Ripples						0.031199999997625127	23309.5088	5.070790848107653	164.76291693920516	666.0731520530996	
23309.9048	0.037599999999656575	Ripples						0.037599999999656575	23309.9216	11.096879234022698	169.5064558997225	1276.6158149260211	
23321.192	0.044799999999668216	Ripples						0.044799999999668216	23321.2088	12.854168949933348	169.81593548777926	1298.1530240754207	
23321.5272	0.04320000000006985	Ripples						0.04320000000006985	23321.5456	19.75712397013419	154.33042070449528	1506.622483719429	
23331.216800000002	0.04719999999724678	Ripples						0.04719999999724678	23331.2504	10.489297875922311	160.23365515696955	1044.7093037423297	
23331.3176	0.035200000002078013	Ripples						0.035200000002078013	23331.3368	18.45795246850605	169.98146902015125	1569.0629421772462	
23335.728	0.022400000001653098	Ripples						0.022400000001653098	23335.736	7.296879621922738	156.6160813328237	852.7561692481194	
23335.88	0.027999999998428393	Ripples						0.027999999998428393	23335.8944	14.227579268887686	158.87582229187439	1320.1234777856082	
23340.7496	0.020000000000436557	Ripples						0.020000000000436557	23340.7632	6.979787867321313	169.786904990306	833.2037781169629	
23341.4888	0.040000000000873115	Ripples						0.040000000000873115	23341.4976	6.6646170509317715	154.0556475153686	930.4680441866328	
23341.612	0.042399999998451676	Ripples						0.042399999998451676	23341.648	5.972544658834839	158.79276797812852	827.2977058326583	
23342.9504	0.02959999999802676	Ripples						0.02959999999802676	23342.9696	12.81922581280467	171.12002766848298	1174.1067472443133	
23343.0768	0.06800000000293949	Ripples						0.06800000000293949	23343.0968	17.97183676156693	162.54039517113313	1661.3425800385035	
23344.8456	0.05519999999887659	Ripples						0.05519999999887659	23344.884000000002	18.267089157281923	166.32377228312416	1556.8912234864406	
23353.8504	0.030399999999644933	Ripples						0.030399999999644933	23353.8664	6.75345405516983	167.6958850973463	994.2260575963901	
23353.9568	0.0272000000004482	Ripples						0.0272000000004482	23353.9712	10.636310969255693	159.75766670782357	1097.3952351754253	
23354.1576	0.09920000000056461	Ripples						0.09920000000056461	23354.1752	19.75931967610833	158.16363277627943	1545.6206248944434	
23354.7248	0.035200000002078013	Ripples						0.035200000002078013	23354.744	10.62209592017547	167.54174523855798	1290.3635236096356	
23368.0784	0.044800000003306195	Ripples						0.044800000003306195	23368.096	14.512434302228856	161.1680385225706	1438.2644640620383	
23369.0072	0.037599999999656575	Ripples						0.037599999999656575	23369.0272	13.033151307639098	171.43315954907123	1249.183236271581	
23369.0968	0.044799999999668216	Ripples						0.044799999999668216	23369.1184	24.02978971045308	156.14040008443203	1740.8587095186413	
23369.3112	0.0591999999996915	Ripples						0.0591999999996915	23369.34	19.660101102011957	164.45346141499166	1746.844132137811	
23369.6464	0.05199999999967986	Ripples						0.05199999999967986	23369.6752	11.907054972782824	163.6599577420417	1309.2861763195133	
23375.656	0.040000000000873115	Ripples						0.040000000000873115	23375.6712	10.006544731881728	153.85870742967984	1106.7908491726878	
23381.2392	0.10320000000137952	Ripples						0.10320000000137952	23381.2552	16.56457038444313	166.99422100900367	1402.5049061040024	
23410.54	0.025600000000849832	Ripples						0.025600000000849832	23410.5552	8.579350326357572	156.17438279367752	892.1230770621278	
23427.804	0.0272000000004482	Ripples						0.0272000000004482	23427.8176	10.876126902260893	164.69997151100338	1231.2195311813398	
23433.5896	0.03840000000127475	Ripples						0.03840000000127475	23433.5992	7.270087407032624	166.0838478079432	887.3749187076196	
23433.7328	0.04399999999805004	Ripples						0.04399999999805004	23433.7464	13.490029041849985	156.69254150485196	1367.1352952704904	
23434.391200000002	0.03919999999925494	Ripples						0.03919999999925494	23434.4136	16.45126633049913	170.46378887565004	1548.864724528322	
23434.544	0.04399999999805004	Ripples						0.04399999999805004	23434.564	17.637836069430417	153.3610596743932	1437.5348379843547	
23434.6784	0.047200000000884756	Ripples						0.047200000000884756	23434.7112	12.045124014244747	151.23573988375654	1187.8605330520588	
23437.3824	0.0272000000004482	Ripples						0.0272000000004482	23437.396	13.128939754780147	160.29204712794686	1258.0813251523343	
23437.934400000002	0.02239999999801512	Ripples						0.02239999999801512	23437.9432	11.770053440370472	164.90225102639508	1087.8426428573628	
23442.8856	0.039999999997235136	Ripples						0.039999999997235136	23442.896	8.043248866742925	172.73429539824988	857.8427745777052	
23442.9784	0.03840000000127475	Ripples						0.03840000000127475	23442.9952	9.741724602993424	165.85488157451513	1291.792520571314	
23443.2128	0.0319999999992433	Ripples						0.0319999999992433	23443.232	10.877917356265263	171.35065181117488	1135.8012976171892	
23448.2712	0.02080000000205473	Ripples						0.02080000000205473	23448.2824	7.943226275191425	168.40995891103927	955.1960029805393	
23448.391200000002	0.05439999999725842	Ripples						0.05439999999725842	23448.4328	7.7139689115302685	165.9052008596559	1016.8572596048497	
23448.9328	0.028000000002066372	Ripples						0.028000000002066372	23448.944	6.7918277700339695	156.41039858878747	874.0930872170466	
23448.9832	0.1400000000030559	Ripples						0.1400000000030559	23449.0464	11.64838852465665	157.40636519515215	1332.74138478772	
23457.7776	0.0319999999992433	Ripples						0.0319999999992433	23457.7904	9.307397724193072	159.7891599931869	821.0127417894226	
