onset	duration	nwb_table	visited_matched_expected	visited_arm	expected_arm	recordings	is_familiar_maze	ripple_durations	peaks	peak_normed_power	peak_frequencies	peak_amplitudes	label
0.0	10437.823966666667	epochs											
1.0	4460.0	SleepStates											Awake
454.07280000000003	0.03679999999997108	Ripples						0.03679999999997108	454.09360000000004	10.06214486800303	160.4097515520263	1242.615556591376	
455.3176	0.03519999999997481	Ripples						0.03519999999997481	455.34000000000003	5.50925182650574	169.50058849413324	970.5012888346646	
558.4664	0.02400000000000091	Ripples						0.02400000000000091	558.4776	15.024826492080763	165.0891246971219	1380.2242291576479	
670.7816	0.03120000000001255	Ripples						0.03120000000001255	670.796	6.401413030712565	160.73855622925362	1102.9553394332754	
672.7760000000001	0.04480000000000928	Ripples						0.04480000000000928	672.8104000000001	6.25643007863488	151.4073935505281	805.4181243080127	
677.6752	0.041600000000016735	Ripples						0.041600000000016735	677.7	12.88656841848945	159.42522642308086	1349.347717608227	
679.1696000000001	0.053599999999960346	Ripples						0.053599999999960346	679.1848	10.923070303428567	157.05852742952428	1178.2562625226533	
683.4328	0.02800000000002001	Ripples						0.02800000000002001	683.448	8.180221643837475	155.9844693320331	1111.4028272140954	
708.7328	0.03440000000000509	Ripples						0.03440000000000509	708.7536	10.5646836196949	157.22545376122744	1157.536097658986	
713.8952	0.07600000000002183	Ripples						0.07600000000002183	713.9200000000001	15.248487012760908	164.0523575561591	1647.0464082803971	
747.3552000000001	0.04959999999994125	Ripples						0.04959999999994125	747.3664	8.084274824268315	157.83627896422553	1164.2486223774827	
748.9136000000001	0.042399999999929605	Ripples						0.042399999999929605	748.928	23.118188132691284	167.07790793320703	1890.0337022592066	
756.7352000000001	0.042399999999929605	Ripples						0.042399999999929605	756.7648	15.266423306771994	158.80038315692036	1514.09971219183	
758.0432000000001	0.02800000000002001	Ripples						0.02800000000002001	758.0544	15.367222462296528	161.76104493004948	1451.623789920749	
761.6384	0.020800000000008367	Ripples						0.020800000000008367	761.6488	7.06042093384856	164.97028110320238	972.6640345168965	
769.6984	0.088799999999992	Ripples						0.088799999999992	769.7728000000001	9.714856593084201	156.83534815208344	1229.5406022158948	
771.1800000000001	0.02719999999999345	Ripples						0.02719999999999345	771.1968	5.986714149840247	161.0494943194551	979.8488071482672	
778.6008	0.04240000000004329	Ripples						0.04240000000004329	778.6304	10.017696236407415	165.60294497672405	1282.3343110986123	
788.1744	0.03440000000000509	Ripples						0.03440000000000509	788.1864	5.297564351086832	152.9194138481507	679.0352027299828	
788.2448	0.029599999999959437	Ripples						0.029599999999959437	788.2576	14.924289039281595	163.0997984382274	1542.2126854952107	
789.7128	0.02719999999999345	Ripples						0.02719999999999345	789.724	15.391843540005716	163.2143556433059	1440.1602741487693	
792.3040000000001	0.02719999999999345	Ripples						0.02719999999999345	792.3184	18.743292832394264	162.20286106136788	1655.6780664612727	
815.0472000000001	0.06319999999993797	Ripples						0.06319999999993797	815.0968	7.655345206723001	163.0265826002448	1016.7570679322982	
817.5656	0.02400000000000091	Ripples						0.02400000000000091	817.5792	7.058276740024555	165.74599793102945	1065.2573010213705	
817.9000000000001	0.09759999999994307	Ripples						0.09759999999994307	817.956	13.743946551625406	153.9161034567328	1492.4270552573857	
823.364	0.028800000000046566	Ripples						0.028800000000046566	823.3856000000001	8.390121507133527	166.67272080783164	1041.9567050285584	
825.2984	0.021600000000034925	Ripples						0.021600000000034925	825.3072000000001	8.57676263527399	162.67982746186846	1037.7249357563385	
825.4248	0.021600000000034925	Ripples						0.021600000000034925	825.436	5.734819133302391	175.6172183318618	899.3845012954611	
833.428	0.025600000000054024	Ripples						0.025600000000054024	833.44	6.170317619146506	154.6868814180157	925.1901116131438	
839.5456	0.030399999999985994	Ripples						0.030399999999985994	839.5624	13.728628482704346	160.82520790847997	1462.5137152464463	
839.6352	0.05200000000002092	Ripples						0.05200000000002092	839.6736000000001	8.585873636959091	155.82992761706495	1128.600710638375	
841.9704	0.03279999999995198	Ripples						0.03279999999995198	841.9848000000001	8.404629019412994	151.65317131219777	1024.112940405307	
848.784	0.044000000000096406	Ripples						0.044000000000096406	848.8032000000001	12.863789615588393	164.99966746220247	1521.5336413700845	
848.9104000000001	0.02879999999993288	Ripples						0.02879999999993288	848.9248	9.222079962037588	157.1369557127033	1209.8101122334967	
854.4088	0.021600000000034925	Ripples						0.021600000000034925	854.4176	5.335409642511571	155.503958661544	806.8731056325479	
874.576	0.08640000000002601	Ripples						0.08640000000002601	874.5872	8.611997119889342	163.20756183864125	1047.647123972426	
886.5384	0.025600000000054024	Ripples						0.025600000000054024	886.5528	8.002245363841611	159.1528127379367	1094.6979437367438	
926.3504	0.03999999999996362	Ripples						0.03999999999996362	926.3648000000001	5.962191446922095	151.74433506378548	677.4849912631511	
929.8664	0.022400000000061482	Ripples						0.022400000000061482	929.8752000000001	5.201736650539569	157.82423419954745	799.3222677444543	
1042.6760000000002	0.04239999999981592	Ripples						0.04239999999981592	1042.6904	18.54306256947247	158.69451530523258	1620.9221270735206	
1064.1496	0.02560000000016771	Ripples						0.02560000000016771	1064.164	6.742182391425225	152.57661953721535	789.984525152299	
1099.4776000000002	0.05039999999985412	Ripples						0.05039999999985412	1099.5152	12.068977962547338	168.4587054737326	1368.2306994358078	
1100.3200000000002	0.06639999999993051	Ripples						0.06639999999993051	1100.3696	15.502309852214244	159.69365687341346	1556.3931897170946	
1109.7072	0.04559999999992215	Ripples						0.04559999999992215	1109.7264	6.680372904848134	150.2092072364453	778.443235076934	
1110.6352	0.03600000000005821	Ripples						0.03600000000005821	1110.6576	11.658548273974636	153.89667404991707	1108.409732630409	
1110.8392000000001	0.026399999999966894	Ripples						0.026399999999966894	1110.8544	13.214981859756582	155.48250067331125	1206.1114304277526	
1111.1472	0.030399999999872307	Ripples						0.030399999999872307	1111.1616000000001	8.713570559766044	160.95895205736684	1186.9985653914252	
1112.096	0.03919999999993706	Ripples						0.03919999999993706	1112.1216	11.784484701671083	152.75199637090464	1307.2766705741726	
1115.2528	0.06640000000015789	Ripples						0.06640000000015789	1115.2776000000001	20.789170158929554	150.58410076380397	1464.7556550847123	
1121.2856000000002	0.061599999999998545	Ripples						0.061599999999998545	1121.2976	13.292804674328355	158.02910393017763	1286.1638279744855	
1130.2064	0.11840000000006512	Ripples						0.11840000000006512	1130.22	18.257490445723317	160.65774396202426	1606.771340669419	
1131.8336000000002	0.06559999999990396	Ripples						0.06559999999990396	1131.8752	24.07983831796201	156.01084340785147	1979.5943494961086	
1134.5744	0.056800000000066575	Ripples						0.056800000000066575	1134.6112	18.289593272917784	152.37432597314307	1601.4181926949275	
1135.2392	0.028800000000046566	Ripples						0.028800000000046566	1135.2576000000001	5.850949132066698	151.36271678357767	823.864024463696	
1135.2904	0.02479999999991378	Ripples						0.02479999999991378	1135.3008	6.481160829326803	152.787604528123	861.55325809858	
1144.3952000000002	0.03679999999985739	Ripples						0.03679999999985739	1144.4088000000002	9.503023878578704	161.77344201791692	1256.9663725259857	
1144.4792	0.03520000000003165	Ripples						0.03520000000003165	1144.4976000000001	13.11162847228913	153.90838390719315	1253.986458960652	
1147.8512	0.041600000000016735	Ripples						0.041600000000016735	1147.8792	7.2484677756362075	152.55519332513313	1026.517135277862	
1149.0968	0.02320000000008804	Ripples						0.02320000000008804	1149.1088	7.535425859514293	157.1619014602186	945.6454918642655	
1173.132	0.10560000000009495	Ripples						0.10560000000009495	1173.1552000000001	23.11049455869529	163.12594009149515	1870.8751272352692	
1233.3992	0.02800000000002001	Ripples						0.02800000000002001	1233.4168	5.217478560566666	156.30096634185526	915.577271780421	
1234.468	0.025599999999940337	Ripples						0.025599999999940337	1234.4832000000001	8.742065508793598	161.60041546903523	1183.4911940864276	
1238.4648	0.026400000000194268	Ripples						0.026400000000194268	1238.48	9.862728647902408	155.661927352828	1116.1960532325932	
1239.1992	0.05520000000001346	Ripples						0.05520000000001346	1239.2168000000001	14.966707911948825	158.78935570993355	1573.4844382289448	
1244.0336	0.052000000000134605	Ripples						0.052000000000134605	1244.0544	16.389194044053017	154.0974022928243	1549.3059013881116	
1298.4096	0.022400000000061482	Ripples						0.022400000000061482	1298.4176	5.198367237705237	154.11671063025705	754.0471505517625	
1314.5176000000001	0.031199999999898864	Ripples						0.031199999999898864	1314.5320000000002	9.522645936272763	159.34288657363183	1172.119378338007	
1320.3416	0.024800000000141154	Ripples						0.024800000000141154	1320.352	13.072108600060096	164.05887928758526	1307.083738793357	
1322.0328	0.02800000000002001	Ripples						0.02800000000002001	1322.0496	11.51216039524162	157.0207565848657	1192.8564674006916	
1322.6336000000001	0.048800000000028376	Ripples						0.048800000000028376	1322.6504	18.94346527846343	171.27737494380244	1802.7638091272638	
1323.9024000000002	0.03279999999995198	Ripples						0.03279999999995198	1323.9144000000001	18.51724007359471	155.81347238347345	1490.9757019216206	
1324.8616	0.024800000000141154	Ripples						0.024800000000141154	1324.88	5.470710765842544	156.66386836182113	675.9460931112234	
1435.1736	0.02320000000008804	Ripples						0.02320000000008804	1435.1864	9.415113110439146	158.6693094245874	1107.0830437563325	
1437.2912000000001	0.06880000000001019	Ripples						0.06880000000001019	1437.332	6.699720273960311	150.10364545757503	730.0501869913456	
1440.5336	0.03280000000017935	Ripples						0.03280000000017935	1440.556	12.408842906490515	162.3755345464575	1360.492722957455	
1445.1008000000002	0.041600000000016735	Ripples						0.041600000000016735	1445.1176	14.992459400939909	155.20966779156905	1433.8196687604188	
1460.248	0.03600000000005821	Ripples						0.03600000000005821	1460.2696	10.968644814410832	151.67560699164733	1155.998182019381	
1460.3200000000002	0.041600000000016735	Ripples						0.041600000000016735	1460.3344	7.208229181231783	146.1672199696033	865.3288467015986	
1465.728	0.029600000000073123	Ripples						0.029600000000073123	1465.7448000000002	16.105733398621048	165.10865230306848	1555.5791488446926	
1475.4816	0.05199999999990723	Ripples						0.05199999999990723	1475.5136	9.017885767264614	151.76947028360522	1241.2610154403792	
1476.924	0.04079999999999018	Ripples						0.04079999999999018	1476.9384	15.114872423957292	159.93904733958556	1550.878089494594	
1477.1304	0.02560000000016771	Ripples						0.02560000000016771	1477.1456	11.215402945910338	160.04647959699827	1269.442322154094	
1489.536	0.03919999999993706	Ripples						0.03919999999993706	1489.5464000000002	10.22930856127652	176.92921930656905	1102.9378901977611	
1492.5504	0.02479999999991378	Ripples						0.02479999999991378	1492.5648	12.963807635471674	162.65699694918248	1437.9206936403727	
1503.4328	0.04559999999992215	Ripples						0.04559999999992215	1503.4624000000001	14.601926531893948	164.78303842625726	1495.5522165698599	
1504.6056	0.03600000000005821	Ripples						0.03600000000005821	1504.6280000000002	23.08017135080038	162.21716476926395	1829.2864425881594	
1508.5	0.03280000000017935	Ripples						0.03280000000017935	1508.5120000000002	6.476716675976425	152.23039234318637	858.983496845125	
1512.9384	0.03760000000011132	Ripples						0.03760000000011132	1512.9464	5.82115157757212	157.41185708168388	900.3952535148817	
1513.0048000000002	0.05279999999993379	Ripples						0.05279999999993379	1513.0328000000002	18.303213683038116	157.15815197949559	1754.1754722292824	
1522.9128	0.09999999999990905	Ripples						0.09999999999990905	1523.0056000000002	7.840465505983495	151.14021948838456	1019.7483172218693	
1523.076	0.05600000000004002	Ripples						0.05600000000004002	1523.1216000000002	6.588673772899518	164.61065753432803	982.9124636143517	
1526.7736	0.024800000000141154	Ripples						0.024800000000141154	1526.7848000000001	8.112344915493871	156.6517053066153	995.7819478430578	
1544.7984000000001	0.041600000000016735	Ripples						0.041600000000016735	1544.8264000000001	11.18667896579059	167.47702905922728	1282.4038459742073	
1547.116	0.041600000000016735	Ripples						0.041600000000016735	1547.1304	16.731923492523897	165.45661759065493	1652.312263035557	
1549.2184	0.03280000000017935	Ripples						0.03280000000017935	1549.2328	11.44442170186733	155.1881058845055	1163.0350183593703	
1552.632	0.021600000000034925	Ripples						0.021600000000034925	1552.6456	6.521335190198646	159.74478606611896	913.7281950467013	
1556.1864	0.033599999999978536	Ripples						0.033599999999978536	1556.1952	7.106712765595008	160.59335589434102	944.364426996373	
1556.3824	0.03360000000020591	Ripples						0.03360000000020591	1556.3992	23.362704414110038	160.2937269004184	1886.7186098110615	
1615.3128000000002	0.04719999999997526	Ripples						0.04719999999997526	1615.3464000000001	12.885999058001737	156.45926981271288	1271.2243236756228	
1618.3984	0.04079999999999018	Ripples						0.04079999999999018	1618.4152000000001	20.030484143015222	158.7927313403126	1787.4623154387532	
1618.6032	0.04240000000004329	Ripples						0.04240000000004329	1618.6248	10.753281715991664	153.57661808609882	1277.428109195975	
1627.8568	0.0864000000001397	Ripples						0.0864000000001397	1627.9208	20.76768812093854	165.55561251060598	2072.2364016932274	
1628.6136000000001	0.04800000000000182	Ripples						0.04800000000000182	1628.6280000000002	10.737741980923575	152.58210400921624	1179.3633919720928	
1631.0240000000001	0.026399999999966894	Ripples						0.026399999999966894	1631.0376	18.92669024928815	163.1327397092902	1531.332264089023	
1632.1248	0.03999999999996362	Ripples						0.03999999999996362	1632.1536	7.092626638112685	153.5056076447549	990.1445607064496	
1633.5336	0.024800000000141154	Ripples						0.024800000000141154	1633.5504	12.227355195540826	164.31070302526356	1253.3340897946607	
1636.5016	0.02800000000002001	Ripples						0.02800000000002001	1636.5192000000002	5.066338884256709	152.29745354889891	799.7050076061895	
1637.7288	0.08639999999991232	Ripples						0.08639999999991232	1637.7528	20.69223658894465	160.3631064539619	1859.1193873652637	
1642.0472	0.028800000000046566	Ripples						0.028800000000046566	1642.0648	7.220446465668095	155.39500575935514	994.8543884107213	
1642.1008000000002	0.03519999999980428	Ripples						0.03519999999980428	1642.1152000000002	5.986049956253791	151.2198316804271	977.2800259613396	
1642.6512	0.02800000000002001	Ripples						0.02800000000002001	1642.6648	20.73912043719152	160.7497788804876	1737.7687970019824	
1643.1728	0.022400000000061482	Ripples						0.022400000000061482	1643.1808	10.878660973210811	165.71750792550546	1045.9805477716156	
1643.24	0.02560000000016771	Ripples						0.02560000000016771	1643.2552	5.112517338588748	150.26649171006795	601.3770376498501	
1643.5776	0.04559999999992215	Ripples						0.04559999999992215	1643.5896	12.610186536230486	154.03630388466556	1224.6797773775745	
1643.7904	0.029600000000073123	Ripples						0.029600000000073123	1643.8016	5.194341514918842	153.11437395424534	744.7093722836955	
1644.7536	0.024000000000114596	Ripples						0.024000000000114596	1644.7608	7.164088614150447	156.4659475158343	897.9082271489633	
1644.8624	0.048800000000028376	Ripples						0.048800000000028376	1644.8904	18.547920126508725	153.69526686890111	1749.493895762317	
1646.536	0.044000000000096406	Ripples						0.044000000000096406	1646.5568	9.75239565729406	159.4050758920481	1312.9854814125058	
1646.6168	0.06799999999998363	Ripples						0.06799999999998363	1646.6696000000002	20.485444255463275	170.58191199440913	1808.9770487483927	
1646.9872	0.020800000000008367	Ripples						0.020800000000008367	1647.0016	9.878099897959109	160.24401691185497	977.9471671144147	
1651.5656000000001	0.049600000000054933	Ripples						0.049600000000054933	1651.5832	7.728511778663215	150.14069739027778	930.5329560659683	
1654.5600000000002	0.03759999999988395	Ripples						0.03759999999988395	1654.5720000000001	8.531506138539607	156.98135744627854	1074.46932000001	
1654.7376000000002	0.043199999999842476	Ripples						0.043199999999842476	1654.7552	19.835492599221237	165.55775574555665	1719.0005520476989	
1655.1184	0.033599999999978536	Ripples						0.033599999999978536	1655.132	20.561895113933495	162.26466834214463	1744.1293782309215	
1655.8768	0.03280000000017935	Ripples						0.03280000000017935	1655.9016000000001	13.912971432831675	153.06889311435458	1130.106397618115	
1656.1192	0.031199999999898864	Ripples						0.031199999999898864	1656.1376	10.905939713539764	157.4198451596732	1226.0692787878	
1661.66	0.06960000000003674	Ripples						0.06960000000003674	1661.6824000000001	15.92693279841324	168.5374760514364	1799.4246998345634	
1661.8216	0.03840000000013788	Ripples						0.03840000000013788	1661.8424	15.482002377254863	154.3976688609306	1465.010214809523	
1664.816	0.03279999999995198	Ripples						0.03279999999995198	1664.8272000000002	9.28748652183887	157.41985685480967	1083.784610439382	
1666.8568	0.021600000000034925	Ripples						0.021600000000034925	1666.8712	8.6076790091395	166.79899708914465	1022.0100539200342	
1669.7456	0.052000000000134605	Ripples						0.052000000000134605	1669.7704	13.300659522623285	154.3961296875099	1363.1260090757644	
1670.0384000000001	0.023999999999887223	Ripples						0.023999999999887223	1670.0496	7.525925847255087	158.5923646727679	984.270017568025	
1670.124	0.036800000000084765	Ripples						0.036800000000084765	1670.1448	22.02049957106467	166.86103440744927	1949.2355891333627	
1672.0048000000002	0.04239999999981592	Ripples						0.04239999999981592	1672.0224	16.95833093034064	157.81607012801598	1542.4579739750445	
1674.9232000000002	0.03999999999996362	Ripples						0.03999999999996362	1674.9560000000001	5.908590640450086	156.16256035687806	688.9104574852729	
1777.2696	0.038399999999910506	Ripples						0.038399999999910506	1777.2920000000001	16.880906676972835	168.72426356308563	1723.5592953039072	
1816.1056	0.028800000000046566	Ripples						0.028800000000046566	1816.1200000000001	7.236425364612925	156.03211759810245	1058.5530218278332	
1823.8376	0.02479999999991378	Ripples						0.02479999999991378	1823.8584	6.009371342842103	157.6015448390639	794.4031280714705	
1852.9360000000001	0.06719999999995707	Ripples						0.06719999999995707	1852.9888	10.866929795905783	151.51373269875216	1257.8100360080036	
1859.0656000000001	0.020800000000008367	Ripples						0.020800000000008367	1859.076	5.067001382645324	161.8226821346724	854.6911539775275	
1863.74	0.02560000000016771	Ripples						0.02560000000016771	1863.756	6.097098866828281	159.6887820445248	1001.3401282592482	
1864.4448	0.044000000000096406	Ripples						0.044000000000096406	1864.4744	9.771002999336904	151.13886793622822	877.9707842081832	
1864.568	0.03040000000009968	Ripples						0.03040000000009968	1864.5824	9.583696258192408	162.61545429772357	1256.3987382851415	
1884.3888000000002	0.025599999999940337	Ripples						0.025599999999940337	1884.4008000000001	12.678613054797749	159.4042872214216	1352.2254358988255	
1889.9560000000001	0.06079999999997199	Ripples						0.06079999999997199	1889.9968000000001	34.09770614947273	158.45547664555815	2365.277444695199	
1895.0472000000002	0.04079999999999018	Ripples						0.04079999999999018	1895.064	21.372422102959916	158.87658009251638	1623.4232429796475	
1897.8656	0.07999999999992724	Ripples						0.07999999999992724	1897.8792	16.66617020437534	161.2245282579121	1440.0229431553735	
1898.8464000000001	0.10320000000001528	Ripples						0.10320000000001528	1898.9368000000002	16.591381485464606	164.56590846067354	1537.8620591378608	
1902.3568	0.03920000000016444	Ripples						0.03920000000016444	1902.3784	5.327394362710622	149.44703956061406	808.6133758245292	
1903.652	0.08159999999998035	Ripples						0.08159999999998035	1903.6864	17.432380972064543	158.8781849479591	1676.6856017285172	
1905.2624	0.022400000000061482	Ripples						0.022400000000061482	1905.2800000000002	5.332429124523084	156.33423412407598	857.6154273364956	
1912.1712	0.10400000000004184	Ripples						0.10400000000004184	1912.2056	16.351903237354424	150.34003996288868	1347.693969614992	
1912.3024	0.02719999999999345	Ripples						0.02719999999999345	1912.3168	9.47466807826318	153.58975027537113	1124.2704808676149	
1912.5384000000001	0.06399999999985084	Ripples						0.06399999999985084	1912.5504	14.627156273674016	153.49751249765845	1246.033219355775	
1912.6896000000002	0.08399999999983265	Ripples						0.08399999999983265	1912.7424	17.716488774812863	164.6398158590152	1685.3069849574003	
1916.2992000000002	0.02959999999984575	Ripples						0.02959999999984575	1916.3152	16.190019527343562	166.42498322871822	1546.2658025833744	
1970.3864	0.03279999999995198	Ripples						0.03279999999995198	1970.3952000000002	7.143881892084514	152.17035476145762	894.8771390468921	
2045.6232	0.05600000000004002	Ripples						0.05600000000004002	2045.6376	6.95017685754298	156.71908968809265	1152.5595772294178	
2050.196	0.04320000000006985	Ripples						0.04320000000006985	2050.2296	15.994182850925892	165.85975883505094	1439.4879377920308	
2051.9856	0.026400000000194268	Ripples						0.026400000000194268	2051.9992	14.223459592417942	162.0341210636017	1358.936249982047	
2052.2168	0.03760000000011132	Ripples						0.03760000000011132	2052.2376	10.834421011428446	166.59162402955477	1338.0512463182051	
2057.6344	0.03920000000016444	Ripples						0.03920000000016444	2057.6600000000003	6.829935342621278	166.54739274703456	1098.227148550906	
2064.5696000000003	0.08959999999979118	Ripples						0.08959999999979118	2064.6072	20.230920251495064	168.3383401343861	1849.0440652448165	
2074.848	0.025599999999940337	Ripples						0.025599999999940337	2074.86	7.23138235171351	156.18281902299506	927.8033886138185	
2077.9032	0.021600000000034925	Ripples						0.021600000000034925	2077.9136000000003	6.95413415320206	157.5266796554055	943.0690911792365	
2078.0184	0.04800000000022919	Ripples						0.04800000000022919	2078.0552000000002	11.037999639698802	156.79691255477414	1160.4911584090316	
2080.0184	0.035200000000259024	Ripples						0.035200000000259024	2080.0344	11.752856054903681	174.3689753322007	1291.67649839003	
2087.3136	0.03279999999995198	Ripples						0.03279999999995198	2087.3272	10.211004135729645	166.03809990640246	1308.3292814925705	
2087.576	0.04080000000021755	Ripples						0.04080000000021755	2087.5936	24.63283990934366	153.50939218916054	1694.2190905546115	
2098.8392	0.03120000000035361	Ripples						0.03120000000035361	2098.8536	5.8707651132232055	160.17794600825002	1001.9060629992028	
2100.6784000000002	0.031199999999898864	Ripples						0.031199999999898864	2100.696	13.562439574540548	164.23164255245467	1503.5098362545714	
2101.9136000000003	0.030399999999644933	Ripples						0.030399999999644933	2101.924	11.824909890201695	163.0145901188428	1237.3796086857233	
2102.9096	0.03760000000011132	Ripples						0.03760000000011132	2102.9304	18.149392179004128	162.04258262635955	1737.0772270883222	
2106.2024	0.04959999999982756	Ripples						0.04959999999982756	2106.2312	12.757637494430853	148.74701170986623	1316.423112183858	
2109.9944	0.1592000000000553	Ripples						0.1592000000000553	2110.0696000000003	13.562849630213217	151.63991828558102	1308.8620353298106	
2111.236	0.03360000000020591	Ripples						0.03360000000020591	2111.2472000000002	7.159326861974218	164.6254635963325	950.2466145633699	
2111.4632	0.023999999999887223	Ripples						0.023999999999887223	2111.4776	21.890846163340836	167.19211571019216	1683.4139411563262	
2158.9680000000003	0.05039999999962674	Ripples						0.05039999999962674	2158.992	10.70218434678509	171.46877101264238	1260.331996080957	
2181.1224	0.06639999999970314	Ripples						0.06639999999970314	2181.1784000000002	18.331825575597026	158.5970451422989	1562.2281257896414	
2190.7544000000003	0.06959999999980937	Ripples						0.06959999999980937	2190.8160000000003	5.609871994385139	145.36844017387128	648.4119243632309	
2192.6192	0.07439999999996871	Ripples						0.07439999999996871	2192.6432	14.187300226540172	148.00640837199273	1257.9540563548073	
2195.3592000000003	0.05039999999962674	Ripples						0.05039999999962674	2195.3848000000003	10.316045676350763	143.40951717573097	936.6825372675464	
2200.7864	0.03360000000020591	Ripples						0.03360000000020591	2200.7984	9.22544411309694	153.11875188055035	1008.0989095295629	
2204.4456	0.03760000000011132	Ripples						0.03760000000011132	2204.4632	16.90166203631595	159.83425977952407	1685.5614090048057	
2212.1976	0.03920000000016444	Ripples						0.03920000000016444	2212.2144000000003	19.708002856358224	155.31175161978328	1455.5782699836006	
2212.2944	0.05999999999994543	Ripples						0.05999999999994543	2212.3472	8.948542300602702	154.1396809954375	1080.7030099074366	
2216.0328	0.06640000000015789	Ripples						0.06640000000015789	2216.0488	21.898400289776	163.01397575138188	1736.799747513914	
2216.1872000000003	0.08239999999977954	Ripples						0.08239999999977954	2216.2544000000003	8.5846615059341	153.98919148584142	985.3717094269841	
2220.804	0.051199999999880674	Ripples						0.051199999999880674	2220.844	15.348150309660904	161.5195465172083	1389.9850365143038	
2223.4024	0.05120000000033542	Ripples						0.05120000000033542	2223.42	9.974113911999833	155.73227650410882	1213.2014386969258	
2223.7408	0.04080000000021755	Ripples						0.04080000000021755	2223.7552	16.8609923284563	160.04096022260538	1546.3576460446998	
2226.3576000000003	0.047999999999774445	Ripples						0.047999999999774445	2226.3744	15.453975141144333	154.9927681762669	1562.4001660578163	
2231.1488	0.044800000000122964	Ripples						0.044800000000122964	2231.1832	5.846095400144769	161.7283276635122	766.436868037188	
2232.9424	0.07440000000042346	Ripples						0.07440000000042346	2232.9912	18.47558921236277	160.34706572806914	1811.6035245515393	
2233.8360000000002	0.04320000000006985	Ripples						0.04320000000006985	2233.8504000000003	9.211411272086913	156.0979918258159	1053.9019738024404	
2234.1008	0.05519999999978609	Ripples						0.05519999999978609	2234.1232	20.73030068591517	161.4173992078324	1733.2113154608126	
2234.6024	0.04719999999997526	Ripples						0.04719999999997526	2234.62	23.891491241185083	159.21502547072373	1920.758184580979	
2234.7024	0.020799999999780994	Ripples						0.020799999999780994	2234.716	7.482534963282646	160.53562746357107	884.1444605982044	
2242.5656	0.048800000000028376	Ripples						0.048800000000028376	2242.58	26.564201878400006	164.92291144203614	1907.3844517655464	
2255.1816	0.0864000000001397	Ripples						0.0864000000001397	2255.2432	22.395237281343096	154.14944709657215	1810.0901598264356	
2262.7064	0.08480000000008658	Ripples						0.08480000000008658	2262.7408	23.031709903443062	157.43162651318664	1904.3096228481497	
2263.8392	0.10160000000041691	Ripples						0.10160000000041691	2263.8688	10.884722615131576	147.50122241890048	942.2550322051455	
2265.5368000000003	0.037599999999656575	Ripples						0.037599999999656575	2265.5472	6.63293323553922	155.23224103054181	865.6165870513817	
2269.1264	0.03440000000000509	Ripples						0.03440000000000509	2269.1424	18.1805596165391	176.206228964187	1382.3907214463177	
2269.2408	0.042400000000270666	Ripples						0.042400000000270666	2269.2592	24.911055318317196	154.55535268239294	1936.1618626169056	
2270.3984	0.08800000000019281	Ripples						0.08800000000019281	2270.4464000000003	24.38671680494169	148.48970757611323	1675.9208090599213	
2270.7216000000003	0.051199999999880674	Ripples						0.051199999999880674	2270.7424	18.92613164557256	158.3760365777563	1766.6065128985574	
2274.2712	0.04959999999982756	Ripples						0.04959999999982756	2274.2848	19.40027393136191	172.4417589186911	1602.4238825860643	
2277.4320000000002	0.024799999999686406	Ripples						0.024799999999686406	2277.4424	13.81696693737054	158.78909312114598	1200.3873631235197	
2277.5808	0.03040000000009968	Ripples						0.03040000000009968	2277.5936	11.596729774136996	161.27790578614068	1310.359347902449	
2278.4856	0.06480000000010477	Ripples						0.06480000000010477	2278.5368000000003	13.066052396387649	152.85626989549107	1175.700912962287	
2278.6184000000003	0.040799999999762804	Ripples						0.040799999999762804	2278.632	9.851632880972554	150.8075084344582	1091.101643070866	
2279.784	0.06959999999980937	Ripples						0.06959999999980937	2279.8144	18.853728660495445	151.41096821905683	1379.6977583628377	
2280.0192	0.04559999999992215	Ripples						0.04559999999992215	2280.0368000000003	18.128199889392487	154.75517592145965	1592.2200632022254	
2280.8320000000003	0.05599999999958527	Ripples						0.05599999999958527	2280.8544	24.57394396692547	158.8439443727988	1585.9664981661517	
2280.9912	0.05920000000014625	Ripples						0.05920000000014625	2281.0184	5.196570073921993	155.08480388241466	657.0068527995295	
2283.5384	0.024800000000141154	Ripples						0.024800000000141154	2283.5528	9.610625505306873	164.17487584576648	1166.19946786824	
2286.0872	0.055200000000240834	Ripples						0.055200000000240834	2286.1144	18.293819325952626	158.16033922683908	1743.9116838407676	
2286.2344000000003	0.02719999999999345	Ripples						0.02719999999999345	2286.2504	6.3454130378682185	148.14012835388814	765.4334194114072	
2286.732	0.048800000000028376	Ripples						0.048800000000028376	2286.7576	16.635018096480188	163.22265976396355	1719.4475924953974	
2287.3456	0.03999999999996362	Ripples						0.03999999999996362	2287.3784	8.790298667427535	159.1870602605389	979.1242067903679	
2292.3432000000003	0.05279999999993379	Ripples						0.05279999999993379	2292.3752	21.28988625585239	163.82893553762946	1737.4559150313194	
2297.6712	0.0567999999998392	Ripples						0.0567999999998392	2297.6928000000003	10.823309343189194	148.9960352303665	1074.7689841853937	
2302.8432000000003	0.05279999999993379	Ripples						0.05279999999993379	2302.8712	27.14658867438407	155.62735896894333	1573.6377680846363	
2303.0264	0.07200000000011642	Ripples						0.07200000000011642	2303.0624000000003	14.379773856061156	167.16018716014256	1521.1732919233405	
2306.7224	0.041600000000016735	Ripples						0.041600000000016735	2306.7368	18.878428422890785	159.946947107282	1532.8098350193457	
2306.8448000000003	0.05039999999962674	Ripples						0.05039999999962674	2306.8728	15.872149914519364	147.19049123630185	1287.1344122973496	
2306.9512	0.04559999999992215	Ripples						0.04559999999992215	2306.9632	9.911029823735968	159.13569719803144	1204.5731753750408	
2309.764	0.052000000000134605	Ripples						0.052000000000134605	2309.7752	18.1167918910078	158.8591512892989	1532.471447836351	
2310.0448	0.04959999999982756	Ripples						0.04959999999982756	2310.0832	7.380758089311416	151.7000276179715	621.0389191532483	
2310.308	0.0543999999999869	Ripples						0.0543999999999869	2310.3344	13.732217524861815	169.31378926260345	1288.8782980512774	
2310.5104	0.0864000000001397	Ripples						0.0864000000001397	2310.536	25.889344656055783	152.45261343124352	1690.658167149005	
2310.6952	0.028800000000046566	Ripples						0.028800000000046566	2310.7136	11.242872166219549	154.8090479638607	1125.0550899212885	
2434.076	0.02719999999999345	Ripples						0.02719999999999345	2434.0896000000002	9.826836249062962	163.8250758619559	1211.953535661664	
2435.7328	0.08639999999968495	Ripples						0.08639999999968495	2435.7936	11.27123238819088	166.12230157215006	1398.2295692041812	
2466.4288	0.03279999999995198	Ripples						0.03279999999995198	2466.4512	7.469744451459861	163.57564208334298	1052.3489130360254	
2468.2648	0.02080000000023574	Ripples						0.02080000000023574	2468.2728	8.805048171016063	160.4634722430858	1000.2231586040976	
2477.192	0.028000000000247383	Ripples						0.028000000000247383	2477.204	5.037892102373012	160.13943457328486	885.1001991375507	
2492.5456	0.048800000000028376	Ripples						0.048800000000028376	2492.5592	10.327381298337903	155.50003214648711	1269.9725937308167	
2514.284	0.032000000000152795	Ripples						0.032000000000152795	2514.2944	8.954638706910385	159.09911333074234	1063.7380876493337	
2516.3248000000003	0.03359999999975116	Ripples						0.03359999999975116	2516.3472	10.528127728020642	149.71253974984182	946.6654049553889	
2538.552	0.06320000000005166	Ripples						0.06320000000005166	2538.5904	7.497343975537278	156.08211252520653	1042.1875782242782	
2539.1544	0.07120000000031723	Ripples						0.07120000000031723	2539.2088000000003	11.543598845394007	156.38259184206413	1434.8604775745096	
2549.992	0.03919999999970969	Ripples						0.03919999999970969	2550.0152000000003	9.643505523727526	169.18761085631607	1225.302616993794	
2584.7208	0.03600000000005821	Ripples						0.03600000000005821	2584.732	6.620624767526283	151.95978463731413	839.2906689141656	
2586.3160000000003	0.03359999999975116	Ripples						0.03359999999975116	2586.3288000000002	9.494120678433458	165.98446641297753	1217.0583466361418	
2588.5016	0.038399999999910506	Ripples						0.038399999999910506	2588.5184	10.918740559320682	157.64153805710797	1133.307608979156	
2590.2344000000003	0.07600000000002183	Ripples						0.07600000000002183	2590.26	8.42784162642263	165.00311030286144	588.8156478107095	
2595.1008	0.06640000000015789	Ripples						0.06640000000015789	2595.1512000000002	13.195861521654653	161.582624974721	1503.8562236561488	
2596.1064	0.03920000000016444	Ripples						0.03920000000016444	2596.1256000000003	19.381818010482842	165.94796119747755	1792.6730399468222	
2653.6736	0.05600000000004002	Ripples						0.05600000000004002	2653.6944000000003	11.226615730947406	162.82918531147854	1272.4643429303978	
2702.5816	0.04559999999992215	Ripples						0.04559999999992215	2702.6104	5.037149347586803	160.58742209281414	569.494345244211	
2702.6624	0.05040000000008149	Ripples						0.05040000000008149	2702.6896	18.573067242488467	157.08613527750754	1809.9835482119802	
2721.2064	0.02719999999999345	Ripples						0.02719999999999345	2721.2200000000003	11.305409485978792	162.4371622554303	1299.22468755784	
2729.5144	0.032000000000152795	Ripples						0.032000000000152795	2729.5288	17.727260239318586	156.7690165477017	1476.57249025097	
2729.6792	0.03680000000031214	Ripples						0.03680000000031214	2729.6936	12.823669875968218	155.26863178897779	1109.0915934108052	
2735.384	0.05600000000004002	Ripples						0.05600000000004002	2735.3976000000002	23.78270968109061	165.92021188651725	1823.6866987786368	
2743.596	0.04080000000021755	Ripples						0.04080000000021755	2743.608	14.423413336065858	156.3272675229209	1320.5287622949909	
2743.8048000000003	0.15119999999978972	Ripples						0.15119999999978972	2743.8904	19.111611373721612	149.4577943896461	1533.252669124052	
2747.7736	0.09200000000009823	Ripples						0.09200000000009823	2747.7864	11.525313004262546	167.56763530099974	1299.8504408252218	
2757.1344	0.12800000000015643	Ripples						0.12800000000015643	2757.1544000000004	19.387955181842514	160.367193145304	1856.6088625988389	
2817.9696000000004	0.021599999999580177	Ripples						0.021599999999580177	2817.9784	12.849198810993723	166.53516222631754	1136.1400775146578	
2818.1408	0.04640000000017608	Ripples						0.04640000000017608	2818.1576	11.666839187497965	155.26993685968262	1215.019593109448	
2829.6896	0.051199999999880674	Ripples						0.051199999999880674	2829.704	8.296694281328305	160.07126242536526	1024.2911686777334	
2835.1864	0.052000000000134605	Ripples						0.052000000000134605	2835.2256	10.091296823485573	167.22057242351184	1341.927722579311	
2840.2984	0.03679999999985739	Ripples						0.03679999999985739	2840.3248000000003	15.657230473524203	158.3072396638162	1489.5408483186736	
2846.7960000000003	0.02639999999973952	Ripples						0.02639999999973952	2846.8096	5.828044486062797	171.51997825447165	1040.5489165821575	
2847.4352000000003	0.031199999999898864	Ripples						0.031199999999898864	2847.4496	22.321533247987393	163.29704136504344	1788.7800160632428	
2854.1112000000003	0.023199999999633292	Ripples						0.023199999999633292	2854.1256000000003	15.770716031571043	169.8024140838448	1350.7656721935882	
2855.2496	0.19200000000000728	Ripples						0.19200000000000728	2855.3816	18.20103986093627	158.79567994312865	1366.5576913291713	
2865.6528000000003	0.02959999999984575	Ripples						0.02959999999984575	2865.6664	19.360752347701517	166.62612247009844	1720.0748274126556	
2888.9192000000003	0.04639999999972133	Ripples						0.04639999999972133	2888.9272	8.689143539012136	168.88085177335765	969.1401600419695	
2890.628	0.02959999999984575	Ripples						0.02959999999984575	2890.6400000000003	6.2375848967113035	148.9585387164809	712.3490759981393	
2892.9216	0.09999999999990905	Ripples						0.09999999999990905	2892.992	15.742336846938489	150.98230362707835	1555.1165208099212	
2893.1848	0.029600000000300497	Ripples						0.029600000000300497	2893.2008	22.7019504155575	169.1309733134365	1825.0687564308048	
2894.9664000000002	0.03519999999980428	Ripples						0.03519999999980428	2894.98	12.440594168880462	160.25783758075852	1325.683580766846	
2895.0240000000003	0.06479999999965003	Ripples						0.06479999999965003	2895.0472	22.806799222628296	159.93932234242942	1487.4972977176133	
2896.648	0.026400000000194268	Ripples						0.026400000000194268	2896.6592	7.9351001208117635	157.556592582078	812.9316746862547	
2897.2096	0.03040000000009968	Ripples						0.03040000000009968	2897.2176	5.603433370826316	161.55261787862946	803.3971085208915	
2901.6408	0.03279999999995198	Ripples						0.03279999999995198	2901.6552	23.779591418512343	158.31429908999033	1786.6420515488617	
2901.7344000000003	0.03440000000000509	Ripples						0.03440000000000509	2901.7488000000003	16.28499518949767	152.34718155744252	1486.2013580726757	
2902.5192	0.032000000000152795	Ripples						0.032000000000152795	2902.5408	26.560231534287258	159.9351690901963	1757.1929780049384	
2905.3872	0.1248000000000502	Ripples						0.1248000000000502	2905.4488	23.310026675704687	156.62361794907264	1938.3540365538881	
2906.844	0.029600000000300497	Ripples						0.029600000000300497	2906.8696	5.310972285206007	154.7072994709628	774.6802570743117	
2907.0376	0.04239999999981592	Ripples						0.04239999999981592	2907.052	14.463343837476218	161.8149211642195	1325.2773712516107	
2908.2488000000003	0.04639999999972133	Ripples						0.04639999999972133	2908.2712	18.26951835701774	153.36856807833038	1387.7337345661842	
2910.0816	0.03040000000009968	Ripples						0.03040000000009968	2910.096	15.765877109164947	168.80431725582162	1522.4358231693507	
2910.4512	0.045600000000376895	Ripples						0.045600000000376895	2910.4624000000003	13.35514005037167	169.2706399727929	1154.0503628348483	
2910.5328	0.08240000000023429	Ripples						0.08240000000023429	2910.5472	20.18119518023806	162.65529248217607	1713.6525653479691	
2911.3904	0.09519999999974971	Ripples						0.09519999999974971	2911.4648	9.042321006524253	154.2131860789382	690.7422523975131	
2913.248	0.04640000000017608	Ripples						0.04640000000017608	2913.2624	15.425844699765586	163.98647623000116	1438.3584365522474	
2915.5696000000003	0.10799999999971988	Ripples						0.10799999999971988	2915.5992	21.94105979365524	158.78413676892654	1878.931558487246	
2917.6272000000004	0.047999999999774445	Ripples						0.047999999999774445	2917.6440000000002	25.129142055259305	168.8926517940603	1913.905739987477	
2917.744	0.044800000000122964	Ripples						0.044800000000122964	2917.7528	9.160631424490102	146.46711007269766	795.2226566514756	
2919.7552	0.023999999999887223	Ripples						0.023999999999887223	2919.7688000000003	12.663793385549509	163.50804499969288	1266.9301831190432	
2919.8928	0.038399999999910506	Ripples						0.038399999999910506	2919.9176	18.1331861356524	173.75524307613304	1570.1726860468902	
2920.0216	0.038399999999910506	Ripples						0.038399999999910506	2920.0384000000004	14.761954248207436	169.41273640389687	1562.7654224996147	
2921.5392	0.026400000000194268	Ripples						0.026400000000194268	2921.5528	9.675257375189023	168.9842041484129	1188.1746504805456	
2941.4792	0.03999999999996362	Ripples						0.03999999999996362	2941.4976	12.483875034866898	152.59578467284692	1262.4867138221257	
2941.6288	0.026400000000194268	Ripples						0.026400000000194268	2941.6376	13.084442575529968	159.14449113136254	1261.0877002869363	
3005.472	0.03359999999975116	Ripples						0.03359999999975116	3005.4832	5.867646321810209	152.23583570452885	756.295252236329	
3029.9128	0.02719999999999345	Ripples						0.02719999999999345	3029.9272	13.396524034872696	164.95237608199656	1396.8490210919563	
3051.2136	0.029600000000300497	Ripples						0.029600000000300497	3051.2256	5.981200184008933	151.96582937607005	807.8372350232073	
3071.0424000000003	0.03440000000000509	Ripples						0.03440000000000509	3071.0656000000004	5.900532449008426	159.42170215287086	903.4297662145298	
3072.38	0.09279999999989741	Ripples						0.09279999999989741	3072.4592000000002	15.57529306790626	161.72533852928385	1677.0146931483062	
3074.3464000000004	0.037599999999656575	Ripples						0.037599999999656575	3074.3632000000002	18.852000473422713	159.35162865213888	1784.5755496512709	
3077.5312000000004	0.04959999999982756	Ripples						0.04959999999982756	3077.5408	12.439644833651942	164.7933489763519	1141.7004176016378	
3078.2088000000003	0.0591999999996915	Ripples						0.0591999999996915	3078.2424	19.544684825815615	158.69946555552528	1795.6594362499404	
3081.7352	0.04640000000017608	Ripples						0.04640000000017608	3081.7496	8.590692765428031	152.07493740403885	981.956593140134	
3082.3208	0.04640000000017608	Ripples						0.04640000000017608	3082.3544	11.813676073957248	159.106694600684	1252.7488961181741	
3082.4144	0.04559999999992215	Ripples						0.04559999999992215	3082.4352000000003	15.477280961783878	150.71900190990905	1402.1894775439755	
3090.3832	0.047999999999774445	Ripples						0.047999999999774445	3090.3912	7.655921066453801	154.01924202963482	1001.2884402173969	
3092.1104	0.04559999999992215	Ripples						0.04559999999992215	3092.1384000000003	19.386513785340387	152.06254068721768	1451.5368217499376	
3092.5944	0.042400000000270666	Ripples						0.042400000000270666	3092.608	13.745453338505857	157.26546841238763	1363.9562129831513	
3092.7760000000003	0.024799999999686406	Ripples						0.024799999999686406	3092.7904000000003	7.536454829057475	158.5562931070346	980.1643670712009	
3109.3256	0.04239999999981592	Ripples						0.04239999999981592	3109.3464000000004	7.592900808730767	148.84348322176186	925.3143801811382	
3126.5408	0.03760000000011132	Ripples						0.03760000000011132	3126.5672	6.055851371212268	159.84980501753458	908.567308623527	
3129.7368	0.04559999999992215	Ripples						0.04559999999992215	3129.7504000000004	12.885758667115066	164.65321554774596	1430.8097282106214	
3129.824	0.03279999999995198	Ripples						0.03279999999995198	3129.8496	10.94647572690816	151.53411441358085	1035.7989255196087	
3133.3720000000003	0.021600000000034925	Ripples						0.021600000000034925	3133.3808000000004	10.189656020351926	162.60214132056643	1148.0909893469789	
3174.1584000000003	0.08159999999998035	Ripples						0.08159999999998035	3174.2208	22.448410638165775	162.97487067639187	2093.506855196482	
3180.5288	0.02719999999999345	Ripples						0.02719999999999345	3180.5464	5.153611850371302	154.41907411069755	826.7504167538848	
3182.5952	0.03440000000000509	Ripples						0.03440000000000509	3182.616	15.363524404048965	162.52764201982296	1546.455556948511	
3201.1184000000003	0.031199999999898864	Ripples						0.031199999999898864	3201.1296	9.050269754326676	160.90211327674425	1162.11268571663	
3203.5632	0.03279999999995198	Ripples						0.03279999999995198	3203.5744	5.1188300053778315	149.38228063020517	737.0498969120022	
3212.2384	0.04640000000017608	Ripples						0.04640000000017608	3212.2632000000003	9.60243121539279	152.29827096265717	1060.0118469422912	
3214.2696	0.03279999999995198	Ripples						0.03279999999995198	3214.2864	17.547243526587618	169.59379440979245	1552.6764676181433	
3222.2216000000003	0.03519999999980428	Ripples						0.03519999999980428	3222.2328	14.64233217709279	164.8721290491574	1400.163083968878	
3224.0784000000003	0.06399999999985084	Ripples						0.06399999999985084	3224.1192	24.64356665752934	161.04210074936634	1983.3387091853324	
3224.924	0.035200000000259024	Ripples						0.035200000000259024	3224.9488	10.203132346241716	154.69048922766592	1195.7156660989945	
3227.6672000000003	0.030399999999644933	Ripples						0.030399999999644933	3227.684	11.824559661171394	164.80472164620392	1330.5789614183764	
3231.3832	0.03999999999996362	Ripples						0.03999999999996362	3231.3984	6.8975438338159645	148.82929840619818	802.7099727468235	
3231.5288	0.0704000000000633	Ripples						0.0704000000000633	3231.5568000000003	19.326407315608485	154.9526510052978	1718.431436516057	
3231.7264	0.044800000000122964	Ripples						0.044800000000122964	3231.7376	12.2902402789962	158.2696230408526	1126.2571634371025	
3232.732	0.04719999999997526	Ripples						0.04719999999997526	3232.7544000000003	14.953907840877912	157.72093090035278	1447.4971147396966	
3233.3728	0.06480000000010477	Ripples						0.06480000000010477	3233.4136000000003	17.633877303240464	151.283864937209	1236.6750463085534	
3235.4496000000004	0.02959999999984575	Ripples						0.02959999999984575	3235.4616	5.645702447945741	147.11315473606342	591.560058440231	
3257.0416	0.03999999999996362	Ripples						0.03999999999996362	3257.068	24.40313071537244	162.54067508417467	1925.8428218629074	
3259.4264000000003	0.030399999999644933	Ripples						0.030399999999644933	3259.4392000000003	25.181308999130625	165.22931798285765	1772.410970455632	
3266.6944000000003	0.025599999999940337	Ripples						0.025599999999940337	3266.7096	16.598987217837937	159.32667309557476	1361.062315017122	
3267.2608	0.04080000000021755	Ripples						0.04080000000021755	3267.284	26.84597652062042	157.79654892603062	1966.8954557473758	
3267.7872	0.025599999999940337	Ripples						0.025599999999940337	3267.8024	12.607715742900966	172.2133658516296	1232.1537595428426	
3277.4144	0.02080000000023574	Ripples						0.02080000000023574	3277.4248000000002	5.921406294369839	164.4604352471137	919.000775931802	
3279.5096000000003	0.04639999999972133	Ripples						0.04639999999972133	3279.5456000000004	10.907890935557468	157.879120399451	1117.2580113708693	
3280.1184000000003	0.08799999999973807	Ripples						0.08799999999973807	3280.1576	11.058643914381314	160.1115131365498	1528.448130963312	
3281.7408	0.03600000000005821	Ripples						0.03600000000005821	3281.76	26.579793148281542	167.57831585582045	2004.8866438888792	
3282.2544000000003	0.027999999999792635	Ripples						0.027999999999792635	3282.2728	5.541565599619345	153.7508992869175	796.7352268289836	
3283.1608	0.03279999999995198	Ripples						0.03279999999995198	3283.1864	5.75847151283889	158.43707203797192	654.154500537961	
3283.3392000000003	0.08159999999998035	Ripples						0.08159999999998035	3283.3728	17.972905584586673	150.93723214201404	1570.0612258581311	
3283.5424000000003	0.04559999999992215	Ripples						0.04559999999992215	3283.5736	8.805026544266186	153.1692018340803	828.7586732583821	
3285.3392000000003	0.10639999999966676	Ripples						0.10639999999966676	3285.3576000000003	10.942745384870717	146.6698474538813	922.9676251840624	
3305.096	0.12879999999995562	Ripples						0.12879999999995562	3305.1176	16.672595942621864	164.99612067890976	1438.1423777873438	
3306.6960000000004	0.02879999999959182	Ripples						0.02879999999959182	3306.712	16.926185109384452	167.09070887442496	1559.8703108952116	
3313.8544	0.07600000000002183	Ripples						0.07600000000002183	3313.8920000000003	23.5532698998466	151.88353610104576	2002.5855509492294	
3318.0184000000004	0.04559999999992215	Ripples						0.04559999999992215	3318.0440000000003	11.006166530294866	158.16895246565153	1080.9222707228168	
3320.1744000000003	0.0431999999996151	Ripples						0.0431999999996151	3320.208	13.644181729329816	164.79176630663795	1355.736200547051	
3320.8848000000003	0.08959999999979118	Ripples						0.08959999999979118	3320.9112	7.295689262785273	150.77086495347686	869.1294767100715	
3322.8872	0.03679999999985739	Ripples						0.03679999999985739	3322.9032	18.249633763482667	162.07220792820488	1690.4040408535755	
3323.9896000000003	0.060799999999744614	Ripples						0.060799999999744614	3324.0208000000002	31.422533742104925	158.10208460065422	2428.5508669833603	
3326.2032000000004	0.05039999999962674	Ripples						0.05039999999962674	3326.2256	6.672238951464543	152.1743136090361	762.6547733372353	
3326.2816000000003	0.03999999999996362	Ripples						0.03999999999996362	3326.304	20.955336943467803	151.66161535441492	1572.4706224401052	
3332.9344	0.028000000000247383	Ripples						0.028000000000247383	3332.952	16.77169338370392	163.2201793183403	1474.0067477166267	
3336.3368	0.03999999999996362	Ripples						0.03999999999996362	3336.364	12.974534475833915	165.2556041309919	1402.7256503024523	
3347.3664000000003	0.03279999999995198	Ripples						0.03279999999995198	3347.3752	8.13833017402091	160.09263136110954	988.1832491322529	
3347.4736000000003	0.023999999999887223	Ripples						0.023999999999887223	3347.4872	8.381931188775486	162.671988221259	1146.2085801449648	
3366.9616	0.028000000000247383	Ripples						0.028000000000247383	3366.976	6.097470707900398	162.087012275228	896.4853116874478	
3399.972	0.02959999999984575	Ripples						0.02959999999984575	3399.9808000000003	7.203710374041428	152.24702360710455	821.3888784027567	
3401.2304000000004	0.025599999999940337	Ripples						0.025599999999940337	3401.2448	10.766789461846605	158.15511305935593	1071.218105057036	
3401.308	0.03760000000011132	Ripples						0.03760000000011132	3401.3304000000003	17.73094523276347	152.6499893439849	1445.6668759954948	
3401.4512	0.04640000000017608	Ripples						0.04640000000017608	3401.4696000000004	18.724013730707583	150.24365532624617	1658.5487387972403	
3404.2872	0.060799999999744614	Ripples						0.060799999999744614	3404.3088000000002	18.876150258584723	152.62916652134814	1529.0928351009713	
3404.436	0.04959999999982756	Ripples						0.04959999999982756	3404.4536000000003	14.897145427786775	161.64509765618178	1383.27001854818	
3404.6632	0.03360000000020591	Ripples						0.03360000000020591	3404.6704	5.116219619599502	164.4916091005627	767.0062992129183	
3406.9032	0.027999999999792635	Ripples						0.027999999999792635	3406.9120000000003	5.240020395133272	169.70928841730858	685.0773773764396	
3408.5728000000004	0.058399999999892316	Ripples						0.058399999999892316	3408.6056000000003	8.873531926830324	153.35929598419534	783.0706335379828	
3410.0096000000003	0.0727999999999156	Ripples						0.0727999999999156	3410.052	12.641406047103041	158.68616665939786	1388.7578849376505	
3415.5176	0.0727999999999156	Ripples						0.0727999999999156	3415.5288	16.124246874932226	164.34590432766097	1397.9399291726654	
3421.7192	0.05040000000008149	Ripples						0.05040000000008149	3421.7424	35.07070689719927	156.83291783662943	2322.709416386256	
3422.5128	0.05120000000033542	Ripples						0.05120000000033542	3422.5384000000004	24.76145196419856	157.1914167978461	1987.0869153332114	
3422.6392	0.04080000000021755	Ripples						0.04080000000021755	3422.6504	17.7066497931605	158.1696696412255	1448.0898063865648	
3423.1440000000002	0.06719999999995707	Ripples						0.06719999999995707	3423.1896	19.631064846063204	155.55232318616066	1664.4430017252753	
3423.9888	0.04320000000006985	Ripples						0.04320000000006985	3424.0208000000002	13.360470403158935	159.28307709478824	1271.914456327423	
3424.28	0.061599999999998545	Ripples						0.061599999999998545	3424.3208	13.952052117197534	149.3803050742057	1146.8086267692095	
3427.2728	0.07119999999986248	Ripples						0.07119999999986248	3427.3056	20.440479168850782	157.4315775513854	1823.950342383891	
3429.7696	0.04640000000017608	Ripples						0.04640000000017608	3429.7920000000004	18.743215794262202	153.43075807072438	1638.8640726577369	
3429.8648000000003	0.031199999999898864	Ripples						0.031199999999898864	3429.876	7.141121870353696	148.3112267329215	914.4562416665563	
3429.9768000000004	0.04719999999997526	Ripples						0.04719999999997526	3429.9944	10.224318703015205	153.13985146838155	1165.27175623355	
3432.4344	0.04399999999986903	Ripples						0.04399999999986903	3432.4568000000004	43.09905572179832	166.50648053649462	2703.593844450321	
3432.9872	0.044800000000122964	Ripples						0.044800000000122964	3433.0056	24.688446168571225	169.039463526943	1944.264607118307	
3447.0272	0.03920000000016444	Ripples						0.03920000000016444	3447.0424000000003	12.76353359829335	151.86026715627457	1209.0069529478867	
3450.9616	0.03040000000009968	Ripples						0.03040000000009968	3450.9736000000003	10.398885298005426	155.28140407044117	1199.2808911628197	
3456.6552	0.02080000000023574	Ripples						0.02080000000023574	3456.6688000000004	7.820687906600918	163.27506512407663	962.5787326153969	
3461.1368	0.06480000000010477	Ripples						0.06480000000010477	3461.1656000000003	17.666928612411844	165.4470469372457	1665.0416173328786	
3462.3792000000003	0.08639999999968495	Ripples						0.08639999999968495	3462.4448	16.166152714168327	148.95410638426898	1458.8978575237945	
3466.2824	0.038399999999910506	Ripples						0.038399999999910506	3466.3	18.131872729819374	152.7657894320278	1395.9362370366302	
3467.8512	0.032000000000152795	Ripples						0.032000000000152795	3467.876	13.337806915934499	157.8309545869256	1119.053589227608	
3531.1656000000003	0.02639999999973952	Ripples						0.02639999999973952	3531.1816000000003	6.604778380733051	164.51325674723117	1037.660491063793	
3550.2392	0.03360000000020591	Ripples						0.03360000000020591	3550.2536	11.663786363623823	158.3126016418433	1102.10999985996	
3555.9528	0.02400000000034197	Ripples						0.02400000000034197	3555.9624000000003	5.832080266600581	153.33898629744826	661.2022135603073	
3582.4528	0.03040000000009968	Ripples						0.03040000000009968	3582.4696000000004	18.151425729873118	161.66286672769576	1597.3869189391573	
3591.3456	0.02080000000023574	Ripples						0.02080000000023574	3591.3568	6.647966332695945	162.64228151224876	947.8084678461024	
3604.7128000000002	0.047999999999774445	Ripples						0.047999999999774445	3604.7416000000003	8.117697020897054	149.89881697508386	716.577072254327	
3650.0944	0.05920000000014625	Ripples						0.05920000000014625	3650.1352	16.103152380265975	166.47781232657857	1746.2680728839125	
3705.2720000000004	0.022399999999834108	Ripples						0.022399999999834108	3705.284	6.024892862303357	157.02626755077114	776.9921697776579	
3709.6952	0.022400000000288856	Ripples						0.022400000000288856	3709.7136	5.3558179055403885	158.5836685209572	584.0877654767137	
3709.9152000000004	0.058399999999892316	Ripples						0.058399999999892316	3709.9456	16.403512960416457	148.23699821973128	1361.3682033397936	
3713.3184	0.04800000000022919	Ripples						0.04800000000022919	3713.3352	14.19561155431443	155.98298408726552	1535.7677975751233	
3715.38	0.06480000000010477	Ripples						0.06480000000010477	3715.4112	17.296715508018355	161.26112486305033	1797.142232460335	
3760.3344	0.025599999999940337	Ripples						0.025599999999940337	3760.3472	7.737047527615882	167.27534377304409	1140.1223528667472	
3787.8032000000003	0.04959999999982756	Ripples						0.04959999999982756	3787.8304000000003	8.796498421048494	158.5161217413377	1205.2259744715027	
3835.4768000000004	0.06479999999965003	Ripples						0.06479999999965003	3835.4880000000003	8.809000141768564	161.5577496458278	1289.8104020926705	
3842.8696	0.10400000000026921	Ripples						0.10400000000026921	3842.8944	24.727816100628377	155.09962689711497	1805.8759126186337	
3848.3056	0.031199999999898864	Ripples						0.031199999999898864	3848.3232000000003	22.144531648824113	161.262972807105	1794.025165133608	
3867.2952	0.05680000000029395	Ripples						0.05680000000029395	3867.3312	13.73905074035058	159.48718652542897	1542.0570469618997	
3870.0600000000004	0.03279999999995198	Ripples						0.03279999999995198	3870.0752	18.146176032074184	157.87026254409662	1569.9751589583768	
3875.2928	0.022399999999834108	Ripples						0.022399999999834108	3875.3008	6.772193949317319	158.24399023863072	907.2556383947865	
3875.5248	0.07520000000022264	Ripples						0.07520000000022264	3875.5728000000004	11.1943162664627	156.38685853339584	1392.0251356369538	
3880.4152000000004	0.023999999999887223	Ripples						0.023999999999887223	3880.4264000000003	9.07347690791825	160.17598773051708	1108.8588864729338	
3880.4936000000002	0.024800000000141154	Ripples						0.024800000000141154	3880.5040000000004	9.39792020856052	156.18831442661676	1090.4856669949745	
3890.6752	0.03360000000020591	Ripples						0.03360000000020591	3890.6984	8.795740199807911	169.5698445124018	1057.4388961448415	
3905.7568	0.07520000000022264	Ripples						0.07520000000022264	3905.7808	18.253930343708678	160.06214730695552	1896.7069605941047	
3905.9	0.09760000000005675	Ripples						0.09760000000005675	3905.9592000000002	19.03909955147595	164.43012785669103	1911.0384449447097	
3907.1560000000004	0.03359999999975116	Ripples						0.03359999999975116	3907.1704	6.865117522338623	152.11291977029074	790.11921233807	
3911.8048000000003	0.03359999999975116	Ripples						0.03359999999975116	3911.82	12.899209021138885	155.40930007359367	1184.950501189611	
3912.804	0.028800000000046566	Ripples						0.028800000000046566	3912.8256	6.238280065629752	155.6016042053252	732.2427777844679	
3913.5224000000003	0.0911999999998443	Ripples						0.0911999999998443	3913.5704	17.090291505473967	155.6912301499952	1918.6591255765868	
3970.7328	0.02320000000008804	Ripples						0.02320000000008804	3970.7464	5.426734310649731	160.11126356314196	926.3494869040369	
3989.3272	0.03279999999995198	Ripples						0.03279999999995198	3989.344	7.5197795999251245	169.29155992851483	1136.9827589667427	
4001.0712000000003	0.05040000000008149	Ripples						0.05040000000008149	4001.1064	7.74654189266124	156.43346307725025	1084.4366747351162	
4014.2536	0.05920000000014625	Ripples						0.05920000000014625	4014.2824	5.309527000727605	153.61667089497217	572.1244369789551	
4022.0232	0.03279999999995198	Ripples						0.03279999999995198	4022.0376	12.665716451006501	155.69634125770926	1267.2032765268127	
4024.6336	0.024800000000141154	Ripples						0.024800000000141154	4024.6448	6.594729703463054	161.9584366602682	910.4016865997284	
4024.6832000000004	0.061599999999998545	Ripples						0.061599999999998545	4024.7000000000003	11.583303489238695	151.67572930025307	1235.9029435196278	
4026.4880000000003	0.06320000000005166	Ripples						0.06320000000005166	4026.5056000000004	8.300298317124604	165.04949816123784	1122.438905864309	
4048.1256000000003	0.031199999999898864	Ripples						0.031199999999898864	4048.1472000000003	6.391953668148763	155.9886101371284	908.480605124988	
4077.3784	0.05360000000018772	Ripples						0.05360000000018772	4077.3896	11.204764773822767	153.5515635211169	1196.7271226300425	
4077.5600000000004	0.023999999999887223	Ripples						0.023999999999887223	4077.5704	19.539514057464917	165.330268795097	1541.9089933443004	
4082.2056000000002	0.051199999999880674	Ripples						0.051199999999880674	4082.2296	14.338451655049713	154.90782890778723	1424.7371353776693	
4084.7832000000003	0.09439999999995052	Ripples						0.09439999999995052	4084.8352	22.043536936736455	156.51547444672937	1936.5992703346	
4088.6024	0.04559999999992215	Ripples						0.04559999999992215	4088.6200000000003	18.32685677274694	160.8435210684537	1701.1972665765234	
4091.4704	0.11040000000002692	Ripples						0.11040000000002692	4091.4816	11.354375533851325	154.52308020524987	1245.3833609575345	
4099.4456	0.06880000000001019	Ripples						0.06880000000001019	4099.488	11.81785027661496	150.4478047744759	1350.466818720376	
4100.867200000001	0.0639999999993961	Ripples						0.0639999999993961	4100.8848	22.072563832933245	157.4751531754557	1844.8099398084585	
4176.14	0.027199999999538704	Ripples						0.027199999999538704	4176.153600000001	10.600904526549062	166.1686997595123	1200.0202916292467	
4177.519200000001	0.09599999999954889	Ripples						0.09599999999954889	4177.544	11.22009397144467	156.46258198590277	1365.4971048663742	
4185.0616	0.02080000000023574	Ripples						0.02080000000023574	4185.0752	5.211949860182884	160.28548202256025	940.420419114722	
4192.068	0.044799999999668216	Ripples						0.044799999999668216	4192.088000000001	15.259737998286408	164.95116216831252	1591.509500541805	
4202.0464	0.028000000000247383	Ripples						0.028000000000247383	4202.0576	12.262469058853224	160.94617113663944	1328.950564967418	
4203.328	0.12159999999948923	Ripples						0.12159999999948923	4203.3952	24.047520224446526	160.04951625628635	2218.7818956277706	
4222.258400000001	0.07119999999940774	Ripples						0.07119999999940774	4222.272	13.115688218149144	156.69563819701636	1354.0099910102556	
4222.964	0.04480000000057771	Ripples						0.04480000000057771	4222.9848	11.113645368546642	143.50954593324218	949.4710780425701	
4224.113600000001	0.06479999999919528	Ripples						0.06479999999919528	4224.1216	7.278582296550808	151.5420495214359	959.6018169508968	
4226.5744	0.06639999999970314	Ripples						0.06639999999970314	4226.6248000000005	11.020768951320994	162.39276709171284	1424.8548271853492	
4236.1712	0.026400000000649015	Ripples						0.026400000000649015	4236.1832	5.842694387095147	152.1728019000707	828.6270657140009	
4241.5752	0.044799999999668216	Ripples						0.044799999999668216	4241.5904	19.717752931640664	163.29562155893638	1608.097980664273	
4244.2784	0.030399999999644933	Ripples						0.030399999999644933	4244.2952000000005	11.374850629956834	162.2383378196728	1355.8675374527602	
4257.6992	0.03920000000016444	Ripples						0.03920000000016444	4257.722400000001	12.277790503445345	162.55202788457618	1415.019610931747	
4257.8728	0.0591999999996915	Ripples						0.0591999999996915	4257.9048	14.244835238310452	164.31586091718273	1490.8618564586766	
4258.66	0.03999999999996362	Ripples						0.03999999999996362	4258.6792000000005	20.61744370862137	156.31186268145777	1672.6043094292875	
4261.1664	0.035200000000259024	Ripples						0.035200000000259024	4261.188	6.3761177915921	155.45180792191547	1052.8342537195651	
4261.328	0.03279999999995198	Ripples						0.03279999999995198	4261.352800000001	12.812802375467436	153.32798451572657	1142.1197008408326	
4266.644	0.028800000000046566	Ripples						0.028800000000046566	4266.6544	6.933842184876281	152.2390099804739	873.0625244731317	
4272.360000000001	0.028800000000046566	Ripples						0.028800000000046566	4272.376	6.264212741267172	172.1681613847852	973.472539094149	
4277.3112	0.03120000000035361	Ripples						0.03120000000035361	4277.3256	19.810777445664773	165.8883421641754	1724.2999948646252	
4279.8208	0.037599999999656575	Ripples						0.037599999999656575	4279.841600000001	15.681202169973975	166.87197138980628	1558.979805715614	
4284.0944	0.1184000000002925	Ripples						0.1184000000002925	4284.1648000000005	5.744393412297049	150.37734552944445	436.3195025997647	
4287.914400000001	0.04159999999956199	Ripples						0.04159999999956199	4287.9352	21.968020560888597	158.81405858974546	1840.1241234149059	
4288.528	0.03679999999985739	Ripples						0.03679999999985739	4288.54	19.229957219071128	157.49061197844648	1557.087761525713	
4289.9856	0.06559999999990396	Ripples						0.06559999999990396	4290.036	11.489895379210925	171.1185848132465	1335.0289675571767	
4290.8512	0.05360000000018772	Ripples						0.05360000000018772	4290.8784000000005	19.620265230297363	154.41054156722245	1580.746615907638	
4292.9488	0.04960000000028231	Ripples						0.04960000000028231	4292.9776	6.594443621750019	150.2083698565161	955.9970955729167	
4293.073600000001	0.03839999999945576	Ripples						0.03839999999945576	4293.099200000001	8.162903806129309	152.59246032566088	1079.9102020977941	
4295.1616	0.07839999999941938	Ripples						0.07839999999941938	4295.1744	15.203587571367116	165.09640346054553	1439.0937089817842	
4319.7056	0.03920000000016444	Ripples						0.03920000000016444	4319.7216	19.976282771518296	168.53144333201334	1760.9607610371659	
4324.7816	0.08479999999963184	Ripples						0.08479999999963184	4324.8168000000005	30.460741529967045	163.739015552851	2220.851517902637	
4329.7176	0.03279999999995198	Ripples						0.03279999999995198	4329.7328	17.887778279789774	158.8692489963338	1653.8935234792198	
4333.7424	0.02959999999984575	Ripples						0.02959999999984575	4333.7592	11.384539457787184	159.80894584387167	1293.1389172133609	
4334.588000000001	0.0543999999999869	Ripples						0.0543999999999869	4334.6016	16.187057123445996	162.16380901136486	1370.7754574916385	
4348.9856	0.032000000000152795	Ripples						0.032000000000152795	4348.9984	33.003395540207265	167.44745216341823	2056.9727455510497	
4349.12	0.03760000000056607	Ripples						0.03760000000056607	4349.136	16.272778014999993	165.69463846987833	1629.6810696228952	
4349.566400000001	0.0455999999994674	Ripples						0.0455999999994674	4349.5832	21.40700812453855	166.03402989169396	1758.612247542865	
4352.0944	0.03999999999996362	Ripples						0.03999999999996362	4352.1264	14.577112537247631	157.47700431247335	1264.9921238124068	
4352.2944	0.04800000000068394	Ripples						0.04800000000068394	4352.312	21.00110925206329	160.95285819799383	1712.9364029632857	
4352.9376	0.03840000000036525	Ripples						0.03840000000036525	4352.9656	17.630268535731577	154.8063350348674	1382.4368107227517	
4354.976000000001	0.04320000000006985	Ripples						0.04320000000006985	4354.9912	19.16378943382462	154.54880731375923	1595.5762161408566	
4355.0424	0.06480000000010477	Ripples						0.06480000000010477	4355.0696	22.255956637061512	162.79372887717182	2179.928160136288	
4359.4544000000005	0.02479999999923166	Ripples						0.02479999999923166	4359.4656	15.434357765012766	166.95489517608834	1485.2738523830124	
4360.5824	0.052800000000388536	Ripples						0.052800000000388536	4360.616	18.005862473713965	161.65979074278565	1688.969238331739	
4360.8	0.03359999999975116	Ripples						0.03359999999975116	4360.8104	8.177125633521669	159.8473669549278	1083.0169049189765	
4364.144	0.03840000000036525	Ripples						0.03840000000036525	4364.164	10.454553574716828	161.2560233435451	1347.5732967460951	
4364.8792	0.04320000000006985	Ripples						0.04320000000006985	4364.8992	16.75299380187279	154.56383803316723	1617.8092095666943	
4368.3176	0.04640000000017608	Ripples						0.04640000000017608	4368.3312000000005	10.597546760678638	163.2979018550825	1198.250467190682	
4370.6688	0.044799999999668216	Ripples						0.044799999999668216	4370.6864000000005	25.508073477045794	159.7147455053748	1807.94603794283	
4371.5624	0.09280000000035216	Ripples						0.09280000000035216	4371.5832	26.30044717750759	158.70360069622225	1869.7310063921345	
4372.0768	0.048800000000483124	Ripples						0.048800000000483124	4372.0848000000005	6.602903150800848	161.45536902314157	936.5871492026268	
4374.4768	0.06480000000010477	Ripples						0.06480000000010477	4374.488	5.1503546341644135	154.60120127912555	819.2746986010427	
4374.5928	0.027199999999538704	Ripples						0.027199999999538704	4374.606400000001	14.21798596688513	171.28558862115378	1394.6674277265856	
4374.7336000000005	0.0455999999994674	Ripples						0.0455999999994674	4374.7448	7.560820483105511	156.07731551234411	865.5617511974505	
4374.8224	0.03679999999985739	Ripples						0.03679999999985739	4374.8304	5.969927873302726	154.57036102678413	744.393601772626	
4374.964800000001	0.03279999999995198	Ripples						0.03279999999995198	4374.9704	6.445094624416983	154.47668873145378	870.6684135451967	
4375.0768	0.07360000000062428	Ripples						0.07360000000062428	4375.1016	17.907014460002674	149.36941681638282	1531.328310336342	
4378.827200000001	0.027999999999337888	Ripples						0.027999999999337888	4378.8424	13.992587591589535	165.13769429493038	1368.6382314691405	
4380.4064	0.020000000000436557	Ripples						0.020000000000436557	4380.4152	6.024431949925466	157.8767509350998	908.353223816834	
4380.8	0.07679999999982101	Ripples						0.07679999999982101	4380.8552	10.178108488781929	148.85726768784235	1106.9544251208026	
4393.464	0.0272000000004482	Ripples						0.0272000000004482	4393.4808	15.669998244320627	161.8899011759418	1413.4022454948883	
4396.048	0.08480000000054133	Ripples						0.08480000000054133	4396.1112	12.446780740805275	153.39707009237037	1438.368737696889	
4462.0	475.0	SleepStates											Non-REM
4464.9704	0.022399999999834108	Ripples						0.022399999999834108	4464.9824	8.203027987026553	158.94054965866778	950.1929542410912	
4465.059200000001	0.07039999999960855	Ripples						0.07039999999960855	4465.0904	11.488075000658664	153.40278730014143	1014.9527558105083	
4467.3008	0.06559999999990396	Ripples						0.06559999999990396	4467.336	21.598501621253842	153.51495681552586	1899.459610969549	
4467.636	0.02639999999973952	Ripples						0.02639999999973952	4467.648	5.521446339197305	155.24972768539683	615.5766045616647	
4471.0888	0.1135999999996784	Ripples						0.1135999999996784	4471.156800000001	17.14886201288107	151.6895757029946	1192.078536446267	
4472.9456	0.0543999999999869	Ripples						0.0543999999999869	4472.9632	30.92967048525998	161.20798356748315	2196.261050105184	
4474.1648000000005	0.05199999999967986	Ripples						0.05199999999967986	4474.1864000000005	11.16152507732207	153.75984570946895	973.5248061466541	
4474.2464	0.10159999999996217	Ripples						0.10159999999996217	4474.328	20.844338964386527	156.65843057877134	1850.7432980732783	
4475.4408	0.04159999999956199	Ripples						0.04159999999956199	4475.4592	28.794104578812526	160.42023285964174	2035.233245232432	
4475.9744	0.058399999999892316	Ripples						0.058399999999892316	4475.9888	16.977117506782523	161.39501298635062	1328.535014189122	
4476.0864	0.05199999999967986	Ripples						0.05199999999967986	4476.113600000001	9.078618690337613	152.05040123498077	805.1236621517207	
4476.229600000001	0.044799999999668216	Ripples						0.044799999999668216	4476.2432	9.401502562389501	163.4685539383192	1229.1203590893952	
4479.6864000000005	0.09199999999964348	Ripples						0.09199999999964348	4479.7592	10.948498695797795	154.8554025624816	1354.2225632986163	
4480.7432	0.04320000000006985	Ripples						0.04320000000006985	4480.7568	16.17790017399425	162.71110033771896	1581.2957690735188	
4480.8376	0.04160000000047148	Ripples						0.04160000000047148	4480.8568000000005	26.579263651297087	165.8183900681695	2182.632103226181	
4480.968	0.035200000000259024	Ripples						0.035200000000259024	4480.9784	16.646031203813695	155.4614159325704	1379.443093384476	
4481.472000000001	0.08399999999983265	Ripples						0.08399999999983265	4481.508	9.569288529440856	156.51691528184682	843.2098096469432	
4482.0344000000005	0.056799999999384454	Ripples						0.056799999999384454	4482.0560000000005	12.988516174619688	160.48055702796026	1514.5390745584155	
4483.2992	0.11679999999978463	Ripples						0.11679999999978463	4483.388	21.736583999945264	154.081802398406	1581.9589074608932	
4483.834400000001	0.044799999999668216	Ripples						0.044799999999668216	4483.8624	23.779788015410112	152.19485934047754	1693.4393136069202	
4485.298400000001	0.027199999999538704	Ripples						0.027199999999538704	4485.316	10.717433564085443	163.14501485973173	1214.5703568314595	
4485.9952	0.034399999999550346	Ripples						0.034399999999550346	4486.0128	32.13855085477498	162.0631923985553	2255.2004460621274	
4486.1184	0.032000000000152795	Ripples						0.032000000000152795	4486.1328	17.892517893300873	157.83104208408633	1518.528864492304	
4486.508	0.07200000000011642	Ripples						0.07200000000011642	4486.5296	15.503853995710951	164.97790216090357	1608.442014154803	
4486.6992	0.02959999999984575	Ripples						0.02959999999984575	4486.716	23.688090461928432	163.33870030353597	1791.780663526811	
4487.950400000001	0.03359999999975116	Ripples						0.03359999999975116	4487.9624	5.409119599424002	155.55329433515544	617.7098599687321	
4493.5128	0.0543999999999869	Ripples						0.0543999999999869	4493.5496	24.550956472271558	160.21153217174822	2033.1890486533187	
4496.265600000001	0.02879999999913707	Ripples						0.02879999999913707	4496.2816	15.906466288154999	169.96109175305244	1488.6138284543943	
4497.8712000000005	0.06799999999930151	Ripples						0.06799999999930151	4497.904	23.21912383317877	163.6382834174007	2151.2383909197024	
4497.9816	0.052800000000388536	Ripples						0.052800000000388536	4498.0216	9.412431375919578	166.94722557252743	1234.031186521749	
4498.4176	0.04800000000068394	Ripples						0.04800000000068394	4498.4400000000005	14.1022335311995	151.11796442883704	1203.3139620900592	
4498.4984	0.034399999999550346	Ripples						0.034399999999550346	4498.519200000001	17.67779145017113	153.10326098076646	1563.4497075054887	
4498.64	0.03920000000016444	Ripples						0.03920000000016444	4498.6504	11.880515382745056	153.08744531828052	1101.7658244838053	
4498.7168	0.047999999999774445	Ripples						0.047999999999774445	4498.7304	11.083668295802806	157.4786876806298	1338.5317204464611	
4498.8752	0.05040000000008149	Ripples						0.05040000000008149	4498.9024	19.409340196526678	153.913168392555	1629.197946640388	
4499.3784000000005	0.02639999999973952	Ripples						0.02639999999973952	4499.3904	7.9987161583258555	159.04392509920038	1189.7995590084074	
4499.490400000001	0.031199999999444117	Ripples						0.031199999999444117	4499.5072	23.27532483267544	161.1894219577443	1757.4291183405592	
4502.305600000001	0.023999999999432475	Ripples						0.023999999999432475	4502.3224	5.531263889236165	164.3089706970515	962.1409583397275	
4510.0928	0.04320000000006985	Ripples						0.04320000000006985	4510.104	13.679999722279588	164.69884574717142	1270.7260069979213	
4516.1296	0.06720000000041182	Ripples						0.06720000000041182	4516.18	12.463724120454819	150.19850903029246	1398.351416835996	
4519.7008000000005	0.021600000000034925	Ripples						0.021600000000034925	4519.7128	12.53170633839495	160.63886552156276	1163.860735002146	
4521.9768	0.03920000000016444	Ripples						0.03920000000016444	4521.9912	17.134310585640723	156.28153147994408	1469.4959573258916	
4522.0528	0.068000000000211	Ripples						0.068000000000211	4522.064	23.751459326483324	157.46826285983587	1864.3136019657786	
4524.188	0.04399999999986903	Ripples						0.04399999999986903	4524.2104	14.888500999136033	148.89923609911432	1274.3541577949575	
4524.2888	0.08560000000034051	Ripples						0.08560000000034051	4524.3568000000005	20.844627346894278	155.0918932353445	1725.3759758620292	
4524.5072	0.03600000000005821	Ripples						0.03600000000005821	4524.5328	10.67753126477832	150.7031244657752	1027.1151570895008	
4525.344	0.03999999999996362	Ripples						0.03999999999996362	4525.3704	11.930882390525332	150.1426232688433	988.0493849194454	
4525.4224	0.05199999999967986	Ripples						0.05199999999967986	4525.4544000000005	19.217978110683926	148.66397421335645	1548.3366901189206	
4525.6184	0.03600000000005821	Ripples						0.03600000000005821	4525.6320000000005	12.285993017232142	153.59328277068968	1141.738752081128	
4526.160800000001	0.037599999999656575	Ripples						0.037599999999656575	4526.1728	7.745137913215628	153.6478092198328	829.6332066728719	
4526.8104	0.06880000000001019	Ripples						0.06880000000001019	4526.8432	20.05501538713508	150.67294556132367	1635.8082879199812	
4526.9336	0.04640000000017608	Ripples						0.04640000000017608	4526.9456	13.585454136635517	153.2932022657888	1417.4599842066248	
4528.2936	0.03120000000035361	Ripples						0.03120000000035361	4528.308	6.693329378631808	154.91770497122158	944.1146369299365	
4529.1928	0.035200000000259024	Ripples						0.035200000000259024	4529.204000000001	10.213739687187356	154.88311658218223	1070.6177984559922	
4529.3208	0.05279999999947904	Ripples						0.05279999999947904	4529.3352	32.06903341976521	158.2247752350397	2071.3954045777423	
4529.9792	0.061599999999998545	Ripples						0.061599999999998545	4530.0112	21.287276843176702	152.86946781478238	1885.7687666783931	
4530.120800000001	0.05519999999978609	Ripples						0.05519999999978609	4530.156800000001	21.070329196022374	154.57538158016087	1822.6715071692602	
4530.3640000000005	0.1087999999999738	Ripples						0.1087999999999738	4530.4512	7.4518288097169245	145.17246928652924	700.7923849804322	
4530.606400000001	0.03519999999934953	Ripples						0.03519999999934953	4530.628000000001	15.565650834040408	151.92072639648327	1232.8921454903393	
4531.2008000000005	0.030399999999644933	Ripples						0.030399999999644933	4531.2144	27.699789261490917	164.51923061390812	1961.2029374469298	
4531.6856	0.04480000000057771	Ripples						0.04480000000057771	4531.6976	6.241247142342115	158.18668132976904	929.814060687908	
4532.7	0.024800000000141154	Ripples						0.024800000000141154	4532.7176	9.540750390008132	156.00772888638926	1027.0697735857748	
4534.3144	0.047999999999774445	Ripples						0.047999999999774445	4534.3264	15.420231618737336	159.49447597986824	1466.1205265841081	
4535.8752	0.02639999999973952	Ripples						0.02639999999973952	4535.8936	6.434115924556272	161.12167942857883	796.5036520479811	
4536.792	0.03999999999996362	Ripples						0.03999999999996362	4536.8096000000005	37.250725080014924	162.10173366446216	2428.827764123142	
4537.3904	0.08799999999973807	Ripples						0.08799999999973807	4537.4088	7.896233204791083	152.28297923062652	980.0139638432283	
4537.644	0.05519999999978609	Ripples						0.05519999999978609	4537.6736	12.793456857540605	162.3390932062501	1436.0211953296118	
4538.02	0.07439999999951397	Ripples						0.07439999999951397	4538.072	14.642915851992816	168.0139319042521	1352.757855764492	
4540.404	0.024800000000141154	Ripples						0.024800000000141154	4540.4176	9.473802640934096	158.6163728425049	983.434902436652	
4540.856	0.1000000000003638	Ripples						0.1000000000003638	4540.8776	17.070851975329862	161.2485241981646	1489.0916641089236	
4541.0248	0.025599999999940337	Ripples						0.025599999999940337	4541.036	14.59311651861015	155.57844767775458	1392.9190876998246	
4541.4936	0.024800000000141154	Ripples						0.024800000000141154	4541.5072	7.562926073943118	156.93203483170316	968.1191179451085	
4542.1176000000005	0.034399999999550346	Ripples						0.034399999999550346	4542.135200000001	25.372361395214284	158.98627166548692	1877.0842744028387	
4544.8	0.047999999999774445	Ripples						0.047999999999774445	4544.834400000001	15.694543988019884	155.36323493204043	1373.9276307504126	
4544.9784	0.03679999999985739	Ripples						0.03679999999985739	4544.9936	16.0581843420147	152.22697053740148	1400.3894170093404	
4545.1768	0.023199999999633292	Ripples						0.023199999999633292	4545.1904	9.130488182787117	165.33182218948002	1159.5785424402793	
4548.3832	0.03600000000005821	Ripples						0.03600000000005821	4548.4056	12.362875493331455	149.7208839103791	1108.0187156767545	
4548.5864	0.03440000000045984	Ripples						0.03440000000045984	4548.5976	9.028227649807159	164.80029037960472	1110.8799897103297	
4558.3552	0.08240000000023429	Ripples						0.08240000000023429	4558.416	17.879269109196322	162.07407717878442	1574.9746771870775	
4559.0544	0.03999999999996362	Ripples						0.03999999999996362	4559.0712	16.887442526541907	162.9205060188253	1698.6858880270129	
4559.1648000000005	0.058399999999892316	Ripples						0.058399999999892316	4559.196	20.131042668735184	153.29091497987272	1770.3872276857333	
4562.8936	0.09519999999974971	Ripples						0.09519999999974971	4562.9176	9.093555415118097	152.56627191169764	1005.6664753274134	
4563.4448	0.06720000000041182	Ripples						0.06720000000041182	4563.4704	13.228358032566584	159.0111907172337	938.7304884234258	
4564.8640000000005	0.06239999999979773	Ripples						0.06239999999979773	4564.9168	11.200046956511915	167.34689873134076	1110.6177990480126	
4567.2056	0.03279999999995198	Ripples						0.03279999999995198	4567.2272	20.358784292785582	157.7198677115524	1550.8359084345798	
4568.1624	0.02400000000034197	Ripples						0.02400000000034197	4568.176	12.633963258015944	159.3452789410901	1267.9740380976666	
4570.4776	0.052800000000388536	Ripples						0.052800000000388536	4570.5208	11.646552727441847	172.53972578792764	1170.7178172532829	
4571.6392000000005	0.03679999999985739	Ripples						0.03679999999985739	4571.6656	6.107952523575755	159.84478997776594	760.8632683694391	
4572.228	0.04320000000006985	Ripples						0.04320000000006985	4572.2488	12.089979807906355	151.7969437547567	945.4857245660639	
4572.6808	0.028000000000247383	Ripples						0.028000000000247383	4572.6888	7.327121688241288	156.26812632870895	1024.1634679106728	
4573.6664	0.03840000000036525	Ripples						0.03840000000036525	4573.6720000000005	5.911106061528569	161.79014315832381	605.3912712187458	
4573.7312	0.023199999999633292	Ripples						0.023199999999633292	4573.7464	5.111505631479576	152.5003209489968	685.3826692807619	
4573.7848	0.04719999999997526	Ripples						0.04719999999997526	4573.8112	7.443262526209482	150.09246860176242	971.2863663885364	
4575.0104	0.08240000000023429	Ripples						0.08240000000023429	4575.066400000001	16.507662042271107	159.58001944948617	1585.6541052574723	
4576.8936	0.08560000000034051	Ripples						0.08560000000034051	4576.9192	8.3193755745068	164.0876788859607	654.6831049292663	
4577.0344000000005	0.037599999999656575	Ripples						0.037599999999656575	4577.059200000001	21.504778379755944	157.69462247266924	1785.393965666864	
4577.1304	0.04160000000047148	Ripples						0.04160000000047148	4577.144	14.821028961930445	163.0094881128944	1518.849358824823	
4579.5072	0.10239999999976135	Ripples						0.10239999999976135	4579.602400000001	5.400875637987673	156.12590946685896	575.7341290178988	
4581.796	0.03359999999975116	Ripples						0.03359999999975116	4581.8048	9.04588572424873	157.06167900971928	941.3308576535649	
4582.408	0.021600000000034925	Ripples						0.021600000000034925	4582.4184000000005	8.163378452743938	166.99230937653996	1049.9271100493702	
4582.4864	0.0408000000006723	Ripples						0.0408000000006723	4582.4984	14.454888384246747	156.17363148127458	1392.7952836571687	
4590.2096	0.040799999999762804	Ripples						0.040799999999762804	4590.229600000001	24.55882140321422	159.59695929661083	1862.3191823447462	
4590.291200000001	0.04959999999937281	Ripples						0.04959999999937281	4590.305600000001	5.200534757887503	155.7745244523451	522.578709960232	
4594.5384	0.051199999999880674	Ripples						0.051199999999880674	4594.5456	6.736844468420232	163.32230657108676	894.6570384598936	
4594.7616	0.06000000000040018	Ripples						0.06000000000040018	4594.7896	11.574278326728022	152.52132279871196	1436.8537494512723	
4594.9336	0.028800000000046566	Ripples						0.028800000000046566	4594.9472000000005	23.55251760668	164.84048759184333	1818.1549791501752	
4595.5104	0.06480000000010477	Ripples						0.06480000000010477	4595.5296	8.584627710824671	152.94068259652343	595.6304903335546	
4595.7072	0.03279999999995198	Ripples						0.03279999999995198	4595.724	26.376208811366755	171.32071915174097	1895.7704674448012	
4596.8928000000005	0.023999999999432475	Ripples						0.023999999999432475	4596.9064	6.813371308779579	157.76872948604782	901.0198877457133	
4597.5704000000005	0.07679999999982101	Ripples						0.07679999999982101	4597.6032000000005	16.337199677076125	168.48300881933903	1572.6546383830648	
4599.8792	0.034399999999550346	Ripples						0.034399999999550346	4599.8992	6.419488986712944	147.3498198019716	823.5163943399543	
4601.8792	0.05279999999947904	Ripples						0.05279999999947904	4601.8928000000005	11.271665231022729	160.47164122571715	1264.3246856052579	
4602.6224	0.045600000000376895	Ripples						0.045600000000376895	4602.652	6.101716360516999	152.45100672007828	582.8988985426904	
4603.1856	0.05120000000079017	Ripples						0.05120000000079017	4603.2144	25.61355529440397	154.86148727906118	1633.620170954644	
4603.3064	0.061599999999998545	Ripples						0.061599999999998545	4603.341600000001	15.945661565006853	149.8391978982472	1500.8550183644006	
4604.1528	0.045600000000376895	Ripples						0.045600000000376895	4604.1816	25.144842777388156	157.77739627155944	1928.90552319875	
4604.381600000001	0.050399999999171996	Ripples						0.050399999999171996	4604.3928000000005	5.654057960287507	152.86929485439873	881.6687114262212	
4604.4736	0.035200000000259024	Ripples						0.035200000000259024	4604.497600000001	12.085842429160847	159.1225991010276	1357.8036346338197	
4604.7168	0.021600000000034925	Ripples						0.021600000000034925	4604.728	7.021733793477304	154.27465490776032	931.7501632199992	
4606.3472	0.023199999999633292	Ripples						0.023199999999633292	4606.3568000000005	14.111866340681384	169.6900949516884	1285.8056849043992	
4606.532	0.06239999999979773	Ripples						0.06239999999979773	4606.576	10.57684657473167	152.10819371885094	871.1997737289587	
4606.6336	0.052800000000388536	Ripples						0.052800000000388536	4606.6544	8.838258137937904	148.8800051548824	1177.312653419312	
4610.8408	0.07360000000062428	Ripples						0.07360000000062428	4610.860000000001	8.326785227761217	144.3388884693272	761.8715262977116	
4611.02	0.022399999999834108	Ripples						0.022399999999834108	4611.032	9.333583831701787	159.72755970426962	850.9955512647082	
4611.0648	0.03600000000005821	Ripples						0.03600000000005821	4611.0912	7.775954654712713	156.96300506599744	829.1240117234944	
4611.784000000001	0.028800000000046566	Ripples						0.028800000000046566	4611.7952000000005	11.775285648945355	155.71336624527933	1169.8514080639125	
4613.189600000001	0.1047999999991589	Ripples						0.1047999999991589	4613.2064	16.984735882278294	166.72367241001413	1752.4015430999343	
4616.352	0.09280000000035216	Ripples						0.09280000000035216	4616.3664	6.435919696090739	165.4893903009761	1008.3939894387347	
4617.2504	0.03440000000045984	Ripples						0.03440000000045984	4617.2696000000005	5.645123952467028	147.5427194729593	588.5923467839265	
4617.9296	0.0864000000001397	Ripples						0.0864000000001397	4617.9872000000005	15.851947620877112	161.96479192954837	1239.2409684747279	
4618.711200000001	0.03279999999995198	Ripples						0.03279999999995198	4618.7312	16.333455897683937	166.88272202860517	1593.8442887712722	
4622.6504	0.08239999999932479	Ripples						0.08239999999932479	4622.6712	17.021766959429502	168.06996570692706	1517.2727791651662	
4634.0792	0.030399999999644933	Ripples						0.030399999999644933	4634.1016	6.637592989459073	151.00468795260576	797.7938572559997	
4638.1976	0.04719999999997526	Ripples						0.04719999999997526	4638.229600000001	11.512812400030276	147.62875828956467	916.2835984048501	
4638.8064	0.034399999999550346	Ripples						0.034399999999550346	4638.8240000000005	32.62033721973774	159.98902908914332	2128.134799624088	
4642.5704000000005	0.037599999999656575	Ripples						0.037599999999656575	4642.6008	5.725527974032801	164.2810719570985	850.6159251616267	
4643.5344000000005	0.03359999999975116	Ripples						0.03359999999975116	4643.5576	19.590054951511455	158.55831947464566	1602.5149404425347	
4643.652	0.05360000000018772	Ripples						0.05360000000018772	4643.688	21.664912551182468	150.8898202795907	1759.1133075290054	
4644.4752	0.056000000000494765	Ripples						0.056000000000494765	4644.5056	9.235406329202714	153.1733917727177	714.0169069094534	
4644.6056	0.05360000000018772	Ripples						0.05360000000018772	4644.6144	9.945760402600857	158.92463153939178	1072.2955726078583	
4644.8632	0.032000000000152795	Ripples						0.032000000000152795	4644.8776	16.355998458166734	157.82158359738295	1488.5183163947645	
4645.2544	0.03360000000066066	Ripples						0.03360000000066066	4645.2624000000005	5.247223810854112	156.14469554344325	774.5314932717108	
4645.580800000001	0.04159999999956199	Ripples						0.04159999999956199	4645.6056	16.485726954071268	164.56382972620443	1686.315908297861	
4646.3808	0.05200000000058935	Ripples						0.05200000000058935	4646.4112000000005	7.577357764283422	155.0838480629148	812.8564223932692	
4647.5816	0.02080000000023574	Ripples						0.02080000000023574	4647.5928	10.641363233475394	160.07691172598697	1179.2810368025428	
4649.5384	0.05279999999947904	Ripples						0.05279999999947904	4649.5552	22.023476479141745	154.41088933881568	1724.7969498942184	
4651.0944	0.05040000000008149	Ripples						0.05040000000008149	4651.106400000001	15.017555816776463	164.97452773801461	1264.2891132185898	
4651.7792	0.05520000000069558	Ripples						0.05520000000069558	4651.8016	17.795491503081838	154.63272735760364	1647.9951737863835	
4651.908	0.022399999999834108	Ripples						0.022399999999834108	4651.9168	10.961210354627942	162.9486898129069	1157.568799324762	
4652.0512	0.07440000000042346	Ripples						0.07440000000042346	4652.1112	9.219663201658713	151.47987328887936	1196.6656047604185	
4652.192	0.04320000000006985	Ripples						0.04320000000006985	4652.212	22.807126031177432	161.54554830649053	1949.3469746717544	
4652.8568000000005	0.025599999999940337	Ripples						0.025599999999940337	4652.874400000001	14.211501881142434	162.96344019985904	1256.405958713688	
4660.479200000001	0.05199999999967986	Ripples						0.05199999999967986	4660.5088000000005	7.387440519199766	154.55119892247217	869.9850333921572	
4662.1816	0.05200000000058935	Ripples						0.05200000000058935	4662.204000000001	9.29905438735578	146.67465688372965	844.5005440897759	
4662.367200000001	0.037599999999656575	Ripples						0.037599999999656575	4662.381600000001	15.589726496831924	159.53700170777276	1503.3538695670672	
4664.776	0.05040000000008149	Ripples						0.05040000000008149	4664.787200000001	8.29333969542757	156.94795378449237	1076.456527837267	
4667.1128	0.07840000000032887	Ripples						0.07840000000032887	4667.1672	11.198877011599174	150.234982383919	1341.86391254251	
4667.8792	0.068000000000211	Ripples						0.068000000000211	4667.9256000000005	11.769531525410859	156.9047049074257	899.4842196911225	
4674.6912	0.04640000000017608	Ripples						0.04640000000017608	4674.728	14.41243873455591	155.4376324631169	1333.4818000477767	
4674.796	0.03120000000035361	Ripples						0.03120000000035361	4674.808	5.116027492158447	156.99006179474455	606.25798934143	
4675.834400000001	0.03599999999914871	Ripples						0.03599999999914871	4675.848800000001	20.168586227298487	156.85574437916998	1503.9608286611096	
4679.1816	0.06640000000061264	Ripples						0.06640000000061264	4679.192	12.965953086894215	157.65559428630831	893.6445628150736	
4680.4304	0.0911999999998443	Ripples						0.0911999999998443	4680.4800000000005	16.150314368011095	150.94571364227926	1240.0705915876235	
4681.7432	0.02080000000023574	Ripples						0.02080000000023574	4681.7576	5.004524208579943	161.20118830431605	736.3522059690268	
4696.428800000001	0.07039999999960855	Ripples						0.07039999999960855	4696.4888	10.434531670247805	163.45949324772698	1309.165010512619	
4696.5696	0.02400000000034197	Ripples						0.02400000000034197	4696.5872	7.441083742273578	161.28064326406928	950.6253041841833	
4703.0856	0.04320000000006985	Ripples						0.04320000000006985	4703.1152	22.605940425267352	161.51056424578783	1903.187247111503	
4703.388800000001	0.08159999999952561	Ripples						0.08159999999952561	4703.436000000001	9.641080606264953	150.12399496022056	802.4395842720679	
4703.5248	0.07200000000011642	Ripples						0.07200000000011642	4703.5792	12.834291681172285	148.2106260498911	1154.299690703041	
4708.7104	0.03999999999996362	Ripples						0.03999999999996362	4708.722400000001	15.855246148239754	155.32961870700257	1317.226764692718	
4710.1944	0.02080000000023574	Ripples						0.02080000000023574	4710.2080000000005	5.587519453725834	159.04412409502817	834.3921873451511	
4710.9808	0.042400000000270666	Ripples						0.042400000000270666	4710.996	26.662638582069924	158.10932671377236	1887.1434189332965	
4711.108	0.0543999999999869	Ripples						0.0543999999999869	4711.1336	28.03723505370829	155.79442776797214	2140.1329211883185	
4714.4984	0.023999999999432475	Ripples						0.023999999999432475	4714.5176	5.308970465537864	155.83185846083663	572.5326921093686	
4714.5704000000005	0.06880000000001019	Ripples						0.06880000000001019	4714.5872	17.390827865557107	159.30840177587066	1468.3900842196508	
4714.8688	0.03840000000036525	Ripples						0.03840000000036525	4714.8832	7.0047225406540585	160.41915684174856	1073.210963796789	
4715.9536	0.04400000000077853	Ripples						0.04400000000077853	4715.9752	16.224753707987908	165.48323518320046	1261.4442006291374	
4716.5464	0.0816000000004351	Ripples						0.0816000000004351	4716.5928	18.72145984817076	153.9961518320827	1439.5796691753617	
4717.0288	0.03679999999985739	Ripples						0.03679999999985739	4717.044	12.129231236310405	159.32640235500574	1098.8734403260314	
4718.1616	0.040799999999762804	Ripples						0.040799999999762804	4718.188	11.555909036766543	154.03932381921436	1123.8484741110826	
4719.0152	0.05760000000009313	Ripples						0.05760000000009313	4719.0648	14.097543464258854	154.8571114067397	1265.7479977278751	
4719.8192	0.09840000000076543	Ripples						0.09840000000076543	4719.904	18.150755106568543	158.70951745134948	1547.8269423307354	
4723.588000000001	0.03599999999914871	Ripples						0.03599999999914871	4723.613600000001	6.652418325539721	157.04727649290257	748.3360607119553	
4723.8264	0.029600000000755244	Ripples						0.029600000000755244	4723.848800000001	7.734071699206808	149.79356658856264	727.1099155807354	
4726.3336	0.04399999999986903	Ripples						0.04399999999986903	4726.3552	7.445861419578563	152.43704109861616	719.7441862518413	
4726.5296	0.0632000000005064	Ripples						0.0632000000005064	4726.5648	16.268927386261673	152.0649232550064	1348.8248873004745	
4726.852	0.03920000000016444	Ripples						0.03920000000016444	4726.8696	10.922514289572687	152.51773492983673	994.5742720110916	
4727.0016000000005	0.03359999999975116	Ripples						0.03359999999975116	4727.0224	8.14959658212901	158.30258694023624	1072.5583287901986	
4727.3352	0.03279999999995198	Ripples						0.03279999999995198	4727.3432	11.203367681587046	154.4257856275558	1071.556827914711	
4727.7936	0.04719999999997526	Ripples						0.04719999999997526	4727.8240000000005	11.85186103512941	152.8901718274255	1035.3573955448003	
4728.964800000001	0.043199999999160354	Ripples						0.043199999999160354	4728.9800000000005	10.76130974722564	156.2961135373249	1029.6103656001546	
4730.404	0.02639999999973952	Ripples						0.02639999999973952	4730.4224	10.069956851502923	158.71405201216191	995.0111787866853	
4730.8008	0.0727999999999156	Ripples						0.0727999999999156	4730.8216	17.77835199891412	153.46458454094585	1161.6341444500986	
4731.5384	0.037599999999656575	Ripples						0.037599999999656575	4731.559200000001	28.946068738315862	160.8071771406734	2002.0724989899495	
4732.917600000001	0.02159999999912543	Ripples						0.02159999999912543	4732.932	9.53361011765258	159.85779307407742	1011.5232213467954	
4738.3	0.044799999999668216	Ripples						0.044799999999668216	4738.3264	14.67476316196391	151.04037663555744	1155.5915102958404	
4738.4608	0.059200000000600994	Ripples						0.059200000000600994	4738.490400000001	12.325629331534559	149.48141199010908	1005.3150300982979	
4739.7104	0.04399999999986903	Ripples						0.04399999999986903	4739.7192000000005	5.665813476010866	159.80120953924464	868.2900793233542	
4741.0656	0.042400000000270666	Ripples						0.042400000000270666	4741.076	6.108876012059338	160.72938655745207	941.7340662382435	
4742.3184	0.07440000000042346	Ripples						0.07440000000042346	4742.3552	6.347340453016746	163.84869517062873	894.0825670908615	
4744.2776	0.03920000000016444	Ripples						0.03920000000016444	4744.292	14.65622776081447	152.88614604007785	1357.527872865253	
4745.7880000000005	0.04640000000017608	Ripples						0.04640000000017608	4745.798400000001	12.19625497530108	169.19397084742428	1353.5455861137566	
4745.8936	0.044799999999668216	Ripples						0.044799999999668216	4745.921600000001	16.183402175789784	155.3108902515278	1520.6324480147803	
4748.3848	0.04800000000068394	Ripples						0.04800000000068394	4748.414400000001	20.85984206814161	153.6610478118094	1447.5952877030154	
4750.9872000000005	0.07999999999992724	Ripples						0.07999999999992724	4751.0088000000005	20.21917616203984	153.97749378900815	1748.2212046854952	
4751.1256	0.05999999999949068	Ripples						0.05999999999949068	4751.1648000000005	15.35711919787788	150.8546541805617	1480.8022126693647	
4752.841600000001	0.037599999999656575	Ripples						0.037599999999656575	4752.852800000001	9.753684532933313	158.88730071369875	1081.7332932162337	
4753.5152	0.0864000000001397	Ripples						0.0864000000001397	4753.588000000001	20.214387660777724	155.52250633212245	1755.266365815497	
4754.410400000001	0.03679999999985739	Ripples						0.03679999999985739	4754.4368	7.103471510350637	151.2781285957795	769.0327862336834	
4754.7096	0.048800000000483124	Ripples						0.048800000000483124	4754.7384	24.398605562383082	156.3613768249185	1743.07310054757	
4754.836	0.06000000000040018	Ripples						0.06000000000040018	4754.8728	8.412776246441984	165.5013864900235	1057.0073936762094	
4755.722400000001	0.03679999999985739	Ripples						0.03679999999985739	4755.7408000000005	5.869982952898999	144.86660424015477	658.0559957558878	
4756.5096	0.021600000000034925	Ripples						0.021600000000034925	4756.5208	6.856751385122299	158.42508974611323	861.3997328274221	
4762.5008	0.045600000000376895	Ripples						0.045600000000376895	4762.5224	22.088056683236026	154.30455023728993	1884.2772629163842	
4762.580800000001	0.07600000000002183	Ripples						0.07600000000002183	4762.6056	25.503895749568	156.0143762975705	2021.784766052702	
4766.272800000001	0.03599999999914871	Ripples						0.03599999999914871	4766.287200000001	9.025541284968819	158.36786264548206	896.8297980456761	
4766.8632	0.06080000000019936	Ripples						0.06080000000019936	4766.892	5.577279164711343	176.51343521846184	876.3253451786777	
4772.4136	0.03279999999995198	Ripples						0.03279999999995198	4772.4304	23.181224139297274	164.4392225935427	1940.816823670353	
4772.6336	0.02959999999984575	Ripples						0.02959999999984575	4772.6488	7.361332204268459	151.33320228284938	869.7143045184131	
4775.716	0.02080000000023574	Ripples						0.02080000000023574	4775.7304	6.121924027868738	158.98387579689003	854.5870717596495	
4785.9712	0.051199999999880674	Ripples						0.051199999999880674	4785.997600000001	27.064441346009936	161.84128434411272	2058.631947855357	
4786.6016	0.05520000000069558	Ripples						0.05520000000069558	4786.6272	32.44911842213541	153.63987883872355	2021.681575716568	
4787.8752	0.058399999999892316	Ripples						0.058399999999892316	4787.8976	28.14577532888119	154.20110688455154	1944.1421411421688	
4788.6776	0.02959999999984575	Ripples						0.02959999999984575	4788.6976	7.004112174806443	157.03763503319672	869.3051162348506	
4788.751200000001	0.053599999999278225	Ripples						0.053599999999278225	4788.7832	20.59803530298917	152.58579438712903	1496.2958689054544	
4792.588000000001	0.0319999999992433	Ripples						0.0319999999992433	4792.602400000001	17.12706899900135	159.34439394965204	1409.7606421863084	
4792.6672	0.03440000000045984	Ripples						0.03440000000045984	4792.6784	5.648331435408216	159.13758942475852	576.4253642361587	
4793.0424	0.023199999999633292	Ripples						0.023199999999633292	4793.0560000000005	14.010494517037474	166.20222635620928	1348.283725345242	
4793.4472000000005	0.02639999999973952	Ripples						0.02639999999973952	4793.46	15.029734165211806	160.08306869759264	1401.791893254604	
4800.7808	0.05360000000018772	Ripples						0.05360000000018772	4800.8024000000005	21.12612028003355	154.09645514051206	1502.1481889959698	
4802.8088	0.068000000000211	Ripples						0.068000000000211	4802.841600000001	8.913226393333119	152.9660951482351	845.5368564572407	
4803.0	0.021600000000034925	Ripples						0.021600000000034925	4803.008	6.817692329887748	160.7072231865795	972.5715910021378	
4810.18	0.06400000000030559	Ripples						0.06400000000030559	4810.216	16.32851195607062	154.73492098257293	1739.2276372261042	
4810.997600000001	0.027199999999538704	Ripples						0.027199999999538704	4811.0144	12.990231265270886	158.58626249669533	1289.236259482466	
4811.092000000001	0.034399999999550346	Ripples						0.034399999999550346	4811.106400000001	8.270596710716974	151.80903342297444	928.1309706210806	
4811.1552	0.032000000000152795	Ripples						0.032000000000152795	4811.1664	7.299431157712991	152.85714765893738	874.3233817847059	
4812.6504	0.027999999999337888	Ripples						0.027999999999337888	4812.6688	6.244636623222	151.6391596036148	753.2226355186627	
4816.18	0.061599999999998545	Ripples						0.061599999999998545	4816.192	10.938934871939335	155.6496618121314	1051.1569689682242	
4816.4344	0.047999999999774445	Ripples						0.047999999999774445	4816.4528	6.324697490024956	153.22499644213485	930.2719072402957	
4816.532	0.1184000000002925	Ripples						0.1184000000002925	4816.5576	8.332229407642336	149.18288181916805	836.6616753480065	
4822.4312	0.051199999999880674	Ripples						0.051199999999880674	4822.4584	16.880963674359396	157.67581934652415	1283.5756207179659	
4822.540800000001	0.030399999999644933	Ripples						0.030399999999644933	4822.5496	6.702843797220074	155.25509795498363	904.8103797038729	
4822.9448	0.03600000000005821	Ripples						0.03600000000005821	4822.964800000001	25.78015534738932	167.12871231604947	2032.9181600779996	
4825.6304	0.03920000000016444	Ripples						0.03920000000016444	4825.649600000001	12.924068992225259	165.46187389047185	1284.5662104911391	
4827.1392000000005	0.03999999999996362	Ripples						0.03999999999996362	4827.149600000001	8.159313969473743	160.28690586034867	897.4808292999608	
4827.304	0.03920000000016444	Ripples						0.03920000000016444	4827.3184	6.322135049262767	148.57884326383856	857.6684449698281	
4829.2968	0.03359999999975116	Ripples						0.03359999999975116	4829.3192	5.715905372125931	148.417166278566	599.3503594330055	
4830.928800000001	0.061599999999998545	Ripples						0.061599999999998545	4830.9424	6.725702502213164	157.1458109165845	1036.2566219772389	
4831.1128	0.03760000000056607	Ripples						0.03760000000056607	4831.1392000000005	7.665131560397457	149.70084052603053	778.4514206969619	
4831.1704	0.04320000000006985	Ripples						0.04320000000006985	4831.1984	14.438308259937717	152.5159503057563	1260.6788662532151	
4831.9696	0.035200000000259024	Ripples						0.035200000000259024	4831.9952	15.284950802429323	160.28391867000263	1344.2743079281024	
4836.3072	0.03600000000005821	Ripples						0.03600000000005821	4836.3296	9.014671078398411	154.21942753668898	1009.4768352259147	
4839.8584	0.04960000000028231	Ripples						0.04960000000028231	4839.8864	23.442089775336168	149.22781026770778	1622.892632030213	
4845.1448	0.020000000000436557	Ripples						0.020000000000436557	4845.1552	6.359050804382115	166.8143619587358	938.4534156455073	
4852.0928	0.040799999999762804	Ripples						0.040799999999762804	4852.1112	11.731351320309575	158.15398872860905	840.6423052635213	
4854.5552	0.04640000000017608	Ripples						0.04640000000017608	4854.5728	37.052430869875934	161.45422213309928	2425.734901036034	
4854.8512	0.03279999999995198	Ripples						0.03279999999995198	4854.8664	13.290049993859725	154.76947260260042	1349.9184946667783	
4856.5312	0.02080000000023574	Ripples						0.02080000000023574	4856.5416000000005	11.935903735906287	164.12329577302833	1259.644430685613	
4860.9624	0.05760000000009313	Ripples						0.05760000000009313	4860.997600000001	21.606942667137663	160.66948687113555	2018.2622028820954	
4861.5392	0.0775999999996202	Ripples						0.0775999999996202	4861.5656	7.678731975277604	162.65820175853452	566.6324625844389	
4862.4664	0.030399999999644933	Ripples						0.030399999999644933	4862.4744	6.312912242167112	157.1269459079376	774.3878334438494	
4864.504	0.068000000000211	Ripples						0.068000000000211	4864.530400000001	15.5367509248036	157.8833095049746	1005.6032687032107	
4864.88	0.03679999999985739	Ripples						0.03679999999985739	4864.8952	10.971572754791069	150.31587641818768	865.294210827657	
4866.5584	0.023200000000542786	Ripples						0.023200000000542786	4866.564	5.079454444455742	160.78197191782206	742.9044097633741	
4869.696	0.035200000000259024	Ripples						0.035200000000259024	4869.711200000001	20.400647073069326	158.43580990719738	1585.355219467885	
4871.2064	0.04399999999986903	Ripples						0.04399999999986903	4871.2432	5.040968046836527	165.0321071541909	769.8802729170907	
4872.0168	0.034399999999550346	Ripples						0.034399999999550346	4872.0416000000005	17.909409592847183	156.83490992706515	1361.9833060735557	
4872.1048	0.030400000000554428	Ripples						0.030400000000554428	4872.12	7.22191029476254	147.0212086637944	777.5568148166483	
4875.2704	0.035200000000259024	Ripples						0.035200000000259024	4875.284000000001	9.864467316353513	159.46333732926323	1184.9024812899768	
4877.0928	0.09599999999954889	Ripples						0.09599999999954889	4877.1672	14.97540240927922	154.43755457270248	1263.1648235833961	
4877.251200000001	0.04719999999997526	Ripples						0.04719999999997526	4877.2792	19.07119202582462	153.56469978907657	1648.2109799847376	
4878.1296	0.02639999999973952	Ripples						0.02639999999973952	4878.1448	8.397512864727593	151.72235213778413	965.827345019845	
4882.2896	0.04320000000006985	Ripples						0.04320000000006985	4882.3008	5.70446372185008	169.23270369710173	682.8520415038715	
4883.068	0.03440000000045984	Ripples						0.03440000000045984	4883.0872	19.40080976574414	169.01005590467838	1679.678902261565	
4883.184	0.028800000000046566	Ripples						0.028800000000046566	4883.1984	8.70290102374881	159.49606791056203	1232.9269092903753	
4883.2712	0.03920000000016444	Ripples						0.03920000000016444	4883.3	13.802476809767711	154.6646297315583	1382.4658162718274	
4883.3832	0.03440000000045984	Ripples						0.03440000000045984	4883.404	24.06425549431909	158.69539868845712	1843.9065856454833	
4888.6320000000005	0.08320000000003347	Ripples						0.08320000000003347	4888.656800000001	26.527856690718654	154.88751635186543	1837.7242776345327	
4891.5744	0.022399999999834108	Ripples						0.022399999999834108	4891.5832	6.393523659898023	162.43131289595686	912.8201199237427	
4891.7744	0.07600000000002183	Ripples						0.07600000000002183	4891.8224	9.613092585905406	162.90519905055217	944.6186153403215	
4891.8936	0.0455999999994674	Ripples						0.0455999999994674	4891.928	5.503782359092975	154.1646113082171	750.4066144230103	
4892.0568	0.03359999999975116	Ripples						0.03359999999975116	4892.0704000000005	9.734260175505627	163.21588816942094	1323.6520901631416	
4896.1544	0.06719999999950232	Ripples						0.06719999999950232	4896.2	31.749969869824646	165.5151700783253	2349.734781171351	
4896.296	0.04320000000006985	Ripples						0.04320000000006985	4896.3112	23.51018441152982	154.3926603032293	1679.5417328947537	
4897.3712000000005	0.028800000000046566	Ripples						0.028800000000046566	4897.3896	8.501452960625741	157.00319940348223	992.3673706047714	
4898.4064	0.020000000000436557	Ripples						0.020000000000436557	4898.4136	9.037833366692139	161.20886411425738	928.1315832589951	
4902.204000000001	0.03599999999914871	Ripples						0.03599999999914871	4902.215200000001	8.553811552616654	149.36988086041728	797.1725527537534	
4935.327200000001	0.10079999999925349	Ripples						0.10079999999925349	4935.363200000001	24.083719902404017	150.92445249934198	1781.3514360396036	
4938.0	172.0	SleepStates											REM
5111.0	20.0	SleepStates											Awake
5132.0	74.0	SleepStates											Non-REM
5133.609600000001	0.051199999999880674	Ripples						0.051199999999880674	5133.6416	26.83516476762453	160.61980439602615	2245.1875402529377	
5136.072	0.07920000000012806	Ripples						0.07920000000012806	5136.1320000000005	11.077890482168893	161.56667642615608	1498.708085938739	
5140.4344	0.04960000000028231	Ripples						0.04960000000028231	5140.476000000001	14.57973454654961	158.48359936969865	1168.4258941778828	
5148.152	0.06480000000010477	Ripples						0.06480000000010477	5148.1688	13.990171989519018	155.34730430447718	1222.9710231749286	
5150.8472	0.12480000000050495	Ripples						0.12480000000050495	5150.9448	17.89983192891733	156.4408482733611	1554.5653080198097	
5155.222400000001	0.04959999999937281	Ripples						0.04959999999937281	5155.251200000001	21.860255618337437	161.8870233960105	1756.0660684212648	
5158.072	0.02080000000023574	Ripples						0.02080000000023574	5158.0832	14.191110685880654	162.04747151311065	1335.4989729029699	
5164.944	0.03279999999995198	Ripples						0.03279999999995198	5164.9624	15.04977993761753	155.2195061734562	1326.261529592136	
5165.0896	0.02400000000034197	Ripples						0.02400000000034197	5165.1032000000005	20.911897732492996	165.114430167389	1566.156952863587	
5167.120800000001	0.06559999999990396	Ripples						0.06559999999990396	5167.148	28.84328516898832	155.7619884455827	1952.5665259429975	
5177.5816	0.04320000000006985	Ripples						0.04320000000006985	5177.5968	26.518848573848437	156.2581824938241	1685.2663937878672	
5178.120800000001	0.06719999999950232	Ripples						0.06719999999950232	5178.1552	13.652281547884451	160.47013053760816	1344.85422173148	
5183.490400000001	0.022399999999834108	Ripples						0.022399999999834108	5183.4992	9.394202445275747	160.28287535415993	1160.9142650624365	
5185.7496	0.03760000000056607	Ripples						0.03760000000056607	5185.7672	24.13200438053093	159.4317954117216	1939.7834210641847	
5190.4328000000005	0.03519999999934953	Ripples						0.03519999999934953	5190.4536	19.23460362528826	155.7510349298133	1534.3428897873528	
5190.5384	0.04159999999956199	Ripples						0.04159999999956199	5190.5704000000005	12.87748779388382	154.18825192894553	1059.1446969612164	
5190.6984	0.04640000000017608	Ripples						0.04640000000017608	5190.722400000001	20.495103285782232	150.60157005519713	1405.5961872364007	
5191.0208	0.03679999999985739	Ripples						0.03679999999985739	5191.0352	17.64205119410919	158.3719735564253	1297.1454362270763	
5193.7696000000005	0.022399999999834108	Ripples						0.022399999999834108	5193.7776	6.930262236634465	156.6866255826264	889.1395724582114	
5195.3784000000005	0.037599999999656575	Ripples						0.037599999999656575	5195.408	8.700902739719696	152.91237030534987	857.2614490774637	
5197.9672	0.03440000000045984	Ripples						0.03440000000045984	5197.9856	23.74391446696602	160.94007919945332	1774.094307794934	
5198.0624	0.030400000000554428	Ripples						0.030400000000554428	5198.0792	18.84355858336521	154.71136012792763	1500.436041503373	
5198.2888	0.04320000000006985	Ripples						0.04320000000006985	5198.3	20.95236345639965	159.58099337548558	1712.4765160977543	
5201.7968	0.0272000000004482	Ripples						0.0272000000004482	5201.816	10.97317516780266	155.8334877306149	864.7432882379794	
5203.3392	0.03359999999975116	Ripples						0.03359999999975116	5203.3648	9.898568850210824	154.56740338571558	818.8000690057661	
5204.5752	0.06080000000019936	Ripples						0.06080000000019936	5204.588000000001	9.238080792119703	151.73163739581824	824.3817026326444	
5204.8656	0.025599999999940337	Ripples						0.025599999999940337	5204.8808	11.833670411675145	160.62576802724374	1249.0427659494817	
5204.988	0.08159999999952561	Ripples						0.08159999999952561	5205.0352	9.94204650494013	143.65379171340746	1188.0579104893177	
5205.1912	0.03279999999995198	Ripples						0.03279999999995198	5205.2032	13.862365795063125	156.71106995261792	1309.9600331370464	
5205.747200000001	0.04239999999936117	Ripples						0.04239999999936117	5205.7824	14.803220948665274	162.85425222039973	1364.9656840805105	
5206.8336	0.05040000000008149	Ripples						0.05040000000008149	5206.856000000001	19.32935404504495	151.11697243471582	1630.814833651856	
5206.9088	0.025599999999940337	Ripples						0.025599999999940337	5206.9272	10.764808405822862	158.19178201588025	1156.1222226154382	
5207.0	21.0	SleepStates											Awake
5207.291200000001	0.023999999999432475	Ripples						0.023999999999432475	5207.3024000000005	11.87263081725859	162.17760140223504	1361.5181294296435	
5207.4304	0.05199999999967986	Ripples						0.05199999999967986	5207.4408	5.2146161282275125	163.0149670496348	786.1397475893526	
5208.7408000000005	0.05279999999947904	Ripples						0.05279999999947904	5208.776	7.535221609455735	157.75153061834163	791.6552870003213	
5211.088000000001	0.047999999999774445	Ripples						0.047999999999774445	5211.095200000001	5.413424230217988	164.57126865488223	764.7129940829349	
5212.5536	0.02400000000034197	Ripples						0.02400000000034197	5212.568	6.082071562899433	161.5018535497531	963.2654938295242	
5229.0	226.0	SleepStates											Non-REM
5237.7568	0.03279999999995198	Ripples						0.03279999999995198	5237.7688	18.196409230163553	157.24950328319522	1539.350180707184	
5242.372	0.04399999999986903	Ripples						0.04399999999986903	5242.4024	11.690361671103695	151.71356974406157	1212.8423700986716	
5243.0184	0.058399999999892316	Ripples						0.058399999999892316	5243.0584	13.999256841862667	150.26650308462138	862.1745029981516	
5243.1688	0.06639999999970314	Ripples						0.06639999999970314	5243.2144	19.541907714570915	149.71059305491542	1311.594400923484	
5245.0816	0.04719999999997526	Ripples						0.04719999999997526	5245.0976	36.514137273860165	167.65658622296087	2276.5270280849763	
5246.9800000000005	0.04320000000006985	Ripples						0.04320000000006985	5246.997600000001	20.20279120868671	156.96356952493932	1521.1718464399312	
5247.0832	0.04719999999997526	Ripples						0.04719999999997526	5247.1088	10.097731172831521	145.31739218603718	918.1581319472689	
5248.604	0.023199999999633292	Ripples						0.023199999999633292	5248.6144	11.622373960297942	163.09383188893707	1212.415012999212	
5250.8	0.12960000000020955	Ripples						0.12960000000020955	5250.872	19.377076456969874	157.9093979571979	1828.7544564254129	
5252.979200000001	0.05759999999918364	Ripples						0.05759999999918364	5253.0152	13.88422661044234	147.11921986027718	1089.5443466682761	
5255.7856	0.04960000000028231	Ripples						0.04960000000028231	5255.8168000000005	19.246379900932602	154.46530462462812	1661.8005979454063	
5257.5128	0.03920000000016444	Ripples						0.03920000000016444	5257.5208	6.845401144726952	156.9450422807215	585.3523464998203	
5257.606400000001	0.06319999999959691	Ripples						0.06319999999959691	5257.6632	11.974111990222653	157.86186603904835	1080.501165550078	
5257.7552000000005	0.03600000000005821	Ripples						0.03600000000005821	5257.772	14.249164142157815	162.98523875463925	1613.3106713415184	
5257.8808	0.056000000000494765	Ripples						0.056000000000494765	5257.907200000001	5.023510666465434	139.02386849304963	659.4642766380781	
5264.4616000000005	0.03600000000005821	Ripples						0.03600000000005821	5264.479200000001	21.700696335080814	172.14474152367777	1767.2339318964596	
5267.3144	0.04640000000017608	Ripples						0.04640000000017608	5267.3432	5.5230144573326525	150.85871914734048	756.1394521090268	
5268.0296	0.04480000000057771	Ripples						0.04480000000057771	5268.064	10.844595543623706	169.41643706425828	1075.0616379338423	
5272.736800000001	0.027199999999538704	Ripples						0.027199999999538704	5272.7480000000005	5.063676913492184	157.83330834544847	533.559427054238	
5272.8448	0.03279999999995198	Ripples						0.03279999999995198	5272.8640000000005	14.460953753470408	154.39533353373517	1264.2063259708325	
5277.037600000001	0.04239999999936117	Ripples						0.04239999999936117	5277.066400000001	24.138072835177645	156.7463786251011	1867.6091708918661	
5277.3112	0.06000000000040018	Ripples						0.06000000000040018	5277.336	18.14937818370788	150.8402055253131	1485.1446729043537	
5277.4928	0.028800000000046566	Ripples						0.028800000000046566	5277.508	8.260228550981259	163.5158329526255	1212.0371219088238	
5278.8832	0.032000000000152795	Ripples						0.032000000000152795	5278.9016	21.00504737138786	159.0251003908118	1528.0419360208577	
5279.4304	0.03920000000016444	Ripples						0.03920000000016444	5279.46	10.116200212050614	166.98312612440685	1169.2974760258344	
5280.62	0.021600000000034925	Ripples						0.021600000000034925	5280.6312	8.1251880832293	165.4022406350929	1127.3708270057678	
5285.1432	0.04640000000017608	Ripples						0.04640000000017608	5285.156800000001	24.6126278639615	163.67934125937714	1873.0333448445979	
5285.264	0.03279999999995198	Ripples						0.03279999999995198	5285.2752	11.123440178397967	151.6766962770621	1103.2254014221846	
5285.3592	0.04719999999997526	Ripples						0.04719999999997526	5285.3912	20.750289570084732	147.47113902917664	1484.1561215479048	
5290.12	0.029600000000755244	Ripples						0.029600000000755244	5290.1312	6.361420088476723	166.07776475809877	839.407830482623	
5293.7624000000005	0.03999999999996362	Ripples						0.03999999999996362	5293.7792	13.240041797900501	150.74383814755984	1026.8909726119252	
5293.8536	0.05360000000018772	Ripples						0.05360000000018772	5293.8792	17.437935051480874	155.43637579650292	1459.5634444506725	
5296.2936	0.02959999999984575	Ripples						0.02959999999984575	5296.305600000001	8.229948405916117	154.7851622688864	1071.234114057538	
5296.648	0.020000000000436557	Ripples						0.020000000000436557	5296.6584	5.422264397142512	167.231380915077	892.3392333727136	
5296.8	0.030399999999644933	Ripples						0.030399999999644933	5296.8048	5.396322394673195	168.0503188153768	763.7627939826398	
5300.608	0.04960000000028231	Ripples						0.04960000000028231	5300.6328	9.9629668406228	153.02740379776125	1190.4791113680292	
5302.0728	0.0408000000006723	Ripples						0.0408000000006723	5302.1008	18.218733525642122	161.6586572878633	1648.4578924409586	
5304.3768	0.051199999999880674	Ripples						0.051199999999880674	5304.3912	12.50657039221597	159.01240958657684	1149.9685027722348	
5304.608	0.052800000000388536	Ripples						0.052800000000388536	5304.6368	18.96424679083739	151.49972148807154	1741.8821863631767	
5306.7336000000005	0.020799999999326246	Ripples						0.020799999999326246	5306.744000000001	11.181039893019516	159.40588946047737	1160.6140862740822	
5306.881600000001	0.04399999999986903	Ripples						0.04399999999986903	5306.8904	10.732783953889982	164.65757650059152	1125.9739782966155	
5315.608	0.044799999999668216	Ripples						0.044799999999668216	5315.6376	6.003306510085654	146.62099104885675	570.583311707272	
5319.3464	0.04159999999956199	Ripples						0.04159999999956199	5319.3616	5.329876395141757	152.48821118516017	578.3139173952183	
5321.796	0.05599999999958527	Ripples						0.05599999999958527	5321.8208	12.343766989152428	157.04986374726798	1461.343586819599	
5322.0104	0.03920000000016444	Ripples						0.03920000000016444	5322.028	13.257380385926416	153.2297202672224	1236.3079285982344	
5322.4168	0.03600000000005821	Ripples						0.03600000000005821	5322.4312	17.965099045057038	158.90077081011313	1341.7372050513468	
5326.2848	0.0543999999999869	Ripples						0.0543999999999869	5326.3256	15.491476760887837	152.6553689668219	1345.3045215668967	
5326.696	0.04960000000028231	Ripples						0.04960000000028231	5326.7216	20.279833698922246	145.30528482976405	1403.8074834059676	
5334.7008000000005	0.032000000000152795	Ripples						0.032000000000152795	5334.7104	5.849842642559857	167.15016726939047	761.8994813255085	
5334.780000000001	0.020799999999326246	Ripples						0.020799999999326246	5334.7896	13.189795317126833	162.2808598404652	1283.778396652133	
5334.8256	0.06400000000030559	Ripples						0.06400000000030559	5334.8536	9.935229520736812	161.4907997008494	1042.1863451393976	
5337.3240000000005	0.047999999999774445	Ripples						0.047999999999774445	5337.345600000001	6.258133757693382	168.343525680995	546.9565438219197	
5337.904	0.07359999999971478	Ripples						0.07359999999971478	5337.936000000001	13.723634987113517	151.24483921248503	994.6121925296219	
5339.4048	0.04640000000017608	Ripples						0.04640000000017608	5339.4408	19.4036563780011	157.03990110927813	1408.8579377810179	
5339.860000000001	0.03839999999945576	Ripples						0.03839999999945576	5339.892	5.405607740017114	154.1388698846867	836.9181426996923	
5340.536	0.05200000000058935	Ripples						0.05200000000058935	5340.5776000000005	13.662503873258965	157.82391415293958	1171.0364229379666	
5343.4184000000005	0.08320000000003347	Ripples						0.08320000000003347	5343.479200000001	11.408464858744342	147.3649163866241	812.2639015229742	
5343.544	0.04400000000077853	Ripples						0.04400000000077853	5343.5584	13.87891693150569	154.10778552074558	1191.9194596219052	
5343.6624	0.02080000000023574	Ripples						0.02080000000023574	5343.6704	9.07632134933109	163.72932018103043	1039.6875259773826	
5343.8736	0.025599999999940337	Ripples						0.025599999999940337	5343.888800000001	5.0564936646047745	146.62939854218115	693.47473423502	
5345.336	0.05760000000009313	Ripples						0.05760000000009313	5345.3688	18.180377969772312	151.79075899104018	1329.4202572423044	
5347.3896	0.04719999999997526	Ripples						0.04719999999997526	5347.4088	26.148947168348922	156.61213096012077	1862.9531652644405	
5347.6	0.032000000000152795	Ripples						0.032000000000152795	5347.6176000000005	13.85944041793343	153.8635051820367	1300.60703069388	
5348.696800000001	0.0591999999996915	Ripples						0.0591999999996915	5348.7088	13.933575197398703	156.1273231544293	1346.1650122030492	
5351.3992	0.023200000000542786	Ripples						0.023200000000542786	5351.4128	12.440530234504488	159.16166359776446	1268.4366443588049	
5352.6304	0.059200000000600994	Ripples						0.059200000000600994	5352.6456	14.41875353680052	156.3356206746758	1142.200260432987	
5352.9848	0.04160000000047148	Ripples						0.04160000000047148	5353.0104	12.407891161057073	161.83745987134657	1324.2155418852983	
5357.9024	0.029600000000755244	Ripples						0.029600000000755244	5357.916	11.192244921448781	167.12597164538522	1285.0879058576334	
5358.732	0.035200000000259024	Ripples						0.035200000000259024	5358.740000000001	7.123038716667161	158.20910261810496	982.3682650209304	
5361.2856	0.08240000000023429	Ripples						0.08240000000023429	5361.3112	12.548385146608135	146.6019283473586	1050.069317100926	
5361.472000000001	0.022399999999834108	Ripples						0.022399999999834108	5361.4800000000005	7.009832493257466	153.1979543476798	756.6507631929519	
5362.5776000000005	0.051199999999880674	Ripples						0.051199999999880674	5362.6032000000005	21.056602512843803	154.57346855071492	1403.5779372466761	
5364.3864	0.03600000000005821	Ripples						0.03600000000005821	5364.4064	24.591728843252458	158.55100514913514	1850.8127508997702	
5364.4872000000005	0.05999999999949068	Ripples						0.05999999999949068	5364.530400000001	15.276362072197646	148.38486554775426	1419.4698618813272	
5365.0160000000005	0.03600000000005821	Ripples						0.03600000000005821	5365.0296	15.627178682552291	162.78271319441413	1266.7102139380518	
5365.8832	0.02639999999973952	Ripples						0.02639999999973952	5365.8944	8.02176572574346	152.77164476658996	754.7124251461111	
5369.5648	0.06000000000040018	Ripples						0.06000000000040018	5369.5832	10.403062823788037	157.2031439089195	832.736708418609	
5369.9496	0.07120000000031723	Ripples						0.07120000000031723	5370.0112	8.51897106772548	156.24043269539877	1133.5396451158604	
5370.0752	0.032000000000152795	Ripples						0.032000000000152795	5370.0864	10.291091750154576	151.08561866528538	1027.4115964432917	
5376.752	0.031199999999444117	Ripples						0.031199999999444117	5376.7664	13.857335082770167	160.74097058719113	1421.5270151502023	
5377.247200000001	0.030399999999644933	Ripples						0.030399999999644933	5377.2592	7.638220746714716	151.0111585049973	824.0370312602216	
5377.320000000001	0.03519999999934953	Ripples						0.03519999999934953	5377.3448	20.46174622757898	155.2132077442914	1518.3284807532978	
5377.410400000001	0.03359999999975116	Ripples						0.03359999999975116	5377.4368	6.828687290597482	159.23483522315144	963.6646176454295	
5378.367200000001	0.03919999999925494	Ripples						0.03919999999925494	5378.3784000000005	12.921339365377733	155.78185628453326	1230.649844971641	
5378.4552	0.045600000000376895	Ripples						0.045600000000376895	5378.4872000000005	13.595197554963507	154.27873923637634	1299.0033118428676	
5379.2376	0.030399999999644933	Ripples						0.030399999999644933	5379.2616	5.6596622857371575	160.87595853780178	624.1392396681813	
5380.8152	0.026400000000649015	Ripples						0.026400000000649015	5380.827200000001	8.517719304259117	153.6408363701149	958.8558637523175	
5382.26	0.03279999999995198	Ripples						0.03279999999995198	5382.276800000001	16.895411951266084	173.22017670824167	1598.3512168323068	
5382.828	0.042400000000270666	Ripples						0.042400000000270666	5382.856000000001	22.168498153752896	154.35071237873683	1703.827900251896	
5387.2528	0.044799999999668216	Ripples						0.044799999999668216	5387.264	6.9083536717382845	158.77853156222844	984.8097014762313	
5387.4848	0.02400000000034197	Ripples						0.02400000000034197	5387.4952	9.581378376363295	166.60498842383765	1123.8528790423743	
5389.5472	0.04399999999986903	Ripples						0.04399999999986903	5389.580800000001	6.358946098993494	149.1405647256033	866.8056703458544	
5390.9304	0.030399999999644933	Ripples						0.030399999999644933	5390.9384	5.346414340603631	166.14398659711088	746.6114065196201	
5392.493600000001	0.02879999999913707	Ripples						0.02879999999913707	5392.508	11.208561565002075	155.3596531772559	1159.9240795116389	
5393.2192000000005	0.02959999999984575	Ripples						0.02959999999984575	5393.232800000001	6.352740801604933	169.15340474145376	1020.4726625499912	
5395.6056	0.14000000000032742	Ripples						0.14000000000032742	5395.7248	27.76988547555628	157.16936621464578	1851.5870992734287	
5397.0856	0.047999999999774445	Ripples						0.047999999999774445	5397.0936	8.153103487117908	156.53159831624413	836.2457178165495	
5399.722400000001	0.037599999999656575	Ripples						0.037599999999656575	5399.740000000001	17.485409293543654	157.12886977334145	1486.083988974677	
5400.0984	0.028800000000046566	Ripples						0.028800000000046566	5400.116800000001	9.567755327424663	156.02091494799353	1024.216666120036	
5401.0488000000005	0.024800000000141154	Ripples						0.024800000000141154	5401.059200000001	7.288090115723205	158.62477828887936	1017.7513281580218	
5402.4552	0.07439999999951397	Ripples						0.07439999999951397	5402.4984	5.80158432465134	159.62924307391674	633.080866248971	
5403.9464	0.07120000000031723	Ripples						0.07120000000031723	5403.96	12.735533514427308	168.1009077784765	1232.9814895697561	
5404.0568	0.051199999999880674	Ripples						0.051199999999880674	5404.0672	6.538222110309848	159.16509481177462	946.5889954739183	
5404.2464	0.023200000000542786	Ripples						0.023200000000542786	5404.26	19.637353498485595	165.2313364775127	1445.432343174313	
5404.352	0.02400000000034197	Ripples						0.02400000000034197	5404.360000000001	5.621612081523904	172.21433324778113	856.1495063594733	
5406.1336	0.0727999999999156	Ripples						0.0727999999999156	5406.1808	12.19189041573477	157.0386961359904	924.5052916956311	
5408.0272	0.03999999999996362	Ripples						0.03999999999996362	5408.0416000000005	12.994280656033615	158.5879605020302	1072.1659608165633	
5408.1176000000005	0.04399999999986903	Ripples						0.04399999999986903	5408.1328	14.196813332885508	148.91697181213544	1273.8033301158277	
5408.5312	0.03279999999995198	Ripples						0.03279999999995198	5408.544800000001	23.76263067233614	170.65486121051023	1793.0292529040298	
5408.6872	0.027199999999538704	Ripples						0.027199999999538704	5408.704000000001	8.68497979389169	156.41145923181656	946.1418717077406	
5410.8168000000005	0.07519999999931315	Ripples						0.07519999999931315	5410.8536	12.682535244212305	163.84194187525625	1383.512654371994	
5413.0288	0.02959999999984575	Ripples						0.02959999999984575	5413.04	6.440811717970451	155.21580241547443	582.8748058002583	
5415.5576	0.04399999999986903	Ripples						0.04399999999986903	5415.584	7.453374109776763	153.40459592320016	846.9835125017124	
5415.7048	0.0455999999994674	Ripples						0.0455999999994674	5415.7424	8.984100297622163	159.82870436718608	868.6717924859119	
5423.2	0.030400000000554428	Ripples						0.030400000000554428	5423.2144	15.225133200923244	162.7958832292374	1468.102151809121	
5423.3352	0.05760000000009313	Ripples						0.05760000000009313	5423.367200000001	9.058599391601025	150.2694323732669	1204.4973294466781	
5425.256	0.08159999999952561	Ripples						0.08159999999952561	5425.3232	14.486413458606602	156.6574702719001	1320.0213248112216	
5425.4232	0.1087999999999738	Ripples						0.1087999999999738	5425.4672	13.912329216494133	163.48357511181104	1499.4138436391752	
5429.4152	0.040799999999762804	Ripples						0.040799999999762804	5429.4232	6.8642937681343925	161.7362460987144	665.3797638348053	
5429.568	0.03440000000045984	Ripples						0.03440000000045984	5429.592000000001	5.9998274234966535	159.69661142923752	748.2959853830486	
5432.908	0.035200000000259024	Ripples						0.035200000000259024	5432.9336	10.463116517130436	154.7692277495333	1071.796579290254	
5435.888800000001	0.12879999999950087	Ripples						0.12879999999950087	5435.9448	10.916618355226909	151.18190971395643	842.841453590862	
5442.7032	0.0408000000006723	Ripples						0.0408000000006723	5442.7216	20.215585745758272	150.80195413863132	1204.462500387303	
5447.8648	0.04159999999956199	Ripples						0.04159999999956199	5447.876	11.96348191095111	168.95057097174217	1195.4973853024455	
5448.240000000001	0.040799999999762804	Ripples						0.040799999999762804	5448.268	12.200528083438694	157.8174755504373	1357.1689396986433	
5448.424800000001	0.05599999999958527	Ripples						0.05599999999958527	5448.4584	18.41946465261035	147.14794253357707	1252.1959809574585	
5456.0	2422.0	SleepStates											Awake
5458.8216	0.03359999999975116	Ripples						0.03359999999975116	5458.845600000001	9.700169775820369	171.86934226990903	1101.277469201616	
5472.715200000001	0.04159999999956199	Ripples						0.04159999999956199	5472.729600000001	16.372080845788677	161.59547312988218	1622.6668357244992	
5546.0536	0.04960000000028231	Ripples						0.04960000000028231	5546.0896	24.61501694527411	152.35579965637226	1715.3097464711411	
5550.816000000001	0.043199999999160354	Ripples						0.043199999999160354	5550.841600000001	7.367857231316187	148.31666945179472	839.348389588871	
5715.907200000001	0.05760000000009313	Ripples						0.05760000000009313	5715.928	5.9887652393194175	146.41726395057947	650.7849281418241	
5719.5544	0.0272000000004482	Ripples						0.0272000000004482	5719.568	7.364796900397483	158.0570291870308	1120.2884434589942	
5723.1176000000005	0.03279999999995198	Ripples						0.03279999999995198	5723.1296	11.67167956419818	160.18006649964354	1155.1872958488818	
5723.222400000001	0.06639999999970314	Ripples						0.06639999999970314	5723.2480000000005	28.08331122924097	166.149875099024	2085.0809290653697	
5823.6832	0.05199999999967986	Ripples						0.05199999999967986	5823.728	6.692559900053721	165.24536222947398	663.1639607487314	
5824.34	0.02639999999973952	Ripples						0.02639999999973952	5824.3512	9.747427183701053	155.81822782005182	959.5742783749573	
5825.1104000000005	0.07600000000002183	Ripples						0.07600000000002183	5825.1248000000005	12.534348553758582	157.01541913143762	969.6592404298156	
5827.7096	0.03279999999995198	Ripples						0.03279999999995198	5827.7248	10.3897801111688	154.5122364211218	1091.212304223904	
5827.8032	0.027199999999538704	Ripples						0.027199999999538704	5827.8168000000005	18.17564652060614	165.4698309567603	1567.8761444394163	
5830.1104000000005	0.028800000000046566	Ripples						0.028800000000046566	5830.1224	12.59337115174299	162.7717540258007	1325.499184390359	
5831.7552000000005	0.031199999999444117	Ripples						0.031199999999444117	5831.772800000001	12.08918646106647	164.7463344049531	1416.3221802547832	
5833.9008	0.027199999999538704	Ripples						0.027199999999538704	5833.9136	9.663674114613473	160.3682403982928	1220.8533565758196	
5847.6952	0.028000000000247383	Ripples						0.028000000000247383	5847.711200000001	9.392276504770537	170.02133068647342	1227.1358156152342	
5856.6704	0.04399999999986903	Ripples						0.04399999999986903	5856.684	16.362774828927034	154.97859192775405	1504.1417937757897	
5859.8184	0.028800000000046566	Ripples						0.028800000000046566	5859.8296	13.548913053924842	158.5840618247149	1309.7970692164474	
5864.072	0.042400000000270666	Ripples						0.042400000000270666	5864.1048	6.958352827034718	150.16013720391294	837.2186966952023	
5870.4584	0.035200000000259024	Ripples						0.035200000000259024	5870.4752	14.688495386547308	158.47155611981032	1246.8736361336	
5877.334400000001	0.08559999999943102	Ripples						0.08559999999943102	5877.407200000001	11.2301797493676	156.30135337328576	1302.8415421353297	
5886.9376	0.03120000000035361	Ripples						0.03120000000035361	5886.9512	15.50254833717864	160.07092660226698	1440.4212253926548	
5887.0296	0.03760000000056607	Ripples						0.03760000000056607	5887.0416000000005	9.783240279147707	153.51870032022202	1129.9730378984038	
5890.5032	0.03760000000056607	Ripples						0.03760000000056607	5890.5208	10.919137564383966	157.1695061907086	1338.577794793098	
5890.6432	0.04159999999956199	Ripples						0.04159999999956199	5890.6696	6.2678565514722555	152.76699459059623	635.2793624206887	
5893.5144	0.03120000000035361	Ripples						0.03120000000035361	5893.5312	9.41137960881825	161.0342968631317	1279.6492292195612	
5894.6952	0.04640000000017608	Ripples						0.04640000000017608	5894.715200000001	13.66012781683481	166.09196634336092	1534.1340594673106	
5900.251200000001	0.04879999999957363	Ripples						0.04879999999957363	5900.2792	17.879762013955784	156.67985051784743	1549.3611970239456	
5914.997600000001	0.027999999999337888	Ripples						0.027999999999337888	5915.012000000001	23.447895554019944	166.20906479060517	1857.1753884442214	
5928.3144	0.03440000000045984	Ripples						0.03440000000045984	5928.336	5.436361923290315	151.13790859551665	801.3119252490145	
5931.3784000000005	0.022399999999834108	Ripples						0.022399999999834108	5931.3928000000005	9.137721814280816	161.83691486805205	1017.2727673687145	
5931.7696000000005	0.023199999999633292	Ripples						0.023199999999633292	5931.7816	8.098570763823918	157.75404607896047	1011.9590381500357	
5935.3144	0.03920000000016444	Ripples						0.03920000000016444	5935.334400000001	17.456889398039266	165.71808315228637	1769.8347646379668	
5936.240000000001	0.031199999999444117	Ripples						0.031199999999444117	5936.2576	8.206215442367869	160.35891744284768	1111.9949924904874	
5938.644	0.04160000000047148	Ripples						0.04160000000047148	5938.6584	16.541836811544115	161.29618794564922	1521.1031101554495	
5942.410400000001	0.023999999999432475	Ripples						0.023999999999432475	5942.421600000001	7.172500493813628	168.93772230531636	992.3677572274897	
5947.0232000000005	0.021600000000034925	Ripples						0.021600000000034925	5947.037600000001	5.0592117237506145	158.9049959524334	820.725932028912	
5947.2288	0.030400000000554428	Ripples						0.030400000000554428	5947.2456	14.495614912852469	159.03780796295365	1362.6433441339373	
5952.9344	0.022399999999834108	Ripples						0.022399999999834108	5952.9456	6.135247995451084	155.19408880984807	894.2599138447874	
5954.0256	0.032000000000152795	Ripples						0.032000000000152795	5954.0464	7.2903678918832115	152.56611228669723	772.871300613796	
6003.928	0.03360000000066066	Ripples						0.03360000000066066	6003.943200000001	15.076816252787939	155.18168472820153	1293.5588990088409	
6007.6432	0.047999999999774445	Ripples						0.047999999999774445	6007.66	11.425287687870364	158.30304578798902	1305.1799498006383	
6011.265600000001	0.04879999999957363	Ripples						0.04879999999957363	6011.2824	8.245349043622639	151.9629614113895	1194.8817907272335	
6013.104	0.021600000000034925	Ripples						0.021600000000034925	6013.1184	8.724465120606842	156.25529257749363	879.5056379147803	
6013.5792	0.042400000000270666	Ripples						0.042400000000270666	6013.5872	7.193765773610241	154.95300929371535	717.1713038633169	
6014.5648	0.05519999999978609	Ripples						0.05519999999978609	6014.5984	10.700217418055328	145.9574420897626	781.6306143718537	
6015.256	0.08879999999953725	Ripples						0.08879999999953725	6015.316000000001	18.733071773270364	149.83666557339313	1488.1151264853338	
6015.444	0.05279999999947904	Ripples						0.05279999999947904	6015.4704	24.299799381839442	152.20287356621344	1702.9206093549126	
6019.4608	0.024800000000141154	Ripples						0.024800000000141154	6019.4712	13.187239691963807	164.64489866440354	1318.228006201398	
6024.3072	0.04320000000006985	Ripples						0.04320000000006985	6024.332	16.892033120351265	153.35287137202218	1236.1172590936924	
6026.3464	0.06239999999979773	Ripples						0.06239999999979773	6026.3768	17.36077007282264	154.05742871701452	1591.0970712150609	
6028.414400000001	0.07519999999931315	Ripples						0.07519999999931315	6028.450400000001	24.112450649712276	157.67015300157755	2021.5831260597063	
6042.3032	0.04719999999997526	Ripples						0.04719999999997526	6042.3256	12.244574661491683	148.51013310601235	1095.903301663859	
6042.3904	0.05199999999967986	Ripples						0.05199999999967986	6042.4016	10.555846957593994	157.60667090710925	891.0078601004606	
6045.072	0.02639999999973952	Ripples						0.02639999999973952	6045.08	6.148492347012763	158.46677550629562	806.8845515686684	
6045.4496	0.04320000000006985	Ripples						0.04320000000006985	6045.4608	19.620058185612912	157.19802238233436	1587.0704893641275	
6047.8872	0.04320000000006985	Ripples						0.04320000000006985	6047.9056	7.99698904143154	145.55208830660868	785.6200540267863	
6048.0504	0.04320000000006985	Ripples						0.04320000000006985	6048.0616	6.742965339221083	151.24650201379987	1018.350520124449	
6059.3768	0.068000000000211	Ripples						0.068000000000211	6059.417600000001	21.06600233751013	154.01191394854703	1604.0174547964543	
6061.1704	0.058399999999892316	Ripples						0.058399999999892316	6061.211200000001	34.05408120484819	159.34166930384873	2328.690063510242	
6061.352800000001	0.03279999999995198	Ripples						0.03279999999995198	6061.3640000000005	7.166843471562267	154.03712351779538	938.7355248805876	
6063.508000000001	0.05279999999947904	Ripples						0.05279999999947904	6063.5328	14.561171609602026	161.60440227063103	1619.128959135966	
6063.8144	0.03440000000045984	Ripples						0.03440000000045984	6063.8336	24.031711778764226	161.1305650294714	1855.648447663521	
6063.9352	0.05120000000079017	Ripples						0.05120000000079017	6063.964	10.393840469772181	158.1733677992537	1431.692225115796	
6069.1336	0.03440000000045984	Ripples						0.03440000000045984	6069.1528	8.344569989752841	147.04148328731318	783.4688022966699	
6070.841600000001	0.05040000000008149	Ripples						0.05040000000008149	6070.8752	31.30039965618706	157.78316757915215	2205.913560179634	
6071.7672	0.03840000000036525	Ripples						0.03840000000036525	6071.776	6.0639422438014	156.03955326401913	684.9086151102764	
6071.96	0.03440000000045984	Ripples						0.03440000000045984	6071.9872000000005	7.943388035090137	153.927713481101	813.7771305080928	
6073.4968	0.04719999999997526	Ripples						0.04719999999997526	6073.508000000001	7.8257180995432964	156.87014504702628	868.8653053104089	
6074.46	0.04719999999997526	Ripples						0.04719999999997526	6074.4736	12.779625921578045	162.34370651137672	1364.769286821812	
6075.900000000001	0.04399999999986903	Ripples						0.04399999999986903	6075.9272	16.371061939281716	153.95615425985667	1269.5129279020548	
6076.0504	0.05680000000029395	Ripples						0.05680000000029395	6076.0824	8.407998811326832	146.4770001223483	912.679673344808	
6079.305600000001	0.04159999999956199	Ripples						0.04159999999956199	6079.3224	11.478702756674098	167.8384698370618	1361.7402538578067	
6080.22	0.044799999999668216	Ripples						0.044799999999668216	6080.2408000000005	5.310586715105853	166.110602622971	946.312568451552	
6082.64	0.037599999999656575	Ripples						0.037599999999656575	6082.652	6.374105353047071	154.83260914065826	865.2978719397431	
6097.0176	0.030400000000554428	Ripples						0.030400000000554428	6097.0424	6.730195436026366	159.89111859285217	726.1316368001122	
6104.716	0.04719999999997526	Ripples						0.04719999999997526	6104.7488	7.089568416066815	149.32893593934844	730.2588289325457	
6105.758400000001	0.020799999999326246	Ripples						0.020799999999326246	6105.768800000001	7.240294035721651	161.8431767097232	1114.489815715297	
6107.9856	0.029600000000755244	Ripples						0.029600000000755244	6107.993600000001	7.3558177626669945	158.6713752830639	941.6315022016944	
6108.1304	0.02959999999984575	Ripples						0.02959999999984575	6108.1416	8.705747274998888	155.70475467327213	950.5805892907905	
6115.124000000001	0.03519999999934953	Ripples						0.03519999999934953	6115.142400000001	32.17702263781314	162.44929383637762	2286.8729416498218	
6143.1656	0.03279999999995198	Ripples						0.03279999999995198	6143.1736	5.486182452308009	153.95051477735572	747.2387346109809	
6230.037600000001	0.030399999999644933	Ripples						0.030399999999644933	6230.0528	7.6711391861217315	152.60280676654432	841.4836157542572	
6235.218400000001	0.04879999999957363	Ripples						0.04879999999957363	6235.2464	10.198045266289883	151.22027404296588	1237.5648464855694	
6253.1728	0.024800000000141154	Ripples						0.024800000000141154	6253.1904	6.834848530745875	160.63407267939985	870.0636761007003	
6255.0672	0.02639999999973952	Ripples						0.02639999999973952	6255.0856	7.304018710618746	154.2398134205865	771.2055225021886	
6257.1288	0.042400000000270666	Ripples						0.042400000000270666	6257.142400000001	27.03092227494628	163.99854560253956	1980.1533808112736	
6260.6632	0.028000000000247383	Ripples						0.028000000000247383	6260.6776	22.769152567526767	161.39237746126526	1744.238153808429	
6266.2704	0.028000000000247383	Ripples						0.028000000000247383	6266.2856	11.256173785426354	159.19006305891526	1263.4840288216142	
6325.6544	0.05519999999978609	Ripples						0.05519999999978609	6325.6656	11.75956871212478	160.574941813714	1305.3936873460834	
6370.1984	0.09600000000045839	Ripples						0.09600000000045839	6370.2808	11.694505334706307	158.1066741420689	1343.8312374057373	
6375.192800000001	0.08399999999983265	Ripples						0.08399999999983265	6375.2096	14.757334347402074	159.68629740571745	1491.0589777659893	
6377.8968	0.034399999999550346	Ripples						0.034399999999550346	6377.9088	10.107610742828008	155.61431969640012	1034.452881642194	
6378.030400000001	0.03279999999995198	Ripples						0.03279999999995198	6378.0568	8.063560384662429	156.67672658857046	867.2430576254811	
6380.8264	0.028000000000247383	Ripples						0.028000000000247383	6380.84	12.072454625793414	158.32921909943957	1327.1007541367771	
6381.327200000001	0.0727999999999156	Ripples						0.0727999999999156	6381.372	20.178417120568106	157.93523683853232	1969.4545715270554	
6381.5384	0.03120000000035361	Ripples						0.03120000000035361	6381.559200000001	9.620517128078104	158.44766768910048	1199.0679126209184	
6400.5864	0.06400000000030559	Ripples						0.06400000000030559	6400.636	8.780775138315475	150.47107043058338	1016.8474187644146	
6402.772	0.056000000000494765	Ripples						0.056000000000494765	6402.8112	31.914066870220807	165.11625453418804	2149.204906995612	
6403.3424	0.023999999999432475	Ripples						0.023999999999432475	6403.356000000001	5.868132314939697	163.22749980629033	1035.1035546556936	
6405.4384	0.03600000000005821	Ripples						0.03600000000005821	6405.464	5.117028646202937	146.99173957610506	678.3960942631504	
6409.1104000000005	0.0639999999993961	Ripples						0.0639999999993961	6409.1408	8.492376398942833	155.191279301314	845.0582495427012	
6411.1648000000005	0.047999999999774445	Ripples						0.047999999999774445	6411.1792000000005	10.864714433110668	151.86909364950714	1195.58160890204	
6411.761600000001	0.030399999999644933	Ripples						0.030399999999644933	6411.7736	11.863454726275387	153.78613166740462	1103.4648922386057	
6413.0536	0.04719999999997526	Ripples						0.04719999999997526	6413.0848000000005	10.60659979093728	165.96877271836476	1322.3337152050074	
6416.456	0.03279999999995198	Ripples						0.03279999999995198	6416.468000000001	13.661108639407024	155.07307528963634	1243.9681563648699	
6417.5528	0.061599999999998545	Ripples						0.061599999999998545	6417.5728	13.273163054618001	162.95950205639164	1587.8503015890196	
6417.692800000001	0.07839999999941938	Ripples						0.07839999999941938	6417.7496	8.047474629864627	151.0921555550469	958.0969325380365	
6422.0904	0.02080000000023574	Ripples						0.02080000000023574	6422.1016	7.9075338300764155	165.7425324273189	1021.0715986919142	
6424.7248	0.06000000000040018	Ripples						0.06000000000040018	6424.7504	18.90298185246864	156.47304608585685	1674.941854010699	
6425.3944	0.035200000000259024	Ripples						0.035200000000259024	6425.4192	13.61243987520315	155.89510468966236	1136.1936684490902	
6426.0888	0.021600000000034925	Ripples						0.021600000000034925	6426.099200000001	8.706005919899209	160.66335426405942	967.5786001074779	
6427.7096	0.04960000000028231	Ripples						0.04960000000028231	6427.7424	34.756161022836544	156.3188476693117	2093.539887694111	
6428.9088	0.05760000000009313	Ripples						0.05760000000009313	6428.9400000000005	15.608213365532006	157.54915328082004	1575.0740506461325	
6429.0832	0.06400000000030559	Ripples						0.06400000000030559	6429.1272	18.351849356860274	156.84260658526244	1781.2577196261227	
6431.304	0.03440000000045984	Ripples						0.03440000000045984	6431.3184	17.812266968439186	158.1382403289746	1522.043903873167	
6432.1816	0.022400000000743603	Ripples						0.022400000000743603	6432.1904	7.5402593119149515	160.3700888509325	1008.2383292383015	
6432.330400000001	0.053599999999278225	Ripples						0.053599999999278225	6432.3568000000005	27.642312201816708	156.94280121753988	1652.9586143301065	
6434.8640000000005	0.07920000000012806	Ripples						0.07920000000012806	6434.921600000001	11.037561588522216	154.24753509257374	890.0016185726146	
6439.200000000001	0.020799999999326246	Ripples						0.020799999999326246	6439.211200000001	8.899128138346196	163.21181532873402	966.1667277571319	
6442.2464	0.04719999999997526	Ripples						0.04719999999997526	6442.272	9.309971697400238	146.64060589593052	868.0142422253002	
6443.4728000000005	0.02639999999973952	Ripples						0.02639999999973952	6443.4856	16.290470178504673	163.7627708572164	1456.4298664525627	
6450.1176000000005	0.10400000000026921	Ripples						0.10400000000026921	6450.1320000000005	12.726803084674188	155.93155496949507	1369.9699326136565	
6452.4784	0.04960000000028231	Ripples						0.04960000000028231	6452.4984	26.644038106632404	161.56862724593302	2120.30297116786	
6453.135200000001	0.027999999999337888	Ripples						0.027999999999337888	6453.149600000001	14.446664052140092	158.38791075838512	1307.0220418313977	
6453.2568	0.052800000000388536	Ripples						0.052800000000388536	6453.272	22.328686238426805	155.96922856945525	1768.2110843085923	
6455.2464	0.03600000000005821	Ripples						0.03600000000005821	6455.265600000001	22.926988223968515	169.28687125958734	1833.2565971541644	
6455.443200000001	0.03600000000005821	Ripples						0.03600000000005821	6455.4592	8.795405186475188	151.86482153886186	1082.4817705718465	
6455.9592	0.03600000000005821	Ripples						0.03600000000005821	6455.988	12.577073986559482	156.54059517838064	1178.6440900085838	
6461.1544	0.051199999999880674	Ripples						0.051199999999880674	6461.1808	17.65476743384392	159.36586937492373	1558.8154056918443	
6463.1792000000005	0.040799999999762804	Ripples						0.040799999999762804	6463.2008000000005	8.79482189153327	144.53853234886836	738.4218745200603	
6464.5616	0.068000000000211	Ripples						0.068000000000211	6464.599200000001	15.569889911633929	147.67801295142903	1161.3101089352608	
6469.7128	0.035200000000259024	Ripples						0.035200000000259024	6469.724	14.783005507610554	163.20963735354854	1425.3034801535348	
6473.635200000001	0.0591999999996915	Ripples						0.0591999999996915	6473.6632	11.955491641351458	147.9999236901387	1169.6858461286874	
6473.7696000000005	0.05360000000018772	Ripples						0.05360000000018772	6473.794400000001	15.402462710512518	152.5511893197441	1195.2184894614904	
6480.080800000001	0.06559999999990396	Ripples						0.06559999999990396	6480.092000000001	5.508259274523115	152.89921481702086	706.8652846811472	
6481.084000000001	0.03279999999995198	Ripples						0.03279999999995198	6481.109600000001	9.446598233814404	156.3841453304098	963.4907829305806	
6540.5752	0.040799999999762804	Ripples						0.040799999999762804	6540.598400000001	11.731120464502814	149.10616541020752	1110.1177316297808	
6544.823200000001	0.027999999999337888	Ripples						0.027999999999337888	6544.8352	7.97417048104075	159.56389909656124	1121.447915272028	
6550.218400000001	0.03919999999925494	Ripples						0.03919999999925494	6550.232800000001	28.196811646246783	162.26481332475055	1829.7345171853144	
6550.5704000000005	0.07119999999940774	Ripples						0.07119999999940774	6550.6056	12.570224471716005	155.5732446282745	1419.1706870094781	
6557.4944000000005	0.03920000000016444	Ripples						0.03920000000016444	6557.5136	18.589579344289252	153.0797549632768	1468.4337593155576	
6557.638400000001	0.03519999999934953	Ripples						0.03519999999934953	6557.6664	8.592545592703805	153.15822172691085	871.9443065346466	
6558.1464000000005	0.03519999999934953	Ripples						0.03519999999934953	6558.1576000000005	9.263731131664889	156.222400058416	1173.4928948133584	
6592.914400000001	0.031199999999444117	Ripples						0.031199999999444117	6592.936000000001	6.061652614597064	155.57936111602103	921.3316704769505	
6599.4616000000005	0.034399999999550346	Ripples						0.034399999999550346	6599.486400000001	5.979633716270976	154.68495179129087	920.5987083797867	
6607.4672	0.059200000000600994	Ripples						0.059200000000600994	6607.4944000000005	19.859846723443685	154.01453510911003	1811.978600542227	
6613.251200000001	0.056799999999384454	Ripples						0.056799999999384454	6613.280000000001	10.311772565607583	151.63984764997602	1225.7492725715801	
6621.448	0.08399999999983265	Ripples						0.08399999999983265	6621.468800000001	10.56765964347842	151.96306702141086	1250.0514738627137	
6622.3248	0.02639999999973952	Ripples						0.02639999999973952	6622.338400000001	5.245926199142823	157.15515582689216	892.8322066189494	
6629.5024	0.042400000000270666	Ripples						0.042400000000270666	6629.519200000001	10.417087540838196	157.32310476016355	1049.4104618094616	
6629.7032	0.0632000000005064	Ripples						0.0632000000005064	6629.725600000001	8.325627952998442	148.79518716086258	833.6105072051982	
6637.5976	0.021600000000034925	Ripples						0.021600000000034925	6637.609600000001	8.370494617720189	161.4158552180462	1063.1785796450956	
6638.178400000001	0.04719999999997526	Ripples						0.04719999999997526	6638.1952	21.045008655380034	160.05264365475998	1765.5578979569977	
6645.2272	0.028800000000046566	Ripples						0.028800000000046566	6645.2344	7.407388912723328	157.44757200384157	870.2508540999639	
6645.5632000000005	0.04399999999986903	Ripples						0.04399999999986903	6645.5864	14.958044355909806	148.8009167743682	1148.300780885659	
6648.6112	0.10239999999976135	Ripples						0.10239999999976135	6648.648	14.627738663635874	145.79554228804412	1206.7865785488661	
6649.076	0.030400000000554428	Ripples						0.030400000000554428	6649.0944	5.984655211373677	159.42166852403062	979.0654078371381	
6651.3240000000005	0.03279999999995198	Ripples						0.03279999999995198	6651.34	12.172764292284771	162.4201172146473	1372.568613892602	
6653.572	0.02959999999984575	Ripples						0.02959999999984575	6653.584000000001	11.922897119592157	154.31142998960203	1138.4581536612634	
6653.747200000001	0.022399999999834108	Ripples						0.022399999999834108	6653.758400000001	6.529204891818333	152.84809688746722	872.2922503062623	
6655.2952000000005	0.028800000000046566	Ripples						0.028800000000046566	6655.3104	19.108591317600325	159.24762552314337	1575.9198936620705	
6656.1184	0.07520000000022264	Ripples						0.07520000000022264	6656.1368	32.30756851382307	158.59119059379793	2165.6304986660316	
6657.9592	0.07359999999971478	Ripples						0.07359999999971478	6658.015200000001	22.86931625072763	154.73744682706203	1686.4694687771232	
6660.7736	0.034399999999550346	Ripples						0.034399999999550346	6660.7968	6.385459092944737	151.0819053613497	791.3198042787877	
6661.0056	0.05279999999947904	Ripples						0.05279999999947904	6661.044	10.772497985022705	150.5241302092988	1139.0285278284064	
6671.72	0.03279999999995198	Ripples						0.03279999999995198	6671.7448	8.934845944115331	152.5899087258025	996.0727836182346	
6677.352800000001	0.03920000000016444	Ripples						0.03920000000016444	6677.368	17.113975970937236	152.3674153691177	1434.8853556069	
6680.176	0.03679999999985739	Ripples						0.03679999999985739	6680.1912	11.235657928572401	155.88142532004312	1157.2478701253556	
6681.0536	0.04640000000017608	Ripples						0.04640000000017608	6681.0864	18.171928422123663	156.80462097293545	1379.7149531696477	
6681.261600000001	0.07119999999940774	Ripples						0.07119999999940774	6681.3144	19.45442922015804	152.71013600789655	1152.7265747478011	
6700.3352	0.04320000000006985	Ripples						0.04320000000006985	6700.360000000001	10.742803663366816	149.8541870187801	1176.3838023899234	
6707.142400000001	0.03679999999985739	Ripples						0.03679999999985739	6707.1576000000005	9.417110453976402	148.28899331776816	923.6125316845528	
6707.2816	0.051199999999880674	Ripples						0.051199999999880674	6707.304	14.177648449958165	160.54763801021474	1556.0320029193972	
6714.6336	0.032000000000152795	Ripples						0.032000000000152795	6714.6448	9.022250403261447	177.55619447660195	1071.0057486011979	
6718.8224	0.028800000000046566	Ripples						0.028800000000046566	6718.834400000001	13.277151879931683	162.36645315042625	1361.1302859750817	
6719.3336	0.08320000000003347	Ripples						0.08320000000003347	6719.3896	16.89175429323761	164.28238633866275	1070.8665586113057	
6719.528	0.06559999999990396	Ripples						0.06559999999990396	6719.576800000001	18.17157058513856	157.7448629204685	1604.054711137025	
6719.7672	0.03359999999975116	Ripples						0.03359999999975116	6719.7880000000005	15.856809808297884	157.15235160290362	1508.423878491269	
6721.225600000001	0.03679999999985739	Ripples						0.03679999999985739	6721.2456	28.65569508664143	157.98774854980843	2026.2963759529962	
6721.3640000000005	0.04159999999956199	Ripples						0.04159999999956199	6721.3824	24.283175696498546	151.74153258519206	1695.686765975955	
6730.1296	0.04320000000006985	Ripples						0.04320000000006985	6730.1512	14.134971999401445	151.62217677105508	1298.528595913063	
6730.1992	0.05360000000018772	Ripples						0.05360000000018772	6730.2264000000005	14.300523708961734	156.30491029626307	1478.2592571545458	
6731.1216	0.04719999999997526	Ripples						0.04719999999997526	6731.1488	31.70072666189018	161.6727426080278	2127.9278682859212	
6739.6688	0.05519999999978609	Ripples						0.05519999999978609	6739.7104	11.276874709188474	157.06390219278404	1181.2904694011777	
6747.484	0.027199999999538704	Ripples						0.027199999999538704	6747.497600000001	15.93577929804406	161.37309381303058	1490.8276605547803	
6747.9696	0.04960000000028231	Ripples						0.04960000000028231	6747.986400000001	12.527274640097364	160.4947663000064	1416.1687102635228	
6751.2104	0.05040000000008149	Ripples						0.05040000000008149	6751.232	17.908834566914035	155.40594103018321	1608.4704488830846	
6752.0968	0.05360000000018772	Ripples						0.05360000000018772	6752.1432	7.949175590612801	153.7114559329764	926.0071430770995	
6769.6904	0.02639999999973952	Ripples						0.02639999999973952	6769.7032	10.113301418199901	169.89343583682995	1195.6966404610293	
6780.4912	0.037599999999656575	Ripples						0.037599999999656575	6780.5112	20.668574232788984	162.43093214431983	1759.7540149498816	
6780.722400000001	0.03920000000016444	Ripples						0.03920000000016444	6780.7480000000005	16.46726514400834	153.34886977125623	1466.9800577021767	
6780.8008	0.07200000000011642	Ripples						0.07200000000011642	6780.8240000000005	12.57942603971469	158.00474073904547	1016.6167862854169	
6784.7480000000005	0.025599999999940337	Ripples						0.025599999999940337	6784.7664	7.025592874278877	157.5973767620266	845.2370578455693	
6784.848	0.04640000000017608	Ripples						0.04640000000017608	6784.8728	9.011832911926193	151.15059856598828	954.6296617418573	
6824.7456	0.03120000000035361	Ripples						0.03120000000035361	6824.768800000001	8.132550721679612	159.5473564011587	716.868242454591	
6829.284000000001	0.027199999999538704	Ripples						0.027199999999538704	6829.2952000000005	11.564178760373046	168.76541881732481	1223.4640890579476	
6835.7824	0.022399999999834108	Ripples						0.022399999999834108	6835.7968	8.974692769214576	158.83797666404806	1028.9757082498802	
6873.671200000001	0.027199999999538704	Ripples						0.027199999999538704	6873.682400000001	12.241616494805845	164.32698628356093	1319.6921456916205	
6873.8112	0.04320000000006985	Ripples						0.04320000000006985	6873.8264	16.671005405557587	159.6202028573715	1606.3458670640732	
6875.164000000001	0.04159999999956199	Ripples						0.04159999999956199	6875.188	12.314071557057316	153.8528644165412	1214.5039668842965	
6886.9664	0.020000000000436557	Ripples						0.020000000000436557	6886.9768	5.0387379497915035	164.32494541710892	866.2514611976956	
6887.264	0.021600000000034925	Ripples						0.021600000000034925	6887.272	7.148455179380175	161.05486043208623	901.9175265313494	
6888.573600000001	0.05199999999967986	Ripples						0.05199999999967986	6888.588000000001	7.737623600497701	157.94633108169106	1104.7232635824705	
6888.992	0.028800000000046566	Ripples						0.028800000000046566	6889.0032	5.528513694221389	156.15561644971652	714.9392051673436	
6889.3512	0.026400000000649015	Ripples						0.026400000000649015	6889.360000000001	6.83146681424068	154.8660712127284	877.0169103280277	
6906.1776	0.021600000000034925	Ripples						0.021600000000034925	6906.1888	7.929430524456427	160.55283393188705	1077.0505426214127	
6908.1592	0.03760000000056607	Ripples						0.03760000000056607	6908.1704	11.227539045077245	163.12815996290306	1281.8578024077456	
6917.4496	0.024800000000141154	Ripples						0.024800000000141154	6917.46	5.259512913517941	155.44910088134498	740.4701944272929	
6918.4424	0.024800000000141154	Ripples						0.024800000000141154	6918.453600000001	7.210242669755087	155.24287156194515	933.1819294890527	
6918.529600000001	0.05999999999949068	Ripples						0.05999999999949068	6918.573600000001	13.357045037542527	147.70082916186055	1222.6504070771139	
6920.1232	0.059200000000600994	Ripples						0.059200000000600994	6920.1408	8.617146364310635	154.78939055542074	1028.4181275511003	
6937.0656	0.05840000000080181	Ripples						0.05840000000080181	6937.0944	7.731368557687537	158.20228725064104	1184.5447576720098	
6939.1976	0.025599999999940337	Ripples						0.025599999999940337	6939.212	9.31345822968921	157.4775173548403	1138.8771000338902	
6940.228800000001	0.027999999999337888	Ripples						0.027999999999337888	6940.240000000001	13.468862593983072	167.40585320735573	1377.2825444397429	
6945.7088	0.05680000000029395	Ripples						0.05680000000029395	6945.728800000001	17.7796399058761	157.6992798746668	1774.7584695823834	
6947.700000000001	0.022399999999834108	Ripples						0.022399999999834108	6947.714400000001	11.211427230218163	165.41102257259286	1182.7568762665544	
6949.946400000001	0.03999999999996362	Ripples						0.03999999999996362	6949.9696	22.06298145339898	162.1491040202135	1892.0214254946193	
6963.9928	0.02400000000034197	Ripples						0.02400000000034197	6964.0064	5.507002671471228	167.08682043557604	925.5863076427787	
6967.236000000001	0.04159999999956199	Ripples						0.04159999999956199	6967.252	15.210346457404048	160.80823963142743	1510.2263718561242	
6976.497600000001	0.06639999999970314	Ripples						0.06639999999970314	6976.52	10.634882404251004	153.8728513910071	1009.1776345673934	
6982.953600000001	0.03919999999925494	Ripples						0.03919999999925494	6982.9704	12.534725583822777	165.86371094269947	1466.7261163647227	
6993.868	0.03840000000036525	Ripples						0.03840000000036525	6993.892000000001	13.835451372277793	150.5926805627323	1197.6208212762797	
6998.7896	0.04960000000028231	Ripples						0.04960000000028231	6998.8072	16.801561453727327	154.7191688773237	1567.680306897528	
7013.3832	0.03120000000035361	Ripples						0.03120000000035361	7013.3968	9.721602724775869	162.70655604966774	1302.337962453193	
7027.7808	0.051199999999880674	Ripples						0.051199999999880674	7027.8112	25.83007921681473	152.3622162062936	1656.8765920148694	
7027.9352	0.040000000000873115	Ripples						0.040000000000873115	7027.9488	17.796272309319605	171.00797545432692	1519.6705594574464	
7028.215200000001	0.03839999999945576	Ripples						0.03839999999945576	7028.2248	6.076616610718026	162.37727521339409	961.9799898690486	
7028.413600000001	0.027199999999538704	Ripples						0.027199999999538704	7028.428	15.21422377247198	157.87064843873463	1326.3377539980222	
7040.4448	0.03920000000016444	Ripples						0.03920000000016444	7040.4696	16.154697519127737	153.11579039953438	1432.8376376253646	
7040.544000000001	0.06559999999990396	Ripples						0.06559999999990396	7040.595200000001	5.383289794448525	152.36237175580078	911.1542728649282	
7042.7304	0.09199999999964348	Ripples						0.09199999999964348	7042.7896	26.489029432092412	162.34408142701434	2201.0480819611694	
7046.363200000001	0.05040000000008149	Ripples						0.05040000000008149	7046.396000000001	16.318673439734347	148.30319667034072	1358.511571283946	
7049.2896	0.1136000000005879	Ripples						0.1136000000005879	7049.3184	14.220293143790395	150.9400588741173	1471.6418515368891	
7051.3832	0.042400000000270666	Ripples						0.042400000000270666	7051.3976	14.81900495302575	158.5367808666289	1493.245808628168	
7051.519200000001	0.027199999999538704	Ripples						0.027199999999538704	7051.5384	10.350818203812558	166.14225746671042	1175.7803834059748	
7052.7896	0.030400000000554428	Ripples						0.030400000000554428	7052.801600000001	6.5649581481202	156.07527529895756	665.6698674940237	
7053.276800000001	0.03359999999975116	Ripples						0.03359999999975116	7053.2928	19.133572860735306	177.59547715103704	1485.6012414922343	
7053.7232	0.05199999999967986	Ripples						0.05199999999967986	7053.7408000000005	19.639016487022953	157.67310183392155	1774.8853563880812	
7054.566400000001	0.040799999999762804	Ripples						0.040799999999762804	7054.5888	23.395286757419683	170.96131314862927	1984.107232406127	
7055.5208	0.0632000000005064	Ripples						0.0632000000005064	7055.5384	23.745856563187417	154.60754714444488	1765.071622868011	
7057.2888	0.02400000000034197	Ripples						0.02400000000034197	7057.3	11.931538098055265	170.08034112340476	1244.3605881406659	
7061.5504	0.04800000000068394	Ripples						0.04800000000068394	7061.5848000000005	16.10439385599356	154.78112277299314	1538.8608762594115	
7063.870400000001	0.047999999999774445	Ripples						0.047999999999774445	7063.888	24.187000152253354	157.79898629569058	1868.906354238431	
7072.1584	0.03999999999996362	Ripples						0.03999999999996362	7072.1816	21.746190748791644	161.1872173950521	1871.55376403107	
7073.820000000001	0.03519999999934953	Ripples						0.03519999999934953	7073.837600000001	14.115440617921186	158.35733360129763	1480.0449669481195	
7077.0112	0.03360000000066066	Ripples						0.03360000000066066	7077.022400000001	6.241745970137259	156.72474654327812	789.9006057058547	
7077.091200000001	0.034399999999550346	Ripples						0.034399999999550346	7077.108	27.58097256527149	158.36432581599163	1866.4913986761997	
7077.6008	0.048800000000483124	Ripples						0.048800000000483124	7077.6264	15.955027398096474	154.83299387611333	1118.1151058236203	
7077.764	0.045600000000376895	Ripples						0.045600000000376895	7077.7856	13.208247845485094	147.39012132032462	1024.3531185760553	
7085.2048	0.042400000000270666	Ripples						0.042400000000270666	7085.2168	6.20300879789189	149.96631983988232	809.4585965828791	
7087.6472	0.06480000000010477	Ripples						0.06480000000010477	7087.688	20.417349400493887	168.6897874974839	1745.8810066086382	
7087.8296	0.04160000000047148	Ripples						0.04160000000047148	7087.8424	12.053719137124446	149.65285262118147	1065.0355568970783	
7087.996	0.032000000000152795	Ripples						0.032000000000152795	7088.0144	16.498738268023597	159.98784829469548	1626.9451276581285	
7088.218400000001	0.0319999999992433	Ripples						0.0319999999992433	7088.236800000001	5.782237848306421	147.22822393677131	743.4627323430701	
7091.0888	0.07840000000032887	Ripples						0.07840000000032887	7091.1072	9.60096771240291	155.16458210695507	1239.9537560078181	
7091.808800000001	0.05279999999947904	Ripples						0.05279999999947904	7091.8424	8.216155729359722	158.19780558535365	800.0876955306494	
7092.8856000000005	0.034399999999550346	Ripples						0.034399999999550346	7092.900000000001	14.177423235794711	161.3417771053051	1511.2896487714627	
7093.0432	0.04719999999997526	Ripples						0.04719999999997526	7093.080800000001	8.883406622657425	153.17304706357427	889.9999946090367	
7093.924800000001	0.04320000000006985	Ripples						0.04320000000006985	7093.939200000001	17.067197833831003	157.16750840486813	1428.1903412199208	
7094.029600000001	0.034399999999550346	Ripples						0.034399999999550346	7094.0504	10.62219965443504	157.7057533982563	1257.6714527292477	
7096.5024	0.03279999999995198	Ripples						0.03279999999995198	7096.5144	13.19001387282323	160.9589134505472	1312.9495287431773	
7103.3544	0.021600000000034925	Ripples						0.021600000000034925	7103.363200000001	6.911079327508649	162.66167660838786	951.111386163714	
7103.722400000001	0.02639999999973952	Ripples						0.02639999999973952	7103.7352	19.975651916742134	164.06184713739594	1678.9638986156615	
7119.024	0.024800000000141154	Ripples						0.024800000000141154	7119.0352	11.098183111151783	159.71122313092846	1191.7759225955413	
7122.9024	0.025600000000849832	Ripples						0.025600000000849832	7122.92	5.042056609790517	156.14738776346243	766.3263035068745	
7132.4624	0.028000000000247383	Ripples						0.028000000000247383	7132.4768	12.891197005842098	158.0913707867701	1302.6311997064622	
7132.6216	0.028800000000046566	Ripples						0.028800000000046566	7132.6296	7.001161376824801	157.57704868571975	906.4959159038259	
7147.9968	0.028000000000247383	Ripples						0.028000000000247383	7148.015200000001	6.2651726111492	157.56243467043436	886.1693620038467	
7153.1592	0.04480000000057771	Ripples						0.04480000000057771	7153.184	22.988257425152792	153.4905354244871	1734.5068103912363	
7153.4656	0.05519999999978609	Ripples						0.05519999999978609	7153.4968	24.199531230848468	153.81671123932335	1904.2509886511252	
7159.990400000001	0.07999999999992724	Ripples						0.07999999999992724	7160.0576	11.053885620945689	155.50807638546064	1365.783669663775	
7165.3152	0.029600000000755244	Ripples						0.029600000000755244	7165.3256	6.611956557263066	170.8370360001367	1041.9922561617998	
7165.4744	0.03920000000016444	Ripples						0.03920000000016444	7165.4944000000005	12.494941403823743	160.99543876745204	1463.3635391988792	
7171.476000000001	0.03279999999995198	Ripples						0.03279999999995198	7171.493600000001	10.112055446553438	156.75090614476133	856.6269499053186	
7202.4912	0.05680000000029395	Ripples						0.05680000000029395	7202.5232000000005	20.839310163150525	153.80834784708483	1582.706795077741	
7211.2936	0.02080000000023574	Ripples						0.02080000000023574	7211.301600000001	5.839675362263939	166.1363605356695	919.5136415465606	
7241.631200000001	0.03600000000005821	Ripples						0.03600000000005821	7241.645600000001	6.379353462544714	154.4541677701334	821.3790558149088	
7241.8240000000005	0.030399999999644933	Ripples						0.030399999999644933	7241.836	7.234646078273856	148.22088578554633	675.1002037495953	
7253.004800000001	0.027199999999538704	Ripples						0.027199999999538704	7253.0216	15.461026894295797	162.63666120581843	1426.6440502437247	
7254.0824	0.032000000000152795	Ripples						0.032000000000152795	7254.0968	25.085299056965535	163.63589570451398	1826.2138705604182	
7254.2176	0.04400000000077853	Ripples						0.04400000000077853	7254.2384	28.44289532839187	158.34537891495552	2262.5157505078396	
7255.3240000000005	0.025599999999940337	Ripples						0.025599999999940337	7255.337600000001	12.85522233111631	160.0318845263227	1200.657722490605	
7255.4944000000005	0.028800000000046566	Ripples						0.028800000000046566	7255.5056	10.367232926161854	154.99048556160838	1157.0576682340609	
7256.0752	0.028800000000046566	Ripples						0.028800000000046566	7256.0904	10.720083597348587	154.72471062878918	1012.474782240629	
7280.489600000001	0.02959999999984575	Ripples						0.02959999999984575	7280.497600000001	5.588342115669481	152.1705757983088	748.3768810857676	
7281.167200000001	0.07439999999951397	Ripples						0.07439999999951397	7281.1832	31.880474889906534	160.31765940430458	2111.5946645195513	
7283.0208	0.061599999999998545	Ripples						0.061599999999998545	7283.0328	11.17262421788707	155.277014910407	1200.077367566537	
7286.968800000001	0.044799999999668216	Ripples						0.044799999999668216	7286.990400000001	8.898508921895043	151.75521769851423	914.9405715067504	
7292.9672	0.05520000000069558	Ripples						0.05520000000069558	7293.0088000000005	13.606332357880506	153.1342886432604	1387.2810227137486	
7299.3144	0.02080000000023574	Ripples						0.02080000000023574	7299.3288	5.707085440064593	153.56623011034083	710.2761400302279	
7301.4664	0.03999999999996362	Ripples						0.03999999999996362	7301.4808	7.524382875886089	151.71670913494916	874.4965181495237	
7337.120800000001	0.051199999999880674	Ripples						0.051199999999880674	7337.149600000001	15.225049762203591	148.98671269454775	1231.70961266132	
7338.6664	0.05760000000009313	Ripples						0.05760000000009313	7338.6808	13.439841646788281	161.861529044138	1496.6349797537807	
7347.2384	0.028000000000247383	Ripples						0.028000000000247383	7347.2528	19.978336082213097	162.6588646947443	1688.0228592423673	
7347.399200000001	0.05999999999949068	Ripples						0.05999999999949068	7347.436000000001	12.513498939642439	158.03177514434987	1462.774698679086	
7349.276800000001	0.03679999999985739	Ripples						0.03679999999985739	7349.2968	32.46085711361848	167.10838145962558	2282.791748604968	
7349.8912	0.042400000000270666	Ripples						0.042400000000270666	7349.908	22.332188368374755	163.6831413666191	1807.6226786897598	
7352.3096000000005	0.0455999999994674	Ripples						0.0455999999994674	7352.330400000001	10.142988006344988	148.9448333188423	1069.2409813764991	
7362.7024	0.03440000000045984	Ripples						0.03440000000045984	7362.7208	21.046003116096298	170.22231683961385	1751.9568501081815	
7364.352000000001	0.06479999999919528	Ripples						0.06479999999919528	7364.381600000001	13.245502323464132	150.89324149528102	1147.0024514146694	
7368.374400000001	0.030399999999644933	Ripples						0.030399999999644933	7368.388	27.21102498579459	161.60365568205552	1916.4573147888157	
7373.484	0.04320000000006985	Ripples						0.04320000000006985	7373.5032	13.352821837685864	174.26333747679467	1322.9606575664402	
7373.6264	0.1048000000000684	Ripples						0.1048000000000684	7373.6976	19.529130910152027	152.71400568877615	1754.9459037360105	
7373.8392	0.06559999999990396	Ripples						0.06559999999990396	7373.884	15.467669437437667	151.53453379994335	1340.2921065498097	
7375.7632	0.028000000000247383	Ripples						0.028000000000247383	7375.7776	5.372354927682009	157.94315462564342	917.833609214343	
7375.8824	0.08079999999972642	Ripples						0.08079999999972642	7375.9304	14.691293637097134	147.3913617748739	1143.5447346843625	
7376.0856	0.061599999999998545	Ripples						0.061599999999998545	7376.14	6.790737656617484	163.71960952604323	1055.5048542045297	
7377.3792	0.07440000000042346	Ripples						0.07440000000042346	7377.399200000001	17.094880961736088	157.07401287115837	1702.8199814963689	
7378.3696	0.028800000000046566	Ripples						0.028800000000046566	7378.388	19.079156166241095	157.81321919185604	1435.4906022473147	
7378.4384	0.05200000000058935	Ripples						0.05200000000058935	7378.4704	29.35219311116692	154.97713886355646	2055.4817241330757	
7381.044800000001	0.08719999999993888	Ripples						0.08719999999993888	7381.0968	22.571294937984653	163.6145578481782	1915.4017983234696	
7390.0728	0.05200000000058935	Ripples						0.05200000000058935	7390.092000000001	15.410403627278555	166.42247364810314	1626.1605140050674	
7390.2504	0.040000000000873115	Ripples						0.040000000000873115	7390.280000000001	17.3169551736929	154.77714674524543	1380.842624402983	
7392.0256	0.048800000000483124	Ripples						0.048800000000483124	7392.0432	19.9094434083792	155.24735878275914	1709.5487226829691	
7392.2008000000005	0.021600000000034925	Ripples						0.021600000000034925	7392.2088	11.499007043571853	162.39716797172227	1126.4179919200506	
7393.6576000000005	0.051199999999880674	Ripples						0.051199999999880674	7393.684	10.627730399866095	153.04075503519124	826.4762395947383	
7421.3952	0.035200000000259024	Ripples						0.035200000000259024	7421.4128	25.89267711934212	156.87248449349144	1841.4796906675144	
7421.532	0.10320000000047003	Ripples						0.10320000000047003	7421.6144	14.736904638677826	151.7973504459794	1417.8037218862523	
7425.7552000000005	0.1087999999999738	Ripples						0.1087999999999738	7425.8096000000005	21.9335202278113	145.7440556424579	1773.7002262895107	
7425.9368	0.042400000000270666	Ripples						0.042400000000270666	7425.950400000001	25.738919329003874	169.43275056665505	1951.9119652188508	
7431.620800000001	0.12879999999950087	Ripples						0.12879999999950087	7431.7272	21.563425334279952	165.9080346349063	1838.08345164486	
7433.5344000000005	0.02639999999973952	Ripples						0.02639999999973952	7433.5464	5.808095470356408	153.91742428580818	733.0890423331763	
7434.0896	0.04719999999997526	Ripples						0.04719999999997526	7434.116	9.177837937085252	145.56032015322646	703.8907808904729	
7434.1912	0.040799999999762804	Ripples						0.040799999999762804	7434.207200000001	17.87917957817241	165.1155948406369	1661.827015443526	
7435.2088	0.037599999999656575	Ripples						0.037599999999656575	7435.232800000001	22.673945988562703	157.84400090018937	1627.0032684173004	
7435.5464	0.05760000000009313	Ripples						0.05760000000009313	7435.568	15.015150720897307	151.73055627627778	1423.7286928333872	
7437.483200000001	0.051199999999880674	Ripples						0.051199999999880674	7437.5056	6.094013271472455	149.50633539179336	677.9494942725107	
7437.6688	0.037599999999656575	Ripples						0.037599999999656575	7437.685600000001	17.152726860715237	157.58734483180302	1562.0469190604204	
7446.2408000000005	0.024800000000141154	Ripples						0.024800000000141154	7446.251200000001	6.502803415851943	158.9221326580615	896.7581747750877	
7449.131200000001	0.028800000000046566	Ripples						0.028800000000046566	7449.1432	11.411576439097614	159.59649655606162	1228.9955872872797	
7453.9728000000005	0.03279999999995198	Ripples						0.03279999999995198	7453.9872000000005	8.176972969534429	154.4021591835288	947.1760007554669	
7456.224	0.025599999999940337	Ripples						0.025599999999940337	7456.2424	5.600012846838107	149.18018302771077	724.7086684200133	
7474.416	0.05760000000009313	Ripples						0.05760000000009313	7474.4632	20.739217123552173	157.0487041677614	1697.6373464114092	
7475.479200000001	0.02959999999984575	Ripples						0.02959999999984575	7475.496800000001	9.91972526144867	165.4501235713062	1233.9137610247626	
7488.996	0.0408000000006723	Ripples						0.0408000000006723	7489.008000000001	10.243694989448063	153.1288642773943	1048.1375471058557	
7489.808	0.04160000000047148	Ripples						0.04160000000047148	7489.8216	20.705411399362884	161.85277008203266	1673.272162368203	
7491.784000000001	0.025599999999940337	Ripples						0.025599999999940337	7491.801600000001	10.014031115689804	161.7387271033659	1085.8758383589893	
7576.0888	0.0543999999999869	Ripples						0.0543999999999869	7576.1184	11.010167549233806	166.1645173726451	1336.4166951001018	
7596.9568	0.07520000000022264	Ripples						0.07520000000022264	7597.008000000001	18.017211675545735	155.95396921859313	1762.1299566255846	
7604.052000000001	0.040799999999762804	Ripples						0.040799999999762804	7604.0864	5.533162897533935	158.88247628031678	867.423325487718	
7608.1952	0.06080000000019936	Ripples						0.06080000000019936	7608.243200000001	16.317371003332408	163.58475192070782	1588.6900986978812	
7609.568	0.045600000000376895	Ripples						0.045600000000376895	7609.588000000001	17.791727455455938	170.38266703651507	1812.648876895529	
7614.373600000001	0.12799999999970169	Ripples						0.12799999999970169	7614.4472000000005	22.500021311007696	156.23835337854806	1759.7206492216883	
7625.1872	0.035200000000259024	Ripples						0.035200000000259024	7625.204000000001	11.573651566305918	162.02309477568645	1152.3629487448375	
7656.352800000001	0.040799999999762804	Ripples						0.040799999999762804	7656.370400000001	21.192914065094893	164.28973410889705	1921.93955217542	
7663.884	0.05840000000080181	Ripples						0.05840000000080181	7663.8984	15.6923991532639	160.06311220392834	1553.270858805527	
7670.0776000000005	0.027199999999538704	Ripples						0.027199999999538704	7670.0944	8.579834877364776	162.19650411350946	1128.8297383560248	
7670.3064	0.02400000000034197	Ripples						0.02400000000034197	7670.3176	9.362898943170437	162.02217856147445	1186.8265180048966	
7670.946400000001	0.09679999999934807	Ripples						0.09679999999934807	7671.022400000001	16.960162520457295	147.9701612117189	1148.3574844829182	
7672.2080000000005	0.02959999999984575	Ripples						0.02959999999984575	7672.22	9.892617306349583	156.32209137921376	1000.5919657308451	
7685.914400000001	0.07039999999960855	Ripples						0.07039999999960855	7685.939200000001	17.433456831842783	146.8865835858245	1426.5942836182705	
7686.0544	0.05520000000069558	Ripples						0.05520000000069558	7686.0936	16.057110547370772	155.91665098682978	1563.7772385190465	
7686.96	0.04160000000047148	Ripples						0.04160000000047148	7686.9776	12.216819274628937	157.3713387995192	1414.1673694246558	
7690.8072	0.02639999999973952	Ripples						0.02639999999973952	7690.819200000001	6.775975784958735	158.5132867160582	984.7230488645298	
7711.3688	0.02639999999973952	Ripples						0.02639999999973952	7711.3856000000005	8.881801820248706	170.09349160915377	1094.9301244027988	
7713.5648	0.058399999999892316	Ripples						0.058399999999892316	7713.5824	15.899908437300812	164.89516051028642	1648.654104561715	
7719.367200000001	0.06639999999970314	Ripples						0.06639999999970314	7719.3928000000005	15.5164344287283	155.72506514402266	1630.7229040491568	
7734.838400000001	0.037599999999656575	Ripples						0.037599999999656575	7734.8536	13.03855177020082	153.47190609463806	1113.8538637821596	
7738.9984	0.10639999999966676	Ripples						0.10639999999966676	7739.0832	22.578066002642142	156.9270434643455	1826.1379482329646	
7744.5824	0.03359999999975116	Ripples						0.03359999999975116	7744.599200000001	15.090597661618746	166.17939476752431	1588.6496660832956	
7746.7384	0.05360000000018772	Ripples						0.05360000000018772	7746.7712	18.521943475705264	151.75070574195198	1526.2898735513345	
7748.9888	0.08400000000074215	Ripples						0.08400000000074215	7749.0488000000005	17.12473074188842	159.81256317238442	1648.9533915583443	
7751.540800000001	0.0543999999999869	Ripples						0.0543999999999869	7751.5744	19.010700769745245	148.69601415485792	1245.1331922133925	
7766.4024	0.029600000000755244	Ripples						0.029600000000755244	7766.424	7.177706305390931	154.22706851908472	729.8772105892468	
7775.6736	0.03600000000005821	Ripples						0.03600000000005821	7775.696000000001	8.542757902076598	170.80988523429932	1145.1958741502156	
7796.3464	0.06480000000010477	Ripples						0.06480000000010477	7796.368	9.863214580305115	153.01116060591264	1119.2188619704787	
7796.444	0.044799999999668216	Ripples						0.044799999999668216	7796.460800000001	20.147211963351776	163.2410907045756	1845.4780098217093	
7797.232	0.024800000000141154	Ripples						0.024800000000141154	7797.243200000001	7.038297243737573	157.7475651467196	965.7087201746468	
7797.7136	0.03120000000035361	Ripples						0.03120000000035361	7797.728	12.944431665329523	155.45963159054102	1288.37452151508	
7801.2064	0.022400000000743603	Ripples						0.022400000000743603	7801.2208	6.77241379010223	156.56179796863634	870.2126708120516	
7812.7784	0.07440000000042346	Ripples						0.07440000000042346	7812.7968	30.899847286228706	159.09648637606077	2355.5405466609486	
7825.8024000000005	0.027199999999538704	Ripples						0.027199999999538704	7825.8136	13.399427076002254	160.8305678133145	1362.287599499684	
7828.064	0.04160000000047148	Ripples						0.04160000000047148	7828.0784	8.703164127603523	155.4845769513804	1121.677469797997	
7829.6048	0.048800000000483124	Ripples						0.048800000000483124	7829.620000000001	10.009285156324776	151.60085411492474	1017.0275133927734	
7853.6616	0.05599999999958527	Ripples						0.05599999999958527	7853.6872	26.70815369040629	158.05384893578193	1926.9981710417653	
7857.105600000001	0.03839999999945576	Ripples						0.03839999999945576	7857.134400000001	18.96375247775301	160.22424965943947	1551.3359710832337	
7858.6776	0.056000000000494765	Ripples						0.056000000000494765	7858.696800000001	19.883803244266577	159.0699431470096	1750.683345340926	
7867.935200000001	0.043199999999160354	Ripples						0.043199999999160354	7867.949600000001	13.378876563907413	151.55095124835958	1252.744283404719	
7873.982400000001	0.05519999999978609	Ripples						0.05519999999978609	7874.0104	11.676200578505219	156.3954018758685	1166.645586969839	
7875.400000000001	0.042400000000270666	Ripples						0.042400000000270666	7875.417600000001	8.616092664988141	150.0839111406266	974.20942946043	
7879.0	83.0	SleepStates											Non-REM
7880.0752	0.051199999999880674	Ripples						0.051199999999880674	7880.095200000001	22.487262049427592	161.4198256911199	1995.1901721156194	
7880.1616	0.02959999999984575	Ripples						0.02959999999984575	7880.1768	6.307112757886141	149.55749001429484	765.686233884293	
7881.444	0.02080000000023574	Ripples						0.02080000000023574	7881.4544000000005	9.193945020190796	163.9462581738672	1066.4213418409745	
7881.5392	0.0272000000004482	Ripples						0.0272000000004482	7881.558400000001	7.207164934839823	151.8650660234466	796.8689185113074	
7882.4768	0.12399999999979627	Ripples						0.12399999999979627	7882.5032	23.619299107762025	154.9454752235243	1544.207461081796	
7883.450400000001	0.027199999999538704	Ripples						0.027199999999538704	7883.4736	5.220465940933495	155.83307529209165	653.8217935331041	
7884.029600000001	0.04879999999957363	Ripples						0.04879999999957363	7884.036800000001	5.065929201747407	156.14468878169922	812.3370648502228	
7887.0856	0.02639999999973952	Ripples						0.02639999999973952	7887.1008	11.904958853485011	155.07035545628077	1129.3500582494075	
7889.751200000001	0.05599999999958527	Ripples						0.05599999999958527	7889.764	15.769552849803112	164.7682633054983	1429.0599716749823	
7890.1224	0.06559999999990396	Ripples						0.06559999999990396	7890.152	17.733446495024204	152.82796483709467	1689.3899172139259	
7891.6808	0.03440000000045984	Ripples						0.03440000000045984	7891.696000000001	9.18465847446968	162.82857314459017	848.2052847465152	
7892.184	0.040799999999762804	Ripples						0.040799999999762804	7892.2056	21.251790520639574	174.8034988297409	1732.2706908162777	
7892.3472	0.032000000000152795	Ripples						0.032000000000152795	7892.366400000001	15.779239590476116	168.44724120272448	1514.1694280200397	
7894.2136	0.07200000000011642	Ripples						0.07200000000011642	7894.228	16.268037759357732	156.24710993542067	1425.438840946286	
7895.6592	0.04160000000047148	Ripples						0.04160000000047148	7895.6792000000005	5.190810520145987	154.43891017400134	593.6272964225334	
7895.8976	0.021600000000034925	Ripples						0.021600000000034925	7895.9088	5.7336116187646375	156.41087550081292	856.7557609472886	
7896.0248	0.022399999999834108	Ripples						0.022399999999834108	7896.036800000001	5.454489104901377	156.24001099711376	917.6352397771489	
7896.996800000001	0.0543999999999869	Ripples						0.0543999999999869	7897.030400000001	13.745464198033739	149.4046125603301	1250.226198435323	
7897.148	0.02959999999984575	Ripples						0.02959999999984575	7897.167200000001	13.743359890552378	159.00125930112776	1364.4584904132157	
7897.222400000001	0.040799999999762804	Ripples						0.040799999999762804	7897.2376	7.393697194500573	156.0150599796312	985.9941710126182	
7898.460800000001	0.037599999999656575	Ripples						0.037599999999656575	7898.4872000000005	7.0919976557906095	156.35798025840657	787.2686852670008	
7898.6544	0.03920000000016444	Ripples						0.03920000000016444	7898.6832	9.444998913044383	156.33102191084564	1169.645363963986	
7900.0928	0.020000000000436557	Ripples						0.020000000000436557	7900.1016	7.246601348160527	159.338241608572	973.2810051060229	
7900.216	0.0272000000004482	Ripples						0.0272000000004482	7900.2312	14.080862721015576	163.0234648581001	1292.090279543327	
7900.2936	0.061599999999998545	Ripples						0.061599999999998545	7900.34	21.854793547175788	158.43275527349786	1949.5722692878412	
7900.6264	0.024800000000141154	Ripples						0.024800000000141154	7900.64	9.273741856414905	158.6801092292138	1179.8275224481515	
7901.68	0.03840000000036525	Ripples						0.03840000000036525	7901.7024	33.93538164182161	163.91895316604308	2296.2989114755837	
7904.3968	0.028800000000046566	Ripples						0.028800000000046566	7904.413600000001	16.245559865372403	163.10889623204594	1556.1864575236777	
7905.0560000000005	0.034399999999550346	Ripples						0.034399999999550346	7905.0776000000005	7.588095629589225	155.67900425960462	1052.1519392404673	
7910.819200000001	0.0455999999994674	Ripples						0.0455999999994674	7910.837600000001	17.350684510705342	152.95704835225894	1483.8417584258343	
7911.5816	0.06480000000010477	Ripples						0.06480000000010477	7911.628000000001	12.918738946931075	147.02319949666563	1096.7179660405957	
7912.168000000001	0.032000000000152795	Ripples						0.032000000000152795	7912.1792000000005	7.0665059529064465	153.83315879087786	878.1649708534101	
7925.504800000001	0.061599999999998545	Ripples						0.061599999999998545	7925.537600000001	18.157654029353324	148.25150991253335	1454.302906375542	
7925.675200000001	0.044799999999668216	Ripples						0.044799999999668216	7925.704000000001	17.72765577547067	169.43894793295422	1644.4458520150715	
7927.8392	0.03840000000036525	Ripples						0.03840000000036525	7927.8504	15.595110748670306	159.6893178523287	1460.6644525221147	
7930.2016	0.048800000000483124	Ripples						0.048800000000483124	7930.236800000001	18.211626568841698	159.41797207896798	1466.4457112112723	
7933.1736	0.0543999999999869	Ripples						0.0543999999999869	7933.2016	23.78565200491853	149.89814384642736	1565.8207997877191	
7941.8752	0.03279999999995198	Ripples						0.03279999999995198	7941.892000000001	17.570060639883796	158.46104393978686	1538.3805015669475	
7943.816000000001	0.022399999999834108	Ripples						0.022399999999834108	7943.8288	9.431106831988386	162.5154750968751	1055.5020092155542	
7946.1864000000005	0.035200000000259024	Ripples						0.035200000000259024	7946.203200000001	13.612071681224615	158.035238322368	1125.2506970779548	
7946.496	0.021600000000034925	Ripples						0.021600000000034925	7946.5104	9.74655279084366	162.8869170288679	1029.9453100506885	
7947.404	0.07200000000011642	Ripples						0.07200000000011642	7947.448	17.308863286308775	145.1558409886641	1240.8017783785251	
7947.6232	0.1087999999999738	Ripples						0.1087999999999738	7947.6704	13.41267292288444	150.6918359588102	1477.1845781257286	
7947.8240000000005	0.03999999999996362	Ripples						0.03999999999996362	7947.8432	18.036169244972758	150.77333214809545	1279.6447067409454	
7948.6296	0.03120000000035361	Ripples						0.03120000000035361	7948.6512	9.297104364475429	160.58066782232015	1074.1191397600394	
7949.2736	0.021600000000034925	Ripples						0.021600000000034925	7949.2848	7.951558452223001	164.03197728883728	1042.5158993329128	
7949.456	0.07040000000051805	Ripples						0.07040000000051805	7949.5136	18.86664281165609	157.73569300269367	1665.9000359133067	
7949.928800000001	0.05040000000008149	Ripples						0.05040000000008149	7949.9528	14.920701312451342	153.2900822357015	1227.2031001827384	
7952.5848000000005	0.02959999999984575	Ripples						0.02959999999984575	7952.5936	15.702514540876454	164.6632176506191	1308.2205992744753	
7955.732	0.04320000000006985	Ripples						0.04320000000006985	7955.768800000001	7.500581433633276	160.5784859579879	782.3853161032127	
7955.9512	0.06959999999980937	Ripples						0.06959999999980937	7955.9928	19.645242111341812	167.39831024311144	1602.3602083173723	
7956.7792	0.0272000000004482	Ripples						0.0272000000004482	7956.794400000001	8.931156606633166	152.94064535614896	852.418169652248	
7956.884	0.052800000000388536	Ripples						0.052800000000388536	7956.924800000001	5.877076711462592	148.01384522231305	605.3287325652418	
7958.3576	0.06720000000041182	Ripples						0.06720000000041182	7958.400000000001	24.756970193734926	166.0517680211872	2036.8364641907829	
7959.1952	0.07440000000042346	Ripples						0.07440000000042346	7959.256	13.883734141824581	153.9027997064977	1313.553063920916	
7959.6368	0.023200000000542786	Ripples						0.023200000000542786	7959.6488	15.498740350898814	164.4160228505696	1276.4661369180212	
7960.407200000001	0.051199999999880674	Ripples						0.051199999999880674	7960.4456	11.48424297348378	159.27171378098993	1124.0264733263964	
7961.14	0.04399999999986903	Ripples						0.04399999999986903	7961.1584	14.407571415027508	151.37053949520916	1081.1955466250508	
7963.0	17.0	SleepStates											Awake
7964.9416	0.02080000000023574	Ripples						0.02080000000023574	7964.953600000001	5.334838840511367	164.17356503187602	928.9888765943299	
7965.1592	0.032000000000152795	Ripples						0.032000000000152795	7965.1728	7.170144858543736	156.4672427189921	869.5608677317593	
7968.124000000001	0.0727999999999156	Ripples						0.0727999999999156	7968.1544	7.603484897121736	159.61756705229067	916.5133731646665	
7981.0	46.0	SleepStates											Non-REM
7984.1664	0.03999999999996362	Ripples						0.03999999999996362	7984.1776	14.877789711340045	161.59419098573431	1363.2676364095735	
7984.304800000001	0.0727999999999156	Ripples						0.0727999999999156	7984.352800000001	18.52771124215785	147.82150277637066	1462.6807076353896	
7987.837600000001	0.05040000000008149	Ripples						0.05040000000008149	7987.8552	13.943674541543011	153.7022208044642	1367.484766288075	
7990.348800000001	0.025599999999940337	Ripples						0.025599999999940337	7990.360000000001	14.420142707806779	157.96308092066724	1124.145423189591	
7992.1336	0.04640000000017608	Ripples						0.04640000000017608	7992.1512	36.617582249201725	160.58630869442663	2325.5480037404604	
7992.228	0.05040000000008149	Ripples						0.05040000000008149	7992.2392	12.766199344945925	154.70856878562145	1362.5476634786864	
7992.881600000001	0.04399999999986903	Ripples						0.04399999999986903	7992.896000000001	47.71420240163458	164.8039605123701	2586.5284937337674	
7993.416	0.05040000000008149	Ripples						0.05040000000008149	7993.4376	7.772514091912413	153.0126097792147	989.7575444886336	
7993.9096	0.05760000000009313	Ripples						0.05760000000009313	7993.939200000001	11.601408365817242	153.63961926195012	1023.8815573838114	
7995.3296	0.030400000000554428	Ripples						0.030400000000554428	7995.344	26.692989701280982	166.10339445918407	1926.4334647886321	
7995.46	0.0408000000006723	Ripples						0.0408000000006723	7995.4848	22.175149155948155	160.68598510012487	1934.2485160973622	
8000.96	0.04800000000068394	Ripples						0.04800000000068394	8000.984	13.22441684418376	165.00082945093425	1432.0334749422307	
8001.2128	0.09280000000035216	Ripples						0.09280000000035216	8001.2856	35.24798112620311	156.41512185743545	2398.600491164876	
8001.3904	0.03359999999975116	Ripples						0.03359999999975116	8001.404	21.697064560447615	158.7228910151086	1678.933057824674	
8002.6304	0.07999999999992724	Ripples						0.07999999999992724	8002.678400000001	12.410647122853895	155.32312146671998	1349.3854096074674	
8004.141600000001	0.030399999999644933	Ripples						0.030399999999644933	8004.149600000001	6.026780899201087	163.1332599112771	696.4978429054687	
8004.232800000001	0.07519999999931315	Ripples						0.07519999999931315	8004.265600000001	7.498613702563917	148.06123104006093	886.5980046340882	
8004.512000000001	0.06719999999950232	Ripples						0.06719999999950232	8004.5608	18.9133436055983	161.68909715315513	1878.81172477024	
8006.3952	0.042400000000270666	Ripples						0.042400000000270666	8006.417600000001	11.23528757407632	153.4572946759952	1095.3890127016512	
8008.381600000001	0.020799999999326246	Ripples						0.020799999999326246	8008.3928000000005	5.324088141986569	160.37484917632568	798.7946120755106	
8009.874400000001	0.03920000000016444	Ripples						0.03920000000016444	8009.8856000000005	16.91043668690971	157.3746976614007	1472.5132814347637	
8012.055200000001	0.046399999999266583	Ripples						0.046399999999266583	8012.091200000001	19.89438007646334	157.1252818123578	1643.8577936226236	
8014.0944	0.035200000000259024	Ripples						0.035200000000259024	8014.1184	29.76378408659491	155.97462588598344	1866.2494115813402	
8015.0176	0.12560000000030414	Ripples						0.12560000000030414	8015.0560000000005	17.420049433519363	148.46370249387917	1171.2209754856854	
8016.377600000001	0.03600000000005821	Ripples						0.03600000000005821	8016.3928000000005	29.658836160258577	159.41126964086598	2045.9534006049705	
8017.0384	0.04719999999997526	Ripples						0.04719999999997526	8017.0576	12.216162548131992	146.16818772248436	1001.7247636891209	
8017.4456	0.032000000000152795	Ripples						0.032000000000152795	8017.460800000001	12.750274516423353	154.15082447629203	1193.2493309120855	
8022.421600000001	0.022399999999834108	Ripples						0.022399999999834108	8022.4304	5.464962972136894	150.58070512017414	674.4609056600176	
8022.9768	0.028800000000046566	Ripples						0.028800000000046566	8022.9984	7.415139290199717	162.50410089757324	863.7564626849245	
8023.7208	0.03360000000066066	Ripples						0.03360000000066066	8023.732	8.148388867766013	162.810328824753	902.1964633285024	
8024.592000000001	0.028000000000247383	Ripples						0.028000000000247383	8024.604	10.610910015497868	164.45753073923024	1285.8118756998483	
8024.736800000001	0.07200000000011642	Ripples						0.07200000000011642	8024.751200000001	18.72431402368278	157.92146492118383	1670.2954690192075	
8028.0	12.0	SleepStates											Awake
8041.0	164.0	SleepStates											Non-REM
8041.728800000001	0.034399999999550346	Ripples						0.034399999999550346	8041.7424	10.698049062936567	162.81103706262476	1340.797496489578	
8041.804	0.05680000000029395	Ripples						0.05680000000029395	8041.8368	15.286496279488079	147.1589617433747	1199.9895308337009	
8042.519200000001	0.03839999999945576	Ripples						0.03839999999945576	8042.5344000000005	13.525466621081785	155.26450502867687	1117.3012913449697	
8045.1768	0.13520000000062282	Ripples						0.13520000000062282	8045.2824	11.834495788498192	145.17881553181354	1097.308890898014	
8045.9528	0.068000000000211	Ripples						0.068000000000211	8046.0032	20.549632183457582	155.5961366191755	1855.0158797109602	
8046.120000000001	0.051199999999880674	Ripples						0.051199999999880674	8046.1376	28.678629773059118	156.0234053068189	2049.326154537078	
8046.216	0.03359999999975116	Ripples						0.03359999999975116	8046.228	13.642329353142875	152.39558907167023	1263.4992428177763	
8048.689600000001	0.06959999999980937	Ripples						0.06959999999980937	8048.7448	9.304008550495425	151.8123330803185	1050.8332660986243	
8050.9744	0.024800000000141154	Ripples						0.024800000000141154	8050.9888	9.694749447109556	162.827667954455	1092.373992950738	
8054.1296	0.03840000000036525	Ripples						0.03840000000036525	8054.1472	12.5778800927033	156.31875345405578	1390.7732236592599	
8055.5456	0.03840000000036525	Ripples						0.03840000000036525	8055.568	23.474950443082857	155.2950027941997	1693.1627785868793	
8055.668000000001	0.04320000000006985	Ripples						0.04320000000006985	8055.682400000001	14.7497665557945	156.2498168831662	1181.6417151551386	
8055.776000000001	0.03919999999925494	Ripples						0.03919999999925494	8055.7968	11.895535824495857	151.13592489387756	1061.0434115350001	
8059.592000000001	0.03839999999945576	Ripples						0.03839999999945576	8059.6072	14.211127455853081	154.4365224611146	1283.0850766406627	
8064.949600000001	0.03359999999975116	Ripples						0.03359999999975116	8064.9728000000005	6.371583409060435	149.60851994285883	748.6675367126124	
8065.0784	0.03679999999985739	Ripples						0.03679999999985739	8065.1016	30.25867620358704	161.0326834389593	2062.1278771034235	
8065.5104	0.052800000000388536	Ripples						0.052800000000388536	8065.5208	7.7133519044387056	156.90956889358648	1069.828596635753	
8067.018400000001	0.037599999999656575	Ripples						0.037599999999656575	8067.032	26.230762569977394	163.32671569683868	1867.6613184650373	
8068.910400000001	0.022399999999834108	Ripples						0.022399999999834108	8068.921600000001	7.485449468727944	160.13233178902715	1050.3485777153426	
8069.092000000001	0.028800000000046566	Ripples						0.028800000000046566	8069.1032000000005	9.194096312935127	155.20849503176294	959.1073504960949	
8069.4552	0.06080000000019936	Ripples						0.06080000000019936	8069.4992	20.575071763622883	159.27794171354174	1652.61421731975	
8070.095200000001	0.03679999999985739	Ripples						0.03679999999985739	8070.106400000001	18.11152145627322	160.8782415665677	1461.0171258207217	
8073.3936	0.03600000000005821	Ripples						0.03600000000005821	8073.4024	9.240952783228794	158.89406151672193	1031.9317393766178	
8075.4872000000005	0.08399999999983265	Ripples						0.08399999999983265	8075.5568	24.01638010716624	156.926865221157	1901.4540112605614	
8075.7136	0.03999999999996362	Ripples						0.03999999999996362	8075.7248	6.573647052583871	157.87091181520867	858.729766216897	
8079.488	0.035200000000259024	Ripples						0.035200000000259024	8079.5128	18.81418274847886	172.22049763520127	1592.990121534084	
8083.6664	0.04719999999997526	Ripples						0.04719999999997526	8083.696000000001	8.419745689591528	155.49302659131592	1141.932379565545	
8087.443200000001	0.08719999999993888	Ripples						0.08719999999993888	8087.4544000000005	8.032587160038918	159.9751026463396	936.0175778791206	
8088.406400000001	0.06079999999928987	Ripples						0.06079999999928987	8088.4184000000005	9.503610299921672	163.03425718324038	849.486647180018	
8090.265600000001	0.025599999999940337	Ripples						0.025599999999940337	8090.2736	8.392462909202697	165.27427917972955	973.6298490686177	
8093.2592	0.027199999999538704	Ripples						0.027199999999538704	8093.2736	7.640519123134183	164.38996524581114	1145.663710903647	
8097.328	0.03279999999995198	Ripples						0.03279999999995198	8097.3408	5.71276737261301	179.60760308780544	809.7766499897117	
8100.8144	0.07920000000012806	Ripples						0.07920000000012806	8100.8256	6.811425941727302	160.00757624936975	1047.334151147646	
8109.5976	0.036800000000766886	Ripples						0.036800000000766886	8109.6184	15.115360621085543	161.76658452280148	1580.3512473703875	
8109.722400000001	0.042400000000270666	Ripples						0.042400000000270666	8109.744000000001	22.054857646673558	153.01572972158291	1592.1112381737316	
8111.022400000001	0.022399999999834108	Ripples						0.022399999999834108	8111.036800000001	7.715826880961668	156.9492150849131	819.9920442484744	
8111.562400000001	0.034399999999550346	Ripples						0.034399999999550346	8111.5776000000005	27.872987286714412	160.2929206273595	1740.9435803853976	
8114.8352	0.042400000000270666	Ripples						0.042400000000270666	8114.8608	15.67574634329119	147.6063956363561	1205.8899878504178	
8115.0432	0.0543999999999869	Ripples						0.0543999999999869	8115.069600000001	15.637434894587406	146.55274623261488	1392.898057681718	
8115.200000000001	0.058399999999892316	Ripples						0.058399999999892316	8115.2264000000005	14.679096865670077	151.3046564435428	1175.5135497278513	
8115.591200000001	0.053599999999278225	Ripples						0.053599999999278225	8115.616800000001	25.21821968902111	149.3188413894028	1549.4170119697433	
8117.26	0.03999999999996362	Ripples						0.03999999999996362	8117.2808	16.817660346699746	159.09003276700506	1235.1797463787784	
8121.104	0.07200000000011642	Ripples						0.07200000000011642	8121.1472	8.560298019306062	160.13598876761807	855.419456146982	
8121.2848	0.05199999999967986	Ripples						0.05199999999967986	8121.2936	6.5690652234649125	155.17458523330905	742.8533862246252	
8121.424	0.052800000000388536	Ripples						0.052800000000388536	8121.4696	15.044028261768029	154.76142465119975	1294.7577295463336	
8121.9416	0.03999999999996362	Ripples						0.03999999999996362	8121.964800000001	9.555455860206527	147.9750680011127	1072.1696831224674	
8123.984	0.04719999999997526	Ripples						0.04719999999997526	8124.0016000000005	16.54721877025182	154.48772275531832	1273.7991254983915	
8124.0872	0.04480000000057771	Ripples						0.04480000000057771	8124.1152	17.591643951784498	155.868730717553	1701.8919564182277	
8124.229600000001	0.028000000000247383	Ripples						0.028000000000247383	8124.2480000000005	11.523589258935164	155.86708866700138	1206.6021751802584	
8129.3152	0.05040000000008149	Ripples						0.05040000000008149	8129.338400000001	22.193392678674755	161.79281110408274	1907.9286459932955	
8130.870400000001	0.020799999999326246	Ripples						0.020799999999326246	8130.881600000001	7.843027538311205	157.97527961925874	1051.5996737981868	
8130.916	0.05519999999978609	Ripples						0.05519999999978609	8130.9376	15.975540559746229	151.09160221411912	1325.3451224218743	
8134.4152	0.03279999999995198	Ripples						0.03279999999995198	8134.4264	7.934186460481171	162.32569175773978	879.2965610949789	
8135.0472	0.035200000000259024	Ripples						0.035200000000259024	8135.0560000000005	5.001043790521965	161.66615189376597	640.6618073857716	
8140.366400000001	0.05279999999947904	Ripples						0.05279999999947904	8140.4056	16.378040910395043	155.1528097438062	1428.3335834114644	
8141.6664	0.036800000000766886	Ripples						0.036800000000766886	8141.6864000000005	30.753288025193015	159.41212341451245	2183.2334692023846	
8141.8008	0.042400000000270666	Ripples						0.042400000000270666	8141.8288	14.067200793878689	154.91898905938496	1204.9342761640657	
8144.1408	0.03440000000045984	Ripples						0.03440000000045984	8144.1592	6.847112521216915	156.51268300754344	950.3246653403392	
8145.56	0.06400000000030559	Ripples						0.06400000000030559	8145.5960000000005	10.765790970039847	159.60048639150065	991.2937788131915	
8145.6864000000005	0.024800000000141154	Ripples						0.024800000000141154	8145.700000000001	10.474005739691831	168.6652110253048	1174.855401705499	
8146.1544	0.07359999999971478	Ripples						0.07359999999971478	8146.192800000001	19.296871406333874	152.61410797175452	1547.4159952128114	
8150.8104	0.03999999999996362	Ripples						0.03999999999996362	8150.836	18.39562177014565	153.9164915825668	1458.8539410741362	
8150.972000000001	0.037599999999656575	Ripples						0.037599999999656575	8150.9984	10.262947176677812	152.07710740905986	1008.1854299075967	
8151.3616	0.021600000000034925	Ripples						0.021600000000034925	8151.376	7.394078108713993	156.29788750776288	802.6416041974792	
8151.456	0.03760000000056607	Ripples						0.03760000000056607	8151.4736	14.982044168993449	154.61172226062314	1416.2047071261484	
8152.0824	0.05760000000009313	Ripples						0.05760000000009313	8152.1104000000005	25.25376111346629	158.50779953131646	2097.030779259715	
8152.2992	0.05680000000029395	Ripples						0.05680000000029395	8152.348	12.208376695116321	154.06596561909524	967.1292185064	
8152.6808	0.04960000000028231	Ripples						0.04960000000028231	8152.722400000001	7.382260335071232	152.4197573632367	750.3248345339227	
8153.1648000000005	0.027199999999538704	Ripples						0.027199999999538704	8153.1704	5.464043193561209	150.78223257797387	616.1160593946834	
8153.2824	0.03360000000066066	Ripples						0.03360000000066066	8153.290400000001	5.388414394776979	154.11352737030077	661.8715918325667	
8153.863200000001	0.02959999999984575	Ripples						0.02959999999984575	8153.8752	7.079958647278311	150.48281546928484	842.9504704995621	
8160.6176000000005	0.021600000000034925	Ripples						0.021600000000034925	8160.6256	5.21180984033533	157.20264226131798	761.4317102589953	
8162.9088	0.03279999999995198	Ripples						0.03279999999995198	8162.924	7.427649531424663	153.5971227137406	770.0516256846546	
8175.376	0.04320000000006985	Ripples						0.04320000000006985	8175.404	14.48879935528241	160.9362404595771	1485.8472180129454	
8206.0	19.0	SleepStates											Awake
8226.0	238.0	SleepStates											Non-REM
8226.7288	0.037599999999656575	Ripples						0.037599999999656575	8226.7584	10.943445876092847	153.48418529771078	1033.2673625607865	
8230.973600000001	0.030399999999644933	Ripples						0.030399999999644933	8230.988000000001	17.760410499338548	165.28564235200164	1569.0081037969644	
8234.125600000001	0.08559999999852153	Ripples						0.08559999999852153	8234.2032	9.51474056274549	152.7626988566567	1043.1400193333207	
8234.7456	0.0455999999994674	Ripples						0.0455999999994674	8234.7648	7.425512069059527	149.824778139466	652.3860493207067	
8234.9136	0.03840000000127475	Ripples						0.03840000000127475	8234.9368	7.03520817497987	150.61327508013767	597.5256424054949	
8235.0296	0.03360000000066066	Ripples						0.03360000000066066	8235.0496	14.95322115262475	161.20383939318833	1506.1912076637557	
8235.6672	0.04800000000068394	Ripples						0.04800000000068394	8235.6792	16.204681024267924	156.61056153961897	1421.133777490175	
8235.7976	0.03840000000127475	Ripples						0.03840000000127475	8235.822400000001	13.960010562976263	154.32175818161735	1377.688857244591	
8236.546400000001	0.039999999999054126	Ripples						0.039999999999054126	8236.5624	20.225497672507554	163.17697893668495	1700.9828459104235	
8237.583200000001	0.05760000000009313	Ripples						0.05760000000009313	8237.611200000001	33.60280367004445	154.32946809550538	1996.8869641848846	
8237.8048	0.025600000000849832	Ripples						0.025600000000849832	8237.816	8.700853946095489	156.50775907728809	1049.843598799439	
8238.4144	0.03840000000127475	Ripples						0.03840000000127475	8238.428	31.94418519760847	160.82221294893947	2028.3839841825147	
8242.884	0.03440000000045984	Ripples						0.03440000000045984	8242.901600000001	25.944045712283433	163.03319941549998	2043.0073067944156	
8242.966400000001	0.05519999999887659	Ripples						0.05519999999887659	8242.988800000001	10.862353326270771	144.12724903573175	945.9878176310176	
8243.1384	0.03679999999985739	Ripples						0.03679999999985739	8243.1496	12.18494868279847	158.76524433929384	1226.226375772081	
8244.7328	0.030400000001463923	Ripples						0.030400000001463923	8244.7552	10.311302877214107	165.04756577173282	984.2721306876743	
8244.816	0.07599999999911233	Ripples						0.07599999999911233	8244.8376	9.677543440201605	149.44525694761685	902.4828299021847	
8244.9464	0.0455999999994674	Ripples						0.0455999999994674	8244.9752	21.64973652744131	159.5748139849105	1659.410824548613	
8246.1136	0.05439999999907741	Ripples						0.05439999999907741	8246.140800000001	10.232698268151216	173.34687751989702	1060.1282079121204	
8247.1456	0.022399999999834108	Ripples						0.022399999999834108	8247.1568	8.923771369873537	153.68157190990232	757.0674015672101	
8247.2336	0.07760000000052969	Ripples						0.07760000000052969	8247.272	14.709271245288098	152.06284857392865	1526.2860678544077	
8250.372800000001	0.03919999999925494	Ripples						0.03919999999925494	8250.3952	30.6726889011591	159.74153950660755	2241.066893918845	
8252.7536	0.06559999999990396	Ripples						0.06559999999990396	8252.812	7.9449200778373115	155.52626502507135	727.7810477747558	
8253.7152	0.058399999999892316	Ripples						0.058399999999892316	8253.7688	5.242739228367124	154.27644388593816	803.5728690974114	
8254.0728	0.028000000000247383	Ripples						0.028000000000247383	8254.0944	6.764452282044101	159.0549620875568	856.8077701379847	
8256.0616	0.04719999999906577	Ripples						0.04719999999906577	8256.075200000001	18.27965320077206	160.98282383858435	1323.763517365088	
8256.5088	0.047200000000884756	Ripples						0.047200000000884756	8256.5368	12.093868473502221	149.89561448641547	1001.5291402673349	
8261.481600000001	0.04320000000006985	Ripples						0.04320000000006985	8261.510400000001	14.475726002267606	162.2366004406749	1333.6211843507224	
8262.5544	0.03679999999985739	Ripples						0.03679999999985739	8262.568800000001	5.941040427917671	156.6280425920865	780.7898370537636	
8264.1952	0.06880000000091968	Ripples						0.06880000000091968	8264.242400000001	34.8382666306952	152.9980448603022	2001.3915715396197	
8264.344000000001	0.04719999999906577	Ripples						0.04719999999906577	8264.3552	13.957881478835926	153.62076545785106	1442.4774108300194	
8266.1176	0.025600000000849832	Ripples						0.025600000000849832	8266.136	5.301275294683392	153.2896021683848	946.8132872662187	
8266.1896	0.022399999999834108	Ripples						0.022399999999834108	8266.2008	5.822209997716247	149.82227759060908	575.2798059531203	
8266.887200000001	0.05279999999947904	Ripples						0.05279999999947904	8266.916000000001	27.162452709966427	152.04744109085442	1836.32233104518	
8267.944	0.03920000000107393	Ripples						0.03920000000107393	8267.959200000001	7.5740554923592756	146.4288799537548	892.4878603317766	
8268.096	0.035200000000259024	Ripples						0.035200000000259024	8268.108	9.833296066768167	157.51776672359102	898.5170057116886	
8269.9112	0.04160000000047148	Ripples						0.04160000000047148	8269.9288	18.0128405683662	162.04376358460925	1662.980487525073	
8277.3888	0.04719999999906577	Ripples						0.04719999999906577	8277.4072	12.838259243730544	149.77421448500013	1145.8181829380605	
8277.8696	0.02480000000105065	Ripples						0.02480000000105065	8277.8904	5.135894699232724	170.4923847360549	754.874514990409	
8281.242400000001	0.07679999999891152	Ripples						0.07679999999891152	8281.270400000001	12.914725981711022	162.5167712294565	1539.7287661358844	
8281.472	0.058399999999892316	Ripples						0.058399999999892316	8281.5064	12.048073216322456	149.34820161589641	1123.591029293776	
8281.564	0.030399999999644933	Ripples						0.030399999999644933	8281.5728	6.7455492172666105	157.22267991006606	862.3245977268944	
8281.654400000001	0.028799999998227577	Ripples						0.028799999998227577	8281.668	14.388315123967296	158.4118336550647	1277.8665188085156	
8281.8904	0.03679999999985739	Ripples						0.03679999999985739	8281.9032	23.445462346121268	162.13696340713375	1782.2655947093854	
8282.604000000001	0.026399999998830026	Ripples						0.026399999998830026	8282.6208	23.159891145695113	165.33513741774743	1637.6339385666686	
8284.6072	0.025600000000849832	Ripples						0.025600000000849832	8284.6216	7.076418387266735	151.7221566666042	779.880113426484	
8285.938400000001	0.05040000000008149	Ripples						0.05040000000008149	8285.9752	23.0468067016319	159.4519211614612	1960.3921235109592	
8286.1808	0.04960000000028231	Ripples						0.04960000000028231	8286.2168	17.914441376691872	153.84730942205735	1697.6271087425948	
8287.713600000001	0.04399999999986903	Ripples						0.04399999999986903	8287.735200000001	6.795629021767851	152.76942158299968	932.6000846503774	
8289.1968	0.04560000000128639	Ripples						0.04560000000128639	8289.2336	8.275316846653228	148.28244995888846	615.204079417732	
8289.3328	0.03920000000107393	Ripples						0.03920000000107393	8289.3544	13.069038544129825	151.4623446192618	1237.9551891246738	
8292.672	0.032799999999042484	Ripples						0.032799999999042484	8292.683200000001	13.315062091709306	154.76104770701454	1182.2301710530296	
8299.772	0.02959999999984575	Ripples						0.02959999999984575	8299.7832	6.62830563814878	162.5865901060564	664.002320475687	
8300.248	0.04960000000028231	Ripples						0.04960000000028231	8300.2816	20.48970681421835	158.19316939805577	1750.8253900088855	
8300.7144	0.048800000000483124	Ripples						0.048800000000483124	8300.7384	14.587350720228804	160.29226464090218	927.8520723341544	
8306.0424	0.042400000000270666	Ripples						0.042400000000270666	8306.064	30.5439218707994	164.43407114050896	2037.5665205571338	
8308.7296	0.0319999999992433	Ripples						0.0319999999992433	8308.7512	6.850653805256819	158.87254912358847	925.8474704781961	
8310.0192	0.08879999999953725	Ripples						0.08879999999953725	8310.0984	14.009058581246554	161.17256354120101	1514.4478633045728	
8310.812	0.02959999999984575	Ripples						0.02959999999984575	8310.82	6.5706191849646425	155.54709928835786	770.0230930075666	
8315.6296	0.028800000000046566	Ripples						0.028800000000046566	8315.6376	8.105140973192812	160.9227128348833	951.6852261414685	
8316.299200000001	0.062399999998888234	Ripples						0.062399999998888234	8316.3408	13.461806308891019	156.04020100106118	1505.6317332938236	
8316.452000000001	0.05999999999949068	Ripples						0.05999999999949068	8316.4936	8.077667457225962	147.37418597242427	813.4845941413399	
8318.3784	0.035200000000259024	Ripples						0.035200000000259024	8318.3928	14.116859526328817	151.75304575770775	1263.9493172026537	
8320.8928	0.025600000000849832	Ripples						0.025600000000849832	8320.904	6.1717458560719685	154.63994422282576	734.0315406310079	
8321.3696	0.044799999999668216	Ripples						0.044799999999668216	8321.3912	8.363749058584437	161.7712636025905	991.8112781823254	
8324.3344	0.0272000000004482	Ripples						0.0272000000004482	8324.3488	16.322618462459825	160.75524128028965	1529.3909824731497	
8324.428	0.07120000000031723	Ripples						0.07120000000031723	8324.4688	9.592104786763972	160.01858692415726	1049.1239671956869	
8333.732	0.0680000000011205	Ripples						0.0680000000011205	8333.7656	15.676197909203605	165.72397109747237	1544.8476711283881	
8334.481600000001	0.035200000000259024	Ripples						0.035200000000259024	8334.502400000001	12.08507670528519	148.16659697200316	1048.5678053351335	
8336.5928	0.0591999999996915	Ripples						0.0591999999996915	8336.6232	12.687463116407677	159.68758964623336	1093.5588060988146	
8336.7528	0.05040000000008149	Ripples						0.05040000000008149	8336.771200000001	23.68849458086561	155.3901499195866	1875.640450596558	
8341.144	0.022399999999834108	Ripples						0.022399999999834108	8341.1528	5.481064185708807	159.2604695545497	790.2788354251768	
8344.0552	0.0272000000004482	Ripples						0.0272000000004482	8344.0672	19.504530285604265	164.1834939476062	1637.420159557753	
8344.7624	0.09439999999995052	Ripples						0.09439999999995052	8344.822400000001	18.98123331554567	163.2677575128018	1566.5877429395584	
8346.2552	0.04640000000108557	Ripples						0.04640000000108557	8346.276	19.379920377955827	158.547596722423	1682.0650509849117	
8346.4216	0.025600000000849832	Ripples						0.025600000000849832	8346.44	5.734303032465377	160.0330528105146	952.1303046889551	
8350.3712	0.03840000000127475	Ripples						0.03840000000127475	8350.3928	19.834733901720885	158.35055418412006	1730.5128696704753	
8350.8608	0.07359999999971478	Ripples						0.07359999999971478	8350.9264	10.051664278480704	161.76542197880303	1150.0329579476388	
8355.9632	0.0591999999996915	Ripples						0.0591999999996915	8356.0056	16.020599069628666	154.45396997776834	1556.5632848210753	
8356.206400000001	0.037599999999656575	Ripples						0.037599999999656575	8356.2224	10.475401452964832	146.23744250221893	939.3113773185735	
8356.3352	0.026400000000649015	Ripples						0.026400000000649015	8356.3464	6.927444334163405	152.91795494475195	731.89292500483	
8356.476	0.028000000000247383	Ripples						0.028000000000247383	8356.4872	15.183814288443994	158.6457052863394	1342.9988310786198	
8356.672	0.02479999999923166	Ripples						0.02479999999923166	8356.6864	9.139134265609943	155.17607275520152	852.2626829658027	
8356.9936	0.04399999999986903	Ripples						0.04399999999986903	8357.0128	10.257457615860066	152.9995261798125	952.0715384119973	
8357.1424	0.025599999999030842	Ripples						0.025599999999030842	8357.1504	9.188550333376012	156.37205316431596	972.4480555744695	
8357.6104	0.04560000000128639	Ripples						0.04560000000128639	8357.6384	8.089217437803843	152.05425423419814	740.5674088512568	
8359.3856	0.03440000000045984	Ripples						0.03440000000045984	8359.394400000001	9.871187719154035	154.089312284743	935.209263386314	
8359.6784	0.021600000000034925	Ripples						0.021600000000034925	8359.6864	7.359402614325241	158.93132702946608	913.7381748298219	
8362.016800000001	0.03679999999985739	Ripples						0.03679999999985739	8362.036	6.005471488577519	145.1557027692326	581.8996174506458	
8362.1856	0.0632000000005064	Ripples						0.0632000000005064	8362.2112	9.422687204513233	152.32830408730786	1128.0414753214548	
8364.2752	0.042400000000270666	Ripples						0.042400000000270666	8364.2888	8.74379722938298	150.20289564443456	996.9801537306997	
8369.4976	0.04399999999986903	Ripples						0.04399999999986903	8369.5256	16.80593575869165	153.5748571521218	1479.6713752967541	
8369.9512	0.03280000000086147	Ripples						0.03280000000086147	8369.967200000001	15.133926329576848	162.6008859046951	1526.6222784173062	
8371.0624	0.023999999999432475	Ripples						0.023999999999432475	8371.076000000001	13.625999171024553	173.4109482480124	1260.8931480532488	
8371.1608	0.03600000000005821	Ripples						0.03600000000005821	8371.176000000001	21.99576966375655	153.89531493159177	1666.6152621661242	
8371.36	0.0319999999992433	Ripples						0.0319999999992433	8371.3784	6.153810578258377	150.24200619982702	844.650784322217	
8372.7032	0.035200000000259024	Ripples						0.035200000000259024	8372.7304	5.6782630920128865	154.99090929865906	556.4217420673542	
8379.5136	0.03280000000086147	Ripples						0.03280000000086147	8379.5368	11.6904994322246	160.52036857629258	1081.9977062380356	
8379.749600000001	0.02080000000023574	Ripples						0.02080000000023574	8379.7576	7.317384084370604	160.09932698982152	940.2938326350504	
8380.908000000001	0.04399999999986903	Ripples						0.04399999999986903	8380.9272	7.737967507814098	145.08096617008152	666.9817859566374	
8383.964	0.02080000000023574	Ripples						0.02080000000023574	8383.974400000001	5.952995568356292	159.23409502659814	845.491928216613	
8385.2816	0.022399999999834108	Ripples						0.022399999999834108	8385.2936	6.863633678252929	161.35722423845755	1040.9909239429403	
8385.3248	0.09599999999954889	Ripples						0.09599999999954889	8385.3784	11.773854703980605	164.11803453938265	1189.9991889089392	
8385.9328	0.0408000000006723	Ripples						0.0408000000006723	8385.967200000001	8.637167938949347	161.17025123757517	1009.2890947298166	
8390.18	0.030399999999644933	Ripples						0.030399999999644933	8390.2008	7.187788856710754	171.54170775090194	1067.3804338136747	
8391.8472	0.11200000000098953	Ripples						0.11200000000098953	8391.9408	11.513322586975608	154.52999835423347	938.866501228571	
8393.741600000001	0.022399999999834108	Ripples						0.022399999999834108	8393.749600000001	5.801447980609008	155.88080185035554	622.9867744348252	
8399.272	0.023999999999432475	Ripples						0.023999999999432475	8399.2864	10.018073873707914	166.14025949185873	1192.8938400320335	
8399.3624	0.022399999999834108	Ripples						0.022399999999834108	8399.3704	5.0567369436085325	156.82472226561745	749.8636035211981	
8399.496000000001	0.02719999999862921	Ripples						0.02719999999862921	8399.510400000001	28.693054006690613	161.4038526377799	1876.1328150957524	
8400.0304	0.03440000000045984	Ripples						0.03440000000045984	8400.04	7.032531067334942	160.32988987854287	991.7141671993938	
8400.0864	0.03440000000045984	Ripples						0.03440000000045984	8400.1016	24.092654052698354	169.76590729508726	1863.355348386645	
8400.216	0.023999999999432475	Ripples						0.023999999999432475	8400.232	11.96394202858069	169.0676877607857	1162.0962833601016	
8406.5016	0.03280000000086147	Ripples						0.03280000000086147	8406.524000000001	15.829429391905476	160.94670020864183	1338.4139639150744	
8408.964	0.05520000000069558	Ripples						0.05520000000069558	8408.9984	12.437457292982977	155.98288449701442	1270.0639879788935	
8409.1144	0.037599999999656575	Ripples						0.037599999999656575	8409.1288	12.507517793349848	151.49111000987267	1030.137092019374	
8410.4584	0.058400000001711305	Ripples						0.058400000001711305	8410.510400000001	5.004864322387604	152.92287813191498	662.0967113404515	
8410.851200000001	0.06559999999990396	Ripples						0.06559999999990396	8410.9024	11.957067920322483	155.91918618318493	1014.7069289181005	
8411.0848	0.03360000000066066	Ripples						0.03360000000066066	8411.1008	7.537823608842753	145.42007485348904	756.4864329683074	
8411.7312	0.04640000000108557	Ripples						0.04640000000108557	8411.7544	25.585187868614778	158.28567868155793	1857.4726162437446	
8412.0952	0.03679999999985739	Ripples						0.03679999999985739	8412.1032	5.942261505750622	157.5429172936799	758.5618992139171	
8414.8832	0.037599999999656575	Ripples						0.037599999999656575	8414.9056	10.488705038167584	150.49914138898353	907.9583470981836	
8414.9896	0.05999999999949068	Ripples						0.05999999999949068	8415.0088	7.571728065648786	152.87320215315907	696.7201472916183	
8415.1512	0.02080000000023574	Ripples						0.02080000000023574	8415.161600000001	7.628349214865048	169.80718617206028	989.1363767715667	
8415.234400000001	0.055999999998675776	Ripples						0.055999999998675776	8415.272	9.67303965330277	151.0114415213265	940.9974521216872	
8417.268	0.044799999999668216	Ripples						0.044799999999668216	8417.292800000001	16.868562020774586	161.4633371117566	1418.2823110191825	
8417.379200000001	0.021600000000034925	Ripples						0.021600000000034925	8417.3904	6.555602307131259	152.4708265713174	804.5962889398559	
8417.7944	0.044799999999668216	Ripples						0.044799999999668216	8417.8232	14.599951854948863	156.4419411518016	1517.1958891124584	
8417.972	0.03679999999985739	Ripples						0.03679999999985739	8417.988800000001	21.473651691599496	161.59482890695486	1905.6019345880416	
8421.7264	0.044800000001487206	Ripples						0.044800000001487206	8421.763200000001	9.46752802095022	154.10127374316613	990.3200872160064	
8426.612000000001	0.030399999999644933	Ripples						0.030399999999644933	8426.6232	5.229475468642808	158.0263638350793	507.3809963390482	
8429.0424	0.02479999999923166	Ripples						0.02479999999923166	8429.060000000001	7.365969795514662	163.45436236160705	829.7379188068801	
8440.6952	0.022399999999834108	Ripples						0.022399999999834108	8440.7072	5.924189123616476	156.5318427015392	842.0913580520981	
8445.1216	0.08879999999953725	Ripples						0.08879999999953725	8445.132800000001	13.109244331176798	162.57940769958935	1445.2631907024795	
8465.0	105.0	SleepStates											REM
8571.0	16.0	SleepStates											Awake
8574.884	0.02959999999984575	Ripples						0.02959999999984575	8574.8896	7.253913446346911	152.1140719355844	839.7620984560549	
8585.7456	0.025600000000849832	Ripples						0.025600000000849832	8585.7544	8.01199728031689	159.6840826524008	1012.8551320464238	
8588.0	105.0	SleepStates											Non-REM
8589.6056	0.044799999999668216	Ripples						0.044799999999668216	8589.62	24.785021102411395	158.07210816735434	1833.2192640537694	
8590.5352	0.07519999999931315	Ripples						0.07519999999931315	8590.560000000001	15.611736416127458	153.7501975903806	1396.8933681352728	
8591.0984	0.05040000000008149	Ripples						0.05040000000008149	8591.1352	16.654490482702744	155.05859754056792	1421.1714622075547	
8610.3928	0.03200000000106229	Ripples						0.03200000000106229	8610.4136	14.601982110283542	155.4041681676779	1279.1618534407576	
8610.5256	0.06480000000010477	Ripples						0.06480000000010477	8610.5696	15.483737566580313	150.26560066822094	1262.2077881400407	
8618.8776	0.0544000000008964	Ripples						0.0544000000008964	8618.915200000001	11.980020826251307	150.9237480710387	1299.0216630809955	
8622.1752	0.04160000000047148	Ripples						0.04160000000047148	8622.191200000001	15.650003305376845	166.6605826507727	1434.464122451502	
8622.256000000001	0.04320000000006985	Ripples						0.04320000000006985	8622.284800000001	25.03717444713988	155.12926214191444	1698.0485694912547	
8623.966400000001	0.06719999999950232	Ripples						0.06719999999950232	8623.9984	15.516255073793356	152.78998107494985	1335.4644781096442	
8624.0984	0.05279999999947904	Ripples						0.05279999999947904	8624.128	32.92135890801786	156.27957574910093	2098.288069432366	
8626.8104	0.03600000000005821	Ripples						0.03600000000005821	8626.8248	10.016110001876596	159.62138754113403	1214.0691359721568	
8628.488000000001	0.04719999999906577	Ripples						0.04719999999906577	8628.495200000001	6.680161296619896	164.85063458277358	925.0093817723777	
8630.2024	0.022399999999834108	Ripples						0.022399999999834108	8630.213600000001	7.828956257697188	161.55202822242467	934.4362214714857	
8631.216	0.048800000000483124	Ripples						0.048800000000483124	8631.2536	10.42534035657284	149.14597584135714	865.5298620335851	
8634.9968	0.039999999999054126	Ripples						0.039999999999054126	8635.0152	14.989168189905834	154.5067584984689	1142.4078452543947	
8642.9072	0.021600000000034925	Ripples						0.021600000000034925	8642.9184	6.510970511013759	156.06565375733496	929.5937759444668	
8646.748800000001	0.12079999999878055	Ripples						0.12079999999878055	8646.806400000001	20.07373341481186	152.11490441515244	1438.0502858595714	
8647.4912	0.053599999999278225	Ripples						0.053599999999278225	8647.524000000001	18.87494257909963	149.05308517493407	1347.8807254039996	
8649.644	0.020000000000436557	Ripples						0.020000000000436557	8649.6576	14.50421776166862	169.1136699935299	1067.046892286091	
8649.7432	0.05199999999967986	Ripples						0.05199999999967986	8649.7608	10.151899052149375	152.21154220352037	1179.7528190310506	
8649.86	0.08239999999932479	Ripples						0.08239999999932479	8649.929600000001	11.18319379848546	153.26599546904228	1223.697589398512	
8650.5424	0.042400000000270666	Ripples						0.042400000000270666	8650.553600000001	22.134892084311083	160.20031055113517	1721.9614171168128	
8650.616	0.05680000000029395	Ripples						0.05680000000029395	8650.6536	25.408246021225565	154.35726048056196	1979.1267987894453	
8650.741600000001	0.035199999998440035	Ripples						0.035199999998440035	8650.756000000001	15.353538846152976	148.54932685504448	1145.6354334960504	
8653.224	0.02480000000105065	Ripples						0.02480000000105065	8653.2408	5.967623912522092	161.47581966204925	912.8777967989174	
8659.5656	0.04160000000047148	Ripples						0.04160000000047148	8659.5816	5.360502659846982	151.57844312383187	513.1028231656629	
8659.843200000001	0.1047999999991589	Ripples						0.1047999999991589	8659.9288	11.257618704183997	156.28513121518563	903.3940990765738	
8663.727200000001	0.02719999999862921	Ripples						0.02719999999862921	8663.735200000001	5.257156704496128	157.18987539933957	614.6389485406114	
8663.864800000001	0.04799999999886495	Ripples						0.04799999999886495	8663.8992	14.156678241573736	151.89886298380358	1137.886764862177	
8663.992	0.03360000000066066	Ripples						0.03360000000066066	8664.0144	12.60872535852543	152.43187787335623	1028.983648308252	
8668.2032	0.04960000000028231	Ripples						0.04960000000028231	8668.2408	18.567535280811388	158.78869143483382	1583.8949816269703	
8668.8352	0.03280000000086147	Ripples						0.03280000000086147	8668.850400000001	7.96883625521037	149.88721220593618	984.3903354388341	
8668.9704	0.06559999999990396	Ripples						0.06559999999990396	8669.0072	7.029508184016414	151.31211445649947	872.0515593064696	
8672.386400000001	0.026399999998830026	Ripples						0.026399999998830026	8672.4	25.464158765085703	165.7642029554424	1820.0726090802343	
8673.1704	0.08239999999932479	Ripples						0.08239999999932479	8673.235200000001	12.889924276802276	156.36014211407215	998.5750266159998	
8673.4584	0.03600000000005821	Ripples						0.03600000000005821	8673.4728	7.308603484373937	149.0107926215562	690.1582133600164	
8673.6104	0.03200000000106229	Ripples						0.03200000000106229	8673.6288	20.68490920489716	156.23048543195577	1509.5103718619785	
8675.3568	0.07520000000113214	Ripples						0.07520000000113214	8675.388	19.994973217991923	154.56616265324516	1588.0327588294658	
8684.922400000001	0.021600000000034925	Ripples						0.021600000000034925	8684.930400000001	6.194055743473954	165.66461400400394	882.3649412071443	
8689.972	0.040000000000873115	Ripples						0.040000000000873115	8689.9976	15.05432330080984	151.226851410069	1180.557050736215	
8693.3304	0.051199999999880674	Ripples						0.051199999999880674	8693.3408	10.997235479601896	170.3470922123532	1157.2402855486205	
8694.0	89.0	SleepStates											Awake
8716.046400000001	0.027999999998428393	Ripples						0.027999999998428393	8716.060800000001	13.81459424448188	162.47216665047898	1443.6777701187586	
8721.6736	0.03839999999945576	Ripples						0.03839999999945576	8721.6816	7.778072498326566	156.8622820065168	745.6726117637692	
8723.3016	0.07200000000011642	Ripples						0.07200000000011642	8723.3376	10.641351335715543	151.05820202581592	787.0102582154822	
8724.9768	0.03600000000005821	Ripples						0.03600000000005821	8724.988000000001	6.550626016428007	151.60632675805007	757.5104078520625	
8773.813600000001	0.05519999999887659	Ripples						0.05519999999887659	8773.856	15.071150874897269	158.93132499137795	1351.4707268015256	
8774.379200000001	0.03679999999985739	Ripples						0.03679999999985739	8774.387200000001	7.6339130907880515	159.28178332438935	959.4761518836333	
8778.0696	0.03440000000045984	Ripples						0.03440000000045984	8778.090400000001	12.026821020769267	154.06991283550127	1237.503394923103	
8781.6024	0.08480000000054133	Ripples						0.08480000000054133	8781.616	7.714592119547456	155.24544834880274	857.6065991896459	
8783.0488	0.06559999999990396	Ripples						0.06559999999990396	8783.082400000001	10.591510336403616	151.56829529162772	1216.6333475754402	
8784.0	417.0	SleepStates											Non-REM
8785.799200000001	0.027999999998428393	Ripples						0.027999999998428393	8785.8104	7.510866672247107	154.32382545146555	1005.8745101825265	
8787.9208	0.03440000000045984	Ripples						0.03440000000045984	8787.944800000001	45.84084021999363	162.3911622818402	2393.3543375541703	
8789.4472	0.048800000000483124	Ripples						0.048800000000483124	8789.4624	16.087225079791082	165.15797530992947	1557.4468253497346	
8789.5888	0.05040000000008149	Ripples						0.05040000000008149	8789.6144	22.37595769418338	151.50849425315394	1494.3011768587844	
8790.4872	0.035200000000259024	Ripples						0.035200000000259024	8790.512	10.856530766043422	151.8661963219471	983.0819489490387	
8794.0352	0.05520000000069558	Ripples						0.05520000000069558	8794.0696	23.262188615661447	152.60197133569102	1481.4072766119234	
8795.5	0.0408000000006723	Ripples						0.0408000000006723	8795.531200000001	17.0127794165748	156.39711730210433	1438.9491892656742	
8795.6776	0.04799999999886495	Ripples						0.04799999999886495	8795.716	25.250693845983143	159.37827845979467	1565.6491126034832	
8797.3912	0.0864000000001397	Ripples						0.0864000000001397	8797.444800000001	12.590686483705818	154.30327225906052	898.1785966696497	
8800.9056	0.0272000000004482	Ripples						0.0272000000004482	8800.9208	6.257228559367734	149.8656725631104	658.7214326467748	
8801.248800000001	0.06559999999990396	Ripples						0.06559999999990396	8801.2816	13.401565197373968	149.23142287156168	1098.262827520751	
8801.8096	0.02479999999923166	Ripples						0.02479999999923166	8801.8272	9.117840450111256	160.7672870296309	972.3548482111288	
8803.632800000001	0.03439999999864085	Ripples						0.03439999999864085	8803.644	8.489760633534107	155.34293455088232	832.8228259235177	
8807.1096	0.0632000000005064	Ripples						0.0632000000005064	8807.1592	20.873967062866786	160.35964272285355	1796.7027905168586	
8807.2464	0.03360000000066066	Ripples						0.03360000000066066	8807.2576	6.314212182292015	161.0823452540397	666.7705335911955	
8812.647200000001	0.032799999999042484	Ripples						0.032799999999042484	8812.6592	9.182658032707396	153.5272859517578	949.5662982213775	
8820.3344	0.04320000000006985	Ripples						0.04320000000006985	8820.352	16.706549585132127	152.32566606014242	1351.5753298249801	
8820.480800000001	0.042399999998451676	Ripples						0.042399999998451676	8820.5056	26.853352099376334	150.84755135078217	1786.6055486136765	
8825.6824	0.06960000000071886	Ripples						0.06960000000071886	8825.7192	28.91996451892646	158.51893046169837	1806.8374077776068	
8829.0424	0.042400000000270666	Ripples						0.042400000000270666	8829.060000000001	21.4114536553566	155.21948626480122	1706.7101344727826	
8835.9496	0.03679999999985739	Ripples						0.03679999999985739	8835.9792	9.267497335723375	161.3592977152105	1017.8496196853953	
8840.112000000001	0.02959999999984575	Ripples						0.02959999999984575	8840.12	5.4762985733602205	155.55912363777372	732.7587740053474	
8840.5664	0.1087999999999738	Ripples						0.1087999999999738	8840.648000000001	13.065350972783541	158.93655917226175	1190.4561598302957	
8840.8168	0.048800000000483124	Ripples						0.048800000000483124	8840.8456	18.174863339093623	159.22531753685686	1727.3495986237551	
8840.967200000001	0.03679999999985739	Ripples						0.03679999999985739	8840.98	19.39440351409803	161.62288143115583	1675.254507421925	
8843.1016	0.05760000000009313	Ripples						0.05760000000009313	8843.1376	22.656941271973878	153.13060137126857	1631.6924099274115	
8846.588	0.035200000000259024	Ripples						0.035200000000259024	8846.616	5.989829387903119	156.18759961092593	817.3812936313225	
8846.8096	0.09280000000035216	Ripples						0.09280000000035216	8846.888	16.340951533271667	154.80109196050807	1571.4624959096625	
8847.003200000001	0.02479999999923166	Ripples						0.02479999999923166	8847.0144	10.192779406034202	156.22963462280114	1100.819037560806	
8849.5008	0.047200000000884756	Ripples						0.047200000000884756	8849.5336	14.262522385196126	152.14651941032636	1192.5106497432187	
8849.5792	0.06639999999970314	Ripples						0.06639999999970314	8849.636	8.427728694879406	153.57706551325293	1043.3763210781103	
8855.206400000001	0.03839999999945576	Ripples						0.03839999999945576	8855.227200000001	25.207924679999692	158.21915234043655	1920.1688335008014	
8855.661600000001	0.02959999999984575	Ripples						0.02959999999984575	8855.68	14.540190125025804	157.57129988758265	1196.095027415347	
8855.7312	0.06160000000090804	Ripples						0.06160000000090804	8855.749600000001	10.456255970317365	153.02918184437547	1158.0029883534955	
8859.0224	0.03440000000045984	Ripples						0.03440000000045984	8859.0336	6.062671517610437	153.60915094943041	704.9205776325866	
8862.4544	0.056000000000494765	Ripples						0.056000000000494765	8862.4648	6.1227459278421605	158.1092402803075	1090.232163320783	
8863.401600000001	0.06159999999908905	Ripples						0.06159999999908905	8863.444000000001	16.485310166159007	154.68912960130234	1655.980185349497	
8865.6528	0.02080000000023574	Ripples						0.02080000000023574	8865.6656	8.28100422142397	167.5554771339464	999.8762559296048	
8875.104800000001	0.05199999999967986	Ripples						0.05199999999967986	8875.1272	12.30600382168458	163.00073146723628	990.7355749515061	
8875.212	0.03360000000066066	Ripples						0.03360000000066066	8875.224	8.07524461388972	154.46052483976155	822.0647044454628	
8876.1936	0.04160000000047148	Ripples						0.04160000000047148	8876.204	19.618675112344004	156.24753941231936	1531.2886497479903	
8882.4144	0.056000000000494765	Ripples						0.056000000000494765	8882.429600000001	14.306592581768632	151.88845336907406	1164.1772153134355	
8882.7192	0.058400000001711305	Ripples						0.058400000001711305	8882.7448	18.84790782245859	158.55870800835586	1364.325450819825	
8882.8608	0.022399999999834108	Ripples						0.022399999999834108	8882.8688	9.59392922294698	161.03733722742243	1090.2599600007886	
8884.0632	0.03839999999945576	Ripples						0.03839999999945576	8884.072	6.8913786128325585	157.87694992661375	774.6622287115598	
8887.8424	0.048800000000483124	Ripples						0.048800000000483124	8887.8768	16.198825288089658	154.78311806127414	1569.699820766102	
8887.9968	0.0319999999992433	Ripples						0.0319999999992433	8888.016	8.611756230980662	163.32157526763342	1228.2699504130233	
8890.2976	0.0632000000005064	Ripples						0.0632000000005064	8890.3248	17.332116880280914	152.11637775438436	1233.5045948466789	
8891.6664	0.024000000001251465	Ripples						0.024000000001251465	8891.6776	13.531318373268961	163.72874562665527	1334.3099427182983	
8893.1304	0.04320000000006985	Ripples						0.04320000000006985	8893.1416	21.750091092172376	164.4918715978466	1653.3506121915834	
8893.248800000001	0.03359999999884167	Ripples						0.03359999999884167	8893.264000000001	19.77600665024219	160.41672049266776	1788.9628449895886	
8893.66	0.04399999999986903	Ripples						0.04399999999986903	8893.683200000001	6.629994974908568	153.60679437533153	631.366021718879	
8895.2472	0.0272000000004482	Ripples						0.0272000000004482	8895.264000000001	23.978422581631055	163.86378452896614	1586.536858433178	
8896.7288	0.03359999999884167	Ripples						0.03359999999884167	8896.7464	33.384812348026465	164.9024805817327	2341.1432950276603	
8899.7672	0.0591999999996915	Ripples						0.0591999999996915	8899.816	12.050204207556346	151.71517287969965	1079.512447221398	
8900.082400000001	0.028800000000046566	Ripples						0.028800000000046566	8900.090400000001	5.5417783013442445	161.87389847849272	889.3737100840874	
8905.94	0.06559999999990396	Ripples						0.06559999999990396	8905.9616	8.99281246189174	149.6501458548618	1046.1365773713794	
8909.4536	0.025599999999030842	Ripples						0.025599999999030842	8909.472	12.455650993791746	160.06906656892565	1201.3931189050604	
8914.0504	0.02959999999984575	Ripples						0.02959999999984575	8914.0624	7.933132509855691	153.13858567416509	907.9616595064184	
8916.2528	0.0680000000011205	Ripples						0.0680000000011205	8916.278400000001	14.153837848111937	150.7476274100163	1306.7660519216652	
8917.82	0.048800000000483124	Ripples						0.048800000000483124	8917.8392	11.375615979847153	159.85401195600065	1040.6814053577139	
8921.792800000001	0.023999999999432475	Ripples						0.023999999999432475	8921.804	11.023175772790394	165.78135309826044	1164.4716762793214	
8921.864	0.04800000000068394	Ripples						0.04800000000068394	8921.893600000001	7.841650438398513	146.66477309256112	927.9079286676124	
8921.972	0.04320000000006985	Ripples						0.04320000000006985	8921.9864	11.22137265556855	155.84886917814757	1232.8486174660468	
8927.1944	0.04399999999986903	Ripples						0.04399999999986903	8927.206400000001	18.4504691722311	161.5576985541687	1561.4688277915277	
8929.7448	0.03919999999925494	Ripples						0.03919999999925494	8929.7584	17.653103053445864	156.49451048538765	1536.9460946713473	
8931.2864	0.05279999999947904	Ripples						0.05279999999947904	8931.2984	8.569448759348742	158.41860409250535	1065.2693395243934	
8931.4632	0.06400000000030559	Ripples						0.06400000000030559	8931.481600000001	14.932290274205362	149.7662933477179	1255.0453783515331	
8938.1272	0.05760000000009313	Ripples						0.05760000000009313	8938.168	18.880697776610184	153.57083027070834	1477.4773713429063	
8938.3096	0.026400000000649015	Ripples						0.026400000000649015	8938.3256	13.249613008749568	166.89301585591645	1371.8685806931264	
8938.4096	0.0319999999992433	Ripples						0.0319999999992433	8938.428	16.035729306957457	154.0981399855646	1279.7634930400045	
8942.2696	0.03280000000086147	Ripples						0.03280000000086147	8942.2816	8.867569762162097	149.5025680785222	943.1622725821042	
8946.1744	0.04160000000047148	Ripples						0.04160000000047148	8946.2024	11.41210428327514	158.2515155071705	1296.8445175087918	
8954.4608	0.04799999999886495	Ripples						0.04799999999886495	8954.4872	23.4392126193048	152.35014221243082	1588.1090697707148	
8956.183200000001	0.04399999999986903	Ripples						0.04399999999986903	8956.206400000001	35.883516447345315	166.53941460572514	2462.1240129606335	
8956.3248	0.0544000000008964	Ripples						0.0544000000008964	8956.3496	23.32170495133608	151.58752520827184	1761.9788544542535	
8956.4784	0.05280000000129803	Ripples						0.05280000000129803	8956.4928	21.788702723246594	153.87083572184477	1801.83765012838	
8966.315200000001	0.026399999998830026	Ripples						0.026399999998830026	8966.3304	19.087951173924395	159.69459622266885	1365.8712455420111	
8966.4768	0.040000000000873115	Ripples						0.040000000000873115	8966.488000000001	15.86472870269188	158.27816184771845	1431.029964060946	
8966.9992	0.047200000000884756	Ripples						0.047200000000884756	8967.0256	15.925813817548432	155.5937472347982	1226.5003846246982	
8967.6224	0.08799999999973807	Ripples						0.08799999999973807	8967.6504	28.8048934434162	155.1619751143134	2263.8414307387766	
8967.8496	0.028000000000247383	Ripples						0.028000000000247383	8967.8672	12.516478716522817	154.9964821727342	1130.064424402306	
8969.350400000001	0.022399999999834108	Ripples						0.022399999999834108	8969.3608	11.999469348615696	168.90980874590525	1230.6307259186567	
8969.4272	0.04640000000108557	Ripples						0.04640000000108557	8969.460000000001	11.88464583259125	151.77739626620433	1363.1110328942216	
8969.5336	0.031199999999444117	Ripples						0.031199999999444117	8969.5472	9.328434869564528	154.38175199234627	1106.0921098633225	
8969.589600000001	0.03359999999884167	Ripples						0.03359999999884167	8969.6016	6.340242056126661	148.31513253918084	749.815392401766	
8970.3808	0.03600000000005821	Ripples						0.03600000000005821	8970.392	10.760626046781361	156.4933018991255	1090.427768785914	
8973.7984	0.05520000000069558	Ripples						0.05520000000069558	8973.8424	16.918653651425785	157.30316234815362	1446.667927503166	
8983.6672	0.025600000000849832	Ripples						0.025600000000849832	8983.6856	7.90143578529431	158.62813177494928	977.9724913136006	
8983.7672	0.02480000000105065	Ripples						0.02480000000105065	8983.784800000001	7.150075487904835	158.6445756329103	924.817308333392	
8986.908000000001	0.0319999999992433	Ripples						0.0319999999992433	8986.923200000001	22.882417523382188	159.65841960248798	1624.30881283404	
8988.36	0.04320000000006985	Ripples						0.04320000000006985	8988.3736	6.077112710486225	156.48255005782678	871.2133539720311	
9007.704	0.06960000000071886	Ripples						0.06960000000071886	9007.7408	11.591890209165772	152.80444502571052	1046.073962906189	
9008.8496	0.040000000000873115	Ripples						0.040000000000873115	9008.872000000001	13.851543950499154	150.68883210304438	1255.7800857301802	
9011.7008	0.042400000000270666	Ripples						0.042400000000270666	9011.7264	29.272659902887423	153.04705051466263	1933.5125531176611	
9016.328000000001	0.05199999999967986	Ripples						0.05199999999967986	9016.350400000001	21.687848561176132	151.02802017931992	1347.3501196265856	
9016.5336	0.0408000000006723	Ripples						0.0408000000006723	9016.5576	25.259532592529926	159.12367659948038	1971.6033330663086	
9022.161600000001	0.06719999999950232	Ripples						0.06719999999950232	9022.1752	9.750532929749863	152.47128932036185	1106.466438420032	
9022.3088	0.03600000000005821	Ripples						0.03600000000005821	9022.32	17.529051828100393	153.5295602833808	1452.0195244754805	
9024.4872	0.04160000000047148	Ripples						0.04160000000047148	9024.508	17.726741325957974	153.88710929973462	1579.0348346441901	
9026.3912	0.05040000000008149	Ripples						0.05040000000008149	9026.430400000001	30.814832921187016	162.78840937465378	1853.9128673790544	
9027.432	0.04960000000028231	Ripples						0.04960000000028231	9027.4472	18.655475684523594	156.95215224380948	1651.8805734104894	
9028.6784	0.08079999999972642	Ripples						0.08079999999972642	9028.742400000001	24.686333385523948	157.73255545865518	1693.0578676433183	
9030.2592	0.028800000000046566	Ripples						0.028800000000046566	9030.277600000001	5.897228859963453	152.79792314583744	832.9696897665724	
9035.2152	0.025599999999030842	Ripples						0.025599999999030842	9035.2288	10.563297516328205	162.59620839979237	1228.2120415077595	
9035.422400000001	0.02079999999841675	Ripples						0.02079999999841675	9035.4352	10.218819207888865	167.95794395574612	1125.5128608426128	
9037.3344	0.03840000000127475	Ripples						0.03840000000127475	9037.357600000001	6.644384447719178	150.48914467677957	727.5285296679101	
9037.4432	0.044800000001487206	Ripples						0.044800000001487206	9037.4776	9.282645303770229	158.73786188412075	780.7525251448915	
9037.6416	0.044799999999668216	Ripples						0.044799999999668216	9037.6728	21.36656034725214	155.66208544154034	1726.4745726430715	
9039.6512	0.03280000000086147	Ripples						0.03280000000086147	9039.6656	8.84518641364361	156.16589489872644	753.1817052692406	
9042.1848	0.051199999999880674	Ripples						0.051199999999880674	9042.212800000001	10.862350825173435	156.44984356954345	906.6670328962978	
9044.713600000001	0.02479999999923166	Ripples						0.02479999999923166	9044.728000000001	11.795423254022497	160.12368899838333	1118.9754750012926	
9049.9064	0.04960000000028231	Ripples						0.04960000000028231	9049.9208	15.112598665491827	157.2851197044742	1415.6285862678797	
9051.196	0.026400000000649015	Ripples						0.026400000000649015	9051.208	7.670056749807113	157.77092913784207	977.9655275633497	
9052.12	0.051199999999880674	Ripples						0.051199999999880674	9052.1312	5.803955912757026	161.56289401137803	997.3819054893264	
9070.864800000001	0.05679999999847496	Ripples						0.05679999999847496	9070.894400000001	23.001562604774115	152.65744790935665	1896.3140782643873	
9102.3376	0.05199999999967986	Ripples						0.05199999999967986	9102.3816	22.372058395800426	160.9258671468287	1528.6809976084621	
9104.596	0.10080000000016298	Ripples						0.10080000000016298	9104.612000000001	14.597210114399227	150.22933048126674	1068.9037278360568	
9107.196	0.0632000000005064	Ripples						0.0632000000005064	9107.2328	16.63989617384693	148.68302319582537	1323.181477121745	
9115.7384	0.028800000000046566	Ripples						0.028800000000046566	9115.7528	16.64087823097746	166.4049233932795	1580.4834883604242	
9118.616	0.03360000000066066	Ripples						0.03360000000066066	9118.6296	5.146988323742032	169.41955293045027	596.9615301888488	
9120.7432	0.02080000000023574	Ripples						0.02080000000023574	9120.7544	6.483941712289998	155.02386110757325	806.8043900567476	
9120.880000000001	0.035200000000259024	Ripples						0.035200000000259024	9120.8992	12.481452393010226	163.29032915358025	1418.2480000489847	
9123.459200000001	0.031199999999444117	Ripples						0.031199999999444117	9123.4792	10.76753723992705	154.8758167943322	944.6270547365365	
9128.052800000001	0.05759999999827414	Ripples						0.05759999999827414	9128.0704	8.358516115161155	140.4600868595053	731.6688544125325	
9128.6456	0.03600000000005821	Ripples						0.03600000000005821	9128.6608	16.76151472278922	153.33562007530747	1397.747117162406	
9132.624	0.031200000001263106	Ripples						0.031200000001263106	9132.6416	8.51880337350715	155.77475521492076	972.0303833473837	
9132.7752	0.025600000000849832	Ripples						0.025600000000849832	9132.7936	8.326560094709844	158.95915415841336	906.3019513231268	
9134.6232	0.04800000000068394	Ripples						0.04800000000068394	9134.6344	9.253179467825987	154.91143590476867	859.9618678556883	
9135.8096	0.0455999999994674	Ripples						0.0455999999994674	9135.8248	24.346473866277627	156.06592130272244	1803.6836486502193	
9135.9184	0.023199999999633292	Ripples						0.023199999999633292	9135.9328	6.74534648038155	151.27087392843416	721.9745196381222	
9136.072	0.028000000000247383	Ripples						0.028000000000247383	9136.084	9.400080046267071	166.99755310180893	910.0804472226597	
9136.6376	0.03440000000045984	Ripples						0.03440000000045984	9136.661600000001	9.599052717041507	158.38776560221052	773.1480551266962	
9137.0648	0.025600000000849832	Ripples						0.025600000000849832	9137.08	13.187599108965864	161.5645002101066	1161.1608733190808	
9137.52	0.03440000000045984	Ripples						0.03440000000045984	9137.532000000001	6.514423695945463	154.11793649143053	780.78684121649	
9138.008	0.0272000000004482	Ripples						0.0272000000004482	9138.016800000001	5.1059987715313015	151.10778742514375	613.8179306003004	
9139.075200000001	0.02479999999923166	Ripples						0.02479999999923166	9139.089600000001	6.459433610333332	157.43735026016265	968.5227628697176	
9141.2968	0.024000000001251465	Ripples						0.024000000001251465	9141.307200000001	8.749662193734729	161.03199521314838	971.0755295678649	
9141.4824	0.021600000000034925	Ripples						0.021600000000034925	9141.4936	7.68798272223561	156.52853821955466	974.5356733659241	
9143.0664	0.02959999999984575	Ripples						0.02959999999984575	9143.075200000001	14.032030177242344	154.6950465293981	1081.2260241677075	
9145.6888	0.0544000000008964	Ripples						0.0544000000008964	9145.7288	17.79431039126848	156.75691359122808	1705.7031348525115	
9152.4552	0.06079999999928987	Ripples						0.06079999999928987	9152.4872	23.35955240367024	162.0684956901339	1943.8513714951725	
9152.6368	0.028800000000046566	Ripples						0.028800000000046566	9152.6512	14.133875650507095	159.05106656001405	1441.1228264492306	
9152.770400000001	0.04159999999865249	Ripples						0.04159999999865249	9152.8008	6.533402802303149	151.01221627273767	668.5475747543461	
9152.9192	0.04960000000028231	Ripples						0.04960000000028231	9152.9336	8.787929762675907	148.1745294709896	880.5817966981288	
9154.380000000001	0.02479999999923166	Ripples						0.02479999999923166	9154.394400000001	12.025176056963147	167.7824010163085	1256.2657235610488	
9160.1296	0.04160000000047148	Ripples						0.04160000000047148	9160.147200000001	13.504743632181707	151.58332860159814	1182.606018599661	
9168.284	0.04400000000168802	Ripples						0.04400000000168802	9168.2984	10.660753585022153	152.46574535189401	872.3240160775711	
9169.2608	0.03440000000045984	Ripples						0.03440000000045984	9169.2744	25.742252650454983	159.5291416342027	1846.657072321197	
9170.18	0.03280000000086147	Ripples						0.03280000000086147	9170.188	6.104870574342555	155.67884204631744	775.3311047618158	
9174.8416	0.04800000000068394	Ripples						0.04800000000068394	9174.8536	9.948937026214503	152.9651436330298	1011.1665700595661	
9179.0016	0.042400000000270666	Ripples						0.042400000000270666	9179.016	21.581004508832212	158.98854672835307	1694.500791902245	
9190.756000000001	0.021600000000034925	Ripples						0.021600000000034925	9190.764000000001	5.443214786728493	153.81540620948695	736.1438645242282	
9193.081600000001	0.021599999998215935	Ripples						0.021599999998215935	9193.089600000001	7.946414821720867	162.9099498315078	863.551138290719	
9194.4648	0.053600000001097214	Ripples						0.053600000001097214	9194.4944	15.419161414380884	149.91594813481774	1232.4481446987168	
9202.0	5008.0	SleepStates											Awake
9203.300000000001	0.028000000000247383	Ripples						0.028000000000247383	9203.315200000001	14.76437240970045	158.6391191080676	1350.714882995433	
9205.822400000001	0.03359999999884167	Ripples						0.03359999999884167	9205.8336	5.605109132523208	151.99230432206457	722.7782316228332	
9206.028	0.02959999999984575	Ripples						0.02959999999984575	9206.039200000001	8.867598892334957	151.27422676869165	890.2266324636589	
9257.5776	0.028000000000247383	Ripples						0.028000000000247383	9257.592	8.015409487549062	160.9856892949527	1118.3857518277757	
9282.581600000001	0.04399999999986903	Ripples						0.04399999999986903	9282.6056	6.503384263155896	152.89387613780008	951.3266867943041	
9324.119200000001	0.06319999999868742	Ripples						0.06319999999868742	9324.1592	25.29205367045467	155.83832577768055	2018.6747437071976	
9357.7176	0.037599999999656575	Ripples						0.037599999999656575	9357.7376	16.497057090172664	157.38535361991683	1514.1245364607073	
9537.82	0.0864000000001397	Ripples						0.0864000000001397	9537.8384	14.592776780151386	164.72125378505712	1527.914537703308	
9538.083200000001	0.028000000000247383	Ripples						0.028000000000247383	9538.096800000001	6.2520052300336575	155.3247751947962	877.142911231776	
9550.2024	0.04399999999986903	Ripples						0.04399999999986903	9550.2304	10.29923959562194	173.00133162776572	1289.3992687713278	
9573.8568	0.024000000001251465	Ripples						0.024000000001251465	9573.8672	8.617399669152764	165.1388145022799	1145.7517649838376	
9635.169600000001	0.028000000000247383	Ripples						0.028000000000247383	9635.184000000001	10.471822317845334	160.65811998862605	1228.9913895483578	
9664.0944	0.040000000000873115	Ripples						0.040000000000873115	9664.124	6.061986939658915	154.9111316737948	958.2591185239503	
9664.7456	0.05199999999967986	Ripples						0.05199999999967986	9664.7616	17.18873113711439	168.99338147615154	1615.4323390120771	
9681.944800000001	0.03919999999925494	Ripples						0.03919999999925494	9681.9712	17.001999377906497	162.24918795089775	1594.9279937529907	
9693.516	0.06480000000010477	Ripples						0.06480000000010477	9693.5496	17.63116730754366	159.10673286115667	1752.0492369896049	
9694.654400000001	0.037599999999656575	Ripples						0.037599999999656575	9694.6736	6.569489446234305	156.20398028108303	1034.2573424825187	
9696.812	0.037600000001475564	Ripples						0.037600000001475564	9696.8256	9.381136240804802	153.9927335877243	1165.4205282323646	
9698.813600000001	0.10719999999855645	Ripples						0.10719999999855645	9698.8448	12.731297299232057	155.51598194404298	1381.0395171757323	
9711.4608	0.03600000000005821	Ripples						0.03600000000005821	9711.474400000001	12.642175306389289	162.46362261446922	1363.0635330663317	
9711.5944	0.03360000000066066	Ripples						0.03360000000066066	9711.6136	9.121017054732407	163.23055499316771	1093.541570721437	
9718.1456	0.02959999999984575	Ripples						0.02959999999984575	9718.1664	11.0979492953524	161.51047734912112	1213.907422188477	
9723.4144	0.03360000000066066	Ripples						0.03360000000066066	9723.429600000001	15.797646273986052	157.2510273154941	1287.0498975725573	
9723.929600000001	0.027999999998428393	Ripples						0.027999999998428393	9723.9464	10.05513665533945	157.5712619050311	1338.9161700548493	
9724.16	0.028000000000247383	Ripples						0.028000000000247383	9724.1712	11.268763410498611	161.55442853440167	1260.6001787021924	
9725.4096	0.0272000000004482	Ripples						0.0272000000004482	9725.4208	9.949437428671132	163.70608727449087	1182.6309006053386	
9729.9112	0.022399999999834108	Ripples						0.022399999999834108	9729.924	7.3558411680011195	162.02502604851563	1042.7170338892324	
9731.956	0.031199999999444117	Ripples						0.031199999999444117	9731.9696	15.525465043447731	162.35550352132555	1481.7910447128233	
9736.4336	0.046399999999266583	Ripples						0.046399999999266583	9736.444800000001	9.650129371255424	155.1740000195715	1185.694668911561	
9741.850400000001	0.0319999999992433	Ripples						0.0319999999992433	9741.8752	5.008870485571162	155.72908406853776	867.4400740479192	
9760.5472	0.022399999999834108	Ripples						0.022399999999834108	9760.5616	6.919378217966748	155.74367048001596	747.2739555411225	
9763.2584	0.07200000000011642	Ripples						0.07200000000011642	9763.3112	6.960986660068996	168.4702418647202	1148.7937064273171	
9788.4648	0.03840000000127475	Ripples						0.03840000000127475	9788.4752	7.185887238679711	152.88883149911254	971.5301755748304	
9788.626400000001	0.022399999999834108	Ripples						0.022399999999834108	9788.6352	13.8134478879495	162.32385757106158	1256.4778627123912	
9793.445600000001	0.02959999999984575	Ripples						0.02959999999984575	9793.460000000001	11.759884945569114	159.12170725050285	1037.4083614340468	
9793.524800000001	0.09039999999913562	Ripples						0.09039999999913562	9793.604000000001	7.8992062525216715	160.1539457151043	927.5893721900414	
9795.6952	0.02959999999984575	Ripples						0.02959999999984575	9795.706400000001	12.071137956314352	158.90623093861535	1215.3023531085885	
9795.9136	0.05040000000008149	Ripples						0.05040000000008149	9795.944000000001	10.274537731149433	154.80262683525297	1319.5806514991468	
9796.1496	0.028800000000046566	Ripples						0.028800000000046566	9796.1672	6.710764357587353	151.9337039151352	861.0180641870797	
9797.4064	0.022399999999834108	Ripples						0.022399999999834108	9797.4144	5.649523309597922	163.78063015957977	868.8860662262739	
9797.5056	0.020000000000436557	Ripples						0.020000000000436557	9797.5208	5.398644432122071	156.0699934028097	810.8316288288902	
9875.2696	0.05040000000008149	Ripples						0.05040000000008149	9875.2936	11.526207722271723	181.3470512866182	1134.0800155593256	
10215.9976	0.0272000000004482	Ripples						0.0272000000004482	10216.0112	10.786056149556812	165.22298735684063	1277.907339339409	
10216.748	0.021600000000034925	Ripples						0.021600000000034925	10216.7592	7.789555175497496	161.2239347568867	1010.7143370829294	
10225.7528	0.02480000000105065	Ripples						0.02480000000105065	10225.7672	7.613685249288378	157.28532295744515	989.1043254944999	
10229.116	0.028000000000247383	Ripples						0.028000000000247383	10229.132800000001	8.986491535711838	160.26687692238457	1094.9230408543012	
10229.5704	0.03919999999925494	Ripples						0.03919999999925494	10229.5928	13.867774970842728	167.85011352999425	1504.007030222666	
10229.7656	0.05520000000069558	Ripples						0.05520000000069558	10229.7824	10.230323221511089	164.36958834802945	1296.2893236787365	
10236.5984	0.06400000000030559	Ripples						0.06400000000030559	10236.619200000001	22.75926238071513	160.29186221113653	1811.2427394107046	
10236.799200000001	0.042399999998451676	Ripples						0.042399999998451676	10236.813600000001	18.39998338783612	164.5886893056641	1659.8489696907436	
10315.0256	0.03839999999945576	Ripples						0.03839999999945576	10315.0472	9.552266645759389	153.03506673121555	1243.1160709137578	
10318.800000000001	0.07200000000011642	Ripples						0.07200000000011642	10318.86	9.89774474574707	163.35702762578003	1313.9870216880745	
10367.8912	0.022399999999834108	Ripples						0.022399999999834108	10367.908800000001	8.216514364953117	157.41963333588927	837.9637895333661	
10389.7088	0.03200000000106229	Ripples						0.03200000000106229	10389.733600000001	5.49566249400512	153.59774785982566	848.8934544206257	
10426.060800000001	0.035200000000259024	Ripples						0.035200000000259024	10426.0856	5.236854933842798	152.1100563461226	835.0615393162336	
10437.824	1919.2319666666663	epochs											
10461.607100000001	48.478966666665656	trials		left	none	1.0	True						
10518.854933333334	62.149100000000544	trials	1.0	right	right	1.0	True						
10581.770900000001	59.08163333333323	trials	0.0	right	left	1.0	False						
10644.853533333335	112.16173333333245	trials	1.0	left	left	1.0	False						
10757.482066666667	58.081366666667236	trials	0.0	left	right	1.0	False						
10816.130233333333	81.7540666666664	trials	1.0	right	right	1.0	False						
10835.12	0.04079999999885331	Ripples						0.04079999999885331	10835.1416	14.601904065864053	160.16985929107787	1491.5798357534618	
10835.7968	0.09439999999995052	Ripples						0.09439999999995052	10835.8704	9.465655320397167	170.5931420601118	1227.9546709977167	
10838.611200000001	0.06079999999928987	Ripples						0.06079999999928987	10838.6272	6.9920262731109535	162.6560179488261	1182.0413603005604	
10898.3844	87.85559999999896	trials	1.0	left	left	1.0	False						
10963.4104	0.025599999999030842	Ripples						0.025599999999030842	10963.424	6.192082308352264	174.76131114653657	1015.6872377696822	
10963.456	0.024000000001251465	Ripples						0.024000000001251465	10963.472	6.991236437112426	169.09386662443998	1006.8682664489403	
10965.3336	0.05520000000069558	Ripples						0.05520000000069558	10965.3632	12.402722175969373	178.822382008894	1130.6241803993685	
10969.9936	0.02320000000145228	Ripples						0.02320000000145228	10970.0072	7.381511974136454	169.74149859577915	1033.4100892320116	
10986.773466666667	84.55476666666618	trials	1.0	right	right	1.0	False						
11071.761666666667	77.45296666666582	trials	1.0	left	left	1.0	False						
11149.648066666667	47.01190000000133	trials	1.0	right	right	1.0	False						
11179.430400000001	0.048799999998664134	Ripples						0.048799999998664134	11179.4416	5.026822366713364	170.5987588551963	838.7720455055514	
11197.126766666668	52.546633333331556	trials	1.0	left	left	1.0	False						
11231.248000000001	0.026399999998830026	Ripples						0.026399999998830026	11231.2672	6.621931195040648	165.93734206431984	979.4533295517466	
11231.3088	0.09280000000035216	Ripples						0.09280000000035216	11231.3592	8.709600848777447	167.08633203554743	1285.9812452686758	
11231.849600000001	0.028800000000046566	Ripples						0.028800000000046566	11231.8608	15.105586064890502	162.2742860798366	1433.7700235704824	
11250.3069	57.71463333333486	trials	0.0	left	right	1.0	False						
11283.617600000001	0.023999999999432475	Ripples						0.023999999999432475	11283.624800000001	7.957244217432427	164.26683220496724	964.7976443293322	
11285.3088	0.051199999999880674	Ripples						0.051199999999880674	11285.3336	23.734525940695736	178.78401668566318	1747.714474502997	
11287.5288	0.023199999999633292	Ripples						0.023199999999633292	11287.5424	6.025662259475347	163.60972591177932	1008.452862363653	
11287.572	0.021600000000034925	Ripples						0.021600000000034925	11287.583200000001	6.157132233638557	153.9376735251605	928.2452374851009	
11288.1448	0.02480000000105065	Ripples						0.02480000000105065	11288.1528	10.661423507617402	165.54966824202256	1087.981516747869	
11308.354933333334	49.2458000000006	trials	1.0	right	right	1.0	False						
11325.6096	0.02080000000023574	Ripples						0.02080000000023574	11325.6232	6.819362583864949	162.64332399481856	934.3035496278966	
11358.100866666668	86.72196666666605	trials	1.0	left	left	1.0	False						
11401.3456	0.04399999999986903	Ripples						0.04399999999986903	11401.3624	25.191705052688498	163.90594719927068	1934.464360555827	
11403.0512	0.044800000001487206	Ripples						0.044800000001487206	11403.0648	12.243809279673812	162.12568740662374	1343.2366413743553	
11403.1864	0.0272000000004482	Ripples						0.0272000000004482	11403.1968	12.060066080186218	164.66903907881726	1259.8749571235714	
11403.868	0.08799999999973807	Ripples						0.08799999999973807	11403.9056	14.98376219302006	150.30967877080786	1424.35015711186	
11407.487200000001	0.03439999999864085	Ripples						0.03439999999864085	11407.508800000001	6.813680926680956	154.81319043394453	974.3704250104735	
11407.893600000001	0.04799999999886495	Ripples						0.04799999999886495	11407.932	6.014684970947887	165.1044754964709	1004.2154240815751	
11419.156	0.0591999999996915	Ripples						0.0591999999996915	11419.1704	9.012220484832428	157.95413732674325	1081.191770765299	
11419.2952	0.03280000000086147	Ripples						0.03280000000086147	11419.3112	22.038878133791084	161.3582738538454	1826.7568368391308	
11422.7728	0.046399999999266583	Ripples						0.046399999999266583	11422.7936	9.736432895169777	160.15368409726057	1255.5602246334129	
11424.2656	0.021600000000034925	Ripples						0.021600000000034925	11424.2736	7.813395625542346	168.78584462922163	1009.3085989878222	
11426.0136	0.021600000000034925	Ripples						0.021600000000034925	11426.0216	7.490771436737378	160.59216060129512	1061.7756095445654	
11427.036	0.024000000001251465	Ripples						0.024000000001251465	11427.0504	11.644328667037513	166.94338442488169	1184.922820739881	
11445.256300000001	112.02836666666553	trials	1.0	right	right	1.0	False						
11464.068000000001	0.048800000000483124	Ripples						0.048800000000483124	11464.102400000002	10.46037914352138	160.99315370324706	1326.469547111072	
11464.5936	0.031200000001263106	Ripples						0.031200000001263106	11464.612000000001	12.81179056861012	164.4454684072628	1367.6526036208745	
11470.1792	0.04800000000068394	Ripples						0.04800000000068394	11470.189600000002	6.17902159377691	170.20093627294068	930.2085638586208	
11471.2144	0.04320000000006985	Ripples						0.04320000000006985	11471.247200000002	7.668542384801844	167.09456738957167	1088.2350474592859	
11540.218400000002	0.037599999999656575	Ripples						0.037599999999656575	11540.2432	9.148414295502107	166.0860663578739	1163.1289254053643	
11543.9128	0.022399999999834108	Ripples						0.022399999999834108	11543.9208	6.905435390519434	161.37456447833216	1004.938045375764	
11550.640000000001	0.04320000000006985	Ripples						0.04320000000006985	11550.6568	6.464339318034925	172.83760015017458	990.5487577788092	
11551.7648	0.02479999999923166	Ripples						0.02479999999923166	11551.7816	18.29285375099996	163.79314346791583	1474.5964767642647	
11552.324	0.040000000000873115	Ripples						0.040000000000873115	11552.3472	16.978285386112525	161.58083622760557	1642.9718595756513	
11557.684766666667	44.51130000000012	trials	1.0	left	left	1.0	False						
11587.075200000001	0.022399999999834108	Ripples						0.022399999999834108	11587.0872	6.275709686906148	158.75065440954842	919.0716947987963	
11602.829533333334	137.70156666666662	trials	1.0	right	right	1.0	False						
11631.082400000001	0.02479999999923166	Ripples						0.02479999999923166	11631.096800000001	6.530099894976172	161.20034240451574	959.7091769844955	
11632.118400000001	0.0591999999996915	Ripples						0.0591999999996915	11632.140000000001	5.021655681595979	164.7513795068555	867.5362820636523	
11640.863200000002	0.07919999999830907	Ripples						0.07919999999830907	11640.916000000001	16.84793703571974	161.51620233868323	1556.0921146735789	
11641.662400000001	0.02080000000023574	Ripples						0.02080000000023574	11641.6728	5.31199995178048	157.54785223946902	864.1976607370085	
11643.9984	0.0680000000011205	Ripples						0.0680000000011205	11644.0128	11.464306343269685	157.7115748235847	1343.959802179263	
11649.1944	0.03920000000107393	Ripples						0.03920000000107393	11649.204800000001	13.044136060099843	162.12587157567853	1272.8125660753187	
11649.261600000002	0.037599999999656575	Ripples						0.037599999999656575	11649.2888	11.183789374419637	171.61437485683592	1243.1469678915666	
11649.7592	0.06480000000010477	Ripples						0.06480000000010477	11649.772	9.537315171468036	162.56758048749003	1054.3106810001736	
11661.7512	0.025600000000849832	Ripples						0.025600000000849832	11661.763200000001	9.103639916976027	161.2094919379814	1122.5980737422503	
11662.04	0.025599999999030842	Ripples						0.025599999999030842	11662.052800000001	6.864396218568478	173.7399758990377	869.1523480510268	
11706.315200000001	0.0319999999992433	Ripples						0.0319999999992433	11706.336800000001	6.5898605752593	170.77432217551527	1056.1647456417386	
11724.1368	0.024000000001251465	Ripples						0.024000000001251465	11724.148000000001	5.946844169241149	163.3691777808179	973.0689368363027	
11724.492	0.03200000000106229	Ripples						0.03200000000106229	11724.503200000001	17.592143051696684	163.93036942407278	1533.0994193542313	
11724.785600000001	0.06079999999928987	Ripples						0.06079999999928987	11724.8248	7.618714059767497	166.54726013334795	1207.3617578893525	
11740.9979	40.04346666666788	trials	1.0	left	left	1.0	False						
11782.241666666667	88.6891333333333	trials	1.0	right	right	1.0	False						
11812.1784	0.030399999999644933	Ripples						0.030399999999644933	11812.2	13.488741513963538	170.8064591197382	1318.553319794041	
11812.2944	0.05680000000029395	Ripples						0.05680000000029395	11812.3104	13.831656507485466	172.40308087216897	1460.6976750384351	
11813.864000000001	0.03439999999864085	Ripples						0.03439999999864085	11813.878400000001	10.951888333036736	158.62724742998086	1326.9312175677055	
11823.0136	0.03440000000045984	Ripples						0.03440000000045984	11823.031200000001	13.625249022452396	163.65549988897254	1555.8842827707228	
11823.502400000001	0.06159999999908905	Ripples						0.06159999999908905	11823.523200000001	9.617138699397255	164.71727784561838	915.869302117783	
11823.668800000001	0.02479999999923166	Ripples						0.02479999999923166	11823.6856	7.14472575118064	155.4305810487425	986.8992173015585	
11824.0936	0.02480000000105065	Ripples						0.02480000000105065	11824.1072	11.183839144947248	160.90094836964542	1289.2258070780074	
11825.9248	0.02479999999923166	Ripples						0.02479999999923166	11825.9328	11.573716710101852	164.94881058642451	1152.0498709478384	
11826.306400000001	0.08159999999952561	Ripples						0.08159999999952561	11826.356000000002	8.769970204659696	175.91198753348257	1069.6255439761153	
11827.4904	0.03600000000005821	Ripples						0.03600000000005821	11827.501600000001	12.588455476635685	158.52481589968997	1283.663813964596	
11827.5584	0.025600000000849832	Ripples						0.025600000000849832	11827.573600000002	6.509059851500704	153.14330978701454	879.3278242300605	
11829.9536	0.09360000000015134	Ripples						0.09360000000015134	11830.0224	17.355535831869393	160.4401114467981	1633.261960010043	
11830.5512	0.024000000001251465	Ripples						0.024000000001251465	11830.5616	8.02028724550076	165.89383370000607	1018.7292006051051	
11830.820800000001	0.04799999999886495	Ripples						0.04799999999886495	11830.8384	31.109313680574026	164.8384203219791	2334.5012590944943	
11830.950400000002	0.021600000000034925	Ripples						0.021600000000034925	11830.964	6.785641694505217	160.26120028885896	956.321863016021	
11831.487200000001	0.021600000000034925	Ripples						0.021600000000034925	11831.500800000002	5.599938261673767	165.09579916717746	993.6053223399138	
11831.9032	0.025600000000849832	Ripples						0.025600000000849832	11831.912	8.13367877739031	159.1443463334704	1066.0963435625974	
11833.763200000001	0.07359999999971478	Ripples						0.07359999999971478	11833.8264	11.162003169692893	163.25329579399124	1289.372425959471	
11833.965600000001	0.08159999999952561	Ripples						0.08159999999952561	11833.9784	16.771804266480785	169.449062029693	1594.9274942846405	
11834.083200000001	0.03600000000005821	Ripples						0.03600000000005821	11834.103200000001	13.511733181010081	163.0921934513599	1518.369872604414	
11834.6448	0.03280000000086147	Ripples						0.03280000000086147	11834.6584	10.2284439573108	165.57561866236196	1172.5858692558197	
11836.176800000001	0.09199999999873398	Ripples						0.09199999999873398	11836.2512	18.728900984469334	157.23928458463695	1626.5875300958148	
11836.5472	0.06639999999970314	Ripples						0.06639999999970314	11836.575200000001	8.036236139424568	150.81140974866102	913.0878296162866	
11837.084	0.03360000000066066	Ripples						0.03360000000066066	11837.110400000001	6.086139147442517	168.30936352523275	908.3609528548757	
11840.059200000002	0.07519999999931315	Ripples						0.07519999999931315	11840.096800000001	13.035021089205848	167.54504656944954	1376.4719362186377	
11842.3896	0.03600000000005821	Ripples						0.03600000000005821	11842.415200000001	7.914010572261819	159.57324586137383	1082.9012452022541	
11842.8592	0.025600000000849832	Ripples						0.025600000000849832	11842.871200000001	7.837700387197533	155.00508790723018	1032.5261091356977	
11843.0	0.021600000000034925	Ripples						0.021600000000034925	11843.0112	9.849732112168246	160.1324109039028	1152.4561407465114	
11843.131200000002	0.039999999999054126	Ripples						0.039999999999054126	11843.148000000001	28.91926240663847	170.17811932792938	1866.494701791079	
11849.1648	0.08240000000114378	Ripples						0.08240000000114378	11849.233600000001	11.619952385208986	157.16835522675638	1157.1776175981518	
11856.619200000001	0.028000000000247383	Ripples						0.028000000000247383	11856.6296	8.231506364711429	159.57227035828168	1095.3722172769255	
11860.218400000002	0.044799999999668216	Ripples						0.044799999999668216	11860.234400000001	9.522985710965608	168.91743193664098	1282.1697485113439	
11871.3309	50.47946666666576	trials	1.0	left	left	1.0	False						
11901.0616	0.035200000000259024	Ripples						0.035200000000259024	11901.0864	6.426352965149727	152.56750300392605	968.3693099688885	
11903.9896	0.048800000000483124	Ripples						0.048800000000483124	11904.0192	22.640330471504523	165.17208091788933	1829.8628432261144	
11922.3105	69.2508666666672	trials	1.0	right	right	1.0	False						
11944.7824	0.03280000000086147	Ripples						0.03280000000086147	11944.8032	7.022336274657878	158.52211246842356	1110.6031641999757	
11959.0056	0.05040000000008149	Ripples						0.05040000000008149	11959.031200000001	5.9514603386212555	166.23167404411308	996.0905957126631	
11961.676000000001	0.031199999999444117	Ripples						0.031199999999444117	11961.6928	14.367033723837462	163.80697134004757	1494.4980036742731	
11963.472000000002	0.03359999999884167	Ripples						0.03359999999884167	11963.495200000001	8.351127441259475	163.0465569524751	1146.1624258520128	
11964.624000000002	0.031199999999444117	Ripples						0.031199999999444117	11964.638400000002	11.600266237610473	165.1325377460024	1350.16360190909	
11965.232	0.026400000000649015	Ripples						0.026400000000649015	11965.2392	7.941206654222537	165.44396539192775	961.3891125768462	
11966.3392	0.060800000001108856	Ripples						0.060800000001108856	11966.3608	41.74371945881775	169.19653254270267	2461.3403061412273	
11966.596800000001	0.04399999999986903	Ripples						0.04399999999986903	11966.6152	10.798905399486593	152.20279750846996	887.8846660526774	
11967.6776	0.04800000000068394	Ripples						0.04800000000068394	11967.6864	11.14420064829394	157.38491357816113	1200.6109293986456	
11996.829366666667	42.844200000001365	trials	1.0	left	left	1.0	False						
12018.5712	0.025600000000849832	Ripples						0.025600000000849832	12018.58	5.118014232760586	160.54782644053452	906.9221734193522	
12019.9464	0.0727999999999156	Ripples						0.0727999999999156	12020.008800000001	10.401918265937551	163.2579098415106	1264.6960619941556	
12021.348800000002	0.032799999999042484	Ripples						0.032799999999042484	12021.36	6.709274271100812	161.62511517451384	974.4202009180711	
12021.885600000001	0.035199999998440035	Ripples						0.035199999998440035	12021.9112	12.636858936776601	162.98515120987275	1316.2326818105582	
12023.6712	0.022399999999834108	Ripples						0.022399999999834108	12023.6856	8.917709959619037	161.91898914031967	1054.281705956313	
12024.3456	0.02959999999984575	Ripples						0.02959999999984575	12024.3608	6.790342118272474	152.9732774574829	936.8360675041997	
12024.8544	0.10640000000057626	Ripples						0.10640000000057626	12024.944800000001	13.580411580711136	168.04553357241937	1435.0721263907403	
12026.2936	0.09200000000055297	Ripples						0.09200000000055297	12026.349600000001	18.03703786943824	169.6566222302515	1661.0706149356317	
12028.4176	0.03919999999925494	Ripples						0.03919999999925494	12028.437600000001	13.182622871326512	162.43617067901891	1544.9069713954912	
12028.799200000001	0.02479999999923166	Ripples						0.02479999999923166	12028.8104	6.084014824366261	157.09118190796303	890.2570839331222	
12040.073666666667	97.59139999999934	trials	1.0	right	right	1.0	False						
12074.5848	0.020000000000436557	Ripples						0.020000000000436557	12074.5936	7.4135839124863905	162.66354979615738	965.8553013501405	
12081.399200000002	0.030399999999644933	Ripples						0.030399999999644933	12081.408000000001	5.7837103461761314	152.05385365723987	776.4371748585714	
12082.219200000001	0.08959999999933643	Ripples						0.08959999999933643	12082.2608	8.231824722547223	156.7040216912671	1014.6186931565641	
12082.336800000001	0.020000000000436557	Ripples						0.020000000000436557	12082.3464	5.415942195850946	167.80379964472675	987.2576611454084	
12084.084	0.051199999999880674	Ripples						0.051199999999880674	12084.103200000001	14.741810958909207	176.04785594723327	1419.9230322679678	
12091.139200000001	0.022399999999834108	Ripples						0.022399999999834108	12091.1504	8.660859652834125	161.93936057231952	1057.853664317162	
12091.292800000001	0.026399999998830026	Ripples						0.026399999998830026	12091.3048	11.58896697782345	160.7844217939223	1277.3425851618288	
12098.0496	0.16960000000108266	Ripples						0.16960000000108266	12098.0768	14.281261155545344	171.69043074749084	1505.7853548936857	
12105.3816	0.07920000000012806	Ripples						0.07920000000012806	12105.4472	15.352698572644794	166.16493592183505	1553.0820451124341	
12108.036	0.047200000000884756	Ripples						0.047200000000884756	12108.0656	13.67478646535561	155.1178432881702	1458.4968019342075	
12108.208	0.031199999999444117	Ripples						0.031199999999444117	12108.220000000001	11.670089179254022	161.28669490169298	1353.5080052322044	
12109.0112	0.03679999999985739	Ripples						0.03679999999985739	12109.032000000001	13.974391122953753	169.23595416975073	1352.1857744970848	
12110.26	0.07920000000012806	Ripples						0.07920000000012806	12110.322400000001	12.663005826231748	162.01839299805047	1496.3634608886462	
12110.684000000001	0.021600000000034925	Ripples						0.021600000000034925	12110.692000000001	7.432472799358683	162.10279800937747	1021.3616748279425	
12110.816	0.0319999999992433	Ripples						0.0319999999992433	12110.835200000001	17.116062047644338	169.25947963577488	1659.7738167645102	
12111.189600000002	0.021600000000034925	Ripples						0.021600000000034925	12111.2008	7.180444551641018	164.64453792440898	1058.2376506228848	
12111.6352	0.025600000000849832	Ripples						0.025600000000849832	12111.6488	12.527853843055114	172.1432698438706	1249.8838216128934	
12112.9032	0.0727999999999156	Ripples						0.0727999999999156	12112.952000000001	8.502956735011486	171.20532778958173	1163.2626022717438	
12113.308	0.039999999999054126	Ripples						0.039999999999054126	12113.3336	23.245499011431782	155.96562884684812	1714.6431521901466	
12115.8232	0.03280000000086147	Ripples						0.03280000000086147	12115.84	12.534529708136239	165.04774346051613	1448.6950515479011	
12116.02	0.04399999999986903	Ripples						0.04399999999986903	12116.0352	7.562056508990311	152.22896063109806	829.2398863637986	
12117.024800000001	0.0272000000004482	Ripples						0.0272000000004482	12117.038400000001	6.248259330054094	160.37901882672213	1017.0487001403011	
12117.2896	0.03920000000107393	Ripples						0.03920000000107393	12117.300000000001	9.6604783374067	173.03935697916282	1112.0690214202573	
12117.4256	0.04960000000028231	Ripples						0.04960000000028231	12117.464	9.841985418706667	156.36354183826998	1139.7749972391348	
12118.3176	0.03600000000005821	Ripples						0.03600000000005821	12118.3408	9.71294010785957	160.24028376097715	1215.4904216484065	
12118.4632	0.028000000000247383	Ripples						0.028000000000247383	12118.4768	13.892951331425472	159.45989684880334	1460.22420254082	
12119.583200000001	0.0455999999994674	Ripples						0.0455999999994674	12119.5936	7.7680830695590455	168.43372228989102	1097.181525615046	
12119.668000000001	0.05199999999967986	Ripples						0.05199999999967986	12119.6792	7.677769399179341	165.5130838189346	1076.3417157569302	
12120.076000000001	0.031199999999444117	Ripples						0.031199999999444117	12120.090400000001	20.6549804246149	162.42707876786315	1804.8148487649441	
12120.2672	0.037599999999656575	Ripples						0.037599999999656575	12120.2832	13.75809392492451	177.19165674494894	1348.1687511964428	
12121.2736	0.021600000000034925	Ripples						0.021600000000034925	12121.2816	5.813066991952091	159.14366616787663	877.1444018633383	
12122.732	0.07840000000032887	Ripples						0.07840000000032887	12122.778400000001	16.545548390265402	168.8635769400053	1655.3083657626466	
12122.968	0.035200000000259024	Ripples						0.035200000000259024	12122.9904	22.005634014644688	165.91844009386296	1805.4011606047056	
12134.3392	0.047200000000884756	Ripples						0.047200000000884756	12134.3736	6.9990619356116195	158.6290754097543	1064.9949496404965	
12138.031833333334	40.91036666666696	trials	1.0	left	left	1.0	False						
12169.452000000001	0.030399999999644933	Ripples						0.030399999999644933	12169.472000000002	10.433634692489003	165.89831489764413	1294.1941396823995	
12170.560000000001	0.06559999999990396	Ripples						0.06559999999990396	12170.5992	10.307755624057242	156.1228769725295	1363.4488024685973	
12179.609033333334	87.35546666666596	trials	1.0	right	right	1.0	False						
12203.3248	0.0272000000004482	Ripples						0.0272000000004482	12203.335200000001	10.600355386679837	166.95541877945746	1163.6790052687786	
12205.060800000001	0.032799999999042484	Ripples						0.032799999999042484	12205.0776	9.073095907353043	166.57026922195178	1224.674329308178	
12205.7376	0.02480000000105065	Ripples						0.02480000000105065	12205.752	12.469664466087817	164.13564899575638	1338.6966837740677	
12207.371200000001	0.030399999999644933	Ripples						0.030399999999644933	12207.388	6.753210577519509	165.46370650192438	1082.3078399147307	
12208.0872	0.02080000000023574	Ripples						0.02080000000023574	12208.0984	8.247313147461261	163.0779112708555	1125.1708646172576	
12208.5368	0.021600000000034925	Ripples						0.021600000000034925	12208.5488	5.5769206268514075	167.50328225273438	1071.081012859674	
12208.5784	0.03600000000005821	Ripples						0.03600000000005821	12208.5912	16.99823674527139	170.4056370350608	1413.8347935956522	
12214.9272	0.021600000000034925	Ripples						0.021600000000034925	12214.9352	8.829771967559791	164.44300194817475	1034.3869724145668	
12236.9408	0.02959999999984575	Ripples						0.02959999999984575	12236.957600000002	11.415142289805337	168.68421091175549	1282.686520701459	
12267.564633333333	64.31630000000041	trials	1.0	left	left	1.0	False						
12322.7024	0.05200000000149885	Ripples						0.05200000000149885	12322.7304	13.54614691322888	167.40036491634515	1520.7129085523761	
12357.056	10490.975966666665	epochs											
12362.404	0.07760000000052969	Ripples						0.07760000000052969	12362.4624	8.370891007724717	166.25613054585187	1296.8907093992905	
12385.9704	0.021600000000034925	Ripples						0.021600000000034925	12385.979200000002	6.020007094945598	159.09344101173195	919.3928704273918	
12397.349600000001	0.07200000000011642	Ripples						0.07200000000011642	12397.36	9.454363869905368	173.55479076464871	1112.33557616971	
12399.7104	0.028000000000247383	Ripples						0.028000000000247383	12399.7248	7.991932278885679	164.49891207756744	1165.3525497051367	
12399.9104	0.030399999999644933	Ripples						0.030399999999644933	12399.9272	13.45925854741013	164.95389895136654	1428.019078091035	
12488.7312	0.028800000000046566	Ripples						0.028800000000046566	12488.749600000001	11.469578695884891	174.50813057477305	1188.4951594598513	
12489.2152	0.021600000000034925	Ripples						0.021600000000034925	12489.2232	7.699863807034485	160.650941842226	1014.9937059765812	
12489.6344	0.03440000000045984	Ripples						0.03440000000045984	12489.652	11.181702086421966	164.7267501365141	1367.0548190718941	
12492.0336	0.03600000000005821	Ripples						0.03600000000005821	12492.0504	21.982827461805776	159.9998858906621	1879.5880552774124	
12492.748800000001	0.04079999999885331	Ripples						0.04079999999885331	12492.7648	6.754334083350326	171.64362864747548	1006.1355117810376	
12502.8752	0.05999999999949068	Ripples						0.05999999999949068	12502.888	12.739635466693613	170.0181779531403	1312.115667499753	
12503.6488	0.042400000000270666	Ripples						0.042400000000270666	12503.660000000002	11.158275913087978	158.01875954830933	1304.9376616195748	
12504.6056	0.03919999999925494	Ripples						0.03919999999925494	12504.6224	12.85016440872551	160.93203291926946	1547.0670354108813	
12508.126400000001	0.031199999999444117	Ripples						0.031199999999444117	12508.1504	8.903748201312876	169.93180933653875	1028.38856456262	
12516.508800000001	0.04320000000006985	Ripples						0.04320000000006985	12516.5352	11.655758908667668	162.38994498738333	1355.118177190984	
12516.6488	0.02479999999923166	Ripples						0.02479999999923166	12516.6632	5.342094666033366	151.57950531984054	858.5900854186347	
12532.6744	0.03840000000127475	Ripples						0.03840000000127475	12532.699200000001	7.131576071860669	169.58345912777853	1019.235248908998	
12534.848	0.04560000000128639	Ripples						0.04560000000128639	12534.865600000001	19.300109343729034	160.57511940530256	1750.4811792107525	
12535.271200000001	0.03679999999985739	Ripples						0.03679999999985739	12535.2888	12.356489046925946	158.78223921510155	1473.2016509088855	
12537.350400000001	0.022399999999834108	Ripples						0.022399999999834108	12537.3616	5.235483409276952	153.71413416606225	697.9339142908511	
12537.6664	0.021600000000034925	Ripples						0.021600000000034925	12537.6816	5.229437925734569	163.6684119174036	784.3764225088391	
12540.161600000001	0.028800000000046566	Ripples						0.028800000000046566	12540.176800000001	12.33058733553479	162.25737420980005	1407.847035365224	
12542.336000000001	0.028000000000247383	Ripples						0.028000000000247383	12542.350400000001	11.140263145045253	160.0964677374534	1308.7135031653936	
12545.7216	0.021600000000034925	Ripples						0.021600000000034925	12545.735200000001	9.619266464430101	162.69614475436777	1121.6231592729125	
12549.8664	0.035200000000259024	Ripples						0.035200000000259024	12549.879200000001	11.315791474792581	163.9584031410443	1299.5410671388229	
12551.84	0.06720000000132131	Ripples						0.06720000000132131	12551.8536	10.109457766119968	166.63718576958166	1237.2662650729217	
12553.1	0.042400000000270666	Ripples						0.042400000000270666	12553.1288	18.149521647697945	163.7020670530106	1652.7731574648546	
12553.8904	0.026400000000649015	Ripples						0.026400000000649015	12553.907200000001	9.3920290203805	162.35682883445338	1154.365413213516	
12555.408800000001	0.028000000000247383	Ripples						0.028000000000247383	12555.423200000001	8.998813611131078	161.72052363838344	1188.8388120042914	
12555.776800000001	0.035199999998440035	Ripples						0.035199999998440035	12555.798400000001	10.175944651302109	160.79320910727608	1161.980063747772	
12555.8384	0.05999999999949068	Ripples						0.05999999999949068	12555.858400000001	12.20410493514099	162.2825379281206	1448.448009294434	
12556.7248	0.03200000000106229	Ripples						0.03200000000106229	12556.747200000002	10.720962734679846	167.551112100594	1303.1976799278234	
12557.640000000001	0.03839999999945576	Ripples						0.03839999999945576	12557.6648	19.722616965172236	158.6419424159723	1677.892813112074	
12557.7824	0.03920000000107393	Ripples						0.03920000000107393	12557.796	11.27083260397441	155.48777610126464	1241.9453439310464	
12558.240000000002	0.028800000000046566	Ripples						0.028800000000046566	12558.248000000001	9.857172834830283	161.2757008984681	1085.921246663834	
12559.473600000001	0.032799999999042484	Ripples						0.032799999999042484	12559.492	14.203276190228719	155.15551511605872	1399.073438924292	
12559.7448	0.03679999999985739	Ripples						0.03679999999985739	12559.7592	9.837733562104699	155.25986319031642	929.1668371481729	
12560.044800000001	0.044799999999668216	Ripples						0.044799999999668216	12560.067200000001	26.702519579161198	159.5926464223	1925.9616148236119	
12560.3256	0.053600000001097214	Ripples						0.053600000001097214	12560.358400000001	18.375942588798573	151.53396831671273	1648.358255666357	
12560.6272	0.051199999999880674	Ripples						0.051199999999880674	12560.638400000002	8.772808089183862	155.43871636470456	1052.9213262110734	
12561.618400000001	0.039999999999054126	Ripples						0.039999999999054126	12561.6352	27.08335539731901	161.09216124232444	2082.4068295332477	
12562.268	0.053600000001097214	Ripples						0.053600000001097214	12562.3008	9.76657570561263	150.28746601882136	1119.6422459498856	
12564.252	0.02959999999984575	Ripples						0.02959999999984575	12564.2664	13.491489214892763	161.77475253155097	1483.6041776551876	
12565.884	0.03600000000005821	Ripples						0.03600000000005821	12565.892800000001	11.700932103670093	166.79861531926838	1182.374553806473	
12565.987200000001	0.0319999999992433	Ripples						0.0319999999992433	12566.001600000001	14.918278683402665	154.21113159158904	1303.6928151257935	
12567.456	0.0272000000004482	Ripples						0.0272000000004482	12567.473600000001	8.841434293823992	160.32016291765333	1181.6257354738077	
12568.1664	0.025600000000849832	Ripples						0.025600000000849832	12568.1808	9.903452652752692	169.55525439668463	1245.5162787194274	
12568.432	0.04800000000068394	Ripples						0.04800000000068394	12568.467200000001	17.500870172887208	159.42745660001023	1693.6294533021683	
12568.834400000002	0.030399999999644933	Ripples						0.030399999999644933	12568.844000000001	9.068039688126476	161.5774948747539	1067.5380522034409	
12568.908800000001	0.05199999999967986	Ripples						0.05199999999967986	12568.932	33.806266393484066	171.8510656280869	2322.1877384487143	
12569.928800000002	0.04399999999986903	Ripples						0.04399999999986903	12569.9496	20.500506514579666	159.64039531049255	1804.2064248700917	
12572.6776	0.09519999999974971	Ripples						0.09519999999974971	12572.7216	18.90001776257341	155.4909069751965	1646.2455266073428	
12573.1136	0.028000000000247383	Ripples						0.028000000000247383	12573.1272	10.715321416667807	157.46547753448274	1139.0440289350706	
12573.248800000001	0.028000000000247383	Ripples						0.028000000000247383	12573.2664	16.22995961430611	160.60119248149135	1356.7700550729703	
12579.5192	0.058399999999892316	Ripples						0.058399999999892316	12579.538400000001	18.760213593868677	167.90670197337607	1757.8693794014237	
12581.922400000001	0.062399999998888234	Ripples						0.062399999998888234	12581.9712	11.155743086699161	179.22974283501574	1025.9478758181078	
12582.879200000001	0.028000000000247383	Ripples						0.028000000000247383	12582.8904	12.837216865394478	163.77601129908024	1363.1283166828073	
12583.343200000001	0.035200000000259024	Ripples						0.035200000000259024	12583.3616	8.769357358619448	165.0541990120331	1237.7088418479948	
12583.691200000001	0.03679999999985739	Ripples						0.03679999999985739	12583.7024	9.610729762565061	158.61781867844113	1166.9848642576344	
12584.632800000001	0.021600000000034925	Ripples						0.021600000000034925	12584.647200000001	11.122507356045494	162.97789413387778	1195.2136108247598	
12584.796	0.10480000000097789	Ripples						0.10480000000097789	12584.8608	20.692242398759447	157.5342557829806	1707.176574349608	
12585.378400000001	0.06559999999990396	Ripples						0.06559999999990396	12585.4176	8.488511371526192	154.4518281324226	1189.1974695568654	
12585.616	0.03200000000106229	Ripples						0.03200000000106229	12585.633600000001	21.56870815755509	156.2921983700238	1649.4735438553912	
12586.096800000001	0.03359999999884167	Ripples						0.03359999999884167	12586.12	10.182904342597752	157.07938323048757	1218.2703856643288	
12586.9128	0.03200000000106229	Ripples						0.03200000000106229	12586.932	17.618989173586012	164.9223310042938	1667.120151413493	
12587.044800000001	0.03679999999985739	Ripples						0.03679999999985739	12587.066400000002	18.53584045816865	153.48958577858102	1305.4091831168787	
12609.5584	0.031200000001263106	Ripples						0.031200000001263106	12609.5792	6.133828922483608	157.80010863090516	951.2330797384589	
12612.132800000001	0.0272000000004482	Ripples						0.0272000000004482	12612.147200000001	10.34649135203297	163.80875559356653	1266.219145857942	
12622.038400000001	0.0319999999992433	Ripples						0.0319999999992433	12622.053600000001	8.163905900273587	157.47851055224308	1133.2192461808543	
12623.712000000001	0.02479999999923166	Ripples						0.02479999999923166	12623.7232	5.708884800997824	159.65912200177047	911.6552536814289	
12624.2432	0.03440000000045984	Ripples						0.03440000000045984	12624.2576	8.199239434780651	160.9795848504366	1098.504902045761	
12625.349600000001	0.025599999999030842	Ripples						0.025599999999030842	12625.3616	8.5778787757982	153.28051757581824	1045.3401776886578	
12625.6056	0.02479999999923166	Ripples						0.02479999999923166	12625.6232	5.961896308941328	154.6121719479985	798.0448306361426	
12644.4568	0.026400000000649015	Ripples						0.026400000000649015	12644.4688	9.451750989648588	156.00947774887865	1105.1234126354673	
12644.843200000001	0.022399999999834108	Ripples						0.022399999999834108	12644.856000000002	6.3681908285410005	165.41119293521226	977.8146337007181	
12646.408800000001	0.04160000000047148	Ripples						0.04160000000047148	12646.4344	10.574634123175656	169.31945093489398	1342.4532000669114	
12658.929600000001	0.025599999999030842	Ripples						0.025599999999030842	12658.945600000001	5.001853600865271	172.28304915389515	791.9278217470026	
12659.2976	0.020000000000436557	Ripples						0.020000000000436557	12659.307200000001	6.222381289853884	160.97820654701732	918.0146983493468	
12717.4704	0.051199999999880674	Ripples						0.051199999999880674	12717.492	12.835472215591855	158.21258450351993	1368.845847139478	
12720.8664	0.07840000000032887	Ripples						0.07840000000032887	12720.8832	14.774901181628273	158.64932844736177	1440.0707091926988	
12722.0544	0.037599999999656575	Ripples						0.037599999999656575	12722.0792	7.887465534920934	160.62726036981945	1127.3475167789707	
12749.848800000002	0.05439999999907741	Ripples						0.05439999999907741	12749.884	9.433623754068577	160.34896147571646	1196.8848154617713	
12766.669600000001	0.05999999999949068	Ripples						0.05999999999949068	12766.68	10.103318523438034	165.9546524732265	1143.7992232535087	
12766.756000000001	0.031199999999444117	Ripples						0.031199999999444117	12766.7672	10.57998877344714	162.4371628573776	1163.9847519487607	
12767.1056	0.11599999999998545	Ripples						0.11599999999998545	12767.1776	25.628779396822157	168.98880115099652	1981.2702776519277	
12786.263200000001	0.062399999998888234	Ripples						0.062399999998888234	12786.312800000002	11.854381726882279	168.84105198590015	1400.4160501252795	
12789.1744	0.0408000000006723	Ripples						0.0408000000006723	12789.1928	15.872801471111208	162.34235803815648	1711.2015739414455	
12793.8264	0.028000000000247383	Ripples						0.028000000000247383	12793.8408	7.445207451704961	152.4441844141464	883.4240431519773	
12795.104800000001	0.028800000000046566	Ripples						0.028800000000046566	12795.119200000001	11.798637166159681	158.4529916358388	1286.3769461774632	
12795.2224	0.03440000000045984	Ripples						0.03440000000045984	12795.240800000001	12.594052285930612	167.66729387480325	1427.9335264578945	
12797.524800000001	0.023199999999633292	Ripples						0.023199999999633292	12797.538400000001	8.050072604918322	163.82205745367952	1087.160796656309	
12797.6064	0.04399999999986903	Ripples						0.04399999999986903	12797.624800000001	17.008083904694534	175.5468822117614	1389.9055695074449	
12807.676800000001	0.028800000000046566	Ripples						0.028800000000046566	12807.688	7.747975555243201	163.41875353349985	1030.1916996063653	
12812.9616	0.03839999999945576	Ripples						0.03839999999945576	12812.9912	11.602922819973012	170.25249157250673	1221.9490499311607	
12824.512	0.0272000000004482	Ripples						0.0272000000004482	12824.52	5.241289604697757	168.90909226528657	786.6361839678057	
12824.806400000001	0.039999999999054126	Ripples						0.039999999999054126	12824.824	10.941809119988537	163.45307864325338	1489.3418226118467	
12847.6888	0.04640000000108557	Ripples						0.04640000000108557	12847.719200000001	6.327207930194187	154.39618832642572	1041.582922790863	
12850.249600000001	0.02080000000023574	Ripples						0.02080000000023574	12850.26	6.901104386703505	170.89484155269474	995.5708462066283	
12851.556	0.02080000000023574	Ripples						0.02080000000023574	12851.567200000001	8.158758052531818	167.27166539452773	1039.9064830164773	
12853.6872	0.04640000000108557	Ripples						0.04640000000108557	12853.7176	13.30685964336638	169.44280324684883	1494.749822596504	
12855.625600000001	0.0455999999994674	Ripples						0.0455999999994674	12855.633600000001	6.951288504081732	159.13965057841486	1041.965903517428	
12911.406400000002	0.023999999999432475	Ripples						0.023999999999432475	12911.4176	14.364558659570283	169.29319646886145	1380.7315541988341	
12915.3024	0.03440000000045984	Ripples						0.03440000000045984	12915.3232	9.46257940256816	149.87455936848778	1048.5281089352295	
12916.146400000001	0.028800000000046566	Ripples						0.028800000000046566	12916.162400000001	13.84308272630974	168.3270469042676	1532.2012115640937	
12916.199200000001	0.053599999999278225	Ripples						0.053599999999278225	12916.2248	15.71905088702889	151.0243560655949	1493.7323728552642	
12918.392000000002	0.04319999999825086	Ripples						0.04319999999825086	12918.4104	10.57380686324679	152.0439633713787	1063.649837114047	
12924.196	0.028000000000247383	Ripples						0.028000000000247383	12924.213600000001	5.759595964513201	153.50206090551254	922.0364060975893	
12925.5184	0.021600000000034925	Ripples						0.021600000000034925	12925.529600000002	8.799666836717698	161.98163960126894	1084.2646487856944	
12927.1816	0.026400000000649015	Ripples						0.026400000000649015	12927.1952	5.8173167551332625	170.01886478884072	960.5823866121397	
12927.3808	0.05279999999947904	Ripples						0.05279999999947904	12927.4096	10.147956457735349	141.15238889755668	907.7486902897558	
12951.1928	0.02479999999923166	Ripples						0.02479999999923166	12951.2072	9.84283440796862	164.5147096723281	1199.9214665993268	
12953.270400000001	0.08560000000034051	Ripples						0.08560000000034051	12953.3184	8.164846675626244	168.93987795707818	1071.17991834939	
12954.920800000002	0.06079999999928987	Ripples						0.06079999999928987	12954.9344	9.002979228466616	164.45825296355184	1177.1076618571285	
12955.1224	0.028000000000247383	Ripples						0.028000000000247383	12955.133600000001	11.735005420322747	162.9327588193927	1338.660738311144	
12955.8912	0.08240000000114378	Ripples						0.08240000000114378	12955.9056	8.881384988585578	156.3542681657639	1141.2299250071076	
12959.0912	0.044799999999668216	Ripples						0.044799999999668216	12959.1224	9.769806887208762	159.11945627480173	1210.9632175669055	
12959.668800000001	0.026399999998830026	Ripples						0.026399999998830026	12959.6816	6.585672670895263	174.19376806650942	967.3142506787597	
12960.2728	0.03679999999985739	Ripples						0.03679999999985739	12960.2896	9.871158237189137	163.18033594571455	1281.7905428470178	
12961.404	0.10800000000017462	Ripples						0.10800000000017462	12961.423200000001	19.659024983770234	161.776221251971	1856.3524507788222	
13021.4616	0.022399999999834108	Ripples						0.022399999999834108	13021.473600000001	6.645445794546578	157.9260102282791	992.6522855056289	
13061.284800000001	0.0455999999994674	Ripples						0.0455999999994674	13061.3176	6.737875277588445	165.95885223174307	1068.9839499878788	
13067.452800000001	0.05680000000029395	Ripples						0.05680000000029395	13067.4848	9.57843786896844	163.31440842373397	1294.0479319622657	
13091.3168	0.07760000000052969	Ripples						0.07760000000052969	13091.3696	7.119187185233504	157.62644425822523	1067.9900581952256	
13091.5256	0.028800000000046566	Ripples						0.028800000000046566	13091.531200000001	6.278541853077445	157.3772611130686	840.9555396772952	
13102.451200000001	0.02719999999862921	Ripples						0.02719999999862921	13102.4624	11.179163239978717	167.40429305329798	1269.9415128798496	
13102.676000000001	0.04079999999885331	Ripples						0.04079999999885331	13102.689600000002	10.135859577056511	168.88654229550482	1236.3668799160591	
13105.443200000002	0.035199999998440035	Ripples						0.035199999998440035	13105.460000000001	8.093111973717178	167.6665377441064	1223.516653455801	
13107.198400000001	0.022399999999834108	Ripples						0.022399999999834108	13107.2104	13.444484763313982	160.11272056632362	1304.8000782309484	
13107.312800000002	0.13999999999941792	Ripples						0.13999999999941792	13107.3688	14.928567209263186	156.77957064642732	1587.5092828976026	
13109.022400000002	0.032799999999042484	Ripples						0.032799999999042484	13109.036	25.74376833282517	165.8102435499765	1838.9495150482865	
13110.908800000001	0.023999999999432475	Ripples						0.023999999999432475	13110.92	8.302321037256467	163.659402452696	1111.1311929859405	
13113.6072	0.021600000000034925	Ripples						0.021600000000034925	13113.617600000001	8.8978385570099	158.25504380828806	978.2851742382147	
13114.3752	0.03440000000045984	Ripples						0.03440000000045984	13114.386400000001	8.901428337136938	159.6139079429712	1036.0880301192517	
13114.6504	0.030399999999644933	Ripples						0.030399999999644933	13114.6704	7.934563702566699	163.7946985291603	1163.2615777187898	
13115.104800000001	0.025599999999030842	Ripples						0.025599999999030842	13115.119200000001	7.683862721981304	160.3713569123119	1103.1942789131488	
13115.378400000001	0.02080000000023574	Ripples						0.02080000000023574	13115.392000000002	10.102821087386449	164.27138603872712	1120.7507975792082	
13115.5656	0.03600000000005821	Ripples						0.03600000000005821	13115.574400000001	20.1114194952938	166.39176697854683	1490.9287500794671	
13117.36	0.023999999999432475	Ripples						0.023999999999432475	13117.3744	7.79212373931882	169.7003857261432	1034.0034659044022	
13117.7512	0.030399999999644933	Ripples						0.030399999999644933	13117.762400000001	10.50949027321196	159.2611960403283	1263.8863830326525	
13120.7448	0.021600000000034925	Ripples						0.021600000000034925	13120.756000000001	7.253743711899751	161.72413086909592	1074.7340137671524	
13123.974400000001	0.08159999999952561	Ripples						0.08159999999952561	13124.0288	12.375144419087253	164.51117562497888	1480.2228535397614	
13125.1448	0.06480000000010477	Ripples						0.06480000000010477	13125.190400000001	12.704402476991966	157.05506995076018	1554.5150930090078	
13126.6664	0.03440000000045984	Ripples						0.03440000000045984	13126.68	14.32290710393153	162.0420577951905	1492.8283360529883	
13126.812	0.05680000000029395	Ripples						0.05680000000029395	13126.822400000001	7.78903611458491	159.51116699384576	992.7040684590955	
13128.119200000001	0.042400000000270666	Ripples						0.042400000000270666	13128.147200000001	10.654861589456932	152.05627138560635	1217.1554929678769	
13130.3096	0.05760000000009313	Ripples						0.05760000000009313	13130.324	14.417336439435202	162.98017104888243	1392.1156041277998	
13130.406400000002	0.039999999999054126	Ripples						0.039999999999054126	13130.4312	23.049749214868147	171.94007023376582	1838.318628129922	
13132.378400000001	0.06480000000010477	Ripples						0.06480000000010477	13132.392800000001	5.131038341599147	155.78989079851013	814.9360748500826	
13133.145600000002	0.03599999999823922	Ripples						0.03599999999823922	13133.160800000001	14.628763912990184	158.73393763806342	1521.9817443459374	
13133.6144	0.031200000001263106	Ripples						0.031200000001263106	13133.6344	13.0050186086934	159.94024587350478	1394.0398021156366	
13135.399200000002	0.039999999999054126	Ripples						0.039999999999054126	13135.420800000002	6.300681166631441	174.78286910622592	1014.8102661900356	
13145.6448	0.026400000000649015	Ripples						0.026400000000649015	13145.660800000001	10.100741144711249	166.95198960353542	1179.7842696448365	
13147.8768	0.044800000001487206	Ripples						0.044800000001487206	13147.908800000001	11.933158189385976	170.59698868301348	1450.7602490025133	
13152.86	0.02480000000105065	Ripples						0.02480000000105065	13152.8744	8.295448170235522	160.96122945816055	1078.373467472075	
13164.9704	0.060800000001108856	Ripples						0.060800000001108856	13164.992	15.754760874329925	154.88328397868548	1465.4364174898435	
13166.039200000001	0.03440000000045984	Ripples						0.03440000000045984	13166.060800000001	20.546746353341508	164.66627357849194	1766.6753700480901	
13166.292000000001	0.032799999999042484	Ripples						0.032799999999042484	13166.3032	14.685563430008898	155.5293566194865	1312.9326878084978	
13166.450400000002	0.035199999998440035	Ripples						0.035199999998440035	13166.466400000001	25.28567244854744	166.58696931610334	1965.9783990193182	
13167.712800000001	0.022399999999834108	Ripples						0.022399999999834108	13167.720800000001	10.240215871569532	162.01680829188766	1118.9866223315996	
13176.1016	0.0904000000009546	Ripples						0.0904000000009546	13176.118400000001	14.622872188966365	171.52430044016864	1497.6784308073486	
13176.691200000001	0.04799999999886495	Ripples						0.04799999999886495	13176.704800000001	18.21441085967289	161.3066690917879	1640.1353994496592	
13177.617600000001	0.023999999999432475	Ripples						0.023999999999432475	13177.628	12.556829135900875	163.46412711901564	1306.3420978483086	
13180.313600000001	0.07039999999869906	Ripples						0.07039999999869906	13180.3248	15.165700226053959	165.22365751727446	1390.3233727889883	
13182.726400000001	0.03359999999884167	Ripples						0.03359999999884167	13182.7504	7.133086802533893	177.29808794640576	884.1145738052634	
13184.628	0.028000000000247383	Ripples						0.028000000000247383	13184.639200000001	9.877450314489668	164.95490298769252	1164.7953816250663	
13185.4856	0.020000000000436557	Ripples						0.020000000000436557	13185.496000000001	5.6249084510101035	173.61865777659133	820.3520412428076	
13204.315200000001	0.032799999999042484	Ripples						0.032799999999042484	13204.327200000002	10.825626034234189	156.1554448900975	1091.3802871659382	
13204.5696	0.028800000000046566	Ripples						0.028800000000046566	13204.588000000002	5.592797450018245	155.358629322863	839.0272078486024	
13206.1704	0.03679999999985739	Ripples						0.03679999999985739	13206.190400000001	11.585701932885904	157.70967532544591	1366.9766114444749	
13207.400000000001	0.023999999999432475	Ripples						0.023999999999432475	13207.413600000002	9.855401438141588	163.0430158711417	1202.7703538115236	
13207.4856	0.03840000000127475	Ripples						0.03840000000127475	13207.5136	11.832634842712052	168.82165124376618	1336.651012772616	
13209.5208	0.020000000000436557	Ripples						0.020000000000436557	13209.528	6.972104619870657	168.27526519910407	959.3431024935886	
13229.2096	0.02959999999984575	Ripples						0.02959999999984575	13229.228000000001	6.855836453338094	153.65108683611015	934.1263151916464	
13267.6504	0.024000000001251465	Ripples						0.024000000001251465	13267.664	6.6331472256434045	166.53921005578897	1073.0787776406455	
13303.6208	0.1264000000010128	Ripples						0.1264000000010128	13303.727200000001	12.251492476344755	166.74963561472455	1473.0834497168655	
13319.3176	0.03920000000107393	Ripples						0.03920000000107393	13319.3464	8.157034735889656	167.0278235278647	1161.6203663705048	
13371.052800000001	0.032799999999042484	Ripples						0.032799999999042484	13371.067200000001	22.256037270135174	167.42786521006838	1839.1303361423015	
13377.7464	0.12160000000039872	Ripples						0.12160000000039872	13377.8384	12.905352026679795	166.7232664599144	1394.2329449557017	
13378.6792	0.026400000000649015	Ripples						0.026400000000649015	13378.6872	8.171066017877372	165.55482719892626	898.7103018483232	
13378.785600000001	0.039999999999054126	Ripples						0.039999999999054126	13378.797600000002	10.267735822543976	153.14712990693909	1100.9110643970723	
13379.28	0.0272000000004482	Ripples						0.0272000000004482	13379.2968	24.491716982502062	166.91448266253784	1815.1339645243108	
13379.4312	0.035200000000259024	Ripples						0.035200000000259024	13379.4464	22.25673628768922	156.83557434379608	1693.269620660258	
13390.6568	0.028800000000046566	Ripples						0.028800000000046566	13390.676000000001	7.863010581398157	173.62917004989416	1023.0967416355021	
13393.852	0.0408000000006723	Ripples						0.0408000000006723	13393.8624	13.684895793936402	162.69157999256305	1352.3234537047283	
13396.7304	0.04399999999986903	Ripples						0.04399999999986903	13396.7504	24.806064688580967	161.47149057596806	2037.9615812795096	
13397.192000000001	0.05199999999967986	Ripples						0.05199999999967986	13397.224	24.884735455333466	162.66807768686317	1966.0511760312406	
13397.3104	0.04560000000128639	Ripples						0.04560000000128639	13397.328000000001	24.162178481306086	162.07260706875883	1991.155675877551	
13399.5184	0.056000000000494765	Ripples						0.056000000000494765	13399.5352	14.426155756129567	174.84647210327967	1523.312479265843	
13401.196	0.026400000000649015	Ripples						0.026400000000649015	13401.208	8.84894077610008	156.00826119554475	1093.0353225240895	
13404.2792	0.030399999999644933	Ripples						0.030399999999644933	13404.296	11.696757559696144	162.86105313521466	1390.6459683871565	
13407.429600000001	0.035200000000259024	Ripples						0.035200000000259024	13407.4544	11.306278979532628	166.991683037428	1220.5528706913358	
13413.18	0.04160000000047148	Ripples						0.04160000000047148	13413.192000000001	9.368440573664401	150.19703011943173	976.7080087375463	
13413.241600000001	0.03600000000005821	Ripples						0.03600000000005821	13413.252	7.268003679733734	155.7997036370223	748.8745959189218	
13418.2648	0.037599999999656575	Ripples						0.037599999999656575	13418.2816	17.00631782679522	161.43650012307987	1588.8853939653507	
13439.7816	0.0632000000005064	Ripples						0.0632000000005064	13439.798400000001	9.797184993304878	157.11743748568003	1190.3307312376728	
13443.756000000001	0.03839999999945576	Ripples						0.03839999999945576	13443.768800000002	14.057646049837965	159.90351656494096	1518.6427879301348	
13447.445600000001	0.0319999999992433	Ripples						0.0319999999992433	13447.467200000001	5.011942217841803	167.58075832025563	828.5054559473515	
13447.896	0.022399999999834108	Ripples						0.022399999999834108	13447.9104	14.993520152691278	162.00258540121985	1248.105993225366	
13484.466400000001	0.031199999999444117	Ripples						0.031199999999444117	13484.4768	5.316772990401306	176.49216138332463	844.0492390697913	
13484.9496	0.025600000000849832	Ripples						0.025600000000849832	13484.957600000002	5.400614330768791	170.44755809001862	871.0354168263893	
13487.512	0.021600000000034925	Ripples						0.021600000000034925	13487.5256	5.5531473707761	152.63665422255207	779.9712717056724	
13488.0936	0.028000000000247383	Ripples						0.028000000000247383	13488.108	10.84446726500683	156.6906027263348	1217.829839240203	
13488.400800000001	0.05439999999907741	Ripples						0.05439999999907741	13488.415200000001	16.511017103099956	162.39118247744076	1555.6455832939455	
13489.428800000002	0.04320000000006985	Ripples						0.04320000000006985	13489.458400000001	9.949905735494701	157.51291718552187	1123.9386937807533	
13512.4832	0.028800000000046566	Ripples						0.028800000000046566	13512.495200000001	10.365151882717555	159.93618896643815	1209.3759675993008	
13513.7288	0.04399999999986903	Ripples						0.04399999999986903	13513.7456	13.407268715576068	167.65679438587142	1526.5965173626505	
13516.139200000001	0.04320000000006985	Ripples						0.04320000000006985	13516.155200000001	6.1614275195743335	176.31134683629386	850.522597547364	
13523.9696	0.02080000000023574	Ripples						0.02080000000023574	13523.980800000001	7.056336582085166	163.02980164466325	1024.4291306718828	
13524.022400000002	0.03439999999864085	Ripples						0.03439999999864085	13524.0424	18.988197776932548	157.8559364968524	1759.6096555268944	
13526.1808	0.04640000000108557	Ripples						0.04640000000108557	13526.216	6.014738476871472	156.24988617816268	868.0854113901405	
13526.7736	0.03440000000045984	Ripples						0.03440000000045984	13526.784000000001	13.739172719242665	172.76590780620975	1298.8067275234243	
13528.913600000002	0.04959999999846332	Ripples						0.04959999999846332	13528.9464	7.924780167954631	167.72128857311637	1167.3372904559858	
13534.3896	0.03200000000106229	Ripples						0.03200000000106229	13534.4032	13.999986769761419	175.94233986319531	1298.4690960951893	
13536.2608	0.0544000000008964	Ripples						0.0544000000008964	13536.2952	7.710231307980638	149.71220100645522	1050.5426489578085	
13537.690400000001	0.021600000000034925	Ripples						0.021600000000034925	13537.704000000002	6.7257681168617705	174.90030559504075	860.8692802953183	
13540.153600000001	0.023999999999432475	Ripples						0.023999999999432475	13540.164	6.591857309387686	166.12572884988302	1044.1377478671673	
13542.9048	0.06880000000091968	Ripples						0.06880000000091968	13542.945600000001	11.589736410992694	158.09403336363354	1264.9239740868898	
13544.169600000001	0.0272000000004482	Ripples						0.0272000000004482	13544.1776	7.057110997820161	166.80701298349416	934.8961352863087	
13545.348	0.031200000001263106	Ripples						0.031200000001263106	13545.365600000001	23.987672755474133	159.74124305742475	1869.4972074253676	
13546.5552	0.07120000000031723	Ripples						0.07120000000031723	13546.595200000002	15.977750170393394	163.5134777571021	1545.2621318930253	
13550.988800000001	0.05680000000029395	Ripples						0.05680000000029395	13551.02	10.847325103067254	153.10724506655941	1175.1173584938556	
13551.372000000001	0.039999999999054126	Ripples						0.039999999999054126	13551.3952	15.5707837005902	169.17508166511593	1556.2299189399098	
13584.9176	0.03280000000086147	Ripples						0.03280000000086147	13584.936800000001	10.354538812884455	165.61143250285537	1262.9290455685277	
13585.815200000001	0.05760000000009313	Ripples						0.05760000000009313	13585.834400000002	6.337579664329362	171.75756036067185	954.0310337110628	
13586.176800000001	0.02080000000023574	Ripples						0.02080000000023574	13586.190400000001	10.92055506552432	163.36909032830894	1050.9781228610839	
13601.938400000001	0.0768000000007305	Ripples						0.0768000000007305	13601.9824	21.83771740618921	157.33969007004413	1840.332930935517	
13608.78	0.06719999999950232	Ripples						0.06719999999950232	13608.8256	8.900696085142421	166.48773221103787	1138.0646314803698	
13611.2456	0.04160000000047148	Ripples						0.04160000000047148	13611.2672	9.399016984734455	167.17815920800803	1233.708584154871	
13611.3088	0.03600000000005821	Ripples						0.03600000000005821	13611.328800000001	13.698075276423182	162.19934854372383	1536.8366970798595	
13612.04	0.07200000000011642	Ripples						0.07200000000011642	13612.0872	27.75379653455339	155.95799361130227	2068.89643599822	
13612.348800000002	0.03679999999985739	Ripples						0.03679999999985739	13612.363200000002	15.85303293335899	161.52780758498062	1663.3562748152735	
13612.872000000001	0.031199999999444117	Ripples						0.031199999999444117	13612.885600000001	17.842939893595194	172.37754381315878	1444.4264640746862	
13612.986400000002	0.037599999999656575	Ripples						0.037599999999656575	13613.0064	11.887101103457319	154.9122309444208	1249.7876051467933	
13614.174400000002	0.0319999999992433	Ripples						0.0319999999992433	13614.192000000001	12.779620008425708	156.1828942212719	1248.0018613120785	
13614.348800000002	0.032799999999042484	Ripples						0.032799999999042484	13614.364000000001	5.382365382920788	158.88955029894137	916.9701796677841	
13616.972000000002	0.03679999999985739	Ripples						0.03679999999985739	13616.9896	12.468934557467152	163.19469668529686	1473.947898780989	
13622.2456	0.04399999999986903	Ripples						0.04399999999986903	13622.2792	17.337716168482252	166.10248204609073	1557.7305078293389	
13623.067200000001	0.028000000000247383	Ripples						0.028000000000247383	13623.075200000001	6.162662787806311	160.9021977176702	916.7205573636701	
13624.031200000001	0.07120000000031723	Ripples						0.07120000000031723	13624.0712	7.581219720160723	155.53477181965258	1185.2413549219461	
13624.3112	0.03360000000066066	Ripples						0.03360000000066066	13624.3256	9.53184185603993	160.2163749470704	1280.2730334541452	
13625.6288	0.040000000000873115	Ripples						0.040000000000873115	13625.6432	7.624684829919659	151.4585527562927	998.1097751197683	
13626.2104	0.04400000000168802	Ripples						0.04400000000168802	13626.2392	8.514913211838156	151.06403782589388	987.5207138485948	
13627.2456	0.021600000000034925	Ripples						0.021600000000034925	13627.26	12.676144880863728	163.76063929726763	1109.5751234361644	
13630.232	0.06640000000152213	Ripples						0.06640000000152213	13630.2888	10.922202720259607	160.3571816387941	1319.7688041373199	
13636.400800000001	0.028000000000247383	Ripples						0.028000000000247383	13636.4176	7.539157033158127	157.1648250728314	1010.9254134437075	
13642.848800000002	0.03600000000005821	Ripples						0.03600000000005821	13642.876	5.258995670967475	165.88009791240174	916.0973974547298	
13643.5856	0.037599999999656575	Ripples						0.037599999999656575	13643.5992	10.696554303514162	179.27742892888546	1152.1521193726485	
13646.528	0.05040000000008149	Ripples						0.05040000000008149	13646.5648	6.305153507212037	148.26397969343776	781.7776762697453	
13646.7152	0.028000000000247383	Ripples						0.028000000000247383	13646.7296	9.091729335316169	159.62925863749885	1245.8262292973473	
13653.5432	0.056000000000494765	Ripples						0.056000000000494765	13653.5648	24.916150334794466	161.2093959644317	1886.5590588182115	
13658.761600000002	0.05519999999887659	Ripples						0.05519999999887659	13658.7736	7.940040033746691	159.79451330804739	707.7833605495533	
13658.8464	0.047200000000884756	Ripples						0.047200000000884756	13658.865600000001	29.38722270002901	159.78135411410358	2217.921700036687	
13662.7176	0.03280000000086147	Ripples						0.03280000000086147	13662.7376	10.58586073600767	160.3752907929677	1334.8085916956352	
13665.835200000001	0.06159999999908905	Ripples						0.06159999999908905	13665.885600000001	12.524222702045105	159.5740883328952	1197.3692485053525	
13667.5496	0.023199999999633292	Ripples						0.023199999999633292	13667.560000000001	7.371423614428749	163.66241678953025	1021.553291934692	
13668.052000000001	0.05040000000008149	Ripples						0.05040000000008149	13668.066400000002	17.99788056941884	166.71369689501287	1573.2944455542247	
13672.460000000001	0.05680000000029395	Ripples						0.05680000000029395	13672.487200000001	12.194199712120353	155.79271558866074	1302.9942524613862	
13674.444000000001	0.05199999999967986	Ripples						0.05199999999967986	13674.4632	22.002284955672646	169.4535886316891	1927.0451436830922	
13677.285600000001	0.0319999999992433	Ripples						0.0319999999992433	13677.3008	10.198626127228504	160.40157416279553	1360.0247308786165	
13679.798400000001	0.032799999999042484	Ripples						0.032799999999042484	13679.816	11.469605409953843	171.40794635928822	1361.6400919046132	
13685.140000000001	0.025599999999030842	Ripples						0.025599999999030842	13685.156	9.636001481893988	166.70692191950147	1175.150763593201	
13686.588000000002	0.025599999999030842	Ripples						0.025599999999030842	13686.604000000001	6.565670174927319	167.97693856657256	1044.551177458659	
13689.443200000002	0.042399999998451676	Ripples						0.042399999998451676	13689.460000000001	12.015777191741382	157.10559304386194	1398.3612933483769	
13690.4688	0.0591999999996915	Ripples						0.0591999999996915	13690.504	16.737218769576266	155.67086682217712	1571.9119122644547	
13693.588800000001	0.025599999999030842	Ripples						0.025599999999030842	13693.6	7.8267240666055775	155.45942147805275	911.3889605662926	
13696.6136	0.021600000000034925	Ripples						0.021600000000034925	13696.624800000001	5.014860193170586	157.69365576744957	882.8140677904224	
13697.1944	0.053600000001097214	Ripples						0.053600000001097214	13697.2368	13.64960727541718	153.99185943319648	1425.5098842165721	
13697.871200000001	0.04960000000028231	Ripples						0.04960000000028231	13697.901600000001	15.728709051372883	163.6249461686665	1390.873304649509	
13698.719200000001	0.02719999999862921	Ripples						0.02719999999862921	13698.741600000001	6.343977498010314	152.5808834230725	717.5940912290583	
13699.3768	0.022400000001653098	Ripples						0.022400000001653098	13699.392000000002	8.773821029189836	162.1507206919715	973.2845384998033	
13699.596800000001	0.04320000000006985	Ripples						0.04320000000006985	13699.6128	23.092919563409133	172.1917466964881	1529.528482277687	
13700.7888	0.06720000000132131	Ripples						0.06720000000132131	13700.8312	14.404540166419244	154.18115520606645	1594.393723561657	
13701.152	0.07360000000153377	Ripples						0.07360000000153377	13701.164	17.233818030784953	160.88921102009465	1562.2248946776176	
13701.3248	0.024000000001251465	Ripples						0.024000000001251465	13701.3384	12.28692390612631	169.78071585817185	1252.3034311447643	
13702.4408	0.025600000000849832	Ripples						0.025600000000849832	13702.452800000001	15.465325171416765	159.43452839526591	1475.9353544354144	
13711.0912	0.044799999999668216	Ripples						0.044799999999668216	13711.1232	21.01580528638208	156.61443104079947	1687.0338544262047	
13711.189600000002	0.02959999999984575	Ripples						0.02959999999984575	13711.2032	15.063790618912932	172.08657800348752	1429.3942241377695	
13714.740000000002	0.04079999999885331	Ripples						0.04079999999885331	13714.7648	6.555332891867328	161.33976319630986	1042.1767799240902	
13719.740800000001	0.02719999999862921	Ripples						0.02719999999862921	13719.754400000002	11.979291399181282	163.18172332823158	1252.7767885444111	
13719.820800000001	0.06559999999990396	Ripples						0.06559999999990396	13719.8592	20.418670448104375	164.8175897643074	1837.8049466413315	
13723.000800000002	0.023999999999432475	Ripples						0.023999999999432475	13723.0112	11.49397397511154	163.59828482613057	1238.4551393720449	
13724.704800000001	0.05199999999967986	Ripples						0.05199999999967986	13724.7216	17.97070229223528	158.41567146293528	1499.3822785159512	
13726.713600000001	0.042400000000270666	Ripples						0.042400000000270666	13726.742400000001	12.13984263752558	150.5068962216845	1169.8561474295057	
13727.967200000001	0.039999999999054126	Ripples						0.039999999999054126	13727.984	23.135662571806847	166.60736149954596	1945.7078894805563	
13736.420800000002	0.03359999999884167	Ripples						0.03359999999884167	13736.438400000001	24.742746378749974	167.11251924467157	1940.159776405852	
13738.553600000001	0.08480000000054133	Ripples						0.08480000000054133	13738.5704	14.615104061484399	160.04611491735102	1483.1054589698613	
13743.5112	0.042400000000270666	Ripples						0.042400000000270666	13743.528	23.32628597549022	165.86969514001578	1893.6983076273082	
13743.604800000001	0.030399999999644933	Ripples						0.030399999999644933	13743.6152	11.197077396367852	156.7502403348425	1195.4682385622996	
13744.7824	0.02080000000023574	Ripples						0.02080000000023574	13744.796	5.948672719184127	173.02836686683347	859.93322569388	
13745.6088	0.03600000000005821	Ripples						0.03600000000005821	13745.6232	15.235598639534912	157.83160691736174	1453.5219003042846	
13747.688	0.07040000000051805	Ripples						0.07040000000051805	13747.696800000002	9.163902006184966	161.63376130021098	1053.9423584905226	
13749.979200000002	0.021600000000034925	Ripples						0.021600000000034925	13749.993600000002	8.309495788442426	164.5480340794871	1053.5694457454165	
13751.7448	0.035200000000259024	Ripples						0.035200000000259024	13751.762400000001	7.967626496561204	152.03455518600103	982.9496353485393	
13754.8312	0.04800000000068394	Ripples						0.04800000000068394	13754.851200000001	8.895156565042917	156.59512607915312	1192.7234971508133	
13755.003200000001	0.030399999999644933	Ripples						0.030399999999644933	13755.017600000001	6.813069766058131	160.4451294031363	1117.6879672369773	
13755.428000000002	0.05439999999907741	Ripples						0.05439999999907741	13755.442400000002	21.50065742409924	169.78622887910026	1793.3500823557058	
13759.697600000001	0.0319999999992433	Ripples						0.0319999999992433	13759.7176	17.055977226418616	174.93521767270704	1423.3108167504993	
13764.8896	0.051199999999880674	Ripples						0.051199999999880674	13764.9192	11.41389501262267	170.87053346082797	1409.6992840864668	
13772.8552	0.03280000000086147	Ripples						0.03280000000086147	13772.8768	10.001963734707935	149.5839243087234	904.1508886972209	
13780.6072	0.07200000000011642	Ripples						0.07200000000011642	13780.632000000001	19.921879110380956	162.64173335967212	1845.5761856386455	
13793.6344	0.03440000000045984	Ripples						0.03440000000045984	13793.655200000001	7.619890983201284	154.33730721917638	1064.9647132087352	
13794.4056	0.035200000000259024	Ripples						0.035200000000259024	13794.430400000001	6.80480570178484	153.07209082549772	978.0666522983014	
13795.008000000002	0.03679999999985739	Ripples						0.03679999999985739	13795.016800000001	7.535479245486454	158.13426225886255	1046.3491486681037	
13798.640800000001	0.03679999999985739	Ripples						0.03679999999985739	13798.6576	21.15609263973562	163.5702929826061	1778.418304695155	
13799.5112	0.03360000000066066	Ripples						0.03360000000066066	13799.532000000001	9.215458999584952	153.3632947105702	1106.9088818859543	
13804.726400000001	0.053599999999278225	Ripples						0.053599999999278225	13804.756000000001	16.260886439905185	152.12423476941302	1589.5560270364351	
13806.394400000001	0.032799999999042484	Ripples						0.032799999999042484	13806.413600000002	8.428206410911084	168.25477018132398	1118.511592123591	
13810.263200000001	0.02479999999923166	Ripples						0.02479999999923166	13810.2744	7.000602012462195	158.27211390807594	897.2108606248603	
13810.3968	0.031200000001263106	Ripples						0.031200000001263106	13810.4112	20.560262162107698	162.80726261627623	1777.4131698135718	
13811.681600000002	0.028799999998227577	Ripples						0.028799999998227577	13811.6952	23.47665999261478	169.69366929213783	1751.8747970610716	
13812.045600000001	0.05040000000008149	Ripples						0.05040000000008149	13812.0568	7.056467092374021	161.436640010038	742.1376189369939	
13812.153600000001	0.055999999998675776	Ripples						0.055999999998675776	13812.1784	20.39031839054045	149.48818603169934	1674.5286120502003	
13812.639200000001	0.06480000000010477	Ripples						0.06480000000010477	13812.660800000001	11.009729511462565	150.43493762929737	1089.6757837437742	
13813.335200000001	0.11359999999876891	Ripples						0.11359999999876891	13813.437600000001	25.278602235876996	161.32975155156444	1873.0396292639452	
13815.5488	0.11679999999978463	Ripples						0.11679999999978463	13815.640800000001	27.829434054092033	161.83646861939158	2182.140710516974	
13815.829600000001	0.039999999999054126	Ripples						0.039999999999054126	13815.8464	21.058112065863764	160.6791651013938	1879.4605766770223	
13816.788	0.14240000000063446	Ripples						0.14240000000063446	13816.9096	21.542007021517552	162.23614159292416	1795.8821440507654	
13817.0552	0.03839999999945576	Ripples						0.03839999999945576	13817.0696	8.75351575623205	151.78466205039405	1052.826895350302	
13817.156	0.03919999999925494	Ripples						0.03919999999925494	13817.1736	18.739915977363843	167.48280965013498	1722.4131495801237	
13819.504	0.04960000000028231	Ripples						0.04960000000028231	13819.528	28.77175589034489	162.51049234195443	2250.099597696069	
13819.573600000002	0.030399999999644933	Ripples						0.030399999999644933	13819.5872	5.9901714475539585	157.98144715543074	973.0199332444473	
13820.3024	0.02480000000105065	Ripples						0.02480000000105065	13820.3176	7.442356136255641	155.90817531941278	748.2874449934734	
13820.3544	0.04320000000006985	Ripples						0.04320000000006985	13820.3832	21.00220637025486	150.28985169361994	1565.237698734314	
13825.8104	0.030399999999644933	Ripples						0.030399999999644933	13825.8304	8.207737134741146	161.57975492921128	1121.4839473580319	
13828.2016	0.021600000000034925	Ripples						0.021600000000034925	13828.2104	7.027660347097412	159.7694550174336	975.1626397059333	
13829.5328	0.02959999999984575	Ripples						0.02959999999984575	13829.551200000002	7.245010444462824	149.40909525817656	820.2931561832802	
13830.104000000001	0.05040000000008149	Ripples						0.05040000000008149	13830.1368	16.26881665466245	152.2398132651189	1393.5774795653324	
13831.081600000001	0.0455999999994674	Ripples						0.0455999999994674	13831.116800000002	18.552691069875387	156.96474893197538	1539.3167621719062	
13832.2104	0.03200000000106229	Ripples						0.03200000000106229	13832.220800000001	8.363048618789795	158.89516912263989	858.947304085414	
13834.300000000001	0.06079999999928987	Ripples						0.06079999999928987	13834.34	17.537995332659307	157.0520980477026	1481.8889060629929	
13834.522400000002	0.04799999999886495	Ripples						0.04799999999886495	13834.536800000002	10.281460879836763	154.1209882613041	1288.4946847152446	
13836.4896	0.02479999999923166	Ripples						0.02479999999923166	13836.4976	8.539188750945387	158.51245637741678	1042.4185638858953	
13836.565600000002	0.048799999998664134	Ripples						0.048799999998664134	13836.581600000001	18.341779711757283	171.53296917011593	1735.8629674297931	
13853.580800000002	0.037599999999656575	Ripples						0.037599999999656575	13853.608	9.426841639599033	158.14744072200318	1096.8627202565424	
13889.5704	0.0272000000004482	Ripples						0.0272000000004482	13889.584	8.310706399484111	163.1718912202255	1190.1347170495867	
13894.744	0.04320000000006985	Ripples						0.04320000000006985	13894.7608	9.312407544111112	161.76842260159114	1255.0281873350261	
13896.6872	0.03920000000107393	Ripples						0.03920000000107393	13896.698400000001	6.230366898345557	153.90152191787942	934.4851499041182	
13898.7152	0.03679999999985739	Ripples						0.03679999999985739	13898.742400000001	6.242680522516425	173.8635855736671	935.5125473190817	
13902.575200000001	0.04719999999906577	Ripples						0.04719999999906577	13902.604800000001	6.759780277703754	159.66510119650684	1023.0762907312351	
13962.9856	0.030400000001463923	Ripples						0.030400000001463923	13962.9968	9.501331063532358	163.30822301153484	1199.7751135779472	
13965.7464	0.03360000000066066	Ripples						0.03360000000066066	13965.7608	10.95733216800835	159.86427558564574	1272.9960992025196	
13968.612000000001	0.07840000000032887	Ripples						0.07840000000032887	13968.636	11.984105619654244	167.5976268345992	1132.0553610009172	
13969.841600000002	0.09039999999913562	Ripples						0.09039999999913562	13969.9096	9.630018168075795	170.27811830739466	1288.1296575878034	
13982.712800000001	0.04079999999885331	Ripples						0.04079999999885331	13982.7296	19.487803193791063	160.108376471688	1778.277845200664	
13984.783200000002	0.03439999999864085	Ripples						0.03439999999864085	13984.807200000001	14.416627203854446	154.05578351160676	1244.9759521725575	
13984.923200000001	0.022399999999834108	Ripples						0.022399999999834108	13984.9336	10.727404322687416	170.39121570872123	1065.5181921553663	
13986.7752	0.024000000001251465	Ripples						0.024000000001251465	13986.7888	11.511706214255456	162.6874030238092	1261.3467854544144	
13988.313600000001	0.022399999999834108	Ripples						0.022399999999834108	13988.328000000001	11.603620535747924	162.23034638196188	1094.4098179904822	
13988.438400000001	0.12319999999999709	Ripples						0.12319999999999709	13988.4688	29.577429918576907	160.1988388662233	2124.6920505369358	
13989.604800000001	0.02959999999984575	Ripples						0.02959999999984575	13989.618400000001	7.452813556487816	159.43965881893575	1139.164581405483	
13990.7448	0.05040000000008149	Ripples						0.05040000000008149	13990.7608	20.964356133185372	174.84847738253532	1651.0772811757677	
13990.815200000001	0.02479999999923166	Ripples						0.02479999999923166	13990.828800000001	9.605848694828797	158.33441678001776	1110.5147181492061	
13993.9968	0.040000000000873115	Ripples						0.040000000000873115	13994.0128	12.49762467951963	173.41676476625972	1351.9886358147821	
13994.655200000001	0.05279999999947904	Ripples						0.05279999999947904	13994.688800000002	13.097536554808888	161.19875214386158	1410.5942036319311	
13995.2952	0.04160000000047148	Ripples						0.04160000000047148	13995.322400000001	11.567720743611298	152.62559259185733	1173.2527243244926	
13995.706400000001	0.035200000000259024	Ripples						0.035200000000259024	13995.724	5.8628325606706575	151.48169042972955	860.156494836052	
13998.9552	0.03679999999985739	Ripples						0.03679999999985739	13998.9768	11.431731352846525	181.53757750887755	1160.2502013417386	
14000.5416	0.04160000000047148	Ripples						0.04160000000047148	14000.5552	12.64610371349738	159.51679934303823	1316.0171575714378	
14083.884	0.060800000001108856	Ripples						0.060800000001108856	14083.892800000001	11.23749638021276	158.20434154871143	1159.376305476286	
14086.986400000002	0.037599999999656575	Ripples						0.037599999999656575	14087.0	11.49608121601025	155.45558858432938	1265.117877210238	
14087.732	0.03280000000086147	Ripples						0.03280000000086147	14087.7464	15.197688036599184	168.72721067995346	1565.7870413146336	
14088.408000000001	0.09199999999873398	Ripples						0.09199999999873398	14088.429600000001	14.008385611930942	167.63670587756042	1532.432662282499	
14089.457600000002	0.03839999999945576	Ripples						0.03839999999945576	14089.4712	12.279721605898791	160.5442145805622	1358.2629510942986	
14091.843200000001	0.12639999999919382	Ripples						0.12639999999919382	14091.863200000002	24.049064609643356	160.3809642776861	1953.9688048586331	
14092.8096	0.06400000000030559	Ripples						0.06400000000030559	14092.84	33.3671265759688	155.86696647435386	2184.5231169765375	
14093.619200000001	0.021600000000034925	Ripples						0.021600000000034925	14093.6304	7.031673923894402	163.27511649074225	1015.9972212233166	
14094.5696	0.04320000000006985	Ripples						0.04320000000006985	14094.5944	13.84712836547626	171.1880208917081	1533.7243138402876	
14096.404	0.03360000000066066	Ripples						0.03360000000066066	14096.421600000001	7.115863741211061	158.02438318397674	1011.344821759441	
14096.697600000001	0.048799999998664134	Ripples						0.048799999998664134	14096.7288	17.399507940348435	160.47185800258057	1486.8155068692513	
14097.1088	0.06000000000130967	Ripples						0.06000000000130967	14097.12	13.386198416098392	154.75632553997482	1277.863402203523	
14098.7736	0.10480000000097789	Ripples						0.10480000000097789	14098.812800000002	15.798469552670076	150.2371502548668	1446.7061566819789	
14100.2288	0.04960000000028231	Ripples						0.04960000000028231	14100.256000000001	19.786299441525383	158.88411323564807	1772.9922367310025	
14101.2584	0.07359999999971478	Ripples						0.07359999999971478	14101.3088	12.9766069411266	153.87014795974068	1424.8506727597478	
14102.703200000002	0.04079999999885331	Ripples						0.04079999999885331	14102.7176	31.92649384564631	162.9198012109261	2221.2855669540213	
14103.826400000002	0.0591999999996915	Ripples						0.0591999999996915	14103.8448	18.55380967732934	167.32981075196156	1514.6417783962565	
14105.269600000001	0.04320000000006985	Ripples						0.04320000000006985	14105.2952	6.732246763165544	147.53994831219836	717.4784762180919	
14105.9992	0.037600000001475564	Ripples						0.037600000001475564	14106.0208	18.22969788524798	154.38063308196192	1628.5874462278607	
14110.3096	0.047200000000884756	Ripples						0.047200000000884756	14110.321600000001	20.524732583115238	162.48626799698187	1563.2374477206329	
14110.4048	0.024000000001251465	Ripples						0.024000000001251465	14110.415200000001	12.923374389965968	168.07087775417992	1311.3067995931337	
14110.7248	0.04960000000028231	Ripples						0.04960000000028231	14110.7528	21.378540383365458	159.08592601941956	1894.5834010258736	
14111.804800000002	0.08159999999952561	Ripples						0.08159999999952561	14111.8392	17.384740526769605	147.69213531748832	1478.8590948205388	
14119.5704	0.06240000000070722	Ripples						0.06240000000070722	14119.611200000001	12.133324487522664	152.37902969225763	1239.268286101783	
14119.7024	0.05920000000151049	Ripples						0.05920000000151049	14119.733600000001	21.571941501284588	154.37128659507044	1900.2010989296762	
14121.957600000002	0.03919999999925494	Ripples						0.03919999999925494	14121.9832	12.790836443742938	167.0442429216963	1481.7008916768864	
14122.396	0.044799999999668216	Ripples						0.044799999999668216	14122.420800000002	28.833381701337363	154.52347231335895	1891.8957989860198	
14122.4608	0.04960000000028231	Ripples						0.04960000000028231	14122.4824	26.971608506128057	157.00003193660436	2046.170196643686	
14123.3328	0.02959999999984575	Ripples						0.02959999999984575	14123.3448	16.804916692307742	160.9080903863013	1441.0898104317823	
14123.508800000001	0.03679999999985739	Ripples						0.03679999999985739	14123.530400000001	15.185371126054658	168.94093887459115	1561.2116733362284	
14123.5784	0.07840000000032887	Ripples						0.07840000000032887	14123.596800000001	13.501207698234015	146.8258237233973	1265.7749620127177	
14124.631200000002	0.04320000000006985	Ripples						0.04320000000006985	14124.6496	6.5354595267258215	145.7556629249297	782.6818862116767	
14125.3768	0.058400000001711305	Ripples						0.058400000001711305	14125.4048	5.237986403200496	147.88385122737438	460.19656958498103	
14129.856000000002	0.027999999998428393	Ripples						0.027999999998428393	14129.8672	16.574561915183097	164.08639322291108	1520.0322560193588	
14131.3088	0.042400000000270666	Ripples						0.042400000000270666	14131.328000000001	15.069662690085543	164.96335697726306	1447.315821787542	
14133.424	0.11280000000078871	Ripples						0.11280000000078871	14133.474400000001	17.49997386485175	161.4899317532264	1840.983107845262	
14134.2896	0.028000000000247383	Ripples						0.028000000000247383	14134.297600000002	8.076133982329003	174.07133381323317	960.2264421805853	
14135.065600000002	0.023999999999432475	Ripples						0.023999999999432475	14135.0768	9.551135201700243	163.49659330711222	1147.2509121261874	
14135.3184	0.0408000000006723	Ripples						0.0408000000006723	14135.332	19.113635075826256	160.0616429255461	1744.1439852822664	
14137.576000000001	0.044799999999668216	Ripples						0.044799999999668216	14137.6072	12.636789023827893	154.7079739371371	1400.7169247536	
14137.7144	0.03679999999985739	Ripples						0.03679999999985739	14137.732800000002	21.750177453058203	168.81498594885156	1880.4986216390587	
14140.604000000001	0.037599999999656575	Ripples						0.037599999999656575	14140.6224	12.248083554350309	174.04458039885722	1267.2295495553344	
14141.480800000001	0.0319999999992433	Ripples						0.0319999999992433	14141.494400000001	16.369364602126435	161.63131930006764	1413.3871488751004	
14142.8088	0.09200000000055297	Ripples						0.09200000000055297	14142.884	16.774448682478777	162.33299524513902	1580.660566888914	
14143.8624	0.024000000001251465	Ripples						0.024000000001251465	14143.8768	7.918068899268355	165.72286404189765	1040.6203083289734	
14144.449600000002	0.14399999999841384	Ripples						0.14399999999841384	14144.464	22.499402815055213	158.83866257777902	1633.5010973703274	
14145.053600000001	0.056000000000494765	Ripples						0.056000000000494765	14145.0712	25.450632957607134	156.58271319602702	1933.1715287290665	
14146.336000000001	0.14480000000003201	Ripples						0.14480000000003201	14146.458400000001	24.05859416520466	165.50536520861814	1990.1597225697465	
14147.5872	0.040000000000873115	Ripples						0.040000000000873115	14147.6016	15.161594182678762	157.2384673190394	1215.8184844241323	
14149.3248	0.05280000000129803	Ripples						0.05280000000129803	14149.357600000001	28.120515845432006	153.07825974771106	2051.9706734288466	
14150.010400000001	0.07920000000012806	Ripples						0.07920000000012806	14150.0784	10.354445077082731	151.39377212502487	1085.3331890386357	
14151.858400000001	0.028800000000046566	Ripples						0.028800000000046566	14151.871200000001	6.614899671450873	163.37497929132527	1057.0225994172147	
14154.341600000002	0.042399999998451676	Ripples						0.042399999998451676	14154.3736	15.64516375060943	166.98874244681534	1529.7503919753972	
14155.501600000001	0.0319999999992433	Ripples						0.0319999999992433	14155.516000000001	7.499804971779815	155.76589231075872	1053.3061114028076	
14157.42	0.03840000000127475	Ripples						0.03840000000127475	14157.430400000001	12.84877273629152	160.77684103095035	1292.0941607119855	
14157.530400000001	0.03679999999985739	Ripples						0.03679999999985739	14157.5504	20.64332483024171	161.42612866411153	1837.1796072502805	
14158.696000000002	0.05439999999907741	Ripples						0.05439999999907741	14158.736	10.650394956146933	160.12450145442494	1163.3349502228912	
14161.249600000001	0.048800000000483124	Ripples						0.048800000000483124	14161.283200000002	14.837600673198699	150.62647253429563	1367.4844972128287	
14161.3376	0.03679999999985739	Ripples						0.03679999999985739	14161.357600000001	27.15852864691955	164.42525131411875	2031.8241917844177	
14162.4048	0.0272000000004482	Ripples						0.0272000000004482	14162.416000000001	14.580205571004688	169.888649855857	1390.9460769488458	
14163.147200000001	0.03440000000045984	Ripples						0.03440000000045984	14163.161600000001	14.523345709668618	161.2553014890766	1433.5689866914317	
14164.109600000002	0.10319999999956053	Ripples						0.10319999999956053	14164.156	7.867772161154118	141.33050594230468	639.041736900799	
14165.1944	0.07920000000012806	Ripples						0.07920000000012806	14165.240800000001	16.82716194888291	155.19266019866365	1594.2911221597135	
14167.553600000001	0.08239999999932479	Ripples						0.08239999999932479	14167.596800000001	14.494625049494903	160.27087027394094	1369.173303235696	
14167.6936	0.03280000000086147	Ripples						0.03280000000086147	14167.718400000002	5.7581337820068565	152.96431340280878	860.4857854071455	
14168.0424	0.028800000000046566	Ripples						0.028800000000046566	14168.0568	16.27041531899081	159.61798134002365	1360.3919223339374	
14169.952800000001	0.037599999999656575	Ripples						0.037599999999656575	14169.964	6.288451769027622	157.43927384156507	743.0577039719482	
14170.335200000001	0.06159999999908905	Ripples						0.06159999999908905	14170.3752	8.146194916997233	153.4489020086142	989.1554594405118	
14170.524800000001	0.08399999999892316	Ripples						0.08399999999892316	14170.5616	22.881926821102898	156.38191964160214	1811.9007618901487	
14170.815200000001	0.06159999999908905	Ripples						0.06159999999908905	14170.856000000002	9.55732372887215	153.20315268923866	903.6952668585598	
14173.350400000001	0.05760000000009313	Ripples						0.05760000000009313	14173.363200000002	8.266926739323445	175.39141702956002	899.9076209133134	
14173.479200000002	0.03919999999925494	Ripples						0.03919999999925494	14173.4904	18.75312396686263	158.76733893805104	1584.5414047001304	
14174.4416	0.04560000000128639	Ripples						0.04560000000128639	14174.4552	19.209166774783593	173.6119207836314	1524.0799586327873	
14174.531200000001	0.05439999999907741	Ripples						0.05439999999907741	14174.568800000001	22.846298338363635	160.80500555612383	1995.3935138824509	
14174.6656	0.037600000001475564	Ripples						0.037600000001475564	14174.683200000001	32.79974743492434	163.10983921840463	2354.8581348464163	
14174.776000000002	0.04159999999865249	Ripples						0.04159999999865249	14174.8016	16.332709116617323	157.62012951472764	1556.0620466823505	
14175.2024	0.031200000001263106	Ripples						0.031200000001263106	14175.210400000002	5.653950974883253	172.97452371659193	824.1263368029324	
14175.356000000002	0.02959999999984575	Ripples						0.02959999999984575	14175.372000000001	10.407568339006243	165.85902371055792	1263.4667323344765	
14177.0336	0.04320000000006985	Ripples						0.04320000000006985	14177.0552	14.140281682486389	168.16769657503673	1498.1260438293095	
14177.936000000002	0.028800000000046566	Ripples						0.028800000000046566	14177.950400000002	5.025049301756024	147.8156264124446	676.0428989736844	
14179.388	0.03280000000086147	Ripples						0.03280000000086147	14179.4096	8.761840069361325	155.94433563488857	1116.8817672767937	
14179.4832	0.047200000000884756	Ripples						0.047200000000884756	14179.5136	14.669601395526188	152.3783035770405	1422.0298780992996	
14180.648000000001	0.05680000000029395	Ripples						0.05680000000029395	14180.6592	10.902125962184579	165.70002263194317	1145.5606296622923	
14180.776800000001	0.04079999999885331	Ripples						0.04079999999885331	14180.792800000001	15.876108076871596	151.01208342644762	1058.1452833802161	
14210.1784	0.07920000000012806	Ripples						0.07920000000012806	14210.236	13.35703974413662	155.87423837280795	1526.2709490300563	
14211.0	776.0	SleepStates											Non-REM
14213.2576	0.03280000000086147	Ripples						0.03280000000086147	14213.268800000002	8.12385924113922	152.7109564428561	991.3100371779635	
14213.616800000002	0.12399999999979627	Ripples						0.12399999999979627	14213.672	18.598096108516696	161.31656549191348	1725.6748221332348	
14216.116800000002	0.026399999998830026	Ripples						0.026399999998830026	14216.124800000001	5.572799736225025	153.3904633517702	735.9381599912499	
14216.203200000002	0.035199999998440035	Ripples						0.035199999998440035	14216.228000000001	16.957191752445	157.15832801842888	1297.7896928969017	
14216.669600000001	0.05760000000009313	Ripples						0.05760000000009313	14216.7088	17.804846172130837	171.36522525283556	1621.3370461692675	
14217.2392	0.040000000000873115	Ripples						0.040000000000873115	14217.26	19.878646087528338	163.84496760236857	1831.8807256948544	
14218.285600000001	0.05519999999887659	Ripples						0.05519999999887659	14218.300000000001	22.54657620823465	164.35652290613976	1709.2069238022725	
14218.464800000002	0.062399999998888234	Ripples						0.062399999998888234	14218.476	6.1799696751730755	153.28154069606038	821.7027556161024	
14218.705600000001	0.06639999999970314	Ripples						0.06639999999970314	14218.7536	21.154521413738642	160.57737742393905	1944.9624276558354	
14219.326400000002	0.0319999999992433	Ripples						0.0319999999992433	14219.336800000001	16.576280431616123	161.86856257848302	1297.377437594706	
14219.656	0.08400000000074215	Ripples						0.08400000000074215	14219.7152	16.60962147014944	159.88516116860268	1181.4045810170503	
14221.1064	0.056000000000494765	Ripples						0.056000000000494765	14221.125600000001	9.466304272118391	148.86656248140758	647.9354707559235	
14223.807200000001	0.10720000000037544	Ripples						0.10720000000037544	14223.893600000001	16.14818514272101	149.79650652202525	1341.0736232216775	
14224.0424	0.040000000000873115	Ripples						0.040000000000873115	14224.0632	28.054387861423567	158.0052207088005	2060.1395527406385	
14224.3688	0.05200000000149885	Ripples						0.05200000000149885	14224.407200000001	19.242582193971355	161.8224093316165	1810.391206028142	
14226.4824	0.04160000000047148	Ripples						0.04160000000047148	14226.4984	8.107582092081149	173.4849260298959	1092.1264082088483	
14228.2576	0.0455999999994674	Ripples						0.0455999999994674	14228.2792	23.820680435250043	158.3754757329586	2041.5326155960865	
14228.712000000001	0.06079999999928987	Ripples						0.06079999999928987	14228.755200000001	14.26631749641917	152.32614501085337	1220.6278224236835	
14230.3912	0.05280000000129803	Ripples						0.05280000000129803	14230.4256	23.512796167683454	173.46643556796093	1846.1978776644437	
14230.5568	0.037599999999656575	Ripples						0.037599999999656575	14230.574400000001	19.074838826875386	157.17678698263816	1777.0813809533693	
14231.010400000001	0.039999999999054126	Ripples						0.039999999999054126	14231.029600000002	15.993318489147539	154.75223751521506	1259.7681683159879	
14231.103200000001	0.0455999999994674	Ripples						0.0455999999994674	14231.12	19.81654262170416	170.60379070951282	1847.3009532375813	
14231.473600000001	0.028000000000247383	Ripples						0.028000000000247383	14231.488000000001	22.005669955304867	160.7859540641104	1583.2586869219022	
14232.7384	0.051199999999880674	Ripples						0.051199999999880674	14232.749600000001	14.050049967119525	173.44012181209186	1239.4896368846983	
14232.8528	0.02959999999984575	Ripples						0.02959999999984575	14232.8696	21.943292225900837	170.7374331405649	1739.155203760539	
14233.480000000001	0.10559999999895808	Ripples						0.10559999999895808	14233.567200000001	17.300577868957397	168.79235131822261	1621.3588176654855	
14233.644	0.04560000000128639	Ripples						0.04560000000128639	14233.6792	6.983244162806602	158.5113891603587	1078.4331565189643	
14233.816	0.0319999999992433	Ripples						0.0319999999992433	14233.829600000001	21.180266230115407	172.02302282937782	1705.8059078576773	
14234.1856	0.05680000000029395	Ripples						0.05680000000029395	14234.210400000002	9.572524724550062	153.74749230682602	1138.1931625949005	
14235.424	0.037599999999656575	Ripples						0.037599999999656575	14235.436000000002	5.722800776903197	151.75757567384227	734.1071983160792	
14235.669600000001	0.02959999999984575	Ripples						0.02959999999984575	14235.6784	6.299978745490711	154.53379447865962	885.4590306671503	
14236.2288	0.048800000000483124	Ripples						0.048800000000483124	14236.249600000001	24.399437059867253	167.60761346644483	2019.6188002800895	
14236.307200000001	0.06879999999910069	Ripples						0.06879999999910069	14236.336800000001	22.373972563502026	169.56329632189107	1881.834433542233	
14236.4848	0.10640000000057626	Ripples						0.10640000000057626	14236.510400000001	15.76612751925119	155.38835204793327	1495.14920002325	
14237.2864	0.05439999999907741	Ripples						0.05439999999907741	14237.3104	22.489552603312827	167.59846115376806	1937.1066988122295	
14237.9544	0.10159999999996217	Ripples						0.10159999999996217	14238.0064	21.636115849786957	157.23394683181988	1653.6193653727748	
14238.136	0.03679999999985739	Ripples						0.03679999999985739	14238.1592	21.817550891858847	161.927031808659	1891.3441241669134	
14238.2248	0.06160000000090804	Ripples						0.06160000000090804	14238.269600000001	10.00945123554443	160.18522128773063	1261.343228352753	
14238.7808	0.0272000000004482	Ripples						0.0272000000004482	14238.7952	5.881199072371648	154.73731165995147	934.3308587459932	
14239.0856	0.03280000000086147	Ripples						0.03280000000086147	14239.111200000001	7.166676389739332	151.29451500963955	892.6559569028217	
14239.146400000001	0.030399999999644933	Ripples						0.030399999999644933	14239.168800000001	10.91412821553353	153.65051413334513	1140.0770424488203	
14239.7576	0.03600000000005821	Ripples						0.03600000000005821	14239.783200000002	6.788263906919452	148.51065709615702	847.916457401717	
14240.8016	0.02480000000105065	Ripples						0.02480000000105065	14240.814400000001	7.748512800843831	179.40600542429198	919.6371333735929	
14241.276800000001	0.04320000000006985	Ripples						0.04320000000006985	14241.304800000002	11.627435910686021	165.20868182875518	1226.9840132234128	
14241.618400000001	0.0911999999989348	Ripples						0.0911999999989348	14241.652	22.277742244388428	161.02318122451408	1420.0162763287271	
14242.532000000001	0.048800000000483124	Ripples						0.048800000000483124	14242.560800000001	16.157887711503054	154.22136649962525	1619.437306703223	
14243.551200000002	0.023999999999432475	Ripples						0.023999999999432475	14243.5648	5.645908853420155	162.92467816981295	1075.3521096596244	
14243.6064	0.0272000000004482	Ripples						0.0272000000004482	14243.6208	5.846844013198249	161.9032475034322	1078.7522338069475	
14243.7216	0.020000000000436557	Ripples						0.020000000000436557	14243.732	5.625840156362602	161.42883635660598	884.8579249046232	
14244.2456	0.056000000000494765	Ripples						0.056000000000494765	14244.2728	19.755994722440096	165.12688520188328	1927.3307905508052	
14244.7536	0.02480000000105065	Ripples						0.02480000000105065	14244.7648	9.113110992655614	157.9845444899846	1071.5430257505352	
14245.3984	0.047200000000884756	Ripples						0.047200000000884756	14245.4328	8.25232988844079	157.99153902317204	958.9367635774419	
14247.652	0.024000000001251465	Ripples						0.024000000001251465	14247.672	5.331748408389709	157.2881129148168	800.9323706829634	
14248.984	0.037599999999656575	Ripples						0.037599999999656575	14249.004	15.688322666670286	173.7096760133444	1388.3257801705372	
14249.076000000001	0.05040000000008149	Ripples						0.05040000000008149	14249.110400000001	15.348007259592542	168.4469103876301	1558.219817407921	
14249.387200000001	0.04960000000028231	Ripples						0.04960000000028231	14249.400000000001	24.825171094040822	169.39711172731222	1879.0621894838882	
14249.628	0.044799999999668216	Ripples						0.044799999999668216	14249.661600000001	6.981341516705524	148.5573622781317	888.5524949964439	
14250.1712	0.07920000000012806	Ripples						0.07920000000012806	14250.211200000002	9.589380692567557	167.46471643742086	1188.6766661011823	
14250.349600000001	0.03359999999884167	Ripples						0.03359999999884167	14250.376	5.830273726531897	161.5812060479611	737.3113551928875	
14251.9192	0.060800000001108856	Ripples						0.060800000001108856	14251.957600000002	15.863616345407468	151.51232215322688	1353.0645359244825	
14252.408800000001	0.039999999999054126	Ripples						0.039999999999054126	14252.428800000002	15.221173817417856	150.82700686657185	1369.8893982556895	
14254.436000000002	0.062399999998888234	Ripples						0.062399999998888234	14254.4616	22.26459410655719	150.7794440038411	1706.9000191367422	
14254.632800000001	0.028800000000046566	Ripples						0.028800000000046566	14254.640800000001	8.599890243861502	155.66282156191738	837.5681856608483	
14254.698400000001	0.021600000000034925	Ripples						0.021600000000034925	14254.7096	8.63987300617281	159.20826059488948	1009.6038630373229	
14255.388	0.037599999999656575	Ripples						0.037599999999656575	14255.4104	10.069409247103337	145.702669854293	955.0663464213645	
14255.9096	0.056000000000494765	Ripples						0.056000000000494765	14255.920800000002	12.482064036669621	156.33627852050307	1135.156395459672	
14256.228000000001	0.03600000000005821	Ripples						0.03600000000005821	14256.242400000001	10.132926342974239	155.4832063371118	1206.9278751203055	
14256.617600000001	0.032799999999042484	Ripples						0.032799999999042484	14256.632000000001	21.65392493316435	172.67187097565284	1694.9096429591177	
14256.812000000002	0.032799999999042484	Ripples						0.032799999999042484	14256.8312	53.024570367800436	162.97407512728037	2553.9380435884464	
14259.696000000002	0.03679999999985739	Ripples						0.03679999999985739	14259.708	12.780325762282642	159.077847964469	1362.3229020201538	
14260.669600000001	0.03360000000066066	Ripples						0.03360000000066066	14260.696000000002	8.92800304434748	156.1104679908102	864.9063572056376	
14261.1232	0.03440000000045984	Ripples						0.03440000000045984	14261.132000000001	6.730200057773708	150.88115997991702	753.1058248958512	
14261.198400000001	0.04399999999986903	Ripples						0.04399999999986903	14261.216	6.5946220374306534	149.87238194924012	851.0175086989991	
14262.886400000001	0.04799999999886495	Ripples						0.04799999999886495	14262.908000000001	22.229395852827214	156.7193690433493	1789.8182455624183	
14263.111200000001	0.04719999999906577	Ripples						0.04719999999906577	14263.1448	7.528263886085323	154.69061332405556	758.562166746682	
14264.494400000001	0.035200000000259024	Ripples						0.035200000000259024	14264.5208	13.236818645599788	170.23351456335047	1195.1738655798092	
14264.725600000002	0.05519999999887659	Ripples						0.05519999999887659	14264.7592	24.449719801397013	163.70446625330314	1905.209238199537	
14264.829600000001	0.05040000000008149	Ripples						0.05040000000008149	14264.871200000001	10.72515789815536	166.53768019272502	865.6495480630392	
14268.059200000002	0.1047999999991589	Ripples						0.1047999999991589	14268.081600000001	27.620383733889536	170.91115515122422	2097.0686655363284	
14268.2448	0.05680000000029395	Ripples						0.05680000000029395	14268.261600000002	25.71021937333552	160.92790079058548	2013.864984102426	
14268.396	0.028800000000046566	Ripples						0.028800000000046566	14268.407200000001	15.397248033322569	155.5957866198951	1335.9490383107102	
14268.8408	0.040000000000873115	Ripples						0.040000000000873115	14268.8664	10.62031091060312	151.12842453767627	1092.2147299293013	
14269.822400000001	0.07359999999971478	Ripples						0.07359999999971478	14269.8616	23.39609751398122	149.85898615179232	1872.2841777020753	
14269.966400000001	0.037599999999656575	Ripples						0.037599999999656575	14269.9832	16.006719650561568	153.57996478626075	1430.630634608548	
14274.464800000002	0.06159999999908905	Ripples						0.06159999999908905	14274.510400000001	21.182737972065976	156.94691324562646	1850.2041258303693	
14274.816	0.02479999999923166	Ripples						0.02479999999923166	14274.827200000002	12.442539337296363	171.61623618714248	1272.8979032622835	
14274.9696	0.05280000000129803	Ripples						0.05280000000129803	14275.0056	18.716209496395955	162.66479414160216	1510.3476959382288	
14275.3976	0.021600000000034925	Ripples						0.021600000000034925	14275.408000000001	12.089751873698233	164.447930417726	1236.2585599863958	
14276.2944	0.06799999999930151	Ripples						0.06799999999930151	14276.3112	13.414962089243394	157.62496627407705	1390.543778760635	
14276.450400000002	0.0727999999999156	Ripples						0.0727999999999156	14276.4984	9.508228034777925	151.88083238866344	1012.2527170723351	
14276.5504	0.024000000001251465	Ripples						0.024000000001251465	14276.560800000001	6.01101102991137	151.5923330465418	899.4529132057044	
14277.1864	0.030399999999644933	Ripples						0.030399999999644933	14277.197600000001	16.632125893913678	163.98124677394793	1589.4734850902269	
14277.669600000001	0.03679999999985739	Ripples						0.03679999999985739	14277.690400000001	9.693870165894301	163.02571157234428	1333.5550730922203	
14278.452000000001	0.04960000000028231	Ripples						0.04960000000028231	14278.4856	19.049142010447664	165.0622426027578	1715.5710943279046	
14278.652	0.0544000000008964	Ripples						0.0544000000008964	14278.675200000001	16.723019592730267	164.467613902341	1652.4760528613183	
14278.7528	0.06480000000010477	Ripples						0.06480000000010477	14278.806400000001	9.500209325906463	160.91407180440652	1144.269341453512	
14279.0944	0.028800000000046566	Ripples						0.028800000000046566	14279.1088	19.451747431427474	162.1586964660428	1731.0052928912128	
14279.777600000001	0.026399999998830026	Ripples						0.026399999998830026	14279.796	6.832117437710536	156.22699122249426	857.7022744215506	
14280.1448	0.037600000001475564	Ripples						0.037600000001475564	14280.175200000001	5.240942157231626	161.79057735949033	775.1873714759354	
14281.097600000001	0.02080000000023574	Ripples						0.02080000000023574	14281.112000000001	7.7339879004617105	159.55876339239032	900.5699546828985	
14281.7224	0.05199999999967986	Ripples						0.05199999999967986	14281.7448	7.240821118992819	151.49667612120084	854.3850593752194	
14283.8544	0.03679999999985739	Ripples						0.03679999999985739	14283.871200000001	13.493895112779084	172.84558093273705	1355.691248451929	
14285.3904	0.02959999999984575	Ripples						0.02959999999984575	14285.399200000002	13.997449663880397	162.2030600894609	1245.0263883175705	
14287.602400000002	0.027999999998428393	Ripples						0.027999999998428393	14287.6208	10.654626618436536	155.8783632779059	1053.5898173246544	
14288.118400000001	0.02080000000023574	Ripples						0.02080000000023574	14288.126400000001	7.915914047147292	164.70040117897744	1023.4827353103848	
14288.175200000001	0.0727999999999156	Ripples						0.0727999999999156	14288.189600000002	7.947553846866514	146.93848275049484	808.4637529611708	
14288.755200000001	0.0319999999992433	Ripples						0.0319999999992433	14288.771200000001	17.657106987629085	157.70697226474098	1476.5093496390662	
14289.3328	0.05040000000008149	Ripples						0.05040000000008149	14289.3664	11.365180566021877	147.49579331810463	1016.6551290534026	
14289.8664	0.046399999999266583	Ripples						0.046399999999266583	14289.8824	22.915705224253614	158.87035891996982	1657.4690405747667	
14289.9536	0.042400000000270666	Ripples						0.042400000000270666	14289.9824	17.261576248077372	157.76786570609931	1571.905433194173	
14290.2936	0.035200000000259024	Ripples						0.035200000000259024	14290.3088	6.345896291583735	160.10067175742697	742.3204771183283	
14292.626400000001	0.12880000000041036	Ripples						0.12880000000041036	14292.647200000001	32.746815994603054	154.33195594086536	1915.910986792056	
14292.832	0.025600000000849832	Ripples						0.025600000000849832	14292.8408	15.104073624055564	161.31435342506288	1332.4457857945365	
14293.0784	0.04320000000006985	Ripples						0.04320000000006985	14293.110400000001	8.038062732753472	154.31949914620404	1102.8812224599126	
14293.814400000001	0.028000000000247383	Ripples						0.028000000000247383	14293.828000000001	10.199127839319662	164.8242834015743	1209.8150557800554	
14293.884	0.028000000000247383	Ripples						0.028000000000247383	14293.901600000001	6.575779928396675	151.55779523449962	886.8085268369999	
14294.3168	0.1000000000003638	Ripples						0.1000000000003638	14294.3952	10.475463352826335	149.08436573409935	1122.347231080856	
14295.949600000002	0.05759999999827414	Ripples						0.05759999999827414	14295.9856	10.419060616199776	166.2439761259404	1145.7324389522119	
14296.0272	0.07120000000031723	Ripples						0.07120000000031723	14296.0552	18.642800012570838	155.66635375393048	1734.3634804885544	
14297.102400000002	0.030399999999644933	Ripples						0.030399999999644933	14297.116	21.11107004299855	161.06361911488895	1738.0894754694118	
14298.7592	0.0727999999999156	Ripples						0.0727999999999156	14298.777600000001	13.4287974389402	151.4294849875154	1249.6847645661737	
14298.9032	0.03920000000107393	Ripples						0.03920000000107393	14298.928800000002	9.901748519066917	154.36907249023642	1050.2310718833348	
14301.089600000001	0.04320000000006985	Ripples						0.04320000000006985	14301.104000000001	25.74251573966481	166.1150118413633	1943.266673808027	
14301.364800000001	0.031199999999444117	Ripples						0.031199999999444117	14301.3696	5.925509334511944	158.10992748871777	691.182328943806	
14301.8744	0.035200000000259024	Ripples						0.035200000000259024	14301.8888	17.299898703987928	156.89300970543707	1440.9767867106577	
14301.988800000001	0.0455999999994674	Ripples						0.0455999999994674	14302.0	13.439808863483725	162.18191566539278	1410.884678358039	
14302.103200000001	0.02080000000023574	Ripples						0.02080000000023574	14302.118400000001	7.673176608013596	156.0420936438126	786.2165162712074	
14302.2144	0.031199999999444117	Ripples						0.031199999999444117	14302.2312	13.977853154430475	158.30195263000925	1376.4448858473143	
14304.36	0.037599999999656575	Ripples						0.037599999999656575	14304.371200000001	12.48558017454623	157.0798757066925	1165.1572384309093	
14304.6376	0.07280000000173459	Ripples						0.07280000000173459	14304.6792	8.394777694572479	155.85652219908232	969.6622660697882	
14310.365600000001	0.048800000000483124	Ripples						0.048800000000483124	14310.388	9.952934927862337	161.20292280937127	1214.9807687964305	
14314.1648	0.035200000000259024	Ripples						0.035200000000259024	14314.1792	12.145659019547205	157.25108326211242	1124.9546869117662	
14316.0504	0.03280000000086147	Ripples						0.03280000000086147	14316.0616	8.59889396675075	156.2617734198315	895.0672626303187	
14316.226400000001	0.03679999999985739	Ripples						0.03679999999985739	14316.241600000001	11.36685719749389	152.01110401755338	1049.591711173765	
14318.6728	0.04800000000068394	Ripples						0.04800000000068394	14318.7008	13.598710089719196	154.88442679028518	1241.2207494263637	
14319.912	0.05280000000129803	Ripples						0.05280000000129803	14319.952000000001	17.671205485323604	156.94091533753542	1613.9888249291905	
14321.016000000001	0.0319999999992433	Ripples						0.0319999999992433	14321.0344	35.915325759088304	168.65543700426912	2231.8197388462795	
14321.3952	0.05680000000029395	Ripples						0.05680000000029395	14321.408800000001	16.840415039502464	156.0336164941497	1325.9463172869375	
14322.696800000002	0.04079999999885331	Ripples						0.04079999999885331	14322.711200000002	7.6890948038596205	155.70790110689998	992.1270216750971	
14322.7592	0.040000000000873115	Ripples						0.040000000000873115	14322.776800000001	15.98755469982071	162.27273713285646	1790.957608099103	
14323.0048	0.06480000000010477	Ripples						0.06480000000010477	14323.0216	22.248320099105904	170.10759090852167	1863.6344546270896	
14323.451200000001	0.07840000000032887	Ripples						0.07840000000032887	14323.5048	22.07680356887733	147.2323055788166	1590.052523769483	
14323.639200000001	0.053599999999278225	Ripples						0.053599999999278225	14323.652800000002	36.6175953166028	165.0878606297968	2261.199092560627	
14324.78	0.03440000000045984	Ripples						0.03440000000045984	14324.806400000001	7.997032121140234	177.23194642810816	813.93613808628	
14325.0496	0.08719999999993888	Ripples						0.08719999999993888	14325.108	5.101525571481185	152.46925177767415	724.4515494015984	
14325.7536	0.04560000000128639	Ripples						0.04560000000128639	14325.7864	18.772159007743138	160.93122416884265	1626.2196198533916	
14325.9336	0.04160000000047148	Ripples						0.04160000000047148	14325.9544	27.56416357819477	156.55593549718688	2005.2198022072491	
14326.7304	0.040000000000873115	Ripples						0.040000000000873115	14326.7448	29.48394635006789	165.7036906383155	1981.2439954246338	
14327.768	0.03920000000107393	Ripples						0.03920000000107393	14327.784800000001	17.527364490229647	171.48595362668894	1646.5866199243142	
14331.012	0.03440000000045984	Ripples						0.03440000000045984	14331.022400000002	8.537543046533552	178.1513492765038	834.7535081520693	
14331.573600000002	0.035199999998440035	Ripples						0.035199999998440035	14331.592	21.22045671082601	162.00083968609462	1780.3922599882653	
14332.2592	0.028800000000046566	Ripples						0.028800000000046566	14332.2736	15.437263730869187	160.73321427224425	1434.9417531118672	
14332.580000000002	0.06959999999889988	Ripples						0.06959999999889988	14332.6352	11.41967026095879	158.06728716251902	1329.7765496150114	
14332.6736	0.03280000000086147	Ripples						0.03280000000086147	14332.6864	11.803504932732972	167.07929414666697	1230.2216981615268	
14332.8168	0.04399999999986903	Ripples						0.04399999999986903	14332.8312	7.962887338772883	153.51839618188853	873.1662708445784	
14334.3312	0.03920000000107393	Ripples						0.03920000000107393	14334.343200000001	5.995280489817798	154.87397028648485	623.0686273616957	
14334.8968	0.03360000000066066	Ripples						0.03360000000066066	14334.908800000001	9.801382132439594	154.7351864898723	1137.7874110068908	
14335.9168	0.03919999999925494	Ripples						0.03919999999925494	14335.9392	20.86206366694793	164.92306768051307	1818.939836745088	
14336.603200000001	0.051199999999880674	Ripples						0.051199999999880674	14336.6288	24.079079539214103	156.8392134427957	1882.7707299535434	
14336.726400000001	0.07679999999891152	Ripples						0.07679999999891152	14336.776800000001	8.428141953983843	157.7920967211785	1193.35550741515	
14336.872000000001	0.02959999999984575	Ripples						0.02959999999984575	14336.8888	16.581076731680863	164.11365876593766	1600.838523364733	
14338.1736	0.0632000000005064	Ripples						0.0632000000005064	14338.191200000001	23.728752643364047	159.89385324392316	1939.7839805015312	
14338.291200000001	0.03600000000005821	Ripples						0.03600000000005821	14338.320000000002	10.076157421310052	153.3650682178063	1063.465934449126	
14338.456	0.05680000000029395	Ripples						0.05680000000029395	14338.472800000001	29.930977036889292	163.24825393578462	2245.5989816738265	
14340.7072	0.06559999999990396	Ripples						0.06559999999990396	14340.754400000002	8.769575013823705	149.24717767910792	1023.5038336805572	
14340.878400000001	0.05999999999949068	Ripples						0.05999999999949068	14340.893600000001	11.137112561633957	154.28171317752205	1156.9765372182949	
14341.0632	0.02480000000105065	Ripples						0.02480000000105065	14341.075200000001	8.371061175417237	174.5908119193828	958.3296611569649	
14343.5568	0.07440000000133296	Ripples						0.07440000000133296	14343.5776	23.404638579164047	158.49575850663408	1857.5832297767868	
14343.6728	0.0544000000008964	Ripples						0.0544000000008964	14343.7008	17.757175879229514	158.7644678277156	1525.863813127464	
14344.153600000001	0.025599999999030842	Ripples						0.025599999999030842	14344.161600000001	8.555171525968976	157.39433621543643	1006.8072404231551	
14344.308	0.030399999999644933	Ripples						0.030399999999644933	14344.3232	7.697000484129103	151.47087966915578	930.0472206087766	
14344.407200000001	0.035200000000259024	Ripples						0.035200000000259024	14344.424	14.779728900338036	159.18147344384363	1393.4259624153874	
14344.9192	0.04320000000006985	Ripples						0.04320000000006985	14344.9408	8.49960817880488	148.14026050130005	880.2607077484314	
14347.590400000001	0.04320000000006985	Ripples						0.04320000000006985	14347.604800000001	7.226331530838295	163.02948814965242	919.9308178357479	
14347.896	0.0408000000006723	Ripples						0.0408000000006723	14347.9104	7.500560467254851	156.24466644917652	853.5344324118407	
14348.960000000001	0.03679999999985739	Ripples						0.03679999999985739	14348.9688	9.999638293304562	161.56572398938934	1099.4040285193498	
14349.160800000001	0.04799999999886495	Ripples						0.04799999999886495	14349.183200000001	12.656958238533567	148.62984966174864	1017.6835551632939	
14349.76	0.02320000000145228	Ripples						0.02320000000145228	14349.7736	9.875105245074547	163.9785822516368	1143.151202400521	
14352.4912	0.09760000000096625	Ripples						0.09760000000096625	14352.564	21.31295592049784	158.4012575478253	1862.5436172008042	
14352.617600000001	0.07120000000031723	Ripples						0.07120000000031723	14352.6352	13.853823339452724	160.2057411296026	1467.161318841974	
14354.348	0.0408000000006723	Ripples						0.0408000000006723	14354.3616	17.9523521707426	173.0144654382482	1595.35251644816	
14354.472000000002	0.07439999999951397	Ripples						0.07439999999951397	14354.4968	12.586222154084606	152.63163200283392	1218.0516075524645	
14354.704000000002	0.026399999998830026	Ripples						0.026399999998830026	14354.7176	11.65654350840644	162.78104409465672	1342.693320148648	
14355.676000000001	0.03919999999925494	Ripples						0.03919999999925494	14355.6864	6.3991631004478275	154.30933038339177	803.6653290461018	
14357.8168	0.023199999999633292	Ripples						0.023199999999633292	14357.835200000001	7.120354628940317	160.55956212275066	690.68566233416	
14360.9696	0.026400000000649015	Ripples						0.026400000000649015	14360.9752	6.371114700023639	150.151984110263	828.4460353944828	
14364.1016	0.03280000000086147	Ripples						0.03280000000086147	14364.1136	12.917825232838517	157.75708885190085	1128.8271098624393	
14366.8304	0.07600000000093132	Ripples						0.07600000000093132	14366.880000000001	21.632668450180788	157.99584309474483	1958.6894962977456	
14367.0	0.037600000001475564	Ripples						0.037600000001475564	14367.017600000001	29.1489066270457	160.80081098546793	2173.9807730708203	
14368.2312	0.03200000000106229	Ripples						0.03200000000106229	14368.242400000001	15.176098500283677	157.51658111214056	1205.1007731102427	
14369.7656	0.025600000000849832	Ripples						0.025600000000849832	14369.777600000001	16.700861454177602	162.51758025663443	1476.9906682048334	
14371.716	0.051199999999880674	Ripples						0.051199999999880674	14371.748000000001	9.234601321131986	155.44165268459713	1013.9081528352317	
14374.464800000002	0.05199999999967986	Ripples						0.05199999999967986	14374.488000000001	24.94808356814164	158.45554962172488	2045.0527438170784	
14375.385600000001	0.04719999999906577	Ripples						0.04719999999906577	14375.4056	23.406854746281407	166.17966221540286	1998.637119733282	
14375.568000000001	0.037599999999656575	Ripples						0.037599999999656575	14375.5848	31.871919753503672	158.595018030669	2216.883988359967	
14376.188	0.07840000000032887	Ripples						0.07840000000032887	14376.2072	29.032777632918826	160.10078904013494	2132.7311009624796	
14376.3464	0.042400000000270666	Ripples						0.042400000000270666	14376.3616	12.24387741688893	155.26406202242933	1284.233190888183	
14376.4992	0.031200000001263106	Ripples						0.031200000001263106	14376.5128	14.940267185387206	160.205483589375	1464.9753586236752	
14377.459200000001	0.030399999999644933	Ripples						0.030399999999644933	14377.4832	7.31215580897695	166.73409019013997	941.417752387152	
14377.716	0.05280000000129803	Ripples						0.05280000000129803	14377.735200000001	7.414226141071869	144.87405140323364	627.1433011765929	
14378.2592	0.04960000000028231	Ripples						0.04960000000028231	14378.2808	25.53459803032759	151.14067826464733	1749.9873462498201	
14380.814400000001	0.04079999999885331	Ripples						0.04079999999885331	14380.836000000001	22.821312423230804	162.47010892258888	1971.8328473665879	
14380.959200000001	0.035200000000259024	Ripples						0.035200000000259024	14380.984	9.873786156258944	165.6609050541656	1120.0079372459038	
14382.476	0.03200000000106229	Ripples						0.03200000000106229	14382.4832	7.394956553036522	155.07267016855621	876.9568867003911	
14382.8816	0.047200000000884756	Ripples						0.047200000000884756	14382.9024	34.23507529444827	168.7160404812705	2239.6949020806182	
14383.4856	0.03600000000005821	Ripples						0.03600000000005821	14383.5	15.441333124033099	158.12558816125608	1327.2450203364037	
14383.624000000002	0.035199999998440035	Ripples						0.035199999998440035	14383.6416	17.31982120970154	155.65022265692912	1563.0924000373227	
14384.0576	0.031200000001263106	Ripples						0.031200000001263106	14384.075200000001	10.632088604517124	155.2960568563253	1173.53491826536	
14384.724	0.05280000000129803	Ripples						0.05280000000129803	14384.754400000002	23.623433585432938	161.4664957803319	1912.4071174100302	
14385.384800000002	0.03439999999864085	Ripples						0.03439999999864085	14385.3968	12.479304100955703	153.6937442059885	1143.5942609742217	
14385.488000000001	0.03440000000045984	Ripples						0.03440000000045984	14385.5056	11.619100920030844	152.33179014441686	1118.2789845130603	
14385.5424	0.03200000000106229	Ripples						0.03200000000106229	14385.553600000001	7.229721730890583	153.40530767403746	1079.1167247971796	
14385.7536	0.04960000000028231	Ripples						0.04960000000028231	14385.7792	13.907250758913639	146.80585657397052	1280.3874344689477	
14385.988800000001	0.05520000000069558	Ripples						0.05520000000069558	14386.0272	10.258882620576447	167.9604017047523	1223.5049439745658	
14386.913600000002	0.058399999999892316	Ripples						0.058399999999892316	14386.964000000002	7.678563700711922	157.31091116386008	961.8579783413702	
14387.051200000002	0.04079999999885331	Ripples						0.04079999999885331	14387.0704	9.298965093990141	153.9972592550612	1295.235818396507	
14391.979200000002	0.04719999999906577	Ripples						0.04719999999906577	14391.9968	17.40594555656313	161.05725916834885	1685.703846591756	
14392.131200000002	0.05040000000008149	Ripples						0.05040000000008149	14392.156	21.94926259306903	163.62632298983985	1825.4331819081829	
14392.2896	0.030400000001463923	Ripples						0.030400000001463923	14392.306400000001	7.641516961794276	163.3854876737326	1153.0481918065814	
14392.799200000001	0.025599999999030842	Ripples						0.025599999999030842	14392.8112	11.482421906864005	159.50917189355843	1146.4404137908493	
14393.784000000001	0.035200000000259024	Ripples						0.035200000000259024	14393.798400000001	9.406173577978029	155.59415707579342	945.4334615083751	
14394.4928	0.021600000000034925	Ripples						0.021600000000034925	14394.5048	12.192144356492292	160.4910043583325	1242.1952925152302	
14394.536800000002	0.03439999999864085	Ripples						0.03439999999864085	14394.560800000001	6.389571935182944	152.42828750319106	917.1617025483984	
14394.6008	0.056000000000494765	Ripples						0.056000000000494765	14394.6504	8.309237827376219	168.09737308517347	1091.51308888366	
14395.2456	0.037600000001475564	Ripples						0.037600000001475564	14395.2584	6.17916935652972	170.86556960454274	925.2193099571098	
14397.125600000001	0.04399999999986903	Ripples						0.04399999999986903	14397.140000000001	13.060290728267583	154.9667379439779	1242.9443473040992	
14398.756000000001	0.03440000000045984	Ripples						0.03440000000045984	14398.7648	7.875394096592913	161.0787624803848	899.2583601160757	
14398.957600000002	0.021600000000034925	Ripples						0.021600000000034925	14398.972000000002	9.627460987530693	156.9307501021642	906.6182392923156	
14400.42	0.08400000000074215	Ripples						0.08400000000074215	14400.480800000001	14.954576619360655	157.93312315585896	1453.0365467555594	
14403.735200000001	0.05680000000029395	Ripples						0.05680000000029395	14403.771200000001	5.580127659975082	165.4119386928163	959.7426531038091	
14405.5928	0.04399999999986903	Ripples						0.04399999999986903	14405.6232	15.672248124310874	159.27192509436952	1445.7776009357292	
14406.589600000001	0.03600000000005821	Ripples						0.03600000000005821	14406.604000000001	8.637005564789886	154.72479594601512	1010.3059846233864	
14407.217600000002	0.02079999999841675	Ripples						0.02079999999841675	14407.225600000002	9.236714042076382	166.7834832516186	1047.0141888161522	
14409.368	0.04640000000108557	Ripples						0.04640000000108557	14409.3912	28.145474256394376	160.9029768239273	2135.553527700964	
14409.516000000001	0.06799999999930151	Ripples						0.06799999999930151	14409.559200000002	12.572144352634497	155.888461819318	1039.0635307155724	
14411.7448	0.06240000000070722	Ripples						0.06240000000070722	14411.7744	10.19741973368515	152.3308457684889	1154.2351364658177	
14415.546400000001	0.03839999999945576	Ripples						0.03839999999945576	14415.5616	6.531980933826086	157.38101971814504	663.0549774659272	
14415.7504	0.040000000000873115	Ripples						0.040000000000873115	14415.768	22.008052008669253	158.4446432611335	1651.9947931316988	
14415.821600000001	0.03359999999884167	Ripples						0.03359999999884167	14415.833600000002	12.712651821665487	155.65248234939563	1309.4375602726807	
14416.6728	0.04640000000108557	Ripples						0.04640000000108557	14416.708	5.860416348984329	157.03678941190276	757.8521692292297	
14419.596800000001	0.02959999999984575	Ripples						0.02959999999984575	14419.616	18.724167282864208	167.34250229408363	1553.4518679283772	
14421.300000000001	0.06799999999930151	Ripples						0.06799999999930151	14421.352	14.965718205166748	154.55525739949437	1452.3016563788772	
14421.392000000002	0.09519999999974971	Ripples						0.09519999999974971	14421.472800000001	10.413807048397402	157.14502560247365	1171.428795827002	
14422.2944	0.05279999999947904	Ripples						0.05279999999947904	14422.34	8.243589065892905	158.82630231394933	912.4808441439377	
14423.9824	0.05760000000009313	Ripples						0.05760000000009313	14424.0144	8.41172556312543	157.89005650760762	878.7649089404454	
14424.212800000001	0.08879999999953725	Ripples						0.08879999999953725	14424.284800000001	12.760372659970761	153.5681342404981	1229.376482048657	
14424.3816	0.037599999999656575	Ripples						0.037599999999656575	14424.3984	18.823509976016624	157.3991622282664	1680.8564207134416	
14424.768800000002	0.05999999999949068	Ripples						0.05999999999949068	14424.783200000002	16.634986973985008	167.23523845577574	1529.3677782597542	
14424.863200000002	0.05999999999949068	Ripples						0.05999999999949068	14424.8984	11.0980895656346	154.14398697006675	1025.3570172838306	
14425.661600000001	0.03440000000045984	Ripples						0.03440000000045984	14425.681600000002	7.464776595571791	149.58073618571188	777.4367068759287	
14425.8376	0.03839999999945576	Ripples						0.03839999999945576	14425.852	16.50745385279505	157.1805635599463	1576.872003978416	
14426.684000000001	0.05199999999967986	Ripples						0.05199999999967986	14426.7216	19.522335647538018	166.65192355542385	1693.8081939276597	
14428.155200000001	0.028800000000046566	Ripples						0.028800000000046566	14428.1664	18.61581159156578	161.89084555234817	1480.8077432514842	
14428.595200000002	0.02959999999984575	Ripples						0.02959999999984575	14428.603200000001	5.552339222998616	170.77594764344065	776.1432116495514	
14432.428000000002	0.06159999999908905	Ripples						0.06159999999908905	14432.464800000002	11.93165791320692	154.27391952850624	1197.9523101424704	
14432.580000000002	0.0319999999992433	Ripples						0.0319999999992433	14432.5912	8.083988991292646	154.50909340634496	999.6745478538976	
14433.508000000002	0.0639999999984866	Ripples						0.0639999999984866	14433.5408	12.395018765887908	147.1046730887766	1121.2752151822888	
14433.6424	0.026400000000649015	Ripples						0.026400000000649015	14433.654400000001	9.431600652882215	155.68167776803165	1063.2678953183809	
14434.087200000002	0.05279999999947904	Ripples						0.05279999999947904	14434.125600000001	12.211517969550314	160.73494497962957	1422.713986970757	
14434.183200000001	0.031199999999444117	Ripples						0.031199999999444117	14434.197600000001	22.011748051569256	161.92593160961937	1884.343533097856	
14435.396	0.05279999999947904	Ripples						0.05279999999947904	14435.4184	8.307669728104933	166.97642776248108	1288.9191132311898	
14436.992	0.03360000000066066	Ripples						0.03360000000066066	14437.015200000002	11.496656379323877	148.6675155866429	986.4238889681551	
14437.420800000002	0.03359999999884167	Ripples						0.03359999999884167	14437.437600000001	18.748570156984258	167.33081145323425	1752.2665645716922	
14439.863200000002	0.042399999998451676	Ripples						0.042399999998451676	14439.884	14.807063614054636	151.40383306851743	1288.6911148799982	
14440.495200000001	0.039999999999054126	Ripples						0.039999999999054126	14440.504	5.8969327935277605	173.04504528313853	875.4155822767278	
14441.0576	0.1000000000003638	Ripples						0.1000000000003638	14441.065600000002	8.777011879028475	164.2526259887858	800.4247141384698	
14441.249600000001	0.020000000000436557	Ripples						0.020000000000436557	14441.263200000001	9.933242299962002	166.06959045341677	1005.6007168365213	
14444.976	0.040000000000873115	Ripples						0.040000000000873115	14444.9928	12.460982098912927	158.9150473413133	1441.576318537728	
14446.168800000001	0.06400000000030559	Ripples						0.06400000000030559	14446.219200000001	12.644440729248645	153.78619910959372	1374.3280652713668	
14447.255200000001	0.03919999999925494	Ripples						0.03919999999925494	14447.2672	13.40102416615538	154.80613196717718	1153.5509357455514	
14448.464800000002	0.04320000000006985	Ripples						0.04320000000006985	14448.486400000002	35.08909705838743	158.13112101465845	2289.99201816196	
14448.567200000001	0.03439999999864085	Ripples						0.03439999999864085	14448.5848	12.977009060644791	153.92322329502562	1373.6781553944654	
14449.5208	0.0408000000006723	Ripples						0.0408000000006723	14449.5352	24.225698314913828	159.56263298062956	1801.4870777681372	
14450.2864	0.040000000000873115	Ripples						0.040000000000873115	14450.3016	17.087095269382885	154.8980690111162	1330.3407894421032	
14450.9488	0.06400000000030559	Ripples						0.06400000000030559	14450.972800000001	17.309382226183775	155.0241323585755	1748.5948401597204	
14451.104800000001	0.028800000000046566	Ripples						0.028800000000046566	14451.119200000001	12.552355130901262	158.4918529739314	1359.8041189270934	
14451.8088	0.028800000000046566	Ripples						0.028800000000046566	14451.820800000001	12.224082943477269	155.06490616445865	1224.3296734534474	
14454.449600000002	0.04799999999886495	Ripples						0.04799999999886495	14454.458400000001	8.795597993962586	168.0594388919001	982.100294292718	
14454.531200000001	0.06400000000030559	Ripples						0.06400000000030559	14454.544800000001	7.39802461911582	148.51844628222102	901.4995972082451	
14455.300000000001	0.02959999999984575	Ripples						0.02959999999984575	14455.3176	9.273574310492736	151.9736031959291	882.368892358158	
14455.6504	0.0272000000004482	Ripples						0.0272000000004482	14455.6584	5.673252450124794	165.8732710582833	920.2834858962052	
14456.1792	0.06240000000070722	Ripples						0.06240000000070722	14456.1928	16.862792588910338	163.04283114208954	1642.203020536458	
14457.539200000001	0.062399999998888234	Ripples						0.062399999998888234	14457.560000000001	20.49479249585632	156.03621431539472	1807.4977365872926	
14457.852	0.048800000000483124	Ripples						0.048800000000483124	14457.8768	12.017002634954327	152.1472475776071	1381.5378329021053	
14460.452800000001	0.04719999999906577	Ripples						0.04719999999906577	14460.472000000002	19.422437316623995	174.8500663511952	1720.3445197150936	
14461.4928	0.058400000001711305	Ripples						0.058400000001711305	14461.537600000001	9.619793013510186	148.0323426230392	1070.2617848688951	
14462.86	0.05279999999947904	Ripples						0.05279999999947904	14462.894400000001	15.902897168798738	155.59204728401556	1389.4682539235305	
14463.363200000002	0.04719999999906577	Ripples						0.04719999999906577	14463.3808	17.341813336411178	148.32435081180077	1330.0751362643541	
14463.544000000002	0.023999999999432475	Ripples						0.023999999999432475	14463.5552	7.822418037635254	167.18634120545335	1084.8112901126929	
14465.840800000002	0.05199999999967986	Ripples						0.05199999999967986	14465.8696	15.11206404753495	150.7882698638764	1499.455750014082	
14466.1344	0.030399999999644933	Ripples						0.030399999999644933	14466.1504	19.51235568262814	154.8669852026151	1404.7749876482158	
14466.2808	0.058399999999892316	Ripples						0.058399999999892316	14466.307200000001	6.7990416573480115	144.44035755092136	714.184223696204	
14466.567200000001	0.039999999999054126	Ripples						0.039999999999054126	14466.5856	15.499727742277484	156.04571532642274	1440.2941004941968	
14467.064	0.028000000000247383	Ripples						0.028000000000247383	14467.081600000001	6.096258346157112	160.3563966043019	1037.9407712875225	
14467.1736	0.044800000001487206	Ripples						0.044800000001487206	14467.191200000001	19.54542852045544	154.81332067457936	1672.2465552595625	
14468.938400000001	0.02959999999984575	Ripples						0.02959999999984575	14468.9616	5.681583601103195	169.33517200561934	856.7905108990493	
14469.472800000001	0.025599999999030842	Ripples						0.025599999999030842	14469.484	12.876818894218502	156.28731140524536	1184.0996659716652	
14470.322400000001	0.07120000000031723	Ripples						0.07120000000031723	14470.3624	10.98984684030467	151.0832632983692	1126.158333327859	
14471.378400000001	0.032799999999042484	Ripples						0.032799999999042484	14471.3896	13.351280330431416	157.4755447634499	1243.9568179557375	
14471.524000000001	0.03600000000005821	Ripples						0.03600000000005821	14471.5408	24.330676946947907	167.72546517154052	1940.4061344243319	
14471.6848	0.021600000000034925	Ripples						0.021600000000034925	14471.6928	5.009292713002052	152.61583644925136	830.6098484996832	
14471.7752	0.031200000001263106	Ripples						0.031200000001263106	14471.790400000002	17.32798944659472	159.56178958705624	1575.4110040013402	
14472.2936	0.028000000000247383	Ripples						0.028000000000247383	14472.308	9.65572404725966	157.52313875334485	1166.7582636163902	
14474.472000000002	0.037599999999656575	Ripples						0.037599999999656575	14474.480000000001	6.3304985237206886	162.28426826494447	798.2690531995513	
14476.052000000001	0.025599999999030842	Ripples						0.025599999999030842	14476.067200000001	5.525520640908215	156.6507064100327	783.8226998738076	
14476.5328	0.03679999999985739	Ripples						0.03679999999985739	14476.5496	12.23960632045705	172.17735279169796	1341.602054456367	
14476.6496	0.05040000000008149	Ripples						0.05040000000008149	14476.6776	16.132754960639808	154.23058625449107	1644.7795370545148	
14476.798400000001	0.03679999999985739	Ripples						0.03679999999985739	14476.816	21.004329092187756	162.13559158854036	1887.346433965725	
14476.9768	0.02959999999984575	Ripples						0.02959999999984575	14476.996000000001	10.336525654509753	156.25566249048958	1212.8843395593567	
14480.6776	0.02479999999923166	Ripples						0.02479999999923166	14480.692000000001	13.31508248722907	157.11455099704324	1179.8194174037064	
14482.692000000001	0.07519999999931315	Ripples						0.07519999999931315	14482.7592	10.089511899426137	156.4526355560711	1076.114416069742	
14482.8312	0.04640000000108557	Ripples						0.04640000000108557	14482.849600000001	18.09919015638088	155.8511068136355	1566.6908153394747	
14483.0112	0.0319999999992433	Ripples						0.0319999999992433	14483.032000000001	6.692422426431298	152.8578262496449	985.8830484857435	
14483.438400000001	0.05040000000008149	Ripples						0.05040000000008149	14483.4704	20.22296089350104	163.15584090562643	1806.649340560179	
14483.573600000002	0.022399999999834108	Ripples						0.022399999999834108	14483.588000000002	13.39863617167033	162.7600058373267	1258.6726740277534	
14484.944000000001	0.02719999999862921	Ripples						0.02719999999862921	14484.958400000001	19.936456881717994	165.83880884078275	1698.3008087561232	
14485.451200000001	0.023199999999633292	Ripples						0.023199999999633292	14485.4616	11.619577508438521	164.84159733081503	1270.4122668656328	
14488.2936	0.09920000000056461	Ripples						0.09920000000056461	14488.3736	10.281369085593388	155.9156682577888	1403.8107530922575	
14489.9128	0.03360000000066066	Ripples						0.03360000000066066	14489.9336	16.23242966552792	161.86199307931145	1457.4810309363907	
14491.3472	0.04399999999986903	Ripples						0.04399999999986903	14491.3768	14.853476689953387	152.3990863397085	1319.5156013281467	
14494.690400000001	0.02080000000023574	Ripples						0.02080000000023574	14494.7008	9.064049954618524	157.22708403323804	1033.9632287505765	
14494.7888	0.04800000000068394	Ripples						0.04800000000068394	14494.822400000001	18.527527669254138	157.52952890076085	1606.1196127677526	
14495.036	0.05520000000069558	Ripples						0.05520000000069558	14495.066400000002	21.421395022427216	150.98988457051655	1589.1249912349883	
14495.3176	0.05680000000029395	Ripples						0.05680000000029395	14495.328800000001	11.426257361369673	157.38344856335587	1073.528236137657	
14496.0768	0.03679999999985739	Ripples						0.03679999999985739	14496.0912	26.75311594895794	162.5629475426051	1927.457220164415	
14498.6736	0.06720000000132131	Ripples						0.06720000000132131	14498.684000000001	6.425908019777128	152.8242448567787	820.3987693701242	
14498.8888	0.03679999999985739	Ripples						0.03679999999985739	14498.900800000001	10.416538114981245	151.5209456746738	1078.5899849983919	
14499.826400000002	0.03359999999884167	Ripples						0.03359999999884167	14499.8464	22.485571238098704	162.8567757440683	1706.4010522872763	
14500.322400000001	0.026400000000649015	Ripples						0.026400000000649015	14500.335200000001	18.837475985316587	163.74228649892189	1628.4277257063584	
14500.894400000001	0.03919999999925494	Ripples						0.03919999999925494	14500.9056	6.8817229244734595	168.71873390185922	885.9857387390792	
14500.956800000002	0.055999999998675776	Ripples						0.055999999998675776	14500.971200000002	28.748593255119054	162.50018332098693	1828.2028059481252	
14501.530400000001	0.03439999999864085	Ripples						0.03439999999864085	14501.5504	9.75817654860168	155.64989416190105	1183.9910382533203	
14501.986400000002	0.022399999999834108	Ripples						0.022399999999834108	14501.9968	10.95793754375645	159.52215284471814	1147.1547996842553	
14504.589600000001	0.023199999999633292	Ripples						0.023199999999633292	14504.602400000002	9.895805499137344	164.7592667201544	1166.5516803206242	
14504.644	0.025600000000849832	Ripples						0.025600000000849832	14504.6656	6.271708971591691	165.93115813436657	834.3271052069244	
14504.848	0.047200000000884756	Ripples						0.047200000000884756	14504.8752	14.758291051173478	153.57251168324365	1428.5321255070892	
14505.587200000002	0.05279999999947904	Ripples						0.05279999999947904	14505.6232	15.578473252386729	166.26839612578155	1603.012453524115	
14509.0432	0.06480000000010477	Ripples						0.06480000000010477	14509.060000000001	18.805935714083642	163.417152522632	1638.6880174128282	
14509.181600000002	0.05199999999967986	Ripples						0.05199999999967986	14509.212800000001	9.896105009242357	142.6367779538709	869.8414319855026	
14514.4056	0.04160000000047148	Ripples						0.04160000000047148	14514.428800000002	16.767909197404126	163.78289929584264	1686.336077328915	
14516.328800000001	0.03440000000045984	Ripples						0.03440000000045984	14516.349600000001	7.87754574221238	165.77483825690692	733.4319116240957	
14516.488800000001	0.037599999999656575	Ripples						0.037599999999656575	14516.5072	19.729670372865282	161.79606574631904	1750.6062633337783	
14516.611200000001	0.02479999999923166	Ripples						0.02479999999923166	14516.625600000001	5.649108544339584	151.18304363208065	716.3628752011922	
14518.176800000001	0.04399999999986903	Ripples						0.04399999999986903	14518.198400000001	10.393551634468833	151.86498866208865	861.4931855029959	
14520.6712	0.03440000000045984	Ripples						0.03440000000045984	14520.699200000001	8.486948630165248	162.00069535239874	988.6639499665134	
14527.3624	0.031200000001263106	Ripples						0.031200000001263106	14527.371200000001	5.753771461453862	166.95433636937878	736.5316612581846	
14533.125600000001	0.07040000000051805	Ripples						0.07040000000051805	14533.183200000001	11.069052357601281	161.69097024878857	1153.5196255645747	
14533.240000000002	0.055999999998675776	Ripples						0.055999999998675776	14533.283200000002	12.488888017350883	159.10165135558597	1280.0712917826013	
14535.081600000001	0.04320000000006985	Ripples						0.04320000000006985	14535.096000000001	18.666600822272866	161.4079300183682	1680.8742177505997	
14538.2752	0.04800000000068394	Ripples						0.04800000000068394	14538.298400000001	16.16707940700223	162.6597593227938	1632.5389788125494	
14538.644	0.030400000001463923	Ripples						0.030400000001463923	14538.654400000001	10.714071174884792	162.44182322381198	1128.1087199188935	
14544.016000000001	0.05199999999967986	Ripples						0.05199999999967986	14544.037600000001	20.70439435025932	148.84430470620143	1367.1030627705861	
14546.930400000001	0.06959999999889988	Ripples						0.06959999999889988	14546.964000000002	22.851732487501536	154.49087235234916	1453.1975047094518	
14547.350400000001	0.04320000000006985	Ripples						0.04320000000006985	14547.3696	24.986958133570432	159.76218515730537	1846.3658456055423	
14548.0984	0.044799999999668216	Ripples						0.044799999999668216	14548.116	15.431902508968266	154.2815972013216	1495.1801870563204	
14552.821600000001	0.02080000000023574	Ripples						0.02080000000023574	14552.835200000001	10.217680116231257	163.89007030744358	1087.7162359744414	
14556.84	0.037600000001475564	Ripples						0.037600000001475564	14556.8544	22.760833149201765	165.71908820887018	1902.3945908865967	
14557.885600000001	0.04320000000006985	Ripples						0.04320000000006985	14557.9032	27.02290672281166	161.99867023391874	1892.7644901662566	
14558.164	0.06559999999990396	Ripples						0.06559999999990396	14558.196000000002	9.977503570220543	158.46003693919516	1087.461368537873	
14558.8976	0.04800000000068394	Ripples						0.04800000000068394	14558.9096	19.38354123916922	154.73935790043575	1553.4976717079287	
14561.5792	0.021600000000034925	Ripples						0.021600000000034925	14561.590400000001	7.147408526471642	156.94249337359162	983.1515511648512	
14563.0928	0.0904000000009546	Ripples						0.0904000000009546	14563.156	16.37288412112966	159.44615957895311	1733.887536791304	
14563.546400000001	0.06559999999990396	Ripples						0.06559999999990396	14563.5856	9.751969191878656	143.11471239997843	875.4076609173848	
14564.327200000002	0.044799999999668216	Ripples						0.044799999999668216	14564.356800000001	12.374761193847059	152.51958051128042	1280.6420293818799	
14565.416000000001	0.023199999999633292	Ripples						0.023199999999633292	14565.4264	14.73138373827589	164.18611131677568	1321.8263557739983	
14566.319200000002	0.022399999999834108	Ripples						0.022399999999834108	14566.3304	5.846312591128152	153.8389022158735	806.4400823396592	
14567.552800000001	0.03600000000005821	Ripples						0.03600000000005821	14567.581600000001	7.380330196927264	166.1980255796193	924.0015765673639	
14567.688	0.03920000000107393	Ripples						0.03920000000107393	14567.710400000002	16.554956535407488	163.83867194659794	1580.634886036186	
14567.792000000001	0.05040000000008149	Ripples						0.05040000000008149	14567.8248	8.36876355042583	145.34180041126237	937.3128901427382	
14569.573600000002	0.03919999999925494	Ripples						0.03919999999925494	14569.588000000002	10.375941679276549	159.51354803662588	1074.431179234617	
14570.522400000002	0.037599999999656575	Ripples						0.037599999999656575	14570.5336	15.191239871546241	162.30470547160675	1486.2172080035293	
14571.4128	0.044800000001487206	Ripples						0.044800000001487206	14571.444000000001	11.163125790734917	153.16002061760824	1243.7112225069136	
14572.556	0.06160000000090804	Ripples						0.06160000000090804	14572.574400000001	25.695097625204863	165.62406531421894	1946.4915736283494	
14572.741600000001	0.04160000000047148	Ripples						0.04160000000047148	14572.7592	25.16417173514931	156.47504377923752	1940.172627804572	
14572.8904	0.03440000000045984	Ripples						0.03440000000045984	14572.9048	9.160480364465814	159.15988471738692	1212.1825853567748	
14573.828000000001	0.07200000000011642	Ripples						0.07200000000011642	14573.870400000002	15.938932110669239	147.55141090852135	1536.623914694807	
14577.162400000001	0.03839999999945576	Ripples						0.03839999999945576	14577.176800000001	24.536190620112112	168.58482873790965	1979.4662845295193	
14577.2672	0.035200000000259024	Ripples						0.035200000000259024	14577.284800000001	25.23473800257808	155.03733898438855	1835.3042470617195	
14577.546400000001	0.0408000000006723	Ripples						0.0408000000006723	14577.566400000002	22.489222028011817	162.5761762168261	1842.4120986398973	
14579.581600000001	0.12479999999959546	Ripples						0.12479999999959546	14579.6808	15.260067905258426	155.09094645120217	1085.660242853001	
14579.821600000001	0.026400000000649015	Ripples						0.026400000000649015	14579.8328	20.463096805599285	163.2100562728581	1640.7369426953999	
14581.581600000001	0.028800000000046566	Ripples						0.028800000000046566	14581.592	7.584711827891857	175.93358590410799	934.1038003745577	
14585.9616	0.04960000000028231	Ripples						0.04960000000028231	14585.993600000002	11.386661904465663	150.23918391126517	1116.1129867495747	
14587.208	0.021600000000034925	Ripples						0.021600000000034925	14587.219200000001	12.539673639768832	162.04865786568405	1217.8872716408434	
14588.0928	0.044799999999668216	Ripples						0.044799999999668216	14588.1	5.442806591531734	161.23174971318755	865.4196615540391	
14591.010400000001	0.05040000000008149	Ripples						0.05040000000008149	14591.022400000002	12.137285862398757	161.39549620052932	1402.3893399601393	
14591.0848	0.056000000000494765	Ripples						0.056000000000494765	14591.1088	35.03559638936809	155.7408868284463	2266.9600236008614	
14593.0208	0.09519999999974971	Ripples						0.09519999999974971	14593.0344	12.2762563957078	165.8697014395609	1417.0964785929614	
14593.9472	0.022399999999834108	Ripples						0.022399999999834108	14593.958400000001	5.1533725525091905	155.44432887959488	819.8126883671922	
14594.957600000002	0.022399999999834108	Ripples						0.022399999999834108	14594.972800000001	6.786085707999342	155.45056654096248	877.8550771911953	
14595.2464	0.0768000000007305	Ripples						0.0768000000007305	14595.2744	12.218133497735362	150.50746318074658	1142.7678119551106	
14595.4552	0.028800000000046566	Ripples						0.028800000000046566	14595.466400000001	8.63457488267644	162.39145558125043	1102.4352491866023	
14597.074400000001	0.044799999999668216	Ripples						0.044799999999668216	14597.088800000001	21.081909725164994	158.9918984528996	1772.097972615993	
14598.0552	0.051199999999880674	Ripples						0.051199999999880674	14598.068800000001	16.70387816652537	169.512252589912	1247.958326608941	
14598.148000000001	0.022399999999834108	Ripples						0.022399999999834108	14598.162400000001	7.981460658321014	153.18764134381198	997.8791532712656	
14598.208	0.03440000000045984	Ripples						0.03440000000045984	14598.2248	15.108038653571862	158.71647104312058	1511.2596939466423	
14601.004	0.06160000000090804	Ripples						0.06160000000090804	14601.0488	22.40116618098209	162.01812545266299	1753.5703921061418	
14601.580000000002	0.030399999999644933	Ripples						0.030399999999644933	14601.597600000001	16.2046110102782	163.5173245543077	1631.3108942493432	
14606.503200000001	0.05680000000029395	Ripples						0.05680000000029395	14606.512	10.015745447818365	158.76720664760325	1112.8975310285523	
14606.6864	0.044799999999668216	Ripples						0.044799999999668216	14606.7152	10.921456300914166	160.0803336759602	1409.6598258696113	
14606.8744	0.037599999999656575	Ripples						0.037599999999656575	14606.8888	47.708413638095934	163.72095512741203	2582.1864345739978	
14607.156	0.04160000000047148	Ripples						0.04160000000047148	14607.1648	9.810336510819901	166.8881503837037	1013.9369671524189	
14607.2432	0.044799999999668216	Ripples						0.044799999999668216	14607.2576	9.404445079382898	166.9014327893391	1145.8431574882284	
14608.342400000001	0.05279999999947904	Ripples						0.05279999999947904	14608.376	6.608618563509066	170.12708245133769	693.8376511521863	
14608.445600000001	0.0408000000006723	Ripples						0.0408000000006723	14608.476	11.332107298536872	162.41765094272714	1212.4526018276908	
14608.575200000001	0.020000000000436557	Ripples						0.020000000000436557	14608.5856	11.383447390704426	164.97400450550558	1217.722360151335	
14611.3312	0.04800000000068394	Ripples						0.04800000000068394	14611.357600000001	16.10939795339509	152.24292134951983	1294.9984254900323	
14612.2288	0.044799999999668216	Ripples						0.044799999999668216	14612.2368	5.222491214755565	166.49885887527208	903.0371653833863	
14615.432	0.03920000000107393	Ripples						0.03920000000107393	14615.443200000002	9.66133139764335	157.90137381894246	1066.7890467288062	
14616.414400000001	0.025599999999030842	Ripples						0.025599999999030842	14616.428800000002	9.063129330763035	159.78459226558348	1132.39462520921	
14616.5048	0.03200000000106229	Ripples						0.03200000000106229	14616.529600000002	11.713066694103807	156.45219014917254	1031.8016531828634	
14616.568000000001	0.020000000000436557	Ripples						0.020000000000436557	14616.5768	7.381299290987665	157.8912022769191	816.8238619272416	
14616.681600000002	0.0727999999999156	Ripples						0.0727999999999156	14616.736	10.759017457658643	154.910917674541	1218.916030849452	
14617.5864	0.04960000000028231	Ripples						0.04960000000028231	14617.6144	13.824170036139904	146.62307026931262	1116.1340019335041	
14618.036800000002	0.03439999999864085	Ripples						0.03439999999864085	14618.056	22.625859328299022	166.8073611260032	1883.661277153559	
14618.4896	0.03679999999985739	Ripples						0.03679999999985739	14618.504	13.614874387105203	160.82511259250873	1274.3500229205129	
14620.564	0.03200000000106229	Ripples						0.03200000000106229	14620.5784	8.755953368320489	159.8215068589488	1061.7958270330657	
14620.9104	0.025600000000849832	Ripples						0.025600000000849832	14620.9184	8.233835804080604	159.82746437583862	935.1428644345154	
14623.0336	0.053600000001097214	Ripples						0.053600000001097214	14623.058400000002	19.384035322456455	153.29422391483894	1517.7373872118353	
14623.1512	0.02480000000105065	Ripples						0.02480000000105065	14623.162400000001	11.581737435022964	160.2576453053347	1245.941960594559	
14625.1584	0.09120000000075379	Ripples						0.09120000000075379	14625.232	12.419159257404692	161.47358739967936	1533.974175867516	
14625.350400000001	0.028000000000247383	Ripples						0.028000000000247383	14625.358400000001	9.321705803550959	157.21614190862013	1061.8483752035752	
14629.8976	0.0864000000001397	Ripples						0.0864000000001397	14629.916000000001	19.767388019543574	160.97639450138746	1729.676209485489	
14630.0272	0.022399999999834108	Ripples						0.022399999999834108	14630.0416	12.901428029094738	157.42029515868987	1194.826389811743	
14632.1928	0.0768000000007305	Ripples						0.0768000000007305	14632.208	7.545150626373383	147.01102497721058	707.5854718563639	
14634.327200000002	0.025599999999030842	Ripples						0.025599999999030842	14634.334400000002	6.722435086330261	173.689977150428	868.1387776150414	
14636.203200000002	0.027999999998428393	Ripples						0.027999999998428393	14636.218400000002	11.07140594724286	160.735135818791	1164.7365449716654	
14636.94	0.021600000000034925	Ripples						0.021600000000034925	14636.9544	6.460153628283478	158.98539398726749	949.6208209189988	
14638.298400000001	0.042400000000270666	Ripples						0.042400000000270666	14638.316	16.53796634468084	167.15803123489957	1604.684380837501	
14638.442400000002	0.02079999999841675	Ripples						0.02079999999841675	14638.4536	5.820425271966034	158.21083545334142	849.94129659422	
14638.588800000001	0.032799999999042484	Ripples						0.032799999999042484	14638.6	14.153864984911385	156.8876224826626	1177.8701172973274	
14644.7896	0.04960000000028231	Ripples						0.04960000000028231	14644.804	13.425524233411828	164.57333786804432	1352.0860450627706	
14645.539200000001	0.031199999999444117	Ripples						0.031199999999444117	14645.5568	12.715301189478051	173.60367856994588	1179.3330710042326	
14647.052800000001	0.0591999999996915	Ripples						0.0591999999996915	14647.0992	16.594777117033477	155.4208866046227	1630.7876575583653	
14647.708	0.028000000000247383	Ripples						0.028000000000247383	14647.7224	6.421868212785696	155.8871103816059	939.252265533266	
14650.0328	0.031199999999444117	Ripples						0.031199999999444117	14650.0504	5.649116763987079	153.93639287421348	867.6405695935733	
14650.1008	0.07200000000011642	Ripples						0.07200000000011642	14650.140000000001	17.158224040218183	151.68752417610426	1767.6164363477021	
14653.692000000001	0.042400000000270666	Ripples						0.042400000000270666	14653.7096	8.148720550882029	150.60211663845305	910.5222998392029	
14656.12	0.0455999999994674	Ripples						0.0455999999994674	14656.1496	17.216565728322855	167.13129615062942	1770.449524287872	
14656.357600000001	0.04159999999865249	Ripples						0.04159999999865249	14656.372800000001	31.927073776260162	162.21127654715528	2198.2806647038406	
14656.479200000002	0.027999999998428393	Ripples						0.027999999998428393	14656.496000000001	14.323161229287656	158.19535913847258	1455.5258127097875	
14656.716	0.0319999999992433	Ripples						0.0319999999992433	14656.727200000001	7.884018468904011	157.99688548984633	982.570850530263	
14658.673600000002	0.07439999999769498	Ripples						0.07439999999769498	14658.702400000002	8.910825283270372	144.28092050836574	677.2798257367491	
14658.922400000001	0.0319999999992433	Ripples						0.0319999999992433	14658.938400000001	23.26220147625865	169.83230876226204	1889.229129083584	
14659.3168	0.02479999999923166	Ripples						0.02479999999923166	14659.328000000001	14.837747267669249	161.80145278432084	1364.9779761126852	
14659.924	0.030399999999644933	Ripples						0.030399999999644933	14659.937600000001	9.869897334763538	158.68837599259732	1193.9873897409534	
14661.4136	0.035200000002078013	Ripples						0.035200000002078013	14661.428	26.083541750892607	159.62092508147728	1822.5783491226925	
14662.053600000001	0.02959999999984575	Ripples						0.02959999999984575	14662.064000000002	11.728508408901686	162.56310651008673	1300.2030726510266	
14662.175200000001	0.03600000000005821	Ripples						0.03600000000005821	14662.1872	9.15141630863417	154.1444611069838	933.5888966697377	
14662.306400000001	0.05279999999947904	Ripples						0.05279999999947904	14662.3448	8.89659565497996	154.57773473237654	1110.176424849331	
14664.427200000002	0.10639999999875727	Ripples						0.10639999999875727	14664.5088	14.855428616476543	155.67882722285208	1274.4808378229443	
14664.6136	0.03360000000066066	Ripples						0.03360000000066066	14664.6312	13.431083283194317	157.03135271811075	1430.1337754842493	
14672.748	0.07200000000011642	Ripples						0.07200000000011642	14672.8128	9.64186439447958	152.37509988385705	1010.0888859790794	
14672.9656	0.040000000000873115	Ripples						0.040000000000873115	14672.9824	11.99278717929272	177.35916518625746	1197.1251718485642	
14673.094400000002	0.031199999999444117	Ripples						0.031199999999444117	14673.1096	16.76337307635567	160.2977022571547	1547.052589569881	
14673.8896	0.03839999999945576	Ripples						0.03839999999945576	14673.904	23.58768900165944	161.00117320633186	1882.7113180162485	
14676.6344	0.02480000000105065	Ripples						0.02480000000105065	14676.6488	11.694721283294239	158.42643664444722	1259.6985672828846	
14676.698400000001	0.042399999998451676	Ripples						0.042399999998451676	14676.727200000001	6.730964185241753	153.0776889093275	911.2314723759187	
14676.7824	0.0496000000021013	Ripples						0.0496000000021013	14676.810400000002	14.34464073411092	150.98395373773434	1277.0686402868716	
14676.886400000001	0.037599999999656575	Ripples						0.037599999999656575	14676.900800000001	10.424405125373253	160.12051421291628	1231.674539069522	
14677.5848	0.04960000000028231	Ripples						0.04960000000028231	14677.592800000002	8.277723914935626	157.92233352566205	896.8105392933006	
14677.712800000001	0.037599999999656575	Ripples						0.037599999999656575	14677.7248	7.145876408082217	147.3818934630702	691.6409319060303	
14679.04	0.03280000000086147	Ripples						0.03280000000086147	14679.065600000002	6.484807409963641	156.91721960652637	864.8095139492349	
14679.4904	0.028800000000046566	Ripples						0.028800000000046566	14679.5048	10.922943450641958	154.38970387111343	1015.711432887942	
14681.247200000002	0.025599999999030842	Ripples						0.025599999999030842	14681.2584	8.669483359562046	156.32868014758222	1081.3197928267925	
14682.862400000002	0.021600000000034925	Ripples						0.021600000000034925	14682.8736	10.987495795144465	166.37183929391747	1142.4382068672953	
14683.196	0.04160000000047148	Ripples						0.04160000000047148	14683.2104	13.213935151240538	150.58524181090394	1132.1069782281302	
14687.6168	0.04160000000047148	Ripples						0.04160000000047148	14687.628800000002	12.331788815819909	154.92617220620508	1171.2365841927324	
14687.6928	0.04079999999885331	Ripples						0.04079999999885331	14687.7008	6.0598459851979625	155.1586200506871	839.8117226211256	
14687.810400000002	0.04799999999886495	Ripples						0.04799999999886495	14687.824	22.53424735553079	163.5237600944357	1742.6143391419066	
14687.9464	0.031200000001263106	Ripples						0.031200000001263106	14687.9656	10.423551976988497	168.3849660337591	1301.7716202944928	
14691.176000000001	0.0503999999982625	Ripples						0.0503999999982625	14691.199200000001	18.43835911784812	162.40483303590503	1704.9571619942358	
14692.364000000001	0.06159999999908905	Ripples						0.06159999999908905	14692.408800000001	19.96309129199013	151.83959389868627	1675.99471673797	
14698.2608	0.044799999999668216	Ripples						0.044799999999668216	14698.274400000002	20.142368066882508	154.99313248573515	1638.3516733273718	
14698.362400000002	0.05279999999947904	Ripples						0.05279999999947904	14698.376	21.68295066089363	164.00214940691816	1775.5700843203638	
14707.3528	0.028800000000046566	Ripples						0.028800000000046566	14707.375200000002	5.845212755767463	156.37188743467482	687.2430980921671	
14708.856	0.03360000000066066	Ripples						0.03360000000066066	14708.8688	19.401162647737635	164.38848901695698	1561.9594198597829	
14708.945600000001	0.04960000000028231	Ripples						0.04960000000028231	14708.966400000001	16.53115710143572	155.33814987092254	1465.1560925275978	
14710.7376	0.0272000000004482	Ripples						0.0272000000004482	14710.7512	15.584119544040181	167.4485130809312	1532.3134880419123	
14711.3904	0.03920000000107393	Ripples						0.03920000000107393	14711.412800000002	11.976552987104759	160.93422738885985	1403.0527739264921	
14711.5056	0.05280000000129803	Ripples						0.05280000000129803	14711.516	12.348495840869948	160.56197596166527	1322.5148039296798	
14714.612000000001	0.048800000000483124	Ripples						0.048800000000483124	14714.6432	5.009191689900238	150.6845104145062	841.1423709261688	
14714.6888	0.028000000002066372	Ripples						0.028000000002066372	14714.7	8.344327541574282	154.5599398143367	944.2362606137906	
14717.924	0.05439999999907741	Ripples						0.05439999999907741	14717.9512	20.57611569700156	162.94752402377287	1919.5185396546572	
14722.5088	0.04160000000047148	Ripples						0.04160000000047148	14722.524000000001	7.5784929711123326	157.30020100802037	970.5279077349879	
14722.644	0.044799999999668216	Ripples						0.044799999999668216	14722.661600000001	17.542419450901992	155.23817867371753	1652.323595209644	
14723.1976	0.025600000000849832	Ripples						0.025600000000849832	14723.216	6.065229671396065	151.28230669100986	729.6054587767522	
14736.166400000002	0.042399999998451676	Ripples						0.042399999998451676	14736.176800000001	10.433721661862407	165.58254408583366	1273.832709823641	
14737.3184	0.056000000000494765	Ripples						0.056000000000494765	14737.355200000002	9.035197475817078	166.54223902074864	1100.5427390028708	
14745.908800000001	0.07760000000052969	Ripples						0.07760000000052969	14745.963200000002	13.255184780581793	152.3411990733034	1371.0239578533162	
14749.199200000001	0.03679999999985739	Ripples						0.03679999999985739	14749.2192	14.488036109191814	157.51215345619747	1486.9165927652055	
14754.5624	0.03839999999945576	Ripples						0.03839999999945576	14754.5912	10.864042301122248	155.1809886237753	1126.3044694558978	
14755.2792	0.07519999999931315	Ripples						0.07519999999931315	14755.333600000002	12.098468627965284	156.66634929359472	1257.529091447544	
14757.84	0.05040000000008149	Ripples						0.05040000000008149	14757.8672	16.948679268561012	155.77316495811652	1470.2889808081754	
14765.532000000001	0.10399999999935972	Ripples						0.10399999999935972	14765.574400000001	20.280008447453298	164.8037428059035	1583.270619930734	
14767.528000000002	0.035199999998440035	Ripples						0.035199999998440035	14767.536800000002	7.286737633953248	161.5294369484653	850.2364532836413	
14769.1136	0.10720000000037544	Ripples						0.10720000000037544	14769.139200000001	9.8082148127971	147.48502426344643	1145.8234101825133	
14769.2824	0.028000000002066372	Ripples						0.028000000002066372	14769.2936	12.007526353645163	170.42995642905257	1092.8131521085468	
14769.727200000001	0.06079999999928987	Ripples						0.06079999999928987	14769.7584	17.313373862679878	169.28186266076074	1558.4635876725504	
14769.8776	0.04320000000006985	Ripples						0.04320000000006985	14769.9032	16.53179394558715	160.5050436357877	1599.0122546373364	
14770.016	0.042400000002089655	Ripples						0.042400000002089655	14770.0328	17.03141791080219	159.44244099451635	1632.470177031275	
14770.6064	0.03360000000066066	Ripples						0.03360000000066066	14770.6152	8.345084559492806	157.53712152689303	1034.3258259704244	
14770.6944	0.05040000000008149	Ripples						0.05040000000008149	14770.7336	12.554923743808008	155.52185441525856	1393.638690755325	
14772.364800000001	0.05279999999947904	Ripples						0.05279999999947904	14772.392800000001	26.26435270940787	154.46897142851938	1945.9330241336552	
14772.6056	0.08159999999952561	Ripples						0.08159999999952561	14772.624	8.334254802378632	147.7328396446812	695.8073668315566	
14773.132000000001	0.031199999999444117	Ripples						0.031199999999444117	14773.1456	8.975107043634418	155.74662718804765	1131.5740658107854	
14774.049600000002	0.021600000000034925	Ripples						0.021600000000034925	14774.0616	10.380823890114288	168.2759963169012	1108.5483214551462	
14775.9352	0.048800000000483124	Ripples						0.048800000000483124	14775.948	16.30064210202288	161.94470017803852	1418.7458346087067	
14776.299200000001	0.04320000000006985	Ripples						0.04320000000006985	14776.3128	20.195629073489222	169.78139916804813	1671.686458689963	
14776.8816	0.07679999999891152	Ripples						0.07679999999891152	14776.932	15.396562286829129	158.7017849449776	1484.9218591312867	
14777.036800000002	0.03839999999945576	Ripples						0.03839999999945576	14777.056	17.5815649463581	167.10457291929507	1692.625421176958	
14777.3952	0.04640000000108557	Ripples						0.04640000000108557	14777.412800000002	24.880443751892194	161.6090042742279	2010.6414569814629	
14777.8592	0.025599999999030842	Ripples						0.025599999999030842	14777.8704	20.756934851837816	164.17228362831017	1632.6686083586642	
14778.0328	0.0544000000008964	Ripples						0.0544000000008964	14778.0736	7.459973278810736	155.60109639634223	1050.4077906224327	
14778.9624	0.0408000000006723	Ripples						0.0408000000006723	14778.9728	12.806255114319413	161.22487561622154	1303.717748717696	
14781.7392	0.05280000000129803	Ripples						0.05280000000129803	14781.7664	12.278480358258157	163.51945139195132	1186.0366148919063	
14781.945600000001	0.12319999999999709	Ripples						0.12319999999999709	14781.957600000002	17.360529365328144	167.4812054986394	1462.634932376322	
14782.8096	0.023199999999633292	Ripples						0.023199999999633292	14782.821600000001	11.956582736217976	158.7863967296096	1195.9351935230864	
14783.8616	0.0408000000006723	Ripples						0.0408000000006723	14783.876	28.863304647334992	157.64064750233223	1931.8068007615539	
14784.1096	0.02960000000166474	Ripples						0.02960000000166474	14784.124	18.490808222293364	168.40965951147112	1712.7478926971266	
14784.564000000002	0.03439999999864085	Ripples						0.03439999999864085	14784.588800000001	8.535398758555234	166.21779521808395	1014.7098431561453	
14786.4208	0.03920000000107393	Ripples						0.03920000000107393	14786.436000000002	18.082915360485494	157.24212123903374	1349.7646359879382	
14787.3304	0.022399999999834108	Ripples						0.022399999999834108	14787.339200000002	10.077275307138018	162.69848096024546	1066.267129166758	
14789.393600000001	0.031199999999444117	Ripples						0.031199999999444117	14789.408000000001	15.941146864555131	156.76614575990345	1446.485544155522	
14790.4712	0.021600000000034925	Ripples						0.021600000000034925	14790.4856	7.065866121956247	154.00627760775708	773.7083109728002	
14790.5592	0.04800000000250293	Ripples						0.04800000000250293	14790.5704	10.377888282741461	160.19110247262537	1120.6318192517301	
14791.2016	0.044799999999668216	Ripples						0.044799999999668216	14791.2192	20.692594636782914	163.26955454670787	1583.4882035254002	
14791.300000000001	0.023999999999432475	Ripples						0.023999999999432475	14791.312000000002	14.028616249576274	167.96280702417977	1378.272781545355	
14791.407200000001	0.03839999999945576	Ripples						0.03839999999945576	14791.4208	11.79037890534141	155.96580059282084	1349.78761359768	
14791.892800000001	0.03839999999945576	Ripples						0.03839999999945576	14791.9032	13.457953191225542	158.288987054438	1296.3226544997156	
14792.0624	0.05680000000029395	Ripples						0.05680000000029395	14792.0736	11.066930448630202	162.60047004315487	1187.5078237052783	
14796.652000000002	0.02479999999923166	Ripples						0.02479999999923166	14796.6656	6.787969664891152	158.03147703334653	1011.815898726507	
14798.242400000001	0.08719999999993888	Ripples						0.08719999999993888	14798.2512	11.576964319623707	155.7916976562793	988.1859310234836	
14798.596000000001	0.023199999999633292	Ripples						0.023199999999633292	14798.6128	7.963328772315702	162.6831615771263	938.1150371784165	
14800.988000000001	0.03679999999985739	Ripples						0.03679999999985739	14801.006400000002	9.883490986576913	156.02575318219832	1004.6766402464139	
14802.937600000001	0.0544000000008964	Ripples						0.0544000000008964	14802.970400000002	13.333111178364398	144.69248239494078	1163.3139465679349	
14803.513600000002	0.03439999999864085	Ripples						0.03439999999864085	14803.531200000001	22.384266063622626	161.73335970433985	1840.1353386320372	
14803.628800000002	0.04159999999865249	Ripples						0.04159999999865249	14803.6496	20.228938808919033	155.76591102411336	1615.9482365088795	
14803.792000000001	0.0319999999992433	Ripples						0.0319999999992433	14803.8024	6.1930455633610375	153.57425018290576	815.0957912799862	
14804.2728	0.03839999999945576	Ripples						0.03839999999945576	14804.2864	17.237577036700365	162.09500306339646	1488.048505292066	
14804.368000000002	0.042399999998451676	Ripples						0.042399999998451676	14804.382400000002	11.781929490837909	155.57377730901158	1328.769957492561	
14805.053600000001	0.044799999999668216	Ripples						0.044799999999668216	14805.071200000002	19.382276634342297	157.37427253383322	1659.0372809969676	
14805.188000000002	0.02719999999862921	Ripples						0.02719999999862921	14805.2016	6.932540298628494	155.77063161478654	929.8758374731335	
14806.112000000001	0.028000000000247383	Ripples						0.028000000000247383	14806.126400000001	43.292140016671944	166.12651129044485	2377.7890730667286	
14806.241600000001	0.03600000000005821	Ripples						0.03600000000005821	14806.2592	6.69103303177543	147.98971306285583	807.0295788230031	
14811.576000000001	0.05760000000009313	Ripples						0.05760000000009313	14811.601600000002	22.057264296383106	151.9762162122707	1545.0421431245916	
14811.720000000001	0.031199999999444117	Ripples						0.031199999999444117	14811.738400000002	22.578333503409304	159.09069792755952	1722.1721575842016	
14811.807200000001	0.022399999999834108	Ripples						0.022399999999834108	14811.821600000001	6.692065235420596	153.41453613709805	725.4483053022489	
14811.979200000002	0.02239999999801512	Ripples						0.02239999999801512	14811.9912	8.473789806316667	158.98372776221095	1074.4373878684614	
14812.1224	0.05040000000008149	Ripples						0.05040000000008149	14812.152000000002	14.140568700441177	148.81706640089132	1297.7015371340613	
14815.121600000002	0.058399999998073326	Ripples						0.058399999998073326	14815.164	6.230626612198626	164.08135877466418	820.442980260312	
14819.5632	0.023199999999633292	Ripples						0.023199999999633292	14819.575200000001	6.710487012396945	157.20527649022827	869.1028957519649	
14819.884000000002	0.046399999999266583	Ripples						0.046399999999266583	14819.9208	10.977020498869464	167.9837806134741	1155.2117474772779	
14820.3304	0.022399999999834108	Ripples						0.022399999999834108	14820.3448	7.629128152199469	157.08452088010625	841.5088394706924	
14820.932	0.1264000000010128	Ripples						0.1264000000010128	14821.038400000001	25.530447894217172	156.0683555293418	2081.8989620431885	
14823.944000000001	0.0455999999994674	Ripples						0.0455999999994674	14823.9784	5.3094249591508795	161.50436808142416	679.438377912345	
14825.553600000001	0.022399999999834108	Ripples						0.022399999999834108	14825.564000000002	15.815823634937656	169.1098098575891	1254.2073496621076	
14827.333600000002	0.023199999999633292	Ripples						0.023199999999633292	14827.3488	6.152525514598343	156.30397259465892	608.6099905599564	
14827.3904	0.056000000000494765	Ripples						0.056000000000494765	14827.438400000001	10.788887669565058	150.544030928568	1002.2704450059305	
14827.880000000001	0.023199999999633292	Ripples						0.023199999999633292	14827.891200000002	12.040336673302729	166.0534964145031	1270.3830688158705	
14827.938400000001	0.021600000000034925	Ripples						0.021600000000034925	14827.952000000001	7.0529707599799325	167.61458075782716	1005.5414999967468	
14828.008000000002	0.021600000000034925	Ripples						0.021600000000034925	14828.0184	5.482074421106096	168.44142385437942	893.5811560646648	
14828.488000000001	0.11999999999898137	Ripples						0.11999999999898137	14828.5864	11.169357338999419	155.36851478172517	1087.6540427950245	
14831.2432	0.0544000000008964	Ripples						0.0544000000008964	14831.261600000002	15.091075841333849	154.86556706539528	1418.5395552384673	
14834.1096	0.030400000001463923	Ripples						0.030400000001463923	14834.1272	26.972339771946867	169.79374906121296	1946.1549081488736	
14837.981600000001	0.044799999999668216	Ripples						0.044799999999668216	14837.9968	16.35980234213457	161.9855286416452	1462.946531857396	
14838.774400000002	0.02959999999802676	Ripples						0.02959999999802676	14838.7824	5.868436840193084	151.60957211700338	787.3185324226486	
14842.0912	0.0455999999994674	Ripples						0.0455999999994674	14842.1168	7.47906734014158	152.2704757394179	657.5739009106269	
14842.2872	0.08159999999952561	Ripples						0.08159999999952561	14842.3384	17.303802611441608	151.12653357608755	1656.4867570252645	
14844.78	0.048800000000483124	Ripples						0.048800000000483124	14844.804	15.065443205019436	157.81478471538395	1570.5545720811392	
14844.876800000002	0.0319999999992433	Ripples						0.0319999999992433	14844.888	14.18523022586823	162.456016099	1383.5806243216769	
14846.211200000002	0.0367999999980384	Ripples						0.0367999999980384	14846.2376	12.354147269078569	159.61220336271103	1072.562008275907	
14847.52	0.06799999999930151	Ripples						0.06799999999930151	14847.5648	20.66641011744307	155.89493163698694	1861.2310274474567	
14847.6704	0.06240000000070722	Ripples						0.06240000000070722	14847.696	7.6093626964380405	153.72748104716058	966.3365174356467	
14848.387200000001	0.0319999999992433	Ripples						0.0319999999992433	14848.405600000002	13.279999664106532	156.64755219458135	1286.6950010372914	
14850.306400000001	0.026399999998830026	Ripples						0.026399999998830026	14850.324800000002	8.042411434763302	153.0649323270115	956.7761585598586	
14852.408000000001	0.03600000000005821	Ripples						0.03600000000005821	14852.4192	9.29215359721519	158.12737167358472	950.834869737146	
14852.944000000001	0.02719999999862921	Ripples						0.02719999999862921	14852.9584	7.937154497769018	158.40601277691368	1043.6962803026395	
14854.538400000001	0.05519999999887659	Ripples						0.05519999999887659	14854.5576	13.030329835876609	149.29965880857884	999.2923974650639	
14856.2736	0.0904000000009546	Ripples						0.0904000000009546	14856.333600000002	16.44419214452359	155.99365181027576	1613.6849983763707	
14856.4712	0.02480000000105065	Ripples						0.02480000000105065	14856.4856	13.667240332953673	157.08276423210177	1278.372659805854	
14856.62	0.08719999999993888	Ripples						0.08719999999993888	14856.6728	6.726129855291117	156.95974764989214	807.3544640446604	
14856.732800000002	0.027999999998428393	Ripples						0.027999999998428393	14856.7504	9.269698989371285	159.6036163390288	1191.1351004820647	
14861.531200000001	0.03280000000086147	Ripples						0.03280000000086147	14861.545600000001	11.17256191854542	155.05402407990238	1158.8479419859405	
14861.624800000001	0.05519999999887659	Ripples						0.05519999999887659	14861.668800000001	7.75707317558425	157.810551979773	768.3196604789431	
14864.0232	0.05520000000251457	Ripples						0.05520000000251457	14864.053600000001	12.687084148617698	145.90699763881912	1103.8017299412688	
14864.4904	0.0455999999994674	Ripples						0.0455999999994674	14864.513600000002	17.79297710751349	169.27529390246062	1628.8532473170822	
14865.6496	0.053599999999278225	Ripples						0.053599999999278225	14865.6712	12.396329439227701	154.05942020195675	1073.2896670115329	
14868.394400000001	0.04399999999986903	Ripples						0.04399999999986903	14868.4112	20.70062184855341	158.05039400583715	1794.9189555313355	
14868.510400000001	0.055999999998675776	Ripples						0.055999999998675776	14868.5288	25.67867139756798	161.76833996327414	2093.2981885383474	
14869.4208	0.058400000001711305	Ripples						0.058400000001711305	14869.441600000002	29.527119382662438	155.2468088679613	2048.0897390000455	
14869.9208	0.022400000001653098	Ripples						0.022400000001653098	14869.9336	5.458348242226182	157.793994557247	852.0703592539329	
14872.6496	0.025600000000849832	Ripples						0.025600000000849832	14872.6648	6.520108805086419	160.2033261804472	885.7589551995252	
14874.7288	0.040000000000873115	Ripples						0.040000000000873115	14874.744	18.059049619197697	159.6314571787508	1489.2878361566975	
14875.0184	0.06079999999928987	Ripples						0.06079999999928987	14875.068800000001	10.262895600567463	153.98495309364094	844.1824708485901	
14877.4312	0.02719999999862921	Ripples						0.02719999999862921	14877.44	5.206372079920687	154.44349661342073	591.5941431744634	
14878.8472	0.051200000001699664	Ripples						0.051200000001699664	14878.8664	5.104958467661521	152.40280917817523	557.331121199269	
14880.888	0.04160000000047148	Ripples						0.04160000000047148	14880.901600000001	13.410068361599814	173.0177708466365	1350.546930316021	
14883.159200000002	0.02079999999841675	Ripples						0.02079999999841675	14883.169600000001	5.1353515794556035	160.78445532821058	713.7356263096875	
14886.348000000002	0.048799999998664134	Ripples						0.048799999998664134	14886.3664	15.647199551798304	154.25673196072967	1352.0532326755101	
14889.8312	0.030399999999644933	Ripples						0.030399999999644933	14889.851200000001	6.091553969143724	174.8750027431939	895.2205592607611	
14891.1424	0.040000000000873115	Ripples						0.040000000000873115	14891.153600000001	13.671183058354128	161.44995521157924	1135.009937793601	
14891.695200000002	0.08559999999852153	Ripples						0.08559999999852153	14891.760000000002	15.08919695339314	147.80736029881282	1541.4119798366514	
14891.8544	0.04560000000128639	Ripples						0.04560000000128639	14891.876	21.52619634157792	151.008066168382	1644.1668819190038	
14896.785600000001	0.03360000000066066	Ripples						0.03360000000066066	14896.8016	7.580837625342938	149.9060398630516	722.1390411529451	
14898.2232	0.022400000001653098	Ripples						0.022400000001653098	14898.2376	19.6421798158981	164.99209883452417	1447.524475554134	
14901.5952	0.06240000000070722	Ripples						0.06240000000070722	14901.623200000002	14.671172968473822	158.0968216555617	1465.7164421269092	
14901.7768	0.03680000000167638	Ripples						0.03680000000167638	14901.7936	26.400059385673128	160.7110137487865	1992.142693757053	
14903.427200000002	0.07039999999869906	Ripples						0.07039999999869906	14903.443200000002	20.273353637091272	164.86154669174414	1578.1586197147928	
14903.644	0.03680000000167638	Ripples						0.03680000000167638	14903.6728	5.577570038070524	159.68201418201735	786.2343323426591	
14905.4472	0.02080000000023574	Ripples						0.02080000000023574	14905.4584	6.044268160149623	171.2427874791272	921.746138365999	
14916.582400000001	0.023999999999432475	Ripples						0.023999999999432475	14916.5936	13.64881518288306	165.88943457816106	1371.3837484007054	
14926.2032	0.05199999999967986	Ripples						0.05199999999967986	14926.238400000002	11.888820889521744	151.99952193303577	1280.9488873758883	
14926.7912	0.037600000001475564	Ripples						0.037600000001475564	14926.8112	22.30842884333124	168.11151259856342	1989.6456100104103	
14928.464	0.07200000000011642	Ripples						0.07200000000011642	14928.479200000002	23.080287686171406	153.52349566326262	1854.8427148655653	
14928.633600000001	0.04160000000047148	Ripples						0.04160000000047148	14928.6568	13.65270396663828	152.93915300676997	1150.6544981871893	
14928.804	0.07359999999971478	Ripples						0.07359999999971478	14928.8664	8.359494109513461	157.33797826129418	1225.440087554101	
14932.567200000001	0.031199999999444117	Ripples						0.031199999999444117	14932.5848	17.16843376082781	159.06227419622016	1598.4279971470687	
14933.878400000001	0.05439999999907741	Ripples						0.05439999999907741	14933.912800000002	17.82954257917837	153.81667056769732	1724.8601281726872	
14934.015200000002	0.035199999998440035	Ripples						0.035199999998440035	14934.0344	28.787264074274663	162.11894689390905	2114.5646122143944	
14934.436000000002	0.11919999999918218	Ripples						0.11919999999918218	14934.539200000001	19.525222391910052	154.64472224252955	1798.1760591773943	
14934.656	0.03679999999985739	Ripples						0.03679999999985739	14934.6744	17.920638565752377	159.29844061892393	1708.471508146868	
14935.592800000002	0.02719999999862921	Ripples						0.02719999999862921	14935.6096	21.55103971442665	165.52815084372557	1619.6223799962504	
14936.300000000001	0.030399999999644933	Ripples						0.030399999999644933	14936.326400000002	5.494972152536562	170.88587804919896	738.7848643672127	
14936.4104	0.04960000000028231	Ripples						0.04960000000028231	14936.427200000002	22.064344397646295	162.4822633408275	1811.8025577549624	
14937.18	0.03600000000005821	Ripples						0.03600000000005821	14937.202400000002	11.538443998164073	153.1414625313636	1112.7933477657568	
14938.637600000002	0.09360000000015134	Ripples						0.09360000000015134	14938.720000000001	10.078837143203657	156.54522442660956	1015.0441616649236	
14938.944800000001	0.02479999999923166	Ripples						0.02479999999923166	14938.952800000001	7.6676916422599035	157.27671740822993	911.2356020559812	
14941.7104	0.042400000002089655	Ripples						0.042400000002089655	14941.7392	15.879169013733046	155.2735530260044	1311.3531915316087	
14941.833600000002	0.1584000000002561	Ripples						0.1584000000002561	14941.880000000001	19.305777766257187	153.61135949584227	1747.5916387205405	
14943.0056	0.06400000000030559	Ripples						0.06400000000030559	14943.029600000002	8.086974893292611	163.7913484706496	954.8287912774624	
14943.336000000001	0.0455999999994674	Ripples						0.0455999999994674	14943.371200000001	13.473301748447465	157.35678055691355	1209.2805338730948	
14943.9048	0.03360000000066066	Ripples						0.03360000000066066	14943.932	6.622969664206665	164.5155315776874	890.3427982907621	
14945.3776	0.044800000001487206	Ripples						0.044800000001487206	14945.394400000001	9.253481211229175	161.11222381133194	1178.045939856217	
14945.4624	0.024000000001251465	Ripples						0.024000000001251465	14945.473600000001	11.904013463431573	166.9654304195462	1346.4923381634715	
14946.891200000002	0.025599999999030842	Ripples						0.025599999999030842	14946.908800000001	13.651392668225588	163.68823584582557	1208.1705577653981	
14946.936800000001	0.032799999999042484	Ripples						0.032799999999042484	14946.9552	10.346637940096153	152.0366092210083	995.4603940192167	
14947.1168	0.03200000000106229	Ripples						0.03200000000106229	14947.1272	12.391240507292057	157.25767240104238	1252.9813479614515	
14948.006400000002	0.048799999998664134	Ripples						0.048799999998664134	14948.0232	17.254481190680924	154.57374137532278	1549.5518475947651	
14948.080000000002	0.0319999999992433	Ripples						0.0319999999992433	14948.094400000002	12.399027306337997	153.46930363904133	1365.8666087204374	
14948.1744	0.051200000001699664	Ripples						0.051200000001699664	14948.212	11.682316409859478	159.94269120625736	1279.5290942505283	
14948.401600000001	0.037599999999656575	Ripples						0.037599999999656575	14948.428800000002	5.580495423185887	154.953404410372	720.69207502061	
14950.04	0.035200000000259024	Ripples						0.035200000000259024	14950.0576	21.620876999869548	161.15680421002128	1853.385423951201	
14950.6936	0.044800000001487206	Ripples						0.044800000001487206	14950.709600000002	9.631871847678177	149.43673208412412	849.6101512472225	
14953.0632	0.04800000000068394	Ripples						0.04800000000068394	14953.0864	16.049794057703494	155.15189194635508	1443.6711097073503	
14953.6728	0.03600000000005821	Ripples						0.03600000000005821	14953.683200000001	5.566658598889735	156.46038288490215	768.2002516762456	
14959.068800000001	0.02959999999984575	Ripples						0.02959999999984575	14959.0768	6.426643751482114	155.7661915391526	762.2604047745913	
14961.3312	0.042400000000270666	Ripples						0.042400000000270666	14961.342400000001	14.305665405582033	160.40589639543666	1256.368244571675	
14961.632800000001	0.058399999999892316	Ripples						0.058399999999892316	14961.648000000001	8.833392035154827	151.81743543395635	1105.8782030604941	
14966.724000000002	0.053599999999278225	Ripples						0.053599999999278225	14966.7464	7.759141638042092	149.81738135559226	880.8613558657423	
14971.228000000001	0.025599999999030842	Ripples						0.025599999999030842	14971.240000000002	7.256777263376325	151.88551981175465	726.6981992856923	
14971.832000000002	0.11599999999816646	Ripples						0.11599999999816646	14971.864800000001	12.613488486602616	150.22904496364757	1325.7124297998832	
14973.2296	0.05040000000008149	Ripples						0.05040000000008149	14973.242400000001	5.83418974218517	167.992263136516	1012.8231297366643	
14973.535200000002	0.14399999999841384	Ripples						0.14399999999841384	14973.637600000002	14.619352227666948	165.1694734586346	1323.3759428994474	
14974.777600000001	0.04799999999886495	Ripples						0.04799999999886495	14974.8056	13.997928453333085	156.1071514555034	1469.32544965148	
14976.568000000001	0.07599999999911233	Ripples						0.07599999999911233	14976.6008	22.18680826439401	148.48457084855647	1371.9039718007289	
14977.6384	0.04320000000006985	Ripples						0.04320000000006985	14977.6648	15.03716278111065	155.03745941686907	1551.5498332773516	
14977.960000000001	0.02719999999862921	Ripples						0.02719999999862921	14977.974400000001	12.382257465221977	157.18189424621562	1200.8779438077306	
14982.855200000002	0.051199999998061685	Ripples						0.051199999998061685	14982.8704	22.123314900018418	162.27802967748804	1739.5806485619903	
14982.945600000001	0.03200000000106229	Ripples						0.03200000000106229	14982.956000000002	16.475623907359633	155.503217586848	1467.3954270692113	
14983.017600000001	0.035200000000259024	Ripples						0.035200000000259024	14983.035200000002	17.63444632977965	157.29450917821254	1709.9199460046527	
14983.156	0.03839999999945576	Ripples						0.03839999999945576	14983.184000000001	6.0870392239948865	156.77525416104498	926.8774786142221	
14983.319200000002	0.032799999999042484	Ripples						0.032799999999042484	14983.344000000001	11.374104901478828	154.10466668488542	1119.9946457423005	
14985.6152	0.05040000000008149	Ripples						0.05040000000008149	14985.6496	6.184608717617917	154.72110330088185	509.99933753047014	
14985.696	0.05520000000069558	Ripples						0.05520000000069558	14985.720000000001	14.706403112170403	153.52912617111414	1451.9880287401625	
14985.8704	0.044800000001487206	Ripples						0.044800000001487206	14985.879200000001	8.837232280287711	153.72317049299625	1071.920999558686	
14986.4192	0.05199999999967986	Ripples						0.05199999999967986	14986.463200000002	10.907901405332215	162.99886179624048	1177.9070929896966	
14986.660800000001	0.06719999999950232	Ripples						0.06719999999950232	14986.688000000002	7.775555614472249	158.41259635550108	981.5826025073229	
14986.862400000002	0.08399999999892316	Ripples						0.08399999999892316	14986.9032	6.770721658684834	163.69902937529056	812.3208720828375	
14988.0	1986.0	SleepStates											Awake
14999.144800000002	0.03439999999864085	Ripples						0.03439999999864085	14999.162400000001	11.89575161448971	158.49266617109598	1360.254135720832	
15033.0016	0.042400000002089655	Ripples						0.042400000002089655	15033.013600000002	8.81787715811511	163.78550341705278	1122.4609336241233	
15035.1792	0.02080000000023574	Ripples						0.02080000000023574	15035.189600000002	6.287514962142292	159.44822768736807	965.8821027012256	
15035.2248	0.02480000000105065	Ripples						0.02480000000105065	15035.2392	8.629730360939286	156.12654608627395	1000.2070492383338	
15040.822400000001	0.04160000000047148	Ripples						0.04160000000047148	15040.8472	11.115323426796177	155.51011984417497	1194.0011933495064	
15042.973600000001	0.047200000000884756	Ripples						0.047200000000884756	15043.0056	15.36747504760982	156.40462191242068	1571.3478332333611	
15071.545600000001	0.07040000000051805	Ripples						0.07040000000051805	15071.567200000001	13.690339480513062	160.10476628021806	1414.3773451591821	
15079.604000000001	0.02719999999862921	Ripples						0.02719999999862921	15079.621600000002	12.110003669020605	158.15315422755594	1214.29534637131	
15081.7448	0.02479999999923166	Ripples						0.02479999999923166	15081.7552	8.375107803256755	163.94546720884725	1158.1821567644056	
15086.2576	0.03280000000086147	Ripples						0.03280000000086147	15086.2728	5.282479174111369	147.31252102206767	751.9572810829047	
15098.0112	0.09360000000015134	Ripples						0.09360000000015134	15098.082400000001	14.046805676957794	164.22533636095943	1511.754138186078	
15100.888	0.048800000000483124	Ripples						0.048800000000483124	15100.900000000001	13.524139776725491	163.49583810266242	1328.2947724954129	
15101.2192	0.03440000000045984	Ripples						0.03440000000045984	15101.234400000001	11.307675102534686	156.61205240855332	934.4009164177248	
15111.481600000001	0.03200000000106229	Ripples						0.03200000000106229	15111.503200000001	8.231814237136744	167.95196883718606	1056.333058098589	
15123.820800000001	0.06079999999928987	Ripples						0.06079999999928987	15123.842400000001	5.321865806766896	147.63300002232097	812.9822961353553	
15153.000800000002	0.0272000000004482	Ripples						0.0272000000004482	15153.015200000002	7.0097686961081385	165.2454072563069	1055.7621447209995	
15167.000800000002	0.04079999999885331	Ripples						0.04079999999885331	15167.028000000002	7.74170200543343	163.46233823778206	916.3673083534072	
15302.204000000002	0.05040000000008149	Ripples						0.05040000000008149	15302.236	10.493388981882237	174.3405930602362	1242.802898433469	
15312.1488	0.037599999999656575	Ripples						0.037599999999656575	15312.172	7.320117985604533	156.41159587232713	1083.3204610957632	
15316.992000000002	0.030399999999644933	Ripples						0.030399999999644933	15317.0056	17.184922456570078	164.4412056506836	1651.8850778073395	
15317.333600000002	0.07999999999810825	Ripples						0.07999999999810825	15317.351200000001	11.940088940059619	159.785126244674	1441.3874017631451	
15342.398400000002	0.07279999999809661	Ripples						0.07279999999809661	15342.4256	10.627790220469088	155.31524267687467	1139.5732030366444	
15345.5448	0.022400000001653098	Ripples						0.022400000001653098	15345.5576	6.399155184194791	161.81587077121796	987.889043094882	
15348.871200000001	0.028800000000046566	Ripples						0.028800000000046566	15348.887200000001	8.363779002665959	170.63515818282573	1141.6311981666024	
15361.9256	0.07760000000052969	Ripples						0.07760000000052969	15361.9872	9.56709223403781	156.86258901418742	1246.0646478451843	
15368.148000000001	0.031199999999444117	Ripples						0.031199999999444117	15368.1584	11.003889172065486	157.93346871008757	1237.2024755396742	
15370.826400000002	0.0367999999980384	Ripples						0.0367999999980384	15370.84	14.186065876195583	160.60334803351302	1427.8638413060119	
15373.317600000002	0.031199999997625127	Ripples						0.031199999997625127	15373.332000000002	10.511973542945082	163.94600063258127	1315.7814848932733	
15376.316	0.05920000000151049	Ripples						0.05920000000151049	15376.343200000001	17.366311145316327	157.97690925600082	1624.1903538490492	
15381.329600000001	0.04399999999986903	Ripples						0.04399999999986903	15381.343200000001	15.028661023737786	172.70227517440233	1474.0794244005745	
15382.4352	0.030400000001463923	Ripples						0.030400000001463923	15382.452000000001	21.716062883174626	163.55588407007608	1811.1976104739992	
15384.896800000002	0.042399999998451676	Ripples						0.042399999998451676	15384.928	10.597592570211203	167.9068186989179	1266.4460062262142	
15399.398400000002	0.03839999999945576	Ripples						0.03839999999945576	15399.4168	20.68995503297212	158.5962684903782	1816.2699955685468	
15399.5016	0.04320000000006985	Ripples						0.04320000000006985	15399.524800000001	15.695930763904123	161.34212348764717	1695.8584924427068	
15402.3128	0.035200000002078013	Ripples						0.035200000002078013	15402.3384	6.506716696926068	153.93781471808452	901.110634204559	
15406.568000000001	0.07359999999971478	Ripples						0.07359999999971478	15406.588800000001	9.541858677341132	147.21187228109815	984.8621510437255	
15409.597600000001	0.09679999999934807	Ripples						0.09679999999934807	15409.6784	13.145554430813796	160.9972319144465	1441.8312895392912	
15410.108800000002	0.026399999998830026	Ripples						0.026399999998830026	15410.124800000001	12.656561842795975	168.49832171053131	1314.502693415527	
15414.749600000001	0.023199999999633292	Ripples						0.023199999999633292	15414.768800000002	5.027368593173653	172.21285443871213	724.6240471510955	
15417.725600000002	0.05439999999907741	Ripples						0.05439999999907741	15417.745600000002	9.792959253502922	167.2478006818895	1335.100987053295	
15421.6344	0.04640000000108557	Ripples						0.04640000000108557	15421.661600000001	18.402043128956834	159.9840934868521	1742.7750773933572	
15422.643200000002	0.037599999999656575	Ripples						0.037599999999656575	15422.6672	8.62577348457144	154.54213840869377	1022.0823229923924	
15422.7736	0.05760000000009313	Ripples						0.05760000000009313	15422.792000000001	20.786996773403843	167.04063476051084	1820.4086584804788	
15422.968	0.13040000000000873	Ripples						0.13040000000000873	15423.0768	13.985622694761199	169.0404950330896	1413.3857471179656	
15423.5344	0.03600000000005821	Ripples						0.03600000000005821	15423.551200000002	15.933964500452719	163.52221763582048	1679.5273185610151	
15429.123200000002	0.035199999998440035	Ripples						0.035199999998440035	15429.1456	5.052179333845319	165.1293018117416	972.8046617667628	
15429.792800000001	0.04399999999986903	Ripples						0.04399999999986903	15429.815200000001	11.488946977445393	152.584541791269	1144.4204457055307	
15429.924	0.03440000000045984	Ripples						0.03440000000045984	15429.937600000001	8.119423754676012	153.00902552331388	1023.5310637274146	
15430.9872	0.05920000000151049	Ripples						0.05920000000151049	15430.999200000002	15.489903915896823	164.23324747987772	1411.1239526041684	
15444.6944	0.035200000000259024	Ripples						0.035200000000259024	15444.7216	5.650850645127612	158.93499466169953	908.474649888836	
15447.813600000001	0.09999999999854481	Ripples						0.09999999999854481	15447.8672	14.037252573760755	161.4909524661235	1499.60307114376	
15448.7872	0.035200000000259024	Ripples						0.035200000000259024	15448.8016	12.123272684201687	156.44261779706133	1244.8822005129573	
15450.639200000001	0.023199999999633292	Ripples						0.023199999999633292	15450.6496	17.51708570763599	167.56985361681015	1413.4583038558876	
15453.2264	0.03200000000106229	Ripples						0.03200000000106229	15453.248	8.438780345285817	152.53570141637047	919.1158441301072	
15453.391200000002	0.030399999999644933	Ripples						0.030399999999644933	15453.408000000001	7.405918775546572	156.19252363185225	1115.2563039491638	
15454.893600000001	0.026400000000649015	Ripples						0.026400000000649015	15454.905600000002	6.319302894782205	154.0950919357382	872.3175371471062	
15455.912800000002	0.10879999999815482	Ripples						0.10879999999815482	15456.0088	13.240013351889147	156.4769579129086	1327.4209163457326	
15456.7072	0.03359999999884167	Ripples						0.03359999999884167	15456.7152	6.127698359600759	158.18737983815603	810.8141505858763	
15459.28	0.05040000000008149	Ripples						0.05040000000008149	15459.3008	16.23174686405348	169.474600949766	1674.2775703336727	
15462.0624	0.08480000000054133	Ripples						0.08480000000054133	15462.103200000001	8.618912801900672	154.12601844836712	1294.4160788783825	
15472.6704	0.05760000000009313	Ripples						0.05760000000009313	15472.698400000001	17.60227756436337	154.10560587295268	1657.3898341821277	
15475.6224	0.042400000000270666	Ripples						0.042400000000270666	15475.652000000002	9.393243094200253	154.44081115778107	1110.4734392955024	
15475.9872	0.03680000000167638	Ripples						0.03680000000167638	15476.0088	20.192443131043856	159.19127312679376	1676.0722897380992	
15477.6784	0.035200000000259024	Ripples						0.035200000000259024	15477.696800000002	14.060155921244728	166.91197878014236	1401.551070606799	
15481.2696	0.051200000001699664	Ripples						0.051200000001699664	15481.284800000001	16.379896142595175	155.40280432500015	1490.1201785994779	
15487.092	0.047200000000884756	Ripples						0.047200000000884756	15487.118400000001	18.48970851328821	156.81304439118398	1768.8554447663869	
15487.268800000002	0.03919999999925494	Ripples						0.03919999999925494	15487.2824	22.562558447273165	165.6498063678195	1713.1779934639303	
15487.8232	0.025599999999030842	Ripples						0.025599999999030842	15487.832000000002	6.68647246567351	155.4874077654138	904.2682695776356	
15537.749600000001	0.06960000000071886	Ripples						0.06960000000071886	15537.784	14.035158051440776	162.19899169265514	1440.230324845407	
15538.512	0.07840000000032887	Ripples						0.07840000000032887	15538.5704	9.08813789965958	163.09281247348028	961.3881014671042	
15545.5912	0.02320000000145228	Ripples						0.02320000000145228	15545.6056	6.5479240284672535	172.26964483353336	933.9237816426796	
15548.822400000001	0.05280000000129803	Ripples						0.05280000000129803	15548.853600000002	10.557930126605475	153.8302090321977	1212.498581281007	
15549.66	0.03440000000045984	Ripples						0.03440000000045984	15549.6776	14.892365709368217	161.09356770841606	1559.4566731289892	
15550.568800000001	0.08719999999993888	Ripples						0.08719999999993888	15550.5808	9.564829939883733	154.85485394642456	1151.5623020258438	
15553.420000000002	0.05439999999907741	Ripples						0.05439999999907741	15553.448	16.16371599721263	166.717619654012	1702.0494246455914	
15555.0992	0.028000000000247383	Ripples						0.028000000000247383	15555.1136	5.657588964717586	155.60366420941224	822.2134191151974	
15561.764000000001	0.023999999999432475	Ripples						0.023999999999432475	15561.7752	7.640449515940533	163.25399615446233	1073.213756798123	
15567.7144	0.03919999999925494	Ripples						0.03919999999925494	15567.7408	15.223159243815823	168.2440466884451	1366.106808728082	
15572.3488	0.028000000002066372	Ripples						0.028000000002066372	15572.3664	8.847555217342268	161.60758613433484	1167.0555035477914	
15579.249600000001	0.0408000000006723	Ripples						0.0408000000006723	15579.272	10.979444771567458	163.96265829850194	1100.4211702248936	
15581.460000000001	0.025599999999030842	Ripples						0.025599999999030842	15581.4712	11.420446527583346	164.37384016796088	1288.6200776225517	
15582.580000000002	0.06079999999928987	Ripples						0.06079999999928987	15582.6208	13.43605312427857	156.2572935240976	1509.3952809516375	
15582.7008	0.051199999999880674	Ripples						0.051199999999880674	15582.7224	19.800041324733453	172.59927575864563	1667.3735320870594	
15583.817600000002	0.023999999997613486	Ripples						0.023999999997613486	15583.828800000001	6.954209966612951	155.74646173435278	899.0211395438594	
15584.7432	0.03840000000127475	Ripples						0.03840000000127475	15584.754400000002	17.191018715542548	161.38695846227742	1557.9173304745314	
15591.928800000002	0.023199999999633292	Ripples						0.023199999999633292	15591.9408	9.983939806378176	158.51591761052967	1118.1906285496016	
15592.371200000001	0.03280000000086147	Ripples						0.03280000000086147	15592.385600000001	21.293041912549896	170.2695146031285	1734.5223704282946	
15595.843200000001	0.03600000000005821	Ripples						0.03600000000005821	15595.864800000001	10.56479088330823	152.71123694604915	1147.5792059468681	
15622.9608	0.053599999999278225	Ripples						0.053599999999278225	15622.9832	13.05734671718735	156.90870150180567	1504.7301760471344	
15650.5808	0.03280000000086147	Ripples						0.03280000000086147	15650.588800000001	5.248433381508962	162.85230325301777	839.7789544313807	
15650.7144	0.058399999999892316	Ripples						0.058399999999892316	15650.7536	14.999413331458008	162.81754440102418	1526.95652371193	
15652.224000000002	0.044799999999668216	Ripples						0.044799999999668216	15652.254400000002	11.389814766305326	166.66004329854678	1349.6519088288067	
15655.1352	0.03360000000066066	Ripples						0.03360000000066066	15655.1496	16.888610203836773	161.50226033440904	1538.654970174408	
15657.092	0.030399999999644933	Ripples						0.030399999999644933	15657.1024	13.637644537520435	163.01192983451068	1352.128657519865	
15657.2368	0.025599999999030842	Ripples						0.025599999999030842	15657.248800000001	7.822851959781427	155.0774947037869	1066.4885822531023	
15658.864800000001	0.04960000000028231	Ripples						0.04960000000028231	15658.900800000001	17.633039594530928	160.00734547850507	1606.826341273822	
15660.908800000001	0.04399999999986903	Ripples						0.04399999999986903	15660.945600000001	8.779735010491766	153.86534270376822	998.0095325834081	
15661.008000000002	0.03919999999925494	Ripples						0.03919999999925494	15661.029600000002	12.67203148929993	154.4318168864441	1388.2643299446838	
15667.988000000001	0.025600000000849832	Ripples						0.025600000000849832	15667.996000000001	6.043576995573137	155.31294853076128	968.0143917524028	
15678.7728	0.03200000000106229	Ripples						0.03200000000106229	15678.785600000001	12.168893754491899	163.76327528634494	1327.8931586102108	
15679.810400000002	0.0591999999996915	Ripples						0.0591999999996915	15679.852	10.64322234101237	150.69564763974253	1205.6994488437326	
15681.1096	0.1088000000017928	Ripples						0.1088000000017928	15681.132800000001	15.748623842570574	161.16532601232404	1546.9293709485753	
15684.7512	0.06640000000152213	Ripples						0.06640000000152213	15684.7936	15.434324505627082	163.39074223549773	1602.579981905744	
15697.432	0.02080000000023574	Ripples						0.02080000000023574	15697.4424	6.1115813155592065	157.57544294466675	846.9887043641706	
15710.3808	0.026400000000649015	Ripples						0.026400000000649015	15710.396800000002	7.954535501685571	169.50808192220603	1098.254239386632	
15710.4984	0.05760000000009313	Ripples						0.05760000000009313	15710.515200000002	10.831187524935196	152.0751136952401	1228.9081280429382	
15721.728000000001	0.06319999999868742	Ripples						0.06319999999868742	15721.7752	15.228422783893768	156.7794355744636	1500.5774239733591	
15727.4352	0.03840000000127475	Ripples						0.03840000000127475	15727.4464	10.754775633619955	174.34698154012557	1211.6814359513749	
15728.869600000002	0.10239999999976135	Ripples						0.10239999999976135	15728.891200000002	19.15904135358689	157.1340351205596	1633.3680541795093	
15733.944000000001	0.051199999999880674	Ripples						0.051199999999880674	15733.968	16.11517592506041	153.5053698342348	1488.3732361419666	
15734.071200000002	0.03359999999884167	Ripples						0.03359999999884167	15734.085600000002	17.390171461659904	166.6639117769649	1642.8260032693324	
15736.855200000002	0.05519999999887659	Ripples						0.05519999999887659	15736.872000000001	8.538896804084366	163.87177031410855	1138.545356109387	
15740.051200000002	0.10640000000057626	Ripples						0.10640000000057626	15740.130400000002	11.3450487918137	174.9276165451396	1396.4958205751016	
15744.089600000001	0.02959999999984575	Ripples						0.02959999999984575	15744.1008	11.04061768585668	170.848065574423	1223.7520588741695	
15744.3112	0.08000000000174623	Ripples						0.08000000000174623	15744.3688	20.653477601268726	167.50955863583405	1884.5267057046558	
15754.241600000001	0.08959999999933643	Ripples						0.08959999999933643	15754.274400000002	16.58267834228512	158.34386072623425	1428.9896428154505	
15755.2288	0.048800000000483124	Ripples						0.048800000000483124	15755.2584	17.557807588427075	171.30934347019323	1747.8991398275568	
15761.082400000001	0.07520000000113214	Ripples						0.07520000000113214	15761.116000000002	9.663027706415694	163.36625794342567	1267.26739571073	
15764.3976	0.026400000000649015	Ripples						0.026400000000649015	15764.411200000002	7.359659852356918	177.5854096502115	897.8406000325554	
15765.020800000002	0.06480000000010477	Ripples						0.06480000000010477	15765.058400000002	18.36303326650232	159.78560297199746	1803.3371886937562	
15765.9136	0.03840000000127475	Ripples						0.03840000000127475	15765.9256	6.842131700378153	152.76751356194688	798.280520226198	
15766.732800000002	0.11919999999918218	Ripples						0.11919999999918218	15766.8384	12.559138878757162	157.4072875306677	1393.8342849895703	
15767.2248	0.06240000000070722	Ripples						0.06240000000070722	15767.2592	13.62687506328766	163.7698479342393	1506.6966770610752	
15770.1704	0.04320000000006985	Ripples						0.04320000000006985	15770.1936	14.75846891506287	161.19677778837328	1548.5357582847332	
15770.852	0.023999999999432475	Ripples						0.023999999999432475	15770.8632	7.075922976531094	160.24196499484518	990.8897740271453	
15773.3664	0.026400000000649015	Ripples						0.026400000000649015	15773.380000000001	10.10397703177676	171.39403677835048	1202.6484655162224	
15774.445600000001	0.10639999999875727	Ripples						0.10639999999875727	15774.465600000001	15.239700612551449	157.84254662838825	1534.8419313889015	
15775.589600000001	0.035200000000259024	Ripples						0.035200000000259024	15775.608	8.423447362270736	156.1766209833068	1081.0045717574658	
15779.2104	0.09440000000176951	Ripples						0.09440000000176951	15779.284800000001	8.745321063726323	163.5837764178679	1214.0636230373013	
15781.892800000001	0.03359999999884167	Ripples						0.03359999999884167	15781.914400000001	8.153407515256776	176.75857802493547	1007.4022040057474	
15783.16	0.030400000001463923	Ripples						0.030400000001463923	15783.176800000001	10.371888628143465	159.77325178737618	1256.3304529822797	
15783.412	0.022400000001653098	Ripples						0.022400000001653098	15783.427200000002	5.228569157342044	153.50957774362584	782.6912140415419	
15792.437600000001	0.037599999999656575	Ripples						0.037599999999656575	15792.451200000001	6.737943901212164	157.24680086838612	1021.4169497354757	
15792.5488	0.03440000000045984	Ripples						0.03440000000045984	15792.5632	11.73044626481709	163.33511280400782	1355.5546118593475	
15797.0984	0.02480000000105065	Ripples						0.02480000000105065	15797.1096	7.151485271164772	154.48790859181568	922.76457101913	
15797.155200000001	0.02959999999984575	Ripples						0.02959999999984575	15797.172	10.011988162880023	174.0800197869766	1182.5649150019026	
15800.035200000002	0.07359999999971478	Ripples						0.07359999999971478	15800.060800000001	12.650738931697825	184.32782169509466	1182.948746212778	
15804.9872	0.04400000000168802	Ripples						0.04400000000168802	15805.003200000001	27.882873433491838	161.14770840795168	2042.9371557124007	
15805.745600000002	0.03359999999884167	Ripples						0.03359999999884167	15805.7536	7.970094409985521	153.68189308996043	846.1993548126292	
15806.376800000002	0.03919999999925494	Ripples						0.03919999999925494	15806.392800000001	5.997260636064309	161.63869755210354	943.6624682579134	
15808.8384	0.04160000000047148	Ripples						0.04160000000047148	15808.860800000002	11.44441773772971	169.02109336155794	1410.2232277601554	
15814.4472	0.048800000000483124	Ripples						0.048800000000483124	15814.4688	20.283235642814194	172.18774667060842	1727.2933586180525	
15816.124	0.02080000000205473	Ripples						0.02080000000205473	15816.1352	7.0161293299096	170.76026510148668	1006.8702284972197	
15819.2728	0.025599999999030842	Ripples						0.025599999999030842	15819.2864	12.896483070404022	170.57631913430419	1228.0544481932782	
15819.332000000002	0.02239999999801512	Ripples						0.02239999999801512	15819.34	5.781676697734534	157.3485765023579	843.9595178280019	
15819.4624	0.05280000000129803	Ripples						0.05280000000129803	15819.499200000002	18.847178930823695	159.51764033259153	1746.0453316344529	
15821.3992	0.03600000000005821	Ripples						0.03600000000005821	15821.4192	14.683542747961434	168.96968813860923	1599.239222781223	
15826.104000000001	0.03839999999945576	Ripples						0.03839999999945576	15826.125600000001	8.18939090475081	155.0114185795289	1178.8429947432219	
15829.698400000001	0.03600000000005821	Ripples						0.03600000000005821	15829.7104	5.530230706873631	168.29552397855605	982.1427243542645	
15831.9424	0.03440000000045984	Ripples						0.03440000000045984	15831.959200000001	10.750473585634122	152.79136456622984	1100.6054613665824	
15843.8128	0.0272000000004482	Ripples						0.0272000000004482	15843.824	10.444045365961873	166.16649264664915	1217.9353137228788	
15844.144800000002	0.03919999999925494	Ripples						0.03919999999925494	15844.169600000001	5.515549055570255	154.64975168819652	905.5340367398206	
15844.218400000002	0.044799999999668216	Ripples						0.044799999999668216	15844.2304	10.33512188500327	150.65983974224963	1085.7073630763293	
15859.9096	0.03920000000107393	Ripples						0.03920000000107393	15859.936800000001	9.018586386417807	174.75680697176534	1104.1072416899779	
15862.119200000001	0.05760000000009313	Ripples						0.05760000000009313	15862.155200000001	14.18035622056076	156.0777751938582	1389.1187578214808	
15866.092	0.023199999999633292	Ripples						0.023199999999633292	15866.104800000001	5.5098318982951495	159.2274673492744	972.5474964066258	
15867.705600000001	0.03440000000045984	Ripples						0.03440000000045984	15867.725600000002	14.131563107155053	160.9362639935397	1490.7366514045298	
15871.4552	0.06720000000132131	Ripples						0.06720000000132131	15871.488000000001	14.453912054795076	156.74049624285644	1553.137043680245	
15872.422400000001	0.02959999999984575	Ripples						0.02959999999984575	15872.4336	5.431896268471197	156.0075395340992	838.2005880278484	
15875.101600000002	0.037599999999656575	Ripples						0.037599999999656575	15875.1152	10.279469665347552	175.07629581415273	1237.0959093160056	
15877.392	0.03280000000086147	Ripples						0.03280000000086147	15877.4064	7.719080395344884	171.2051569593202	1073.266879779991	
15878.851200000001	0.02479999999923166	Ripples						0.02479999999923166	15878.862400000002	17.476409765794664	166.89751595783875	1533.3149677279912	
15880.0072	0.044799999999668216	Ripples						0.044799999999668216	15880.035200000002	8.613154557623329	163.5361713123932	1230.4113220599424	
15880.1928	0.03679999999985739	Ripples						0.03679999999985739	15880.212800000001	17.017552059434493	157.37887249965786	1660.641983690016	
15881.5992	0.05680000000029395	Ripples						0.05680000000029395	15881.6368	17.00644006399851	157.06931692446526	1514.808401234806	
15881.6784	0.03679999999985739	Ripples						0.03679999999985739	15881.695200000002	13.225815088060251	155.2915241489664	1403.6419481367438	
15883.876800000002	0.021600000000034925	Ripples						0.021600000000034925	15883.891200000002	6.425970757362697	160.20964444390611	873.2849609691003	
15886.5016	0.05200000000149885	Ripples						0.05200000000149885	15886.524800000001	21.539259721797453	160.85669499147915	1696.6697150526545	
15890.4328	0.03440000000045984	Ripples						0.03440000000045984	15890.4536	21.828880987414124	158.80063203408696	1807.6459759248437	
15890.986400000002	0.06559999999808497	Ripples						0.06559999999808497	15891.013600000002	10.622080712612156	146.92257287699098	1167.3626806607035	
15891.150400000002	0.04799999999886495	Ripples						0.04799999999886495	15891.164	27.33712905266372	168.05211825807893	1896.440942853827	
15892.276000000002	0.04160000000047148	Ripples						0.04160000000047148	15892.290400000002	11.049354212980104	157.26560463939774	1241.1883458034952	
15893.292000000001	0.09519999999974971	Ripples						0.09519999999974971	15893.362400000002	14.784033591811204	154.51299171306746	1359.60581698595	
15893.7368	0.05920000000151049	Ripples						0.05920000000151049	15893.7536	12.431336682570292	157.2584090780351	1312.342776288328	
15900.024000000001	0.042399999998451676	Ripples						0.042399999998451676	15900.042400000002	20.82713781864522	155.99991374269848	1726.2951110673212	
15901.0504	0.035200000002078013	Ripples						0.035200000002078013	15901.075200000001	8.445375939635325	170.43877078966096	1206.6666201205178	
15901.225600000002	0.04079999999885331	Ripples						0.04079999999885331	15901.2592	5.49655996858114	158.84852118049434	882.1154798451018	
15909.0624	0.07200000000011642	Ripples						0.07200000000011642	15909.0776	11.740490040890855	165.61977309704477	1411.4017778887107	
15927.010400000001	0.021600000000034925	Ripples						0.021600000000034925	15927.0216	6.978234836944029	160.41647573577674	929.8591828543996	
15927.144	0.020000000000436557	Ripples						0.020000000000436557	15927.153600000001	9.119837757119276	160.89786048366412	1074.2917781345109	
15927.8544	0.048800000000483124	Ripples						0.048800000000483124	15927.8808	12.817404396141718	162.1230579023723	1512.5177197667886	
15931.0912	0.05520000000069558	Ripples						0.05520000000069558	15931.117600000001	10.419095908368533	166.79671285275074	1077.8491060573372	
15934.02	0.031200000001263106	Ripples						0.031200000001263106	15934.036800000002	16.916359239598936	161.7051814678483	1532.9697360890184	
15935.123200000002	0.05760000000009313	Ripples						0.05760000000009313	15935.148000000001	24.939814565090394	165.66971793252802	1795.6881036963048	
15935.2608	0.035200000002078013	Ripples						0.035200000002078013	15935.2736	17.532383554024168	172.5510406861099	1290.4987709569498	
15936.8904	0.024000000001251465	Ripples						0.024000000001251465	15936.908000000001	5.38996722918153	157.7524533130855	878.4842305904691	
15936.9968	0.04799999999886495	Ripples						0.04799999999886495	15937.0192	24.844834813162763	160.9974070047451	2127.9318909618955	
15937.2232	0.04560000000128639	Ripples						0.04560000000128639	15937.2504	12.32376529582752	165.2299598416201	1498.2594073897196	
15945.3808	0.0272000000004482	Ripples						0.0272000000004482	15945.394400000001	7.066803916236599	166.87326900528865	1066.2448975567977	
15953.632800000001	0.039999999999054126	Ripples						0.039999999999054126	15953.653600000001	12.135714842148495	167.72642399390907	1456.9996765273158	
15955.5328	0.02479999999923166	Ripples						0.02479999999923166	15955.5472	10.885162588140105	165.4979367479394	1168.8147519838508	
15957.6656	0.035200000000259024	Ripples						0.035200000000259024	15957.690400000001	9.247583389920573	156.48703348115518	1157.7072251430209	
15975.945600000001	0.03600000000005821	Ripples						0.03600000000005821	15975.960000000001	13.531533496830594	157.73798955745667	1299.234107851539	
15976.68	0.051200000001699664	Ripples						0.051200000001699664	15976.7	20.478030671418782	169.03165028644003	1690.0757805218934	
15978.996000000001	0.04320000000006985	Ripples						0.04320000000006985	15979.024000000001	7.563783081601807	151.45127308909707	899.8008675666907	
15989.477600000002	0.03600000000005821	Ripples						0.03600000000005821	15989.504	9.208664214684969	162.37508250760362	1036.2918498961128	
15989.972800000001	0.03919999999925494	Ripples						0.03919999999925494	15990.0048	11.17775632865743	158.70345210106936	1041.161423730169	
15991.963200000002	0.04719999999906577	Ripples						0.04719999999906577	15991.984	16.520639171711835	155.65129229083885	1673.10665582824	
15992.2288	0.022399999999834108	Ripples						0.022399999999834108	15992.2448	7.914058653877998	174.8123016884242	902.8636829461714	
15996.304800000002	0.020000000000436557	Ripples						0.020000000000436557	15996.315200000001	12.7514329827316	169.45946721898403	1158.84545923889	
15996.636000000002	0.09919999999874562	Ripples						0.09919999999874562	15996.7072	19.607675983161936	162.09531452031914	1925.2999272414559	
15997.5376	0.040000000000873115	Ripples						0.040000000000873115	15997.5488	6.914028824894758	152.9014995250386	876.4132734271769	
15998.0328	0.026399999998830026	Ripples						0.026399999998830026	15998.0448	6.648141437218944	153.5681160800287	812.7049768093577	
15998.7872	0.03440000000045984	Ripples						0.03440000000045984	15998.8056	17.882691155067086	158.42034628130972	1766.6980642281223	
16001.9192	0.09760000000096625	Ripples						0.09760000000096625	16001.977600000002	11.168375286687098	153.02596314757437	1157.0267185707364	
16002.4104	0.042400000000270666	Ripples						0.042400000000270666	16002.4264	18.055576343972582	168.16215760130262	1640.863131427933	
16010.1744	0.04640000000108557	Ripples						0.04640000000108557	16010.1888	13.475196282934416	158.3382346733333	1412.679475111513	
16011.140000000001	0.02719999999862921	Ripples						0.02719999999862921	16011.153600000001	8.453951234810775	165.52116854157364	1136.0207349166778	
16012.420000000002	0.04159999999865249	Ripples						0.04159999999865249	16012.445600000001	12.57916359200865	165.74018149463015	1528.7092086273433	
16013.220800000001	0.051199999999880674	Ripples						0.051199999999880674	16013.2448	34.16075662132908	164.46775045203935	2271.9989659759176	
16013.624	0.021600000000034925	Ripples						0.021600000000034925	16013.6384	8.990480177228838	164.87614014429457	1089.9285531717037	
16014.660800000001	0.058399999999892316	Ripples						0.058399999999892316	16014.691200000001	15.504818307509096	162.7503065759077	1703.2380657866706	
16017.1744	0.02960000000166474	Ripples						0.02960000000166474	16017.191200000001	8.340108973775067	167.69001133152346	1251.8743630232316	
16017.2576	0.05760000000009313	Ripples						0.05760000000009313	16017.285600000001	12.539224100150292	156.30726984647742	1301.4272341916794	
16017.450400000002	0.03839999999945576	Ripples						0.03839999999945576	16017.4688	15.283258854126197	157.6313021285852	1536.002041115159	
16019.0616	0.025600000000849832	Ripples						0.025600000000849832	16019.0736	13.212799416242586	159.41525622963306	1196.7622567998249	
16021.840800000002	0.02959999999802676	Ripples						0.02959999999802676	16021.849600000001	9.070847265412633	157.39383225811784	1139.613918214521	
16026.2968	0.0272000000004482	Ripples						0.0272000000004482	16026.310400000002	12.120359752258263	159.0432986685436	1379.1406042553213	
16027.097600000001	0.06639999999970314	Ripples						0.06639999999970314	16027.132000000001	12.866914506274105	153.57702920949134	1524.7819563746107	
16027.52	0.053599999999278225	Ripples						0.053599999999278225	16027.553600000001	24.497068508194882	151.42445850634024	1752.1858995148755	
16028.028000000002	0.03359999999884167	Ripples						0.03359999999884167	16028.0416	17.321057031865088	166.33667133815942	1558.2435725578525	
16028.432	0.035200000000259024	Ripples						0.035200000000259024	16028.444800000001	12.572842198904157	168.86872125973056	1411.094194814032	
16032.502400000001	0.037599999999656575	Ripples						0.037599999999656575	16032.5272	13.681716728424929	154.63614041803265	1250.9949515498354	
16034.5984	0.035200000000259024	Ripples						0.035200000000259024	16034.6064	8.048112464788247	158.54243869674414	1013.0720246070496	
16042.3744	0.0408000000006723	Ripples						0.0408000000006723	16042.385600000001	8.763981656483695	162.63404550710658	1102.0406483854717	
16042.436000000002	0.032799999999042484	Ripples						0.032799999999042484	16042.448	21.13915356386765	156.26966231065123	1602.6424241119598	
16050.379200000001	0.044799999999668216	Ripples						0.044799999999668216	16050.4096	13.935066284396491	151.00931292355364	1258.1100806352786	
16057.698400000001	0.0911999999989348	Ripples						0.0911999999989348	16057.763200000001	9.995079917891536	149.8726320927121	1081.5794772478957	
16057.8744	0.04800000000068394	Ripples						0.04800000000068394	16057.901600000001	11.046053162072692	150.60730430102203	1192.5077436182082	
16058.3952	0.03440000000045984	Ripples						0.03440000000045984	16058.4096	8.832273979031658	154.63215798503953	1097.6434544110796	
16058.524800000001	0.03920000000107393	Ripples						0.03920000000107393	16058.539200000001	13.929711211720875	163.00256111453643	1473.6795419125647	
16058.9856	0.028000000002066372	Ripples						0.028000000002066372	16058.9944	6.097771938252047	155.35006656732605	653.8046773765558	
16059.8704	0.05200000000149885	Ripples						0.05200000000149885	16059.9024	27.73667491055697	155.56640683835292	1977.1927697666906	
16061.6936	0.035200000000259024	Ripples						0.035200000000259024	16061.7016	7.906857983960706	160.40431113328913	1023.3009890029579	
16073.653600000001	0.03600000000005821	Ripples						0.03600000000005821	16073.664	5.645443160751078	172.86041857491324	901.673411428098	
16093.506400000002	0.0367999999980384	Ripples						0.0367999999980384	16093.5256	9.582622901502223	153.16444771559188	1152.0079492792017	
16130.5	0.0904000000009546	Ripples						0.0904000000009546	16130.5488	13.3696122868107	146.6981932893613	1218.7684549137014	
16146.772	0.03359999999884167	Ripples						0.03359999999884167	16146.784800000001	8.141361311768511	154.13063082593328	945.3695143912936	
16146.871200000001	0.0632000000005064	Ripples						0.0632000000005064	16146.9032	26.363665492643435	162.7091344164409	2051.91042180147	
16151.072	0.025600000000849832	Ripples						0.025600000000849832	16151.0808	7.336237264926608	159.7187703489212	912.4371874062259	
16153.652000000002	0.06879999999910069	Ripples						0.06879999999910069	16153.68	14.826378597583847	149.5762094052261	1187.746586897601	
16155.2088	0.05280000000129803	Ripples						0.05280000000129803	16155.225600000002	11.57485480381799	156.12344783151994	1221.2947875524828	
16155.7216	0.08079999999972642	Ripples						0.08079999999972642	16155.7808	14.306500165291215	158.7765320176986	1547.067236455497	
16157.384000000002	0.035199999998440035	Ripples						0.035199999998440035	16157.3976	20.59277137047964	167.37690466720085	1727.6475384936225	
16170.264000000001	0.0455999999994674	Ripples						0.0455999999994674	16170.2792	8.416125774576804	160.28757833516434	1128.8484702523722	
16171.1856	0.06160000000090804	Ripples						0.06160000000090804	16171.202400000002	8.444359513677126	164.28588851929737	1078.4066376910152	
16172.973600000001	0.02959999999984575	Ripples						0.02959999999984575	16172.9904	20.209798109248833	167.1033799016466	1693.9690453335943	
16173.393600000001	0.10079999999834399	Ripples						0.10079999999834399	16173.412	9.688561541976442	147.27928277014811	1099.428285955905	
16173.783200000002	0.025599999999030842	Ripples						0.025599999999030842	16173.7952	9.14772578039952	160.41024752848892	1190.1353289692431	
16174.4608	0.03679999999985739	Ripples						0.03679999999985739	16174.486400000002	10.761663669961077	155.20484334268855	1077.4344907960588	
16174.738400000002	0.1224000000001979	Ripples						0.1224000000001979	16174.797600000002	18.417662774911896	161.53401874962273	1632.3296450892028	
16175.8952	0.04160000000047148	Ripples						0.04160000000047148	16175.9064	11.477386798241062	161.59195714794248	1274.921209146232	
16177.661600000001	0.06240000000070722	Ripples						0.06240000000070722	16177.675200000001	16.739379170925506	163.89679840642302	1568.6705954654167	
16178.6008	0.09120000000075379	Ripples						0.09120000000075379	16178.676000000001	16.828152180199925	160.67815921226043	1724.265515015264	
16180.747200000002	0.037599999999656575	Ripples						0.037599999999656575	16180.7656	7.758121210351309	146.12876423180418	903.7340563580458	
16181.500800000002	0.0319999999992433	Ripples						0.0319999999992433	16181.522400000002	6.504064780644754	147.06196958515176	737.4181457580356	
16192.950400000002	0.05679999999847496	Ripples						0.05679999999847496	16192.9624	9.565811580121741	158.9990458470721	1172.7134519360882	
16193.060000000001	0.04799999999886495	Ripples						0.04799999999886495	16193.092	8.417521561622209	168.67027242708966	1166.1334807574565	
16196.7216	0.028000000000247383	Ripples						0.028000000000247383	16196.7392	7.154241931385413	154.103509235938	894.1913560281358	
16196.7936	0.04799999999886495	Ripples						0.04799999999886495	16196.8128	8.744228477087999	148.16665504004763	880.0271620206423	
16197.119200000001	0.03919999999925494	Ripples						0.03919999999925494	16197.133600000001	12.86574973402186	149.42117313808504	1026.1881728857652	
16209.136000000002	0.062399999998888234	Ripples						0.062399999998888234	16209.144	8.128362864574061	176.71463426885467	906.2854497478488	
16210.6272	0.17360000000007858	Ripples						0.17360000000007858	16210.6928	12.726312885517295	147.11857025590479	1243.0371238642429	
16214.632800000001	0.04719999999906577	Ripples						0.04719999999906577	16214.6496	13.099132588010503	172.8132233074871	1200.6641952946372	
16214.7648	0.030399999999644933	Ripples						0.030399999999644933	16214.7808	29.64335387696001	165.1854635575518	2072.334905009011	
16219.0624	0.03200000000106229	Ripples						0.03200000000106229	16219.081600000001	9.477459626240993	173.23744653556705	1179.9359759200706	
16224.5576	0.0272000000004482	Ripples						0.0272000000004482	16224.575200000001	11.024526456308637	160.3245320227656	1173.604417390082	
16244.146400000001	0.022399999999834108	Ripples						0.022399999999834108	16244.157600000002	6.499287958495647	155.9470520377493	934.9389873883291	
16245.898400000002	0.02239999999801512	Ripples						0.02239999999801512	16245.9136	10.54714954302261	164.12941670614927	1034.0579636084408	
16246.240800000001	0.03679999999985739	Ripples						0.03679999999985739	16246.2608	11.97905279035316	162.49092558265133	1473.583691020294	
16254.4544	0.07920000000012806	Ripples						0.07920000000012806	16254.4712	9.610058671013471	160.89466364533973	1281.0833388093904	
16255.2912	0.021600000000034925	Ripples						0.021600000000034925	16255.3024	6.536009608991948	161.0377140900976	965.6261056263861	
16274.0848	0.04560000000128639	Ripples						0.04560000000128639	16274.1208	7.961062368833502	163.81741857894508	1044.602884969162	
16306.928800000002	0.031199999999444117	Ripples						0.031199999999444117	16306.9496	5.9453686200020135	170.17584166751408	684.375113948896	
16312.068800000001	0.037599999999656575	Ripples						0.037599999999656575	16312.0848	16.33039797796436	159.63831275471287	1592.6754635438017	
16313.038400000001	0.046399999999266583	Ripples						0.046399999999266583	16313.056	19.257182599665185	160.78007121745097	1811.3437501210424	
16319.7808	0.035200000000259024	Ripples						0.035200000000259024	16319.792000000001	12.352346153795455	165.96766547725656	1334.2971354364602	
16321.5448	0.11920000000100117	Ripples						0.11920000000100117	16321.596000000001	12.205708031376677	150.40510466487754	1199.6665957461096	
16322.0984	0.03920000000107393	Ripples						0.03920000000107393	16322.110400000001	7.025708129954286	149.26603703472168	879.9967223265592	
16329.364000000001	0.025600000000849832	Ripples						0.025600000000849832	16329.382400000002	5.291000936188895	154.50702252671215	710.3521371920571	
16330.056800000002	0.04719999999906577	Ripples						0.04719999999906577	16330.0808	13.681659056988247	160.8927576620409	1574.8873011822118	
16335.996000000001	0.044799999999668216	Ripples						0.044799999999668216	16336.016800000001	12.792558699748032	157.4727381373319	1334.6925343775492	
16338.7464	0.07200000000011642	Ripples						0.07200000000011642	16338.7736	12.003173276724873	159.7285200179444	1363.0734217289646	
16341.504	0.044799999999668216	Ripples						0.044799999999668216	16341.5328	5.743116429655397	159.42709233807685	924.0600060329576	
16356.699200000001	0.05439999999907741	Ripples						0.05439999999907741	16356.7144	17.48768926847621	156.9403911783241	1499.8162947233814	
16367.688000000002	0.03439999999864085	Ripples						0.03439999999864085	16367.699200000001	5.7372054906899335	154.28005769411686	834.2579962655693	
16368.072	0.044799999999668216	Ripples						0.044799999999668216	16368.100000000002	7.621837383903618	156.48693547081479	1219.3862703762659	
16476.828	0.02479999999923166	Ripples						0.02479999999923166	16476.8424	7.5620768484166305	161.82946260140218	1103.579233821629	
16521.5792	0.051200000001699664	Ripples						0.051200000001699664	16521.6168	12.9198724211547	157.429719462269	1318.8798950652176	
16611.88	0.0319999999992433	Ripples						0.0319999999992433	16611.900800000003	9.244485797917045	168.25883506178644	1115.0322369215344	
16641.9528	0.04400000000168802	Ripples						0.04400000000168802	16641.964	11.214178688973783	159.2983413041305	1184.7733720975982	
16643.157600000002	0.02959999999802676	Ripples						0.02959999999802676	16643.1744	5.210499235682035	161.76309985494862	899.9398934330683	
16650.0104	0.024000000001251465	Ripples						0.024000000001251465	16650.024	5.916764104130922	170.43957528118491	961.0175349004247	
16652.7952	0.02960000000166474	Ripples						0.02960000000166474	16652.803200000002	8.128491064805267	159.762676339129	998.9843059321429	
16652.922400000003	0.02479999999923166	Ripples						0.02479999999923166	16652.936	11.212459251932962	161.2260110168267	1147.9697157923522	
16653.494400000003	0.05919999999605352	Ripples						0.05919999999605352	16653.5112	15.575690885053891	166.33824974105087	1621.2845898211258	
16660.64	0.06400000000212458	Ripples						0.06400000000212458	16660.6936	11.525691924274822	154.31557193420352	1251.277159824487	
16660.8488	0.028800000000046566	Ripples						0.028800000000046566	16660.86	15.958933015920397	160.19332121213245	1391.4633042095652	
16661.6088	0.06959999999889988	Ripples						0.06959999999889988	16661.648	18.07643105808621	162.37985033821917	1896.9270739408548	
16663.2832	0.037599999999656575	Ripples						0.037599999999656575	16663.307200000003	12.616083754423066	174.1114148666582	1117.7426445813999	
16678.2968	0.06639999999970314	Ripples						0.06639999999970314	16678.307200000003	11.715207661671986	164.53503960418055	1268.584082740461	
16724.817600000002	0.05679999999847496	Ripples						0.05679999999847496	16724.8472	14.5733013903688	162.15609660678834	1540.1505148726897	
16729.0024	0.07279999999809661	Ripples						0.07279999999809661	16729.024	7.77988585200092	154.35913662703578	963.1865381031596	
16730.5072	0.05040000000008149	Ripples						0.05040000000008149	16730.5368	7.695528529985428	161.43054798269165	1099.9818791504233	
16733.232	0.06959999999889988	Ripples						0.06959999999889988	16733.245600000002	9.432986204452586	163.54161411986604	1161.3469180935813	
16733.400800000003	0.03359999999884167	Ripples						0.03359999999884167	16733.418400000002	13.79559496849635	167.2804143549416	1549.243480591771	
16736.84	0.062399999998888234	Ripples						0.062399999998888234	16736.8688	16.17169158122712	156.85056337000904	1671.7617931577643	
16736.9936	0.04079999999885331	Ripples						0.04079999999885331	16737.0024	10.621318982764826	149.40551447611608	981.6549748382017	
16741.6472	0.053599999999278225	Ripples						0.053599999999278225	16741.664800000002	12.667306835459557	163.0357836186328	1434.472688850848	
16745.268	0.030399999999644933	Ripples						0.030399999999644933	16745.288	6.433140953025158	159.68208107206115	945.6316643799513	
16747.1832	0.051200000001699664	Ripples						0.051200000001699664	16747.208	15.661793299363087	181.14037283731494	1343.5129749334822	
16752.209600000002	0.062399999998888234	Ripples						0.062399999998888234	16752.2464	7.3015589491336605	156.01040934009953	1204.3180375342959	
16757.3008	0.02080000000205473	Ripples						0.02080000000205473	16757.314400000003	5.155189592245633	158.84036104899334	818.7358930025139	
16758.0752	0.04800000000250293	Ripples						0.04800000000250293	16758.1032	16.209272394399182	163.25355222351013	1586.1492459887936	
16760.672000000002	0.03359999999884167	Ripples						0.03359999999884167	16760.6888	14.706497393067119	163.93763168724226	1633.5137786494504	
16760.8376	0.05680000000211294	Ripples						0.05680000000211294	16760.8696	8.72824728798382	147.85079528964903	982.6786147357351	
16771.084000000003	0.042399999998451676	Ripples						0.042399999998451676	16771.1048	19.639896936195054	163.93269580685643	1734.8446493026509	
16776.6608	0.02239999999801512	Ripples						0.02239999999801512	16776.672000000002	5.150122389785091	160.7654153261103	943.8970316008187	
16778.3728	0.030399999999644933	Ripples						0.030399999999644933	16778.3832	7.32672359079082	158.39515273062221	985.8402774682438	
16778.487200000003	0.05519999999887659	Ripples						0.05519999999887659	16778.5152	5.112261371690275	151.59866297869291	964.3729143887409	
16787.864	0.021600000000034925	Ripples						0.021600000000034925	16787.875200000002	5.3338269034168	154.66856509341193	770.6208258764121	
16789.085600000002	0.026399999998830026	Ripples						0.026399999998830026	16789.096	12.91427867807827	170.1897823811494	1331.0113428988197	
16791.898400000002	0.03840000000127475	Ripples						0.03840000000127475	16791.915200000003	10.589423151679398	158.33643504342183	1032.337003740643	
16793.0864	0.04080000000249129	Ripples						0.04080000000249129	16793.1136	22.9151103246903	157.60858022558983	1922.1897042863413	
16793.152000000002	0.05760000000009313	Ripples						0.05760000000009313	16793.1928	9.665208027646148	154.23151876916518	1030.7507122693605	
16795.4504	0.023999999997613486	Ripples						0.023999999997613486	16795.4672	6.819868103015879	162.90941937140983	1012.7934813586751	
16797.033600000002	0.021600000000034925	Ripples						0.021600000000034925	16797.0448	6.2504021933506335	159.68303563030548	944.9676121906288	
16798.648	0.04320000000006985	Ripples						0.04320000000006985	16798.6784	5.874293702220187	166.45304969505608	957.6282087841736	
16804.788800000002	0.042399999998451676	Ripples						0.042399999998451676	16804.824	10.917870067365202	156.89883883658945	1099.0255229257218	
16804.856	0.02960000000166474	Ripples						0.02960000000166474	16804.8664	10.812971354261983	164.2174070828963	1315.9766881086305	
16807.6088	0.025600000000849832	Ripples						0.025600000000849832	16807.6264	9.250129339179276	158.5575242597562	1010.9868909697151	
16808.6328	0.04320000000006985	Ripples						0.04320000000006985	16808.66	10.331511755983415	156.80989165212614	1184.9454412480216	
16808.7608	0.044799999999668216	Ripples						0.044799999999668216	16808.781600000002	23.045495730636198	153.39666154815146	1850.558952575913	
16808.876800000002	0.023199999999633292	Ripples						0.023199999999633292	16808.8888	5.395607144973218	151.6360674791384	805.3390078237559	
16810.480000000003	0.02719999999681022	Ripples						0.02719999999681022	16810.4912	8.041213677306855	172.2705527083638	1048.932148278782	
16810.604	0.024800000002869638	Ripples						0.024800000002869638	16810.6176	8.007604416954102	152.8883397653896	917.7769117804453	
16813.0944	0.037599999999656575	Ripples						0.037599999999656575	16813.1112	9.142281012765125	176.40529454574806	1126.420529434825	
16813.6104	0.035199999998440035	Ripples						0.035199999998440035	16813.628800000002	10.313071591982522	155.27124628353096	1226.6196266878192	
16816.492000000002	0.021600000000034925	Ripples						0.021600000000034925	16816.5032	10.383553333314516	164.15456096655618	1101.8104465511005	
16816.6384	0.04560000000128639	Ripples						0.04560000000128639	16816.652000000002	12.213339011813845	159.03583000139412	1213.0791437556657	
16819.248	0.12480000000141445	Ripples						0.12480000000141445	16819.2792	14.107598656263583	152.46332591989068	1440.261470125911	
16830.375200000002	0.062399999998888234	Ripples						0.062399999998888234	16830.4	14.455701301119568	154.6034187380469	1508.8554849368163	
16833.392	0.05520000000251457	Ripples						0.05520000000251457	16833.425600000002	10.58023001328019	164.55930082021123	1463.0686370489154	
16833.488	0.04320000000006985	Ripples						0.04320000000006985	16833.5032	11.261531900442206	157.0589204555805	1164.111431487458	
16833.756	0.030399999999644933	Ripples						0.030399999999644933	16833.767200000002	11.79572606052222	164.549984163122	1365.0724988510337	
16836.044	0.035199999998440035	Ripples						0.035199999998440035	16836.064000000002	13.496493901094816	162.67527621526307	1472.8150627094499	
16836.9896	0.03919999999925494	Ripples						0.03919999999925494	16837.006400000002	9.272005169476591	172.20039041548722	1217.9855685927294	
16865.0792	0.042400000002089655	Ripples						0.042400000002089655	16865.105600000003	13.415756419162749	172.9235722657945	1356.23741385565	
16867.432	0.04160000000047148	Ripples						0.04160000000047148	16867.448800000002	20.473328031546345	159.75431906133642	1747.399130997484	
16871.4984	0.028800000000046566	Ripples						0.028800000000046566	16871.5056	8.92152018434585	157.93686174910215	1021.9821952345249	
16873.0936	0.051200000001699664	Ripples						0.051200000001699664	16873.1152	19.462338009943053	156.20712134718258	1740.340488385727	
16873.5808	0.03280000000086147	Ripples						0.03280000000086147	16873.592	16.272548044174716	151.8401693815119	1282.9314701768183	
16874.013600000002	0.032799999997223495	Ripples						0.032799999997223495	16874.028000000002	21.869456315453622	168.52737058694078	1799.198414751482	
16874.556	0.024000000001251465	Ripples						0.024000000001251465	16874.564000000002	9.870866150583305	163.52171681896868	1098.0320248636485	
16874.9048	0.09680000000298605	Ripples						0.09680000000298605	16874.988	14.448573783093908	151.77152969668447	1313.8164516277513	
16875.06	0.06079999999928987	Ripples						0.06079999999928987	16875.0736	13.943525432890475	155.95053290478768	1499.8261538727031	
16875.396	0.0319999999992433	Ripples						0.0319999999992433	16875.4104	9.670369675198684	160.82585464675526	1251.2192287489186	
16877.876	0.03840000000127475	Ripples						0.03840000000127475	16877.900800000003	15.30443324334951	165.90021644222313	1512.5483940415002	
16878.2536	0.03280000000086147	Ripples						0.03280000000086147	16878.2704	26.64362460286917	168.088686741928	1984.3446241858232	
16878.6984	0.04079999999885331	Ripples						0.04079999999885331	16878.7104	10.943496084138445	160.66756708247325	1232.1317741079768	
16879.4032	0.04560000000128639	Ripples						0.04560000000128639	16879.4216	15.368416446445028	158.0081175844513	1550.7549518982373	
16879.5216	0.046399999999266583	Ripples						0.046399999999266583	16879.5416	36.255325685768184	164.09739074640686	2343.129325559303	
16879.8872	0.037599999999656575	Ripples						0.037599999999656575	16879.9016	9.322423255946239	160.342576878538	1317.3422556925575	
16880.0872	0.03359999999884167	Ripples						0.03359999999884167	16880.0952	5.6054173561928256	153.81223086747323	822.470757638108	
16883.8672	0.05280000000129803	Ripples						0.05280000000129803	16883.8992	12.540767912954653	159.58067506541494	1290.2326993622166	
16885.085600000002	0.039999999997235136	Ripples						0.039999999997235136	16885.0968	20.570229708785675	163.42921689540026	1576.197878979404	
16886.0592	0.0544000000008964	Ripples						0.0544000000008964	16886.0776	14.375107951477009	181.75420366853464	1116.4077453860214	
16886.248	0.06160000000090804	Ripples						0.06160000000090804	16886.2896	14.551242746892234	165.99300484473633	1462.9530267461344	
16886.8368	0.0856000000021595	Ripples						0.0856000000021595	16886.8544	19.539468939372846	164.56856244518497	1687.1777849547775	
16887.260000000002	0.048799999996845145	Ripples						0.048799999996845145	16887.2792	17.094049172013715	163.43497653079453	1638.2055430636785	
16887.9264	0.03840000000127475	Ripples						0.03840000000127475	16887.9504	19.033268884200247	153.22852930479064	1457.269338679822	
16888.5232	0.07040000000051805	Ripples						0.07040000000051805	16888.58	12.154482562284054	161.9137862736015	1240.9903396293987	
16888.7112	0.039999999997235136	Ripples						0.039999999997235136	16888.7256	21.586185164816516	158.20613617864498	1745.9096592439894	
16889.316	0.03680000000167638	Ripples						0.03680000000167638	16889.3344	12.863435702459949	150.44408049312517	1164.0879616178877	
16890.179200000002	0.032799999997223495	Ripples						0.032799999997223495	16890.199200000003	10.22456271061714	178.13213457877245	870.4116985115439	
16890.6984	0.040000000000873115	Ripples						0.040000000000873115	16890.7192	30.80470331136703	158.21043691145016	2217.1893473590044	
16890.8808	0.03920000000289292	Ripples						0.03920000000289292	16890.891200000002	10.869029872308811	157.26367086664484	1208.2180347355275	
16891.376	0.053600000002916204	Ripples						0.053600000002916204	16891.3904	12.866240131501469	153.97771380413693	1229.2335182382553	
16892.1048	0.044799999999668216	Ripples						0.044799999999668216	16892.121600000002	20.169927621366686	174.18629570777358	1615.4567260376025	
16892.2112	0.0639999999984866	Ripples						0.0639999999984866	16892.2584	20.533289596741756	155.29461166764725	1580.243478445672	
16892.6944	0.04400000000168802	Ripples						0.04400000000168802	16892.712	27.5147774732199	165.8768669831779	2059.5756378830743	
16893.562400000003	0.055999999996856786	Ripples						0.055999999996856786	16893.5904	10.694318381629447	164.30809774381663	1301.3775370695898	
16893.8368	0.02479999999923166	Ripples						0.02479999999923166	16893.8512	14.555456616012721	162.2834893431451	1367.5934865510349	
16894.749600000003	0.03600000000005821	Ripples						0.03600000000005821	16894.7608	13.662648264962355	154.9980390868043	1296.0510337925598	
16895.676	0.0808000000033644	Ripples						0.0808000000033644	16895.7368	19.55487636714877	157.67611579196895	1762.217802899297	
16895.8272	0.047200000000884756	Ripples						0.047200000000884756	16895.843200000003	17.661462640116348	162.57508547245962	1622.15927791152	
16895.940000000002	0.048799999996845145	Ripples						0.048799999996845145	16895.9496	14.109838168333868	171.44190628280145	1280.6827168428767	
16898.720800000003	0.03439999999682186	Ripples						0.03439999999682186	16898.7392	25.187555923721092	167.3426877616988	1959.116916350487	
16899.2256	0.11999999999898137	Ripples						0.11999999999898137	16899.300000000003	12.373889435134444	152.9773680871292	1231.91951470537	
16899.8152	0.04079999999885331	Ripples						0.04079999999885331	16899.839200000002	18.45284475425276	168.01826599059817	1672.7104675226335	
16899.999200000002	0.028800000000046566	Ripples						0.028800000000046566	16900.0144	7.618369963800468	156.83324333001562	1103.4970013849988	
16900.9312	0.03680000000167638	Ripples						0.03680000000167638	16900.9552	9.985738461390696	169.04523080713662	1301.2266623628434	
16901.072	0.03600000000005821	Ripples						0.03600000000005821	16901.0936	11.415474073547761	152.92348992650355	1146.3185182192174	
16903.882400000002	0.07439999999769498	Ripples						0.07439999999769498	16903.8976	21.44155434855462	155.3257227118527	1654.780894043911	
16905.3832	0.03840000000127475	Ripples						0.03840000000127475	16905.3976	17.895192902891154	159.04046053441783	1683.8863474722696	
16905.5008	0.031199999997625127	Ripples						0.031199999997625127	16905.5144	15.225750626072848	158.49316346339896	1497.445706574482	
16912.972	0.05040000000008149	Ripples						0.05040000000008149	16913.004800000002	6.647651510315727	154.8953770704441	947.2324751989116	
16944.006400000002	0.035199999998440035	Ripples						0.035199999998440035	16944.0288	11.71396365928955	166.23159400120497	1338.692577637083	
16944.9504	0.06639999999970314	Ripples						0.06639999999970314	16944.9912	18.229032797199565	158.34047212442297	1881.3010748894333	
16951.621600000002	0.062399999998888234	Ripples						0.062399999998888234	16951.670400000003	8.399057421120247	157.594608576038	1042.3540174966927	
16955.5872	0.03440000000045984	Ripples						0.03440000000045984	16955.5992	11.983389565408626	161.44613379573624	999.5632540214168	
16955.7296	0.06480000000010477	Ripples						0.06480000000010477	16955.7592	18.332902913888464	155.05190670052636	1587.4340043022512	
16959.132	0.02959999999802676	Ripples						0.02959999999802676	16959.148	18.48623795935459	166.12116037554102	1649.5108288730573	
16959.9792	0.07519999999931315	Ripples						0.07519999999931315	16960.0224	10.102147722364755	146.79964281754823	964.7082575521339	
16960.2552	0.04800000000250293	Ripples						0.04800000000250293	16960.2936	9.155652638555576	164.8573871449755	1246.9501479219941	
16960.670400000003	0.021600000000034925	Ripples						0.021600000000034925	16960.6784	8.807611731450987	162.02304150359805	1058.6685915704213	
16962.468800000002	0.03359999999884167	Ripples						0.03359999999884167	16962.484	15.937297251011378	154.67934991539315	1392.3823785215877	
16962.5656	0.03280000000086147	Ripples						0.03280000000086147	16962.5832	14.685552199630642	164.3010965405385	1564.0362529066467	
16963.8312	0.053599999999278225	Ripples						0.053599999999278225	16963.8448	18.182478686201915	160.52680763856327	1631.7931726188053	
16964.0272	0.040000000000873115	Ripples						0.040000000000873115	16964.04	11.197590130206088	177.3289508676278	1099.4665366397744	
16964.143200000002	0.03839999999763677	Ripples						0.03839999999763677	16964.1688	15.22897609539123	168.56641628221288	1544.3845972586328	
16968.5032	0.11120000000300934	Ripples						0.11120000000300934	16968.5448	11.602574306062	145.22052434685747	985.4668113320981	
16971.3408	0.0319999999992433	Ripples						0.0319999999992433	16971.3544	19.163609583512827	166.41212766248532	1704.559958995548	
16974.4552	0.0496000000021013	Ripples						0.0496000000021013	16974.488	22.404079649934697	170.57602436993156	1858.0182791166435	
16975.0	411.0	SleepStates											Non-REM
16976.3952	0.04160000000410946	Ripples						0.04160000000410946	16976.425600000002	5.7996944198893114	159.11101081278343	858.1987728075746	
16977.6256	0.08320000000094296	Ripples						0.08320000000094296	16977.6904	19.351217202354086	162.42893879978627	1918.65318308656	
16979.2968	0.035200000002078013	Ripples						0.035200000002078013	16979.316	15.56142558867452	170.70880560748455	1544.5740046032647	
16979.408000000003	0.058399999998073326	Ripples						0.058399999998073326	16979.4496	14.637385270520424	153.86282899806102	1546.1168848337934	
16979.9176	0.051200000001699664	Ripples						0.051200000001699664	16979.9352	15.442316217673998	157.92745430799474	1518.1007296229104	
16980.112800000003	0.051199999998061685	Ripples						0.051199999998061685	16980.156000000003	8.010367512165548	150.52725505518225	879.6581155509252	
16982.916	0.05199999999967986	Ripples						0.05199999999967986	16982.940000000002	13.05629683994393	156.64959380166997	1430.9953931629177	
16983.085600000002	0.026399999998830026	Ripples						0.026399999998830026	16983.1008	7.5933091314212025	148.51332882520887	861.9904000334674	
16983.2432	0.030399999999644933	Ripples						0.030399999999644933	16983.2576	16.338236618412783	160.88062177082318	1496.5802527360383	
16983.447200000002	0.02079999999841675	Ripples						0.02079999999841675	16983.458400000003	7.072069255838108	159.48228877304035	1020.1733207010365	
16984.738400000002	0.03839999999763677	Ripples						0.03839999999763677	16984.7592	13.597987748080802	147.74536650850237	1211.8814244330172	
16987.296000000002	0.03600000000005821	Ripples						0.03600000000005821	16987.3208	15.008816037820516	153.8610217923702	1239.6052726979	
16996.535200000002	0.07040000000051805	Ripples						0.07040000000051805	16996.5816	12.692579999074333	183.3385007382431	1168.0251388185002	
16997.576800000003	0.032799999997223495	Ripples						0.032799999997223495	16997.591200000003	16.82946714831822	166.00792902173467	1661.1641505011148	
16999.519200000002	0.027999999998428393	Ripples						0.027999999998428393	16999.5392	5.5192838399373	152.70263676576943	766.3562765404282	
17000.5312	0.0319999999992433	Ripples						0.0319999999992433	17000.5488	9.059966820274955	154.2357314988635	1083.2845004802666	
17001.0256	0.13360000000102445	Ripples						0.13360000000102445	17001.0376	10.622742894644324	151.2918345519518	1132.375757450084	
17001.9592	0.0864000000001397	Ripples						0.0864000000001397	17001.976000000002	31.502515398986763	162.8761890930337	2155.2158415368463	
17002.4104	0.03840000000127475	Ripples						0.03840000000127475	17002.4288	17.380493724527824	167.8228624278417	1597.3006131636196	
17004.168	0.07440000000133296	Ripples						0.07440000000133296	17004.2144	22.533177582935412	157.32553220007117	1940.9002763476103	
17004.4216	0.0639999999984866	Ripples						0.0639999999984866	17004.451200000003	9.687432836346908	149.6346560147636	1141.054224333792	
17006.9968	0.05199999999967986	Ripples						0.05199999999967986	17007.0328	25.97508837403979	168.73071970531134	2016.7476079109376	
17011.1472	0.04160000000047148	Ripples						0.04160000000047148	17011.180800000002	10.324126895795441	161.84672705468844	1012.2368938055553	
17011.324800000002	0.059999999997671694	Ripples						0.059999999997671694	17011.3552	12.353752091502676	181.020970156087	1217.4979992928988	
17011.427200000002	0.07040000000051805	Ripples						0.07040000000051805	17011.4784	24.38140076061165	161.55345673492113	2056.817526425423	
17012.28	0.07840000000214786	Ripples						0.07840000000214786	17012.3208	26.10769885914247	158.94564071685704	1670.8849070689732	
17012.5464	0.03600000000005821	Ripples						0.03600000000005821	17012.5584	9.761789777558242	154.93426416665855	1069.6461731823304	
17013.3048	0.021600000000034925	Ripples						0.021600000000034925	17013.316	5.081726782130486	157.16938186406347	835.0427694799411	
17016.264000000003	0.03439999999682186	Ripples						0.03439999999682186	17016.2808	10.919962722212611	160.1422639547755	1411.538223685869	
17016.800000000003	0.035199999998440035	Ripples						0.035199999998440035	17016.8208	21.803812157860673	158.64157927557565	1662.6050665374423	
17016.8848	0.06160000000090804	Ripples						0.06160000000090804	17016.9032	24.8464088100897	155.00211491061563	1857.0127158548694	
17017.008	0.037599999999656575	Ripples						0.037599999999656575	17017.028000000002	30.36639734315045	160.56383024957574	2226.104655256335	
17017.372000000003	0.03600000000005821	Ripples						0.03600000000005821	17017.391200000002	26.06761835331594	168.40364103758543	2082.6014691634196	
17020.1744	0.03359999999884167	Ripples						0.03359999999884167	17020.1888	11.921784363312568	154.407145085084	940.4248978000193	
17023.784	0.028000000002066372	Ripples						0.028000000002066372	17023.7968	18.17804922693465	170.3685227073372	1448.1685436136474	
17026.384000000002	0.03359999999884167	Ripples						0.03359999999884167	17026.396	10.526275090000112	163.7615903415129	1094.7933684583952	
17027.8112	0.07120000000213622	Ripples						0.07120000000213622	17027.843200000003	14.805445533195847	149.40745143406855	1365.5163200279994	
17028.7296	0.04640000000290456	Ripples						0.04640000000290456	17028.7616	20.70533262269335	150.90466117720638	1499.5192312791307	
17030.448	0.03280000000086147	Ripples						0.03280000000086147	17030.4672	9.31979164305863	156.4959326964903	931.9207189032616	
17031.0128	0.046399999999266583	Ripples						0.046399999999266583	17031.026400000002	14.321977671737022	171.19956945582285	1407.1376455363672	
17032.465600000003	0.027999999998428393	Ripples						0.027999999998428393	17032.4768	11.33909786199893	156.97040035557347	1077.0672224384323	
17032.925600000002	0.03919999999925494	Ripples						0.03919999999925494	17032.936	27.91835689470806	168.02734584772384	1803.5216977365308	
17033.040800000002	0.0319999999992433	Ripples						0.0319999999992433	17033.0544	18.131896405214288	168.0851089708612	1621.5203257164549	
17033.179200000002	0.10399999999935972	Ripples						0.10399999999935972	17033.2696	16.90987987185715	164.0869998305169	1569.7753194886225	
17034.276	0.10320000000137952	Ripples						0.10320000000137952	17034.3512	22.91386963302224	154.1510778224785	1814.3146091585986	
17034.954400000002	0.0415999999968335	Ripples						0.0415999999968335	17034.9712	24.581774638571456	165.85927902386524	1900.5837989685524	
17035.1904	0.02960000000166474	Ripples						0.02960000000166474	17035.204	24.438173477316987	165.19370503279245	1929.0773252770127	
17035.5584	0.0591999999996915	Ripples						0.0591999999996915	17035.5816	17.0056302559639	162.11214727621902	1662.679300119091	
17035.6888	0.024800000002869638	Ripples						0.024800000002869638	17035.7032	12.98140706576632	158.0986059075802	1246.1712948015158	
17036.5656	0.047200000000884756	Ripples						0.047200000000884756	17036.5816	19.636376441043918	175.5942859195907	1491.7327243918373	
17036.693600000002	0.03599999999642023	Ripples						0.03599999999642023	17036.708	14.143265977517968	152.7052798008783	1277.1252664654169	
17042.5096	0.0272000000004482	Ripples						0.0272000000004482	17042.5232	19.329819241441413	163.89066672497157	1596.871148999111	
17046.3184	0.10000000000218279	Ripples						0.10000000000218279	17046.3832	12.630408190641168	155.33735000310412	1380.025567639986	
17047.1368	0.04400000000168802	Ripples						0.04400000000168802	17047.157600000002	7.385937405740827	157.96740287326176	746.1173762390531	
17047.276	0.046399999999266583	Ripples						0.046399999999266583	17047.300000000003	28.480883177458214	166.41820987527228	2060.1974753888917	
17048.0592	0.021600000000034925	Ripples						0.021600000000034925	17048.0736	8.234491116159216	159.97582774099575	952.0845187720795	
17048.2088	0.044799999999668216	Ripples						0.044799999999668216	17048.22	9.877871424892735	161.06746035962698	1177.300164781225	
17049.34	0.030399999999644933	Ripples						0.030399999999644933	17049.356	14.992119618273641	162.24528834437697	1458.4955902712104	
17050.0	0.028800000000046566	Ripples						0.028800000000046566	17050.0176	5.033926600097952	149.9853161101465	763.8367154605694	
17050.7328	0.051199999998061685	Ripples						0.051199999998061685	17050.7576	18.375374085138986	156.15911416401534	1476.6969915140685	
17051.0976	0.06000000000130967	Ripples						0.06000000000130967	17051.1296	8.839905523299882	148.58185564998246	1112.6649839701076	
17051.3192	0.03840000000127475	Ripples						0.03840000000127475	17051.3336	13.572796101357975	158.1885456246384	1459.6215676373422	
17052.756	0.0319999999992433	Ripples						0.0319999999992433	17052.7696	15.430397426013117	174.29034233048657	1448.472164702267	
17053.6904	0.08480000000054133	Ripples						0.08480000000054133	17053.7592	16.85427315987561	161.9219000884077	1782.2925464973198	
17053.7984	0.033600000002479646	Ripples						0.033600000002479646	17053.821600000003	7.681968892011607	152.43056182530256	827.3609888657	
17054.3128	0.030400000003282912	Ripples						0.030400000003282912	17054.3264	23.11077478354182	162.3263056861177	1748.6275041463416	
17055.3696	0.042399999998451676	Ripples						0.042399999998451676	17055.396	29.1251202441959	164.58255947538566	2077.432696967418	
17055.496	0.028800000000046566	Ripples						0.028800000000046566	17055.508	20.98128547708585	160.02420455023952	1707.1906643842701	
17056.9984	0.024000000001251465	Ripples						0.024000000001251465	17057.0056	7.750251822447225	160.8301429680555	984.9415620037178	
17063.013600000002	0.03600000000005821	Ripples						0.03600000000005821	17063.0368	14.310406146966766	163.01142327631382	1437.8955240905934	
17063.828	0.10559999999895808	Ripples						0.10559999999895808	17063.8592	19.460673409121057	167.36084861300898	1786.0947058695053	
17064.5536	0.047200000000884756	Ripples						0.047200000000884756	17064.584000000003	11.295985499736682	165.31847827836722	1155.0880882652664	
17064.784	0.02080000000205473	Ripples						0.02080000000205473	17064.792	6.303430043539098	160.89973033878346	941.5327175174565	
17065.1568	0.051199999998061685	Ripples						0.051199999998061685	17065.2	6.577135777584581	146.0591066375738	806.7474596069111	
17065.248	0.0496000000021013	Ripples						0.0496000000021013	17065.2624	13.743516597565387	155.36869727866673	1303.2137603289584	
17067.468	0.11600000000180444	Ripples						0.11600000000180444	17067.540800000002	17.042932891165364	159.78237538472766	1655.3913935891765	
17068.5616	0.035199999998440035	Ripples						0.035199999998440035	17068.5752	15.260978758580432	162.93964143696675	1472.3339159886154	
17068.6696	0.0911999999989348	Ripples						0.0911999999989348	17068.684	24.99278459922751	162.0102191551506	1982.516265991596	
17068.8992	0.033600000002479646	Ripples						0.033600000002479646	17068.9104	9.023533367147525	159.29315642037753	883.8884370271837	
17069.5576	0.02960000000166474	Ripples						0.02960000000166474	17069.5776	13.130404789444496	164.75810705139904	1355.8013807420348	
17069.677600000003	0.02079999999841675	Ripples						0.02079999999841675	17069.688000000002	14.370342502830113	161.1301867768963	1281.1519719924443	
17070.3992	0.051200000001699664	Ripples						0.051200000001699664	17070.4248	9.796443327910444	146.9508645428906	926.3443619395161	
17070.5216	0.04400000000168802	Ripples						0.04400000000168802	17070.552	9.995270143098988	170.73791877193054	1212.6547097756593	
17070.8888	0.02960000000166474	Ripples						0.02960000000166474	17070.896800000002	5.508922703855488	151.71773086362896	788.9780455172511	
17072.1312	0.037599999999656575	Ripples						0.037599999999656575	17072.1528	29.743215687508922	161.9839976667617	2166.0157735999633	
17072.585600000002	0.05199999999967986	Ripples						0.05199999999967986	17072.607200000002	23.23495394518908	161.63431380887434	1805.618260143727	
17072.944000000003	0.035199999998440035	Ripples						0.035199999998440035	17072.9552	9.434545972384353	156.80030523043158	1134.3545261404163	
17073.2944	0.03200000000288128	Ripples						0.03200000000288128	17073.3096	10.468213372387789	157.81670887046613	1225.8802654590459	
17073.5688	0.040000000000873115	Ripples						0.040000000000873115	17073.5872	30.21977528822184	159.21451752189122	1868.1928295101739	
17073.716800000002	0.03359999999884167	Ripples						0.03359999999884167	17073.7304	14.324753048914172	162.3645591188436	1438.9214778534474	
17074.0368	0.11999999999898137	Ripples						0.11999999999898137	17074.1168	9.813481224815574	143.21070486816402	1038.7378748084577	
17074.2192	0.048800000000483124	Ripples						0.048800000000483124	17074.2504	13.582586632396529	157.86904843259885	1541.0528323720237	
17075.0576	0.042400000002089655	Ripples						0.042400000002089655	17075.076	17.565751954434134	152.50683007044853	1525.9781361286932	
17075.6568	0.04320000000006985	Ripples						0.04320000000006985	17075.677600000003	21.083658244671387	166.7121440613345	1950.815384158805	
17075.9264	0.028800000000046566	Ripples						0.028800000000046566	17075.9376	9.45148217386102	157.4669479099063	1072.6389404846566	
17076.9208	0.07120000000213622	Ripples						0.07120000000213622	17076.9648	15.497096813266667	157.73565984935345	1613.8567201919896	
17078.0528	0.02079999999841675	Ripples						0.02079999999841675	17078.064000000002	6.690692726236754	158.42993307948515	934.1226063580232	
17082.3528	0.06880000000091968	Ripples						0.06880000000091968	17082.3976	13.21521291648882	148.20818738383528	1244.7195830495243	
17082.4536	0.048800000000483124	Ripples						0.048800000000483124	17082.4744	17.417655441501534	160.84890782466795	1664.2744209251364	
17085.499200000002	0.0319999999992433	Ripples						0.0319999999992433	17085.5176	18.277997709031286	161.67340377889394	1660.1315385881858	
17086.0888	0.03919999999925494	Ripples						0.03919999999925494	17086.105600000003	30.27646076565128	166.41990074822945	2057.081039775219	
17086.58	0.02959999999802676	Ripples						0.02959999999802676	17086.592	15.395169403280878	157.84432421198935	1366.0315622421692	
17088.4504	0.056000000000494765	Ripples						0.056000000000494765	17088.484800000002	9.786771141051103	151.1845182810316	1046.6327665629383	
17089.693600000002	0.03599999999642023	Ripples						0.03599999999642023	17089.709600000002	29.55202918723076	164.797346177933	2120.490276984803	
17089.8128	0.028000000002066372	Ripples						0.028000000002066372	17089.8312	16.09137069722371	169.07745241242952	1442.7696284684496	
17089.9352	0.04800000000250293	Ripples						0.04800000000250293	17089.9664	29.906852790156933	162.8194233319632	2193.343325740514	
17090.700800000002	0.031199999997625127	Ripples						0.031199999997625127	17090.716	18.04901095256244	161.61711308775307	1599.6852265360885	
17090.784	0.06640000000334112	Ripples						0.06640000000334112	17090.8296	19.971961042152433	152.47003475019343	1714.5925528511214	
17091.2224	0.031200000001263106	Ripples						0.031200000001263106	17091.2328	7.310530899276013	153.67377094382962	961.6461816120246	
17093.2584	0.07200000000011642	Ripples						0.07200000000011642	17093.2944	13.33435857689814	146.60492034777818	1075.4353847470186	
17093.778400000003	0.05199999999604188	Ripples						0.05199999999604188	17093.82	13.37936508145051	158.46222731768452	1396.1568094946192	
17098.86	0.02479999999923166	Ripples						0.02479999999923166	17098.872000000003	8.859200902982701	158.25187161665988	1048.4398760436209	
17099.684	0.028800000000046566	Ripples						0.028800000000046566	17099.695200000002	8.959820243651324	158.01165439691138	1000.4372191514063	
17101.137600000002	0.06480000000010477	Ripples						0.06480000000010477	17101.164	19.239451297965726	164.84407990739842	1518.6513816312008	
17114.170400000003	0.04320000000006985	Ripples						0.04320000000006985	17114.1816	14.334251498652556	157.94900004687543	1402.2452906434296	
17114.352	0.06640000000334112	Ripples						0.06640000000334112	17114.3664	15.246977228414226	154.85941333177666	1465.446513468054	
17114.4912	0.06160000000090804	Ripples						0.06160000000090804	17114.5144	25.039600541594	167.17257891809425	2038.2924902074105	
17117.150400000002	0.027999999998428393	Ripples						0.027999999998428393	17117.164800000002	13.944075046399348	163.06820293091212	1487.12900458965	
17117.444000000003	0.0415999999968335	Ripples						0.0415999999968335	17117.4576	20.19119044693944	165.10778404978151	1479.90846435915	
17117.5488	0.028000000002066372	Ripples						0.028000000002066372	17117.562400000003	7.1208316090548305	154.7199667899019	1133.7994084059371	
17120.1368	0.04560000000128639	Ripples						0.04560000000128639	17120.1536	14.448620999552297	175.26161416722454	1378.9090652772754	
17120.4736	0.08239999999932479	Ripples						0.08239999999932479	17120.488	16.16856280665426	165.69260826235788	1563.808830025648	
17120.592800000002	0.039999999997235136	Ripples						0.039999999997235136	17120.616	26.491189032143623	159.2928638554961	2197.2690855745204	
17121.156000000003	0.04320000000006985	Ripples						0.04320000000006985	17121.170400000003	23.10962611805484	166.54300331034997	1920.8975053801519	
17122.644800000002	0.03839999999763677	Ripples						0.03839999999763677	17122.6784	7.480093533224621	165.49860858167295	866.6494128182487	
17124.3192	0.05199999999967986	Ripples						0.05199999999967986	17124.3472	22.74098197973613	152.94676952620927	1838.5122796700305	
17127.68	0.04080000000249129	Ripples						0.04080000000249129	17127.700800000002	24.929632362376847	158.16298725907674	1959.4811961347962	
17127.8024	0.04160000000047148	Ripples						0.04160000000047148	17127.8224	24.48254260993605	157.13900767079406	1975.1335022105427	
17128.1656	0.05760000000009313	Ripples						0.05760000000009313	17128.188000000002	31.072441954568177	161.36631503879212	2201.1914291552594	
17128.2752	0.09360000000015134	Ripples						0.09360000000015134	17128.3544	24.03837418429849	157.97117796614148	1826.5301082073115	
17129.6584	0.0632000000005064	Ripples						0.0632000000005064	17129.7104	12.905386980313471	159.33418998006897	1002.7866848971764	
17131.0144	0.047200000000884756	Ripples						0.047200000000884756	17131.0448	13.718451837114007	150.7340468855102	1261.6792803349233	
17131.107200000002	0.039999999997235136	Ripples						0.039999999997235136	17131.1248	19.727790052295582	164.53932866583588	1879.7182683422006	
17131.224000000002	0.046399999999266583	Ripples						0.046399999999266583	17131.252	14.46924565362579	170.1990816037803	1583.2492308333651	
17132.9144	0.06079999999928987	Ripples						0.06079999999928987	17132.9528	24.09635009463173	163.3756672361387	2047.039291918391	
17133.231200000002	0.04079999999885331	Ripples						0.04079999999885331	17133.245600000002	13.477426558534018	159.71449185426548	1494.5008330320973	
17134.9744	0.044800000003306195	Ripples						0.044800000003306195	17134.9824	5.80044667568247	154.2254560359954	805.2226800441235	
17136.2304	0.04800000000250293	Ripples						0.04800000000250293	17136.2512	13.169561211606101	150.36670225369593	1274.5424257647062	
17136.3952	0.027200000004086178	Ripples						0.027200000004086178	17136.405600000002	15.432205757326239	168.76064126040004	1423.4536693423436	
17138.0648	0.046399999999266583	Ripples						0.046399999999266583	17138.078400000002	12.662876131867664	154.2887217928829	1285.1215094523386	
17138.304	0.0496000000021013	Ripples						0.0496000000021013	17138.321600000003	27.570099719656184	162.76542826478567	2028.3557424478356	
17138.784	0.05520000000251457	Ripples						0.05520000000251457	17138.8112	29.23993797500619	162.36953742462444	2123.0132344462604	
17139.303200000002	0.1224000000001979	Ripples						0.1224000000001979	17139.3256	17.677199703190965	154.36622546593736	1488.9937993048568	
17140.856	0.03440000000045984	Ripples						0.03440000000045984	17140.8776	13.217792434046155	175.1056398325812	1268.49041602701	
17141.4664	0.0319999999992433	Ripples						0.0319999999992433	17141.494400000003	5.8842208304337875	155.63855534315337	755.7283972695722	
17144.82	0.06240000000252621	Ripples						0.06240000000252621	17144.8376	21.240928643767685	164.7404985247074	1748.0479180857478	
17145.4792	0.03919999999925494	Ripples						0.03919999999925494	17145.494400000003	16.956412477224696	154.04800098151586	1435.6953680469762	
17145.6088	0.0319999999992433	Ripples						0.0319999999992433	17145.6224	16.806972698415414	160.4754031614688	1512.9851592291884	
17146.098400000003	0.037599999999656575	Ripples						0.037599999999656575	17146.1224	21.34651194876201	171.99797119704354	1784.533336985168	
17147.412	0.04320000000006985	Ripples						0.04320000000006985	17147.4208	5.289330746833107	152.6564071796728	641.0660473877465	
17147.483200000002	0.08319999999730499	Ripples						0.08319999999730499	17147.5464	14.063228917045926	150.98833562239392	1244.9113851535465	
17148.2848	0.0319999999992433	Ripples						0.0319999999992433	17148.296000000002	11.6115103346658	156.60029411243116	1153.897812772165	
17148.424	0.04160000000410946	Ripples						0.04160000000410946	17148.4384	11.372235928706706	161.98312888041102	1130.9306612163803	
17150.2304	0.05199999999967986	Ripples						0.05199999999967986	17150.2632	22.187691145260835	168.82053250537064	2074.9173358660587	
17150.3232	0.05680000000211294	Ripples						0.05680000000211294	17150.3344	7.781660219559491	149.56992670456097	1001.2804490591461	
17150.454400000002	0.047200000000884756	Ripples						0.047200000000884756	17150.468800000002	24.470238224529957	166.90019104320652	1928.4600462433775	
17150.5248	0.04080000000249129	Ripples						0.04080000000249129	17150.5384	10.421333401244157	156.40861322427892	1248.5977004363133	
17155.2016	0.04320000000006985	Ripples						0.04320000000006985	17155.228000000003	30.806311171811622	164.33152760990117	2255.031401812915	
17155.3096	0.02479999999923166	Ripples						0.02479999999923166	17155.324	9.679571098751156	154.34784267218674	1118.6145618493622	
17155.781600000002	0.02719999999681022	Ripples						0.02719999999681022	17155.7984	13.047164086607038	159.88034330700182	1347.0995785168366	
17156.0688	0.06799999999930151	Ripples						0.06799999999930151	17156.107200000002	12.228261119289565	155.28501875634612	1334.1578182192418	
17159.572	0.04400000000168802	Ripples						0.04400000000168802	17159.5904	18.12487702833475	153.0323112586677	1179.0415069642897	
17160.412	0.03840000000127475	Ripples						0.03840000000127475	17160.440000000002	18.232767717258547	157.0965409765168	1408.4837855197864	
17160.4984	0.0544000000008964	Ripples						0.0544000000008964	17160.5304	14.58902976296196	156.60359692787807	1549.2141903129695	
17160.628	0.04160000000047148	Ripples						0.04160000000047148	17160.648800000003	10.289778873327272	149.30382206380966	1136.083275086388	
17162.5872	0.020000000000436557	Ripples						0.020000000000436557	17162.5976	8.273927691260225	164.13343655581423	1038.911084306968	
17184.5416	0.04400000000168802	Ripples						0.04400000000168802	17184.5752	10.082152431423175	155.2434982678816	1108.1921020993825	
17184.6064	0.044799999999668216	Ripples						0.044799999999668216	17184.628	25.241439649684178	158.98802608484408	1810.8085034949597	
17184.932800000002	0.021600000000034925	Ripples						0.021600000000034925	17184.947200000002	11.17983370467205	159.2234171128109	1078.5028220974898	
17189.084000000003	0.05760000000009313	Ripples						0.05760000000009313	17189.098400000003	15.740437497677961	162.57903843461636	1549.8326827899461	
17193.695200000002	0.03439999999682186	Ripples						0.03439999999682186	17193.712	7.781402131786664	175.62057577614542	1034.032804589248	
17194.947200000002	0.0415999999968335	Ripples						0.0415999999968335	17194.9664	10.128940874724762	144.3614868329543	838.0932046951144	
17195.0744	0.07359999999971478	Ripples						0.07359999999971478	17195.1152	11.918620769503265	156.28127199156776	1287.6034894759935	
17195.206400000003	0.05040000000008149	Ripples						0.05040000000008149	17195.220800000003	29.95500520708919	157.85715064222978	2058.1346240669054	
17196.2056	0.04079999999885331	Ripples						0.04079999999885331	17196.22	23.513390157654147	169.07085530644278	1893.8906655307014	
17196.3344	0.12480000000141445	Ripples						0.12480000000141445	17196.424	29.115481334709074	158.4732098423108	2187.39062506708	
17198.497600000002	0.03359999999884167	Ripples						0.03359999999884167	17198.506400000002	6.070594509878306	151.09373220498298	691.2088488268475	
17199.5816	0.03919999999925494	Ripples						0.03919999999925494	17199.6136	6.6238173923022705	167.96317368749422	990.4133140171117	
17199.7984	0.0808000000033644	Ripples						0.0808000000033644	17199.8416	13.608693216607438	149.9963555115095	1519.3388377160493	
17200.856	0.046399999999266583	Ripples						0.046399999999266583	17200.8704	21.38847681430971	154.37114207149807	1669.6497769553218	
17201.0032	0.03280000000086147	Ripples						0.03280000000086147	17201.02	15.228328029750497	165.34795569447914	1576.7009832378028	
17201.6712	0.03840000000127475	Ripples						0.03840000000127475	17201.6904	16.98823259539217	151.72977689374738	1261.5870605862765	
17201.803200000002	0.07839999999850988	Ripples						0.07839999999850988	17201.821600000003	15.702419449287067	173.80200122942333	1362.9673319140325	
17201.9016	0.03600000000005821	Ripples						0.03600000000005821	17201.920000000002	12.491192129639538	151.96228198688806	1426.345329215119	
17201.9808	0.0319999999992433	Ripples						0.0319999999992433	17201.9952	8.57442082837631	152.42018329965813	1052.9666232760137	
17202.432800000002	0.044799999999668216	Ripples						0.044799999999668216	17202.4552	9.79987344073808	151.78182559089083	846.9000726308466	
17206.3368	0.04799999999886495	Ripples						0.04799999999886495	17206.3488	10.653001728708793	157.30452082500338	1263.356267635585	
17207.2032	0.03359999999884167	Ripples						0.03359999999884167	17207.2176	22.269821526809974	158.2622614170685	1535.9817383611705	
17207.3112	0.040000000000873115	Ripples						0.040000000000873115	17207.3296	16.548251795892615	150.00930030989008	1229.008173811105	
17208.0488	0.03280000000086147	Ripples						0.03280000000086147	17208.072	7.197219577972114	160.3759470494943	770.8404199116466	
17208.2616	0.05040000000008149	Ripples						0.05040000000008149	17208.28	16.77181530597291	163.0096371723994	1580.426046379508	
17208.876800000002	0.05040000000008149	Ripples						0.05040000000008149	17208.9016	30.3433949649011	159.50671913653414	2259.20147709749	
17210.3376	0.02080000000205473	Ripples						0.02080000000205473	17210.3512	7.261606467622782	164.25385144020007	1024.31439730398	
17210.4	0.02079999999841675	Ripples						0.02079999999841675	17210.408000000003	9.660609610813173	159.49509462814586	1099.1310440962977	
17213.8272	0.06880000000091968	Ripples						0.06880000000091968	17213.8664	18.340376779606054	164.02912256991266	1828.6072927612363	
17220.927200000002	0.03359999999884167	Ripples						0.03359999999884167	17220.936	10.105289186441874	158.19178100771117	1128.9647106291375	
17224.824800000002	0.037599999999656575	Ripples						0.037599999999656575	17224.84	7.429388217821691	150.07550003635916	730.9433027074574	
17224.9624	0.04160000000047148	Ripples						0.04160000000047148	17224.9864	24.232671644078746	155.34430805435179	1875.8005245533316	
17225.673600000002	0.09999999999854481	Ripples						0.09999999999854481	17225.7368	17.58409061073092	150.36792566046879	1637.5326115256578	
17226.494400000003	0.02079999999841675	Ripples						0.02079999999841675	17226.508	8.872844476998765	159.50355381616237	874.1331877817256	
17226.9088	0.16639999999824795	Ripples						0.16639999999824795	17227.0112	10.912138180997438	159.67218300443145	1108.9485960556149	
17229.172000000002	0.0367999999980384	Ripples						0.0367999999980384	17229.1928	23.82762119141059	169.23183686077166	2079.963706486245	
17230.6568	0.037599999999656575	Ripples						0.037599999999656575	17230.680800000002	22.77080853010964	171.44748767933453	1687.8535514980993	
17231.8672	0.1136000000005879	Ripples						0.1136000000005879	17231.904000000002	15.979546128693558	154.8115677313834	1592.9354303784778	
17232.076	0.04079999999885331	Ripples						0.04079999999885331	17232.1024	17.44401408778777	155.8537314992889	1570.2359404239	
17232.2688	0.037599999999656575	Ripples						0.037599999999656575	17232.281600000002	18.003611416337666	156.31156576667394	1562.2830216061798	
17232.3832	0.03359999999884167	Ripples						0.03359999999884167	17232.400800000003	13.715948989278342	157.629503608375	1474.6342686063147	
17235.3816	0.04320000000006985	Ripples						0.04320000000006985	17235.398400000002	16.656023271029586	167.4860824555142	1548.8549566427241	
17237.2808	0.028800000000046566	Ripples						0.028800000000046566	17237.292	12.76458156402675	171.49695465120448	1310.0391358153518	
17237.7984	0.05040000000008149	Ripples						0.05040000000008149	17237.8232	15.510864979795642	148.15650517143865	1273.388600624649	
17238.252800000002	0.02959999999802676	Ripples						0.02959999999802676	17238.264000000003	6.801213269235821	158.35971834861283	838.7869479623128	
17238.6088	0.0319999999992433	Ripples						0.0319999999992433	17238.624	33.294851452699135	159.46255266285772	2175.8732930765404	
17239.519200000002	0.04959999999846332	Ripples						0.04959999999846332	17239.528000000002	7.049916577483808	153.8958024882814	829.9298265710015	
17241.8344	0.0544000000008964	Ripples						0.0544000000008964	17241.852	17.99868601577168	160.00321260459893	1754.8691683644952	
17241.968800000002	0.0415999999968335	Ripples						0.0415999999968335	17241.994400000003	6.831624131434672	154.3201179894271	1062.5115496272285	
17243.448	0.04320000000006985	Ripples						0.04320000000006985	17243.458400000003	15.767128332683416	158.128627313877	1336.8584234354244	
17244.912800000002	0.05280000000129803	Ripples						0.05280000000129803	17244.9384	24.471741593958654	150.4010605273332	1648.9502254966571	
17245.900800000003	0.07519999999931315	Ripples						0.07519999999931315	17245.9464	10.896428101209096	147.58536362087168	1064.4580509906048	
17246.644800000002	0.05519999999887659	Ripples						0.05519999999887659	17246.6728	16.97597241107782	152.42691457135803	1568.0882068276626	
17246.7224	0.025600000000849832	Ripples						0.025600000000849832	17246.7344	15.846487767145138	159.90800388207543	1441.9756021928986	
17246.7944	0.031200000001263106	Ripples						0.031200000001263106	17246.8088	9.789734740593069	160.26591623686645	1301.6840248906065	
17250.296000000002	0.053599999999278225	Ripples						0.053599999999278225	17250.3304	14.644600784566492	155.48955109013576	1636.3388943907973	
17251.056	0.02080000000205473	Ripples						0.02080000000205473	17251.0672	10.098899285287018	164.33833167636655	1005.5070148567276	
17253.6616	0.024800000002869638	Ripples						0.024800000002869638	17253.673600000002	29.291339119635715	166.7700513261931	1870.9708950655336	
17254.5384	0.04959999999846332	Ripples						0.04959999999846332	17254.5528	14.85901434892233	155.31077778061209	1467.8933194720066	
17255.307200000003	0.051199999998061685	Ripples						0.051199999998061685	17255.32	19.183556513769773	173.61921139669	1591.2245548324904	
17256.892	0.05200000000331784	Ripples						0.05200000000331784	17256.912800000002	28.161391049491613	162.55656869839834	2201.049532108541	
17259.3816	0.04800000000250293	Ripples						0.04800000000250293	17259.398400000002	34.04220564026925	158.2456250623023	2023.6425215379363	
17259.4816	0.03280000000086147	Ripples						0.03280000000086147	17259.4896	5.416009134318634	146.92340037897398	717.6114773837339	
17262.1728	0.025600000000849832	Ripples						0.025600000000849832	17262.188000000002	13.516801365118008	159.3865705180528	1281.0192089535415	
17272.213600000003	0.04719999999724678	Ripples						0.04719999999724678	17272.236	9.756640621561028	148.42109233749832	826.1786792100298	
17278.632	0.0544000000008964	Ripples						0.0544000000008964	17278.6424	10.290922652268392	156.1302381749558	1230.899546084655	
17279.535200000002	0.05279999999766005	Ripples						0.05279999999766005	17279.5584	22.083161011707208	169.68080136411166	1564.0571738576277	
17280.5824	0.053600000002916204	Ripples						0.053600000002916204	17280.6096	28.220969689067584	160.29452988252058	2071.0474129121294	
17281.736	0.07920000000012806	Ripples						0.07920000000012806	17281.7968	16.217393376904123	147.89702320350705	1224.1066349216592	
17282.107200000002	0.04399999999805004	Ripples						0.04399999999805004	17282.1264	20.54568233129221	162.03509309433838	1811.952836659443	
17283.184	0.035199999998440035	Ripples						0.035199999998440035	17283.2056	24.941195896425665	156.4764678617746	1831.9972709383794	
17283.677600000003	0.04399999999805004	Ripples						0.04399999999805004	17283.6928	9.023025417199745	152.14562024539867	1026.432339170864	
17283.7912	0.042400000002089655	Ripples						0.042400000002089655	17283.8024	11.297701548215288	158.63380304296697	1215.6205500706305	
17284.6904	0.035200000002078013	Ripples						0.035200000002078013	17284.7152	5.689515449571805	160.90030118263348	1014.2024064727062	
17285.144800000002	0.04079999999885331	Ripples						0.04079999999885331	17285.1528	6.533482636410501	153.2965449158862	835.7341644964453	
17286.2176	0.1088000000017928	Ripples						0.1088000000017928	17286.2464	25.399035182448323	156.2575271559942	1795.810536639325	
17286.4016	0.0272000000004482	Ripples						0.0272000000004482	17286.415200000003	13.06802995796933	160.96235541455587	1290.3420209715048	
17287.4936	0.0632000000005064	Ripples						0.0632000000005064	17287.5464	6.988169019854327	152.24383829777477	697.5832938331642	
17288.267200000002	0.06559999999808497	Ripples						0.06559999999808497	17288.2776	5.849829146754741	164.76837901060333	940.833649199484	
17289.200800000002	0.05199999999967986	Ripples						0.05199999999967986	17289.2392	7.468989059522733	157.6479412628991	1044.1973557664749	
17289.896	0.051200000001699664	Ripples						0.051200000001699664	17289.9288	8.911412289123447	148.48101182405617	892.162633907766	
17291.8952	0.040000000000873115	Ripples						0.040000000000873115	17291.912	7.528694738251998	162.21869110697486	881.3179382704335	
17291.9816	0.022400000001653098	Ripples						0.022400000001653098	17291.996	21.473376075444	162.3043978989979	1442.6632342811847	
17293.1568	0.04079999999885331	Ripples						0.04079999999885331	17293.18	20.787309690360644	157.55472467361798	1417.9810280442387	
17293.2256	0.09759999999732827	Ripples						0.09759999999732827	17293.2408	16.767207278815487	155.90031700077193	1243.1322012064195	
17294.092800000002	0.046399999999266583	Ripples						0.046399999999266583	17294.112800000003	19.427808573940748	156.9636239002343	1785.0755801555506	
17294.4312	0.047200000000884756	Ripples						0.047200000000884756	17294.456000000002	8.513333703076	152.71863650329578	1055.5248893374703	
17294.624	0.028000000002066372	Ripples						0.028000000002066372	17294.6384	8.727722626360089	157.78432715778777	1082.6371617033496	
17295.1496	0.04160000000047148	Ripples						0.04160000000047148	17295.1712	16.030608750967325	154.9296152796351	1568.5192400115145	
17295.5832	0.037599999999656575	Ripples						0.037599999999656575	17295.6016	24.04490181519832	155.75085214934586	1710.5718641466367	
17295.7232	0.03440000000045984	Ripples						0.03440000000045984	17295.738400000002	16.810618711024354	155.63258374693044	1584.2290096618558	
17296.1832	0.04080000000249129	Ripples						0.04080000000249129	17296.2112	16.337785014905158	166.85695689102508	1647.8003671957738	
17296.314400000003	0.04320000000006985	Ripples						0.04320000000006985	17296.3304	17.252715766849835	152.65247905000803	1480.4424961967686	
17296.936	0.042399999998451676	Ripples						0.042399999998451676	17296.951200000003	19.184217498284355	155.7595314394716	1598.8810954879677	
17301.168	0.02479999999923166	Ripples						0.02479999999923166	17301.179200000002	6.398492392843127	157.3492683426174	920.3519852970181	
17302.9312	0.027200000004086178	Ripples						0.027200000004086178	17302.9448	17.512056947843014	165.60889064238313	1606.2398058323652	
17306.9312	0.035200000002078013	Ripples						0.035200000002078013	17306.9504	33.75177954625065	164.02526243453696	2245.36473206775	
17309.643200000002	0.04719999999724678	Ripples						0.04719999999724678	17309.664800000002	21.773358771357206	174.54068254768723	1794.3458740914775	
17310.2072	0.04399999999805004	Ripples						0.04399999999805004	17310.2296	19.547776984302658	170.98959671460167	1798.609765813332	
17310.670400000003	0.03359999999884167	Ripples						0.03359999999884167	17310.688000000002	25.458446959140513	161.07007244405878	1993.0680882575125	
17310.796000000002	0.04320000000006985	Ripples						0.04320000000006985	17310.8256	20.110347961052042	162.41115036848967	1762.790311484569	
17311.46	0.05920000000332948	Ripples						0.05920000000332948	17311.488	30.80462076908811	160.05676058615157	2293.7895221581393	
17316.608	0.021600000000034925	Ripples						0.021600000000034925	17316.616	6.345638727483765	159.68797707660414	810.3468613143167	
17316.7584	0.04640000000290456	Ripples						0.04640000000290456	17316.7832	27.856802778165918	164.60953932010443	2091.899547203073	
17316.9336	0.035200000002078013	Ripples						0.035200000002078013	17316.952	18.367373899981317	153.91697746071068	1450.2512668704946	
17318.549600000002	0.03440000000045984	Ripples						0.03440000000045984	17318.569600000003	12.318325516162803	155.1119830361393	1391.3927164820423	
17319.420000000002	0.032799999997223495	Ripples						0.032799999997223495	17319.4384	12.309910329719438	152.99378433342673	1203.7371548363	
17321.9456	0.07520000000295113	Ripples						0.07520000000295113	17321.996	20.200714721008328	155.51063084824793	1712.607161518368	
17326.6984	0.05679999999847496	Ripples						0.05679999999847496	17326.7488	9.877848883673446	152.46441615955797	987.1662027880495	
17327.256	0.05679999999847496	Ripples						0.05679999999847496	17327.2912	15.321761639180503	166.78389661612238	1630.09869607728	
17327.6048	0.025600000000849832	Ripples						0.025600000000849832	17327.6152	15.333581251620846	165.5639270788651	1396.6424420012793	
17331.180800000002	0.0415999999968335	Ripples						0.0415999999968335	17331.1944	8.760195782251072	154.78897905091242	1166.3846420022492	
17331.999200000002	0.039999999997235136	Ripples						0.039999999997235136	17332.0224	13.295036692671424	149.66005395794787	1160.1400668856195	
17343.0728	0.05199999999967986	Ripples						0.05199999999967986	17343.1008	23.74536440368137	156.73455983271728	1762.2334783252136	
17343.288800000002	0.06480000000010477	Ripples						0.06480000000010477	17343.3096	18.34783085096238	154.00758052431067	1589.2136434713186	
17343.920000000002	0.031200000001263106	Ripples						0.031200000001263106	17343.940000000002	15.10480773360917	158.50229261955658	1389.0353517339124	
17344.0168	0.0367999999980384	Ripples						0.0367999999980384	17344.0312	7.262561402884386	165.64032203303816	1093.0244283712395	
17344.6728	0.022400000001653098	Ripples						0.022400000001653098	17344.684	9.325227653950934	160.0751852866513	1045.3099878788853	
17345.2432	0.053599999999278225	Ripples						0.053599999999278225	17345.268	13.318265640097968	157.65574084246165	1257.2684882990288	
17345.4608	0.05199999999967986	Ripples						0.05199999999967986	17345.4824	20.558590900123292	152.52485992442473	1577.728891712599	
17345.7552	0.04320000000006985	Ripples						0.04320000000006985	17345.7696	14.616915609647844	154.2976456589041	1343.8563379787786	
17346.314400000003	0.03359999999884167	Ripples						0.03359999999884167	17346.328	11.894491361445626	164.76053496524423	1408.186499680402	
17346.452	0.04399999999805004	Ripples						0.04399999999805004	17346.4792	7.901832293754249	162.6419290168893	1248.5978216612318	
17347.2608	0.06639999999970314	Ripples						0.06639999999970314	17347.2976	10.200002958626568	152.75111769983297	1072.1011691228132	
17348.420000000002	0.030399999999644933	Ripples						0.030399999999644933	17348.4424	5.647133988821524	153.27528654079407	685.6326045792238	
17348.6208	0.025600000000849832	Ripples						0.025600000000849832	17348.6384	6.276953462585869	151.54876094506642	914.0211023110332	
17348.8384	0.04080000000249129	Ripples						0.04080000000249129	17348.8632	19.53298485746338	159.02342211522412	1679.3173114409135	
17350.8224	0.0319999999992433	Ripples						0.0319999999992433	17350.8344	12.129370529000695	170.46279762573585	998.1997117127166	
17351.0256	0.03600000000005821	Ripples						0.03600000000005821	17351.0512	6.605834516971548	151.56674911522168	836.414496946545	
17351.164800000002	0.039999999997235136	Ripples						0.039999999997235136	17351.200800000002	6.251143731984104	158.28695118975645	800.5632403211023	
17352.2576	0.0319999999992433	Ripples						0.0319999999992433	17352.2664	5.747922643308649	164.09617196721723	857.6168006790084	
17352.8016	0.02080000000205473	Ripples						0.02080000000205473	17352.8096	10.912123635684466	165.37372712882143	1159.8213411864283	
17355.235200000003	0.03919999999925494	Ripples						0.03919999999925494	17355.260000000002	13.089586722349011	152.80473943000175	1343.8978087105445	
17355.393600000003	0.04719999999724678	Ripples						0.04719999999724678	17355.4104	12.594275704750066	160.16353640696198	1475.5934737282985	
17355.540800000002	0.026399999998830026	Ripples						0.026399999998830026	17355.5512	8.507036321610745	173.91405270643864	1012.0957158578135	
17357.3736	0.024800000002869638	Ripples						0.024800000002869638	17357.388	14.325153420134582	164.72448970197078	1322.9046369813739	
17357.444000000003	0.05519999999887659	Ripples						0.05519999999887659	17357.4824	16.285744353466782	159.38530060797353	1654.138812670104	
17357.596	0.0591999999996915	Ripples						0.0591999999996915	17357.6384	11.080258682645141	155.27105877892905	1492.3660078240819	
17357.6816	0.056000000000494765	Ripples						0.056000000000494765	17357.696	6.908010802185908	156.39535267821591	978.1777354595275	
17359.012000000002	0.051199999998061685	Ripples						0.051199999998061685	17359.0368	5.82655516178372	156.38000921558995	709.3471641370134	
17359.202400000002	0.02479999999923166	Ripples						0.02479999999923166	17359.216	12.434937441817693	161.79355111804082	1341.7453728589585	
17364.5776	0.05680000000211294	Ripples						0.05680000000211294	17364.6192	9.520245830566289	164.19732339265065	1339.1492827392124	
17367.056800000002	0.048800000000483124	Ripples						0.048800000000483124	17367.0976	8.571558626801428	152.2214245467598	834.9420428852408	
17368.264000000003	0.042399999998451676	Ripples						0.042399999998451676	17368.2864	12.465947749625602	156.0503588165658	1400.5887355362129	
17368.3632	0.037600000003294554	Ripples						0.037600000003294554	17368.3744	11.119465927216217	156.49733529026597	1014.4900812547869	
17368.843200000003	0.06719999999768334	Ripples						0.06719999999768334	17368.8928	7.040715446932861	145.90626989488436	580.1617260571524	
17370.556	0.020000000000436557	Ripples						0.020000000000436557	17370.5648	6.793238406140705	159.65352707415954	925.2949263867241	
17372.4192	0.06800000000293949	Ripples						0.06800000000293949	17372.4552	13.803182796342632	151.80169212906472	1619.5333742827734	
17375.864	0.1264000000010128	Ripples						0.1264000000010128	17375.9032	14.857559704524185	148.11913927192603	1415.6105907048193	
17377.736	0.04320000000006985	Ripples						0.04320000000006985	17377.752	28.527419367183718	159.63710824888665	2101.990224813299	
17377.839200000002	0.047200000000884756	Ripples						0.047200000000884756	17377.856	31.93237772393713	167.8947269058021	2192.7697475798186	
17379.2936	0.09360000000015134	Ripples						0.09360000000015134	17379.379200000003	11.940219391582495	155.35548306451923	1142.6405420826325	
17383.256	0.0319999999992433	Ripples						0.0319999999992433	17383.2736	11.477971242571424	160.7383276551709	1341.932143355245	
17383.3784	0.03280000000086147	Ripples						0.03280000000086147	17383.4024	8.86542600727334	175.18953161301806	967.9888139005217	
17383.4896	0.11679999999978463	Ripples						0.11679999999978463	17383.5072	15.108974639795878	154.62977064315467	1463.9279982697533	
17383.735200000003	0.0319999999992433	Ripples						0.0319999999992433	17383.756	10.57701227688367	151.08250495686156	1045.6843558793817	
17385.228000000003	0.05040000000008149	Ripples						0.05040000000008149	17385.2552	16.631864822887763	156.94573059422757	1662.8494939834359	
17387.0	2035.0	SleepStates											Awake
17407.886400000003	0.025599999997211853	Ripples						0.025599999997211853	17407.8976	8.499235077509477	153.68207781834533	936.9678156361991	
17412.6024	0.0544000000008964	Ripples						0.0544000000008964	17412.6296	20.714901872953448	160.38370513048403	1894.8569572946678	
17419.8904	0.03680000000167638	Ripples						0.03680000000167638	17419.904000000002	9.646076670636576	156.3822333237729	940.8259769424498	
17422.5296	0.04160000000047148	Ripples						0.04160000000047148	17422.540800000002	22.86566506150217	161.5354476398999	1696.6865033303316	
17422.6712	0.028800000000046566	Ripples						0.028800000000046566	17422.6928	11.990657613158271	156.6451922687606	1157.6820608027942	
17425.3128	0.05920000000332948	Ripples						0.05920000000332948	17425.346400000002	14.26574448315268	146.95207772565826	1116.1865646287795	
17425.82	0.02080000000205473	Ripples						0.02080000000205473	17425.8304	8.968023769798661	165.47373537747544	1108.808858218798	
17426.1392	0.03440000000045984	Ripples						0.03440000000045984	17426.1528	28.668809440584887	164.23704536032648	1814.4539105216484	
17426.236	0.028800000000046566	Ripples						0.028800000000046566	17426.249600000003	8.736147763653468	151.189516041948	977.8780006300634	
17429.7632	0.02960000000166474	Ripples						0.02960000000166474	17429.7752	10.007806620935956	153.19030197520476	1047.1353187183981	
17430.64	0.03680000000167638	Ripples						0.03680000000167638	17430.652000000002	9.08121408050051	157.43079891179795	1085.7686529615614	
17433.308	0.04320000000006985	Ripples						0.04320000000006985	17433.3224	13.281616962729641	153.2535223352869	1400.5216526778968	
17434.713600000003	0.055999999996856786	Ripples						0.055999999996856786	17434.7632	6.68302838929368	154.96639389585383	738.6398528125852	
17434.8304	0.03200000000288128	Ripples						0.03200000000288128	17434.8408	7.4499360969152395	153.27522095451016	958.5317494014862	
17435.206400000003	0.05439999999725842	Ripples						0.05439999999725842	17435.248	7.56424636065858	159.9084355782407	1266.6645923500791	
17436.0848	0.03919999999925494	Ripples						0.03919999999925494	17436.0952	10.351166262101954	157.3110360318528	1164.3512293934589	
17436.7488	0.03919999999925494	Ripples						0.03919999999925494	17436.7688	20.353729351081537	158.6395900915183	1820.6079294447595	
17437.576	0.0319999999992433	Ripples						0.0319999999992433	17437.598400000003	10.289409205120648	155.81518644284057	1125.7839009989523	
17439.5104	0.0496000000021013	Ripples						0.0496000000021013	17439.535200000002	13.535457410702302	149.93058604151767	1271.9894488042703	
17439.7576	0.030399999999644933	Ripples						0.030399999999644933	17439.772	25.786422369141423	167.41542454492858	1951.4454809047743	
17440.487200000003	0.027999999998428393	Ripples						0.027999999998428393	17440.5008	19.287640877811008	162.53383289880307	1642.426861428559	
17440.6656	0.09120000000257278	Ripples						0.09120000000257278	17440.6896	13.19869917856446	154.067071184212	1451.9951825319617	
17441.204	0.046399999999266583	Ripples						0.046399999999266583	17441.2368	9.488910962452648	170.17320716201533	1081.5515187504975	
17442.376	0.04160000000047148	Ripples						0.04160000000047148	17442.404000000002	17.89454658691468	152.11204218686942	1451.4808213005904	
17452.384000000002	0.02959999999802676	Ripples						0.02959999999802676	17452.3952	8.613796122640412	155.50674921582038	1043.3283131887315	
17452.523200000003	0.03359999999884167	Ripples						0.03359999999884167	17452.5376	7.009561853433974	147.86748871625787	789.7266490291692	
17454.285600000003	0.09439999999813153	Ripples						0.09439999999813153	17454.3416	11.660797116961989	145.48096384889783	1177.5583340344476	
17454.470400000002	0.03840000000127475	Ripples						0.03840000000127475	17454.484800000002	23.960365341078564	157.17218590690493	1866.6544498149087	
17474.1816	0.03920000000289292	Ripples						0.03920000000289292	17474.199200000003	5.3792787992847835	150.3007058125303	804.4966158367085	
17491.7224	0.05200000000331784	Ripples						0.05200000000331784	17491.749600000003	14.538561037889242	152.14058135057556	1451.6019106090187	
17520.9264	0.048800000000483124	Ripples						0.048800000000483124	17520.9576	16.495049022739707	156.2199477905501	1617.6509903347157	
17548.578400000002	0.08159999999770662	Ripples						0.08159999999770662	17548.641600000003	12.315711041098746	158.45919632141232	1438.7033639602355	
17555.352	0.04800000000250293	Ripples						0.04800000000250293	17555.3664	25.544387282671988	155.98709805945145	1771.6145452340945	
17555.425600000002	0.02079999999841675	Ripples						0.02079999999841675	17555.4336	9.970576079282894	171.2057185439134	1028.9769060341052	
17559.3376	0.037600000003294554	Ripples						0.037600000003294554	17559.357600000003	15.190595721603966	162.9982683481647	1529.0595782857743	
17559.448	0.0496000000021013	Ripples						0.0496000000021013	17559.483200000002	16.37671946272031	153.73815266527367	1545.2700292627296	
17560.9504	0.0319999999992433	Ripples						0.0319999999992433	17560.9752	9.348791168196795	155.7172188917784	951.883823755121	
17561.0384	0.07679999999891152	Ripples						0.07679999999891152	17561.078400000002	21.579466805127627	166.9685440680405	1668.4467401345585	
17574.386400000003	0.02719999999681022	Ripples						0.02719999999681022	17574.400800000003	14.150699622137695	166.23286318133384	1463.7270910275918	
17575.1744	0.03600000000005821	Ripples						0.03600000000005821	17575.1904	20.096661613299396	161.80193024957103	1754.2354002733728	
17575.504800000002	0.09999999999854481	Ripples						0.09999999999854481	17575.5368	15.325020967101329	149.9698292491971	1414.2312651011764	
17581.828800000003	0.0319999999992433	Ripples						0.0319999999992433	17581.84	10.76008264172116	158.63025416573228	1254.454693279065	
17593.999200000002	0.03919999999925494	Ripples						0.03919999999925494	17594.0112	11.055533152770353	155.83452679763772	1224.6581288146567	
17596.792	0.040000000000873115	Ripples						0.040000000000873115	17596.8208	9.039254989244291	149.4257601641533	930.1402067761078	
17597.360800000002	0.04079999999885331	Ripples						0.04079999999885331	17597.3728	8.24511146810027	151.99558728651985	888.9711591671687	
17599.343200000003	0.04320000000006985	Ripples						0.04320000000006985	17599.36	23.845186073973267	163.05637423753927	1969.8927524943203	
17602.516000000003	0.03439999999682186	Ripples						0.03439999999682186	17602.5344	24.735885130572086	170.70527563926004	1813.6545210988957	
17603.9744	0.05680000000211294	Ripples						0.05680000000211294	17604.0104	15.212196579409463	157.34819112182504	1596.4050897305292	
17607.9032	0.07760000000052969	Ripples						0.07760000000052969	17607.968	9.52241368361681	162.86582374393635	1183.8345249267832	
17608.940000000002	0.06799999999930151	Ripples						0.06799999999930151	17608.9896	18.66269312658695	147.8649722660846	1328.5958214849684	
17612.0672	0.09839999999894644	Ripples						0.09839999999894644	17612.127200000003	18.020791944567474	156.00148807747118	1453.9251991749059	
17617.432	0.025600000000849832	Ripples						0.025600000000849832	17617.444000000003	10.633979310142067	155.44768097934178	993.4812784105609	
17628.0392	0.02960000000166474	Ripples						0.02960000000166474	17628.0536	8.972154531102433	154.06888878868344	1084.1084847846391	
17652.016000000003	0.04399999999805004	Ripples						0.04399999999805004	17652.0464	13.047615115645012	160.59302122241903	1349.8991186446049	
17709.6624	0.08879999999771826	Ripples						0.08879999999771826	17709.693600000002	12.268030480178146	162.75272208137307	1311.3136514697637	
17715.852	0.027200000004086178	Ripples						0.027200000004086178	17715.8664	8.476651635045302	156.08933114787496	970.4359398075616	
17725.1688	0.07920000000012806	Ripples						0.07920000000012806	17725.224000000002	13.273310343338865	157.54854444877063	1399.2256715689418	
17729.8256	0.12160000000221771	Ripples						0.12160000000221771	17729.8496	27.371407413615497	161.62524172432697	2020.4178882230906	
17732.8712	0.04559999999764841	Ripples						0.04559999999764841	17732.8856	9.151994049790499	159.54574557544706	1196.8074892419224	
17738.1248	0.04320000000006985	Ripples						0.04320000000006985	17738.157600000002	14.704302937131024	167.64370078183865	1453.330198547124	
17740.1832	0.035200000002078013	Ripples						0.035200000002078013	17740.1976	14.890803744616179	155.62964482075995	1423.457560918067	
17740.8312	0.025600000000849832	Ripples						0.025600000000849832	17740.8416	9.22390917542974	166.46202729285886	1164.1017533572667	
17745.6544	0.05040000000008149	Ripples						0.05040000000008149	17745.692000000003	5.023077786389758	161.37660387026764	923.6384446597045	
17748.6928	0.048800000000483124	Ripples						0.048800000000483124	17748.724000000002	15.810723354454716	161.16293218892505	1563.0952185118108	
17762.6352	0.06000000000130967	Ripples						0.06000000000130967	17762.6456	11.49855410129712	168.05484392867788	1162.3474971844068	
17762.864	0.021600000000034925	Ripples						0.021600000000034925	17762.872000000003	7.234088981860865	165.09564779772955	966.1198063132796	
17764.248	0.11520000000018626	Ripples						0.11520000000018626	17764.2632	24.88928951496812	163.68544755436443	1832.005292085527	
17768.035200000002	0.044799999999668216	Ripples						0.044799999999668216	17768.0648	8.673266352477148	149.73210330619614	853.8905589727198	
17768.245600000002	0.042399999998451676	Ripples						0.042399999998451676	17768.2696	28.024237500376582	173.31549068476275	2069.2545983887417	
17770.928	0.04080000000249129	Ripples						0.04080000000249129	17770.952	10.305698580278756	154.35024201853525	1155.7514787218477	
17773.2896	0.03840000000127475	Ripples						0.03840000000127475	17773.3184	9.741651783439346	154.176886337013	1062.0799853802139	
17827.4336	0.03359999999884167	Ripples						0.03359999999884167	17827.4592	6.613536766819669	154.65464975090183	940.0815282156944	
17903.5488	0.0272000000004482	Ripples						0.0272000000004482	17903.56	13.12691561183777	166.3167001189372	1310.483391752234	
17945.1152	0.020000000000436557	Ripples						0.020000000000436557	17945.1248	5.756928614334978	165.52027419496372	954.5058233930398	
17945.8384	0.04560000000128639	Ripples						0.04560000000128639	17945.8696	9.038677383487174	160.41536108830496	1111.2608353835567	
17957.0864	0.06160000000090804	Ripples						0.06160000000090804	17957.1152	9.8589855670337	163.96821116178458	1333.6920329832728	
17963.839200000002	0.02479999999923166	Ripples						0.02479999999923166	17963.8568	7.4692375864648195	154.5608251048397	917.823116571497	
17963.9576	0.03359999999884167	Ripples						0.03359999999884167	17963.9744	10.798660680745401	163.64237570730552	1384.2196704241478	
17966.3336	0.020000000000436557	Ripples						0.020000000000436557	17966.344	5.660031695119457	164.76605670996915	888.9776602921314	
17966.56	0.05280000000129803	Ripples						0.05280000000129803	17966.588	21.42799438012655	155.7400802957375	1723.7860669797365	
17967.496	0.0768000000025495	Ripples						0.0768000000025495	17967.516000000003	13.614035715583482	164.36412757309722	1576.040882110017	
17970.5128	0.028000000002066372	Ripples						0.028000000002066372	17970.524	8.234706522597973	157.65829103538007	1086.2032636414533	
17972.278400000003	0.027999999998428393	Ripples						0.027999999998428393	17972.2912	14.990401999679447	172.6882175526593	1370.855302684784	
17973.271200000003	0.05199999999604188	Ripples						0.05199999999604188	17973.3096	21.870237044828407	161.8744020740437	1806.3107919496358	
17976.54	0.04799999999886495	Ripples						0.04799999999886495	17976.571200000002	14.46378225561924	159.18195832426704	1533.4431208762323	
17978.568	0.03440000000045984	Ripples						0.03440000000045984	17978.5896	7.5021719427455125	171.00435839926948	1067.1300892354595	
17992.32	0.031200000001263106	Ripples						0.031200000001263106	17992.3384	6.867237104568364	175.4593322167795	928.7522330150233	
18056.605600000003	0.02479999999923166	Ripples						0.02479999999923166	18056.6192	5.639451628596664	158.875744113976	975.4281967706402	
18059.8296	0.03280000000086147	Ripples						0.03280000000086147	18059.8488	6.366074204569508	160.316267387556	995.1663167278558	
18068.2584	0.04320000000006985	Ripples						0.04320000000006985	18068.2912	8.196691628385654	168.7542109099167	1109.0804759705895	
18069.0904	0.030399999999644933	Ripples						0.030399999999644933	18069.107200000002	11.316430511524558	160.22097417298446	1339.1204478624554	
18070.728000000003	0.05519999999887659	Ripples						0.05519999999887659	18070.7536	11.82014718648729	161.01176014842383	1425.6308845429016	
18072.0816	0.08480000000054133	Ripples						0.08480000000054133	18072.1368	13.052812506845074	156.95326596440023	1173.303812678194	
18073.9576	0.037599999999656575	Ripples						0.037599999999656575	18073.9816	11.967297270856685	161.03149884392369	1400.1635256843697	
18074.055200000003	0.021600000000034925	Ripples						0.021600000000034925	18074.0632	8.109375608706925	164.8823533482849	982.17639233099	
18074.215200000002	0.035199999998440035	Ripples						0.035199999998440035	18074.2328	16.138661388105078	155.68732901619902	1573.3431084123595	
18078.605600000003	0.09919999999692664	Ripples						0.09919999999692664	18078.684	10.488531451691205	159.7792296924129	1353.410033286152	
18079.5576	0.04320000000006985	Ripples						0.04320000000006985	18079.5872	8.694087807494471	166.47758864495566	1218.6949524704442	
18083.2432	0.03359999999884167	Ripples						0.03359999999884167	18083.2632	8.295749699863137	161.06790318059277	1185.5359569416587	
18083.8952	0.030400000003282912	Ripples						0.030400000003282912	18083.916	6.862804314756896	157.055771410181	964.9050447065947	
18086.9088	0.03600000000005821	Ripples						0.03600000000005821	18086.9336	6.066837668941106	150.41669896313041	809.599487593709	
18089.0944	0.027999999998428393	Ripples						0.027999999998428393	18089.1088	12.085629064971084	162.38716725993473	1368.4610314144218	
18089.824800000002	0.03439999999682186	Ripples						0.03439999999682186	18089.8424	12.930637926702627	160.9917694722005	1392.6718556526034	
18091.680800000002	0.023999999997613486	Ripples						0.023999999997613486	18091.6944	6.339882743134242	161.6617138580835	981.7833564589017	
18091.808	0.02959999999802676	Ripples						0.02959999999802676	18091.8168	5.554136632797767	150.94877969529605	796.9545305587892	
18106.8416	0.02080000000205473	Ripples						0.02080000000205473	18106.8488	5.180978994883653	165.86052448286992	849.4573391057057	
18112.0848	0.0272000000004482	Ripples						0.0272000000004482	18112.1048	6.266670589334698	167.04621189085472	981.9281580006133	
18117.0816	0.021600000000034925	Ripples						0.021600000000034925	18117.0896	8.0957628987924	166.26913965464732	1035.587062924885	
18142.148800000003	0.03600000000005821	Ripples						0.03600000000005821	18142.1712	12.898570040958699	154.30516805107553	1326.1429619902199	
18143.8712	0.037599999999656575	Ripples						0.037599999999656575	18143.8952	16.998528645161397	163.4454463708477	1551.9415222009525	
18144.564000000002	0.023199999999633292	Ripples						0.023199999999633292	18144.58	7.9717732141655855	164.13339746682166	1052.8823900392877	
18150.2472	0.04959999999846332	Ripples						0.04959999999846332	18150.276	16.531992179990354	160.34671457429408	1703.917243448739	
18151.8472	0.04079999999885331	Ripples						0.04079999999885331	18151.864	20.323967445300053	164.43856854920458	1760.4682613713157	
18152.7768	0.028800000000046566	Ripples						0.028800000000046566	18152.792	9.845743171273021	155.9738319739338	1130.3611435670878	
18156.591200000003	0.032799999997223495	Ripples						0.032799999997223495	18156.600000000002	5.337144466923932	153.79976962735853	866.05089799607	
18157.537600000003	0.04079999999885331	Ripples						0.04079999999885331	18157.5632	9.538644827078103	150.9785109250695	985.227589308551	
18158.972800000003	0.03359999999884167	Ripples						0.03359999999884167	18158.983200000002	16.444863708837257	164.19759354016534	1513.2856320289004	
18161.213600000003	0.03439999999682186	Ripples						0.03439999999682186	18161.2272	12.446396347615497	157.97821605241535	1259.239657667089	
18161.5216	0.11440000000220607	Ripples						0.11440000000220607	18161.6104	28.622538510812863	162.77202462752717	2107.473189005675	
18162.0832	0.05679999999847496	Ripples						0.05679999999847496	18162.1176	13.941528320591837	153.16466060331746	1342.9537405636052	
18163.607200000002	0.0272000000004482	Ripples						0.0272000000004482	18163.6184	11.473259938917849	162.77978307038774	1223.3225863298494	
18165.024	0.037599999999656575	Ripples						0.037599999999656575	18165.0504	6.7701629187112164	146.28970760464122	661.8675424615769	
18178.886400000003	0.027999999998428393	Ripples						0.027999999998428393	18178.9	9.803405223868753	154.62274185158012	1058.7695358789317	
18178.984	0.07040000000051805	Ripples						0.07040000000051805	18179.020800000002	15.814356886054776	163.50465357499183	1533.5468515862185	
18201.604	0.04080000000249129	Ripples						0.04080000000249129	18201.621600000002	16.324508867463884	151.89296698006498	1473.9784771066231	
18214.6152	0.056000000000494765	Ripples						0.056000000000494765	18214.64	10.29971520757911	162.46478209821487	1395.0432479193657	
18222.180800000002	0.02239999999801512	Ripples						0.02239999999801512	18222.192000000003	7.128040224545353	160.40529330323025	1013.6769862297405	
18229.732	0.04079999999885331	Ripples						0.04079999999885331	18229.756	8.59951723926946	162.09550721428693	1202.9203386848765	
18233.375200000002	0.02719999999681022	Ripples						0.02719999999681022	18233.3856	9.366947763083957	163.79454159451	1209.7057550422692	
18267.952	0.03919999999925494	Ripples						0.03919999999925494	18267.9648	9.038859758190569	169.50754125642032	1211.4832313921536	
18274.245600000002	0.04799999999886495	Ripples						0.04799999999886495	18274.260000000002	9.210534805799446	168.70350475607927	1198.2284527768577	
18278.9016	0.021600000000034925	Ripples						0.021600000000034925	18278.916	8.768443803286576	162.64164850033634	995.305114413465	
18279.033600000002	0.05199999999967986	Ripples						0.05199999999967986	18279.0528	16.60478639289557	163.70747854922814	1726.7386580851608	
18326.6832	0.03280000000086147	Ripples						0.03280000000086147	18326.7048	8.920641921133367	157.08187710860958	1072.53905582728	
18336.9824	0.03600000000005821	Ripples						0.03600000000005821	18337.006400000002	7.01913809488921	173.4348129645932	1056.0934838068936	
18337.988	0.06559999999808497	Ripples						0.06559999999808497	18338.04	11.190808624488986	152.10782522016888	1308.2822445832446	
18338.7608	0.08000000000174623	Ripples						0.08000000000174623	18338.8296	12.137577821640127	157.11175583848018	1312.0175522114257	
18341.28	0.02960000000166474	Ripples						0.02960000000166474	18341.2984	13.344748711978799	156.01812701760306	1313.3448132653386	
18341.9304	0.07600000000093132	Ripples						0.07600000000093132	18341.948	14.796463948403648	159.56057210136777	1408.9895854893828	
18343.6496	0.02080000000205473	Ripples						0.02080000000205473	18343.657600000002	8.350653183115936	163.70840384015395	1070.9318547606995	
18344.8816	0.0319999999992433	Ripples						0.0319999999992433	18344.904000000002	5.731161722116185	159.16764465454744	868.9437150335951	
18346.528000000002	0.02079999999841675	Ripples						0.02079999999841675	18346.535200000002	5.4041289108465325	160.10435588195327	801.6729942562621	
18348.2184	0.04320000000006985	Ripples						0.04320000000006985	18348.24	8.66268845871866	145.2654256511039	991.5537347094739	
18350.5504	0.04560000000128639	Ripples						0.04560000000128639	18350.5832	7.957387364923128	160.58322877813555	1133.313642847752	
18367.7848	0.04160000000047148	Ripples						0.04160000000047148	18367.8136	7.926939870317603	164.12481636944023	1131.8601110800341	
18383.6184	0.021600000000034925	Ripples						0.021600000000034925	18383.6296	7.42508871947701	169.03728874364649	984.0739962634121	
18388.5832	0.02479999999923166	Ripples						0.02479999999923166	18388.5976	9.827436087243504	166.3657465143775	1232.2510259214293	
18388.7408	0.02479999999923166	Ripples						0.02479999999923166	18388.752	8.120190334347939	155.81155939725247	1089.1215780024888	
18390.3056	0.02080000000205473	Ripples						0.02080000000205473	18390.3136	11.537249886787045	171.60356592944973	1065.954059738921	
18390.3856	0.047200000000884756	Ripples						0.047200000000884756	18390.405600000002	12.022257403445973	154.94865843439123	1388.4615673301114	
18391.0968	0.11200000000098953	Ripples						0.11200000000098953	18391.1984	15.671229994000916	159.00285374148083	1556.6141217218758	
18407.3808	0.03280000000086147	Ripples						0.03280000000086147	18407.3976	17.672577036371862	166.8024146848872	1625.5338616718725	
18407.621600000002	0.056000000000494765	Ripples						0.056000000000494765	18407.6528	9.841189732228672	155.52389472870442	1183.449664670488	
18407.7248	0.028800000000046566	Ripples						0.028800000000046566	18407.7376	11.420671139181216	163.56119681152302	1361.5206031264654	
18445.7232	0.020000000000436557	Ripples						0.020000000000436557	18445.7328	5.06023846295626	169.8489006529104	871.6094248598645	
18458.1512	0.09600000000136788	Ripples						0.09600000000136788	18458.2304	17.778129879213434	161.8128792298686	1663.3314828282817	
18463.7976	0.06959999999889988	Ripples						0.06959999999889988	18463.824800000002	9.754425625968757	151.76366103625648	1154.0589107479339	
18469.068	0.04560000000128639	Ripples						0.04560000000128639	18469.085600000002	16.869253880413222	172.5551785735239	1597.3525458005176	
18469.156000000003	0.0319999999992433	Ripples						0.0319999999992433	18469.1712	19.627387257038283	160.01672957711887	1723.0375780943527	
18470.143200000002	0.023199999999633292	Ripples						0.023199999999633292	18470.1544	13.090503840177353	167.6001549895959	1305.6822007233368	
18477.465600000003	0.037599999996018596	Ripples						0.037599999996018596	18477.4816	16.99255814641007	173.73198511054179	1527.437854807062	
18483.3344	0.04080000000249129	Ripples						0.04080000000249129	18483.3488	10.136180932849356	169.63675568304924	1287.1322857794025	
18483.5792	0.031200000001263106	Ripples						0.031200000001263106	18483.5904	18.558384482715947	160.91153438937351	1575.8428914373276	
18484.857600000003	0.039999999997235136	Ripples						0.039999999997235136	18484.8736	11.435304052802	172.19424724172168	1235.1753299460784	
18486.248	0.046399999999266583	Ripples						0.046399999999266583	18486.271200000003	21.607681558193796	162.9085576391012	1830.4577275737672	
18488.0816	0.04079999999885331	Ripples						0.04079999999885331	18488.1024	26.89918418162318	163.47588725767983	2134.6989148702537	
18488.256800000003	0.053599999999278225	Ripples						0.053599999999278225	18488.28	17.366515617814496	168.56435150661963	1705.2091184306373	
18488.8088	0.0864000000001397	Ripples						0.0864000000001397	18488.82	13.945806167129415	173.73830503583892	1299.5901986524407	
18490.5104	0.051200000001699664	Ripples						0.051200000001699664	18490.5392	21.98493476852138	167.1969474156359	2004.2360416429135	
18490.756800000003	0.035199999998440035	Ripples						0.035199999998440035	18490.7736	18.329640768395162	171.80445694108664	1682.6085656932132	
18490.896800000002	0.05040000000008149	Ripples						0.05040000000008149	18490.912800000002	18.802489078226902	168.25716938629958	1718.8912385583278	
18492.245600000002	0.06639999999970314	Ripples						0.06639999999970314	18492.2904	19.09734075869335	161.33481490449694	1745.5568982980205	
18495.267200000002	0.047200000000884756	Ripples						0.047200000000884756	18495.278400000003	11.392181168632131	154.48886093833448	1221.6816627771273	
18504.4648	0.023999999997613486	Ripples						0.023999999997613486	18504.4752	6.589476019229221	163.9837250868218	1028.712230588296	
18504.536	0.07120000000213622	Ripples						0.07120000000213622	18504.5824	16.90287728891417	164.245281833838	1649.3464161721402	
18512.82	0.02320000000327127	Ripples						0.02320000000327127	18512.8328	11.080964429033964	165.63679280197002	1247.4734847844334	
18513.7416	0.040000000000873115	Ripples						0.040000000000873115	18513.7592	22.88998308863898	159.5539197910827	1913.9689875524177	
18514.6888	0.04800000000250293	Ripples						0.04800000000250293	18514.7	25.767109137618473	157.74164848120353	1765.7749774686533	
18518.56	0.0632000000005064	Ripples						0.0632000000005064	18518.5936	15.39697942451175	153.33158520767202	1621.7305573813333	
18518.742400000003	0.03439999999682186	Ripples						0.03439999999682186	18518.7544	15.27645803033819	162.7400440618726	1489.293442619383	
18521.112800000003	0.05760000000009313	Ripples						0.05760000000009313	18521.144800000002	5.745706074009203	149.0143116468124	884.043815691212	
18521.1944	0.03280000000086147	Ripples						0.03280000000086147	18521.202400000002	6.275276083259371	153.5356700883504	833.3726041486619	
18524.564000000002	0.05439999999725842	Ripples						0.05439999999725842	18524.5944	17.22192999656944	169.91248603825048	1693.0000177707657	
18524.78	0.024800000002869638	Ripples						0.024800000002869638	18524.7904	5.739919783498016	154.90596196947507	924.5989455793907	
18526.352	0.05280000000129803	Ripples						0.05280000000129803	18526.396800000002	12.014137936950764	156.97670880183523	1237.8415394255135	
18526.4248	0.035199999998440035	Ripples						0.035199999998440035	18526.4464	9.689350283358007	155.4616326354776	1085.6214777704638	
18526.537600000003	0.035199999998440035	Ripples						0.035199999998440035	18526.5632	5.119638999077873	153.80562338483793	808.9952011068273	
18528.0368	0.06559999999808497	Ripples						0.06559999999808497	18528.06	30.0636768104443	168.91604067707908	2236.539474665338	
18528.1968	0.051199999998061685	Ripples						0.051199999998061685	18528.236	13.736640442757574	173.5599334173178	1161.3622119684217	
18528.324	0.0272000000004482	Ripples						0.0272000000004482	18528.3352	23.888666483346274	164.53229799880202	1810.9556028071497	
18534.056	0.07200000000011642	Ripples						0.07200000000011642	18534.08	16.49968778778038	149.8006909015175	1393.0183060300785	
18534.163200000003	0.0319999999992433	Ripples						0.0319999999992433	18534.177600000003	8.39596051522652	153.9191512002206	1014.8788073223677	
18535.124	0.031200000001263106	Ripples						0.031200000001263106	18535.148	10.38384175898825	166.76220727483226	1187.6743272297153	
18536.5328	0.024000000001251465	Ripples						0.024000000001251465	18536.5472	8.070845479205913	160.08077113036552	1140.5674287129107	
18542.249600000003	0.07839999999850988	Ripples						0.07839999999850988	18542.267200000002	18.890522320890273	159.7323688526833	1683.3306631477424	
18543.0728	0.08559999999852153	Ripples						0.08559999999852153	18543.104	16.179012394579797	158.85206077497955	1422.2126783051772	
18544.796000000002	0.04079999999885331	Ripples						0.04079999999885331	18544.810400000002	19.70316277032856	162.18838066671162	1757.2909121791788	
18545.004800000002	0.07039999999688007	Ripples						0.07039999999688007	18545.0288	16.469235416736563	153.66251958190406	1589.3421367866829	
18545.4104	0.027999999998428393	Ripples						0.027999999998428393	18545.4216	11.264329158175508	158.0626633075589	1218.8292404585754	
18546.040800000002	0.03839999999763677	Ripples						0.03839999999763677	18546.0608	18.777400664750356	168.91184108861495	1817.2022458850563	
18546.238400000002	0.10319999999774154	Ripples						0.10319999999774154	18546.296000000002	23.07161976039708	160.7649991789938	1951.4373519504638	
18546.8136	0.03600000000005821	Ripples						0.03600000000005821	18546.8424	5.78931474334454	149.44907626288904	738.7297347430365	
18546.9608	0.028800000000046566	Ripples						0.028800000000046566	18546.9752	5.878787871226564	150.53563255150235	728.8951808276954	
18547.0688	0.07920000000012806	Ripples						0.07920000000012806	18547.128800000002	8.04554136359479	149.89542235044823	1096.961504210929	
18548.7872	0.03920000000289292	Ripples						0.03920000000289292	18548.7984	15.92119998196537	166.56441638561105	1470.609569728375	
18580.4792	0.059999999997671694	Ripples						0.059999999997671694	18580.5128	12.587259631924365	160.03002013361856	1347.852635846537	
18580.614400000002	0.025599999997211853	Ripples						0.025599999997211853	18580.627200000003	5.611681001640076	161.9299722169649	986.3059127182712	
18589.7808	0.040000000000873115	Ripples						0.040000000000873115	18589.7984	17.48280463746176	165.08704743552212	1716.0671358265756	
18599.0808	0.040000000000873115	Ripples						0.040000000000873115	18599.1008	12.997365556852447	161.4006595994134	1482.4762750928564	
18605.0544	0.11439999999856809	Ripples						0.11439999999856809	18605.1456	13.485997225438926	152.15727662385976	1430.1853052250397	
18608.637600000002	0.09839999999894644	Ripples						0.09839999999894644	18608.6552	16.04084342947469	166.9475335927232	1648.912056696555	
18614.454400000002	0.027999999998428393	Ripples						0.027999999998428393	18614.472	6.809606860738989	154.29018590019348	986.189943854182	
18614.504	0.02960000000166474	Ripples						0.02960000000166474	18614.523200000003	9.993124085505674	167.4031711805447	1212.3425494382984	
18623.376800000002	0.03600000000005821	Ripples						0.03600000000005821	18623.389600000002	11.436510955994919	159.55151446889215	1300.1317512970677	
18627.7376	0.06880000000091968	Ripples						0.06880000000091968	18627.7648	10.556439040375878	158.71090945584882	1263.2257540253602	
18647.206400000003	0.035199999998440035	Ripples						0.035199999998440035	18647.2232	15.059987534425092	169.2565292260541	1565.038429923917	
18647.8888	0.08880000000135624	Ripples						0.08880000000135624	18647.912800000002	11.3599510448884	152.94467678235202	1211.5470930370054	
18650.911200000002	0.02239999999801512	Ripples						0.02239999999801512	18650.922400000003	11.059440880935183	162.17704000594486	1219.6093927882866	
18650.977600000002	0.0319999999992433	Ripples						0.0319999999992433	18650.9936	18.073664139767317	169.19768293666314	1586.8477599619698	
18655.742400000003	0.031199999997625127	Ripples						0.031199999997625127	18655.756800000003	10.32773942327657	163.65406766931454	1233.2081448021345	
18657.4408	0.040000000000873115	Ripples						0.040000000000873115	18657.4672	15.00198197907609	167.6219069430668	1535.8138789273519	
18661.702400000002	0.028800000000046566	Ripples						0.028800000000046566	18661.715200000002	12.290243173336288	159.80763841013143	1330.6792524575496	
18664.5872	0.0319999999992433	Ripples						0.0319999999992433	18664.6088	13.221398827186439	157.08171814658664	1080.3904518181353	
18664.699200000003	0.05679999999847496	Ripples						0.05679999999847496	18664.7304	15.267268345031859	166.97823943764328	1454.1978356876823	
18670.2288	0.03440000000045984	Ripples						0.03440000000045984	18670.248	14.06206895974992	176.04316036919028	1324.5756671762315	
18671.310400000002	0.0544000000008964	Ripples						0.0544000000008964	18671.324800000002	8.633899399329433	169.80862655234628	1068.2905187146055	
18671.4232	0.0319999999992433	Ripples						0.0319999999992433	18671.440000000002	23.685464535589272	166.74116161952125	1907.3514990602305	
18676.6104	0.042399999998451676	Ripples						0.042399999998451676	18676.628	17.552040178192556	169.04894105513299	1633.0866681738632	
18679.501600000003	0.03839999999763677	Ripples						0.03839999999763677	18679.524	11.48261400354539	168.10229211517873	1287.4300160182045	
18680.001600000003	0.03439999999682186	Ripples						0.03439999999682186	18680.0152	14.46963446083365	175.73425103593124	1306.9482412950997	
18681.3856	0.08720000000175787	Ripples						0.08720000000175787	18681.4384	23.82593911991878	164.07905610524728	2069.7591526605406	
18682.961600000002	0.05040000000008149	Ripples						0.05040000000008149	18682.9792	15.31460692667123	160.93608149333804	1513.66880669962	
18683.130400000002	0.042399999998451676	Ripples						0.042399999998451676	18683.150400000002	22.90910416665718	165.54403533778563	1960.7775749838097	
18683.8512	0.1584000000002561	Ripples						0.1584000000002561	18683.9104	9.700303371101752	165.11327577088045	1294.986131837186	
18686.9336	0.06800000000293949	Ripples						0.06800000000293949	18686.9552	16.644471389367705	166.13261554877948	1631.371647325831	
18692.2256	0.030399999999644933	Ripples						0.030399999999644933	18692.2464	6.786924214847269	170.38528728021714	961.5973957682339	
18694.990400000002	0.040000000000873115	Ripples						0.040000000000873115	18695.0128	17.004175219677304	158.54614374978806	1571.5616758418964	
18708.033600000002	0.06480000000010477	Ripples						0.06480000000010477	18708.0648	20.00956823623557	153.63045119167342	1792.1158006903618	
18708.216	0.04160000000047148	Ripples						0.04160000000047148	18708.232	7.9219199254199575	177.20200728262824	837.9670699471093	
18709.2248	0.0632000000005064	Ripples						0.0632000000005064	18709.2624	21.62753754032834	155.59758013304003	1702.3459158358392	
18711.6296	0.04080000000249129	Ripples						0.04080000000249129	18711.643200000002	7.492717299654808	160.99515158086678	1093.0817816874558	
18713.9592	0.0367999999980384	Ripples						0.0367999999980384	18713.9792	14.536268778477405	160.77501694707388	1445.937336879683	
18714.085600000002	0.0687999999972817	Ripples						0.0687999999972817	18714.1392	12.452296405945711	176.0252455832958	1212.312857465159	
18724.4592	0.07840000000214786	Ripples						0.07840000000214786	18724.5104	19.04265062427887	168.4227762759503	1633.9288175079794	
18727.1744	0.033600000002479646	Ripples						0.033600000002479646	18727.193600000002	18.639235062695477	162.23697498701725	1651.3775017394819	
18729.8736	0.03680000000167638	Ripples						0.03680000000167638	18729.8944	22.413075336878272	171.8943414853539	1823.604791766915	
18733.2016	0.17439999999987776	Ripples						0.17439999999987776	18733.3488	19.011760147510348	158.91733258604685	1839.0184235533736	
18734.604	0.04400000000168802	Ripples						0.04400000000168802	18734.621600000002	11.379064938116397	164.7822854458311	1314.583230749064	
18734.7808	0.0272000000004482	Ripples						0.0272000000004482	18734.7952	15.737704381487902	166.379463588596	1554.2256670987695	
18735.6048	0.02079999999841675	Ripples						0.02079999999841675	18735.6184	6.223251588037532	168.74766974968162	931.9640227629183	
18737.9024	0.06560000000172295	Ripples						0.06560000000172295	18737.918400000002	16.00637352494748	158.64327569858872	1533.3900236464333	
18738.463200000002	0.04399999999805004	Ripples						0.04399999999805004	18738.487200000003	12.255847985264074	158.08401430762353	1432.4069857329039	
18740.5288	0.044799999999668216	Ripples						0.044799999999668216	18740.5536	16.56126727418461	165.80530266719518	1460.9636384209364	
18748.448	0.04400000000168802	Ripples						0.04400000000168802	18748.476000000002	9.374111551300214	163.82146103790066	1118.8076424221288	
18748.657600000002	0.04320000000006985	Ripples						0.04320000000006985	18748.684	20.101376961666777	156.3947683199879	1682.2648326550234	
18748.7288	0.028000000002066372	Ripples						0.028000000002066372	18748.7464	7.29769358443083	154.4231077645147	1040.3130702673886	
18755.229600000002	0.02079999999841675	Ripples						0.02079999999841675	18755.24	7.790381224912439	166.20529562755058	1038.5089555854534	
18755.316000000003	0.04959999999846332	Ripples						0.04959999999846332	18755.348	11.32755914440125	149.85968762650973	1158.231044355067	
18756.4928	0.04560000000128639	Ripples						0.04560000000128639	18756.519200000002	10.577175626734306	161.3150228472252	1362.333681462409	
18757.571200000002	0.06480000000010477	Ripples						0.06480000000010477	18757.616	14.509388699246397	158.85243097437913	1406.1609609017974	
18761.0144	0.040000000000873115	Ripples						0.040000000000873115	18761.033600000002	15.236403469801168	164.30795711930074	1619.8043395660986	
18767.121600000002	0.03919999999925494	Ripples						0.03919999999925494	18767.141600000003	19.112034234601715	162.5610536051442	1708.9160869799637	
18773.6112	0.037600000003294554	Ripples						0.037600000003294554	18773.636000000002	5.43940825397431	171.96001755868394	962.8618235016389	
18773.792	0.0272000000004482	Ripples						0.0272000000004482	18773.8024	18.227890002093222	164.0587900952969	1508.8714821214542	
18775.0024	0.06160000000090804	Ripples						0.06160000000090804	18775.04	16.316414240583423	175.18132402658858	1593.4130933711906	
18776.04	0.13599999999860302	Ripples						0.13599999999860302	18776.0824	18.763048653027656	166.83221115930232	1670.2556564174724	
18776.2288	0.05280000000129803	Ripples						0.05280000000129803	18776.2544	23.5395062315847	162.56939049471023	1905.3694424765995	
18782.016	0.024800000002869638	Ripples						0.024800000002869638	18782.0296	7.509217616212578	160.44497599360128	1056.6567411485944	
18782.114400000002	0.039999999997235136	Ripples						0.039999999997235136	18782.134400000003	25.722098504895907	162.73091935640616	2047.0823420687743	
18788.7632	0.09760000000096625	Ripples						0.09760000000096625	18788.792	10.46814214038759	165.05726503297092	1328.0352749614044	
18794.411200000002	0.07439999999769498	Ripples						0.07439999999769498	18794.432800000002	20.736400734160373	171.50392308345113	1722.235058002271	
18805.228000000003	0.04399999999805004	Ripples						0.04399999999805004	18805.242400000003	14.557023921758141	153.59584779422732	1297.1924667687247	
18807.7688	0.02959999999802676	Ripples						0.02959999999802676	18807.7824	9.492536623194981	160.93251854018763	1256.6939653523868	
18809.0864	0.05280000000129803	Ripples						0.05280000000129803	18809.0976	16.34375504777764	163.95927173491114	1564.400167136241	
18824.8784	0.053599999999278225	Ripples						0.053599999999278225	18824.918400000002	12.735040119437166	160.61032793581083	1379.6006045428087	
18828.8272	0.0272000000004482	Ripples						0.0272000000004482	18828.844	7.30984038808779	161.1066205494207	957.8673210779507	
18829.807200000003	0.035199999998440035	Ripples						0.035199999998440035	18829.8184	18.47037523040385	159.45122274492937	1572.0210347574107	
18830.164800000002	0.04079999999885331	Ripples						0.04079999999885331	18830.1816	19.22599173503126	170.92493040348927	1757.0690158474138	
18830.328800000003	0.0415999999968335	Ripples						0.0415999999968335	18830.339200000002	11.292691451504945	160.59775738310876	1178.1472837790668	
18831.068	0.05920000000332948	Ripples						0.05920000000332948	18831.107200000002	17.549935805573604	174.41808858164154	1629.7492775345427	
18831.4208	0.035200000002078013	Ripples						0.035200000002078013	18831.441600000002	11.914686580362293	155.5197051617587	1235.5608060938953	
18831.664	0.053599999999278225	Ripples						0.053599999999278225	18831.6928	16.199074055136055	168.0970393947434	1587.8766262774006	
18834.170400000003	0.11199999999735155	Ripples						0.11199999999735155	18834.2488	27.218424114673727	164.6216870618116	2160.4308469470716	
18835.9352	0.023199999999633292	Ripples						0.023199999999633292	18835.948800000002	10.59664118233196	171.06344517267803	1111.303006230573	
18839.3688	0.0496000000021013	Ripples						0.0496000000021013	18839.389600000002	8.23235072942881	155.24252924911406	830.2950423414832	
18840.2992	0.03919999999925494	Ripples						0.03919999999925494	18840.312	23.259728532924207	170.55214110994635	1722.2024306323685	
18840.4384	0.033600000002479646	Ripples						0.033600000002479646	18840.4536	21.384163145482418	159.53139039436402	1866.3444953334435	
18841.359200000003	0.04399999999805004	Ripples						0.04399999999805004	18841.38	28.85227959158731	161.4527883379435	2175.9155007619374	
18843.6184	0.04640000000290456	Ripples						0.04640000000290456	18843.641600000003	24.253985396985275	157.8825507792145	1888.5801159743983	
18843.742400000003	0.0415999999968335	Ripples						0.0415999999968335	18843.7704	23.236634325775807	155.32290294115634	1886.966490951586	
18843.8848	0.042400000002089655	Ripples						0.042400000002089655	18843.900800000003	22.766395638375613	164.17599980398475	1896.8449647656093	
18844.314400000003	0.05199999999967986	Ripples						0.05199999999967986	18844.3272	11.195823036225956	175.0549825959543	1049.5890359341117	
18844.767200000002	0.040000000000873115	Ripples						0.040000000000873115	18844.7864	15.87526117424649	160.64732405086903	1693.838090270396	
18848.8024	0.037599999999656575	Ripples						0.037599999999656575	18848.823200000003	26.59389064931683	161.69818081970848	2064.175278307046	
18852.398400000002	0.08480000000054133	Ripples						0.08480000000054133	18852.412800000002	17.474071110612453	158.97959210705864	1825.3581708483573	
18852.9856	0.047200000000884756	Ripples						0.047200000000884756	18852.9968	25.708296468708173	165.53497287964817	1815.2130222230237	
18853.2808	0.025600000000849832	Ripples						0.025600000000849832	18853.292	5.208072655075229	153.27059785238401	796.4544103684406	
18853.864	0.03440000000045984	Ripples						0.03440000000045984	18853.879200000003	18.936803569795497	164.6017441902934	1756.1853045628616	
18854.0864	0.028000000002066372	Ripples						0.028000000002066372	18854.100000000002	7.118439631627577	156.55150839936482	719.198090004923	
18854.1688	0.024000000001251465	Ripples						0.024000000001251465	18854.176	5.557942281627699	179.10580356117066	666.0280735751347	
18856.180800000002	0.05199999999967986	Ripples						0.05199999999967986	18856.204	29.25315593957219	171.11485835446874	2137.7464045761744	
18856.823200000003	0.11599999999816646	Ripples						0.11599999999816646	18856.856	12.984803329384842	152.5551247671659	1258.5846968480223	
18857.3224	0.05760000000009313	Ripples						0.05760000000009313	18857.3344	11.909523460838017	155.69062478738556	1235.2962474018243	
18857.5528	0.056000000000494765	Ripples						0.056000000000494765	18857.5808	27.682870203134886	161.93301600256646	2099.2572525757782	
18857.6896	0.02239999999801512	Ripples						0.02239999999801512	18857.6984	16.56813148872781	160.39484755142286	1392.971868301455	
18859.172000000002	0.06799999999930151	Ripples						0.06799999999930151	18859.1968	21.34837451961188	168.18678456675454	1820.422560782318	
18865.5664	0.11920000000100117	Ripples						0.11920000000100117	18865.5848	17.058395869023027	148.66354111047445	1482.568641781033	
18866.572	0.033600000002479646	Ripples						0.033600000002479646	18866.592	16.868275661435423	163.57584955074182	1595.0922345347267	
18866.6384	0.021600000000034925	Ripples						0.021600000000034925	18866.6528	6.592444071646462	158.5326682816264	871.4333221800296	
18870.535200000002	0.07760000000052969	Ripples						0.07760000000052969	18870.5592	17.437855266042057	153.1538150097308	1490.5097277952545	
18870.7104	0.03280000000086147	Ripples						0.03280000000086147	18870.7272	8.253115051306194	170.692861813428	1115.8298157271386	
18873.5544	0.02479999999923166	Ripples						0.02479999999923166	18873.5656	19.57670896402642	166.18176867798763	1639.4286069692137	
18873.696	0.040000000000873115	Ripples						0.040000000000873115	18873.7128	23.96646012965239	172.17023780512167	1802.3478070471547	
18876.364800000003	0.02479999999923166	Ripples						0.02479999999923166	18876.379200000003	6.790267322708587	163.32446657364042	981.9110513474479	
18876.4936	0.07760000000052969	Ripples						0.07760000000052969	18876.504800000002	11.886651150408827	161.9676490563025	1156.7969186317412	
18876.5944	0.0911999999989348	Ripples						0.0911999999989348	18876.664800000002	12.907832409120768	156.75724524528346	1158.0070370433511	
18877.092800000002	0.0272000000004482	Ripples						0.0272000000004482	18877.104	10.841325515868556	163.2844374131353	1308.0248109267202	
18877.2768	0.0272000000004482	Ripples						0.0272000000004482	18877.2904	9.677213233180591	163.99207495098406	1231.2519318784935	
18878.0216	0.07120000000213622	Ripples						0.07120000000213622	18878.0616	18.421373953825686	157.5456555633686	1699.9877774579913	
18878.16	0.023199999999633292	Ripples						0.023199999999633292	18878.172000000002	5.560431158608401	151.73164971026807	877.5193118160789	
18881.7048	0.06800000000293949	Ripples						0.06800000000293949	18881.7536	20.98339875431077	164.35029154537568	1828.1988714413794	
18881.8704	0.0591999999996915	Ripples						0.0591999999996915	18881.8856	17.946124003778422	151.2878430767919	1503.9871033105064	
18882.0344	0.03840000000127475	Ripples						0.03840000000127475	18882.056800000002	22.500977083835597	172.70181197289662	1811.081081344286	
18882.4368	0.04800000000250293	Ripples						0.04800000000250293	18882.4712	13.523461597686534	152.9453178488191	1324.8531347968787	
18882.984800000002	0.05439999999725842	Ripples						0.05439999999725842	18883.0184	10.908500494959348	158.27162996547847	1291.3768345230196	
18883.2248	0.031200000001263106	Ripples						0.031200000001263106	18883.242400000003	18.43474099011259	162.05664235284334	1643.6302050467357	
18883.7936	0.08000000000174623	Ripples						0.08000000000174623	18883.837600000003	21.397282560897814	166.61958743451504	1752.6374655199947	
18884.4208	0.0272000000004482	Ripples						0.0272000000004482	18884.4376	15.892387632942935	174.29912500871941	1348.9511368738474	
18885.569600000003	0.02479999999923166	Ripples						0.02479999999923166	18885.588	7.808036507996257	158.8701156440548	909.4940061170367	
18888.7792	0.08880000000135624	Ripples						0.08880000000135624	18888.808800000003	22.611836163856275	160.0848132090335	1917.419118201947	
18890.0368	0.044799999999668216	Ripples						0.044799999999668216	18890.0616	28.17435206078022	159.7719155499669	2151.642275116248	
18890.1688	0.03200000000288128	Ripples						0.03200000000288128	18890.1872	13.365542822685027	162.54289497642918	1484.7718876643692	
18891.2192	0.04640000000290456	Ripples						0.04640000000290456	18891.236	18.2469203465333	157.5922103019306	1678.9965516798281	
18891.328800000003	0.039999999997235136	Ripples						0.039999999997235136	18891.3472	7.9965308295502675	149.31138262640718	818.6926662376203	
18891.4	0.031199999997625127	Ripples						0.031199999997625127	18891.4176	12.1342840036362	157.83818642843045	1366.4449830619187	
18892.4896	0.030399999999644933	Ripples						0.030399999999644933	18892.504800000002	5.604104274940949	161.3668495795162	946.7895321711065	
18893.436	0.05760000000009313	Ripples						0.05760000000009313	18893.4728	26.891845236227997	173.6934819207102	1968.4845726312662	
18893.972	0.02479999999923166	Ripples						0.02479999999923166	18893.983200000002	5.863102743752913	161.05586956736352	883.5790195001484	
18894.5024	0.12960000000020955	Ripples						0.12960000000020955	18894.5744	11.397066403003498	157.75673996785187	1415.9746738729116	
18894.712	0.1128000000026077	Ripples						0.1128000000026077	18894.752800000002	12.247526375158326	158.36452008488888	1135.9689586308161	
18895.516	0.08079999999972642	Ripples						0.08079999999972642	18895.568	17.74145708099323	161.21586800264387	1693.0453163463173	
18895.7648	0.05040000000008149	Ripples						0.05040000000008149	18895.788	27.453406630042057	159.90215122643176	2146.655216390147	
18896.749600000003	0.08959999999933643	Ripples						0.08959999999933643	18896.764000000003	11.236442906452252	166.51435872242834	1335.0393102314606	
18913.6904	0.030400000003282912	Ripples						0.030400000003282912	18913.7016	19.545564933701616	162.43133447847006	1702.164563959287	
18920.5328	0.031200000001263106	Ripples						0.031200000001263106	18920.548000000003	12.996707908978669	173.21352403048084	1339.6765738446488	
18922.56	0.051199999998061685	Ripples						0.051199999998061685	18922.5744	12.283919899638809	157.4840067213855	1398.2928978279924	
18930.7832	0.03440000000045984	Ripples						0.03440000000045984	18930.8008	14.117673591581905	159.62060676665507	1390.7193202213132	
18934.4016	0.0272000000004482	Ripples						0.0272000000004482	18934.415200000003	20.002723756896028	162.74378636623683	1635.1410849236127	
18936.0688	0.042399999998451676	Ripples						0.042399999998451676	18936.0976	9.961507488152415	153.5919580298462	1093.373014755171	
18939.9576	0.021600000000034925	Ripples						0.021600000000034925	18939.968800000002	11.37501210353854	162.74432812824162	1192.503174239212	
18940.6856	0.04799999999886495	Ripples						0.04799999999886495	18940.702400000002	16.23168627131459	169.48248131179318	1508.822862978279	
18941.3784	0.030399999999644933	Ripples						0.030399999999644933	18941.389600000002	24.820151799208965	166.681195504473	1808.8827146733236	
18941.952	0.04959999999846332	Ripples						0.04959999999846332	18941.984	13.49097489438462	161.06400042275675	1354.3371493496456	
18953.5432	0.037599999999656575	Ripples						0.037599999999656575	18953.556800000002	13.550713869296994	181.9906139285027	1109.918722878123	
18953.8688	0.026400000002468005	Ripples						0.026400000002468005	18953.884000000002	8.588639019449772	169.45391102154983	1055.921805187877	
18956.08	0.042399999998451676	Ripples						0.042399999998451676	18956.0976	15.414086741493321	166.26367720816395	1594.5470876681316	
18958.657600000002	0.07760000000052969	Ripples						0.07760000000052969	18958.6744	8.495438386862299	163.20637492933136	1068.6746078830452	
18960.280000000002	0.053599999999278225	Ripples						0.053599999999278225	18960.2992	11.488227374567341	165.48164797132873	1200.8072258542102	
18966.1408	0.08480000000054133	Ripples						0.08480000000054133	18966.1888	21.191405330537894	168.24511464821424	1828.7904949002939	
18971.134400000003	0.0319999999992433	Ripples						0.0319999999992433	18971.150400000002	16.97866969787515	166.25587652619097	1596.5142890460502	
18980.8328	0.04640000000290456	Ripples						0.04640000000290456	18980.866400000003	16.499696257780595	167.3024118088043	1593.8945855993475	
18983.428	0.06079999999928987	Ripples						0.06079999999928987	18983.4744	16.018261899517995	154.46197410134246	1426.1180430883041	
18986.3656	0.0319999999992433	Ripples						0.0319999999992433	18986.3872	14.048835793957753	154.33147643379115	1127.7215453740705	
18988.692000000003	0.0864000000001397	Ripples						0.0864000000001397	18988.7088	22.414251131127923	174.0635965001905	1781.0741453876647	
18991.2216	0.03840000000127475	Ripples						0.03840000000127475	18991.2432	37.535325536241466	164.1185705567609	2328.903750827536	
18992.36	0.04160000000047148	Ripples						0.04160000000047148	18992.3688	12.843850947339407	156.05448207097174	1231.7738650822114	
18994.5304	0.06240000000252621	Ripples						0.06240000000252621	18994.5544	27.61338131306377	160.49791181520396	2061.167062255056	
18995.3568	0.0904000000009546	Ripples						0.0904000000009546	18995.375200000002	23.74825966910577	168.31647849252013	2024.4173069815233	
19010.738400000002	0.048800000000483124	Ripples						0.048800000000483124	19010.752	7.862022335552143	165.176313840436	1071.1688938889288	
19013.961600000002	0.02079999999841675	Ripples						0.02079999999841675	19013.9728	6.190858560904852	155.1325110298456	880.2959534830597	
19014.1616	0.037600000003294554	Ripples						0.037600000003294554	19014.1832	37.626683390617664	161.34530068187337	2341.3416161280834	
19019.483200000002	0.03439999999682186	Ripples						0.03439999999682186	19019.499200000002	13.351985253859155	177.13771820317695	1285.0409131263864	
19020.9368	0.09360000000015134	Ripples						0.09360000000015134	19020.9696	20.25418883457272	162.0783668901649	1703.6992600139995	
19024.252	0.035200000002078013	Ripples						0.035200000002078013	19024.2704	21.34515455098892	159.58959596790575	1649.6392293105093	
19024.898400000002	0.03919999999925494	Ripples						0.03919999999925494	19024.915200000003	21.490861367840118	160.8216198677748	1788.9168952097807	
19025.2904	0.06000000000130967	Ripples						0.06000000000130967	19025.3256	11.949368387785704	156.88059404285056	1350.0512687532837	
19028.4248	0.02960000000166474	Ripples						0.02960000000166474	19028.441600000002	6.171330026503541	163.71058237284444	1040.7664802928734	
19028.607200000002	0.0367999999980384	Ripples						0.0367999999980384	19028.6192	15.184567062024831	154.85532105741757	1378.2272618378756	
19029.18	0.058400000001711305	Ripples						0.058400000001711305	19029.22	10.876651528826667	157.2981230902232	980.1528925563767	
19030.251200000002	0.051199999998061685	Ripples						0.051199999998061685	19030.272	26.982595511591793	173.20897093473428	1796.0163873165277	
19030.3272	0.025600000000849832	Ripples						0.025600000000849832	19030.3384	14.493028141980169	162.21221814082637	1291.024599748506	
19030.429600000003	0.039999999997235136	Ripples						0.039999999997235136	19030.4512	7.9354552793038104	154.0196174503594	887.2430633302247	
19030.7808	0.05680000000211294	Ripples						0.05680000000211294	19030.8008	11.912995800610673	156.32382356807216	1389.388148222619	
19031.3312	0.040000000000873115	Ripples						0.040000000000873115	19031.343200000003	12.4897113286709	156.64526156592714	1182.292311239877	
19031.6184	0.05280000000129803	Ripples						0.05280000000129803	19031.648	14.34450799556096	156.91728149605174	1059.4952456304543	
19031.720800000003	0.027999999998428393	Ripples						0.027999999998428393	19031.74	19.97901140861316	168.34053534327893	1472.376768110831	
19035.4448	0.06720000000132131	Ripples						0.06720000000132131	19035.4744	15.783116959975677	173.33525050857943	1374.326679497883	
19040.328	0.030399999999644933	Ripples						0.030399999999644933	19040.3416	10.89296400564576	165.9934841605532	1368.4716335635683	
19041.0896	0.04640000000290456	Ripples						0.04640000000290456	19041.120000000003	18.170420806006096	181.21408641427655	1482.2844062413155	
19041.2056	0.053599999999278225	Ripples						0.053599999999278225	19041.2256	24.81201924722899	166.81894098780828	1923.1321956275044	
19043.9672	0.033600000002479646	Ripples						0.033600000002479646	19043.9816	11.89831343123384	169.86842033832957	1318.3940492792274	
19044.0288	0.04800000000250293	Ripples						0.04800000000250293	19044.049600000002	5.8076104783614415	149.90558796479428	885.1004548980259	
19044.679200000002	0.0367999999980384	Ripples						0.0367999999980384	19044.7032	11.743162065323652	162.50817484988272	1359.6132618901352	
19048.134400000003	0.032799999997223495	Ripples						0.032799999997223495	19048.1456	8.714869578597728	150.6141278209497	916.8932921111146	
19048.3112	0.04800000000250293	Ripples						0.04800000000250293	19048.328	20.249264970767488	164.23874104900852	1587.3962515293344	
19048.3992	0.03280000000086147	Ripples						0.03280000000086147	19048.4176	14.063961528464695	153.46138772870148	1244.2120293699415	
19049.8816	0.053599999999278225	Ripples						0.053599999999278225	19049.912	23.061478541570395	169.42412528770816	1822.6908163092412	
19052.418400000002	0.046399999999266583	Ripples						0.046399999999266583	19052.4288	16.382224660195185	164.09452593313344	1385.5358085495398	
19052.555200000003	0.04079999999885331	Ripples						0.04079999999885331	19052.5832	12.950057637140732	166.47123980864467	1373.1113533748803	
19055.026400000002	0.062399999998888234	Ripples						0.062399999998888234	19055.0448	19.058722835356498	166.04140072791745	1741.5621523786679	
19055.136000000002	0.04959999999846332	Ripples						0.04959999999846332	19055.1672	20.048667488467323	169.95694933914965	1817.2727425969651	
19055.3024	0.05280000000129803	Ripples						0.05280000000129803	19055.328	10.526697961903611	152.5523437280997	787.3938378782217	
19055.376800000002	0.026399999998830026	Ripples						0.026399999998830026	19055.3904	12.590047276602204	169.59240837359104	1250.6679120864512	
19056.04	0.05519999999887659	Ripples						0.05519999999887659	19056.0728	17.260811464996678	159.27568480998983	1719.5168470940846	
19056.1912	0.03840000000127475	Ripples						0.03840000000127475	19056.206400000003	23.38725575725714	159.70911574872997	1951.1503086273106	
19059.5776	0.09920000000056461	Ripples						0.09920000000056461	19059.5976	12.513590115301225	164.32759242731404	1421.4223061080272	
19060.8112	0.053600000002916204	Ripples						0.053600000002916204	19060.8272	34.80288754968805	168.52188775482	2294.5021891559663	
19061.348	0.05679999999847496	Ripples						0.05679999999847496	19061.3904	17.220298251519043	155.18399980716075	1521.9706161291062	
19061.576800000003	0.0319999999992433	Ripples						0.0319999999992433	19061.592	16.087988555097127	156.4672012160214	1504.495489455844	
19063.484	0.04160000000047148	Ripples						0.04160000000047148	19063.4984	18.356347415829497	175.22750861448682	1637.5351208937204	
19063.6296	0.03919999999925494	Ripples						0.03919999999925494	19063.648800000003	29.705804183051075	172.43738078505706	1893.1846920881067	
19064.4064	0.047200000000884756	Ripples						0.047200000000884756	19064.432800000002	29.047109583057715	168.9009732627213	2143.5939687572604	
19064.497600000002	0.04719999999724678	Ripples						0.04719999999724678	19064.5256	22.747910176393347	155.1003715097856	1794.7724638479299	
19065.0168	0.0591999999996915	Ripples						0.0591999999996915	19065.0392	19.955703909152863	152.5623473846179	1673.5439623153238	
19078.7576	0.037599999999656575	Ripples						0.037599999999656575	19078.781600000002	17.680312970432123	177.78768341323754	1369.5033125408252	
19092.3424	0.04079999999885331	Ripples						0.04079999999885331	19092.3696	6.4842057336861805	172.5895318435515	982.8752243151972	
19099.9464	0.035199999998440035	Ripples						0.035199999998440035	19099.968	14.901330879296388	165.63721820256364	1449.553291806869	
19102.2176	0.022400000001653098	Ripples						0.022400000001653098	19102.229600000002	12.049646481625155	168.91898588706061	1295.4601551797791	
19105.224000000002	0.03440000000045984	Ripples						0.03440000000045984	19105.2488	5.704250422449244	170.95343471553363	904.4121437344949	
19172.5936	0.04800000000250293	Ripples						0.04800000000250293	19172.6192	18.94840052048396	157.51370315883457	1771.2661666629654	
19175.604	0.028000000002066372	Ripples						0.028000000002066372	19175.6184	9.34601624028811	155.7235247160336	1047.134520778484	
19184.716	0.04320000000006985	Ripples						0.04320000000006985	19184.729600000002	12.036752733007539	173.1516713879343	1012.8184758713336	
19185.0344	0.02080000000205473	Ripples						0.02080000000205473	19185.0448	8.110488696220525	163.37984439154437	1052.9043847383837	
19186.484800000002	0.04320000000006985	Ripples						0.04320000000006985	19186.512000000002	9.109849157727458	172.3879052673899	1224.5582029105328	
19198.823200000003	0.0319999999992433	Ripples						0.0319999999992433	19198.837600000003	9.707388525504845	155.49511803627092	1055.4398736155622	
19204.5872	0.047200000000884756	Ripples						0.047200000000884756	19204.616	9.222021106070784	173.17079865904813	1210.5802684688074	
19219.2304	0.04080000000249129	Ripples						0.04080000000249129	19219.244000000002	13.847921807587625	158.95785163568544	1420.7397487543906	
19219.9232	0.04079999999885331	Ripples						0.04079999999885331	19219.9392	17.07317325242279	171.86935189042308	1679.032457772126	
19220.143200000002	0.06719999999768334	Ripples						0.06719999999768334	19220.1616	17.487571603311046	157.2906670086312	1545.0386849837714	
19224.0088	0.08240000000296277	Ripples						0.08240000000296277	19224.0488	14.48340891605587	161.6633328459032	1518.6879904819505	
19225.7848	0.04959999999846332	Ripples						0.04959999999846332	19225.800000000003	24.44330826886497	166.66703264729128	1881.0169506087698	
19229.252800000002	0.05199999999967986	Ripples						0.05199999999967986	19229.2704	31.805248793633755	163.39925773730826	2284.223579304101	
19232.578400000002	0.03359999999884167	Ripples						0.03359999999884167	19232.596	22.652561398099767	158.85518350209756	1760.2288752573265	
19232.716800000002	0.04320000000006985	Ripples						0.04320000000006985	19232.7336	33.12080480929554	170.94697584689817	2114.7107381348355	
19236.324	0.0272000000004482	Ripples						0.0272000000004482	19236.3408	6.788015497163444	158.16840338832563	948.781138077769	
19238.2032	0.022400000001653098	Ripples						0.022400000001653098	19238.2144	9.650057923197892	157.4406484317903	1096.5236267949426	
19238.724000000002	0.03919999999925494	Ripples						0.03919999999925494	19238.735200000003	12.214955751251372	163.93069218255474	1354.0621653173912	
19238.8152	0.042400000002089655	Ripples						0.042400000002089655	19238.8296	11.740378358181335	155.8293433654149	1145.735760710899	
19240.7824	0.06560000000172295	Ripples						0.06560000000172295	19240.8048	18.915116024066506	169.689529572281	1822.1289677999946	
19241.1168	0.04560000000128639	Ripples						0.04560000000128639	19241.132	9.752664005477051	153.5922185123604	1225.5397303236516	
19242.857600000003	0.035199999998440035	Ripples						0.035199999998440035	19242.8832	18.798469314652728	169.19479812871117	1500.9963856755685	
19243.0144	0.04080000000249129	Ripples						0.04080000000249129	19243.032	44.19056780578619	161.85957924153743	2703.5694400913553	
19245.040800000002	0.05679999999847496	Ripples						0.05679999999847496	19245.055200000003	19.040484994759318	159.68115169877376	1767.1085556514772	
19245.209600000002	0.025600000000849832	Ripples						0.025600000000849832	19245.220800000003	11.343123952730487	160.69113405210035	1338.2770246001485	
19245.463200000002	0.04320000000006985	Ripples						0.04320000000006985	19245.4792	18.496304292528226	161.21460772407247	1725.864521151934	
19245.6104	0.031200000001263106	Ripples						0.031200000001263106	19245.6296	18.75476326698802	166.21768794076536	1646.8167778742657	
19246.2184	0.044799999999668216	Ripples						0.044799999999668216	19246.235200000003	33.79500886493358	171.84787231629772	2223.7137470083862	
19246.2848	0.027999999998428393	Ripples						0.027999999998428393	19246.300000000003	12.838517747269979	158.8967794002873	1451.0741272124576	
19246.8728	0.037599999999656575	Ripples						0.037599999999656575	19246.889600000002	16.407623215908757	159.24334775697073	1515.4741874457695	
19247.3296	0.03359999999884167	Ripples						0.03359999999884167	19247.344800000003	7.314783456988297	148.00200660624225	898.9357590347322	
19247.432800000002	0.051199999998061685	Ripples						0.051199999998061685	19247.4672	17.408054522022145	165.40055467411437	1610.1002867355496	
19248.0272	0.030399999999644933	Ripples						0.030399999999644933	19248.040800000002	25.49062909071678	161.7923901491951	1924.1505743206578	
19248.692000000003	0.055999999996856786	Ripples						0.055999999996856786	19248.713600000003	35.8195073582015	169.04066679038252	2275.478580153084	
19248.904000000002	0.03359999999884167	Ripples						0.03359999999884167	19248.9144	17.630704492474557	157.80303014936058	1493.2761359943488	
19249.159200000002	0.051199999998061685	Ripples						0.051199999998061685	19249.1904	21.9307929556821	154.26165412637195	1911.6574347819899	
19249.3152	0.04079999999885331	Ripples						0.04079999999885331	19249.328800000003	12.57549607006262	161.63370831067914	1343.5206548637987	
19250.571200000002	0.08719999999811989	Ripples						0.08719999999811989	19250.6408	20.346824710262812	169.73268662845445	1758.3972661653395	
19251.5184	0.030399999999644933	Ripples						0.030399999999644933	19251.535200000002	15.080143064515545	166.39590355674073	1448.0165480319865	
19253.5976	0.10800000000017462	Ripples						0.10800000000017462	19253.688000000002	18.747224707873244	156.94180487201305	1554.7184378153372	
19262.6456	0.040000000000873115	Ripples						0.040000000000873115	19262.6616	23.372002191584095	172.54048358631323	1799.6427064153968	
19262.713600000003	0.05439999999725842	Ripples						0.05439999999725842	19262.7248	8.412495781926841	155.64746252913818	1116.934888217426	
19262.852000000003	0.04959999999846332	Ripples						0.04959999999846332	19262.872000000003	22.426927333641437	168.51088393758437	1881.7435734268456	
19269.8424	0.02079999999841675	Ripples						0.02079999999841675	19269.856	5.94385606175916	162.83801939553223	889.3255506271853	
19270.0808	0.02080000000205473	Ripples						0.02080000000205473	19270.092	6.936960126909307	169.97338225766768	1008.0346606709794	
19271.7736	0.0272000000004482	Ripples						0.0272000000004482	19271.7848	20.250858088131405	167.6621984585349	1568.017294247338	
19272.100000000002	0.04719999999724678	Ripples						0.04719999999724678	19272.130400000002	26.01458258211914	164.41983778282008	1831.257638148055	
19272.2144	0.042400000002089655	Ripples						0.042400000002089655	19272.2392	21.357717527427592	152.2499329283174	1715.6770350870065	
19272.544	0.030399999999644933	Ripples						0.030399999999644933	19272.552	6.247713722865442	157.5830826313907	885.4391301370138	
19277.8976	0.044799999999668216	Ripples						0.044799999999668216	19277.9232	10.41554295755086	149.57687210932443	776.1416271057125	
19280.621600000002	0.04320000000006985	Ripples						0.04320000000006985	19280.64	24.93604565080937	173.5174503918023	1860.1388791759985	
19280.900800000003	0.04799999999886495	Ripples						0.04799999999886495	19280.915200000003	11.64759895963213	159.17435921796223	1455.0514604611888	
19281.5656	0.021600000000034925	Ripples						0.021600000000034925	19281.576800000003	6.409324505665963	158.1701153864241	791.9679421428798	
19282.4	0.09679999999934807	Ripples						0.09679999999934807	19282.463200000002	23.6286260868389	167.63478988900528	2019.4630077297556	
19282.5872	0.03919999999925494	Ripples						0.03919999999925494	19282.6032	28.59764675335912	161.6821318030385	1882.5614736731316	
19333.035200000002	0.032799999997223495	Ripples						0.032799999997223495	19333.052	23.54083211252471	168.37511354544822	1891.3513851371697	
19334.5904	0.0319999999992433	Ripples						0.0319999999992433	19334.614400000002	11.374280505332486	171.64981461814634	1177.7338038326652	
19410.3888	0.03440000000045984	Ripples						0.03440000000045984	19410.4088	18.1477731853373	162.15264630926637	1647.7052522212755	
19411.519200000002	0.035199999998440035	Ripples						0.035199999998440035	19411.5376	13.448206128112346	166.12663061082378	1324.0878007000213	
19417.680800000002	0.051199999998061685	Ripples						0.051199999998061685	19417.692000000003	9.76742815739564	158.6919993434787	1191.5695019614548	
19417.8784	0.05040000000008149	Ripples						0.05040000000008149	19417.8872	10.9209334039652	162.2412056852129	1283.5924962816814	
19418.150400000002	0.04799999999886495	Ripples						0.04799999999886495	19418.1816	14.27176039337623	160.84319803136648	1499.6063194407886	
19419.7128	0.08239999999932479	Ripples						0.08239999999932479	19419.7488	12.347605965868022	156.3462458884189	1202.9384169361692	
19420.9312	0.04560000000128639	Ripples						0.04560000000128639	19420.948800000002	8.630557875793423	169.53549013022896	1036.051250073496	
19420.999200000002	0.028800000000046566	Ripples						0.028800000000046566	19421.008	7.828109081913127	155.7358536745651	879.7784960786465	
19423.0	161.0	SleepStates											Non-REM
19423.7448	0.04320000000006985	Ripples						0.04320000000006985	19423.7696	20.183191987421303	163.6345994787274	1847.1031649472852	
19423.8336	0.035199999998440035	Ripples						0.035199999998440035	19423.8528	33.51511472756744	166.41867344453954	2105.479882243625	
19426.636000000002	0.04719999999724678	Ripples						0.04719999999724678	19426.656000000003	21.342678146399862	159.56248753487176	1915.846865810429	
19427.448	0.03680000000167638	Ripples						0.03680000000167638	19427.4664	12.62425805090523	175.44514085326904	1272.5516555492093	
19427.5792	0.04160000000047148	Ripples						0.04160000000047148	19427.598400000003	24.50005039160101	170.8335388288473	1806.4157856143586	
19428.1424	0.035200000002078013	Ripples						0.035200000002078013	19428.170400000003	8.20468344276275	159.2414011992102	1036.2595384380904	
19428.704	0.03919999999925494	Ripples						0.03919999999925494	19428.7216	26.907442654681095	166.77049674328325	2034.714207647343	
19428.7696	0.028800000000046566	Ripples						0.028800000000046566	19428.7808	11.88651918067631	153.2755985441684	1090.2806762117805	
19428.940000000002	0.035199999998440035	Ripples						0.035199999998440035	19428.9648	10.452645254066882	174.80062363906632	1102.903534335755	
19429.425600000002	0.048799999996845145	Ripples						0.048799999996845145	19429.436800000003	13.354907509012051	167.4680994809825	1342.8981823928773	
19436.124	0.058400000001711305	Ripples						0.058400000001711305	19436.152000000002	16.18970150745216	157.15974912419503	1696.9214009819243	
19436.271200000003	0.032799999997223495	Ripples						0.032799999997223495	19436.285600000003	28.571609194729724	166.47498804799858	2058.46189818478	
19436.4824	0.037599999999656575	Ripples						0.037599999999656575	19436.5072	11.11813584899417	161.41099678171838	1155.797560126057	
19437.5488	0.05760000000009313	Ripples						0.05760000000009313	19437.5744	20.784652943274775	169.96336857694288	1764.224610834399	
19437.6832	0.040000000000873115	Ripples						0.040000000000873115	19437.699200000003	20.703736944956027	171.84785638679497	1695.887798419454	
19439.2	0.04799999999886495	Ripples						0.04799999999886495	19439.2376	16.715377684536733	165.69614006784045	1380.1923395398524	
19439.5592	0.044799999999668216	Ripples						0.044799999999668216	19439.5904	14.642742742079216	160.01721501964792	1517.5195557303095	
19439.800000000003	0.05760000000009313	Ripples						0.05760000000009313	19439.810400000002	16.319286326351946	171.40990199820652	1385.149528001756	
19440.4656	0.033600000002479646	Ripples						0.033600000002479646	19440.483200000002	17.781096436476865	169.3524650039741	1662.7213170336868	
19440.5688	0.0272000000004482	Ripples						0.0272000000004482	19440.58	8.759516109302577	164.72486101378323	1131.1501913487002	
19445.2408	0.05200000000331784	Ripples						0.05200000000331784	19445.2576	29.552803968911128	168.5318239936603	2027.9297592784808	
19445.3872	0.05280000000129803	Ripples						0.05280000000129803	19445.400800000003	15.384277590344592	160.47815199181213	1574.1551617299062	
19445.614400000002	0.04799999999886495	Ripples						0.04799999999886495	19445.6224	11.596105522611856	167.05853788512474	1146.4613378771319	
19445.735200000003	0.03919999999925494	Ripples						0.03919999999925494	19445.749600000003	9.362320232379767	155.1583865999163	1144.3162508992673	
19449.5224	0.05040000000008149	Ripples						0.05040000000008149	19449.5304	5.454508109323357	155.76600292317792	882.5076886369103	
19451.033600000002	0.10080000000016298	Ripples						0.10080000000016298	19451.0904	12.710606514340407	147.3282228591721	1483.1931069973225	
19452.448	0.05280000000129803	Ripples						0.05280000000129803	19452.4664	10.08455643734734	152.95047866493124	1280.0543808808875	
19453.0904	0.037599999999656575	Ripples						0.037599999999656575	19453.1104	23.395534653794368	169.90095824223013	1774.0381376666278	
19453.924	0.05280000000129803	Ripples						0.05280000000129803	19453.9584	21.92629432262745	158.06435379754197	1811.3371956699164	
19454.3624	0.09200000000055297	Ripples						0.09200000000055297	19454.4248	11.879034033228304	157.33575434940238	1381.0725740718178	
19454.7472	0.0272000000004482	Ripples						0.0272000000004482	19454.7616	10.206070342318654	157.6327975284712	1171.6584006640899	
19454.7992	0.03840000000127475	Ripples						0.03840000000127475	19454.816000000003	25.516559180896703	169.74952792219824	2033.44695611753	
19454.9176	0.024000000001251465	Ripples						0.024000000001251465	19454.9288	8.937044624443084	160.658762918057	1125.134689217498	
19457.748	0.04400000000168802	Ripples						0.04400000000168802	19457.764000000003	20.631585872111373	171.42296354918898	1681.7225865309397	
19457.8296	0.08079999999972642	Ripples						0.08079999999972642	19457.8616	10.581289726074118	157.5761208914615	1321.3915483890542	
19457.972	0.0544000000008964	Ripples						0.0544000000008964	19458.0152	13.59822114911828	161.2802148923513	1414.3180027273747	
19458.5368	0.07279999999809661	Ripples						0.07279999999809661	19458.5792	19.69238317478881	159.9585299337659	1915.762383997099	
19463.300000000003	0.044799999999668216	Ripples						0.044799999999668216	19463.3224	16.628528870736076	167.58316289273625	1325.4457936252513	
19463.666400000002	0.04320000000006985	Ripples						0.04320000000006985	19463.6912	19.79598973747953	163.10635853413763	1709.731867660107	
19464.1928	0.022400000001653098	Ripples						0.022400000001653098	19464.2048	14.25496356349674	162.1849070231982	1383.575052171778	
19464.3168	0.035200000002078013	Ripples						0.035200000002078013	19464.330400000003	7.406395065885745	159.6691818201125	1013.2664287851376	
19464.852000000003	0.028800000000046566	Ripples						0.028800000000046566	19464.8712	22.624615113603944	166.180745549464	1675.0822934928383	
19466.767200000002	0.037599999999656575	Ripples						0.037599999999656575	19466.7848	19.95502050310074	160.97234982740235	1760.3680069762452	
19466.8416	0.06720000000132131	Ripples						0.06720000000132131	19466.896	15.907283802685612	169.70565492751052	1544.782875485936	
19470.324	0.0632000000005064	Ripples						0.0632000000005064	19470.336000000003	14.456424034712436	159.6211696532769	1283.1934072191107	
19470.6152	0.0272000000004482	Ripples						0.0272000000004482	19470.6352	7.097626880837063	157.292198909981	907.4514843668784	
19471.2	0.056000000000494765	Ripples						0.056000000000494765	19471.236800000002	21.072918959012135	162.13580873758056	1849.3660375488246	
19472.1904	0.058400000001711305	Ripples						0.058400000001711305	19472.212	29.23205599628709	160.24277837482708	2074.135454691638	
19472.3064	0.04959999999846332	Ripples						0.04959999999846332	19472.323200000003	20.587428719714843	161.9063763405589	1878.9768551018904	
19473.024	0.035199999998440035	Ripples						0.035199999998440035	19473.042400000002	13.76147118665789	161.02903498179478	1475.6680645871097	
19473.6232	0.06799999999930151	Ripples						0.06799999999930151	19473.643200000002	19.113389658116418	155.34112195026603	1435.29378403776	
19474.0728	0.031199999997625127	Ripples						0.031199999997625127	19474.0896	10.543167556383505	158.99999595974734	1290.3928275586538	
19478.984800000002	0.04399999999805004	Ripples						0.04399999999805004	19479.006400000002	9.26724432287636	145.361044594349	939.4345516258222	
19479.6904	0.026400000002468005	Ripples						0.026400000002468005	19479.6976	5.663215372004589	174.51406807582532	732.9554879110243	
19485.013600000002	0.032799999997223495	Ripples						0.032799999997223495	19485.0248	8.81212008146259	158.98534358921916	1135.0464958695907	
19486.9072	0.0632000000005064	Ripples						0.0632000000005064	19486.9312	16.824002564785314	159.86460112021808	1716.2211604325169	
19487.7936	0.06480000000010477	Ripples						0.06480000000010477	19487.84	8.128107573223463	146.26628293097392	876.3107972635853	
19490.6008	0.021600000000034925	Ripples						0.021600000000034925	19490.614400000002	15.075797896965705	165.29525740710685	1325.880269637064	
19491.996	0.05920000000332948	Ripples						0.05920000000332948	19492.04	9.43619869608604	166.3057103671362	1198.1582451257482	
19493.9752	0.030399999999644933	Ripples						0.030399999999644933	19493.9864	8.326160915382177	170.33905566337768	1104.7273280783743	
19495.7984	0.022400000001653098	Ripples						0.022400000001653098	19495.8136	12.361484172517724	160.83979776347513	1098.4747276924231	
19495.856	0.03920000000289292	Ripples						0.03920000000289292	19495.8728	18.50032956430431	156.59423821306217	1669.3102105896442	
19498.6928	0.047200000000884756	Ripples						0.047200000000884756	19498.716	19.4193671146397	161.17249452223007	1798.0614760172175	
19498.8424	0.03440000000045984	Ripples						0.03440000000045984	19498.856	10.819420404196348	170.22967850666495	1285.8593425981117	
19501.3552	0.028800000000046566	Ripples						0.028800000000046566	19501.376	6.716270527239438	154.67511365497506	831.9738999719021	
19501.8472	0.040000000000873115	Ripples						0.040000000000873115	19501.8672	10.974865596591444	165.61905180138064	1406.5116806249887	
19502.5224	0.03839999999763677	Ripples						0.03839999999763677	19502.54	23.536388676182536	159.6510717464878	1833.0381041782596	
19504.6064	0.056000000000494765	Ripples						0.056000000000494765	19504.6352	25.7305471091776	155.0942023843452	1967.8349564837831	
19507.393600000003	0.026399999998830026	Ripples						0.026399999998830026	19507.4104	12.322583722580637	168.4988933031122	1263.8916620063087	
19509.267200000002	0.03600000000005821	Ripples						0.03600000000005821	19509.2864	26.677474932675192	166.07309374112114	1986.242417381033	
19509.5312	0.058399999998073326	Ripples						0.058399999998073326	19509.555200000003	12.934382247835988	153.4409853344531	1405.6728807221418	
19512.004800000002	0.042399999998451676	Ripples						0.042399999998451676	19512.019200000002	14.215360781605687	173.09190426667456	1156.0418852586017	
19512.204	0.048800000000483124	Ripples						0.048800000000483124	19512.24	17.340647278954457	155.59909944074184	1685.3249593783914	
19513.7016	0.06480000000010477	Ripples						0.06480000000010477	19513.716	26.725546950468264	156.70491047532258	1976.7535274392028	
19514.3368	0.031200000001263106	Ripples						0.031200000001263106	19514.3544	16.184938019442125	161.6791098726048	1585.013748371428	
19514.5304	0.0272000000004482	Ripples						0.0272000000004482	19514.5472	9.350013484188947	156.51236526379978	1195.4440111196204	
19514.9032	0.12320000000181608	Ripples						0.12320000000181608	19514.936	29.597356003115554	157.39713489368464	2300.158668813762	
19516.9928	0.136000000002241	Ripples						0.136000000002241	19517.0888	19.102379359053174	159.19775573143065	1831.7534102295247	
19517.301600000003	0.05279999999766005	Ripples						0.05279999999766005	19517.3192	19.435746661917797	165.58594102352302	1827.5151304811557	
19517.5104	0.030400000003282912	Ripples						0.030400000003282912	19517.5248	21.482953079679056	164.11737957445288	1755.7451021062275	
19517.814400000003	0.031199999997625127	Ripples						0.031199999997625127	19517.8296	13.705372960025052	171.16870278966277	1360.702660101124	
19518.287200000002	0.02239999999801512	Ripples						0.02239999999801512	19518.3024	5.9440245312549465	153.48847574689205	803.8747163742207	
19519.1984	0.0272000000004482	Ripples						0.0272000000004482	19519.2128	13.43891850984834	163.46224800064948	1457.0742903322807	
19519.905600000002	0.0367999999980384	Ripples						0.0367999999980384	19519.9336	11.901925612153347	165.9229010991854	1003.658850228477	
19521.650400000002	0.053599999999278225	Ripples						0.053599999999278225	19521.6856	10.605818692354323	149.86967944427246	975.9576491349922	
19524.3784	0.03600000000005821	Ripples						0.03600000000005821	19524.392	10.202394079030753	174.28555577109805	1177.3066602875895	
19524.4792	0.048800000000483124	Ripples						0.048800000000483124	19524.5	23.924502125415295	164.20964122907392	1958.9121714300054	
19526.596	0.03280000000086147	Ripples						0.03280000000086147	19526.6208	10.441801816220742	158.29601660310885	1117.922395694053	
19527.504800000002	0.044799999999668216	Ripples						0.044799999999668216	19527.5248	25.253002793302507	168.1978410065559	1928.7281067389374	
19527.6984	0.03600000000005821	Ripples						0.03600000000005821	19527.716	20.626888140538842	167.57277235059044	1775.7097402860038	
19529.2232	0.03280000000086147	Ripples						0.03280000000086147	19529.231200000002	10.061378544707335	158.70213233732727	1101.754363219804	
19529.34	0.04160000000047148	Ripples						0.04160000000047148	19529.3512	8.469010678738572	156.20695107068985	1043.1171427667364	
19529.843200000003	0.031199999997625127	Ripples						0.031199999997625127	19529.860800000002	21.4767846175589	162.3685376545339	1868.3324283590428	
19530.3416	0.04640000000290456	Ripples						0.04640000000290456	19530.359200000003	27.99212602747356	166.36589697230735	2114.157828530574	
19530.4552	0.044799999999668216	Ripples						0.044799999999668216	19530.4784	32.31371861338395	164.10913420859484	2285.8120191465696	
19531.100000000002	0.02079999999841675	Ripples						0.02079999999841675	19531.108	8.336652890324702	161.3891369969436	891.6674503096547	
19532.258400000002	0.03600000000005821	Ripples						0.03600000000005821	19532.280000000002	23.55641915089497	154.0360251750694	1572.0863941736375	
19532.68	0.06560000000172295	Ripples						0.06560000000172295	19532.7192	16.791337134738832	165.57927240098846	1627.9218462640122	
19532.7776	0.06079999999928987	Ripples						0.06079999999928987	19532.824800000002	12.365797793702589	161.95350620189342	1353.6210722934643	
19534.232	0.024000000001251465	Ripples						0.024000000001251465	19534.2432	8.454327604518673	169.6640056700841	1136.229498092579	
19534.321600000003	0.04559999999764841	Ripples						0.04559999999764841	19534.3568	5.009416489875836	160.15034404779587	933.4512616541782	
19535.184800000003	0.032799999997223495	Ripples						0.032799999997223495	19535.1968	16.605854862097406	160.88797371619148	1492.687497077801	
19537.3672	0.025600000000849832	Ripples						0.025600000000849832	19537.3776	5.053349425682665	152.99131861115524	631.3515233209771	
19538.8584	0.040000000000873115	Ripples						0.040000000000873115	19538.876800000002	12.972656139056776	150.77807718757677	1117.1768105226743	
19539.540800000002	0.03359999999884167	Ripples						0.03359999999884167	19539.5576	23.176114057199747	161.78706628943405	1870.7464124954363	
19540.5112	0.02079999999841675	Ripples						0.02079999999841675	19540.5216	6.172282989035735	168.0097050996184	951.0089132257361	
19540.670400000003	0.021600000000034925	Ripples						0.021600000000034925	19540.684	12.98376625352661	166.2057829062635	1155.6264580656266	
19541.752	0.04080000000249129	Ripples						0.04080000000249129	19541.7792	9.975475361811876	156.25277322153622	1241.1155757607569	
19545.8928	0.04559999999764841	Ripples						0.04559999999764841	19545.9136	15.700491984976967	163.02581995923907	1682.5971736094814	
19547.028000000002	0.035199999998440035	Ripples						0.035199999998440035	19547.056800000002	5.569067025659787	162.99039687763377	811.8358365294854	
19552.1872	0.0864000000001397	Ripples						0.0864000000001397	19552.2632	12.482057289785413	162.7590779518747	1200.64730398255	
19554.448	0.03280000000086147	Ripples						0.03280000000086147	19554.4736	8.742134520562217	156.41883108768806	920.153281458624	
19554.9176	0.08959999999933643	Ripples						0.08959999999933643	19554.9896	15.672814640934916	157.01471174312655	1573.2581613751922	
19560.1512	0.10080000000016298	Ripples						0.10080000000016298	19560.1728	15.188510845786055	151.2723906319796	1429.7778080877245	
19560.785600000003	0.04799999999886495	Ripples						0.04799999999886495	19560.801600000003	18.76514913692814	171.11559577243372	1520.1987876860992	
19560.889600000002	0.02239999999801512	Ripples						0.02239999999801512	19560.9016	19.52618708278739	159.79407437628603	1507.2673894057996	
19561.1048	0.024000000001251465	Ripples						0.024000000001251465	19561.1152	9.088413235354976	159.5846056109203	1130.127121339544	
19563.168	0.04079999999885331	Ripples						0.04079999999885331	19563.184800000003	18.34746401953501	154.5883407531866	1385.9011678098407	
19563.729600000002	0.07279999999809661	Ripples						0.07279999999809661	19563.788	16.37896719367783	156.92125760457026	1522.1650921737453	
19563.927200000002	0.03440000000045984	Ripples						0.03440000000045984	19563.9464	29.963118939785943	166.65970255888246	2056.117385651206	
19564.152000000002	0.03359999999884167	Ripples						0.03359999999884167	19564.1696	35.75192091855365	165.8544016906888	2295.8108880291907	
19564.5456	0.05760000000009313	Ripples						0.05760000000009313	19564.5752	15.960361341491607	160.44010903549523	1467.1375105694874	
19565.0824	0.08000000000174623	Ripples						0.08000000000174623	19565.1232	14.680482878920376	161.5352012155389	1546.119739272404	
19572.3128	0.035200000002078013	Ripples						0.035200000002078013	19572.337600000003	18.942969358099656	157.07730289913803	1508.8892251503064	
19574.1328	0.047200000000884756	Ripples						0.047200000000884756	19574.16	20.02484757783714	161.22345154465293	1905.0691913753437	
19574.7048	0.021600000000034925	Ripples						0.021600000000034925	19574.716	6.571559033952806	153.77746626393625	732.540358315466	
19575.1112	0.028800000000046566	Ripples						0.028800000000046566	19575.128800000002	19.294446650553787	159.79117881056868	1654.5846514289483	
19577.1536	0.04160000000047148	Ripples						0.04160000000047148	19577.168	24.86255408545261	154.45797204079955	1735.5458280078333	
19578.1928	0.035200000002078013	Ripples						0.035200000002078013	19578.206400000003	7.349158157985238	154.35334215691543	892.2612328322399	
19578.2504	0.04320000000006985	Ripples						0.04320000000006985	19578.2768	29.459059060888343	160.28385659714857	2200.0034524490634	
19578.3192	0.04079999999885331	Ripples						0.04079999999885331	19578.3408	6.207918366393697	153.68960429489007	1066.0279911157716	
19578.535200000002	0.03440000000045984	Ripples						0.03440000000045984	19578.549600000002	10.446561924317066	150.9917062485195	1164.570107349457	
19579.400800000003	0.025599999997211853	Ripples						0.025599999997211853	19579.412	9.571027538278278	155.25229650875372	1013.4555847270268	
19579.830400000003	0.048800000000483124	Ripples						0.048800000000483124	19579.859200000003	18.794649233463403	161.1229726879806	1747.6118267604295	
19581.784	0.03200000000288128	Ripples						0.03200000000288128	19581.7984	8.855832848275915	161.0736075914289	969.4762401788989	
19582.1008	0.022400000001653098	Ripples						0.022400000001653098	19582.116	6.951907151755573	160.4953942131292	867.3125159676556	
19583.412	0.07519999999931315	Ripples						0.07519999999931315	19583.420000000002	10.752029475673504	158.34270920536062	1062.7584775601404	
19584.2104	0.05280000000129803	Ripples						0.05280000000129803	19584.2216	7.2841905789963795	153.14493005721656	998.9280930417638	
19584.463200000002	0.07439999999769498	Ripples						0.07439999999769498	19584.5304	7.146652674602171	168.42500297748632	872.2159819670931	
19585.0	17.0	SleepStates											Awake
19586.882400000002	0.0319999999992433	Ripples						0.0319999999992433	19586.9016	11.712639831140388	165.43129867669958	1319.8057331987818	
19597.46	0.048800000000483124	Ripples						0.048800000000483124	19597.488	10.35353854223845	147.94034740223103	924.9865612980891	
19600.4784	0.04320000000006985	Ripples						0.04320000000006985	19600.4896	7.2714142934912305	155.15353485330078	921.7422037520092	
19601.7632	0.03359999999884167	Ripples						0.03359999999884167	19601.7752	9.710560576520503	148.73648947367283	884.2192960566551	
19602.4448	0.06959999999889988	Ripples						0.06959999999889988	19602.4528	9.968255675952562	159.08859869295262	1007.6474198537575	
19603.0	333.0	SleepStates											Non-REM
19603.1976	0.03600000000005821	Ripples						0.03600000000005821	19603.215200000002	14.78032129275823	155.7142595714036	1318.9164669683491	
19603.9136	0.0319999999992433	Ripples						0.0319999999992433	19603.925600000002	21.596137106145452	158.20721488351438	1559.8783711389892	
19604.405600000002	0.05279999999766005	Ripples						0.05279999999766005	19604.4408	13.657544941746252	162.5864174249296	1439.6977305768653	
19604.88	0.031200000001263106	Ripples						0.031200000001263106	19604.8928	26.288017824801116	166.29792598217506	1903.9047013071286	
19605.0864	0.031200000001263106	Ripples						0.031200000001263106	19605.1008	9.56182441059116	160.16757773957033	1265.4512523124924	
19606.204	0.02079999999841675	Ripples						0.02079999999841675	19606.212	11.067774421943023	163.9048636787375	1230.0672112211419	
19607.990400000002	0.06799999999930151	Ripples						0.06799999999930151	19608.0328	10.481806987552035	154.0566513868666	929.1154428464092	
19608.288800000002	0.03600000000005821	Ripples						0.03600000000005821	19608.308	13.182099016310032	172.61465109501282	1435.2674398494944	
19608.3976	0.03840000000127475	Ripples						0.03840000000127475	19608.420000000002	28.408918824872302	170.82078595370584	2073.658669140761	
19608.5472	0.025600000000849832	Ripples						0.025600000000849832	19608.5656	5.6082504491221945	151.47363404828982	850.2852436139735	
19608.7736	0.04080000000249129	Ripples						0.04080000000249129	19608.794400000002	14.613397301860287	153.36236626836742	1338.8534468890955	
19609.134400000003	0.039999999997235136	Ripples						0.039999999997235136	19609.152000000002	17.735175212404904	153.5978291847654	1425.4232867513604	
19609.7344	0.0639999999984866	Ripples						0.0639999999984866	19609.7792	29.52401967121512	158.3126051597116	2160.0172513571038	
19610.9888	0.05200000000331784	Ripples						0.05200000000331784	19611.016	30.05183435197464	164.2575418580731	2283.4353725277592	
19612.74	0.03600000000005821	Ripples						0.03600000000005821	19612.7624	5.925812360729364	155.28947307891002	871.8373057519472	
19613.359200000003	0.04399999999805004	Ripples						0.04399999999805004	19613.3928	7.206087615255215	160.81309547395654	1034.2048539103273	
19613.4736	0.06639999999970314	Ripples						0.06639999999970314	19613.5056	14.812860942901054	154.16414717531293	1491.0048172323636	
19614.4392	0.07119999999849824	Ripples						0.07119999999849824	19614.490400000002	22.516630701725855	156.59023466755826	2135.8035386575393	
19615.879200000003	0.04399999999805004	Ripples						0.04399999999805004	19615.916	5.4611081761402005	150.35500603125652	730.8137675457693	
19617.9744	0.033600000002479646	Ripples						0.033600000002479646	19617.9856	11.43626622341719	160.78174337464725	1243.9237177297641	
19619.2176	0.06639999999970314	Ripples						0.06639999999970314	19619.2768	9.152309797340553	159.56397051498408	973.6550450266922	
19621.292800000003	0.04320000000006985	Ripples						0.04320000000006985	19621.32	8.197532141194818	159.3271657960513	1036.2632915788859	
19624.204	0.04959999999846332	Ripples						0.04959999999846332	19624.238400000002	16.7962114605317	161.01794000296235	1700.9981969788494	
19624.411200000002	0.031199999997625127	Ripples						0.031199999997625127	19624.4288	23.607971171928963	162.00268638143274	1818.5357956537523	
19628.696	0.04160000000047148	Ripples						0.04160000000047148	19628.715200000002	24.110170468848082	170.4014230110243	2056.2943211314414	
19629.288800000002	0.023999999997613486	Ripples						0.023999999997613486	19629.294400000002	6.568912896881688	155.20673560708698	782.4860847495974	
19629.824800000002	0.048800000000483124	Ripples						0.048800000000483124	19629.832000000002	6.100551765291353	166.766670343174	703.9123304892728	
19633.5872	0.06160000000090804	Ripples						0.06160000000090804	19633.632	13.622452775734597	155.86892526351755	1462.8253655373	
19633.7912	0.02960000000166474	Ripples						0.02960000000166474	19633.8112	21.88550628999414	165.74980441911063	1592.4126918985341	
19633.8712	0.06799999999930151	Ripples						0.06799999999930151	19633.925600000002	8.230949509467218	170.223193685731	1165.964775075658	
19634.0256	0.051200000001699664	Ripples						0.051200000001699664	19634.0384	10.272365621843608	159.50692628930437	1186.5472789482678	
19634.2432	0.031200000001263106	Ripples						0.031200000001263106	19634.264000000003	5.290284129133235	151.67041590606848	855.0495257386843	
19634.391200000002	0.03840000000127475	Ripples						0.03840000000127475	19634.416	20.589187836490847	169.15657323121656	1741.9198677338707	
19634.8344	0.06880000000091968	Ripples						0.06880000000091968	19634.876	16.374627095824987	150.6623745539195	1431.842975081964	
19635.828	0.04079999999885331	Ripples						0.04079999999885331	19635.8624	5.839037418455162	154.25773470296255	732.2661654706948	
19635.9664	0.08320000000094296	Ripples						0.08320000000094296	19635.9816	10.535284662240294	155.03124398994896	1263.0439821664163	
19636.1832	0.03200000000288128	Ripples						0.03200000000288128	19636.1984	12.64067501006063	155.33121537622316	1270.6511616104046	
19638.323200000003	0.028800000000046566	Ripples						0.028800000000046566	19638.3368	13.400605295685194	161.9152094125816	1470.2472771351217	
19638.735200000003	0.028800000000046566	Ripples						0.028800000000046566	19638.7432	6.1771142400384305	161.81141588181862	888.5188030657829	
19639.088	0.021600000000034925	Ripples						0.021600000000034925	19639.0992	11.249315039262287	164.47606381393024	1144.623309248455	
19640.576800000003	0.04320000000006985	Ripples						0.04320000000006985	19640.5936	12.998831855931556	155.52794644583784	1418.4905763422446	
19643.5656	0.031199999997625127	Ripples						0.031199999997625127	19643.58	14.304877676803796	162.21935072469398	1385.6829869095552	
19643.731200000002	0.05760000000009313	Ripples						0.05760000000009313	19643.752	19.20507606284694	159.38566004443206	1804.3762437240366	
19644.8488	0.08239999999932479	Ripples						0.08239999999932479	19644.8872	11.45363449847859	153.47090594844676	1114.994107141666	
19645.0176	0.028800000000046566	Ripples						0.028800000000046566	19645.033600000002	15.962391520858214	168.8023479607334	1527.3749925399425	
19645.2632	0.024000000001251465	Ripples						0.024000000001251465	19645.2776	13.022940137979747	165.8336628470302	1261.229288637957	
19650.5888	0.04320000000006985	Ripples						0.04320000000006985	19650.6224	14.340213987431515	153.97208255964813	1228.1231893736506	
19650.700800000002	0.028800000000046566	Ripples						0.028800000000046566	19650.7088	6.05098659109597	159.62464181221998	636.6644949987891	
19653.415200000003	0.059999999997671694	Ripples						0.059999999997671694	19653.448	20.097597201488956	153.62583288552102	1746.0372311521987	
19653.8024	0.040000000000873115	Ripples						0.040000000000873115	19653.8312	10.5629621108884	158.179758499524	1042.7991771898915	
19655.839200000002	0.05199999999967986	Ripples						0.05199999999967986	19655.886400000003	6.742092600564549	155.8368339059533	776.1233328419289	
19656.452	0.046399999999266583	Ripples						0.046399999999266583	19656.4736	7.661236924200238	140.32267618073874	785.151960159132	
19656.624	0.09519999999974971	Ripples						0.09519999999974971	19656.699200000003	13.93522734567194	155.81956240232282	1515.9451990334044	
19657.1832	0.0632000000005064	Ripples						0.0632000000005064	19657.2248	22.69232750208535	154.79033307857776	1666.1529848306775	
19657.307200000003	0.04959999999846332	Ripples						0.04959999999846332	19657.339200000002	14.70460737485829	159.89752031704322	1346.5111280471292	
19658.3256	0.051200000001699664	Ripples						0.051200000001699664	19658.34	18.12641833296799	151.288235844289	1336.0294708134343	
19659.2848	0.0272000000004482	Ripples						0.0272000000004482	19659.304	5.32416550493413	149.7671958447961	595.2631833909185	
19661.251200000002	0.10399999999935972	Ripples						0.10399999999935972	19661.3408	11.179487470219442	153.4214263587556	1191.0085096092416	
19661.876800000002	0.04560000000128639	Ripples						0.04560000000128639	19661.909600000003	8.803736803690589	156.6003313577847	1162.124393461127	
19663.872000000003	0.03600000000005821	Ripples						0.03600000000005821	19663.900800000003	6.1532281140620215	153.5530164548532	708.0729125697503	
19665.7448	0.026400000002468005	Ripples						0.026400000002468005	19665.7504	5.620750889441213	152.92347843985823	673.8039683088465	
19666.6256	0.047200000000884756	Ripples						0.047200000000884756	19666.6456	24.608833136831315	169.80805736558057	1954.6147077047165	
19675.0152	0.02479999999923166	Ripples						0.02479999999923166	19675.032	7.947554024931735	163.87386212372328	982.8454637926868	
19675.108	0.044799999999668216	Ripples						0.044799999999668216	19675.1424	16.657209609461614	163.08435199839573	1341.6214245130745	
19676.5472	0.024000000001251465	Ripples						0.024000000001251465	19676.5576	15.881662685794613	164.26817957247567	1441.5589648560908	
19677.9856	0.037599999999656575	Ripples						0.037599999999656575	19677.997600000002	5.612964569702279	153.3003857906929	734.4591820259469	
19680.644800000002	0.02959999999802676	Ripples						0.02959999999802676	19680.6536	9.534422230895093	154.43137980817377	868.470274189969	
19681.0176	0.03600000000005821	Ripples						0.03600000000005821	19681.0256	6.093496072321226	164.37007396567424	759.2858282136629	
19683.9968	0.046399999999266583	Ripples						0.046399999999266583	19684.013600000002	11.972109934004758	161.1206926234782	1352.331681022326	
19685.8352	0.0319999999992433	Ripples						0.0319999999992433	19685.853600000002	9.226516181931055	153.1583721767176	959.8695443780508	
19685.963200000002	0.025599999997211853	Ripples						0.025599999997211853	19685.977600000002	12.62795596975594	156.4836041215576	1248.386279236441	
19686.144800000002	0.04320000000006985	Ripples						0.04320000000006985	19686.1624	15.279880583806424	178.6801566051625	1191.470550838925	
19686.3112	0.1088000000017928	Ripples						0.1088000000017928	19686.405600000002	10.965609492171765	156.26612603530157	1387.1886032023797	
19687.8048	0.07279999999809661	Ripples						0.07279999999809661	19687.859200000003	12.76824956872719	154.22827839862285	1253.746424645777	
19688.992000000002	0.05760000000009313	Ripples						0.05760000000009313	19689.0304	18.323870504113177	157.6519940950381	1830.9511970559151	
19691.7632	0.027999999998428393	Ripples						0.027999999998428393	19691.774400000002	19.266501177421052	163.06197045540247	1538.6167605462397	
19692.5744	0.03840000000127475	Ripples						0.03840000000127475	19692.5888	11.57265941072129	157.04866146184258	1053.798732659781	
19693.5448	0.0864000000001397	Ripples						0.0864000000001397	19693.6064	6.861594145150421	147.08725632908963	940.8602835916706	
19694.5776	0.03600000000005821	Ripples						0.03600000000005821	19694.600000000002	7.839014325461924	152.16856837626705	891.7752836937789	
19695.412	0.042400000002089655	Ripples						0.042400000002089655	19695.4288	16.98374903774674	156.69791947699943	1586.8320000780275	
19696.0816	0.02479999999923166	Ripples						0.02479999999923166	19696.092800000002	5.107062128091504	150.22495637610504	755.2864249749493	
19696.7264	0.03840000000127475	Ripples						0.03840000000127475	19696.7416	14.026218081113575	158.06806127660394	1447.0816817273999	
19697.379200000003	0.02239999999801512	Ripples						0.02239999999801512	19697.391200000002	6.687591208847727	153.58091379771878	820.0498927124819	
19698.664800000002	0.05519999999887659	Ripples						0.05519999999887659	19698.696	5.926012922170418	153.50418829962115	1009.6935324197315	
19699.056	0.03280000000086147	Ripples						0.03280000000086147	19699.0704	19.75387018753994	171.44589241207495	1766.044965981386	
19699.272800000002	0.06480000000010477	Ripples						0.06480000000010477	19699.3224	8.334456393719032	162.21722998672138	1223.6160587984768	
19699.400800000003	0.03359999999884167	Ripples						0.03359999999884167	19699.4176	23.17263285049661	159.34000946266372	1831.0371983642353	
19700.591200000003	0.039999999997235136	Ripples						0.039999999997235136	19700.6032	8.221763476529608	154.26554947022433	956.7106135404266	
19700.6872	0.0591999999996915	Ripples						0.0591999999996915	19700.7016	11.22888014340854	156.2774096299442	1402.9853022667053	
19701.7776	0.04560000000128639	Ripples						0.04560000000128639	19701.788800000002	24.418377005399467	159.45833752900253	1777.3709174597395	
19705.848	0.06000000000130967	Ripples						0.06000000000130967	19705.8904	8.198318715386783	151.8307222859552	1171.0558925460841	
19706.0224	0.031199999997625127	Ripples						0.031199999997625127	19706.04	21.08286831223091	158.50632655959924	1754.585277567594	
19707.242400000003	0.05439999999725842	Ripples						0.05439999999725842	19707.272800000002	11.645210750891462	148.75611514914272	957.3760653809028	
19708.4376	0.056000000000494765	Ripples						0.056000000000494765	19708.463200000002	16.75028831242236	161.44275501586253	1651.4954689518577	
19708.598400000003	0.030399999999644933	Ripples						0.030399999999644933	19708.616	24.03324523491428	165.55117309631873	1857.8500548755871	
19721.0312	0.05760000000009313	Ripples						0.05760000000009313	19721.0752	14.452129220240327	159.10567527518188	1582.2998112015725	
19721.1744	0.03680000000167638	Ripples						0.03680000000167638	19721.1968	14.563980855332392	152.99412117118393	1219.1466517150257	
19721.256800000003	0.0639999999984866	Ripples						0.0639999999984866	19721.271200000003	18.714293174293495	168.64032180530407	1654.6204498927427	
19721.4088	0.03840000000127475	Ripples						0.03840000000127475	19721.429600000003	28.40643864018664	158.03198784626332	2055.1798228010684	
19722.720800000003	0.053599999999278225	Ripples						0.053599999999278225	19722.7544	9.26929035409618	150.9233035690886	1051.5350926838466	
19724.6208	0.02080000000205473	Ripples						0.02080000000205473	19724.634400000003	9.14528198691568	164.9846379622323	1075.7454033045003	
19727.418400000002	0.04799999999886495	Ripples						0.04799999999886495	19727.436	16.276147339907993	170.10989634958335	1612.2169599223346	
19728.284	0.058400000001711305	Ripples						0.058400000001711305	19728.3096	9.619005732038548	143.80650287118712	885.6481835377821	
19728.412800000002	0.032799999997223495	Ripples						0.032799999997223495	19728.4384	10.552659791041048	151.43544361708408	1077.398656043202	
19728.5248	0.03680000000167638	Ripples						0.03680000000167638	19728.542400000002	15.227600284770908	157.92871755137654	1566.2084249815775	
19730.0792	0.06960000000253785	Ripples						0.06960000000253785	19730.1296	9.853162334617897	150.71626271769156	935.68303540455	
19730.778400000003	0.09999999999854481	Ripples						0.09999999999854481	19730.860800000002	26.458451253501142	156.82280868703845	2050.9544290620966	
19730.9856	0.025600000000849832	Ripples						0.025600000000849832	19730.9984	13.629551809164228	166.07491430945313	1404.8016602280318	
19736.076800000003	0.027999999998428393	Ripples						0.027999999998428393	19736.098400000003	5.664063398019579	154.0196663760834	746.8309278006902	
19736.5816	0.020000000000436557	Ripples						0.020000000000436557	19736.5888	6.5533293772664445	155.78934199720774	863.5941581893451	
19749.356	0.033600000002479646	Ripples						0.033600000002479646	19749.372000000003	9.162244794913859	164.2730239210795	1079.9499726231281	
19750.3256	0.028000000002066372	Ripples						0.028000000002066372	19750.3336	5.297384868154483	172.17534898106248	659.8422931772344	
19753.0792	0.031200000001263106	Ripples						0.031200000001263106	19753.100000000002	9.474304651841745	165.9566110780563	1204.616780499258	
19754.7608	0.04800000000250293	Ripples						0.04800000000250293	19754.785600000003	19.52267889099853	153.32901425519975	1651.9435420368363	
19757.7848	0.03440000000045984	Ripples						0.03440000000045984	19757.808800000003	8.0829402491157	166.76771197812613	1028.526497770768	
19757.961600000002	0.11919999999736319	Ripples						0.11919999999736319	19757.976000000002	19.386175257396484	159.26802901117978	1712.0171854359621	
19758.6744	0.031200000001263106	Ripples						0.031200000001263106	19758.6856	14.673267503254726	157.16941892252453	1316.14472641745	
19759.4752	0.053599999999278225	Ripples						0.053599999999278225	19759.4968	10.040441526753469	150.1019010881862	1142.471301756134	
19761.195200000002	0.08079999999972642	Ripples						0.08079999999972642	19761.2416	12.64432168311641	163.1335903560078	1443.7056006980856	
19761.4288	0.02479999999923166	Ripples						0.02479999999923166	19761.4392	6.419936805464627	157.66892506228046	935.1555033749348	
19761.5168	0.0591999999996915	Ripples						0.0591999999996915	19761.5488	26.50343850337137	154.2411591147991	1885.7316542919662	
19762.0976	0.0272000000004482	Ripples						0.0272000000004482	19762.114400000002	7.797337140123365	160.93622786161706	1147.3016107880067	
19762.738400000002	0.05760000000009313	Ripples						0.05760000000009313	19762.771200000003	15.697644558724635	148.4930457797613	1295.350656537999	
19765.2808	0.03919999999925494	Ripples						0.03919999999925494	19765.303200000002	28.364818360966844	155.4599517527968	1916.9042809390075	
19765.9264	0.07519999999931315	Ripples						0.07519999999931315	19765.951200000003	11.832174162040841	151.54370389657703	1006.7678521677548	
19766.4464	0.044799999999668216	Ripples						0.044799999999668216	19766.4744	14.516351564521557	152.4810925080528	1265.2446383885267	
19766.8528	0.042400000002089655	Ripples						0.042400000002089655	19766.864	6.65547820662196	166.81010049301224	677.9879829353016	
19768.172000000002	0.032799999997223495	Ripples						0.032799999997223495	19768.1904	7.732593251414137	148.433591399484	770.448650339641	
19770.672000000002	0.07040000000051805	Ripples						0.07040000000051805	19770.699200000003	27.474886798177888	160.29680698761302	2055.1284240335426	
19773.8312	0.09519999999974971	Ripples						0.09519999999974971	19773.8904	14.776650415883298	149.26165698188814	1322.2568011718436	
19774.4984	0.05280000000129803	Ripples						0.05280000000129803	19774.5168	15.628376447856853	154.24875080885283	1137.0222462178317	
19774.5816	0.05199999999967986	Ripples						0.05199999999967986	19774.6224	13.030203861445955	158.7774474868744	1030.0591907489302	
19775.195200000002	0.0319999999992433	Ripples						0.0319999999992433	19775.213600000003	23.624349274062503	167.46783601255373	1848.4938956238368	
19777.605600000003	0.032799999997223495	Ripples						0.032799999997223495	19777.620000000003	11.397691917685167	153.93176029652503	1178.313317872776	
19778.56	0.0632000000005064	Ripples						0.0632000000005064	19778.6096	11.703341611491142	158.30720385689978	1414.659908480144	
19779.1496	0.08399999999892316	Ripples						0.08399999999892316	19779.173600000002	17.499024348865646	153.27708228799992	1486.4307889085967	
19779.936800000003	0.0415999999968335	Ripples						0.0415999999968335	19779.9496	16.888435381244143	159.48179554591087	1610.8911007787233	
19780.736	0.05199999999967986	Ripples						0.05199999999967986	19780.7664	9.139582300779338	144.95552174599788	652.2222744330423	
19781.506400000002	0.04559999999764841	Ripples						0.04559999999764841	19781.528000000002	17.63080087528168	168.62229583975304	1403.0082979227868	
19783.4392	0.046399999999266583	Ripples						0.046399999999266583	19783.468	15.050029871108778	152.98963146991693	1483.705108426022	
19784.026400000002	0.07759999999689171	Ripples						0.07759999999689171	19784.0832	17.295924746338763	152.80366741572297	1464.9048813366337	
19784.1672	0.04320000000006985	Ripples						0.04320000000006985	19784.180800000002	32.47420153666739	163.78767324201718	2091.0045510614214	
19784.2864	0.042400000002089655	Ripples						0.042400000002089655	19784.3112	18.43809644403064	156.68033076196022	1671.20376183736	
19786.104	0.030400000003282912	Ripples						0.030400000003282912	19786.1208	11.465837740478355	160.32610468665993	1395.5520544051697	
19786.3128	0.04400000000168802	Ripples						0.04400000000168802	19786.3472	7.5467536647322895	161.76509606868873	883.1798146173712	
19787.1328	0.03920000000289292	Ripples						0.03920000000289292	19787.1528	25.003972251969635	161.37856598557664	1955.5571108304066	
19788.2112	0.0864000000001397	Ripples						0.0864000000001397	19788.2832	25.787547407777602	161.68691130526577	1869.5181299354435	
19788.5512	0.04320000000006985	Ripples						0.04320000000006985	19788.5632	10.989650498272082	156.80093221848128	1284.6414041573296	
19789.3424	0.040000000000873115	Ripples						0.040000000000873115	19789.352000000003	6.434269799103036	166.60932917822998	984.9066105487856	
19792.634400000003	0.04799999999886495	Ripples						0.04799999999886495	19792.648800000003	11.514088421123182	168.5506007253376	1197.2074565207413	
19793.168	0.08079999999972642	Ripples						0.08079999999972642	19793.196	17.82923229512561	171.19687065024652	1731.2609273763576	
19793.4784	0.0319999999992433	Ripples						0.0319999999992433	19793.4936	15.01856675752531	167.47087979741116	1465.3590671427755	
19794.359200000003	0.07760000000052969	Ripples						0.07760000000052969	19794.412	8.122465910810416	160.46577449563068	1038.6266060429314	
19794.664800000002	0.0319999999992433	Ripples						0.0319999999992433	19794.6824	16.146539469260258	157.26068265729234	1430.6161889388056	
19794.860800000002	0.035199999998440035	Ripples						0.035199999998440035	19794.8776	23.160984550705724	169.81863503800403	1779.5271606886888	
19795.596	0.051199999998061685	Ripples						0.051199999998061685	19795.6368	17.454393845633373	158.19105432336733	1522.592418463819	
19795.8456	0.02479999999923166	Ripples						0.02479999999923166	19795.860800000002	6.704056599822215	155.5194946842954	888.0530072866736	
19796.2	0.030399999999644933	Ripples						0.030399999999644933	19796.2088	9.884798954981845	159.2038766661166	1015.840937669382	
19796.4816	0.047200000000884756	Ripples						0.047200000000884756	19796.504	22.55551943947036	152.73434610953598	1584.9312361343887	
19798.3528	0.023199999999633292	Ripples						0.023199999999633292	19798.364	7.605390233478532	161.7518459059763	999.1241120919683	
19798.785600000003	0.07200000000011642	Ripples						0.07200000000011642	19798.82	9.302182628226024	160.37326567575832	1294.696659640155	
19799.1104	0.03919999999925494	Ripples						0.03919999999925494	19799.1368	17.566708542445827	164.51879770848072	1596.4147533633256	
19802.300000000003	0.048799999996845145	Ripples						0.048799999996845145	19802.337600000003	9.604112447648388	155.33985499991257	1255.6809632758877	
19802.3688	0.03600000000005821	Ripples						0.03600000000005821	19802.38	6.08707010201611	147.18882389505575	842.5790966642767	
19806.6136	0.0272000000004482	Ripples						0.0272000000004482	19806.630400000002	15.161412153116784	167.82513472453311	1506.2908098438993	
19806.8488	0.06160000000090804	Ripples						0.06160000000090804	19806.866400000003	19.368895613643136	155.4368324223509	1546.6018416937793	
19815.9944	0.025600000000849832	Ripples						0.025600000000849832	19816.0128	8.569636384225415	156.7393360062228	820.5920676065961	
19817.0344	0.08799999999973807	Ripples						0.08799999999973807	19817.0648	15.240167115281272	158.11687088030865	1650.3336270595066	
19817.6552	0.03919999999925494	Ripples						0.03919999999925494	19817.6696	18.853138926535983	159.37411002190973	1515.411754251379	
19820.120000000003	0.03600000000005821	Ripples						0.03600000000005821	19820.1312	6.494820561882777	154.10684354603302	820.147549770842	
19820.3568	0.035199999998440035	Ripples						0.035199999998440035	19820.376800000002	11.27166483871832	148.27964942594667	858.4515279515962	
19822.271200000003	0.05679999999847496	Ripples						0.05679999999847496	19822.2904	23.75176910275083	163.25322057249548	1945.2131178449292	
19822.364	0.05280000000129803	Ripples						0.05280000000129803	19822.3856	37.37873679973608	157.23198083095303	2353.720450052808	
19822.7992	0.03280000000086147	Ripples						0.03280000000086147	19822.8168	19.651793276105003	165.66523932185203	1723.0158191484284	
19824.0664	0.06400000000212458	Ripples						0.06400000000212458	19824.0872	16.81729891363538	154.98164878349533	1584.6872882071978	
19824.2336	0.03200000000288128	Ripples						0.03200000000288128	19824.248	25.066252891055203	162.92122638658353	1859.1825925550772	
19825.4576	0.12399999999979627	Ripples						0.12399999999979627	19825.5016	12.879021686063567	164.51167996325216	1288.5840680282388	
19825.7472	0.0272000000004482	Ripples						0.0272000000004482	19825.764000000003	8.717019272349908	170.76930791906432	1129.0264283753318	
19828.287200000002	0.04959999999846332	Ripples						0.04959999999846332	19828.3096	19.392802946303323	160.42990562272968	1766.5141614480683	
19833.3408	0.11199999999735155	Ripples						0.11199999999735155	19833.382400000002	27.934037942500037	159.49687740573702	2328.1069459780183	
19833.6888	0.025600000000849832	Ripples						0.025600000000849832	19833.7032	6.747258822690206	152.21738873526752	972.2479060799711	
19835.0312	0.03600000000005821	Ripples						0.03600000000005821	19835.0432	14.077470645515167	162.2052112001616	1377.640659553809	
19835.6152	0.0496000000021013	Ripples						0.0496000000021013	19835.6328	8.171080214243949	152.80013186347438	972.6845140967105	
19835.9432	0.053599999999278225	Ripples						0.053599999999278225	19835.9864	10.760764173264965	166.44651225240267	1096.9920274657245	
19838.1744	0.06800000000293949	Ripples						0.06800000000293949	19838.2112	20.164056606830542	150.69426433445224	1559.7830576534996	
19842.404000000002	0.042399999998451676	Ripples						0.042399999998451676	19842.432800000002	6.060037156230958	154.8256616827402	830.4656064343309	
19844.0432	0.05040000000008149	Ripples						0.05040000000008149	19844.068	12.182639085315694	151.73644773366783	1250.8503360397024	
19845.576800000003	0.04320000000006985	Ripples						0.04320000000006985	19845.600000000002	12.537311780517788	161.99284204295438	1552.4642839129092	
19845.6696	0.058400000001711305	Ripples						0.058400000001711305	19845.6856	18.388376557653682	161.0553907957214	1714.4053280299854	
19845.8024	0.03600000000005821	Ripples						0.03600000000005821	19845.8192	13.485741085285893	162.04931042420333	1438.0713065751042	
19845.936800000003	0.023999999997613486	Ripples						0.023999999997613486	19845.9504	16.1088288430198	161.06795839425294	1341.544350694193	
19849.904000000002	0.02479999999923166	Ripples						0.02479999999923166	19849.915200000003	5.72017340758778	157.79816911352026	771.8122562233862	
19851.9856	0.08880000000135624	Ripples						0.08880000000135624	19852.0488	19.128830872905077	158.02024475217	1808.4743414680918	
19855.9288	0.044799999999668216	Ripples						0.044799999999668216	19855.947200000002	15.942309023825736	154.16673740671342	1452.008328713425	
19856.116	0.04079999999885331	Ripples						0.04079999999885331	19856.1408	15.74836880654621	156.4618336478989	1527.8753631591603	
19856.5848	0.048800000000483124	Ripples						0.048800000000483124	19856.6232	15.610870055071306	165.4964863773901	1416.4597710961018	
19856.9656	0.03200000000288128	Ripples						0.03200000000288128	19856.98	18.2402190422329	163.37148193386395	1586.586147587835	
19860.1032	0.0272000000004482	Ripples						0.0272000000004482	19860.1168	7.073809831078126	168.48678521073595	1101.9345308028674	
19860.2232	0.033600000002479646	Ripples						0.033600000002479646	19860.232	15.757003553060686	157.3212816855412	1356.368539607144	
19861.0688	0.025600000000849832	Ripples						0.025600000000849832	19861.0872	11.222814375254433	164.783556481843	1101.9268133112325	
19863.071200000002	0.039999999997235136	Ripples						0.039999999997235136	19863.091200000003	40.852039608555174	162.85034613548473	2595.3987345059904	
19863.857600000003	0.055999999996856786	Ripples						0.055999999996856786	19863.88	22.121557924095875	165.22367937833778	1759.5461636179032	
19863.988	0.0319999999992433	Ripples						0.0319999999992433	19864.0072	22.329762623297825	163.59146093744187	1782.3825903761592	
19864.0584	0.10640000000057626	Ripples						0.10640000000057626	19864.0864	13.794043208705464	152.95618271605343	1331.9432100166036	
19866.396800000002	0.08319999999730499	Ripples						0.08319999999730499	19866.411200000002	9.494591617794354	151.48657443053577	1103.2239598419865	
19867.3616	0.033600000002479646	Ripples						0.033600000002479646	19867.379200000003	17.24606712937837	162.11876587439886	1696.4117199843836	
19868.5936	0.024000000001251465	Ripples						0.024000000001251465	19868.6048	5.086661528433648	163.87425159172315	940.3796911408938	
19868.688000000002	0.06079999999928987	Ripples						0.06079999999928987	19868.696	7.047539741958277	149.06231232316102	823.2233705534213	
19869.816000000003	0.042399999998451676	Ripples						0.042399999998451676	19869.8512	6.792940831978313	159.36831146896424	833.7150014597509	
19874.604	0.03440000000045984	Ripples						0.03440000000045984	19874.621600000002	17.304070390819064	158.70058970039562	1709.038914876847	
19875.216800000002	0.06160000000090804	Ripples						0.06160000000090804	19875.2416	18.409601345740427	157.50119077997996	1481.4406612997716	
19875.4104	0.04959999999846332	Ripples						0.04959999999846332	19875.436	11.14374118021948	148.9203858269926	977.9950957914223	
19875.5736	0.051200000001699664	Ripples						0.051200000001699664	19875.585600000002	16.505754645706645	154.14555907086853	1398.2510664074248	
19876.9552	0.09440000000176951	Ripples						0.09440000000176951	19876.970400000002	15.71193966600461	152.77828207947354	1279.0974658880066	
19885.204	0.031200000001263106	Ripples						0.031200000001263106	19885.220800000003	18.002611324857366	160.5753265522209	1698.181144487335	
19885.3872	0.02479999999923166	Ripples						0.02479999999923166	19885.398400000002	14.746032308139814	166.82182321589585	1382.5278882743637	
19886.3568	0.04160000000047148	Ripples						0.04160000000047148	19886.3744	27.89233061656894	162.0272794311122	2104.7500622172047	
19886.6152	0.02479999999923166	Ripples						0.02479999999923166	19886.6232	6.29158428350983	156.89331134070957	872.84135388937	
19890.6224	0.04400000000168802	Ripples						0.04400000000168802	19890.64	16.442962233951004	154.0323280766948	1460.8283248698779	
19893.477600000002	0.06719999999768334	Ripples						0.06719999999768334	19893.5088	21.223017054883876	154.77024753241395	1681.9012481614072	
19894.56	0.040000000000873115	Ripples						0.040000000000873115	19894.5824	12.559865987010959	151.95363492997868	1140.188719692064	
19898.2336	0.08000000000174623	Ripples						0.08000000000174623	19898.2664	21.07807416759545	147.70624777554414	1676.8929274582706	
19902.108	0.08799999999973807	Ripples						0.08799999999973807	19902.14	13.853218625484645	152.53588410269109	1318.5235857405523	
19902.6368	0.031200000001263106	Ripples						0.031200000001263106	19902.6536	5.525005038708848	153.31135181256658	772.2121700941968	
19905.4664	0.037599999999656575	Ripples						0.037599999999656575	19905.4744	5.156439394480662	159.99368398070766	711.0204475809836	
19905.5744	0.028800000000046566	Ripples						0.028800000000046566	19905.585600000002	12.5153350709395	155.88454998809058	1187.4556874133134	
19906.4456	0.0496000000021013	Ripples						0.0496000000021013	19906.4568	7.3109553692617615	157.22783237246665	1085.5142885299367	
19912.38	0.06559999999808497	Ripples						0.06559999999808497	19912.4312	15.673217481583514	153.6897565891352	1656.288642519538	
19912.540800000002	0.02479999999923166	Ripples						0.02479999999923166	19912.555200000003	11.542524062982555	156.5248902284466	1174.1286538142033	
19916.3976	0.10239999999976135	Ripples						0.10239999999976135	19916.427200000002	10.80565245340002	153.3785390532623	950.93240635688	
19916.5904	0.028800000000046566	Ripples						0.028800000000046566	19916.6064	13.814635730925136	155.48785095280263	1164.2361661421012	
19916.6712	0.04160000000047148	Ripples						0.04160000000047148	19916.699200000003	9.82291255281861	153.25726725413637	1143.7005312319338	
19920.7016	0.030399999999644933	Ripples						0.030399999999644933	19920.7104	10.015355327221013	160.67585357758065	989.9207501967996	
19920.8784	0.0319999999992433	Ripples						0.0319999999992433	19920.8928	30.405729231503802	159.95804709794874	1993.2602768677477	
19922.0024	0.04799999999886495	Ripples						0.04799999999886495	19922.0128	5.775158526616793	153.70731305333538	826.7333915679653	
19931.3184	0.04800000000250293	Ripples						0.04800000000250293	19931.346400000002	23.168647490666796	157.1232495623453	1842.9205506884546	
19937.0	60.0	SleepStates											REM
19998.0	1586.0	SleepStates											Awake
20027.4504	0.040000000000873115	Ripples						0.040000000000873115	20027.470400000002	15.142835891140995	154.72401591467698	1437.5517340395463	
20028.9032	0.0864000000001397	Ripples						0.0864000000001397	20028.929600000003	29.03719176050718	165.57325411235973	2244.0019461917827	
20029.056800000002	0.044799999999668216	Ripples						0.044799999999668216	20029.0752	17.79572847763979	154.14873403821693	1672.4797608372035	
20030.9032	0.06639999999970314	Ripples						0.06639999999970314	20030.9248	5.554406162844586	160.93757929455802	708.1438201153643	
20032.0832	0.037599999999656575	Ripples						0.037599999999656575	20032.092	5.690012411853387	156.87266476792584	863.1617338970952	
20032.312	0.021600000000034925	Ripples						0.021600000000034925	20032.323200000003	5.710897743083489	159.09034885766195	792.7547858919077	
20032.4736	0.04959999999846332	Ripples						0.04959999999846332	20032.490400000002	15.514267631062314	163.9282827961708	1618.30289000979	
20033.864	0.04400000000168802	Ripples						0.04400000000168802	20033.891200000002	18.46283865742733	162.8972028912501	1788.028446395971	
20046.0744	0.05280000000129803	Ripples						0.05280000000129803	20046.116	13.363527224879078	164.9240240982631	1346.3281524158226	
20049.490400000002	0.035199999998440035	Ripples						0.035199999998440035	20049.5096	16.619117549749895	166.17743533103905	1612.6875153867552	
20051.712	0.03680000000167638	Ripples						0.03680000000167638	20051.7272	10.95160007878004	154.1041262411383	1148.8930930329966	
20052.3312	0.048800000000483124	Ripples						0.048800000000483124	20052.348	12.87687510223054	155.05326164243422	1298.1847549869829	
20131.8704	0.028000000002066372	Ripples						0.028000000002066372	20131.891200000002	11.429722561392877	160.32447903404517	1188.2697872847689	
20135.997600000002	0.0367999999980384	Ripples						0.0367999999980384	20136.0104	10.74079512552545	166.0241103296504	1183.4041595868043	
20143.8856	0.056000000000494765	Ripples						0.056000000000494765	20143.9176	15.806679017549659	157.86576063689924	1550.6900494168674	
20165.056800000002	0.023999999997613486	Ripples						0.023999999997613486	20165.068	7.930291828711599	161.86694451954105	1037.186395541334	
20172.4784	0.035200000002078013	Ripples						0.035200000002078013	20172.4928	6.811208611715559	153.2609698943017	949.6651785203336	
20172.5872	0.03919999999925494	Ripples						0.03919999999925494	20172.6008	11.295493823656175	176.75352746599845	1074.186238767004	
20184.7128	0.0544000000008964	Ripples						0.0544000000008964	20184.745600000002	19.86736042991386	150.32555566485934	1527.0305421532762	
20185.5104	0.053600000002916204	Ripples						0.053600000002916204	20185.5272	22.71657591666226	159.48397000452667	1851.0256162628273	
20186.379200000003	0.06559999999808497	Ripples						0.06559999999808497	20186.396800000002	13.66423040462343	160.40634162539473	1394.682230978029	
20191.4856	0.0856000000021595	Ripples						0.0856000000021595	20191.5456	19.31511402322998	161.3444902644082	1918.9612354343833	
20199.891200000002	0.02479999999923166	Ripples						0.02479999999923166	20199.9032	7.857436201988706	162.32157935245596	1011.8790700995278	
20201.0328	0.021600000000034925	Ripples						0.021600000000034925	20201.040800000002	8.6291772232567	159.2406030205264	990.8131558262644	
20201.506400000002	0.03919999999925494	Ripples						0.03919999999925494	20201.520800000002	11.334016623855176	166.0153295077026	1380.0868209046967	
20202.5056	0.0319999999992433	Ripples						0.0319999999992433	20202.5168	14.978683677813011	159.47184226974883	1335.65799085281	
20205.2288	0.06720000000132131	Ripples						0.06720000000132131	20205.272800000002	20.250332744473273	161.37162388730223	1864.8905280346805	
20206.516	0.04160000000047148	Ripples						0.04160000000047148	20206.5296	20.421876138071998	160.74064106804758	1745.027617008709	
20208.0544	0.051200000001699664	Ripples						0.051200000001699664	20208.0904	8.36961509793859	148.66817464463028	919.7251272042047	
20209.5608	0.05920000000332948	Ripples						0.05920000000332948	20209.571200000002	7.137037961739503	171.83476592986867	938.8943942337384	
20212.6832	0.11120000000300934	Ripples						0.11120000000300934	20212.712	14.220716505196933	165.84697897606404	1322.3754817339727	
20212.8856	0.044799999999668216	Ripples						0.044799999999668216	20212.905600000002	25.262201686801454	164.18058031657222	2105.6729168060183	
20214.8816	0.023199999999633292	Ripples						0.023199999999633292	20214.889600000002	5.838873388283367	167.56502872679405	945.7936727082483	
20216.0296	0.035199999998440035	Ripples						0.035199999998440035	20216.044	11.842205548068296	157.53341294251146	1410.0825704133763	
20216.8368	0.05760000000009313	Ripples						0.05760000000009313	20216.866400000003	16.476884496486207	160.82233060332172	1573.8574625220986	
20225.1352	0.035200000002078013	Ripples						0.035200000002078013	20225.1528	9.173742240046199	174.59738364030983	1107.8191014644835	
20229.7504	0.07120000000213622	Ripples						0.07120000000213622	20229.784	15.976942683880955	160.8248619026899	1475.189473808219	
20230.5288	0.04320000000006985	Ripples						0.04320000000006985	20230.5392	14.144797072012148	168.1000980063789	1296.1118109765769	
20233.176	0.08320000000094296	Ripples						0.08320000000094296	20233.192000000003	18.84571102599036	164.88717954407292	1699.0001438611612	
20235.3816	0.022400000001653098	Ripples						0.022400000001653098	20235.393600000003	5.072822150781225	155.87232071588738	802.5480714283119	
20244.3456	0.09679999999934807	Ripples						0.09679999999934807	20244.3728	10.816005290527592	150.7032296980415	1232.759381037533	
20248.659200000002	0.058399999998073326	Ripples						0.058399999998073326	20248.7016	17.747142339097596	161.0508032456233	1770.6597376474288	
20251.684800000003	0.04079999999885331	Ripples						0.04079999999885331	20251.708000000002	10.416788337133434	178.2703586348605	1108.2565763611583	
20253.303200000002	0.04399999999805004	Ripples						0.04399999999805004	20253.3152	18.144087113715603	159.54507151644404	1609.0057739027914	
20259.0944	0.042399999998451676	Ripples						0.042399999998451676	20259.108	7.6399068119024784	179.8205321618718	837.8549669667631	
20260.1904	0.1128000000026077	Ripples						0.1128000000026077	20260.2432	19.663860445598065	159.1459471590414	1708.7836691174919	
20262.3848	0.03600000000005821	Ripples						0.03600000000005821	20262.4048	5.468194899235539	165.05188893121314	1068.3337079612438	
20269.5384	0.06799999999930151	Ripples						0.06799999999930151	20269.5888	13.381617178893343	145.26367845594524	1171.524066722447	
20269.715200000002	0.02079999999841675	Ripples						0.02079999999841675	20269.7256	7.364605165929809	168.96756761337798	937.6094555060843	
20275.6024	0.024800000002869638	Ripples						0.024800000002869638	20275.6168	9.330071058147885	162.0234378201604	1120.5272587376587	
20284.864800000003	0.03839999999763677	Ripples						0.03839999999763677	20284.886400000003	8.277895603173402	170.5368854696676	1192.382054859828	
20287.7808	0.028800000000046566	Ripples						0.028800000000046566	20287.7936	16.114050599681715	170.18702688313314	1429.687717296563	
20305.310400000002	0.02079999999841675	Ripples						0.02079999999841675	20305.32	10.63263001122893	163.85942764654646	1173.6566795266108	
20305.436	0.048800000000483124	Ripples						0.048800000000483124	20305.4536	19.817895168645535	166.0439320285437	1738.7619145371723	
20315.5368	0.06079999999928987	Ripples						0.06079999999928987	20315.5672	13.43645843795934	156.20733386379467	1480.0826086144007	
20315.644	0.026400000002468005	Ripples						0.026400000002468005	20315.657600000002	11.860075050764115	161.25222119664187	1388.1352230226364	
20324.328800000003	0.0319999999992433	Ripples						0.0319999999992433	20324.3368	5.327153624193842	157.79824137136308	904.3417178570363	
20325.5024	0.0816000000013446	Ripples						0.0816000000013446	20325.520800000002	25.20150282220042	156.72601172829997	1918.595029028419	
20326.8152	0.08320000000094296	Ripples						0.08320000000094296	20326.8624	20.49061404054808	156.7414396864549	1693.502367381779	
20327.088	0.03920000000289292	Ripples						0.03920000000289292	20327.1088	19.29813572761615	155.46542790896808	1575.2594338050128	
20327.7848	0.02960000000166474	Ripples						0.02960000000166474	20327.7984	6.618659219726557	166.60772168200714	1002.3529230464277	
20328.1728	0.07760000000052969	Ripples						0.07760000000052969	20328.208000000002	16.66162749092941	154.53844020862178	1564.8903357337617	
20329.6784	0.03440000000045984	Ripples						0.03440000000045984	20329.6888	6.8162055624116755	159.60102259443357	1048.3730406780649	
20330.159200000002	0.05519999999887659	Ripples						0.05519999999887659	20330.1968	15.494214818121028	162.49005847159668	1641.969729261474	
20330.650400000002	0.0911999999989348	Ripples						0.0911999999989348	20330.6616	14.739942565715536	154.9766339711758	1247.6084725156518	
20331.912	0.025600000000849832	Ripples						0.025600000000849832	20331.924000000003	7.97443497052602	154.844064122211	962.0002316450395	
20332.5384	0.03280000000086147	Ripples						0.03280000000086147	20332.564000000002	9.469075137696064	154.29793284087685	869.3978255684391	
20333.1656	0.040000000000873115	Ripples						0.040000000000873115	20333.1824	24.319501399397577	174.6921614103647	1803.3956416709914	
20333.3744	0.028000000002066372	Ripples						0.028000000002066372	20333.388000000003	10.523371524008287	153.90397484841182	1140.4911949881885	
20333.4912	0.03840000000127475	Ripples						0.03840000000127475	20333.5072	17.192850106903677	176.32368208582298	1312.2378755274094	
20336.9888	0.10080000000016298	Ripples						0.10080000000016298	20337.0632	11.6108873556162	155.78186147135472	1440.2009132273063	
20338.128	0.03440000000045984	Ripples						0.03440000000045984	20338.1464	15.385580625650634	157.7310759916746	1309.861203092887	
20338.7536	0.11679999999978463	Ripples						0.11679999999978463	20338.7912	25.063015865004033	156.9629350239636	1947.4557970219232	
20339.4424	0.053599999999278225	Ripples						0.053599999999278225	20339.468	30.803678903966993	168.88145318285916	2276.4825622794647	
20339.8624	0.13520000000062282	Ripples						0.13520000000062282	20339.9376	12.884854495227788	171.7036790605891	1210.684953692147	
20342.5016	0.04800000000250293	Ripples						0.04800000000250293	20342.524	26.82225270224805	168.76913490123192	2070.8277156770587	
20342.6688	0.06960000000253785	Ripples						0.06960000000253785	20342.728000000003	8.725084901494357	153.27628372406804	963.1099101188232	
20344.033600000002	0.039999999997235136	Ripples						0.039999999997235136	20344.056800000002	22.082177145311043	163.15563320670591	1951.9595794903069	
20344.8424	0.07920000000012806	Ripples						0.07920000000012806	20344.8856	20.729413952891292	156.67691086458507	1878.8836783960605	
20347.8024	0.033600000002479646	Ripples						0.033600000002479646	20347.8128	20.24408249828371	171.17523504346823	1479.546296203005	
20348.448800000002	0.04320000000006985	Ripples						0.04320000000006985	20348.4624	19.370440560970167	172.1424690601498	1635.2754003718821	
20348.5816	0.044799999999668216	Ripples						0.044799999999668216	20348.600000000002	23.238300087236627	160.62514817000985	2103.9408289773223	
20349.4864	0.04320000000006985	Ripples						0.04320000000006985	20349.5056	15.64921481375553	159.4966302371807	1491.104736641985	
20349.852000000003	0.027999999998428393	Ripples						0.027999999998428393	20349.8632	9.972589638406161	155.34998207657267	1137.0153152381063	
20353.112800000003	0.02719999999681022	Ripples						0.02719999999681022	20353.1256	18.561739493666938	164.06418806576545	1586.7877525316705	
20353.5312	0.0367999999980384	Ripples						0.0367999999980384	20353.549600000002	8.456352108373725	150.3142520543626	873.1996862119993	
20355.281600000002	0.06480000000010477	Ripples						0.06480000000010477	20355.2976	22.808657106082993	165.57642167015086	1870.4962009236547	
20356.332000000002	0.05760000000009313	Ripples						0.05760000000009313	20356.3656	18.06915794066872	156.5845932393131	1656.1054666967334	
20357.983200000002	0.02719999999681022	Ripples						0.02719999999681022	20358.0	5.737196308525058	155.72665484782232	940.9448809256751	
20358.1248	0.047200000000884756	Ripples						0.047200000000884756	20358.148800000003	19.50254478063844	154.66581108517684	1703.3530203690573	
20358.2232	0.03280000000086147	Ripples						0.03280000000086147	20358.2344	11.051853821546409	152.3995871701646	1144.7804121518948	
20361.578400000002	0.15359999999782303	Ripples						0.15359999999782303	20361.6408	17.04115161157779	163.68714398480918	1445.5833323333202	
20362.1976	0.02960000000166474	Ripples						0.02960000000166474	20362.2144	15.633624862883893	164.4952711282249	1534.1876417642275	
20362.612800000003	0.03600000000005821	Ripples						0.03600000000005821	20362.6296	23.83257517461223	163.3735429912568	1901.5065164214764	
20363.088	0.037599999999656575	Ripples						0.037599999999656575	20363.1088	7.441584415597051	152.3544853658985	849.9569288579391	
20363.8384	0.12000000000261934	Ripples						0.12000000000261934	20363.936	13.905489455838978	157.96377156601625	1576.768559589076	
20364.033600000002	0.042399999998451676	Ripples						0.042399999998451676	20364.052	11.789680055959968	147.9076312681142	1163.964157334363	
20364.408000000003	0.05760000000009313	Ripples						0.05760000000009313	20364.422400000003	10.189985452401173	164.11911083967414	1340.3610882397402	
20365.0792	0.05040000000008149	Ripples						0.05040000000008149	20365.0936	15.81115439349224	158.99168278698752	1448.6488913323335	
20368.5472	0.04160000000047148	Ripples						0.04160000000047148	20368.5776	18.135584032313773	163.25950158671048	1543.9212491953288	
20368.634400000003	0.035199999998440035	Ripples						0.035199999998440035	20368.6544	34.04536686467333	160.96830736576862	2255.431570103786	
20369.0992	0.05760000000009313	Ripples						0.05760000000009313	20369.1424	14.077326902829578	153.00167877224987	1317.9713899085532	
20369.285600000003	0.03600000000005821	Ripples						0.03600000000005821	20369.2968	25.27024509574711	160.48305488831434	1726.2392858524963	
20369.5976	0.0816000000013446	Ripples						0.0816000000013446	20369.664800000002	14.310570032523307	158.4110362960614	1343.8546586648818	
20369.700800000002	0.021600000000034925	Ripples						0.021600000000034925	20369.712	7.5164401066806805	160.17343298260454	946.3243382887953	
20372.0312	0.020000000000436557	Ripples						0.020000000000436557	20372.040800000002	6.479574833678231	168.75366989518162	945.0260601011116	
20372.3688	0.051200000001699664	Ripples						0.051200000001699664	20372.3872	8.242109858176825	148.8679354119459	1034.9276873757535	
20374.0248	0.05200000000331784	Ripples						0.05200000000331784	20374.0392	8.041269706416307	155.60166928111153	964.350153888801	
20375.684	0.046399999999266583	Ripples						0.046399999999266583	20375.713600000003	24.977586871618783	163.80338467593336	2060.235903136022	
20378.2696	0.022400000001653098	Ripples						0.022400000001653098	20378.284	7.330231835020182	160.94045633638254	1048.667387748086	
20378.9592	0.025600000000849832	Ripples						0.025600000000849832	20378.9736	9.480166102268957	159.89465994925874	1084.7568305896914	
20379.069600000003	0.03919999999925494	Ripples						0.03919999999925494	20379.091200000003	31.14361133099838	174.86953288472662	1959.9059732704231	
20379.2072	0.03680000000167638	Ripples						0.03680000000167638	20379.2184	15.136502410494751	163.16090555643652	1362.2471125944646	
20380.9624	0.06400000000212458	Ripples						0.06400000000212458	20381.012000000002	15.722744638972058	153.26660391990845	1439.3884486572974	
20381.0864	0.04160000000047148	Ripples						0.04160000000047148	20381.0968	11.24088064688241	155.6547284957802	1200.9123212500253	
20381.555200000003	0.08239999999932479	Ripples						0.08239999999932479	20381.596	18.553624471764902	163.03293919101458	1542.803580159518	
20382.2768	0.05040000000008149	Ripples						0.05040000000008149	20382.3056	15.401645955254375	150.84443696225503	1096.8184653097665	
20382.396	0.0544000000008964	Ripples						0.0544000000008964	20382.420000000002	19.569075539287486	162.41354160150757	1728.795807997706	
20386.2608	0.09600000000136788	Ripples						0.09600000000136788	20386.287200000002	22.11067341053493	168.212110591802	1876.9872610643292	
20386.3776	0.02320000000327127	Ripples						0.02320000000327127	20386.389600000002	15.691699901911726	161.61995010601345	1400.647031484012	
20387.9336	0.0816000000013446	Ripples						0.0816000000013446	20387.963200000002	5.647685085006414	144.56459977420573	643.4364389029407	
20388.064000000002	0.05279999999766005	Ripples						0.05279999999766005	20388.092	12.283519935184696	150.71627902000648	1358.578472707153	
20388.272800000002	0.020000000000436557	Ripples						0.020000000000436557	20388.280000000002	8.416560105412934	163.62959245323768	990.2269237381705	
20388.564000000002	0.04799999999886495	Ripples						0.04799999999886495	20388.591200000003	24.88849339153003	157.5992661619978	1855.435935640927	
20391.6896	0.03280000000086147	Ripples						0.03280000000086147	20391.706400000003	13.696712193358517	170.22610445103493	1449.3661402278465	
20391.792800000003	0.053599999999278225	Ripples						0.053599999999278225	20391.807200000003	16.83749067446639	165.5869949041739	1549.1798146024628	
20401.7608	0.04320000000006985	Ripples						0.04320000000006985	20401.7848	25.903990510834827	160.46827912552007	2057.363743648153	
20403.4248	0.03680000000167638	Ripples						0.03680000000167638	20403.441600000002	13.075850402655732	165.27620239562543	1464.7173934517807	
20421.4208	0.042400000002089655	Ripples						0.042400000002089655	20421.4536	6.896164498768226	168.02177352950355	1027.5546506827911	
20428.1208	0.05199999999967986	Ripples						0.05199999999967986	20428.156000000003	18.322862326288263	162.10388449688335	1789.361513769212	
20428.252	0.0544000000008964	Ripples						0.0544000000008964	20428.2824	25.114432968313128	164.90116527310724	1956.4555328603558	
20432.4592	0.02079999999841675	Ripples						0.02079999999841675	20432.472800000003	5.557213607233711	166.75925724875842	940.0162539470477	
20432.964	0.07760000000052969	Ripples						0.07760000000052969	20432.984800000002	23.8171818616535	159.1024072971588	1920.8964923428464	
20434.9664	0.04399999999805004	Ripples						0.04399999999805004	20434.9936	26.805917423678267	157.3045497271821	1965.346800497053	
20449.7536	0.03600000000005821	Ripples						0.03600000000005821	20449.776	17.152085642697756	165.445341846253	1635.1306749871626	
20459.8336	0.027999999998428393	Ripples						0.027999999998428393	20459.844800000003	6.147240453705839	160.1641444924477	955.4593699730569	
20464.004800000002	0.021600000000034925	Ripples						0.021600000000034925	20464.0152	10.687677265207387	161.75352010069983	1121.284501387552	
20464.853600000002	0.023999999997613486	Ripples						0.023999999997613486	20464.8672	5.577853210322604	157.90566491621544	925.1070366998016	
20465.064000000002	0.04079999999885331	Ripples						0.04079999999885331	20465.0952	10.442038898788068	165.602361712182	1157.997971608497	
20466.673600000002	0.07119999999849824	Ripples						0.07119999999849824	20466.720800000003	22.40961013586553	155.82341327236878	1746.2312338150439	
20470.7232	0.09120000000257278	Ripples						0.09120000000257278	20470.7968	7.80424644534671	156.1032624109018	771.0325424416052	
20472.891200000002	0.031200000001263106	Ripples						0.031200000001263106	20472.9088	8.742164055048555	158.68273752934832	1151.5825102706044	
20475.5368	0.06559999999808497	Ripples						0.06559999999808497	20475.5688	20.92391246479022	158.12722697493425	1945.0665185724295	
20480.767200000002	0.046399999999266583	Ripples						0.046399999999266583	20480.788	15.098594776051016	165.9307840529446	1484.392921685645	
20483.549600000002	0.07119999999849824	Ripples						0.07119999999849824	20483.592800000002	29.750062573594164	161.11800086585734	2198.827516194449	
20530.1232	0.07040000000051805	Ripples						0.07040000000051805	20530.173600000002	19.49361038308934	160.90666038842738	1816.4840906806119	
20531.428	0.0319999999992433	Ripples						0.0319999999992433	20531.4496	12.898013016014218	153.5652872135064	1143.8637690486398	
20546.936800000003	0.05039999999644351	Ripples						0.05039999999644351	20546.952	13.336019294057994	153.9267384206381	1299.4023466916456	
20547.091200000003	0.06559999999808497	Ripples						0.06559999999808497	20547.1096	16.142288323385973	153.74462748426663	1495.579758452756	
20548.0704	0.046399999999266583	Ripples						0.046399999999266583	20548.107200000002	5.524288461942544	158.28787981818553	917.8764124761253	
20562.332000000002	0.03600000000005821	Ripples						0.03600000000005821	20562.3456	13.96659770537271	165.5867321718484	1476.6039401657104	
20618.2688	0.09439999999813153	Ripples						0.09439999999813153	20618.34	16.51285702471921	165.20606622136208	1680.652147042449	
20619.431200000003	0.026399999998830026	Ripples						0.026399999998830026	20619.4448	8.149336113088223	159.60314072258598	1168.3266199887248	
20629.5536	0.0856000000021595	Ripples						0.0856000000021595	20629.600000000002	18.80944381615263	164.1617554230663	1790.166169983464	
20629.664800000002	0.026399999998830026	Ripples						0.026399999998830026	20629.6728	5.480689162177693	152.11929481200244	814.7049935270654	
20632.0376	0.040000000000873115	Ripples						0.040000000000873115	20632.0528	15.831797598287089	157.83276658458826	1524.9207063669144	
20634.760000000002	0.0591999999996915	Ripples						0.0591999999996915	20634.8056	13.736337053905448	164.22374627943367	1456.4425106342778	
20641.184	0.06480000000010477	Ripples						0.06480000000010477	20641.235200000003	16.11787703193954	165.0650557257533	1672.2301697420971	
20642.4248	0.031200000001263106	Ripples						0.031200000001263106	20642.436	10.339777963243145	158.39523334028172	1147.1550725515942	
20642.972	0.05279999999766005	Ripples						0.05279999999766005	20643.004	10.960436946998293	175.77074911811172	1243.6207340548722	
20644.3384	0.03440000000045984	Ripples						0.03440000000045984	20644.36	14.62001588803965	168.0111625115166	1469.0051898438444	
20645.438400000003	0.0639999999984866	Ripples						0.0639999999984866	20645.476000000002	13.534828651595138	155.70245867311746	1508.7693108546455	
20664.258400000002	0.046399999999266583	Ripples						0.046399999999266583	20664.2752	17.579789874707355	163.79310492811877	1709.8090810500178	
20665.3568	0.03680000000167638	Ripples						0.03680000000167638	20665.3776	14.3225312969563	163.24452274791446	1429.172675852847	
20666.251200000002	0.027999999998428393	Ripples						0.027999999998428393	20666.267200000002	14.455292851661964	170.34588436953615	1391.8243538396705	
20666.346400000002	0.0639999999984866	Ripples						0.0639999999984866	20666.3784	17.21953692032887	153.8384269915507	1353.1161253102462	
20671.812	0.040000000000873115	Ripples						0.040000000000873115	20671.837600000003	11.98570082772936	161.1656435844285	1265.0711826668714	
20673.163200000003	0.03359999999884167	Ripples						0.03359999999884167	20673.180800000002	15.353808306656402	171.22202325097362	1553.0421914690721	
20674.0016	0.06240000000252621	Ripples						0.06240000000252621	20674.0232	12.9813082709717	158.1896343332401	1326.8931219094538	
20674.2984	0.028800000000046566	Ripples						0.028800000000046566	20674.314400000003	6.528659559214518	169.8141349450838	1052.819718055187	
20675.713600000003	0.05279999999766005	Ripples						0.05279999999766005	20675.728000000003	8.633253014387716	154.39720959730795	1126.513970466022	
20676.004	0.0319999999992433	Ripples						0.0319999999992433	20676.0288	6.604358630409884	157.70472351062716	939.9805841118518	
20676.66	0.033600000002479646	Ripples						0.033600000002479646	20676.6768	12.106206318814554	165.512311192482	1375.313584365431	
20678.143200000002	0.04959999999846332	Ripples						0.04959999999846332	20678.1608	16.37720027358728	155.10741734889737	1486.356803569094	
20678.2912	0.04640000000290456	Ripples						0.04640000000290456	20678.3264	14.055855108956816	156.80665665263166	1450.1114668812515	
20680.344800000003	0.042399999998451676	Ripples						0.042399999998451676	20680.3704	18.216487964375908	169.31814618753867	1830.865448663047	
20680.506400000002	0.037599999999656575	Ripples						0.037599999999656575	20680.5288	27.97704212281315	166.52869500236582	2108.216471073145	
20681.0056	0.047200000000884756	Ripples						0.047200000000884756	20681.0384	14.102566578910562	154.9858798529711	1327.292893772696	
20681.265600000002	0.02079999999841675	Ripples						0.02079999999841675	20681.2736	7.667108436705879	167.0917920817918	947.7619123570561	
20681.389600000002	0.05279999999766005	Ripples						0.05279999999766005	20681.4288	19.277405198045898	164.72732042831726	1586.7395452697099	
20681.5968	0.05520000000251457	Ripples						0.05520000000251457	20681.6104	8.718777542562421	162.92030887958938	1188.538624361488	
20684.6232	0.04559999999764841	Ripples						0.04559999999764841	20684.64	36.60167245025373	162.76254307118387	2394.2291051967604	
20685.016	0.08320000000094296	Ripples						0.08320000000094296	20685.049600000002	18.11615840199247	161.1200660043099	1478.7664235473462	
20685.195200000002	0.047200000000884756	Ripples						0.047200000000884756	20685.2256	16.03622324363025	158.29523397993657	1665.6986839363763	
20685.300000000003	0.039999999997235136	Ripples						0.039999999997235136	20685.32	22.111097084056574	162.66870393733126	1940.7157798672717	
20686.8192	0.04799999999886495	Ripples						0.04799999999886495	20686.8336	10.751376170299379	169.88105204807147	1372.10009131753	
20691.5616	0.1264000000010128	Ripples						0.1264000000010128	20691.576	29.04367504211428	161.1895570314621	2091.320670329312	
20691.7408	0.040000000000873115	Ripples						0.040000000000873115	20691.758400000002	6.95227990409113	159.40746017578593	1110.8393867490956	
20695.1104	0.03919999999925494	Ripples						0.03919999999925494	20695.121600000002	10.474375579706889	159.15193506249275	1068.9703580985201	
20697.445600000003	0.04719999999724678	Ripples						0.04719999999724678	20697.468800000002	14.915921196033207	170.35838711265745	1592.3965087019042	
20698.776	0.05679999999847496	Ripples						0.05679999999847496	20698.808	13.155193748208196	150.4770982608951	1281.6081301272227	
20700.915200000003	0.05199999999604188	Ripples						0.05199999999604188	20700.9504	23.70499316451067	160.5798448107216	1992.4493191322363	
20701.4808	0.04560000000128639	Ripples						0.04560000000128639	20701.4984	34.002596106210454	162.701355218715	2220.770814161954	
20702.3888	0.07760000000052969	Ripples						0.07760000000052969	20702.4392	18.898157801711953	162.79091251786298	1584.6610492683349	
20702.568	0.025600000000849832	Ripples						0.025600000000849832	20702.576	9.371172750219387	157.53252397628484	975.802823326742	
20702.692000000003	0.055999999996856786	Ripples						0.055999999996856786	20702.713600000003	19.147162505825996	161.70034860717004	1746.9141944300573	
20703.778400000003	0.031199999997625127	Ripples						0.031199999997625127	20703.7896	9.7650712027415	177.02662609609894	1125.388010810762	
20703.886400000003	0.035199999998440035	Ripples						0.035199999998440035	20703.900800000003	11.397574208249663	153.94916371016438	1176.8586801471126	
20704.0072	0.03680000000167638	Ripples						0.03680000000167638	20704.0184	7.250997779493896	156.7861646167275	808.9073370300606	
20706.235200000003	0.059999999997671694	Ripples						0.059999999997671694	20706.256800000003	10.957596605184087	146.86806662385814	988.9772362289605	
20706.4064	0.05760000000009313	Ripples						0.05760000000009313	20706.4432	18.117290860373128	177.95629403291377	1414.6402849389078	
20706.5648	0.0768000000025495	Ripples						0.0768000000025495	20706.5744	8.534506727518073	155.52044072517447	1110.9477559590134	
20707.2976	0.06959999999889988	Ripples						0.06959999999889988	20707.328	15.32127244112915	151.3833971711053	1480.4603023812974	
20707.902400000003	0.12959999999657157	Ripples						0.12959999999657157	20707.977600000002	11.440912196561092	149.87980503743705	1012.856669545381	
20708.168	0.03280000000086147	Ripples						0.03280000000086147	20708.184800000003	27.29894921400092	166.83290115197738	2028.521614029017	
20708.5256	0.10320000000137952	Ripples						0.10320000000137952	20708.562400000003	14.398026523179924	146.5865443995404	1289.450617614066	
20708.96	0.021600000000034925	Ripples						0.021600000000034925	20708.9672	6.173702804294684	157.81343291256695	915.4803831942629	
20709.4392	0.037599999999656575	Ripples						0.037599999999656575	20709.4536	21.43707658112748	164.92689854063894	1786.9912539776735	
20709.5864	0.02960000000166474	Ripples						0.02960000000166474	20709.6048	7.315027136589295	152.25664678577272	1050.8843383147237	
20709.6584	0.06560000000172295	Ripples						0.06560000000172295	20709.7048	17.030183576024186	154.75571300231886	1627.5565894531337	
20711.0032	0.05520000000251457	Ripples						0.05520000000251457	20711.028000000002	23.583910464999086	156.79612529516612	1984.5851369285967	
20712.044	0.048800000000483124	Ripples						0.048800000000483124	20712.0736	15.194477354819137	159.3729801726097	1624.636927639919	
20712.1528	0.03840000000127475	Ripples						0.03840000000127475	20712.1752	24.44314134446751	168.81639223575266	1938.583571202987	
20715.480000000003	0.0415999999968335	Ripples						0.0415999999968335	20715.504	19.896766221825334	156.87745873629373	1670.96950304183	
20718.5648	0.05280000000129803	Ripples						0.05280000000129803	20718.585600000002	14.904807104366883	153.9401249748005	1538.7789466449503	
20718.728000000003	0.039999999997235136	Ripples						0.039999999997235136	20718.7504	16.726943309869554	150.58361838184274	1410.6577708180523	
20720.188000000002	0.11599999999816646	Ripples						0.11599999999816646	20720.285600000003	13.413589443091201	154.82266938481783	1276.330424454794	
20720.3872	0.04320000000006985	Ripples						0.04320000000006985	20720.4032	21.23101378143406	173.16672802954355	1566.9605964506159	
20720.549600000002	0.02079999999841675	Ripples						0.02079999999841675	20720.5592	8.454447552552098	161.02908686141723	1091.05686068234	
20724.7576	0.0496000000021013	Ripples						0.0496000000021013	20724.778400000003	21.96821579058188	163.52645889543246	1713.4447523660463	
20724.925600000002	0.04399999999805004	Ripples						0.04399999999805004	20724.948800000002	29.577949802496438	160.25500431341263	2086.3046335506433	
20728.164	0.04400000000168802	Ripples						0.04400000000168802	20728.1816	9.282622227160454	158.25672263510546	1282.7388092245508	
20729.3856	0.1368000000002212	Ripples						0.1368000000002212	20729.440000000002	22.30318100221505	168.49228842172803	1839.253394441777	
20729.7968	0.020000000000436557	Ripples						0.020000000000436557	20729.808	9.448880954630193	163.5522232916238	1021.2656175290506	
20730.1328	0.03920000000289292	Ripples						0.03920000000289292	20730.1472	21.230770402967973	169.85369942099015	1803.38793430895	
20732.984	0.03680000000167638	Ripples						0.03680000000167638	20732.996	9.04757838620206	156.07041768746407	1020.8092358362426	
20733.0488	0.05199999999967986	Ripples						0.05199999999967986	20733.0632	7.013135775957689	156.8830931076937	999.4747258932719	
20741.605600000003	0.02719999999681022	Ripples						0.02719999999681022	20741.620000000003	14.241179932768832	163.3949588579735	1484.1707924185043	
20741.7808	0.02080000000205473	Ripples						0.02080000000205473	20741.788800000002	5.0800154979465795	156.71048335692822	818.8437889835045	
20761.0728	0.035199999998440035	Ripples						0.035199999998440035	20761.084000000003	14.9307661188565	162.8233855659069	1438.9369825488404	
20762.092800000002	0.028800000000046566	Ripples						0.028800000000046566	20762.1032	13.546942153689775	167.31131158263727	1338.6757756037787	
20770.6152	0.044799999999668216	Ripples						0.044799999999668216	20770.643200000002	10.561707888479667	153.2478727788488	1184.0815740547118	
20774.6384	0.07440000000133296	Ripples						0.07440000000133296	20774.676	17.271685140889534	154.44628971978423	1665.1360872263474	
20782.164	0.022400000001653098	Ripples						0.022400000001653098	20782.1744	9.75495360916252	169.11091412755326	1176.0548579098202	
20785.0304	0.025600000000849832	Ripples						0.025600000000849832	20785.0464	8.243010092714423	172.59380737671054	1033.5294644942821	
20787.0312	0.042399999998451676	Ripples						0.042399999998451676	20787.0576	34.747812540009825	165.58151725696922	2249.7280404572507	
20787.2896	0.033600000002479646	Ripples						0.033600000002479646	20787.304	14.527084676196262	171.5689188213246	1494.6101542607053	
20791.272800000002	0.04079999999885331	Ripples						0.04079999999885331	20791.2936	5.2119195641358065	153.95454648757507	931.5389785540466	
20791.480000000003	0.05439999999725842	Ripples						0.05439999999725842	20791.506400000002	15.719901111118327	160.71530503648057	1566.075197005683	
20791.728000000003	0.03359999999884167	Ripples						0.03359999999884167	20791.751200000002	12.224696508472665	156.6759618432784	1265.3430007368997	
20798.9496	0.0544000000008964	Ripples						0.0544000000008964	20798.972800000003	15.158684738082986	161.28048133062097	1741.205774585352	
20806.836000000003	0.051199999998061685	Ripples						0.051199999998061685	20806.8568	12.104858912926039	154.8405641876928	1357.473335846269	
20838.5376	0.0544000000008964	Ripples						0.0544000000008964	20838.578400000002	24.06979115319404	166.15287896311335	1972.3943961046655	
20847.9984	0.04400000000168802	Ripples						0.04400000000168802	20848.0256	22.27188239599073	160.22272951698147	1907.1375559526941	
20849.632	0.04959999999846332	Ripples						0.04959999999846332	20849.6552	23.947798129353657	161.73857017047771	1925.5397239558251	
20852.380800000003	0.06639999999970314	Ripples						0.06639999999970314	20852.404000000002	12.278874371826516	152.68651586216458	1323.592011699051	
20852.5504	0.04320000000006985	Ripples						0.04320000000006985	20852.5744	28.20216052317713	160.88666081626647	2212.5757801376285	
20856.749600000003	0.0687999999972817	Ripples						0.0687999999972817	20856.8008	13.621364833897603	151.40098362107338	1353.625166748102	
20857.810400000002	0.07999999999810825	Ripples						0.07999999999810825	20857.8512	11.185569092495733	153.62539080583187	1174.4958699417075	
20859.4464	0.03680000000167638	Ripples						0.03680000000167638	20859.474400000003	10.694334822166871	169.2533238692577	1190.2926535695315	
20861.4768	0.10000000000218279	Ripples						0.10000000000218279	20861.488800000003	10.733705982278115	171.55012542584402	1288.6990709590389	
20861.6856	0.028800000000046566	Ripples						0.028800000000046566	20861.693600000002	5.810497853899815	169.89198138910518	817.4733100272286	
20862.280000000002	0.053599999999278225	Ripples						0.053599999999278225	20862.3024	24.609688363885226	161.73083766314087	1930.0255452522983	
20864.2232	0.08320000000094296	Ripples						0.08320000000094296	20864.245600000002	12.275068107454572	149.91108302051194	1311.502760297596	
20864.578400000002	0.04160000000047148	Ripples						0.04160000000047148	20864.592	17.050954910338948	169.46307796879606	1597.5768528453862	
20867.238400000002	0.0319999999992433	Ripples						0.0319999999992433	20867.2504	8.99237073597421	154.61163647611383	1018.8516254687586	
20867.5168	0.10719999999855645	Ripples						0.10719999999855645	20867.5944	7.635464990537545	171.19393951004227	1073.0064624857969	
20872.8424	0.047200000000884756	Ripples						0.047200000000884756	20872.860800000002	9.385575240935907	178.55119865205774	940.0031063243172	
20878.0888	0.07760000000052969	Ripples						0.07760000000052969	20878.1104	16.42619595522304	167.47043735103404	1540.9646109283212	
20879.0504	0.04320000000006985	Ripples						0.04320000000006985	20879.08	19.1315770298105	158.14635423682265	1580.573671027959	
20880.6816	0.044799999999668216	Ripples						0.044799999999668216	20880.7016	31.015956119186356	164.6415069184604	2186.3511689766888	
20880.895200000003	0.04719999999724678	Ripples						0.04719999999724678	20880.918400000002	17.18152081744745	158.27795655189811	1635.6095176630004	
20881.100000000002	0.032799999997223495	Ripples						0.032799999997223495	20881.1224	8.401851439586654	153.48006289368203	927.1489880057719	
20881.804	0.05680000000211294	Ripples						0.05680000000211294	20881.8456	15.301731269282138	171.27617377557686	1397.003339783018	
20882.843200000003	0.0415999999968335	Ripples						0.0415999999968335	20882.8688	16.634454269167755	169.8339914811266	1682.22934260623	
20884.213600000003	0.044799999999668216	Ripples						0.044799999999668216	20884.231200000002	30.530708705913774	159.1099526731269	2197.4675993864184	
20888.180800000002	0.035199999998440035	Ripples						0.035199999998440035	20888.2016	17.30140214655358	154.9516933362129	1457.6959842527394	
20890.1744	0.044799999999668216	Ripples						0.044799999999668216	20890.204	25.586852921399096	163.63286747650054	2056.0028347737457	
20894.2144	0.06000000000130967	Ripples						0.06000000000130967	20894.2544	28.804706706583417	165.45123340247034	2241.8710187220363	
20894.5504	0.028000000002066372	Ripples						0.028000000002066372	20894.571200000002	9.552023622485445	160.22160116041974	998.592682570632	
20895.0664	0.031200000001263106	Ripples						0.031200000001263106	20895.08	10.988035402078124	164.06663229066984	1388.297118656186	
20895.722400000002	0.04079999999885331	Ripples						0.04079999999885331	20895.756	13.633476687685592	164.49902417203862	1301.604043122339	
20896.5392	0.035200000002078013	Ripples						0.035200000002078013	20896.5528	6.911541272146827	156.13616456573348	962.6355649753481	
20896.7144	0.04799999999886495	Ripples						0.04799999999886495	20896.732	15.991116799451705	157.65056187700452	1429.69559885491	
20896.8224	0.03600000000005821	Ripples						0.03600000000005821	20896.839200000002	11.87157466519888	160.49840206417358	1435.1846603883218	
20899.0008	0.028800000000046566	Ripples						0.028800000000046566	20899.0152	10.441164489265539	152.83737255627477	1081.642115767653	
20899.0704	0.0544000000008964	Ripples						0.0544000000008964	20899.0936	18.57682469380643	159.41578446666128	1867.6765202870054	
20901.2376	0.02080000000205473	Ripples						0.02080000000205473	20901.245600000002	7.049482973429394	161.3434526940234	1030.2963427311977	
20901.357600000003	0.055999999996856786	Ripples						0.055999999996856786	20901.400800000003	5.254760670442146	156.6991953082977	943.087679928711	
20903.7824	0.03440000000045984	Ripples						0.03440000000045984	20903.8064	11.20143644145028	158.2406995694998	1224.80807303347	
20903.902400000003	0.0639999999984866	Ripples						0.0639999999984866	20903.920000000002	12.273724488048927	154.45810248108168	1170.9814787056164	
20905.1032	0.048800000000483124	Ripples						0.048800000000483124	20905.1168	20.086742186252557	156.25625057101834	1600.899579036936	
20905.2176	0.048800000000483124	Ripples						0.048800000000483124	20905.2392	12.007346695220654	152.4861532725451	1358.2131080058575	
20905.287200000002	0.06959999999889988	Ripples						0.06959999999889988	20905.34	16.82168732129133	165.7896090229085	1584.0152703995393	
20962.902400000003	0.02079999999841675	Ripples						0.02079999999841675	20962.912800000002	5.07354969964893	162.30704631035042	902.3074522108504	
20966.0944	0.042399999998451676	Ripples						0.042399999998451676	20966.1296	6.670784850095866	158.47326579016055	870.9944599813482	
20983.968800000002	0.035199999998440035	Ripples						0.035199999998440035	20983.9928	7.768684111415556	166.0737655625364	1057.1632577909133	
20987.019200000002	0.032799999997223495	Ripples						0.032799999997223495	20987.036	9.725995854013057	159.70014222837284	1181.189118876266	
20988.2408	0.031200000001263106	Ripples						0.031200000001263106	20988.256800000003	10.01545986660796	174.43971937031392	1173.7369528540166	
20989.5416	0.028800000000046566	Ripples						0.028800000000046566	20989.552	9.389836047470578	160.38296474815547	1057.2659965585797	
20992.8744	0.07040000000051805	Ripples						0.07040000000051805	20992.892	17.949117500341348	155.25776414310076	1553.0279873018726	
21007.5672	0.04160000000047148	Ripples						0.04160000000047148	21007.6008	7.221476356906847	165.91810972826832	927.4454966577787	
21057.9824	0.05040000000008149	Ripples						0.05040000000008149	21058.0224	13.759715494197435	164.14916671169166	1276.7694334616576	
21060.9032	0.04079999999885331	Ripples						0.04079999999885331	21060.9176	7.515804789936725	165.06941352263465	987.188215693336	
21063.7288	0.024000000001251465	Ripples						0.024000000001251465	21063.7392	9.422715512901059	159.64649085756443	1232.4257716194522	
21064.474400000003	0.03919999999925494	Ripples						0.03919999999925494	21064.497600000002	18.789481276915343	164.52478190757566	1759.5565738460173	
21064.657600000002	0.04079999999885331	Ripples						0.04079999999885331	21064.684800000003	18.219289966080737	161.61464811079642	1667.2666746609223	
21066.7432	0.07600000000093132	Ripples						0.07600000000093132	21066.764000000003	11.003662139360738	158.45276114765423	1251.726174435345	
21086.1232	0.05040000000008149	Ripples						0.05040000000008149	21086.137600000002	16.121098054935203	158.50869554795483	1542.9859847064954	
21123.1392	0.021600000000034925	Ripples						0.021600000000034925	21123.148	9.471771481576619	168.92560224786882	1095.6276516320866	
21133.572	0.040000000000873115	Ripples						0.040000000000873115	21133.5864	5.91893709883824	153.0063537805371	769.2343210739143	
21138.7632	0.05519999999887659	Ripples						0.05519999999887659	21138.808	12.11050414077553	164.2818629197709	1317.3482652808489	
21139.2992	0.027999999998428393	Ripples						0.027999999998428393	21139.314400000003	10.688123803038879	169.32947499585626	1253.7907069472096	
21145.708000000002	0.02079999999841675	Ripples						0.02079999999841675	21145.7216	6.23406107201343	161.11970618814183	911.9940367211584	
21146.3832	0.024000000001251465	Ripples						0.024000000001251465	21146.396800000002	5.839498722952544	167.29076802478411	956.8787948874638	
21150.091200000003	0.058399999998073326	Ripples						0.058399999998073326	21150.1048	11.122551606646246	167.63128770231458	1196.3941503329454	
21165.019200000002	0.02479999999923166	Ripples						0.02479999999923166	21165.0304	8.745265621560046	161.58030595197792	1181.690320971227	
21165.1048	0.0272000000004482	Ripples						0.0272000000004482	21165.116	7.087760749253235	164.11564312252773	1033.746753783051	
21169.179200000002	0.03600000000005821	Ripples						0.03600000000005821	21169.1904	11.896150236658746	155.5060970287429	1203.1858499902264	
21169.468800000002	0.02479999999923166	Ripples						0.02479999999923166	21169.4768	11.310650811798034	163.2433758639421	1153.764485654239	
21169.634400000003	0.0319999999992433	Ripples						0.0319999999992433	21169.6616	5.169282818077258	159.7440633956436	767.1382250703399	
21176.193600000002	0.02479999999923166	Ripples						0.02479999999923166	21176.2072	7.067437935350173	163.27600269150093	1084.463835800745	
21205.916800000003	0.04320000000006985	Ripples						0.04320000000006985	21205.9368	11.883112001723527	165.54616643564646	1373.7274144051798	
21208.520800000002	0.03600000000005821	Ripples						0.03600000000005821	21208.54	12.40744649718536	165.4832817768837	1431.1258207466774	
21209.4176	0.0272000000004482	Ripples						0.0272000000004482	21209.4304	17.471663606647915	171.14849494231964	1498.4480242741206	
21210.0728	0.06480000000010477	Ripples						0.06480000000010477	21210.120000000003	20.589974465161127	154.3823130237414	1642.5812012085723	
21211.4648	0.0319999999992433	Ripples						0.0319999999992433	21211.4792	16.01184097693014	159.59116380628416	1504.9498807901618	
21212.192000000003	0.028800000000046566	Ripples						0.028800000000046566	21212.2072	5.356657921817528	148.77239576777725	698.7453889514217	
21216.3352	0.0319999999992433	Ripples						0.0319999999992433	21216.346400000002	7.952083911517265	159.23932494539105	1082.9733451843276	
21216.585600000002	0.02079999999841675	Ripples						0.02079999999841675	21216.5968	6.860151777088537	164.37949957027402	1007.313604433404	
21217.0112	0.026399999998830026	Ripples						0.026399999998830026	21217.026400000002	8.512568202804896	155.70052730742117	1061.0193633924991	
21218.2976	0.046399999999266583	Ripples						0.046399999999266583	21218.3152	19.53414061940356	161.5690983215452	1752.3029003799877	
21220.873600000003	0.05679999999847496	Ripples						0.05679999999847496	21220.898400000002	15.559146866320802	174.1277388418025	1536.7397569398174	
21221.0328	0.03680000000167638	Ripples						0.03680000000167638	21221.056800000002	12.431868628763041	169.88131403609626	1291.2627253137846	
21221.706400000003	0.02079999999841675	Ripples						0.02079999999841675	21221.72	9.047521141716569	164.92001239669958	1079.4449545540565	
21224.728000000003	0.031199999997625127	Ripples						0.031199999997625127	21224.7416	11.020795867991932	157.26101432272756	1181.2425768296655	
21224.8656	0.03840000000127475	Ripples						0.03840000000127475	21224.8832	20.227745199774112	167.0210381765723	1804.571427982072	
21227.121600000002	0.027999999998428393	Ripples						0.027999999998428393	21227.136000000002	5.545805661254425	153.4044994820974	885.1060311587506	
21227.517600000003	0.044799999999668216	Ripples						0.044799999999668216	21227.5544	15.45408643784493	158.1863004034566	1296.2736034199663	
21227.9032	0.030399999999644933	Ripples						0.030399999999644933	21227.916800000003	8.692538285687029	157.6896620425079	1187.305448684042	
21230.252800000002	0.023199999999633292	Ripples						0.023199999999633292	21230.265600000002	9.836348395683933	171.11763200881148	1102.479906404499	
21231.8112	0.07760000000052969	Ripples						0.07760000000052969	21231.866400000003	22.395181976884615	163.6274054007215	1960.9115803897123	
21232.778400000003	0.042399999998451676	Ripples						0.042399999998451676	21232.808	19.22353968649014	158.60107837734066	1649.3333331803324	
21234.663200000003	0.023999999997613486	Ripples						0.023999999997613486	21234.673600000002	9.41952899892492	167.8209066213249	1156.0428004023738	
21235.228000000003	0.05199999999967986	Ripples						0.05199999999967986	21235.249600000003	8.658269901699647	155.4264381753236	1073.5461018429373	
21235.804	0.03200000000288128	Ripples						0.03200000000288128	21235.816000000003	8.346375675519917	157.62544818220843	1150.4641971973617	
21263.8496	0.06560000000172295	Ripples						0.06560000000172295	21263.8696	26.57364184979167	160.6138675374683	2078.3932953184117	
21273.564000000002	0.07119999999849824	Ripples						0.07119999999849824	21273.6136	15.632292623127759	150.88387397227504	1240.2806645344508	
21283.0008	0.05760000000009313	Ripples						0.05760000000009313	21283.0416	13.218611203444528	164.05192470490644	1431.1190130425935	
21284.776	0.06959999999889988	Ripples						0.06959999999889988	21284.8184	17.605409106009134	150.8516277124373	1666.5971856902393	
21286.1816	0.03440000000045984	Ripples						0.03440000000045984	21286.1976	13.47898869033028	172.36769446993065	1320.2878003027504	
21287.373600000003	0.06799999999930151	Ripples						0.06799999999930151	21287.3928	14.79456880098259	167.58538736376144	1467.9849133707705	
21289.412800000002	0.031199999997625127	Ripples						0.031199999997625127	21289.424000000003	13.791022766683112	165.6880599852411	1355.7209890690283	
21290.0744	0.02959999999802676	Ripples						0.02959999999802676	21290.0904	23.00486795143715	167.5423032924386	1808.8023658562774	
21290.196	0.03280000000086147	Ripples						0.03280000000086147	21290.209600000002	17.13837241253047	167.31790683729886	1564.688636980766	
21292.130400000002	0.027999999998428393	Ripples						0.027999999998428393	21292.143200000002	9.082647924147045	178.36956757653172	961.150311172511	
21292.2192	0.035200000002078013	Ripples						0.035200000002078013	21292.2336	15.283826193026105	158.4081448030175	1559.93394750876	
21293.3872	0.03840000000127475	Ripples						0.03840000000127475	21293.3976	9.326810334472526	174.23981515998088	917.9175883646176	
21293.992000000002	0.05279999999766005	Ripples						0.05279999999766005	21294.0056	12.086487778818586	170.3065433375353	1355.4823161007237	
21303.5888	0.06559999999808497	Ripples						0.06559999999808497	21303.605600000003	21.495665581109282	165.2000861027642	1816.0658464919682	
21308.650400000002	0.08799999999973807	Ripples						0.08799999999973807	21308.7248	7.985851727753482	161.1162592243859	1090.5769723287253	
21316.492000000002	0.05279999999766005	Ripples						0.05279999999766005	21316.516	6.055978749003464	163.74487857621548	963.0607697469895	
21374.0952	0.02080000000205473	Ripples						0.02080000000205473	21374.105600000003	7.54509706027568	164.5348763756371	999.3752581693218	
21377.0184	0.028800000000046566	Ripples						0.028800000000046566	21377.0328	5.317983097078317	158.95973370894245	920.735557421454	
21380.375200000002	0.02959999999802676	Ripples						0.02959999999802676	21380.391200000002	7.540989453152176	164.86582445594607	1128.0713328563115	
21380.5664	0.033600000002479646	Ripples						0.033600000002479646	21380.58	12.846330395761347	161.2937374213141	1373.6404808801444	
21381.8904	0.03920000000289292	Ripples						0.03920000000289292	21381.9072	6.712395030815673	170.14565849666923	1089.3008255495804	
21382.9504	0.024000000001251465	Ripples						0.024000000001251465	21382.9648	10.8540398735312	164.70394133716653	1239.8130117009073	
21387.6312	0.024800000002869638	Ripples						0.024800000002869638	21387.6424	7.86796916876955	158.4692500197989	992.2304032054999	
21388.630400000002	0.03440000000045984	Ripples						0.03440000000045984	21388.6552	16.880034168746562	158.1383423370181	1383.3946802793073	
21388.756800000003	0.027999999998428393	Ripples						0.027999999998428393	21388.772800000002	18.17320929399363	171.88672828056275	1493.3725588950476	
21389.3328	0.03840000000127475	Ripples						0.03840000000127475	21389.346400000002	13.310439459642627	173.86055253141902	1334.8486996730553	
21390.58	0.0319999999992433	Ripples						0.0319999999992433	21390.5992	12.95815354382013	169.3554391250496	1433.0479549373522	
21399.5168	0.04399999999805004	Ripples						0.04399999999805004	21399.5528	7.595752411802783	158.08198956269084	985.6569156530056	
21425.5432	0.040000000000873115	Ripples						0.040000000000873115	21425.5584	15.771415658038704	161.6220556393338	1215.6817731607296	
21431.3064	0.035199999998440035	Ripples						0.035199999998440035	21431.324	10.46808066895806	160.13213909409612	1328.695759388506	
21433.652000000002	0.021600000000034925	Ripples						0.021600000000034925	21433.66	8.376013902323214	167.33668763012997	1004.1918730048156	
21436.2808	0.09760000000096625	Ripples						0.09760000000096625	21436.296000000002	13.030634776751574	159.37607955106324	1507.5658245367201	
21438.017600000003	0.04559999999764841	Ripples						0.04559999999764841	21438.032000000003	17.82590633261599	155.52312062615562	1623.4581858507565	
21438.2048	0.035200000002078013	Ripples						0.035200000002078013	21438.229600000002	9.838357590382536	170.86859097854608	1216.519021077229	
21438.3784	0.035199999998440035	Ripples						0.035199999998440035	21438.3944	17.94431843703464	167.5720949633499	1774.4043069319218	
21455.4792	0.051199999998061685	Ripples						0.051199999998061685	21455.510400000003	16.775057997187726	160.61457197525215	1698.3887485849393	
21455.8776	0.04160000000047148	Ripples						0.04160000000047148	21455.8976	23.436012504735874	167.99639082011325	1967.3893071392497	
21458.0808	0.033600000002479646	Ripples						0.033600000002479646	21458.105600000003	5.861752276028377	173.01460773761988	936.605354839147	
21458.922400000003	0.05679999999847496	Ripples						0.05679999999847496	21458.9656	9.255966393774093	168.06966119842792	1246.0677782914408	
21461.376800000002	0.0319999999992433	Ripples						0.0319999999992433	21461.388000000003	16.39178360945923	172.29805485574585	1472.8511662738565	
21461.540800000002	0.042399999998451676	Ripples						0.042399999998451676	21461.5728	8.366166595750597	149.49183273168896	989.8980740739105	
21463.120000000003	0.031199999997625127	Ripples						0.031199999997625127	21463.1392	13.76560649950461	172.61258077075436	1351.722886831109	
21463.288800000002	0.04799999999886495	Ripples						0.04799999999886495	21463.3024	12.671899806368236	168.91353455091806	1269.0336768425123	
21464.467200000003	0.044799999999668216	Ripples						0.044799999999668216	21464.499200000002	12.623558313609099	171.59825135673924	1300.5378030006354	
21464.5488	0.028000000002066372	Ripples						0.028000000002066372	21464.5608	5.526375993231057	161.75544220614304	1021.9525518386911	
21464.882400000002	0.04320000000006985	Ripples						0.04320000000006985	21464.915200000003	5.571203304595893	166.09929577651982	916.5167869438842	
21465.0816	0.042399999998451676	Ripples						0.042399999998451676	21465.105600000003	23.84140859703634	158.86325062452468	1947.3586822020081	
21482.0232	0.031200000001263106	Ripples						0.031200000001263106	21482.04	8.605183359979064	164.95668427839556	1275.2557455132667	
21485.092800000002	0.023199999999633292	Ripples						0.023199999999633292	21485.1064	8.743650116119204	168.97241677353034	1124.8610779149585	
21489.997600000002	0.0272000000004482	Ripples						0.0272000000004482	21490.0112	7.146277916588739	167.4634126168169	1135.643780478168	
21490.996000000003	0.02239999999801512	Ripples						0.02239999999801512	21491.0072	11.813621822949955	163.9507862462506	1280.172054743752	
21491.592800000002	0.04320000000006985	Ripples						0.04320000000006985	21491.620000000003	14.004337160987623	180.32000606160693	1235.2658692948728	
21494.229600000002	0.032799999997223495	Ripples						0.032799999997223495	21494.2432	25.821598991364514	165.421126023559	1964.3331259479492	
21498.774400000002	0.059999999997671694	Ripples						0.059999999997671694	21498.785600000003	15.037814149840555	160.2312079706065	1397.8839961623771	
21502.1208	0.037599999999656575	Ripples						0.037599999999656575	21502.1456	7.71266324434141	167.40128242676576	1163.47971031102	
21504.0312	0.05040000000008149	Ripples						0.05040000000008149	21504.0584	18.644464026817534	160.797405528661	1732.6838744486236	
21511.520800000002	0.035199999998440035	Ripples						0.035199999998440035	21511.5344	22.70598252686298	174.34962401318597	1690.6178692456756	
21512.823200000003	0.07040000000051805	Ripples						0.07040000000051805	21512.8472	12.638427745408427	159.16937738997572	1470.6642982478522	
21529.22	0.03600000000005821	Ripples						0.03600000000005821	21529.236800000002	8.33503611328985	168.00352412921254	1208.229670393968	
21532.195200000002	0.025600000000849832	Ripples						0.025600000000849832	21532.2088	9.408931343813242	171.34513525924902	1188.0288120734358	
21543.3416	0.07840000000214786	Ripples						0.07840000000214786	21543.3704	17.984778903321487	151.4811112400958	1652.9356331896977	
21543.8496	0.04959999999846332	Ripples						0.04959999999846332	21543.879200000003	15.522117867247658	158.334124035546	1636.5975875878923	
21544.5664	0.033600000002479646	Ripples						0.033600000002479646	21544.5776	18.980440337871272	163.15358696450562	1608.8710743658921	
21545.0792	0.056000000000494765	Ripples						0.056000000000494765	21545.121600000002	12.256156818413755	150.62908627549484	1258.7254549854802	
21545.242400000003	0.0415999999968335	Ripples						0.0415999999968335	21545.2648	22.980254825262573	168.1358638617379	1920.839597450735	
21546.150400000002	0.07920000000012806	Ripples						0.07920000000012806	21546.1712	17.568043427266133	169.51703913115966	1556.3349431480522	
21546.360800000002	0.05040000000008149	Ripples						0.05040000000008149	21546.379200000003	21.779716057343645	160.76706506135628	1931.6652082522833	
21549.02	0.023199999999633292	Ripples						0.023199999999633292	21549.033600000002	9.596091432369874	169.56252185486926	1053.216912336748	
21549.696	0.02080000000205473	Ripples						0.02080000000205473	21549.709600000002	5.85680388611443	167.27260347755177	947.99133280916	
21549.9	0.023199999999633292	Ripples						0.023199999999633292	21549.912800000002	6.8705031272257076	162.94722165072625	1026.5304473707045	
21554.0896	0.035200000002078013	Ripples						0.035200000002078013	21554.1064	9.761028915460608	156.11647404057226	1165.6401808343765	
21555.708000000002	0.05679999999847496	Ripples						0.05679999999847496	21555.732	7.806942203637372	153.3726048818334	1012.6711401380286	
21556.0544	0.12480000000141445	Ripples						0.12480000000141445	21556.164800000002	14.346539421902921	153.2096956808931	1438.1921855009746	
21583.441600000002	0.027999999998428393	Ripples						0.027999999998428393	21583.4504	5.5790765562967355	161.99677593134982	642.7454406171105	
21583.5144	0.04080000000249129	Ripples						0.04080000000249129	21583.539200000003	9.434089208678458	153.10911417907556	1194.7760956055329	
21583.6912	0.021600000000034925	Ripples						0.021600000000034925	21583.699200000003	5.918379754914023	164.532680416269	932.063088994312	
21585.0	112.0	SleepStates											Non-REM
21585.544	0.0367999999980384	Ripples						0.0367999999980384	21585.5736	8.052160060895975	165.3332488506476	1040.7721939096882	
21585.9936	0.09200000000055297	Ripples						0.09200000000055297	21586.0656	17.222581360231498	162.05168942742404	1351.223540317268	
21587.3832	0.026400000002468005	Ripples						0.026400000002468005	21587.395200000003	14.67870766231021	156.7701811745948	1287.855698895956	
21587.555200000003	0.03359999999884167	Ripples						0.03359999999884167	21587.5656	7.089420361285393	157.51880021613144	1033.436261696628	
21587.679200000002	0.04079999999885331	Ripples						0.04079999999885331	21587.706400000003	10.695042848574476	156.97619482864764	1201.6924450701706	
21588.650400000002	0.035199999998440035	Ripples						0.035199999998440035	21588.664800000002	11.927745976464694	160.43147866019868	1345.0551627496716	
21588.836000000003	0.0415999999968335	Ripples						0.0415999999968335	21588.86	13.199119724422767	152.33931124762967	1293.2389302698539	
21589.130400000002	0.03600000000005821	Ripples						0.03600000000005821	21589.152000000002	6.814933347666658	149.00142981802972	852.8726157279086	
21589.823200000003	0.028800000000046566	Ripples						0.028800000000046566	21589.8424	12.360012642172126	175.16424558920625	1145.6965515815934	
21590.4584	0.022400000001653098	Ripples						0.022400000001653098	21590.4696	14.141871646030811	164.370873640394	1290.816684295508	
21594.724000000002	0.03600000000005821	Ripples						0.03600000000005821	21594.738400000002	11.042500751664818	167.55669257709172	1034.5991249092808	
21595.308	0.042400000002089655	Ripples						0.042400000002089655	21595.3184	6.459325379190021	153.68558777637904	916.0565773543397	
21595.456000000002	0.04160000000047148	Ripples						0.04160000000047148	21595.490400000002	5.848545336486762	164.15927637411008	930.7400922050487	
21596.3832	0.04400000000168802	Ripples						0.04400000000168802	21596.415200000003	6.3722144820016124	149.51516291034696	871.2890580721695	
21596.472	0.03280000000086147	Ripples						0.03280000000086147	21596.490400000002	5.77976216099937	151.34992803727155	900.0085451285198	
21599.3584	0.10320000000137952	Ripples						0.10320000000137952	21599.409600000003	16.273380271584752	168.47161479424162	1559.9790016083944	
21599.632	0.0367999999980384	Ripples						0.0367999999980384	21599.6528	13.395293680306679	155.42171425154703	1448.3580796314097	
21601.1368	0.03680000000167638	Ripples						0.03680000000167638	21601.1528	11.86669986639367	182.54749186664415	1037.305119289092	
21601.4648	0.053599999999278225	Ripples						0.053599999999278225	21601.4752	5.820007398347287	156.39501250435046	802.7801829396044	
21607.3264	0.03840000000127475	Ripples						0.03840000000127475	21607.3408	12.822768112539444	161.52320391257206	1353.7118352046652	
21608.32	0.040000000000873115	Ripples						0.040000000000873115	21608.3312	7.8664226355979885	164.39773971452772	1115.3173852001478	
21611.440000000002	0.027999999998428393	Ripples						0.027999999998428393	21611.4504	5.795553232066251	156.9900378981225	882.6866301051501	
21611.9424	0.09200000000055297	Ripples						0.09200000000055297	21612.0152	6.94179761406818	149.4736911529649	804.6587354855983	
21613.3976	0.04320000000006985	Ripples						0.04320000000006985	21613.408000000003	11.466629470523431	164.05862928580905	1023.5755327015295	
21613.524	0.04799999999886495	Ripples						0.04799999999886495	21613.5376	22.778734203617343	165.03260491242287	1756.7953093111694	
21615.032000000003	0.023199999999633292	Ripples						0.023199999999633292	21615.048000000003	5.709798344144504	160.39500985656028	900.1784150079224	
21616.3312	0.020000000000436557	Ripples						0.020000000000436557	21616.3384	10.198023249260508	164.6510670270645	1052.5301145733858	
21617.5024	0.0632000000005064	Ripples						0.0632000000005064	21617.552	14.312473295570996	164.16058852322428	1462.2728879502963	
21618.504800000002	0.062399999998888234	Ripples						0.062399999998888234	21618.5536	10.021092882131587	163.3425588660761	1355.1290754625484	
21621.4808	0.044799999999668216	Ripples						0.044799999999668216	21621.5	29.390623073704074	162.15597098373365	2142.8764886716476	
21624.436	0.05679999999847496	Ripples						0.05679999999847496	21624.448	7.557769382197926	160.05765883354562	1179.6952036732146	
21624.548000000003	0.04719999999724678	Ripples						0.04719999999724678	21624.584000000003	6.1189264678484445	150.086585381385	896.0289034133928	
21627.092800000002	0.027999999998428393	Ripples						0.027999999998428393	21627.107200000002	10.095163495452033	160.8431291088962	1107.5110526621163	
21627.6408	0.03840000000127475	Ripples						0.03840000000127475	21627.6688	25.846918792182187	161.94767726179356	1795.9427271628392	
21627.7	0.030399999999644933	Ripples						0.030399999999644933	21627.7112	5.6882791838664435	157.39439606197234	838.9679858127854	
21628.2992	0.022400000001653098	Ripples						0.022400000001653098	21628.304	6.106513168363547	157.77133971852714	801.4389835854222	
21628.704	0.04799999999886495	Ripples						0.04799999999886495	21628.731200000002	15.724287092759809	156.98626372596607	1498.424192905994	
21633.1968	0.05040000000008149	Ripples						0.05040000000008149	21633.2392	9.993539178893306	156.58127189502184	1110.2093907811334	
21634.0312	0.12159999999857973	Ripples						0.12159999999857973	21634.0752	19.3667360891899	160.61325833239215	1760.4896553600572	
21636.324	0.028000000002066372	Ripples						0.028000000002066372	21636.337600000003	12.863587416236859	163.416023423156	1429.2313471364002	
21636.843200000003	0.06559999999808497	Ripples						0.06559999999808497	21636.891200000002	12.506810803639285	158.45512829407423	1328.5982648029603	
21643.396	0.021600000000034925	Ripples						0.021600000000034925	21643.404000000002	11.963395136934887	162.1930727164934	1231.5291107018154	
21644.1424	0.08959999999933643	Ripples						0.08959999999933643	21644.1816	11.750640551306866	151.26024511154296	1021.8541952197857	
21644.513600000002	0.05519999999887659	Ripples						0.05519999999887659	21644.5432	22.795749248263782	166.75356948973314	1932.596161270244	
21644.6336	0.027999999998428393	Ripples						0.027999999998428393	21644.648	10.686598127739572	157.0587785434882	1259.3605335623304	
21644.7216	0.02479999999923166	Ripples						0.02479999999923166	21644.736	6.014784259881209	153.47082738923024	847.2615763341784	
21647.983200000002	0.08959999999933643	Ripples						0.08959999999933643	21648.056800000002	11.71124604507043	167.36041357290014	1387.6298291239316	
21648.2792	0.04400000000168802	Ripples						0.04400000000168802	21648.2992	25.83047084307572	160.1590263032174	1984.591757336911	
21649.996000000003	0.04719999999724678	Ripples						0.04719999999724678	21650.02	27.32262030502215	161.13327429670537	2198.4642862400196	
21650.3656	0.062399999998888234	Ripples						0.062399999998888234	21650.4144	23.488787705305114	158.45301647373887	1868.4474103562093	
21650.535200000002	0.03839999999763677	Ripples						0.03839999999763677	21650.546400000003	9.423991865255847	151.60663560737007	1114.584099374456	
21650.844	0.05040000000008149	Ripples						0.05040000000008149	21650.856	26.14355599387654	164.56577230259373	1987.809619628761	
21653.801600000003	0.027999999998428393	Ripples						0.027999999998428393	21653.8192	12.960833529699833	163.63502414545812	1363.4099115084377	
21653.9928	0.035200000002078013	Ripples						0.035200000002078013	21654.0152	15.941689450717734	171.38378519714425	1593.4416924577924	
21655.323200000003	0.06639999999970314	Ripples						0.06639999999970314	21655.3424	18.065832675708	169.53182044443648	1682.1625486845687	
21657.3456	0.0864000000001397	Ripples						0.0864000000001397	21657.36	13.526978028499148	159.44556130528954	1292.611898740203	
21659.402400000003	0.02479999999923166	Ripples						0.02479999999923166	21659.412800000002	5.7492209209306395	174.38853111699336	679.0204290807213	
21661.981600000003	0.032799999997223495	Ripples						0.032799999997223495	21662.0	6.118460659760271	146.83697354317013	823.6907458240107	
21662.436	0.031200000001263106	Ripples						0.031200000001263106	21662.4568	8.37251579132619	154.6880795986548	958.5193550529198	
21662.5976	0.06079999999928987	Ripples						0.06079999999928987	21662.6208	16.62145527740654	163.39651224910335	1711.005766461581	
21667.010400000003	0.08159999999770662	Ripples						0.08159999999770662	21667.036	7.999235611243115	154.22508489677722	1040.7925161147489	
21667.843200000003	0.0367999999980384	Ripples						0.0367999999980384	21667.8632	14.635202408768102	163.40275916959322	1550.1304970280917	
21669.424000000003	0.03439999999682186	Ripples						0.03439999999682186	21669.4448	16.775217974860134	169.39288582961805	1586.8375239660768	
21669.6824	0.027999999998428393	Ripples						0.027999999998428393	21669.6928	18.791109908663593	169.35894908243236	1566.71362781698	
21671.2976	0.0319999999992433	Ripples						0.0319999999992433	21671.3128	19.121460886613463	157.29421995279665	1674.796447234625	
21673.396800000002	0.025600000000849832	Ripples						0.025600000000849832	21673.412	7.113507774217346	155.56011525926843	854.0063288723421	
21674.648	0.09760000000096625	Ripples						0.09760000000096625	21674.7288	15.0700859695301	157.5525446587441	1543.6405754913458	
21677.912	0.07359999999971478	Ripples						0.07359999999971478	21677.941600000002	19.653666493000358	169.25981462492697	1582.6533928054341	
21678.0736	0.0544000000008964	Ripples						0.0544000000008964	21678.108	15.63758864382036	163.16062466830166	1677.3303587631299	
21678.9288	0.04399999999805004	Ripples						0.04399999999805004	21678.9448	17.947156972120094	169.33663015057178	1677.0817741637265	
21679.0792	0.04080000000249129	Ripples						0.04080000000249129	21679.105600000003	19.514512428665178	170.86812592167573	1734.2196037086046	
21680.4336	0.025600000000849832	Ripples						0.025600000000849832	21680.447200000002	8.04637289735826	155.22868582087727	904.7451254418481	
21681.6104	0.051199999998061685	Ripples						0.051199999998061685	21681.627200000003	20.02495361492912	177.17493221938645	1577.272870313334	
21681.736800000002	0.03440000000045984	Ripples						0.03440000000045984	21681.7536	27.284050086750973	161.3566317104422	2015.231476240506	
21682.209600000002	0.04399999999805004	Ripples						0.04399999999805004	21682.2328	60.48585298357847	158.60356521730213	2673.453067015226	
21684.105600000003	0.05760000000009313	Ripples						0.05760000000009313	21684.1352	17.53441460042392	166.40579087731024	1718.4875949205941	
21684.284	0.04080000000249129	Ripples						0.04080000000249129	21684.2952	12.768093438243135	162.28604436689767	1413.4751831821743	
21686.091200000003	0.06799999999930151	Ripples						0.06799999999930151	21686.1232	11.733324398891387	150.03858099598165	1271.8976884101542	
21689.616	0.031199999997625127	Ripples						0.031199999997625127	21689.6336	19.748187747070464	162.4102717680083	1736.3573429384962	
21689.6824	0.048800000000483124	Ripples						0.048800000000483124	21689.7112	11.000447698637025	160.39619750230364	1334.1162300253611	
21690.2904	0.023199999999633292	Ripples						0.023199999999633292	21690.3024	10.570592494066453	159.040007705409	1151.777331527827	
21692.68	0.03280000000086147	Ripples						0.03280000000086147	21692.6968	18.311660860297703	171.6995773176788	1587.8192718633184	
21692.7904	0.05760000000009313	Ripples						0.05760000000009313	21692.8344	19.080163896070747	162.6075872281657	1621.231609616415	
21692.9728	0.04160000000047148	Ripples						0.04160000000047148	21692.990400000002	19.808062677991273	157.0376802419539	1786.1239544592222	
21693.438400000003	0.032799999997223495	Ripples						0.032799999997223495	21693.4608	5.04405672387403	151.44856444942408	640.2251183965928	
21698.0	23.0	SleepStates											Awake
21698.0088	0.022400000001653098	Ripples						0.022400000001653098	21698.019200000002	6.960007442736796	184.5701383389019	726.2884198965656	
21698.116	0.037599999999656575	Ripples						0.037599999999656575	21698.1408	42.629884050465336	170.90044775928178	2357.2849836514292	
21700.195200000002	0.0367999999980384	Ripples						0.0367999999980384	21700.213600000003	7.81615963991679	151.4210851053199	988.0508183840908	
21702.2272	0.056000000000494765	Ripples						0.056000000000494765	21702.267200000002	10.18702798017039	171.63579479757092	1271.7052062268108	
21703.4792	0.03600000000005821	Ripples						0.03600000000005821	21703.490400000002	10.940936305844692	168.04736896722636	1079.4394302079995	
21704.144	0.06240000000252621	Ripples						0.06240000000252621	21704.157600000002	17.768133072164595	167.65924843204934	1382.2210989585694	
21704.3152	0.026399999998830026	Ripples						0.026399999998830026	21704.3296	11.085091580173438	164.7811533797746	1298.7048499592302	
21706.2128	0.056000000000494765	Ripples						0.056000000000494765	21706.2464	31.94837505653249	159.09267783289675	2375.500179162282	
21708.235200000003	0.09999999999854481	Ripples						0.09999999999854481	21708.2552	13.011375928780152	157.7707709061441	1580.1281691192098	
21722.0	63.0	SleepStates											Non-REM
21731.7216	0.03280000000086147	Ripples						0.03280000000086147	21731.7408	16.676621831286294	164.53439982295387	1633.8354021232765	
21732.532000000003	0.031199999997625127	Ripples						0.031199999997625127	21732.555200000003	13.251887366471786	160.6208774523124	1242.7687634952572	
21736.5152	0.0591999999996915	Ripples						0.0591999999996915	21736.5456	21.903376088923157	154.73596172321794	1814.3389978832006	
21740.1608	0.03280000000086147	Ripples						0.03280000000086147	21740.1784	14.470041334488199	164.817194930669	1504.3032736959665	
21741.648800000003	0.04320000000006985	Ripples						0.04320000000006985	21741.6752	27.95384729726227	164.76157587697233	2159.9815997630026	
21742.1608	0.047200000000884756	Ripples						0.047200000000884756	21742.1832	13.048099924774894	149.00121191960258	1237.500541385366	
21742.7056	0.044799999999668216	Ripples						0.044799999999668216	21742.7328	10.31544698381306	153.2952709267877	1311.2367107832056	
21743.729600000002	0.025599999997211853	Ripples						0.025599999997211853	21743.744000000002	12.187527977889793	159.71067433119842	1265.3036637123262	
21744.285600000003	0.032799999997223495	Ripples						0.032799999997223495	21744.308	9.635746890943302	167.58409559614716	1222.9475935472628	
21744.7616	0.05679999999847496	Ripples						0.05679999999847496	21744.801600000003	24.945848163568055	159.8580221720935	1856.0619981025309	
21745.096	0.05280000000129803	Ripples						0.05280000000129803	21745.134400000003	22.84034060634201	159.4551462528679	1935.9473208865697	
21747.287200000002	0.02959999999802676	Ripples						0.02959999999802676	21747.3008	6.9811446709520055	163.41159891584257	1054.6559275520508	
21749.637600000002	0.023999999997613486	Ripples						0.023999999997613486	21749.648800000003	10.13959279117517	167.85820733452599	1197.5436403717629	
21751.071200000002	0.03359999999884167	Ripples						0.03359999999884167	21751.088	11.370078863452088	167.70522399056694	1314.230584142562	
21751.644	0.0272000000004482	Ripples						0.0272000000004482	21751.6544	6.601711148660699	155.20227737649864	923.5387484351801	
21753.004	0.05519999999887659	Ripples						0.05519999999887659	21753.024800000003	12.721028073813264	154.79861364522608	1422.1113769793797	
21753.08	0.0367999999980384	Ripples						0.0367999999980384	21753.0968	16.80537765833711	161.8111227715221	1604.6341327724886	
21754.0864	0.03280000000086147	Ripples						0.03280000000086147	21754.1016	11.166973829894214	159.13688804744424	1248.127869422347	
21754.166400000002	0.040000000000873115	Ripples						0.040000000000873115	21754.18	9.25656310179146	156.87565408696895	1084.0577188580758	
21755.915200000003	0.03919999999925494	Ripples						0.03919999999925494	21755.925600000002	8.285364686488666	172.95236118506637	977.5805468652255	
21756.012000000002	0.04719999999724678	Ripples						0.04719999999724678	21756.0256	28.85605021146561	167.0310040585633	2004.5609164438763	
21756.6984	0.025600000000849832	Ripples						0.025600000000849832	21756.709600000002	8.467677423400579	160.2918548084422	1009.6312805335388	
21758.460000000003	0.06319999999686843	Ripples						0.06319999999686843	21758.5024	28.05397224117396	158.15737103945733	2109.436869297731	
21758.659200000002	0.058399999998073326	Ripples						0.058399999998073326	21758.6832	15.827301323438975	168.4532267908827	1603.2537498377567	
21759.0896	0.03840000000127475	Ripples						0.03840000000127475	21759.107200000002	25.852505469394426	156.6186989778187	1869.7585530477595	
21762.4144	0.0272000000004482	Ripples						0.0272000000004482	21762.4288	15.337970624861974	167.57025993255903	1479.2020832343349	
21762.585600000002	0.03440000000045984	Ripples						0.03440000000045984	21762.600000000002	17.076570257633325	161.01503220666984	1653.462174312263	
21762.9216	0.09839999999894644	Ripples						0.09839999999894644	21762.948	18.259800890765526	164.9259713997508	1754.8030543741183	
21763.0936	0.053599999999278225	Ripples						0.053599999999278225	21763.1224	18.51062800876643	168.11278010204595	1752.1002155583224	
21763.2448	0.04560000000128639	Ripples						0.04560000000128639	21763.256800000003	11.102919650297707	157.7684067234438	1311.6300932388915	
21765.376800000002	0.0272000000004482	Ripples						0.0272000000004482	21765.393600000003	11.469499225106608	167.15293101918553	1273.300064790263	
21765.490400000002	0.04559999999764841	Ripples						0.04559999999764841	21765.5096	10.689252027379752	173.15960730555102	1261.1008588526856	
21765.6168	0.053600000002916204	Ripples						0.053600000002916204	21765.6584	24.259073207792618	175.25479638975597	1587.546091096118	
21773.948800000002	0.07519999999931315	Ripples						0.07519999999931315	21773.972	18.2783977087491	157.38846077876545	1598.5785929613658	
21774.104	0.020000000000436557	Ripples						0.020000000000436557	21774.1112	6.801015883455168	161.71241297472943	880.6731839726781	
21775.4608	0.026399999998830026	Ripples						0.026399999998830026	21775.4768	19.343874488527344	167.72164097249714	1526.3467510423363	
21777.1944	0.03600000000005821	Ripples						0.03600000000005821	21777.2128	14.444704665958083	154.6140132759739	1434.7456156928667	
21777.3424	0.06639999999970314	Ripples						0.06639999999970314	21777.359200000003	18.59349473624582	157.8323041237308	1652.7399208658198	
21782.124	0.07760000000052969	Ripples						0.07760000000052969	21782.164800000002	21.588317237517717	161.83094818159336	1957.7557683368614	
21783.4728	0.04160000000047148	Ripples						0.04160000000047148	21783.484	12.868909096309851	163.13751385965278	1331.8450754928533	
21783.8064	0.02960000000166474	Ripples						0.02960000000166474	21783.823200000003	22.210801413163107	167.24888938929453	1790.440687306507	
21783.8888	0.05760000000009313	Ripples						0.05760000000009313	21783.9176	21.332353016705625	169.72356527440851	1845.6193103572577	
21784.409600000003	0.08399999999892316	Ripples						0.08399999999892316	21784.4808	11.048455552271376	164.83723081539813	1234.687572896484	
21786.0	17.0	SleepStates											Awake
21786.402400000003	0.026399999998830026	Ripples						0.026399999998830026	21786.4144	8.675681879369192	156.46324400488288	1083.0001166398072	
21804.0	433.0	SleepStates											Non-REM
21810.9464	0.0272000000004482	Ripples						0.0272000000004482	21810.9576	7.446953469571692	160.90749304522822	780.4607976591902	
21811.1168	0.031200000001263106	Ripples						0.031200000001263106	21811.1336	13.922553490982738	162.7913860954273	1531.1750412495574	
21814.5312	0.0367999999980384	Ripples						0.0367999999980384	21814.5544	19.600622212566098	162.51758673964275	1761.334935411739	
21815.468800000002	0.02479999999923166	Ripples						0.02479999999923166	21815.483200000002	7.563927133420436	155.96401097005432	886.4654512404798	
21815.627200000003	0.0415999999968335	Ripples						0.0415999999968335	21815.650400000002	23.383273328357454	164.34775912684734	2003.751830898889	
21816.3128	0.03920000000289292	Ripples						0.03920000000289292	21816.3352	17.20725731325229	157.56297078953514	1511.4669068657631	
21819.019200000002	0.0272000000004482	Ripples						0.0272000000004482	21819.035200000002	9.647848209079218	156.0137788573614	1052.499290166746	
21819.1688	0.04320000000006985	Ripples						0.04320000000006985	21819.1944	8.580855670681036	150.0051015060329	1102.1748082549682	
21821.003200000003	0.04719999999724678	Ripples						0.04719999999724678	21821.0168	21.484030989782937	171.44885058354376	1692.179696215555	
21821.1296	0.05040000000008149	Ripples						0.05040000000008149	21821.1728	7.3506090464071105	167.0264146541472	949.9785798708201	
21832.916800000003	0.05519999999887659	Ripples						0.05519999999887659	21832.9448	12.63903428934961	168.78960396219935	1389.3836928763524	
21833.539200000003	0.0367999999980384	Ripples						0.0367999999980384	21833.5504	14.016209949314407	169.92362437271188	1328.1629701042934	
21833.722400000002	0.04079999999885331	Ripples						0.04079999999885331	21833.731200000002	9.583366778353584	155.64114112156105	1131.7218894484504	
21835.8368	0.03440000000045984	Ripples						0.03440000000045984	21835.860800000002	7.692383926105134	162.03201892132137	1041.2340311595108	
21835.9648	0.047200000000884756	Ripples						0.047200000000884756	21835.984800000002	28.347282297044742	171.48460274519687	2097.5664119715398	
21836.3368	0.02080000000205473	Ripples						0.02080000000205473	21836.350400000003	5.517632205122074	157.45183680398858	827.0518106805793	
21836.427200000002	0.030399999999644933	Ripples						0.030399999999644933	21836.447200000002	32.57058417200877	167.35325506638125	1948.1488039074097	
21837.1544	0.060800000002927845	Ripples						0.060800000002927845	21837.184	11.010450237270351	163.81867737523433	1289.0867131821951	
21840.337600000003	0.023999999997613486	Ripples						0.023999999997613486	21840.3488	10.132899570812343	170.2688483401847	1224.1546352174955	
21841.6984	0.03280000000086147	Ripples						0.03280000000086147	21841.720800000003	11.628405729154112	158.05538324936154	1210.99706909461	
21841.792	0.02960000000166474	Ripples						0.02960000000166474	21841.808800000003	8.583852521207028	157.38914742879217	1160.1200175796291	
21842.1912	0.0544000000008964	Ripples						0.0544000000008964	21842.206400000003	12.915170451954253	156.8666727880796	1292.7091056650227	
21846.0944	0.1408000000010361	Ripples						0.1408000000010361	21846.1944	14.744690535065251	157.8199155139528	1557.7753140734496	
21846.3048	0.04399999999805004	Ripples						0.04399999999805004	21846.32	20.599003668967413	169.5650349934302	1720.302339781538	
21850.5952	0.08720000000175787	Ripples						0.08720000000175787	21850.6064	21.434275861078795	170.88381846131162	1584.731798229813	
21851.780000000002	0.12960000000020955	Ripples						0.12960000000020955	21851.832000000002	14.119335183825433	156.72644565754075	1619.5476857165597	
21852.062400000003	0.06480000000010477	Ripples						0.06480000000010477	21852.0776	15.8884024870327	152.3781334883735	1405.9728496528367	
21852.584000000003	0.03839999999763677	Ripples						0.03839999999763677	21852.6088	14.173178703676573	158.97935790931723	1476.1123361390516	
21852.7	0.03280000000086147	Ripples						0.03280000000086147	21852.7176	20.832307653169618	162.48032493213293	1788.4568942866604	
21852.938400000003	0.04559999999764841	Ripples						0.04559999999764841	21852.9536	10.392931703093499	158.00041082260256	1114.7279804363188	
21853.7472	0.037599999999656575	Ripples						0.037599999999656575	21853.764000000003	27.495600462831234	169.4783273188141	2095.317609758953	
21853.844	0.03680000000167638	Ripples						0.03680000000167638	21853.8584	10.116877087424312	153.57311347494942	1041.955566632238	
21855.496000000003	0.031199999997625127	Ripples						0.031199999997625127	21855.5096	5.584953488542171	152.39580521972363	830.4658267923131	
21862.670400000003	0.037599999999656575	Ripples						0.037599999999656575	21862.688000000002	11.923162158370388	157.1376569869785	1354.8665717506838	
21866.624	0.03200000000288128	Ripples						0.03200000000288128	21866.644	19.67450683683115	171.38717249229404	1646.0912842050834	
21866.7184	0.042399999998451676	Ripples						0.042399999998451676	21866.736	15.657313691711778	149.58695659929884	1350.883310539244	
21867.132	0.06720000000132131	Ripples						0.06720000000132131	21867.1728	10.182657881429074	159.41387830193509	1274.6256259681566	
21869.974400000003	0.031199999997625127	Ripples						0.031199999997625127	21869.9912	11.84501810065232	153.72052542561508	1105.1039100906107	
21870.1752	0.0864000000001397	Ripples						0.0864000000001397	21870.2464	11.118355967597799	166.95012975525398	1461.8839302666731	
21871.895200000003	0.03600000000005821	Ripples						0.03600000000005821	21871.9208	8.821285843058993	162.88724812697154	1139.6332648120674	
21872.2904	0.035199999998440035	Ripples						0.035199999998440035	21872.307200000003	26.119615332310644	168.09482047646685	2068.104491147138	
21873.8048	0.035199999998440035	Ripples						0.035199999998440035	21873.8224	16.437551656090054	157.35544374876602	1480.8163575474462	
21873.9264	0.0319999999992433	Ripples						0.0319999999992433	21873.9408	33.82041367099391	171.240774775274	2121.545859548757	
21874.503200000003	0.04799999999886495	Ripples						0.04799999999886495	21874.5296	12.699721535471548	169.28219283130582	1473.736424354866	
21874.6024	0.028800000000046566	Ripples						0.028800000000046566	21874.6176	17.14481100379964	159.71175118301008	1612.5799293611938	
21878.796000000002	0.053599999999278225	Ripples						0.053599999999278225	21878.8128	19.189831788765623	173.15141050005366	1704.238912767296	
21880.709600000002	0.04399999999805004	Ripples						0.04399999999805004	21880.729600000002	41.18628071862345	168.80430452089885	2435.853218806705	
21881.0592	0.02960000000166474	Ripples						0.02960000000166474	21881.076	17.620697958655807	169.45833922261878	1610.353202928884	
21882.0488	0.04080000000249129	Ripples						0.04080000000249129	21882.0648	33.343618238976696	168.45520447602217	2204.520359350351	
21882.8168	0.042400000002089655	Ripples						0.042400000002089655	21882.824800000002	5.87749564453271	153.8323404995325	804.9650858789489	
21883.444	0.07280000000173459	Ripples						0.07280000000173459	21883.464	14.062094682325755	158.01077876199406	1553.481901839199	
21883.591200000003	0.046399999999266583	Ripples						0.046399999999266583	21883.616	27.921478907270252	175.93664989146674	1895.1077293826381	
21884.2328	0.08559999999852153	Ripples						0.08559999999852153	21884.287200000002	14.596721367542282	148.8365759043614	1382.7674780596053	
21885.195200000002	0.04799999999886495	Ripples						0.04799999999886495	21885.216	22.200953591194022	156.5170936103186	1822.8785841884396	
21885.572	0.07120000000213622	Ripples						0.07120000000213622	21885.589600000003	22.554658241953163	158.8995904784491	1881.002730758808	
21885.7392	0.028800000000046566	Ripples						0.028800000000046566	21885.751200000002	10.581130406292566	158.85354858353392	1252.432309981752	
21885.876800000002	0.044799999999668216	Ripples						0.044799999999668216	21885.9016	15.41519317277277	164.61001030280786	1604.6134685229779	
21887.353600000002	0.058399999998073326	Ripples						0.058399999998073326	21887.3904	16.08774145789805	155.04100383735684	1632.811302323299	
21899.828	0.042399999998451676	Ripples						0.042399999998451676	21899.8416	21.276912504406226	158.4440188559352	1619.4633208676935	
21899.9512	0.06960000000253785	Ripples						0.06960000000253785	21899.990400000002	22.380175043955735	151.59037796785083	1733.3366346035773	
21901.8352	0.030399999999644933	Ripples						0.030399999999644933	21901.844	8.138218131984397	156.91973941531367	985.9983073565675	
21901.904000000002	0.07119999999849824	Ripples						0.07119999999849824	21901.9352	21.89148769609734	160.01712496453152	1889.4579209219278	
21903.7376	0.02080000000205473	Ripples						0.02080000000205473	21903.7504	6.2468133130401835	164.52098587169044	940.2960034212481	
21904.767200000002	0.0367999999980384	Ripples						0.0367999999980384	21904.781600000002	20.849287311113905	173.652694589034	1642.7555337300246	
21904.9248	0.04400000000168802	Ripples						0.04400000000168802	21904.945600000003	11.358791645054549	158.14608113223179	1392.9333619801118	
21908.796000000002	0.05760000000009313	Ripples						0.05760000000009313	21908.8272	16.890038101991063	155.71209771366583	1490.6375333614426	
21908.988800000003	0.0415999999968335	Ripples						0.0415999999968335	21909.02	6.678926535593242	154.44247923537182	950.9450836664953	
21909.056800000002	0.027999999998428393	Ripples						0.027999999998428393	21909.071200000002	12.096459863301378	159.95414248444158	1242.7728759496458	
21910.170400000003	0.0415999999968335	Ripples						0.0415999999968335	21910.1984	24.353465044296698	172.9653845477045	1939.908964481387	
21910.3712	0.05199999999967986	Ripples						0.05199999999967986	21910.4088	14.668997425615155	154.006109003552	1267.3673557659115	
21911.1192	0.0319999999992433	Ripples						0.0319999999992433	21911.1328	18.896404010957266	171.18307909195653	1639.3628232828235	
21911.2736	0.046399999999266583	Ripples						0.046399999999266583	21911.301600000003	8.96639610402272	147.59848257353735	832.5966400970635	
21914.880800000003	0.0591999999996915	Ripples						0.0591999999996915	21914.925600000002	12.208626816999589	162.09483167974676	1372.0222631453182	
21917.084000000003	0.02959999999802676	Ripples						0.02959999999802676	21917.1032	21.785988761716943	168.7432719334441	1771.6747893931076	
21917.1856	0.09600000000136788	Ripples						0.09600000000136788	21917.199200000003	26.60933487942098	159.0288930891636	1871.6749581002714	
21917.346400000002	0.0319999999992433	Ripples						0.0319999999992433	21917.3632	41.503280546786485	167.4929934311934	2419.0743811814827	
21918.3136	0.03600000000005821	Ripples						0.03600000000005821	21918.3336	31.543484429536125	172.54399354651832	2007.462863264631	
21918.408000000003	0.062399999998888234	Ripples						0.062399999998888234	21918.4496	13.824803795867414	156.93298180182842	1539.977991525704	
21918.528000000002	0.026399999998830026	Ripples						0.026399999998830026	21918.5448	20.11839073434494	160.24680341691985	1509.04998102872	
21920.0456	0.06480000000010477	Ripples						0.06480000000010477	21920.0848	15.844163810900705	160.07520158479122	1659.297648367412	
21921.4928	0.04800000000250293	Ripples						0.04800000000250293	21921.5272	11.582633025855662	156.16132605971148	1241.5965611076529	
21921.605600000003	0.04320000000006985	Ripples						0.04320000000006985	21921.6168	7.604248103562525	159.07282389165385	1159.0781336694433	
21922.810400000002	0.14079999999739812	Ripples						0.14079999999739812	21922.839200000002	18.750413351645413	167.10543763472833	1802.5205171603166	
21923.006400000002	0.03440000000045984	Ripples						0.03440000000045984	21923.028000000002	17.820695654366208	158.74673238505002	1687.8638489328828	
21925.756800000003	0.07279999999809661	Ripples						0.07279999999809661	21925.794400000002	24.684734385928945	164.08070103014884	2086.3052511681162	
21925.896	0.046399999999266583	Ripples						0.046399999999266583	21925.9072	17.543812018053384	162.43532431782833	1510.9369206650936	
21926.4264	0.046399999999266583	Ripples						0.046399999999266583	21926.4464	24.101397348304772	164.44920403599323	1992.24770955098	
21928.071200000002	0.07359999999971478	Ripples						0.07359999999971478	21928.082400000003	13.156901701534272	157.28438339951	1300.2300429457832	
21929.612	0.053599999999278225	Ripples						0.053599999999278225	21929.6336	21.266263530924977	156.24032237227615	1851.170576010741	
21929.6896	0.04160000000047148	Ripples						0.04160000000047148	21929.7048	17.66675777126258	151.36577879588518	1486.6799872063357	
21932.6968	0.042399999998451676	Ripples						0.042399999998451676	21932.7176	29.92785910780594	165.39529788764878	2267.794319996656	
21933.3408	0.026399999998830026	Ripples						0.026399999998830026	21933.3568	14.764685110581793	164.4046006607936	1358.290303847707	
21933.4176	0.028800000000046566	Ripples						0.028800000000046566	21933.4336	16.298804371073278	168.54165499164617	1397.7841766468346	
21935.287200000002	0.04719999999724678	Ripples						0.04719999999724678	21935.3272	5.93720150439782	165.20564156619676	980.6515096791949	
21945.3888	0.0496000000021013	Ripples						0.0496000000021013	21945.416800000003	18.98360588799383	157.6512511224642	1614.9489473320411	
21950.1032	0.02479999999923166	Ripples						0.02479999999923166	21950.1176	9.247937543064955	157.2055097609406	985.3832584989434	
21950.569600000003	0.030399999999644933	Ripples						0.030399999999644933	21950.5832	7.931607492337113	158.37521114395625	1121.0705622654325	
21951.060800000003	0.04559999999764841	Ripples						0.04559999999764841	21951.0744	24.671043476132947	168.65204338934012	1792.5907961888952	
21951.216800000002	0.08879999999771826	Ripples						0.08879999999771826	21951.2376	13.681723760786209	156.038581646304	1377.8304684807745	
21951.3688	0.035200000002078013	Ripples						0.035200000002078013	21951.3856	36.8139917211826	166.88519996432038	2388.7978512394534	
21953.9496	0.026400000002468005	Ripples						0.026400000002468005	21953.968	9.30893372870338	157.14994665397103	967.0530633662564	
21954.3584	0.0319999999992433	Ripples						0.0319999999992433	21954.3696	5.121718408573571	156.37549873975476	839.8214245255523	
21955.348	0.025600000000849832	Ripples						0.025600000000849832	21955.3632	6.779178766063238	155.88375513036831	876.9183653551084	
21957.736	0.021600000000034925	Ripples						0.021600000000034925	21957.7472	7.3456462037108015	168.9188321046699	1028.8008478582335	
21957.856	0.06160000000090804	Ripples						0.06160000000090804	21957.868000000002	18.901291608641962	161.8354293775968	1659.7879017385644	
21957.9736	0.02960000000166474	Ripples						0.02960000000166474	21957.9896	28.251487631905043	161.69242636652137	2003.573428582526	
21959.035200000002	0.06719999999768334	Ripples						0.06719999999768334	21959.0504	21.777430237850304	152.27374705945672	1619.2171224195154	
21959.2704	0.08559999999852153	Ripples						0.08559999999852153	21959.3352	14.996628318643396	153.2871726967182	1546.759530171438	
21960.504800000002	0.05439999999725842	Ripples						0.05439999999725842	21960.5312	20.368179941904952	167.48698402224636	1838.5676604497346	
21960.6608	0.07679999999891152	Ripples						0.07679999999891152	21960.677600000003	21.770913538629124	156.12730629375199	1596.0315216380557	
21961.4584	0.04400000000168802	Ripples						0.04400000000168802	21961.4752	23.87748655883459	165.99500198037538	1766.4840397382463	
21961.588	0.07840000000214786	Ripples						0.07840000000214786	21961.648800000003	17.2524663127018	155.75396411918717	1651.3809961481136	
21962.177600000003	0.023999999997613486	Ripples						0.023999999997613486	21962.1888	15.583771345733265	164.84065554657596	1457.9051791139432	
21962.301600000003	0.04160000000047148	Ripples						0.04160000000047148	21962.3224	25.00605355874812	169.89431592670297	2085.962680045546	
21970.2336	0.03840000000127475	Ripples						0.03840000000127475	21970.2504	15.131184625653646	166.86549129119305	1596.3909827453697	
21973.4928	0.037599999999656575	Ripples						0.037599999999656575	21973.513600000002	25.64335825139215	158.99801086483734	1965.8585216950871	
21973.627200000003	0.03839999999763677	Ripples						0.03839999999763677	21973.644	24.430906589272464	163.71557383046994	1950.2750907969914	
21974.6256	0.06640000000334112	Ripples						0.06640000000334112	21974.6624	18.782694096177845	168.59922244463027	1639.1325116310252	
21974.7904	0.026399999998830026	Ripples						0.026399999998830026	21974.8008	14.737574947106609	163.37988441112242	1425.834242782697	
21975.614400000002	0.028800000000046566	Ripples						0.028800000000046566	21975.628800000002	6.072927735539213	153.34568729681212	739.909640848655	
21976.204	0.05760000000009313	Ripples						0.05760000000009313	21976.242400000003	16.892794099631086	158.27730510540945	1752.7428295840582	
21976.364	0.023199999999633292	Ripples						0.023199999999633292	21976.376800000002	9.397724407053527	158.42256668648238	1146.4879526321497	
21976.9464	0.056000000000494765	Ripples						0.056000000000494765	21976.9712	17.780254566459913	150.32945915516558	1422.685955054215	
21977.6608	0.03359999999884167	Ripples						0.03359999999884167	21977.6712	5.817350263603745	164.2813537641787	752.7069018515331	
21977.728000000003	0.048799999996845145	Ripples						0.048799999996845145	21977.7448	22.294958739047164	156.77508443815788	1816.1532707468618	
21978.693600000002	0.04799999999886495	Ripples						0.04799999999886495	21978.7256	14.413884119853083	165.77684058630112	1525.5451402114015	
21983.659200000002	0.07040000000051805	Ripples						0.07040000000051805	21983.6984	11.753416091245743	160.9498282124747	1390.9735010716638	
21984.310400000002	0.051199999998061685	Ripples						0.051199999998061685	21984.3296	35.73095476301199	157.58157110898085	2355.3179588865705	
21988.9864	0.0367999999980384	Ripples						0.0367999999980384	21989.0096	19.967032688971894	166.5239051175339	1798.0945227462862	
21991.7328	0.06079999999928987	Ripples						0.06079999999928987	21991.7824	6.8311081133146825	149.1435534789281	898.3889549605217	
21991.8712	0.042399999998451676	Ripples						0.042399999998451676	21991.896800000002	14.14569043293921	153.52699895567017	1512.487646660138	
21992.0528	0.03919999999925494	Ripples						0.03919999999925494	21992.064000000002	23.640755060870873	167.27740298284766	1667.8746461330086	
21992.3296	0.04079999999885331	Ripples						0.04079999999885331	21992.359200000003	14.242515511511396	154.94537859632038	1212.6900868258085	
21996.64	0.040000000000873115	Ripples						0.040000000000873115	21996.668	14.660650029672768	177.1584425927337	1253.4580719220987	
21996.7664	0.03840000000127475	Ripples						0.03840000000127475	21996.7904	20.391655805362934	157.65117182133596	1755.7807138069595	
21998.5792	0.035200000002078013	Ripples						0.035200000002078013	21998.5968	12.58486909842709	156.87805347349592	1313.896451950621	
22000.4368	0.05680000000211294	Ripples						0.05680000000211294	22000.4536	20.983455253475885	160.43171989323508	1638.5365441000483	
22000.6336	0.09519999999974971	Ripples						0.09519999999974971	22000.715200000002	9.76694299072034	164.24255524127648	1324.576088580056	
22001.526400000002	0.0911999999989348	Ripples						0.0911999999989348	22001.608	18.4366491518994	162.56583198824728	1493.2074962516183	
22002.08	0.0319999999992433	Ripples						0.0319999999992433	22002.104	7.56006964466958	161.28728705388687	973.9844291565645	
22002.22	0.04400000000168802	Ripples						0.04400000000168802	22002.2432	15.668590421538873	155.37053934263264	1497.047258488543	
22002.600000000002	0.03839999999763677	Ripples						0.03839999999763677	22002.614400000002	17.887617456099505	159.25873199257714	1562.2954467944764	
22002.6928	0.06959999999889988	Ripples						0.06959999999889988	22002.738400000002	17.364437846646766	152.3349352855718	1648.5951830795884	
22003.6368	0.056000000000494765	Ripples						0.056000000000494765	22003.6536	20.847257922111016	163.72704901244154	1826.7210761493625	
22004.020800000002	0.08719999999811989	Ripples						0.08719999999811989	22004.044	17.394646664528775	162.8770791832388	1730.7990878134058	
22005.8976	0.048800000000483124	Ripples						0.048800000000483124	22005.9192	23.168678007473915	170.0670594568932	1851.26504352431	
22005.9872	0.05040000000008149	Ripples						0.05040000000008149	22006.0	8.875165876450605	154.5336521783276	825.9405006753597	
22009.513600000002	0.08399999999892316	Ripples						0.08399999999892316	22009.5384	17.78381232933637	157.40678135007104	1480.4190098585177	
22013.5808	0.022400000001653098	Ripples						0.022400000001653098	22013.592	6.384078111461052	155.6008859156983	897.9191683040118	
22014.88	0.05519999999887659	Ripples						0.05519999999887659	22014.915200000003	24.953834890833242	156.54267088390924	2029.4627427504045	
22015.049600000002	0.04399999999805004	Ripples						0.04399999999805004	22015.0744	24.462756619303864	157.55362967580635	1979.859502764674	
22032.909600000003	0.03439999999682186	Ripples						0.03439999999682186	22032.932800000002	7.2054886930621285	159.64959135318725	926.1548026402319	
22033.6032	0.056000000000494765	Ripples						0.056000000000494765	22033.6224	16.796569527102513	166.87052091348576	1478.0838474865045	
22037.752	0.040000000000873115	Ripples						0.040000000000873115	22037.7736	9.684263813810464	148.17991243737293	915.9900036131844	
22037.891200000002	0.05199999999967986	Ripples						0.05199999999967986	22037.916	19.439816424116604	152.48553443390904	1693.9722819412743	
22039.1512	0.0632000000005064	Ripples						0.0632000000005064	22039.172000000002	20.831224301821784	151.49650473830374	1618.0020042394822	
22039.337600000003	0.028800000000046566	Ripples						0.028800000000046566	22039.352000000003	9.514601338256988	161.4587795754896	1308.6406711526652	
22040.6872	0.042400000002089655	Ripples						0.042400000002089655	22040.7048	6.4573976816230765	160.040908710714	1071.7060565793215	
22043.440000000002	0.042399999998451676	Ripples						0.042399999998451676	22043.461600000002	19.15488255798055	154.12342654521433	1537.3946441192047	
22046.1096	0.05520000000251457	Ripples						0.05520000000251457	22046.157600000002	8.533979874037115	159.60042302585057	933.6833810731205	
22047.7344	0.05040000000008149	Ripples						0.05040000000008149	22047.756	15.528203062218088	151.37195497379818	1181.711460299686	
22050.676	0.05040000000008149	Ripples						0.05040000000008149	22050.7056	18.882388295201796	156.44529215409773	1523.527712029284	
22051.8544	0.03920000000289292	Ripples						0.03920000000289292	22051.872000000003	26.33839518366372	162.95925822628553	1946.8485780308345	
22052.105600000003	0.05199999999967986	Ripples						0.05199999999967986	22052.127200000003	10.588293366954524	151.824029946289	1168.3558379121314	
22052.2632	0.044799999999668216	Ripples						0.044799999999668216	22052.278400000003	14.093765754415221	152.41949630501142	1258.8906936874173	
22052.758400000002	0.030399999999644933	Ripples						0.030399999999644933	22052.7696	5.4141054599137615	160.49847950304783	925.8729445575017	
22061.248	0.10240000000339933	Ripples						0.10240000000339933	22061.2848	12.0916612394399	161.60112076606174	1362.4554581877098	
22061.434400000002	0.03280000000086147	Ripples						0.03280000000086147	22061.4536	39.605840056228246	163.25548877544938	2302.376726082373	
22061.8152	0.035200000002078013	Ripples						0.035200000002078013	22061.828800000003	19.471291563992043	157.50350825969258	1567.9253727214461	
22064.2896	0.033600000002479646	Ripples						0.033600000002479646	22064.3184	6.202670320858827	157.19146584786316	839.2625047320106	
22064.868000000002	0.044799999999668216	Ripples						0.044799999999668216	22064.8928	10.4406356894609	158.83889325726878	1118.1962298604344	
22067.0184	0.03919999999925494	Ripples						0.03919999999925494	22067.0328	9.747769882197643	152.2223909415618	1038.0910170689326	
22067.121600000002	0.04399999999805004	Ripples						0.04399999999805004	22067.1424	17.745495537357474	158.19080753148614	1756.596994998013	
22067.652000000002	0.03839999999763677	Ripples						0.03839999999763677	22067.676	11.178231143616962	156.7477514573466	1243.3351713500592	
22067.765600000002	0.03440000000045984	Ripples						0.03440000000045984	22067.780000000002	17.805040711659846	159.8451662831156	1673.7283481826087	
22068.4928	0.06480000000010477	Ripples						0.06480000000010477	22068.524800000003	32.84459867851911	154.24989806741485	2075.125654633554	
22068.6328	0.06240000000252621	Ripples						0.06240000000252621	22068.6496	22.33722850028122	159.52914848932954	1851.8890288516595	
22071.6088	0.10800000000017462	Ripples						0.10800000000017462	22071.6728	14.643101221525443	153.451953207998	1420.6965110908827	
22071.7416	0.03600000000005821	Ripples						0.03600000000005821	22071.758400000002	28.0859375845771	164.09606747188627	2116.9603446997908	
22072.3672	0.11520000000018626	Ripples						0.11520000000018626	22072.4608	12.658249235380298	151.26457920042952	1112.3741474766891	
22073.5864	0.11040000000139116	Ripples						0.11040000000139116	22073.676	18.78352429921163	173.17089017796533	1576.1713765058882	
22073.7864	0.031200000001263106	Ripples						0.031200000001263106	22073.803200000002	19.47092117524601	160.1552536138387	1689.254486417176	
22074.0376	0.022400000001653098	Ripples						0.022400000001653098	22074.0488	7.1674239049464745	161.89490042028572	903.6908864231744	
22076.2088	0.056000000000494765	Ripples						0.056000000000494765	22076.242400000003	20.287286164392818	160.33974468795142	1680.2216034171843	
22076.7544	0.030399999999644933	Ripples						0.030399999999644933	22076.772	9.792114243238348	155.60577954952993	1112.2475141167536	
22077.956000000002	0.025600000000849832	Ripples						0.025600000000849832	22077.9664	6.308420167366932	150.38067522895147	692.0382738308753	
22080.136000000002	0.021600000000034925	Ripples						0.021600000000034925	22080.144800000002	6.430720380018088	163.61303799561225	927.6598728312912	
22080.228000000003	0.02479999999923166	Ripples						0.02479999999923166	22080.2408	5.726941589309678	171.48482137831456	840.1333984652731	
22087.810400000002	0.025600000000849832	Ripples						0.025600000000849832	22087.824800000002	6.499875745652886	152.22357749104577	906.607297924198	
22089.364800000003	0.0367999999980384	Ripples						0.0367999999980384	22089.3832	18.756693675546796	156.3667353284978	1563.362504697659	
22089.607200000002	0.05519999999887659	Ripples						0.05519999999887659	22089.648800000003	22.68424230079157	159.5523460093927	1676.456552173316	
22090.1352	0.06160000000090804	Ripples						0.06160000000090804	22090.1832	13.885398127305253	159.7489666689991	1499.657383173387	
22093.6048	0.020000000000436557	Ripples						0.020000000000436557	22093.6192	8.280826416034605	162.77990276579615	879.5785057630252	
22094.049600000002	0.025600000000849832	Ripples						0.025600000000849832	22094.0576	6.442952072291127	160.63628613323647	848.8722545980871	
22094.98	0.048800000000483124	Ripples						0.048800000000483124	22095.008	16.979083434646682	154.01081106183193	1603.8351854465432	
22097.033600000002	0.02079999999841675	Ripples						0.02079999999841675	22097.044	5.689460256134027	159.39232274581786	841.6756562937411	
22100.6024	0.03200000000288128	Ripples						0.03200000000288128	22100.6192	22.556403771108865	170.98721213534515	1811.205234361378	
22102.591200000003	0.13599999999860302	Ripples						0.13599999999860302	22102.7128	18.157834575478706	159.40233494854	1493.8816757998657	
22103.6096	0.03680000000167638	Ripples						0.03680000000167638	22103.6352	7.03422369053628	152.1229222377422	840.3571649186308	
22103.7992	0.040000000000873115	Ripples						0.040000000000873115	22103.816000000003	26.462519099849633	159.26791932240278	2000.0315373745518	
22104.9496	0.024000000001251465	Ripples						0.024000000001251465	22104.960000000003	8.4327926324722	156.89544058927774	917.1971985818046	
22106.2448	0.03280000000086147	Ripples						0.03280000000086147	22106.265600000002	12.913357358721306	173.10501213903618	1286.2589712649974	
22111.968	0.02960000000166474	Ripples						0.02960000000166474	22111.9896	17.625050353094302	158.99120550115583	1370.7584797247523	
22112.0216	0.1136000000005879	Ripples						0.1136000000005879	22112.0704	22.883681129906613	159.5949064751982	1798.429034900265	
22113.492000000002	0.03919999999925494	Ripples						0.03919999999925494	22113.5152	18.88138399305919	171.7288246234002	1727.365449863017	
22113.893600000003	0.03599999999642023	Ripples						0.03599999999642023	22113.912	9.379882229875795	153.30632625571295	951.1974136124912	
22117.6728	0.044799999999668216	Ripples						0.044799999999668216	22117.684	14.089200913348845	156.19697001444345	1402.9674352488637	
22118.0304	0.04320000000006985	Ripples						0.04320000000006985	22118.046400000003	7.1572040480822565	170.98462563301268	1021.720459139598	
22118.1832	0.028800000000046566	Ripples						0.028800000000046566	22118.1976	19.376992424235755	159.3589974030683	1588.7171166481423	
22122.204	0.11119999999937136	Ripples						0.11119999999937136	22122.2216	14.93639493355948	149.73732822347839	1291.5233627523128	
22122.48	0.04400000000168802	Ripples						0.04400000000168802	22122.5112	12.635136294110676	155.34523555440347	1385.1048824633315	
22122.6296	0.022400000001653098	Ripples						0.022400000001653098	22122.644800000002	6.015638378484676	153.681190699819	846.7560699522068	
22125.6784	0.028800000000046566	Ripples						0.028800000000046566	22125.693600000002	18.962858761636316	160.2749720194852	1646.2582392047675	
22127.004800000002	0.02079999999841675	Ripples						0.02079999999841675	22127.0184	11.072290398307308	169.3889530645835	1089.2812760901768	
22127.3696	0.03919999999925494	Ripples						0.03919999999925494	22127.3872	15.01432596523859	151.31523754928344	1457.0764311802386	
22127.4768	0.03280000000086147	Ripples						0.03280000000086147	22127.488	9.470978249577477	151.75013890105186	990.0147940730142	
22128.504	0.07359999999971478	Ripples						0.07359999999971478	22128.5152	7.32929801413369	156.02237995915712	988.9064047019417	
22129.6424	0.13360000000102445	Ripples						0.13360000000102445	22129.673600000002	19.45281422045648	150.4984740999486	1441.722691953856	
22132.589600000003	0.023199999999633292	Ripples						0.023199999999633292	22132.6048	14.68399590897974	159.68461460088392	1273.1158448061497	
22133.984	0.04080000000249129	Ripples						0.04080000000249129	22134.0088	19.65105114326776	168.5689327611889	1725.054980069674	
22153.6896	0.0367999999980384	Ripples						0.0367999999980384	22153.7128	19.101405667800982	159.00934709025384	1702.659164607006	
22159.704	0.06799999999930151	Ripples						0.06799999999930151	22159.7216	6.9714816057129045	147.44150754397646	926.2601874087907	
22163.249600000003	0.023199999999633292	Ripples						0.023199999999633292	22163.258400000002	8.264994949652515	154.15610043568267	950.5359762156803	
22170.2488	0.07760000000052969	Ripples						0.07760000000052969	22170.3096	13.588422466581237	158.76931773567145	1437.8463519885124	
22171.4136	0.025600000000849832	Ripples						0.025600000000849832	22171.4288	8.352283251148387	155.9361910664751	936.4193098999225	
22171.5416	0.05280000000129803	Ripples						0.05280000000129803	22171.578400000002	13.288998225314971	161.04025706684422	1496.9836691911182	
22174.8512	0.03440000000045984	Ripples						0.03440000000045984	22174.8656	18.867908833353262	158.12275465547796	1496.8501148709997	
22175.454400000002	0.037599999999656575	Ripples						0.037599999999656575	22175.468	15.414250880410426	170.08478007799158	1319.9199185508817	
22177.272	0.03440000000045984	Ripples						0.03440000000045984	22177.280000000002	7.5536954038603525	160.15901555403732	894.9974549250423	
22178.114400000002	0.03600000000005821	Ripples						0.03600000000005821	22178.1336	16.656586572981386	167.08009306787994	1678.0304580954617	
22178.5288	0.024800000002869638	Ripples						0.024800000002869638	22178.542400000002	9.217100383592541	155.9087569169436	938.550684299465	
22179.9872	0.04320000000006985	Ripples						0.04320000000006985	22180.0016	6.85505480998296	157.05920356450986	1075.6442372085662	
22180.6032	0.08399999999892316	Ripples						0.08399999999892316	22180.6264	5.5252893965626475	166.43966241232602	809.5102886219223	
22182.245600000002	0.04399999999805004	Ripples						0.04399999999805004	22182.2592	25.687091414487575	161.6663862729162	1969.5474430108761	
22182.3632	0.06000000000130967	Ripples						0.06000000000130967	22182.412	9.37272331837927	152.35443534020678	1134.5316492076006	
22184.591200000003	0.03600000000005821	Ripples						0.03600000000005821	22184.605600000003	13.677744447528491	170.44236189770433	1462.2118969400033	
22185.14	0.026400000002468005	Ripples						0.026400000002468005	22185.1584	5.265585379395217	157.2299056682888	848.8282249999679	
22185.2104	0.026400000002468005	Ripples						0.026400000002468005	22185.2248	9.484322984224391	160.7485999836329	1230.3201334871408	
22188.4624	0.024000000001251465	Ripples						0.024000000001251465	22188.4768	17.9897493925	167.58437499912478	1431.8168807378834	
22190.8544	0.026400000002468005	Ripples						0.026400000002468005	22190.873600000003	7.724789933638221	158.4385453014698	1052.7177212076062	
22190.9064	0.02080000000205473	Ripples						0.02080000000205473	22190.916800000003	15.830614554137643	168.01239129645313	1358.9757105515555	
22192.0664	0.04400000000168802	Ripples						0.04400000000168802	22192.0808	24.63660655110559	159.4177714201221	1634.6260277223946	
22192.172000000002	0.04160000000047148	Ripples						0.04160000000047148	22192.1944	18.793195997553198	159.55843840909876	1851.5956574040947	
22192.3568	0.04160000000047148	Ripples						0.04160000000047148	22192.384000000002	6.6418449700315	148.21846528057267	745.6927808353323	
22192.463200000002	0.0319999999992433	Ripples						0.0319999999992433	22192.4808	8.017411349252859	155.66844855458083	1043.6940509450978	
22192.5808	0.04160000000047148	Ripples						0.04160000000047148	22192.5992	13.581748188911389	153.96083602606296	1411.39362824281	
22199.5936	0.047200000000884756	Ripples						0.047200000000884756	22199.6096	16.24749603383601	165.9773136039919	1420.2096744011885	
22199.8384	0.03919999999925494	Ripples						0.03919999999925494	22199.86	11.192382138284838	153.13129079869594	1310.515922331338	
22202.702400000002	0.044799999999668216	Ripples						0.044799999999668216	22202.7344	19.059717046897905	157.50456437167253	1676.4103868966076	
22202.8208	0.03840000000127475	Ripples						0.03840000000127475	22202.8496	13.867172961069036	171.8609720131673	1280.2599690096788	
22205.026400000002	0.02959999999802676	Ripples						0.02959999999802676	22205.0344	5.183524175365753	157.4366674883797	714.2422754974527	
22205.120000000003	0.0415999999968335	Ripples						0.0415999999968335	22205.1368	39.89095855878757	166.03429224888524	2373.951585313504	
22205.810400000002	0.09920000000056461	Ripples						0.09920000000056461	22205.860800000002	15.697225072653858	147.3813231756028	1372.9870085378896	
22207.7976	0.053599999999278225	Ripples						0.053599999999278225	22207.808800000003	11.20202571515978	157.14940008146948	1095.8561663233445	
22207.8992	0.04640000000290456	Ripples						0.04640000000290456	22207.9232	24.192342428982336	162.67929310124305	2031.0343840732805	
22208.0416	0.03919999999925494	Ripples						0.03919999999925494	22208.060800000003	12.422300827411782	150.11740349941365	1285.5843358362924	
22208.569600000003	0.025599999997211853	Ripples						0.025599999997211853	22208.5808	14.140766341354503	160.03260924649052	1250.7052518550613	
22210.5736	0.02320000000327127	Ripples						0.02320000000327127	22210.5792	5.611499475231111	155.6678308086439	813.7971467075716	
22211.8944	0.05199999999967986	Ripples						0.05199999999967986	22211.940000000002	8.503901990745373	163.27516447478422	982.8599889928917	
22215.248	0.02960000000166474	Ripples						0.02960000000166474	22215.2696	11.107442921346083	153.26769299735656	1004.6506230776697	
22219.215200000002	0.04079999999885331	Ripples						0.04079999999885331	22219.2336	7.376190127470723	152.26063066355377	761.5149170872028	
22219.308	0.0496000000021013	Ripples						0.0496000000021013	22219.3352	20.775573130592534	161.49612847091242	1857.3746379507909	
22219.6008	0.06720000000132131	Ripples						0.06720000000132131	22219.6408	19.17804845264958	153.51063979582	1630.8889733409987	
22223.0232	0.04080000000249129	Ripples						0.04080000000249129	22223.0528	6.973946477417955	160.11269537222725	874.9188968035475	
22224.18	0.07040000000051805	Ripples						0.07040000000051805	22224.222400000002	17.581870642818195	170.99414758289313	1665.249734901424	
22224.5592	0.03440000000045984	Ripples						0.03440000000045984	22224.5728	8.1296498660172	173.00346087619437	1097.0332693601194	
22225.0672	0.05519999999887659	Ripples						0.05519999999887659	22225.1008	27.2929893156341	164.34941590378114	2251.17404359713	
22225.2416	0.04160000000047148	Ripples						0.04160000000047148	22225.252800000002	12.2146270636839	153.7458692313136	1266.9742114592739	
22225.8368	0.1136000000005879	Ripples						0.1136000000005879	22225.8624	17.042593548556262	165.10949160318546	1476.022923007063	
22229.6152	0.03680000000167638	Ripples						0.03680000000167638	22229.6384	11.967665097725519	162.6339960356503	1269.5413177040089	
22230.6016	0.056000000000494765	Ripples						0.056000000000494765	22230.6392	22.02318655967651	166.37333043384913	2077.1404234106503	
22234.8904	0.048800000000483124	Ripples						0.048800000000483124	22234.911200000002	22.664698423059512	155.3806871719231	1691.8577693797154	
22235.513600000002	0.025600000000849832	Ripples						0.025600000000849832	22235.5256	10.245970773273	156.3202079939138	941.2565271746664	
22235.6064	0.037599999999656575	Ripples						0.037599999999656575	22235.6168	6.526772067961123	164.7175024061041	874.3929736117967	
22236.643200000002	0.027999999998428393	Ripples						0.027999999998428393	22236.657600000002	10.03672108201538	168.31668711723432	1310.453043833896	
22236.7272	0.053599999999278225	Ripples						0.053599999999278225	22236.7664	9.366935316526476	152.10528091906036	1140.6844218564909	
22236.8568	0.027999999998428393	Ripples						0.027999999998428393	22236.8704	12.195936567694265	159.7588095216068	1341.0840801476083	
22236.9824	0.022400000001653098	Ripples						0.022400000001653098	22236.9944	10.08211500473832	157.36529883235838	1017.2898875116074	
22238.0	608.0	SleepStates											Awake
22238.0456	0.03359999999884167	Ripples						0.03359999999884167	22238.0592	22.473038485346066	161.06824149854697	1780.268113266779	
22239.0024	0.037599999999656575	Ripples						0.037599999999656575	22239.0296	5.184173612070687	160.38103115918844	731.0927146402222	
22240.846400000002	0.03359999999884167	Ripples						0.03359999999884167	22240.864	9.900011279966689	161.00572555857207	1332.7386183369697	
22256.060800000003	0.023999999997613486	Ripples						0.023999999997613486	22256.076800000003	5.750539861001953	160.2726715700509	870.2343012591593	
22258.504	0.02080000000205473	Ripples						0.02080000000205473	22258.516	10.00579786488843	168.29931111914144	1064.4225915411448	
22260.704	0.024000000001251465	Ripples						0.024000000001251465	22260.7144	5.366054722273647	160.3992190579324	900.6923528997353	
22266.4984	0.02960000000166474	Ripples						0.02960000000166474	22266.516	18.00133259226357	167.74211264669432	1657.7525653426196	
22266.6744	0.06400000000212458	Ripples						0.06400000000212458	22266.6896	17.35749440248628	150.6382491480106	1460.2627106016	
22341.452800000003	0.023199999999633292	Ripples						0.023199999999633292	22341.464	5.733659626086471	165.6862509027055	972.4863171072355	
22342.2192	0.044800000003306195	Ripples						0.044800000003306195	22342.2448	19.042865258849723	163.65901873820448	1816.7039209556228	
22351.3424	0.025600000000849832	Ripples						0.025600000000849832	22351.3544	10.567570616821657	160.43863642318777	1198.1092314357684	
22353.3424	0.05040000000008149	Ripples						0.05040000000008149	22353.3712	13.349423648669902	159.61869616074625	1441.490620022545	
22353.416800000003	0.023999999997613486	Ripples						0.023999999997613486	22353.427200000002	7.617876552030431	155.8386607661065	1012.4987269508772	
22355.86	0.028800000000046566	Ripples						0.028800000000046566	22355.876	10.67389352341776	177.34057800586817	1130.852222931861	
22355.9808	0.0544000000008964	Ripples						0.0544000000008964	22356.004800000002	12.989135853690847	161.17290770350198	1466.1702752636986	
22356.220800000003	0.023999999997613486	Ripples						0.023999999997613486	22356.231200000002	7.514293634161184	158.9309711031701	1026.3838088919981	
22357.5592	0.03840000000127475	Ripples						0.03840000000127475	22357.578400000002	22.825385790246308	167.5156354764817	1887.0398303879977	
22359.932	0.03440000000045984	Ripples						0.03440000000045984	22359.948800000002	8.836177529859588	155.26093170423127	1042.8452820897753	
22361.016	0.08320000000094296	Ripples						0.08320000000094296	22361.0672	14.96423621043075	161.13462240408367	1464.8446098435006	
22375.7832	0.024000000001251465	Ripples						0.024000000001251465	22375.7976	6.448238032261129	162.5590522011171	1036.3892745570251	
22380.7616	0.021600000000034925	Ripples						0.021600000000034925	22380.7752	5.081226751827132	162.05186396334418	905.4260624135842	
22386.2912	0.040000000000873115	Ripples						0.040000000000873115	22386.314400000003	16.835596389228606	166.83887571325212	1687.0563131451293	
22387.7248	0.022400000001653098	Ripples						0.022400000001653098	22387.7392	12.35478776409882	159.72461374002793	1182.467353571251	
22389.6744	0.031200000001263106	Ripples						0.031200000001263106	22389.6832	8.581049022432152	171.20462983852283	910.2840146091803	
22391.372000000003	0.02079999999841675	Ripples						0.02079999999841675	22391.379200000003	6.08057872878347	164.81257291956388	876.4597344491426	
22392.2976	0.042399999998451676	Ripples						0.042399999998451676	22392.3152	8.302826396836355	149.7722888461917	1036.659000409983	
22409.857600000003	0.04959999999846332	Ripples						0.04959999999846332	22409.888000000003	6.988814523891814	161.18008214331928	1058.2237286178615	
22410.1336	0.051200000001699664	Ripples						0.051200000001699664	22410.1544	17.86591440825074	160.36857547430657	1737.4456444620112	
22412.452800000003	0.023199999999633292	Ripples						0.023199999999633292	22412.468	5.489301885093212	155.6449527185017	800.5652774498117	
22414.6136	0.07600000000093132	Ripples						0.07600000000093132	22414.627200000003	5.117372954825607	158.91998025360326	1010.6859593492214	
22416.008	0.03280000000086147	Ripples						0.03280000000086147	22416.019200000002	10.706681016154672	152.7272624353085	1097.5644480662504	
22418.046400000003	0.04320000000006985	Ripples						0.04320000000006985	22418.072	14.385683541163115	153.97220114652066	1460.6674092717165	
22424.8056	0.03920000000289292	Ripples						0.03920000000289292	22424.823200000003	17.403188452058924	174.25024053747157	1638.8748797518845	
22424.9784	0.04800000000250293	Ripples						0.04800000000250293	22424.992000000002	17.109998512829222	163.3220353204452	1576.520889513181	
22428.911200000002	0.04160000000047148	Ripples						0.04160000000047148	22428.934400000002	11.042041493539381	160.12965114813463	1222.8143951139073	
22429.004800000002	0.03839999999763677	Ripples						0.03839999999763677	22429.0216	29.777695066045986	167.83128492974217	2100.4019916227107	
22430.1136	0.040000000000873115	Ripples						0.040000000000873115	22430.1392	20.227817047672968	152.7153963144317	1492.936145794997	
22430.287200000002	0.03440000000045984	Ripples						0.03440000000045984	22430.3048	31.63289794858284	163.65427481304897	2151.705747324782	
22431.8384	0.07519999999931315	Ripples						0.07519999999931315	22431.88	19.904479510147816	168.51292758206614	1622.217046894293	
22433.324800000002	0.053599999999278225	Ripples						0.053599999999278225	22433.3456	18.76700710102564	153.5063216213833	1525.885646531712	
22433.4752	0.03359999999884167	Ripples						0.03359999999884167	22433.4896	11.304809148815039	162.66740029735433	1347.2361394064476	
22433.6528	0.06639999999970314	Ripples						0.06639999999970314	22433.6856	27.172988657485515	157.92845667499037	2036.0651138386404	
22435.9784	0.024800000002869638	Ripples						0.024800000002869638	22435.990400000002	16.541114267533658	166.53976181991368	1506.1939029579416	
22436.0944	0.05519999999887659	Ripples						0.05519999999887659	22436.1168	25.200280790409327	174.0362494342645	1848.1636997410749	
22438.684800000003	0.02719999999681022	Ripples						0.02719999999681022	22438.6984	12.930902823989067	159.17931845219502	1297.7134572685077	
22440.078400000002	0.05679999999847496	Ripples						0.05679999999847496	22440.089600000003	12.818972330632548	163.1296338734541	1386.0690643135651	
22441.5144	0.053600000002916204	Ripples						0.053600000002916204	22441.548000000003	20.725549722199936	161.41837429452016	1881.2655384320794	
22443.7896	0.0272000000004482	Ripples						0.0272000000004482	22443.803200000002	12.827178742211252	161.99349164141773	1321.6080985060532	
22443.898400000002	0.04320000000006985	Ripples						0.04320000000006985	22443.932	9.819770331418905	167.60699184603791	1102.7267812242847	
22444.317600000002	0.04160000000047148	Ripples						0.04160000000047148	22444.336000000003	7.162338948131988	151.95068637536835	1025.2851773398907	
22444.4424	0.042400000002089655	Ripples						0.042400000002089655	22444.468	20.034631974875925	161.3415250329417	1864.3787803830435	
22444.5096	0.024000000001251465	Ripples						0.024000000001251465	22444.5224	8.51110216490073	162.14551374594214	1186.6254015213892	
22444.6712	0.03280000000086147	Ripples						0.03280000000086147	22444.6856	12.056225874358123	154.02472415914087	1185.8002852600823	
22446.896800000002	0.053599999999278225	Ripples						0.053599999999278225	22446.9176	19.30833077224805	161.977618636206	1819.634981148594	
22448.8184	0.15999999999985448	Ripples						0.15999999999985448	22448.846400000002	12.752978761249313	145.8401494622946	1188.6294897947698	
22449.107200000002	0.03919999999925494	Ripples						0.03919999999925494	22449.128	8.651807220527482	151.68467177943344	1045.031737209015	
22450.0744	0.03600000000005821	Ripples						0.03600000000005821	22450.085600000002	17.081941987969266	167.15595479385206	1530.6502475479274	
22450.8616	0.05760000000009313	Ripples						0.05760000000009313	22450.8816	28.058212964684657	165.2454750620016	2011.0784452935789	
22451.6104	0.053599999999278225	Ripples						0.053599999999278225	22451.6392	6.573856076155694	157.23985117367394	965.2960393266734	
22451.752	0.021600000000034925	Ripples						0.021600000000034925	22451.765600000002	10.100826146675418	162.91096591482793	1059.0042352213104	
22452.6728	0.03840000000127475	Ripples						0.03840000000127475	22452.6872	26.26003718789409	169.7426817935061	1891.292891851831	
22453.3328	0.02960000000166474	Ripples						0.02960000000166474	22453.3496	8.810475277292886	168.4730796120206	1192.2313443576247	
22453.4224	0.048800000000483124	Ripples						0.048800000000483124	22453.4368	16.215199164318086	168.92043070535996	1484.2399961644192	
22453.712	0.047200000000884756	Ripples						0.047200000000884756	22453.7432	21.52016167803863	158.82620114588528	1921.422130267512	
22458.88	0.03600000000005821	Ripples						0.03600000000005821	22458.896	17.756670708936536	160.01108222011894	1719.3892025284647	
22459.9896	0.04560000000128639	Ripples						0.04560000000128639	22460.013600000002	26.806534881926517	168.3281834172558	2104.0296534903623	
22460.1472	0.047200000000884756	Ripples						0.047200000000884756	22460.164	17.217171110322028	162.57749467396314	1473.8752448088935	
22463.173600000002	0.06160000000090804	Ripples						0.06160000000090804	22463.215200000002	12.686470167283451	157.63869427533749	1382.9685180606111	
22467.5344	0.023199999999633292	Ripples						0.023199999999633292	22467.5448	6.229135226196908	164.11038781811683	935.889031841596	
22470.0832	0.06480000000010477	Ripples						0.06480000000010477	22470.0952	12.2287919120997	154.15369289568497	1186.9510727838615	
22470.2792	0.037599999999656575	Ripples						0.037599999999656575	22470.304	6.491331975543338	152.71486492829513	980.8897947571432	
22470.6152	0.035200000002078013	Ripples						0.035200000002078013	22470.6408	9.052222142168981	155.84977540244336	1036.804307251458	
22470.7216	0.04320000000006985	Ripples						0.04320000000006985	22470.7408	19.44347248727816	166.92998788353322	1605.734002727917	
22471.1984	0.06560000000172295	Ripples						0.06560000000172295	22471.231200000002	26.566817377085954	155.620514930904	2069.708163639665	
22471.2976	0.044799999999668216	Ripples						0.044799999999668216	22471.3296	16.70016695940661	157.727504520539	1651.2772330793791	
22472.3312	0.025600000000849832	Ripples						0.025600000000849832	22472.343200000003	15.973330641954764	161.81636436401052	1391.1251106197933	
22474.9552	0.028000000002066372	Ripples						0.028000000002066372	22474.9768	8.134122234679266	154.3006749932092	897.929914305296	
22475.5648	0.06400000000212458	Ripples						0.06400000000212458	22475.5976	17.384713703156404	161.92655971081075	1661.9912943210531	
22475.7344	0.03840000000127475	Ripples						0.03840000000127475	22475.745600000002	9.039106314598433	160.63902866163565	1014.2968389838265	
22476.808800000003	0.046399999999266583	Ripples						0.046399999999266583	22476.8384	24.568799663822773	154.12853843665025	1811.0036378999603	
22477.499200000002	0.07279999999809661	Ripples						0.07279999999809661	22477.540800000002	13.990986593533293	166.0136115855025	1450.0633478332632	
22477.900800000003	0.13519999999698484	Ripples						0.13519999999698484	22478.020800000002	29.86042626673424	173.11780502897378	1961.3789271118064	
22478.9608	0.02960000000166474	Ripples						0.02960000000166474	22478.98	20.22388175836681	164.8103399135384	1709.020756533917	
22479.512000000002	0.053599999999278225	Ripples						0.053599999999278225	22479.5296	14.979661213163313	162.7771298552135	1609.4035592804528	
22479.624	0.06000000000130967	Ripples						0.06000000000130967	22479.6616	13.975727803401464	165.48060706985095	1598.518617193754	
22479.8128	0.026400000002468005	Ripples						0.026400000002468005	22479.823200000003	14.30265562233704	165.57555381524867	1359.082025370843	
22479.904000000002	0.06079999999928987	Ripples						0.06079999999928987	22479.9448	21.400385517652317	157.80741907950195	1815.8082982496717	
22480.8336	0.04560000000128639	Ripples						0.04560000000128639	22480.8616	13.142049142000769	153.3525760338747	1386.43625264935	
22480.9536	0.05040000000008149	Ripples						0.05040000000008149	22480.9872	10.023078074899551	154.66076922214756	1281.6886615036087	
22481.540800000002	0.053599999999278225	Ripples						0.053599999999278225	22481.5792	14.706418033377114	167.08601427635602	1579.3243740196638	
22481.6888	0.026400000002468005	Ripples						0.026400000002468005	22481.699200000003	10.0082706652297	158.76366075048097	1091.556162912264	
22483.0168	0.028800000000046566	Ripples						0.028800000000046566	22483.0328	9.251071394777536	158.71189182384202	1210.5290277595445	
22483.546400000003	0.03600000000005821	Ripples						0.03600000000005821	22483.556800000002	6.103208255536035	160.7118799357486	672.0457135842637	
22484.0616	0.024000000001251465	Ripples						0.024000000001251465	22484.072	14.372477831978157	167.6352464137976	1350.8111534935854	
22484.5816	0.04160000000047148	Ripples						0.04160000000047148	22484.5992	26.694293322323826	158.6242243880296	1868.7699731075481	
22484.702400000002	0.042399999998451676	Ripples						0.042399999998451676	22484.716800000002	10.47303265278061	152.07212381178203	1170.0657110562274	
22485.3552	0.0591999999996915	Ripples						0.0591999999996915	22485.3696	10.105094330019602	165.26545982049933	945.2649687377706	
22486.0312	0.03680000000167638	Ripples						0.03680000000167638	22486.04	9.501991761415459	155.39570751322057	973.9126924966512	
22488.772	0.040000000000873115	Ripples						0.040000000000873115	22488.801600000003	8.353049839883486	161.51738832055815	1060.6264239745294	
22497.0656	0.025600000000849832	Ripples						0.025600000000849832	22497.08	11.200492503593868	154.70812142291288	1188.6134895674406	
22497.2624	0.04080000000249129	Ripples						0.04080000000249129	22497.280000000002	11.582140206150347	154.0641422665075	1380.0595932795093	
22498.672000000002	0.05519999999887659	Ripples						0.05519999999887659	22498.693600000002	11.924836471321475	167.67466341764768	1407.7483819751335	
22500.0976	0.046399999999266583	Ripples						0.046399999999266583	22500.121600000002	33.67359218506972	166.30664011379446	2423.2357271413207	
22506.6192	0.021600000000034925	Ripples						0.021600000000034925	22506.630400000002	5.706967590613427	158.52092852713392	824.5730784860664	
22510.8424	0.037599999999656575	Ripples						0.037599999999656575	22510.856	10.793404483007336	157.28047508401323	1251.3099577896721	
22511.3336	0.042399999998451676	Ripples						0.042399999998451676	22511.366400000003	23.90760910549032	169.5897032755623	1789.6831789564717	
22512.2408	0.1136000000005879	Ripples						0.1136000000005879	22512.280000000002	11.885036821856753	156.2367794187022	1217.6223889964042	
22512.568000000003	0.058399999998073326	Ripples						0.058399999998073326	22512.6008	13.26681657106027	149.5713240902944	1154.6842711600252	
22512.6912	0.03440000000045984	Ripples						0.03440000000045984	22512.7072	13.79067141882838	158.91798107369337	1370.5083945408055	
22515.7952	0.06960000000253785	Ripples						0.06960000000253785	22515.8112	12.573667467315222	169.42172256765207	1410.957339628456	
22516.1856	0.04320000000006985	Ripples						0.04320000000006985	22516.2032	18.743032179910994	163.17687860711447	1849.085097290736	
22516.324800000002	0.05760000000009313	Ripples						0.05760000000009313	22516.3552	24.67596967968651	165.12005112238532	2006.027131305826	
22517.1608	0.02959999999802676	Ripples						0.02959999999802676	22517.1752	20.55503640659958	168.2338636641561	1636.6029343417513	
22517.288	0.03840000000127475	Ripples						0.03840000000127475	22517.3024	13.756100045487434	158.99336809842387	1461.489844298562	
22521.003200000003	0.0591999999996915	Ripples						0.0591999999996915	22521.0448	7.42071381614813	149.94550410367307	996.1794413331186	
22522.111200000003	0.030399999999644933	Ripples						0.030399999999644933	22522.1232	5.091430946582516	142.7661882196621	609.2869566096275	
22523.3944	0.04799999999886495	Ripples						0.04799999999886495	22523.4208	17.955883484874715	151.8100078924936	1195.285697113028	
22523.506400000002	0.03359999999884167	Ripples						0.03359999999884167	22523.520800000002	29.55886908033067	162.01559600040645	2095.893204143328	
22523.6568	0.03919999999925494	Ripples						0.03919999999925494	22523.6712	16.945315790566557	158.00593737475458	1502.8197292728764	
22523.756	0.062399999998888234	Ripples						0.062399999998888234	22523.7968	14.949849610419596	160.83794013379733	1738.3544962408387	
22525.024	0.07280000000173459	Ripples						0.07280000000173459	22525.092800000002	5.409039619856875	161.6198889631526	751.0130237825346	
22525.6528	0.0496000000021013	Ripples						0.0496000000021013	22525.676	16.413985168334403	168.6645972823521	1694.1997463579214	
22525.7952	0.04400000000168802	Ripples						0.04400000000168802	22525.804	11.638063083427038	168.0913816607989	1238.2803129870506	
22525.918400000002	0.03600000000005821	Ripples						0.03600000000005821	22525.941600000002	6.941650754451918	160.74546725678837	1006.4365871583534	
22526.3624	0.035199999998440035	Ripples						0.035199999998440035	22526.3872	8.708008549365786	155.6864744976782	995.0652345867118	
22526.824	0.11600000000180444	Ripples						0.11600000000180444	22526.8352	15.093177984250266	171.69184479027223	1488.6318202354598	
22528.9104	0.025600000000849832	Ripples						0.025600000000849832	22528.9216	8.322175399543198	153.7428788063659	946.8715718838477	
22531.905600000002	0.0319999999992433	Ripples						0.0319999999992433	22531.9192	11.098201057922752	158.97806502037338	1103.7542166150524	
22533.7792	0.0591999999996915	Ripples						0.0591999999996915	22533.812	22.955770113156653	156.45589427513116	1995.3670988729248	
22533.892	0.05280000000129803	Ripples						0.05280000000129803	22533.9016	8.730076510492214	152.3997905860216	1009.6215452792759	
22534.3496	0.042399999998451676	Ripples						0.042399999998451676	22534.360800000002	9.827837781007785	155.64133789569237	1113.3919631561619	
22536.5256	0.08079999999972642	Ripples						0.08079999999972642	22536.5656	13.977050037706897	153.73105789745009	1421.4685179988985	
22536.803200000002	0.027999999998428393	Ripples						0.027999999998428393	22536.8184	8.59619625675723	162.1655941000893	1268.9057292841023	
22536.8832	0.047200000000884756	Ripples						0.047200000000884756	22536.902400000003	18.935494709256314	174.77875273550544	1576.4591111943482	
22538.1352	0.062399999998888234	Ripples						0.062399999998888234	22538.166400000002	17.92494681430679	157.0404605667678	1604.1427880217987	
22538.928	0.044799999999668216	Ripples						0.044799999999668216	22538.936	7.543707725849292	164.53813546613264	983.761331862681	
22539.012000000002	0.053599999999278225	Ripples						0.053599999999278225	22539.0328	19.368406283683047	153.64986379303707	1414.9194218128657	
22540.9968	0.056000000000494765	Ripples						0.056000000000494765	22541.0232	15.442837091077168	157.68947824060646	1411.181906673267	
22543.3384	0.06799999999930151	Ripples						0.06799999999930151	22543.3904	12.988930201220468	160.00726136077347	1374.8451251250135	
22544.3128	0.033600000002479646	Ripples						0.033600000002479646	22544.3336	20.312297551686136	163.91549508555832	1769.7552155833534	
22544.456000000002	0.035199999998440035	Ripples						0.035199999998440035	22544.4736	14.303878032688507	159.79094610521352	1294.9646895058331	
22544.535200000002	0.051199999998061685	Ripples						0.051199999998061685	22544.56	18.614290184054184	153.3594892513291	1681.5081161505138	
22545.1544	0.044800000003306195	Ripples						0.044800000003306195	22545.1872	12.509152164019696	167.8204537886024	1444.7059688314475	
22546.483200000002	0.042399999998451676	Ripples						0.042399999998451676	22546.503200000003	18.50940360215497	169.84677548456617	1791.9600999930324	
22547.100000000002	0.059999999997671694	Ripples						0.059999999997671694	22547.141600000003	9.7981980959916	147.1753069278222	964.3699523746532	
22554.7488	0.03680000000167638	Ripples						0.03680000000167638	22554.772	16.959770405997773	172.197464088815	1639.2498843413275	
22554.938400000003	0.0367999999980384	Ripples						0.0367999999980384	22554.9592	23.310960115293497	162.9500568145458	2037.7245264286269	
22569.64	0.03440000000045984	Ripples						0.03440000000045984	22569.657600000002	15.61180324808881	163.02451113898908	1573.1481269095261	
22584.9208	0.042400000002089655	Ripples						0.042400000002089655	22584.9424	10.67152770466759	162.74382897179873	1274.083190761276	
22655.6032	0.053599999999278225	Ripples						0.053599999999278225	22655.643200000002	9.352739249881896	160.1463945974146	1168.9816663150268	
22665.5584	0.04399999999805004	Ripples						0.04399999999805004	22665.5816	15.667636739401448	155.04723114108202	1601.720877143105	
22671.792800000003	0.021600000000034925	Ripples						0.021600000000034925	22671.8008	6.9882126903877	160.9227371984217	936.0565734961234	
22672.412800000002	0.028800000000046566	Ripples						0.028800000000046566	22672.4304	15.890513984075127	162.73564067953578	1489.9642461057354	
22679.2216	0.07600000000093132	Ripples						0.07600000000093132	22679.258400000002	9.233112373284648	164.79257001047196	1281.3397717434657	
22704.208000000002	0.023999999997613486	Ripples						0.023999999997613486	22704.216	9.739599783384477	160.55593321318597	1090.7733485680012	
22704.6696	0.03680000000167638	Ripples						0.03680000000167638	22704.6872	15.479606572761861	159.1644055651969	1604.8990087454902	
22709.0256	0.03840000000127475	Ripples						0.03840000000127475	22709.0416	17.72280110253646	164.84177168015984	1648.5097010811105	
22713.7032	0.058400000001711305	Ripples						0.058400000001711305	22713.732	15.750132140309267	157.43457678305754	1493.991808295024	
22714.5376	0.026400000002468005	Ripples						0.026400000002468005	22714.556	5.163256742506718	147.90324048507603	641.6049919505224	
22717.7416	0.027999999998428393	Ripples						0.027999999998428393	22717.756	14.120515042479479	161.54622319483113	1421.1054684787675	
22717.948800000002	0.05199999999967986	Ripples						0.05199999999967986	22717.974400000003	25.42368625228261	161.36531989561655	2092.3248877600154	
22723.193600000002	0.04079999999885331	Ripples						0.04079999999885331	22723.2272	8.417930579063697	165.99867757864618	1063.0305941271267	
22725.6544	0.04640000000290456	Ripples						0.04640000000290456	22725.6824	33.87059457691612	167.12591967429526	2308.5406070310296	
22726.132800000003	0.04559999999764841	Ripples						0.04559999999764841	22726.168	13.884624968236473	169.27312519236676	1328.2203964022585	
22734.216800000002	0.07839999999850988	Ripples						0.07839999999850988	22734.2416	11.643102885726673	156.23813791236537	1462.5340678327575	
22736.4064	0.04080000000249129	Ripples						0.04080000000249129	22736.416800000003	11.490382598872058	159.7205912951586	1234.5509750872825	
22736.5616	0.0319999999992433	Ripples						0.0319999999992433	22736.578400000002	9.998258397502218	167.3220008002805	1319.977333302561	
22738.472	0.02239999999801512	Ripples						0.02239999999801512	22738.4864	10.175450135469292	159.72600557205092	959.4149904981301	
22738.5224	0.07920000000012806	Ripples						0.07920000000012806	22738.582400000003	27.771055778837862	170.22348716944472	2133.0838450087595	
22739.5216	0.053600000002916204	Ripples						0.053600000002916204	22739.5312	7.278081135090382	181.30182421649607	786.1524266137135	
22742.017600000003	0.048799999996845145	Ripples						0.048799999996845145	22742.052	16.356058386582674	154.12546870873086	1500.4693787089013	
22745.2552	0.05760000000009313	Ripples						0.05760000000009313	22745.3008	10.474546168712793	177.76345424280402	1090.7032038567647	
22747.704	0.07440000000133296	Ripples						0.07440000000133296	22747.736800000002	16.219903030079653	151.44988476782476	1499.1275189201135	
22748.1424	0.028800000000046566	Ripples						0.028800000000046566	22748.156000000003	19.47449579324275	166.2209207268278	1686.734710070284	
22748.2264	0.053600000002916204	Ripples						0.053600000002916204	22748.256800000003	20.03608014247422	157.4580433288685	1801.449772097519	
22749.2344	0.044799999999668216	Ripples						0.044799999999668216	22749.2576	15.633272798921748	168.44897645340032	1589.9725481898724	
22750.7536	0.033600000002479646	Ripples						0.033600000002479646	22750.7648	13.779396713541004	160.4216862003906	1241.3186867405916	
22753.4728	0.06000000000130967	Ripples						0.06000000000130967	22753.510400000003	8.526892126292108	159.97193981191487	931.3630883809919	
22753.571200000002	0.028800000000046566	Ripples						0.028800000000046566	22753.592	6.819683563960268	151.97136481861384	836.4345115664613	
22754.670400000003	0.039999999997235136	Ripples						0.039999999997235136	22754.684800000003	8.129805217239397	155.06433958074774	978.2527071751061	
22755.6312	0.03440000000045984	Ripples						0.03440000000045984	22755.644800000002	15.369483814213423	175.94982298402422	1323.601617069992	
22756.461600000002	0.05199999999967986	Ripples						0.05199999999967986	22756.4696	5.150907334656888	155.18056247821957	625.4182527840301	
22760.5024	0.03840000000127475	Ripples						0.03840000000127475	22760.5224	29.98555278897056	167.19497491850166	2117.542074064785	
22760.9376	0.048800000000483124	Ripples						0.048800000000483124	22760.963200000002	9.499753905141171	150.16948813953206	829.5274870019714	
22761.0976	0.03680000000167638	Ripples						0.03680000000167638	22761.124	10.246148885698402	152.38086008025385	959.7426568678129	
22765.064000000002	0.047200000000884756	Ripples						0.047200000000884756	22765.092	16.695008461113158	167.8201643813492	1757.0198307897329	
22765.3584	0.07040000000051805	Ripples						0.07040000000051805	22765.3888	17.017482227741304	155.3803106775705	1685.977501148289	
22765.6912	0.03359999999884167	Ripples						0.03359999999884167	22765.706400000003	12.784385969746802	156.20503897524088	1300.208404932992	
22765.9752	0.024000000001251465	Ripples						0.024000000001251465	22765.9864	9.909515395681229	160.66194936814028	1223.636131423143	
22768.348	0.030399999999644933	Ripples						0.030399999999644933	22768.3616	16.748093094756193	167.21218008583867	1542.8606276105068	
22769.0816	0.040000000000873115	Ripples						0.040000000000873115	22769.111200000003	7.349565538857819	165.42668074131973	991.5008371885077	
22771.6096	0.04320000000006985	Ripples						0.04320000000006985	22771.636000000002	13.159986686660414	161.14218444822663	1494.3521563193513	
22771.7776	0.03359999999884167	Ripples						0.03359999999884167	22771.7976	8.591523603415233	164.85187837361678	1306.274623609354	
22771.9304	0.03919999999925494	Ripples						0.03919999999925494	22771.945600000003	12.43462261722647	170.6472749881329	1297.1237835082957	
22772.5096	0.07200000000011642	Ripples						0.07200000000011642	22772.536	18.053480377207116	159.2623735003365	1687.4564104103088	
22777.143200000002	0.0319999999992433	Ripples						0.0319999999992433	22777.1552	12.906324701155942	181.11534989914736	1101.8620222136365	
22791.0472	0.0272000000004482	Ripples						0.0272000000004482	22791.064000000002	12.37271031755087	165.6447724754293	1381.80779699203	
22816.5368	0.04320000000006985	Ripples						0.04320000000006985	22816.5512	8.536132151344061	155.93135931478741	1145.9150298721586	
22824.1016	0.0367999999980384	Ripples						0.0367999999980384	22824.1176	6.397316682986674	165.341291882682	1005.8585857186167	
