onset	duration	nwb_table	ripple_durations	peaks	peak_normed_power	peak_frequencies	peak_amplitudes	label
1.0	2216.0	SleepStates						Awake
82.6104	0.04080000000000439	Ripples	0.04080000000000439	82.6216	13.440679278860154	167.30015525278608	1330.7138712832584	
104.64880000000001	0.03119999999999834	Ripples	0.03119999999999834	104.66720000000001	8.644220068501244	170.67750252187452	889.7092482344865	
141.728	0.020800000000008367	Ripples	0.020800000000008367	141.7384	5.660140047012961	170.24757511443687	838.9396616960431	
163.448	0.037599999999997635	Ripples	0.037599999999997635	163.46800000000002	23.016252116720096	159.30232710313012	1576.1407229574056	
182.9824	0.024799999999999045	Ripples	0.024799999999999045	182.99360000000001	15.516766215015956	161.23976678225623	1338.8764297628936	
502.6376	0.058400000000006	Ripples	0.058400000000006	502.6464	6.981526790301728	166.85288908996338	885.4967897383666	
503.62	0.02960000000001628	Ripples	0.02960000000001628	503.632	15.855962118011458	157.63024811987174	1378.5758998036347	
511.30080000000004	0.059199999999975716	Ripples	0.059199999999975716	511.3408	22.019322352108112	156.89957070635194	1789.2751073900529	
532.128	0.045600000000035834	Ripples	0.045600000000035834	532.1544	8.806540878359163	157.75587458131926	1059.377042378706	
534.1344	0.023199999999974352	Ripples	0.023199999999974352	534.1496000000001	6.464597320695492	159.81189916168466	880.3210770549131	
536.3216	0.03120000000001255	Ripples	0.03120000000001255	536.3328	17.79004986177198	163.965219167538	1470.602004840254	
538.2144000000001	0.09519999999997708	Ripples	0.09519999999997708	538.248	16.73057659582038	149.43083313541678	1468.0269361506319	
541.4568	0.022399999999947795	Ripples	0.022399999999947795	541.4680000000001	12.78679372750171	164.96823230387454	1243.4534830551086	
542.3168000000001	0.035199999999917964	Ripples	0.035199999999917964	542.3304	17.26559101828991	157.6998422349321	1473.68796235901	
670.3312000000001	0.088799999999992	Ripples	0.088799999999992	670.3904	22.19870376017396	159.33893960774296	1745.9234905242167	
674.7872	0.024800000000027467	Ripples	0.024800000000027467	674.7992	8.177439965986053	161.73083283276955	1037.5067264214933	
675.98	0.06320000000005166	Ripples	0.06320000000005166	676.0120000000001	23.492876033723203	153.19285716152268	1837.7220004809644	
677.528	0.020800000000008367	Ripples	0.020800000000008367	677.5384	9.903914138133276	162.72332570522832	1038.7119242885663	
680.8688000000001	0.04159999999990305	Ripples	0.04159999999990305	680.8888000000001	20.214327250044352	165.8940339760754	1762.3062495613701	
682.3632	0.04399999999998272	Ripples	0.04399999999998272	682.3808	30.727267107401886	164.69314029265885	2118.335317124629	
683.3728	0.03920000000005075	Ripples	0.03920000000005075	683.3960000000001	15.45619803787958	170.49298018044604	1507.2817125280355	
686.1352	0.024800000000027467	Ripples	0.024800000000027467	686.1504	5.766623421129923	167.22917944304692	903.3765454245463	
689.296	0.033599999999978536	Ripples	0.033599999999978536	689.3224	7.839545312193761	155.686264568504	848.2986635910522	
691.7832000000001	0.04959999999994125	Ripples	0.04959999999994125	691.82	24.897517868020554	155.34525056229134	1598.7800247065686	
691.9592	0.03920000000005075	Ripples	0.03920000000005075	691.9712000000001	7.858315367617409	153.06111962552697	1078.3486917360515	
695.1584	0.04079999999999018	Ripples	0.04079999999999018	695.1704000000001	11.417338695764649	162.23990785259952	1197.3022323458897	
698.744	0.028800000000046566	Ripples	0.028800000000046566	698.7624000000001	6.568313369983673	166.33452232801443	927.8146819488036	
702.284	0.03360000000009222	Ripples	0.03360000000009222	702.3072000000001	6.6862420938568565	160.95842788643884	977.884730649281	
707.272	0.024800000000027467	Ripples	0.024800000000027467	707.2800000000001	7.436912443586941	163.43776287408593	963.6396047388723	
780.8176000000001	0.027999999999906322	Ripples	0.027999999999906322	780.8344000000001	7.6819289697280295	161.9200366136446	1019.0621140020756	
793.1832	0.030399999999985994	Ripples	0.030399999999985994	793.2	13.824451245481384	156.50341135078034	1315.3151765936643	
850.7016	0.02800000000002001	Ripples	0.02800000000002001	850.7136	12.342249288491079	162.15726729295642	1284.6642944768964	
885.2208	0.05600000000004002	Ripples	0.05600000000004002	885.2624000000001	16.399346490131627	156.62074885547116	1454.0141220430246	
1008.5840000000001	0.024800000000027467	Ripples	0.024800000000027467	1008.5952000000001	7.938843189230313	157.4624277336126	1035.5133259395284	
1013.3808	0.05040000000008149	Ripples	0.05040000000008149	1013.4104000000001	17.695738340151976	152.58841832975358	1519.5967611373042	
1034.412	0.0968000000000302	Ripples	0.0968000000000302	1034.4952	14.41999555091846	158.6054596669318	1412.523901256179	
1179.42	0.028800000000046566	Ripples	0.028800000000046566	1179.4352000000001	6.071139954238743	149.84753807552664	837.4733295404299	
1185.0928000000001	0.023999999999887223	Ripples	0.023999999999887223	1185.1096	5.8130348701657955	162.80190010536947	858.2199729206187	
1188.296	0.10159999999996217	Ripples	0.10159999999996217	1188.3864	19.09456292336042	156.81857817277282	1471.518895515689	
1191.2296000000001	0.041600000000016735	Ripples	0.041600000000016735	1191.2576000000001	17.42300893509837	155.44085403411185	1446.7714726524696	
1191.6008000000002	0.10479999999984102	Ripples	0.10479999999984102	1191.6816000000001	16.310043514489685	150.1541894410658	1481.63100129485	
1193.016	0.025599999999940337	Ripples	0.025599999999940337	1193.0272	15.642180604663137	161.77821065792858	1388.8277086251305	
1193.0720000000001	0.046399999999948704	Ripples	0.046399999999948704	1193.0856	17.980422830360222	157.4020124443676	1491.5003970345233	
1208.7952	0.028800000000046566	Ripples	0.028800000000046566	1208.8032	10.61000606017792	158.16393812039334	1083.129758144999	
1212.1568	0.08720000000016626	Ripples	0.08720000000016626	1212.192	24.6687820700581	170.12074262877144	1821.5129766919638	
1214.8912	0.03199999999992542	Ripples	0.03199999999992542	1214.9056	8.749850966499864	153.25739208735183	1033.027094015859	
1221.6200000000001	0.1087999999999738	Ripples	0.1087999999999738	1221.7048	39.94569693059917	151.738265672071	2408.9445764384645	
1227.2432000000001	0.02800000000002001	Ripples	0.02800000000002001	1227.2536	12.250776091419	157.64467083023976	1154.0672229138618	
1227.3808000000001	0.04559999999992215	Ripples	0.04559999999992215	1227.4080000000001	12.91873451273034	151.00829846858707	1327.0090134040368	
1229.7088	0.03279999999995198	Ripples	0.03279999999995198	1229.7256	14.156726667211993	163.55988219666185	1441.6381394027412	
1232.9656	0.05600000000004002	Ripples	0.05600000000004002	1233.0112000000001	6.949366348530968	163.33450582541818	879.8168575518483	
1250.2584000000002	0.03519999999980428	Ripples	0.03519999999980428	1250.2776000000001	7.033407327045715	161.28089897324926	998.9791952764824	
1625.5368	0.022400000000061482	Ripples	0.022400000000061482	1625.548	6.706403398984041	160.13703025462002	933.4280962969796	
1693.972	0.09600000000000364	Ripples	0.09600000000000364	1694.0096	43.18224663087837	157.4409790913893	2502.826065925819	
1696.8184	0.030399999999872307	Ripples	0.030399999999872307	1696.836	17.421045180682103	163.04332058430285	1478.2936913359606	
1696.9888	0.06639999999993051	Ripples	0.06639999999993051	1697.0096	49.27117513005806	156.1574692127264	2630.536512653969	
1698.0736000000002	0.03679999999985739	Ripples	0.03679999999985739	1698.0936000000002	39.50996497112805	159.549294505384	2341.251944710705	
1698.9472	0.0543999999999869	Ripples	0.0543999999999869	1698.9584	19.936167784489832	157.96791802251175	1532.9044581523674	
1699.8864	0.04479999999989559	Ripples	0.04479999999989559	1699.9096000000002	58.66364096061051	154.81385463163537	2868.0726043643904	
1703.4304000000002	0.028799999999819192	Ripples	0.028799999999819192	1703.4392	18.56778571135368	163.4483398797716	1411.9907673045477	
1710.4784000000002	0.04959999999982756	Ripples	0.04959999999982756	1710.5016	27.282645950277434	166.1388191416526	2136.0802885100134	
1710.796	0.033599999999978536	Ripples	0.033599999999978536	1710.8096	18.706110292088717	154.86782952924798	1461.3716055545	
1711.4840000000002	0.1087999999999738	Ripples	0.1087999999999738	1711.5656000000001	31.379993031645874	156.91316832107057	2134.857151632632	
1714.9688	0.08400000000006003	Ripples	0.08400000000006003	1714.9912000000002	23.50418089246823	162.54786712647714	1746.8349943609267	
1717.3656	0.04479999999989559	Ripples	0.04479999999989559	1717.3936	20.0670025302259	149.47936384681535	1349.4698012425786	
1717.6808	0.04320000000006985	Ripples	0.04320000000006985	1717.7136	8.383926940793664	149.78008643714097	862.4897406920495	
1719.9176	0.024800000000141154	Ripples	0.024800000000141154	1719.9288000000001	9.079237125807582	157.8060539902155	936.378958223243	
1722.7376000000002	0.05279999999993379	Ripples	0.05279999999993379	1722.7664	36.61034856975184	160.6196122589395	2211.4666114369047	
1726.5128	0.05920000000014625	Ripples	0.05920000000014625	1726.5488	13.67049990425481	148.0462828490221	1249.3513498976467	
1729.5344	0.0543999999999869	Ripples	0.0543999999999869	1729.5512	20.492061938955032	156.20644437787817	1695.8856462323956	
1731.9832000000001	0.03999999999996362	Ripples	0.03999999999996362	1732.0056000000002	26.558690673460298	173.85677126992363	1868.829866011313	
1733.5832	0.041600000000016735	Ripples	0.041600000000016735	1733.6056	14.83950758055911	168.10592888505184	1527.6368421174077	
1738.7920000000001	0.03679999999985739	Ripples	0.03679999999985739	1738.8088	23.139795733124647	169.26866733528394	1585.573655538843	
1742.7784000000001	0.04800000000000182	Ripples	0.04800000000000182	1742.8072000000002	22.374398909878135	163.90655725921394	1928.5078915117692	
1748.3728	0.10320000000001528	Ripples	0.10320000000001528	1748.4424000000001	23.353048230341994	157.88767587637494	1884.5978538071288	
1749.9328	0.024000000000114596	Ripples	0.024000000000114596	1749.9472	10.860318155893495	163.02582413037882	1116.426896612322	
1838.1144000000002	0.13599999999996726	Ripples	0.13599999999996726	1838.2024000000001	10.604885675474215	146.43522890862639	1132.665221815604	
1848.2952	0.0624000000000251	Ripples	0.0624000000000251	1848.3264000000001	9.824158064570312	152.93610023152286	1221.0608654599444	
1876.7296000000001	0.088799999999992	Ripples	0.088799999999992	1876.7832	15.433675959703736	149.11776465253584	1428.2618917427208	
1885.336	0.10239999999998872	Ripples	0.10239999999998872	1885.4152000000001	15.065511209408994	159.80567508388236	1506.8250462612891	
1937.3264000000001	0.030399999999872307	Ripples	0.030399999999872307	1937.3432	22.444302856019654	162.93860609425295	1793.742006836802	
1941.6560000000002	0.02479999999991378	Ripples	0.02479999999991378	1941.6704000000002	16.379729727160797	158.84243662699083	1316.2817620103215	
1943.7096000000001	0.022400000000061482	Ripples	0.022400000000061482	1943.7152	6.715465022504208	158.99219872462953	873.255468838822	
1945.5992	0.06400000000007822	Ripples	0.06400000000007822	1945.6376	36.837246891378676	157.3658504845355	2424.9884508426107	
1949.4312	0.08560000000011314	Ripples	0.08560000000011314	1949.4688	13.472772536187511	156.2555089873068	1365.9122933102376	
1962.7	0.0543999999999869	Ripples	0.0543999999999869	1962.7192	21.24231466001607	168.75820076526372	1754.7825536636713	
1962.7912000000001	0.02320000000008804	Ripples	0.02320000000008804	1962.804	8.231207747768542	164.72762065608202	980.2261709062374	
1968.2056	0.041600000000016735	Ripples	0.041600000000016735	1968.2168000000001	17.12297993164621	164.59511224866526	1476.776016001746	
1968.2952	0.04560000000014952	Ripples	0.04560000000014952	1968.3208000000002	26.99418171079977	161.4208901980333	1955.2347132380266	
1974.9632000000001	0.04079999999999018	Ripples	0.04079999999999018	1974.98	15.85396428619501	158.22114486874594	1497.6458849616774	
1975.7008	0.03279999999995198	Ripples	0.03279999999995198	1975.7192	6.619333643625075	150.74331379813535	911.297525880048	
1975.7688	0.04320000000006985	Ripples	0.04320000000006985	1975.7952	16.886277336633135	161.57127551025818	1585.4058228022514	
1986.7928000000002	0.06719999999995707	Ripples	0.06719999999995707	1986.8312	13.456294962352107	151.78860051992737	1186.7688074078774	
1990.7024000000001	0.08159999999998035	Ripples	0.08159999999998035	1990.7440000000001	9.816636958219682	146.71752366191214	1010.3096293382861	
2019.612	0.036800000000084765	Ripples	0.036800000000084765	2019.6272000000001	7.48649365769195	150.83897859970696	898.6922918839439	
2027.9984000000002	0.051199999999880674	Ripples	0.051199999999880674	2028.0232	6.188106199077066	150.1979152323146	924.018145590752	
2042.4152000000001	0.05759999999986576	Ripples	0.05759999999986576	2042.432	8.836960301903394	155.21015176801995	1055.0660610218886	
2046.2	0.024000000000114596	Ripples	0.024000000000114596	2046.2144	12.924056855289034	164.9945425043159	1127.8828123492337	
2061.1912	0.028800000000046566	Ripples	0.028800000000046566	2061.2128000000002	5.720487861692189	148.16148311720443	649.591419532703	
2074.672	0.03040000000009968	Ripples	0.03040000000009968	2074.692	11.856813303209437	159.32596275341356	1239.313425458548	
2078.8128	0.047999999999774445	Ripples	0.047999999999774445	2078.8304000000003	31.07640766295047	154.67568124382578	2050.7982397121004	
2078.9272	0.027999999999792635	Ripples	0.027999999999792635	2078.9344	5.296181394363216	160.0342599145308	743.3475693091883	
2080.8072	0.06639999999970314	Ripples	0.06639999999970314	2080.8456	16.376099161770398	150.3798744632812	1433.618716697154	
2090.132	0.04239999999981592	Ripples	0.04239999999981592	2090.1496	18.002480462191034	165.59176312235707	1645.7524986774536	
2090.2200000000003	0.023999999999887223	Ripples	0.023999999999887223	2090.2344000000003	18.936450800873896	162.80342040348268	1408.3100731655145	
2095.344	0.022399999999834108	Ripples	0.022399999999834108	2095.3624	5.750305141282626	152.64272010839397	605.2647625489344	
2097.3216	0.03679999999985739	Ripples	0.03679999999985739	2097.3416	38.85257113937802	158.67298020691229	2213.70580230591	
2098.752	0.035200000000259024	Ripples	0.035200000000259024	2098.7704	17.216930094421397	151.05165585200754	1342.8574343130406	
2102.5536	0.03440000000000509	Ripples	0.03440000000000509	2102.5712000000003	11.464531154903652	150.83388766410621	1251.401663606553	
2103.7032	0.044800000000122964	Ripples	0.044800000000122964	2103.7272000000003	20.442728913942453	156.50037524803525	1585.2447815391506	
2104.0016	0.04399999999986903	Ripples	0.04399999999986903	2104.0280000000002	16.044578062977934	156.98974633291837	1435.8844437208536	
2104.7616000000003	0.03919999999970969	Ripples	0.03919999999970969	2104.7760000000003	8.997783585685418	154.8849035666303	869.2803092609178	
2105.004	0.03600000000005821	Ripples	0.03600000000005821	2105.0184	12.512514379244326	158.78732142068668	1093.9930569908593	
2106.6208	0.03519999999980428	Ripples	0.03519999999980428	2106.6384000000003	17.68878784908872	155.675359929335	1237.507100200616	
2112.2560000000003	0.07439999999996871	Ripples	0.07439999999996871	2112.3032000000003	37.18737818516124	155.3945857048081	2423.8155244489976	
2116.1896	0.04559999999992215	Ripples	0.04559999999992215	2116.2168	13.607797172795918	169.57289159240872	1463.9513569427254	
2121.6464	0.05360000000018772	Ripples	0.05360000000018772	2121.676	22.56255140070552	149.19390577228415	1658.2916838282613	
2123.2200000000003	0.09760000000005675	Ripples	0.09760000000005675	2123.2848	35.7974265112962	157.90463156536504	2363.1125280743695	
2126.136	0.04800000000022919	Ripples	0.04800000000022919	2126.1616	10.736125022457708	141.8414436875497	808.9863919352898	
2131.1528000000003	0.09039999999959036	Ripples	0.09039999999959036	2131.1704	31.28710953576763	160.4664870387599	2159.8521266878224	
2132.0608	0.07600000000002183	Ripples	0.07600000000002183	2132.1104	17.27371635285694	149.03188311537951	1420.9105727901035	
2139.6192	0.09679999999980282	Ripples	0.09679999999980282	2139.6616	42.369005715935636	159.60584045025917	2333.19340701823	
2172.7576	0.03920000000016444	Ripples	0.03920000000016444	2172.7760000000003	11.995621199864551	161.21025460050998	1324.3672863675874	
2176.8864000000003	0.0567999999998392	Ripples	0.0567999999998392	2176.92	18.115977324170814	159.52465056900093	1675.32007719243	
2180.4296	0.08240000000023429	Ripples	0.08240000000023429	2180.4504	41.94381102123455	160.34579081141163	2495.5137386954634	
2184.4496	0.05760000000009313	Ripples	0.05760000000009313	2184.4824000000003	24.92773731250932	161.54124113216463	1939.0952806470639	
2186.8128	0.03679999999985739	Ripples	0.03679999999985739	2186.8312	9.11113259420985	148.50101900748808	915.9527084720866	
2186.8928	0.04959999999982756	Ripples	0.04959999999982756	2186.9256	24.043353444591762	160.51342708026212	1888.4165713925224	
2194.2128000000002	0.021600000000034925	Ripples	0.021600000000034925	2194.2232	7.355538326777747	159.6598620588718	926.1744593032142	
2197.5696000000003	0.03279999999995198	Ripples	0.03279999999995198	2197.592	27.351789388249472	163.15769718703282	1769.5431195921983	
2213.6328000000003	0.03279999999995198	Ripples	0.03279999999995198	2213.6576	8.428176975017719	149.21279715782782	804.3179278975153	
2214.08	0.05120000000033542	Ripples	0.05120000000033542	2214.0976	46.69893489459343	157.06136685737314	2595.727066213302	
2216.5312	0.03120000000035361	Ripples	0.03120000000035361	2216.5448	13.881955827841074	155.34925540330184	1247.5215674272467	
2218.0	680.0	SleepStates						Non-REM
2218.024	0.04000000000041837	Ripples	0.04000000000041837	2218.0416	27.5451520653407	161.90890384644183	2002.419226332757	
2220.7144000000003	0.04559999999992215	Ripples	0.04559999999992215	2220.7456	19.516282090330588	149.44618011289103	1496.37711755023	
2221.2712	0.0543999999999869	Ripples	0.0543999999999869	2221.3136	25.228453879929237	156.88409158936204	1548.51956777447	
2221.5232	0.04399999999986903	Ripples	0.04399999999986903	2221.5472	25.890774665863233	156.48259980741176	1955.331688808104	
2224.1064	0.08239999999977954	Ripples	0.08239999999977954	2224.148	38.64402446919437	149.27980467900647	2361.664793545618	
2225.0984000000003	0.024799999999686406	Ripples	0.024799999999686406	2225.1112000000003	13.597523036295332	160.70844506384242	1281.9920195129196	
2225.9576	0.08159999999998035	Ripples	0.08159999999998035	2225.9904	21.519306605844314	146.3075331455636	1556.0922731573312	
2228.1496	0.05999999999994543	Ripples	0.05999999999994543	2228.1784000000002	33.760148450348325	155.3071344697183	2204.972997872213	
2229.8272	0.0543999999999869	Ripples	0.0543999999999869	2229.8528	45.27984843296131	150.22956161898898	2148.2623158010715	
2232.2232	0.05920000000014625	Ripples	0.05920000000014625	2232.252	40.00900240120996	156.52568109971472	2374.358221265407	
2232.8096	0.03760000000011132	Ripples	0.03760000000011132	2232.8352	18.244961367231603	151.65836594690776	1229.7464431767396	
2234.8384	0.05760000000009313	Ripples	0.05760000000009313	2234.8536	16.33149588067388	157.2818095265261	1205.460854930298	
2237.1056000000003	0.0911999999998443	Ripples	0.0911999999998443	2237.1416	19.786090868222576	145.0791093377563	1208.5424462641063	
2242.5584	0.06720000000041182	Ripples	0.06720000000041182	2242.5744	16.057274276949073	155.4065977094871	1128.6832761363405	
2245.0912000000003	0.10399999999981446	Ripples	0.10399999999981446	2245.1632	26.089339390258186	146.4955560856305	1884.8158255862093	
2246.38	0.021600000000034925	Ripples	0.021600000000034925	2246.3912	6.167726072203442	159.06981711094204	817.3069850388769	
2248.0176	0.09439999999995052	Ripples	0.09439999999995052	2248.052	25.95644279602489	157.918038850047	2019.6335713627088	
2250.1416	0.09840000000031068	Ripples	0.09840000000031068	2250.2152	18.270480907230144	147.28223669995648	1304.5423210882118	
2251.3696	0.04559999999992215	Ripples	0.04559999999992215	2251.3912	32.106746220479295	153.60614227068757	1933.0460852172557	
2252.2952	0.03040000000009968	Ripples	0.03040000000009968	2252.3056	11.966701229521574	159.7178269548077	1141.4355344819674	
2262.2112	0.07839999999987413	Ripples	0.07839999999987413	2262.2576	27.585994580375477	157.73369118473116	1735.8591922521534	
2266.7856	0.04559999999992215	Ripples	0.04559999999992215	2266.8104000000003	37.11661770082976	151.88092674597388	1979.2199435572743	
2268.3768	0.09439999999995052	Ripples	0.09439999999995052	2268.4120000000003	30.60401358036884	153.84718871436974	2208.6794528740525	
2271.532	0.02719999999999345	Ripples	0.02719999999999345	2271.5456	15.722488866567504	157.60650869542792	1376.5016654298936	
2272.3432000000003	0.0543999999999869	Ripples	0.0543999999999869	2272.376	44.200321331979495	155.27021265034037	2427.4151577048992	
2273.2664	0.038399999999910506	Ripples	0.038399999999910506	2273.2912	15.528955660636061	155.5264051899506	1278.4557216144926	
2273.664	0.047999999999774445	Ripples	0.047999999999774445	2273.6904	11.507976082956386	146.01037619078681	832.0363041496985	
2274.4904	0.05040000000008149	Ripples	0.05040000000008149	2274.5104	44.256380899587924	158.2368332592299	2515.8258638912903	
2274.8664	0.03760000000011132	Ripples	0.03760000000011132	2274.8912	11.949563784936391	170.48378080551356	896.6384373420309	
2275.4768	0.048800000000028376	Ripples	0.048800000000028376	2275.5152000000003	23.274288992294036	157.420196869077	1663.235664839724	
2276.6704	0.04559999999992215	Ripples	0.04559999999992215	2276.6904	32.79115593062295	161.37972616709465	2162.6347720421045	
2277.0968000000003	0.12239999999974316	Ripples	0.12239999999974316	2277.1864	10.380559853798049	145.16631889718172	853.8061189357295	
2277.8856	0.032000000000152795	Ripples	0.032000000000152795	2277.9032	10.979425768054728	151.95357671404682	895.6204687971754	
2278.0736	0.03679999999985739	Ripples	0.03679999999985739	2278.092	12.653109250518073	154.91674132609674	1315.392802869029	
2278.5064	0.0543999999999869	Ripples	0.0543999999999869	2278.5336	40.51190508155812	159.1992912454305	2417.230773451179	
2279.312	0.02719999999999345	Ripples	0.02719999999999345	2279.3272	5.5160055936578	144.49130193141954	642.9224401856004	
2281.0824000000002	0.02320000000008804	Ripples	0.02320000000008804	2281.0944	11.815848116198884	158.24168492923368	1140.9542648583663	
2284.6144	0.12400000000025102	Ripples	0.12400000000025102	2284.6312000000003	32.995175351711566	154.08268683380672	1911.8994437612744	
2285.5736	0.0543999999999869	Ripples	0.0543999999999869	2285.6064	21.026346896513786	145.28632925705838	1441.9006784753012	
2286.616	0.05279999999993379	Ripples	0.05279999999993379	2286.6400000000003	40.44113757001878	156.0129023411582	2448.429169358092	
2288.0328	0.03440000000000509	Ripples	0.03440000000000509	2288.0496000000003	13.356215383075103	158.96370011513403	1348.963270185315	
2293.3544	0.024800000000141154	Ripples	0.024800000000141154	2293.3688	10.391308718021735	155.77660306847127	932.2740043235532	
2293.42	0.10719999999992069	Ripples	0.10719999999992069	2293.5096000000003	16.243981506247433	150.65591794054816	1110.1096788357725	
2295.1432	0.03760000000011132	Ripples	0.03760000000011132	2295.1600000000003	23.35622332890287	159.37764855290234	1826.2666094381634	
2295.2648	0.08000000000038199	Ripples	0.08000000000038199	2295.2968	27.711603897534133	148.89123470014852	1807.7615172799744	
2296.5896000000002	0.06399999999985084	Ripples	0.06399999999985084	2296.6352	24.173535126268163	151.13515699513383	1720.9070043232562	
2296.676	0.03999999999996362	Ripples	0.03999999999996362	2296.7016000000003	6.532513177628154	143.79944183451644	784.7681548231795	
2296.9528	0.04080000000021755	Ripples	0.04080000000021755	2296.964	5.105511476446723	147.40374233143797	588.9969866354327	
2297.0592	0.03279999999995198	Ripples	0.03279999999995198	2297.0704	11.027248016039442	154.0232929611114	1082.9194542777825	
2297.2416000000003	0.04639999999972133	Ripples	0.04639999999972133	2297.2528	15.475593734118718	151.08707743017268	1213.1117144903214	
2298.3008	0.04800000000022919	Ripples	0.04800000000022919	2298.3216	24.107079740046572	153.79352390850798	1734.2084398194338	
2298.4504	0.023999999999887223	Ripples	0.023999999999887223	2298.4696	6.475554752757053	148.85565996505622	712.4566265751755	
2298.9272	0.1255999999998494	Ripples	0.1255999999998494	2298.9768	19.663583010246413	148.50278019673934	1308.0473140273718	
2299.7848	0.07520000000022264	Ripples	0.07520000000022264	2299.8408	25.680209798430802	162.80494327190905	1704.0500925460576	
2300.2088	0.04320000000006985	Ripples	0.04320000000006985	2300.2264	17.215838689920034	151.0666415202832	1244.3264051326573	
2301.1392	0.03920000000016444	Ripples	0.03920000000016444	2301.1544	22.473057758731287	156.4738572895305	1513.037409995589	
2302.2152	0.03920000000016444	Ripples	0.03920000000016444	2302.244	18.171379812624043	159.0705018163419	1368.5284058967318	
2302.3976000000002	0.031199999999898864	Ripples	0.031199999999898864	2302.4152	15.857985544474124	155.34101888828215	1300.6192048278028	
2305.8544	0.04959999999982756	Ripples	0.04959999999982756	2305.88	19.98886740780538	154.12294903023002	1584.392208854219	
2312.0328	0.05279999999993379	Ripples	0.05279999999993379	2312.0472	14.759284038309051	152.27209482383324	1366.6402138546093	
2315.0024000000003	0.041600000000016735	Ripples	0.041600000000016735	2315.0216	13.051818613694882	165.05343875809018	1411.9525387619558	
2315.6976	0.068000000000211	Ripples	0.068000000000211	2315.7352	21.116013072951652	151.76755596298878	1808.8379045888812	
2316.0624000000003	0.04639999999972133	Ripples	0.04639999999972133	2316.0952	29.451427763951454	155.99229458368683	1874.8145229387621	
2316.784	0.04800000000022919	Ripples	0.04800000000022919	2316.8096	11.531462277032128	140.3912956917141	780.749453564023	
2317.0728	0.03680000000031214	Ripples	0.03680000000031214	2317.0840000000003	19.974574660992943	156.13407580520604	1396.203662523075	
2319.4488	0.03440000000000509	Ripples	0.03440000000000509	2319.4568	6.970526279385672	161.89584651056552	686.3396580450739	
2319.888	0.03360000000020591	Ripples	0.03360000000020591	2319.9032	8.208637550619562	153.575621112572	717.8761032954651	
2322.6496	0.03199999999969805	Ripples	0.03199999999969805	2322.6608	18.003597438186866	162.43256831192585	1368.5319308751061	
2323.9976	0.05600000000004002	Ripples	0.05600000000004002	2324.0432	11.398207518954086	155.06446932075215	834.9726422576937	
2327.288	0.051199999999880674	Ripples	0.051199999999880674	2327.3168	22.923108149484385	165.2146066448852	1899.5204301978786	
2329.5184	0.03999999999996362	Ripples	0.03999999999996362	2329.5288	17.26838109644575	157.85286417301987	1407.8230147331496	
2329.664	0.03519999999980428	Ripples	0.03519999999980428	2329.6888	14.04004706173646	153.8372377948208	1206.3231965970313	
2330.3616	0.03519999999980428	Ripples	0.03519999999980428	2330.384	17.992209259500086	155.49218634088717	1423.9048500816796	
2330.5096000000003	0.040799999999762804	Ripples	0.040799999999762804	2330.5272	12.035183050457627	153.74420022970313	1088.7781977850875	
2332.4104	0.04320000000006985	Ripples	0.04320000000006985	2332.4320000000002	17.771129895622682	151.47379613046553	1325.371874340219	
2332.4904	0.03679999999985739	Ripples	0.03679999999985739	2332.5056	6.6399278121126075	146.97778482974022	805.0055569076366	
2335.3376000000003	0.03919999999970969	Ripples	0.03919999999970969	2335.3656	13.333801501753673	151.2279655031541	1157.1940567542847	
2335.952	0.03600000000005821	Ripples	0.03600000000005821	2335.972	25.4033324100768	164.99910745116458	1952.5585312789533	
2338.0728	0.03040000000009968	Ripples	0.03040000000009968	2338.088	8.920779258574562	149.57398236611562	871.0900854643103	
2338.1512000000002	0.06799999999975626	Ripples	0.06799999999975626	2338.1952	32.91873001346279	155.49312205275442	2018.5693435624585	
2338.8392	0.09360000000015134	Ripples	0.09360000000015134	2338.8912	11.730988641937028	145.39591438907658	1116.5173397364142	
2339.7456	0.03199999999969805	Ripples	0.03199999999969805	2339.7632000000003	18.04927428985471	151.92906898168349	1237.3247627086298	
2339.864	0.0543999999999869	Ripples	0.0543999999999869	2339.8928	15.430421635210285	145.3093502546663	1193.8787893093497	
2348.956	0.08559999999988577	Ripples	0.08559999999988577	2348.9824000000003	22.14598505484079	149.69251974898813	1320.347106657715	
2353.3712	0.03920000000016444	Ripples	0.03920000000016444	2353.4	21.11588935685407	157.56835526711393	1430.5884163700946	
2359.0824000000002	0.031199999999898864	Ripples	0.031199999999898864	2359.0992	18.977305630461796	158.98115217002305	1539.816142951351	
2359.5096000000003	0.037599999999656575	Ripples	0.037599999999656575	2359.5248	6.09848680448103	151.94545270895685	507.80289881180863	
2364.9424	0.044800000000122964	Ripples	0.044800000000122964	2364.9736000000003	9.587246691155975	148.46385331680023	831.1042369719264	
2365.2184	0.031199999999898864	Ripples	0.031199999999898864	2365.2360000000003	16.038147378515	155.64044108643571	1330.8235471971216	
2367.0144	0.08320000000003347	Ripples	0.08320000000003347	2367.0496000000003	37.181286060651935	146.52391858331566	2072.8539497690854	
2367.516	0.03679999999985739	Ripples	0.03679999999985739	2367.536	24.462722741712813	158.33936164627028	1849.3928911266603	
2368.088	0.03919999999970969	Ripples	0.03919999999970969	2368.1024	37.94244736950456	161.18893369738345	2094.1505005132844	
2369.176	0.041600000000016735	Ripples	0.041600000000016735	2369.2032	39.442698924566564	155.5133870428751	2187.5524100362036	
2370.3896	0.03999999999996362	Ripples	0.03999999999996362	2370.4008	13.661278041699987	157.1831623554201	1204.0738515788457	
2372.9864000000002	0.0567999999998392	Ripples	0.0567999999998392	2373.0272	10.256803655061415	171.28807962987227	1195.6037893359717	
2373.5688	0.0727999999999156	Ripples	0.0727999999999156	2373.592	15.00570757021444	151.09732956601064	872.62299402304	
2374.4752000000003	0.1455999999998312	Ripples	0.1455999999998312	2374.552	44.986557969119914	155.93861263709442	2503.5760785397238	
2374.9832	0.040799999999762804	Ripples	0.040799999999762804	2375.0136	5.917614219436374	153.65282847771178	660.7374512436614	
2375.5936	0.04399999999986903	Ripples	0.04399999999986903	2375.6192	21.473354386462372	153.743512326398	1419.7101407658638	
2376.2544000000003	0.03519999999980428	Ripples	0.03519999999980428	2376.2752	18.03788446755715	157.61350679493242	1483.6943222101668	
2377.6712	0.03519999999980428	Ripples	0.03519999999980428	2377.6848	20.17499099894603	159.9878595965904	1505.181576269434	
2378.0232	0.024800000000141154	Ripples	0.024800000000141154	2378.0344	11.583471999619098	160.72131651734207	1168.6217897352433	
2380.2176	0.0704000000000633	Ripples	0.0704000000000633	2380.252	39.70734146017902	150.93368313581487	2352.261030988946	
2380.9944	0.03679999999985739	Ripples	0.03679999999985739	2381.0096000000003	12.319060476681885	149.35327279997745	1111.3429160593053	
2385.4656	0.05120000000033542	Ripples	0.05120000000033542	2385.4776	5.67970926870163	161.02306574842808	544.2500727856003	
2388.512	0.06799999999975626	Ripples	0.06799999999975626	2388.56	26.341808639108784	161.0531887826084	1938.435113645369	
2389.156	0.025599999999940337	Ripples	0.025599999999940337	2389.1704	10.709966118242177	157.66011110774576	1007.1196616885651	
2391.8656	0.041600000000016735	Ripples	0.041600000000016735	2391.884	15.802587923724323	156.47036933273424	1096.8706721069632	
2391.944	0.03680000000031214	Ripples	0.03680000000031214	2391.9552000000003	11.190436284925843	152.64036831700133	982.7135179455356	
2392.0736	0.03279999999995198	Ripples	0.03279999999995198	2392.0888	5.773370713863063	146.25180681313395	722.0691684012069	
2394.2384	0.02719999999999345	Ripples	0.02719999999999345	2394.2504	7.180041489012156	145.4015698979247	672.4627303909638	
2399.2872	0.10399999999981446	Ripples	0.10399999999981446	2399.3768	24.766607449435867	151.42757321781468	1331.1524885439924	
2403.3896	0.022400000000288856	Ripples	0.022400000000288856	2403.4008	12.746854135673065	158.7483909714251	1110.4935933894712	
2403.6632	0.026400000000194268	Ripples	0.026400000000194268	2403.6784000000002	9.943774210450801	153.48971176225348	908.3488583474274	
2406.0248	0.07920000000012806	Ripples	0.07920000000012806	2406.0392	12.236373664668815	158.5303258723806	1330.9553679546573	
2407.4568	0.04320000000006985	Ripples	0.04320000000006985	2407.4712	18.22483640572793	156.57085546203692	1220.1322146970333	
2411.664	0.12159999999994398	Ripples	0.12159999999994398	2411.7496	26.87835792116557	144.43415268424462	1443.9757621894248	
2411.8888	0.06880000000001019	Ripples	0.06880000000001019	2411.9176	25.553489454563756	153.88012829501702	1728.1379117148063	
2412.0432	0.032000000000152795	Ripples	0.032000000000152795	2412.0576	18.664542898411877	157.78523058754337	1373.6861070025002	
2414.5072	0.06480000000010477	Ripples	0.06480000000010477	2414.5240000000003	15.898536805050139	155.56163627856594	1310.523372857645	
2415.3224	0.035200000000259024	Ripples	0.035200000000259024	2415.34	20.551787979325862	155.04366354491856	1474.7964637631803	
2416.168	0.031199999999898864	Ripples	0.031199999999898864	2416.1784000000002	5.01829038572062	170.09552372032152	577.4237017505191	
2416.2664	0.048800000000028376	Ripples	0.048800000000028376	2416.2856	31.408557251951223	153.0233539806008	1622.603940161929	
2416.3672	0.051199999999880674	Ripples	0.051199999999880674	2416.3944	23.223626901798706	156.6084350262544	1527.1449885128122	
2417.4784	0.05279999999993379	Ripples	0.05279999999993379	2417.4936000000002	21.02955382012309	154.3236081201118	1657.0542622068085	
2417.6408	0.04239999999981592	Ripples	0.04239999999981592	2417.6528000000003	10.806368802866013	155.41268446062836	915.9032505074703	
2421.7936	0.061599999999998545	Ripples	0.061599999999998545	2421.8144	8.016783202529526	163.69272153882088	876.4492317264423	
2423.3304000000003	0.048800000000028376	Ripples	0.048800000000028376	2423.3576000000003	16.791143162834043	143.8803797343412	942.8201293447548	
2429.5592	0.03760000000011132	Ripples	0.03760000000011132	2429.5784000000003	8.126095964994953	149.435270366202	817.5506732510544	
2429.7848	0.022400000000288856	Ripples	0.022400000000288856	2429.8	6.171319315262256	151.72049613824166	712.9682021472665	
2430.2984	0.028800000000046566	Ripples	0.028800000000046566	2430.3136	10.204922148807148	155.68389507019825	872.8596759920894	
2432.2304	0.052000000000134605	Ripples	0.052000000000134605	2432.2496	6.971138835972897	137.52054850250033	443.6605636976115	
2433.4144	0.03040000000009968	Ripples	0.03040000000009968	2433.4280000000003	27.747691248844493	159.10576389103588	1727.0282371999697	
2435.0704	0.055200000000240834	Ripples	0.055200000000240834	2435.1040000000003	20.923511933278075	150.77900688375775	1128.884623156167	
2435.2552	0.05920000000014625	Ripples	0.05920000000014625	2435.2736	13.818252740603116	146.73393615400076	810.9810182541482	
2435.8656	0.02959999999984575	Ripples	0.02959999999984575	2435.8736	7.669312824569644	161.70851990184664	771.4925853709406	
2439.02	0.048800000000028376	Ripples	0.048800000000028376	2439.0472	10.826288358373008	149.61945720724148	948.8531360635609	
2439.156	0.042400000000270666	Ripples	0.042400000000270666	2439.1768	15.82036611520426	146.92115983988992	1246.2364165458803	
2441.3312	0.04640000000017608	Ripples	0.04640000000017608	2441.34	7.584227265187653	167.32642997959843	752.2639250349721	
2443.9416	0.0704000000000633	Ripples	0.0704000000000633	2443.9912	24.760368621888745	149.50465221261777	1752.3463462431146	
2445.176	0.03040000000009968	Ripples	0.03040000000009968	2445.1912	15.147453815612737	152.13647256544195	1160.7092213603532	
2449.8296	0.03760000000011132	Ripples	0.03760000000011132	2449.8536	38.783676333948314	162.26862320540292	2204.7354359177466	
2451.1872000000003	0.08959999999979118	Ripples	0.08959999999979118	2451.2456	29.163788199665436	148.3773239688877	1659.141049695634	
2454.9464000000003	0.031199999999898864	Ripples	0.031199999999898864	2454.9576	22.93311618974328	164.02006985204133	1636.1237026261788	
2458.0768000000003	0.022399999999834108	Ripples	0.022399999999834108	2458.0848	9.659985089903135	156.02887631881	912.2379991313184	
2459.3720000000003	0.03359999999975116	Ripples	0.03359999999975116	2459.3888	13.527698479175154	165.03512412829548	1398.854677274152	
2461.1248	0.03760000000011132	Ripples	0.03760000000011132	2461.1552	5.083808114537072	158.26574594938234	727.0651767643145	
2462.1728000000003	0.0567999999998392	Ripples	0.0567999999998392	2462.2016000000003	23.59604248385797	149.7676053707514	1488.021248354736	
2464.1696	0.17200000000002547	Ripples	0.17200000000002547	2464.2776	39.00732141009133	143.54298021843243	1919.7070277425273	
2466.092	0.04080000000021755	Ripples	0.04080000000021755	2466.1040000000003	13.255736289633365	150.5861922592325	972.2567051657919	
2468.8088000000002	0.028800000000046566	Ripples	0.028800000000046566	2468.8296	11.609095236873163	151.51927991126607	1082.4910098032126	
2469.7664	0.05920000000014625	Ripples	0.05920000000014625	2469.78	11.573065320789855	156.8769425786527	1287.4306288948333	
2473.7496	0.04320000000006985	Ripples	0.04320000000006985	2473.7696	5.926538099137067	152.9641769328487	499.1688453372902	
2473.9032	0.088799999999992	Ripples	0.088799999999992	2473.9376	17.82893286678686	145.93572884992264	1163.7663531824826	
2477.5504	0.04320000000006985	Ripples	0.04320000000006985	2477.5648	12.708630145055006	158.98087758396753	1227.394856495113	
2478.3936000000003	0.06239999999979773	Ripples	0.06239999999979773	2478.4216	8.533154358605566	151.10627705083013	863.9318032241966	
2479.1264	0.068000000000211	Ripples	0.068000000000211	2479.1592	25.511419106007594	154.93962942857837	2049.8844278910906	
2480.8576000000003	0.05199999999967986	Ripples	0.05199999999967986	2480.884	10.477578410990938	156.8755579286104	742.8879153356378	
2481.1928000000003	0.04639999999972133	Ripples	0.04639999999972133	2481.2152	20.058851606041838	148.6859102403044	1348.32970975644	
2481.3528	0.06080000000019936	Ripples	0.06080000000019936	2481.3648000000003	11.764833948044485	153.80218911824403	874.6083705116321	
2482.0896000000002	0.03919999999970969	Ripples	0.03919999999970969	2482.1048	24.118608241314913	152.3231397603497	1523.1940230546472	
2483.6592	0.03279999999995198	Ripples	0.03279999999995198	2483.6776	9.313069016813095	151.10153896222135	1009.9346463792169	
2485.7056000000002	0.05040000000008149	Ripples	0.05040000000008149	2485.7200000000003	23.269698641418326	152.6036220512449	1394.8176121430815	
2485.9504	0.051199999999880674	Ripples	0.051199999999880674	2485.9768	15.178126061983521	153.0286461540671	1084.51370042336	
2486.1536	0.05360000000018772	Ripples	0.05360000000018772	2486.1800000000003	7.501095843870585	153.17718349988513	682.334529243629	
2490.2728	0.04639999999972133	Ripples	0.04639999999972133	2490.2912	13.971803584424357	152.25714553715284	1270.708990495574	
2492.5376	0.04800000000022919	Ripples	0.04800000000022919	2492.5496000000003	10.877851602466373	157.3695820153939	917.8541159214001	
2496.324	0.11680000000023938	Ripples	0.11680000000023938	2496.3744	12.80014632149206	139.80253863123116	720.9198095619124	
2499.2984	0.08399999999983265	Ripples	0.08399999999983265	2499.3752	10.457634327197024	159.68554938113323	782.0299922802502	
2501.34	0.044800000000122964	Ripples	0.044800000000122964	2501.3664000000003	9.58327133224393	149.05388052610292	655.2582176303632	
2501.4256	0.03040000000009968	Ripples	0.03040000000009968	2501.4488	9.087454501566862	161.15930392509657	629.1246397875743	
2503.172	0.05999999999994543	Ripples	0.05999999999994543	2503.212	15.617866518216912	155.56995195523143	1499.528951338316	
2512.472	0.13839999999981956	Ripples	0.13839999999981956	2512.552	26.230782571136864	150.03046537509616	1911.963616136538	
2519.2064	0.035200000000259024	Ripples	0.035200000000259024	2519.2200000000003	32.41004806780912	164.65028598105968	2044.0876776281095	
2519.3320000000003	0.051199999999880674	Ripples	0.051199999999880674	2519.3576000000003	36.992431553396514	152.07514621558374	1799.5820674850418	
2519.4896000000003	0.02639999999973952	Ripples	0.02639999999973952	2519.5064	19.868899524292484	164.96890770990646	1495.79197723811	
2521.7960000000003	0.06479999999965003	Ripples	0.06479999999965003	2521.828	29.086573388843817	155.41801586694064	2114.913707063413	
2525.0728	0.11360000000013315	Ripples	0.11360000000013315	2525.1272	24.067898702379484	153.6893929367308	1780.6568865457523	
2526.8864000000003	0.1135999999996784	Ripples	0.1135999999996784	2526.9096	16.35066516113547	150.34426480568501	1041.7829475130752	
2530.952	0.02959999999984575	Ripples	0.02959999999984575	2530.9664000000002	9.090565052972885	156.8687152336767	901.233051472878	
2531.4792	0.051199999999880674	Ripples	0.051199999999880674	2531.5064	47.2093290549558	154.4467261055314	2527.2702271998533	
2534.4064000000003	0.08399999999983265	Ripples	0.08399999999983265	2534.4384	11.917269148799807	157.84963334024877	696.5420955592004	
2536.4368	0.09120000000029904	Ripples	0.09120000000029904	2536.496	17.652670874514943	146.47168071707281	1148.6671181771583	
2537.9864000000002	0.03359999999975116	Ripples	0.03359999999975116	2538.0088	10.334151092002488	151.56240719950372	831.115702925288	
2541.8736	0.03440000000000509	Ripples	0.03440000000000509	2541.8976000000002	29.920047920540746	158.635540087814	1721.090316728686	
2542.5184	0.03840000000036525	Ripples	0.03840000000036525	2542.5472	13.241084140613156	160.36100444402896	1228.1458815945289	
2542.7368	0.052000000000134605	Ripples	0.052000000000134605	2542.7712	21.91692153816329	152.75103497091905	1329.1184401929052	
2542.9824000000003	0.040799999999762804	Ripples	0.040799999999762804	2542.9976	22.45243232916463	150.35348830896325	1489.6465820967198	
2544.4408000000003	0.07119999999986248	Ripples	0.07119999999986248	2544.4776	16.034831188156794	148.31117323302385	1070.2358813172175	
2549.4552000000003	0.06239999999979773	Ripples	0.06239999999979773	2549.4664000000002	5.540737620047485	166.77335372546386	541.0778635796331	
2550.5072	0.03279999999995198	Ripples	0.03279999999995198	2550.5224000000003	20.345353089625647	158.53397090110147	1500.036347269514	
2555.9752000000003	0.038399999999910506	Ripples	0.038399999999910506	2556.0032	8.018359623718561	152.45258846174926	706.8695891590392	
2560.032	0.025599999999940337	Ripples	0.025599999999940337	2560.0496000000003	13.881177245402752	158.74069709785365	1199.9616568889514	
2561.6176	0.031199999999898864	Ripples	0.031199999999898864	2561.6312000000003	18.72739084130317	161.9902215717632	1543.5006351961242	
2562.8416	0.04239999999981592	Ripples	0.04239999999981592	2562.8696	7.294138697229681	147.48475471318687	832.4519785823935	
2568.376	0.025599999999940337	Ripples	0.025599999999940337	2568.3904	8.86676069460029	153.7418576797189	939.353498082081	
2575.9832	0.04320000000006985	Ripples	0.04320000000006985	2576.0008000000003	24.683363962185677	159.7043777037708	1853.960255157333	
2581.7424	0.026400000000194268	Ripples	0.026400000000194268	2581.7512	10.634911866758255	160.7265430088523	1067.0908008201309	
2584.2272000000003	0.057599999999638385	Ripples	0.057599999999638385	2584.2728	11.978446769406803	148.72933384224515	877.1565888854401	
2584.4864000000002	0.06239999999979773	Ripples	0.06239999999979773	2584.5176	37.967194803984206	149.59371703083679	2014.940743016721	
2585.3272	0.05600000000004002	Ripples	0.05600000000004002	2585.344	11.499290771604691	150.03771800808175	1074.9287418398198	
2592.0592	0.04399999999986903	Ripples	0.04399999999986903	2592.0888	5.3875425963875765	146.6926958112586	599.866786993356	
2592.5128	0.11439999999993233	Ripples	0.11439999999993233	2592.6072	42.647245825588925	158.77101745656825	2623.2526385795973	
2594.48	0.068000000000211	Ripples	0.068000000000211	2594.52	30.613833823821622	149.45190783505495	1911.0926618621086	
2595.2008	0.06480000000010477	Ripples	0.06480000000010477	2595.2160000000003	12.603192847656132	154.7220794088968	938.9284845319627	
2598.1224	0.038399999999910506	Ripples	0.038399999999910506	2598.1448	31.172267211237966	162.95693563963954	2143.5180235063035	
2598.7904000000003	0.044799999999668216	Ripples	0.044799999999668216	2598.8048000000003	29.379401768504348	158.76471531794073	1977.423990165818	
2599.1768	0.08239999999977954	Ripples	0.08239999999977954	2599.2400000000002	13.421710136361009	152.61037433019823	1277.2222576865481	
2601.4016	0.07360000000016953	Ripples	0.07360000000016953	2601.4648	11.440083120982957	153.13944454674262	1188.7991145370793	
2602.9144	0.026400000000194268	Ripples	0.026400000000194268	2602.9328	5.536873526543698	148.5636760478125	640.6460431145928	
2604.6896	0.047999999999774445	Ripples	0.047999999999774445	2604.7016000000003	22.525750991115217	154.63344781921873	1552.7642042401496	
2604.8496	0.041600000000016735	Ripples	0.041600000000016735	2604.8768	19.95724638549489	156.7059656973768	1660.7363640900874	
2609.7232	0.09760000000005675	Ripples	0.09760000000005675	2609.8	27.129652170907438	155.57354663384538	2053.625486245775	
2616.2712	0.03600000000005821	Ripples	0.03600000000005821	2616.2832000000003	6.002132042931374	161.4333867582421	546.546612901748	
2617.4952000000003	0.020799999999780994	Ripples	0.020799999999780994	2617.5088	5.625107239499769	161.67703366251962	847.1277725054798	
2618.0696000000003	0.07839999999987413	Ripples	0.07839999999987413	2618.1224	17.418822235892527	145.96165147831633	905.6607805174162	
2623.2968	0.04320000000006985	Ripples	0.04320000000006985	2623.3160000000003	23.51857555750424	150.40468536440997	1497.611046047904	
2624.0768000000003	0.03919999999970969	Ripples	0.03919999999970969	2624.096	36.63584995186318	158.4667136674441	2226.1604567657023	
2624.4304	0.03600000000005821	Ripples	0.03600000000005821	2624.4504	36.49981297102115	164.76970835734087	2234.9439920683585	
2625.3848000000003	0.025599999999940337	Ripples	0.025599999999940337	2625.4	5.213239587340659	149.35871634741665	653.2535517083392	
2633.7160000000003	0.08639999999968495	Ripples	0.08639999999968495	2633.7728	33.88933314158157	159.7680975561278	1952.2042452474739	
2638.9104	0.052000000000134605	Ripples	0.052000000000134605	2638.9328	14.377011451859097	147.9392031566956	962.7229725684947	
2644.4936000000002	0.06639999999970314	Ripples	0.06639999999970314	2644.5424000000003	23.29452044907737	153.97070848122905	1374.684218426278	
2645.8936000000003	0.04239999999981592	Ripples	0.04239999999981592	2645.9288	7.219294585997543	158.09940900636175	601.3147059991488	
2646.2728	0.025599999999940337	Ripples	0.025599999999940337	2646.2912	6.290363499211931	153.34907487703458	866.0816382325572	
2649.1088	0.04320000000006985	Ripples	0.04320000000006985	2649.1200000000003	18.059436605216852	155.39510798728483	1297.9565505687572	
2649.3688	0.040799999999762804	Ripples	0.040799999999762804	2649.3984	11.266110603327787	149.2199736832914	901.7265864024583	
2649.5416	0.031199999999898864	Ripples	0.031199999999898864	2649.5496000000003	5.435632202718772	161.7160861649238	579.2101471061656	
2650.6416	0.07200000000011642	Ripples	0.07200000000011642	2650.6648	46.864265896122504	157.59796762361148	2408.140879630333	
2651.2056000000002	0.024799999999686406	Ripples	0.024799999999686406	2651.2200000000003	9.795041451566968	159.21842773471383	1033.0983067594777	
2651.6016	0.026400000000194268	Ripples	0.026400000000194268	2651.6168000000002	7.2366716704988345	151.412220671406	789.5643498497641	
2652.596	0.04080000000021755	Ripples	0.04080000000021755	2652.6104	12.135043131155216	158.81749892896136	758.8993928844527	
2652.7104	0.03680000000031214	Ripples	0.03680000000031214	2652.7256	14.156524690503334	156.16051291205434	1022.4905254923528	
2653.4632	0.031199999999898864	Ripples	0.031199999999898864	2653.4896000000003	6.585158919841326	155.79570810664129	732.8171593842562	
2660.2128000000002	0.03359999999975116	Ripples	0.03359999999975116	2660.2360000000003	15.49458948542446	155.02987208076527	1084.0850384834275	
2660.3152	0.06480000000010477	Ripples	0.06480000000010477	2660.3472	18.396270704659614	157.80050448478315	1736.0557664318312	
2666.516	0.028800000000046566	Ripples	0.028800000000046566	2666.5312000000004	11.686184255100144	155.23584219304595	1079.6432357348633	
2666.6272	0.022400000000288856	Ripples	0.022400000000288856	2666.6376	5.106871960127277	156.06205481982903	688.0009601093831	
2672.2744000000002	0.09519999999974971	Ripples	0.09519999999974971	2672.2952	23.885053852880542	146.31636496872724	1547.2272131872965	
2678.3864000000003	0.09359999999969659	Ripples	0.09359999999969659	2678.42	39.42523937425114	147.9396416244654	2048.741018273763	
2678.5056	0.042400000000270666	Ripples	0.042400000000270666	2678.5344	29.21736712094201	154.5127106907219	1848.7811422568705	
2681.4808000000003	0.051199999999880674	Ripples	0.051199999999880674	2681.496	23.832270907815637	155.6899515278219	1671.004542905068	
2685.4264000000003	0.06639999999970314	Ripples	0.06639999999970314	2685.452	50.87260506946852	153.80275408530994	2723.111961991249	
2685.6296	0.041600000000016735	Ripples	0.041600000000016735	2685.648	17.56945839528614	153.7594593933051	1456.8538795705583	
2686.0328	0.07920000000012806	Ripples	0.07920000000012806	2686.0896000000002	7.551909084600159	150.63594597371224	604.8858052313826	
2686.3864000000003	0.02959999999984575	Ripples	0.02959999999984575	2686.4088	7.652674608665975	155.28175077691634	834.2745544793034	
2686.7360000000003	0.051199999999880674	Ripples	0.051199999999880674	2686.7536	15.870883531516164	150.18544368454616	1192.9567872644966	
2690.7176	0.04960000000028231	Ripples	0.04960000000028231	2690.7496	13.731427858773587	146.49659833614493	1112.420383573243	
2690.8824	0.07760000000007494	Ripples	0.07760000000007494	2690.9280000000003	23.146508720275175	150.2763832237385	1358.6389843542424	
2693.2944	0.04959999999982756	Ripples	0.04959999999982756	2693.3264	13.526530042857788	149.3398810321015	1185.6491559859858	
2695.2808	0.029600000000300497	Ripples	0.029600000000300497	2695.2960000000003	20.87533641726475	157.58474367433962	1520.4196513824438	
2695.5832	0.032000000000152795	Ripples	0.032000000000152795	2695.6024	10.49034134436907	151.33284306690715	958.1002273311602	
2698.916	0.03040000000009968	Ripples	0.03040000000009968	2698.9280000000003	8.555443138234319	151.4315763007274	705.9154281952146	
2699.0432	0.05600000000004002	Ripples	0.05600000000004002	2699.0552000000002	9.15525526005331	152.34928217784437	838.3488807471075	
2700.9904	0.023999999999887223	Ripples	0.023999999999887223	2701.0024000000003	7.179255232235967	150.24948833489023	591.144150293321	
2701.4608000000003	0.058399999999892316	Ripples	0.058399999999892316	2701.4824000000003	33.331813425576485	158.5300211319247	1648.0065561612894	
2703.452	0.02320000000008804	Ripples	0.02320000000008804	2703.4656	13.783340025118985	158.53767169792644	1094.4838086150125	
2705.8968	0.05040000000008149	Ripples	0.05040000000008149	2705.9224	30.1025656283212	161.93122142129573	1911.2948507989913	
2708.8088000000002	0.07839999999987413	Ripples	0.07839999999987413	2708.8584	21.96669428385887	147.70760871850436	1657.2204379738384	
2709.6448	0.02080000000023574	Ripples	0.02080000000023574	2709.656	5.767022258206546	153.81644494191826	683.7402879116534	
2715.348	0.03040000000009968	Ripples	0.03040000000009968	2715.36	6.74826844091877	150.86687353795563	696.2328200494389	
2716.2936	0.026400000000194268	Ripples	0.026400000000194268	2716.3008	5.054678079979916	169.27623378286242	563.806772576119	
2716.3512	0.041600000000016735	Ripples	0.041600000000016735	2716.3712	11.060595786856961	159.82473579291164	1159.7693784973103	
2716.4312	0.04640000000017608	Ripples	0.04640000000017608	2716.4392000000003	8.354344114499952	153.86617994415906	871.7543370684836	
2719.26	0.08480000000008658	Ripples	0.08480000000008658	2719.3048000000003	8.568754453347474	143.4914646229661	768.6989169485555	
2720.228	0.022400000000288856	Ripples	0.022400000000288856	2720.2368	6.584651191638013	155.51601066255756	770.1308812359058	
2721.0952	0.025599999999940337	Ripples	0.025599999999940337	2721.1104	8.420736843042958	150.80527774666564	766.3772964563291	
2723.7808	0.11920000000009168	Ripples	0.11920000000009168	2723.8144	26.39934154629759	154.1162289930611	1871.832916041601	
2734.848	0.03760000000011132	Ripples	0.03760000000011132	2734.8592000000003	27.291095007359125	167.30052143313534	1733.8840029231353	
2734.9784	0.05920000000014625	Ripples	0.05920000000014625	2735.0056	50.62773653400057	151.27239647604554	2405.207092590819	
2735.2992	0.041600000000016735	Ripples	0.041600000000016735	2735.3168	34.82996476612043	151.8758149890603	1930.8165979960684	
2738.0424000000003	0.07839999999987413	Ripples	0.07839999999987413	2738.0952	37.031935803354095	148.572558035796	1618.5150714063261	
2738.9104	0.060799999999744614	Ripples	0.060799999999744614	2738.956	17.09527540261734	154.61461319599766	1542.590060792741	
2740.1800000000003	0.05359999999973297	Ripples	0.05359999999973297	2740.2024	14.553657527035599	147.14484936427564	1064.0613966134683	
2741.012	0.04239999999981592	Ripples	0.04239999999981592	2741.0416	34.28349551080935	156.6961103359739	1813.5113456686543	
2742.9320000000002	0.06719999999995707	Ripples	0.06719999999995707	2742.9728	33.23447210895861	156.27647628143217	1674.9757618973874	
2747.2072000000003	0.05999999999994543	Ripples	0.05999999999994543	2747.2392	48.327671502248805	156.0837815804962	2500.9398262681634	
2749.4272	0.028000000000247383	Ripples	0.028000000000247383	2749.4448	31.290064559377875	161.04317764763255	1855.010038511184	
2757.7592	0.04320000000006985	Ripples	0.04320000000006985	2757.7776000000003	16.91657903230199	149.96096249727452	1293.7538907156384	
2757.9648	0.03359999999975116	Ripples	0.03359999999975116	2757.9824000000003	23.837703583687844	159.3597305159541	1700.104275810743	
2761.0072	0.032000000000152795	Ripples	0.032000000000152795	2761.0216	11.745926304862696	151.64432685493514	1131.2238974427187	
2761.1424	0.03440000000000509	Ripples	0.03440000000000509	2761.1568	43.50007281858734	160.88906247198858	2323.3974505865945	
2763.4704	0.05999999999994543	Ripples	0.05999999999994543	2763.4912	12.002768048685688	165.97999660667273	995.7602918314047	
2764.0728	0.052800000000388536	Ripples	0.052800000000388536	2764.1040000000003	37.824429991474226	151.0872292678651	2006.356000419572	
2764.1848	0.04080000000021755	Ripples	0.04080000000021755	2764.1992	25.90193352811253	157.43735854336757	1636.5973027921675	
2765.1968	0.05040000000008149	Ripples	0.05040000000008149	2765.2200000000003	21.493102522987588	159.640816821698	1758.2984989191036	
2765.7552	0.048800000000028376	Ripples	0.048800000000028376	2765.7936	11.223784828262982	163.0426812037202	819.5080630349987	
2767.6336	0.03679999999985739	Ripples	0.03679999999985739	2767.6456000000003	10.900438261142256	152.1494261910594	934.1328757941541	
2768.0184	0.16800000000012005	Ripples	0.16800000000012005	2768.0512000000003	25.05552439241062	148.30691043269218	1398.3154005773306	
2773.7952	0.025599999999940337	Ripples	0.025599999999940337	2773.8104000000003	11.531508771142313	154.96287109122508	1023.9083021443383	
2780.0024000000003	0.06559999999990396	Ripples	0.06559999999990396	2780.0344	26.674261845471456	145.73056934034108	1743.938380787258	
2781.7328	0.10239999999976135	Ripples	0.10239999999976135	2781.8008	34.56402738972615	158.25796777104827	1894.4763520220263	
2786.0056	0.06719999999995707	Ripples	0.06719999999995707	2786.0208000000002	24.18604807825437	151.0248871627374	1536.037130971745	
2790.5904	0.041600000000016735	Ripples	0.041600000000016735	2790.6064	6.6322950742508615	149.20034869765905	599.2560666204902	
2791.0656000000004	0.051199999999880674	Ripples	0.051199999999880674	2791.088	6.99304444170703	149.17794863160194	747.3592912849216	
2794.5104	0.04640000000017608	Ripples	0.04640000000017608	2794.5304	14.630412462044076	144.27480828855082	959.6672791612283	
2797.8888	0.04640000000017608	Ripples	0.04640000000017608	2797.9088	29.18358034299261	160.51640755200853	2112.4489218184185	
2801.7432000000003	0.05999999999994543	Ripples	0.05999999999994543	2801.7728	38.73216688862135	155.93861472345583	2349.2980241674622	
2802.2904000000003	0.0431999999996151	Ripples	0.0431999999996151	2802.3176000000003	40.333307675863665	157.93711461401836	2241.536173222583	
2810.7512	0.06640000000015789	Ripples	0.06640000000015789	2810.7832000000003	28.609627387630255	150.11473772940997	1333.9817481261405	
2812.5848	0.03760000000011132	Ripples	0.03760000000011132	2812.6008	29.156154596679954	157.87454938433245	1775.7515623339361	
2817.2960000000003	0.04320000000006985	Ripples	0.04320000000006985	2817.3184	16.432633242913198	145.17397367349156	1047.2132748371894	
2817.9584	0.03920000000016444	Ripples	0.03920000000016444	2817.9728	32.160182511669646	162.99623947431223	1850.8095175449569	
2818.8072	0.05359999999973297	Ripples	0.05359999999973297	2818.828	31.559517830765937	151.88024417115528	1668.2798939469956	
2822.2152	0.10800000000017462	Ripples	0.10800000000017462	2822.232	35.892693429934674	161.65385953616064	2277.6459825141173	
2825.9696000000004	0.03679999999985739	Ripples	0.03679999999985739	2825.9888	13.789787051119603	147.98829773618357	1075.5153964282767	
2827.6056000000003	0.05039999999962674	Ripples	0.05039999999962674	2827.6312000000003	48.220869561985474	155.55032183248434	2337.702496909002	
2828.2032	0.04080000000021755	Ripples	0.04080000000021755	2828.2272000000003	42.322320407031654	157.26770734644464	2330.599749600751	
2829.5416	0.05279999999993379	Ripples	0.05279999999993379	2829.5496000000003	5.336180029668694	159.547261072091	555.8534271244847	
2829.6592	0.032000000000152795	Ripples	0.032000000000152795	2829.6808	10.946657930105117	153.14067332709655	960.9171912403184	
2830.0416	0.04080000000021755	Ripples	0.04080000000021755	2830.0712000000003	19.28260653963336	148.06721765040345	1243.0745094187832	
2832.4016	0.038399999999910506	Ripples	0.038399999999910506	2832.4192000000003	19.37758350242287	154.66016622821138	1386.3230578961914	
2833.696	0.062400000000252476	Ripples	0.062400000000252476	2833.7136	28.38434845649252	153.75230167658364	1512.6985558885415	
2839.5992	0.038399999999910506	Ripples	0.038399999999910506	2839.616	40.756369373000396	159.25497185913065	2284.4488162043153	
2840.9816	0.03040000000009968	Ripples	0.03040000000009968	2840.996	39.31135716130855	162.69556959671564	2155.5768484930127	
2846.6896	0.03999999999996362	Ripples	0.03999999999996362	2846.7136	21.238370797691605	158.34146101603275	1701.9045684176524	
2848.6368	0.04639999999972133	Ripples	0.04639999999972133	2848.6656000000003	26.951048799159807	152.53922745225972	1733.2129313639718	
2850.4936000000002	0.05760000000009313	Ripples	0.05760000000009313	2850.5184	23.775116422513502	153.68105720266246	1349.4425444709784	
2852.1872000000003	0.03279999999995198	Ripples	0.03279999999995198	2852.1952	7.939790091638777	155.5683424199157	873.6967930281468	
2856.2000000000003	0.03919999999970969	Ripples	0.03919999999970969	2856.2216000000003	13.302671285883351	151.65413042925962	1096.8628000059502	
2860.288	0.05840000000034706	Ripples	0.05840000000034706	2860.3152	39.27884050680144	152.8397166350858	2106.034453802178	
2861.0712000000003	0.03199999999969805	Ripples	0.03199999999969805	2861.0824000000002	8.162385683660352	156.7778679645134	982.9174114389249	
2861.204	0.05040000000008149	Ripples	0.05040000000008149	2861.2224	30.892506825783517	152.7857567695775	1964.8214889006513	
2865.6592	0.04960000000028231	Ripples	0.04960000000028231	2865.6704	6.148948514967066	154.76991857092813	559.1687398930026	
2869.764	0.061599999999998545	Ripples	0.061599999999998545	2869.7968	31.34174953825351	155.27860795224592	2043.4281702990281	
2872.4664000000002	0.05519999999978609	Ripples	0.05519999999978609	2872.4928	14.730260704665895	153.2152393291094	1053.2555349047882	
2874.7904000000003	0.03519999999980428	Ripples	0.03519999999980428	2874.8120000000004	13.67598549892128	152.9497250820557	1061.1661312586136	
2879.7576	0.03680000000031214	Ripples	0.03680000000031214	2879.784	8.196940996358316	149.76275685151913	811.9988481536204	
2882.5128	0.02719999999999345	Ripples	0.02719999999999345	2882.5272	16.94956034694698	159.4245729368289	1406.8695722269333	
2886.1056000000003	0.02639999999973952	Ripples	0.02639999999973952	2886.1248	5.322631607874046	155.36782655516868	572.2466606768369	
2887.2984	0.02959999999984575	Ripples	0.02959999999984575	2887.3144	10.616106135003323	153.2698786199459	964.6824752972601	
2899.0	126.0	SleepStates						REM
2912.8864000000003	0.02719999999999345	Ripples	0.02719999999999345	2912.8952	5.274013688849118	149.83605562560905	674.0401943916897	
3026.0	26.0	SleepStates						Awake
3053.0	1174.0	SleepStates						Non-REM
3055.3192000000004	0.051199999999880674	Ripples	0.051199999999880674	3055.3304000000003	7.043257291049449	165.411732243774	795.0857218132367	
3058.8112	0.04800000000022919	Ripples	0.04800000000022919	3058.8344	33.422237381575826	156.12428418203808	2182.1208567194085	
3061.2072000000003	0.10079999999970823	Ripples	0.10079999999970823	3061.2376	34.42325918439024	146.89481616071143	1730.3358634739816	
3063.6096000000002	0.10159999999996217	Ripples	0.10159999999996217	3063.6600000000003	11.234287159012604	139.6243050435157	715.9028298110509	
3065.8304000000003	0.05600000000004002	Ripples	0.05600000000004002	3065.8552	26.46876155469489	147.19842357244204	1654.1813282786227	
3066.1472000000003	0.03919999999970969	Ripples	0.03919999999970969	3066.1768	5.444290465640387	158.4135557895576	561.6888846254691	
3066.4880000000003	0.030399999999644933	Ripples	0.030399999999644933	3066.5	20.4470577990482	167.68527787045852	1546.6457054375423	
3067.7368	0.08320000000003347	Ripples	0.08320000000003347	3067.7848000000004	29.32356128951263	144.83977247994025	1522.3329404703256	
3069.2352	0.055200000000240834	Ripples	0.055200000000240834	3069.2568	33.491641892862454	157.89245250648793	2255.961973341671	
3069.8608	0.03040000000009968	Ripples	0.03040000000009968	3069.8784	46.18426005470863	161.7817560506673	2312.5226920516184	
3075.0696000000003	0.05760000000009313	Ripples	0.05760000000009313	3075.0992	22.296716509067277	143.7081610082124	1381.8956516714218	
3075.7232000000004	0.022399999999834108	Ripples	0.022399999999834108	3075.7376	10.145154048075211	158.269464996308	884.286619405334	
3075.9576	0.048800000000028376	Ripples	0.048800000000028376	3075.9696000000004	9.094693307774735	150.4904995743401	788.9675360562075	
3076.3784	0.05760000000009313	Ripples	0.05760000000009313	3076.396	10.986500665781788	149.70368235854886	778.4432481898862	
3077.9904	0.027999999999792635	Ripples	0.027999999999792635	3078.0104	6.675170988827179	151.5760836507391	473.5306329518424	
3078.0496000000003	0.06719999999995707	Ripples	0.06719999999995707	3078.0776	24.68444093800617	156.38660909871433	1954.2129937357042	
3082.3320000000003	0.07839999999987413	Ripples	0.07839999999987413	3082.3736000000004	29.7580484926014	153.2090354816914	1805.7783931028607	
3085.8160000000003	0.03999999999996362	Ripples	0.03999999999996362	3085.8336	30.161650888752757	163.17024430581952	2046.5163658831254	
3086.032	0.028800000000046566	Ripples	0.028800000000046566	3086.0504	6.649097960343147	146.18259649006498	674.3323499770405	
3090.6936	0.04320000000006985	Ripples	0.04320000000006985	3090.7088000000003	22.004878969611074	155.8723840390615	1376.5763121245573	
3091.9864000000002	0.08480000000008658	Ripples	0.08480000000008658	3092.0408	36.0664702612914	149.61500222507814	2121.8387917195796	
3094.1496	0.12319999999999709	Ripples	0.12319999999999709	3094.2560000000003	20.10531398633722	156.63327950779865	1447.213029194473	
3094.3528	0.03040000000009968	Ripples	0.03040000000009968	3094.3648000000003	9.575258116033575	151.5563014578687	906.9797665866461	
3101.7872	0.03040000000009968	Ripples	0.03040000000009968	3101.8088000000002	10.676438614766601	151.84636948075246	963.3849462341019	
3104.0488	0.06320000000005166	Ripples	0.06320000000005166	3104.0776	10.753097022850628	148.04478946245587	757.1654150986823	
3104.8880000000004	0.05199999999967986	Ripples	0.05199999999967986	3104.8952	6.800104452221022	154.81321960614565	851.3300475040336	
3105.884	0.06640000000015789	Ripples	0.06640000000015789	3105.8984	17.105051061767597	152.4804931797882	1194.7182623625624	
3106.1888000000004	0.040799999999762804	Ripples	0.040799999999762804	3106.208	7.952609823832997	158.99387021191976	757.0784109842226	
3110.5392	0.05600000000004002	Ripples	0.05600000000004002	3110.5704	14.169435081387368	154.03615440976014	987.5588363888623	
3110.6704	0.03760000000011132	Ripples	0.03760000000011132	3110.6816000000003	5.572832428820494	146.8303931678069	501.3714084413571	
3110.9288	0.05040000000008149	Ripples	0.05040000000008149	3110.9552000000003	5.961995272190334	155.48746334984273	430.01075615489987	
3112.5472	0.03840000000036525	Ripples	0.03840000000036525	3112.5696000000003	27.577478857833306	159.78313707146486	1780.349029835089	
3114.4480000000003	0.03679999999985739	Ripples	0.03679999999985739	3114.464	20.80481435230039	153.25282551916072	1398.66587786328	
3118.08	0.028800000000046566	Ripples	0.028800000000046566	3118.0992	16.422069598162295	163.39719746170096	1315.188453088441	
3119.2664	0.03760000000011132	Ripples	0.03760000000011132	3119.2856	10.72304959948089	146.7202276444002	813.8576072775729	
3119.3928	0.08960000000024593	Ripples	0.08960000000024593	3119.452	29.994518885209995	146.98737468273393	1610.3788286984973	
3124.1072000000004	0.04559999999992215	Ripples	0.04559999999992215	3124.1272000000004	10.285044493515224	146.72394933729154	753.3714377557346	
3125.856	0.02959999999984575	Ripples	0.02959999999984575	3125.868	11.784424302633548	152.431290860143	1013.9229269398402	
3126.0368000000003	0.03519999999980428	Ripples	0.03519999999980428	3126.0552000000002	40.60205094462899	157.54837431549245	2263.661875675965	
3126.8744	0.048800000000028376	Ripples	0.048800000000028376	3126.8888	25.565546012404415	155.08423817151132	1751.7780666358747	
3128.5328	0.048800000000028376	Ripples	0.048800000000028376	3128.5688	10.296695563258517	156.32421113165108	792.281967218463	
3134.0032	0.03920000000016444	Ripples	0.03920000000016444	3134.0192	22.3937225198614	159.84392129047947	1415.464313029237	
3136.5512000000003	0.048800000000028376	Ripples	0.048800000000028376	3136.5712000000003	36.517413124842925	155.9097126421083	2204.2694115558725	
3136.8472	0.08320000000003347	Ripples	0.08320000000003347	3136.8624	17.25586861245184	151.68899970883135	1008.9351340059558	
3141.0192	0.08399999999983265	Ripples	0.08399999999983265	3141.0448	11.797713020212012	143.22712093284633	899.3985664532356	
3143.8720000000003	0.04559999999992215	Ripples	0.04559999999992215	3143.9048000000003	11.793808047812979	165.112744528965	1294.7833110755978	
3147.2808	0.07520000000022264	Ripples	0.07520000000022264	3147.3368	33.45276730954667	154.41985947186112	2264.93582507436	
3148.9024	0.09120000000029904	Ripples	0.09120000000029904	3148.924	7.291491641425035	158.16747387890788	744.40914198201	
3150.0144	0.026400000000194268	Ripples	0.026400000000194268	3150.0336	9.980276911081845	162.23970074473038	946.6620464071884	
3151.5792	0.04559999999992215	Ripples	0.04559999999992215	3151.596	27.343528556434116	153.8115574211311	1673.2049931409413	
3153.3320000000003	0.044799999999668216	Ripples	0.044799999999668216	3153.3504000000003	39.40284215822575	156.80232127014006	2241.0445119293145	
3164.304	0.05999999999994543	Ripples	0.05999999999994543	3164.3432000000003	38.78574340785701	150.80221417644313	2250.395507348841	
3166.4968000000003	0.044799999999668216	Ripples	0.044799999999668216	3166.5048	5.281554001200741	148.8963093967346	580.9261531260481	
3166.6448	0.07840000000032887	Ripples	0.07840000000032887	3166.664	18.238393319012214	150.89885568342888	1111.0355607554498	
3167.512	0.040799999999762804	Ripples	0.040799999999762804	3167.5272	25.507143651176385	150.00744730372404	1529.365048194493	
3172.5280000000002	0.05199999999967986	Ripples	0.05199999999967986	3172.5472	20.23034282666739	144.14445152384477	1102.420548149364	
3174.3464000000004	0.04639999999972133	Ripples	0.04639999999972133	3174.3720000000003	14.084385798651558	147.56461237917506	1062.0193976721278	
3174.4696000000004	0.08639999999968495	Ripples	0.08639999999968495	3174.492	15.12792578322343	155.605570279231	1117.8008985490478	
3175.676	0.03840000000036525	Ripples	0.03840000000036525	3175.704	12.37416735766075	172.62769328466857	1142.2424741453017	
3176.0296000000003	0.04959999999982756	Ripples	0.04959999999982756	3176.06	12.108556893473239	156.39495701563862	949.6047428924551	
3177.6432	0.048800000000028376	Ripples	0.048800000000028376	3177.6728000000003	10.731652898533248	143.89724871094955	772.8342221587155	
3178.1528000000003	0.023199999999633292	Ripples	0.023199999999633292	3178.1656000000003	6.953729505917439	153.65686931206284	798.1967981152424	
3181.9208000000003	0.031199999999898864	Ripples	0.031199999999898864	3181.9384	14.615839745959898	155.5421446518896	1308.0080327176781	
3182.2288000000003	0.037599999999656575	Ripples	0.037599999999656575	3182.2592	6.0188094729922135	149.7840387527124	527.6918600200066	
3185.4248000000002	0.04719999999997526	Ripples	0.04719999999997526	3185.4456	32.94531720837463	157.07808909244943	2126.285672523482	
3185.5488	0.06080000000019936	Ripples	0.06080000000019936	3185.572	13.888567932077663	148.75557385674918	807.1522212449182	
3187.0752	0.06799999999975626	Ripples	0.06799999999975626	3187.1112000000003	37.48186140404252	148.39266174009487	1876.6046330559132	
3187.8392000000003	0.025599999999940337	Ripples	0.025599999999940337	3187.8576000000003	7.640839135858267	157.22301272239585	800.6872841368169	
3188.0256	0.032800000000406726	Ripples	0.032800000000406726	3188.0480000000002	9.700034545493866	156.04840884791818	851.3673843392842	
3188.4624000000003	0.060799999999744614	Ripples	0.060799999999744614	3188.4864000000002	23.76310728912015	150.58008276595393	1551.3336202674413	
3189.9448	0.032000000000152795	Ripples	0.032000000000152795	3189.9696000000004	10.653544374193045	153.8778387812228	841.6317663907599	
3193.4536000000003	0.04399999999986903	Ripples	0.04399999999986903	3193.4752000000003	9.986068366621529	152.53959050975368	696.4895629463831	
3193.5344	0.0656000000003587	Ripples	0.0656000000003587	3193.56	28.881127750162293	147.8925681804921	1617.6115582567097	
3195.0736	0.04239999999981592	Ripples	0.04239999999981592	3195.092	34.31640436498714	148.83488341560238	1781.517546147896	
3211.0552000000002	0.0704000000000633	Ripples	0.0704000000000633	3211.1032	11.698423200361617	149.91646088886472	956.5679821126953	
3218.3608000000004	0.034399999999550346	Ripples	0.034399999999550346	3218.3728	17.24511678476423	163.61976011383584	1005.3165320414747	
3219.684	0.05040000000008149	Ripples	0.05040000000008149	3219.6888000000004	5.726819974476725	159.92436305456542	494.2110087655021	
3222.6464	0.026400000000194268	Ripples	0.026400000000194268	3222.6552	6.154881763586572	159.0632785061784	861.1016170057217	
3228.6808	0.0911999999998443	Ripples	0.0911999999998443	3228.6992	32.04830591162341	151.68624365773172	1745.4942428236357	
3228.8072	0.058399999999892316	Ripples	0.058399999999892316	3228.8448000000003	22.905263001785144	148.77630607736728	1494.5740371670622	
3229.8880000000004	0.04959999999982756	Ripples	0.04959999999982756	3229.9080000000004	18.712482447003104	162.21267319361263	1705.5688677369867	
3230.7064	0.02080000000023574	Ripples	0.02080000000023574	3230.7192	11.114542955454947	163.67345122943232	957.0315520421021	
3233.0608	0.08799999999973807	Ripples	0.08799999999973807	3233.1144	21.51702747475682	155.84470078048753	1914.1337121749114	
3237.0616	0.03360000000020591	Ripples	0.03360000000020591	3237.0728000000004	5.657678879543356	156.95625639932643	572.1337685397167	
3242.9024	0.09280000000035216	Ripples	0.09280000000035216	3242.9136000000003	19.091263540224755	156.6159541841058	1424.3189526847093	
3244.2760000000003	0.07679999999982101	Ripples	0.07679999999982101	3244.324	45.273010189831105	153.6603386930778	2559.837990865929	
3245.3488	0.048800000000028376	Ripples	0.048800000000028376	3245.3720000000003	24.130789553504197	150.0990055415285	1368.1548330163691	
3245.5736	0.032000000000152795	Ripples	0.032000000000152795	3245.5944	47.55335754812378	161.00677859753714	2162.658458251927	
3249.9104	0.03679999999985739	Ripples	0.03679999999985739	3249.9288	12.107734453903385	150.63988040691723	1013.7761618061494	
3250.6472000000003	0.04559999999992215	Ripples	0.04559999999992215	3250.6808	12.026751974199227	152.4581775039907	830.8788366054437	
3253.6144	0.03360000000020591	Ripples	0.03360000000020591	3253.6344000000004	14.641848251946993	159.00295957511645	1469.0993835720426	
3257.0864	0.03999999999996362	Ripples	0.03999999999996362	3257.108	38.00185681655003	153.9549075984026	1794.0181980666928	
3257.8664000000003	0.04239999999981592	Ripples	0.04239999999981592	3257.8920000000003	39.40084273367299	154.11186864261126	2253.252335600156	
3260.7968	0.058399999999892316	Ripples	0.058399999999892316	3260.8128	8.356276088952468	166.99679697111202	638.840546513007	
3263.9080000000004	0.0431999999996151	Ripples	0.0431999999996151	3263.9288	35.09358957220874	155.49305294303872	1762.1714771813834	
3266.4352000000003	0.027999999999792635	Ripples	0.027999999999792635	3266.4504	8.977055610458164	153.59514289177977	764.2746814923491	
3267.0968000000003	0.02959999999984575	Ripples	0.02959999999984575	3267.1056000000003	9.99798392876609	157.39909214115642	992.7131724197845	
3274.2992000000004	0.023199999999633292	Ripples	0.023199999999633292	3274.3144	9.035519283884376	163.05124325889338	609.7846379606324	
3280.1984	0.0543999999999869	Ripples	0.0543999999999869	3280.2296	32.07178600064525	155.31221736856617	2153.454485111024	
3290.9776	0.13439999999991414	Ripples	0.13439999999991414	3291.0168000000003	14.493213332439275	152.40219099175366	614.1840874582239	
3292.1616000000004	0.03599999999960346	Ripples	0.03599999999960346	3292.1904	7.729315960048543	155.24359475474796	822.8043996573738	
3292.5824000000002	0.03040000000009968	Ripples	0.03040000000009968	3292.5944	7.800048539258891	153.22976093899348	801.9237682169447	
3294.8608000000004	0.025599999999940337	Ripples	0.025599999999940337	3294.8712	18.157002099257873	163.74656680726252	1408.0151280616683	
3297.2992000000004	0.03999999999996362	Ripples	0.03999999999996362	3297.3312	15.00037567235645	152.9205411418557	1067.3060388117624	
3297.4728	0.048800000000028376	Ripples	0.048800000000028376	3297.5	43.899871619176416	150.26959620465337	2216.9843767951484	
3300.072	0.03679999999985739	Ripples	0.03679999999985739	3300.0872	13.929429476462971	155.93888300989155	1159.5167415357034	
3300.4624000000003	0.057599999999638385	Ripples	0.057599999999638385	3300.4896000000003	7.049144191332872	150.49497984851578	616.1740850032585	
3300.5744	0.05360000000018772	Ripples	0.05360000000018772	3300.5992	32.90558787696552	148.68466298047656	1785.7521700213688	
3301.5264	0.02959999999984575	Ripples	0.02959999999984575	3301.5352000000003	9.049080547033537	151.53668027437843	736.3567057892683	
3304.0496000000003	0.031199999999898864	Ripples	0.031199999999898864	3304.0728000000004	6.7940364360296694	150.87834283885158	558.5762095928154	
3310.632	0.026400000000194268	Ripples	0.026400000000194268	3310.6472000000003	5.136894882707644	150.30455969890838	529.3614640989942	
3310.7632000000003	0.048800000000028376	Ripples	0.048800000000028376	3310.7776000000003	6.442271671624109	144.41485236574232	527.3108144910693	
3321.4680000000003	0.05279999999993379	Ripples	0.05279999999993379	3321.5104	27.400422036062825	156.26735741263894	1495.7253357978632	
3324.7552	0.02719999999999345	Ripples	0.02719999999999345	3324.764	5.905521700294615	150.29532623330996	697.9258637860977	
3328.6624	0.04640000000017608	Ripples	0.04640000000017608	3328.6704	5.361794376104555	163.46194113015153	575.1808424488222	
3332.0144	0.03279999999995198	Ripples	0.03279999999995198	3332.0264	8.261741354426567	153.81591726277733	882.6237703829486	
3332.7056000000002	0.03919999999970969	Ripples	0.03919999999970969	3332.7312	13.833561078357153	150.8356170014854	1132.6064950061038	
3333.2384	0.03519999999980428	Ripples	0.03519999999980428	3333.2632000000003	26.82243677182923	160.2117849419861	1774.048808693792	
3337.1032	0.03360000000020591	Ripples	0.03360000000020591	3337.1296	5.623157405343725	154.68370767481125	712.3931410244045	
3338.1584000000003	0.051199999999880674	Ripples	0.051199999999880674	3338.1736	27.287000205045747	155.0100206850221	1576.5196544862574	
3344.2312	0.0911999999998443	Ripples	0.0911999999998443	3344.2688000000003	23.667576969873362	143.08046506776523	1435.1857045841618	
3349.2272000000003	0.10159999999996217	Ripples	0.10159999999996217	3349.2496	17.40192671363288	148.7402397911653	1172.0397272045104	
3351.3728	0.1392000000000735	Ripples	0.1392000000000735	3351.4320000000002	27.171808216715554	145.25428171574538	1593.655554402103	
3353.4216	0.044800000000122964	Ripples	0.044800000000122964	3353.4456	28.559452939679634	155.1989101370905	2013.3976816627555	
3359.5344	0.044800000000122964	Ripples	0.044800000000122964	3359.5552000000002	38.20711629135637	158.8199067444046	2333.242681167612	
3361.7056000000002	0.04239999999981592	Ripples	0.04239999999981592	3361.7376000000004	15.35430363790533	159.89981479144578	1007.5791341507601	
3361.9288	0.041600000000016735	Ripples	0.041600000000016735	3361.9488	6.315072534826341	144.53101662595972	495.3483544636119	
3364.2896	0.062400000000252476	Ripples	0.062400000000252476	3364.3368	6.931708122174882	142.86337713683608	509.0911418995061	
3364.5632	0.05600000000004002	Ripples	0.05600000000004002	3364.6096000000002	5.0457211078870765	170.7996717752393	447.1541275207564	
3370.3920000000003	0.04399999999986903	Ripples	0.04399999999986903	3370.404	6.244647115001517	163.73406475616818	414.6118612185943	
3374.056	0.08719999999993888	Ripples	0.08719999999993888	3374.1128000000003	33.62689288112204	152.18552383465467	1989.7222139070527	
3374.5368000000003	0.03519999999980428	Ripples	0.03519999999980428	3374.5552000000002	18.851466987483725	152.6564121475825	1365.6704098337507	
3377.3592000000003	0.040799999999762804	Ripples	0.040799999999762804	3377.3744	19.46943744132609	158.1230348019062	1342.4964936572298	
3377.4744	0.041600000000016735	Ripples	0.041600000000016735	3377.4936000000002	8.190487565153143	155.8141107916608	669.6742022126004	
3377.576	0.04800000000022919	Ripples	0.04800000000022919	3377.5976	31.199914172126327	154.6186752932398	1498.9723524715155	
3385.0664	0.07520000000022264	Ripples	0.07520000000022264	3385.1024	19.833649534603378	151.50118849859152	1350.939772253879	
3385.3144	0.028800000000046566	Ripples	0.028800000000046566	3385.3288000000002	16.264449095938406	159.3825850802708	1348.7164657488133	
3387.98	0.06080000000019936	Ripples	0.06080000000019936	3388.0216	21.84941904340678	152.16911389000384	1455.1885124302369	
3388.5144	0.03040000000009968	Ripples	0.03040000000009968	3388.5344	5.970879923821592	150.16391035472512	415.59602907767425	
3388.9104	0.038399999999910506	Ripples	0.038399999999910506	3388.9256	10.587807027462816	151.05361832164203	777.9291259579965	
3395.6664	0.051199999999880674	Ripples	0.051199999999880674	3395.6960000000004	17.411865424692472	147.23715127681868	1008.6119463829679	
3397.0296000000003	0.057599999999638385	Ripples	0.057599999999638385	3397.0608	7.113938627664092	153.136996848759	604.9421285314837	
3398.8672	0.04640000000017608	Ripples	0.04640000000017608	3398.8936000000003	20.67840227432275	159.83155338386547	1270.4261569082519	
3401.0928000000004	0.025599999999940337	Ripples	0.025599999999940337	3401.1048	9.5867856681149	160.15762279553067	894.186261429184	
3401.2264	0.032000000000152795	Ripples	0.032000000000152795	3401.2456	10.872118234485594	155.23757215978455	1069.148091980014	
3403.6136	0.028000000000247383	Ripples	0.028000000000247383	3403.6288	15.867602846728682	161.95979601851215	1349.1941225409562	
3408.2136	0.05920000000014625	Ripples	0.05920000000014625	3408.2424	32.81303997124278	150.57785708062445	2035.5630748454735	
3408.3136	0.09120000000029904	Ripples	0.09120000000029904	3408.3504000000003	12.988956680100735	149.25562396748097	876.387035754126	
3412.6792	0.07920000000012806	Ripples	0.07920000000012806	3412.6968	37.0258664398204	152.96422269511535	2199.7643307047924	
3416.2752	0.032000000000152795	Ripples	0.032000000000152795	3416.2936	19.257851611826084	155.3385130596144	1283.9133701438038	
3418.0344	0.03999999999996362	Ripples	0.03999999999996362	3418.0464	17.716563377092466	155.13594395789187	1411.466187704483	
3423.4592000000002	0.048800000000028376	Ripples	0.048800000000028376	3423.4816	55.14727160364343	161.20153093466365	2797.550875540579	
3424.6184000000003	0.041600000000016735	Ripples	0.041600000000016735	3424.6384000000003	9.138478974292306	150.996751680435	708.5767343523978	
3425.6864	0.026400000000194268	Ripples	0.026400000000194268	3425.6912	5.28719015931582	152.28849990521888	580.6348533419405	
3433.8384	0.03920000000016444	Ripples	0.03920000000016444	3433.856	12.427940383992	150.5753397182651	1210.0141188818436	
3433.9176	0.06799999999975626	Ripples	0.06799999999975626	3433.9504	37.08402797218417	152.61383305493803	2264.250857873373	
3434.6864	0.055200000000240834	Ripples	0.055200000000240834	3434.7304000000004	12.958303354628326	146.3038077057964	1045.7428865682539	
3437.5696000000003	0.04719999999997526	Ripples	0.04719999999997526	3437.596	8.246209513760535	142.88625254526227	524.8774561457502	
3437.9648	0.04320000000006985	Ripples	0.04320000000006985	3437.9792	37.489223581763895	157.9639088495942	1923.0538143044535	
3439.2096	0.022399999999834108	Ripples	0.022399999999834108	3439.2216000000003	9.565354286816195	157.32883238943148	979.5194568303968	
3440.5168000000003	0.05039999999962674	Ripples	0.05039999999962674	3440.5288	7.38178782405774	156.18389779651423	544.9198935285323	
3448.0976	0.068000000000211	Ripples	0.068000000000211	3448.1384000000003	19.0137289152081	145.99321080942528	1381.2295639330139	
3449.2464	0.035200000000259024	Ripples	0.035200000000259024	3449.2584	6.090863532427821	154.0166936297223	656.0037205270331	
3457.1072000000004	0.02639999999973952	Ripples	0.02639999999973952	3457.1152	5.78040677398333	155.40680656540485	608.5923974798444	
3459.1824	0.03920000000016444	Ripples	0.03920000000016444	3459.1928000000003	10.134525013605414	152.707767567898	886.0371655484222	
3462.3296	0.07760000000007494	Ripples	0.07760000000007494	3462.3504000000003	25.745119116593287	155.2005037368447	1826.3458027010988	
3467.2944	0.08239999999977954	Ripples	0.08239999999977954	3467.3624	20.543008319434023	150.25493605121113	1287.7554132226865	
3467.4448	0.06799999999975626	Ripples	0.06799999999975626	3467.5016	14.050203821184976	150.2118301170709	949.9496232662191	
3472.5856000000003	0.06320000000005166	Ripples	0.06320000000005166	3472.5968000000003	7.06704643690882	150.28783626025583	517.1357162387673	
3474.764	0.04800000000022919	Ripples	0.04800000000022919	3474.7752	6.295862008724516	157.79631014519302	950.6967749988536	
3475.2160000000003	0.040799999999762804	Ripples	0.040799999999762804	3475.2464	12.727569568512626	148.0791391688427	968.0131928310025	
3476.768	0.04960000000028231	Ripples	0.04960000000028231	3476.788	10.449847324400414	146.20642178600642	682.4903547723441	
3476.9112	0.05360000000018772	Ripples	0.05360000000018772	3476.9304	18.027949881189272	160.05321682072685	1288.4038351289537	
3478.3008	0.048800000000028376	Ripples	0.048800000000028376	3478.3184	62.46691032267794	160.20339116840017	2945.3256014054955	
3481.208	0.051199999999880674	Ripples	0.051199999999880674	3481.2224	14.584939612891098	152.6159298342226	1177.097116855412	
3489.3144	0.02320000000008804	Ripples	0.02320000000008804	3489.3216	6.169083453552794	155.18552411308113	640.1433203542462	
3490.6696	0.06880000000001019	Ripples	0.06880000000001019	3490.7024	13.680013879939846	145.94071693155993	956.4050232865477	
3493.4272	0.024800000000141154	Ripples	0.024800000000141154	3493.4448	8.751864021824	159.40331007417174	874.2716585779882	
3493.5552000000002	0.02959999999984575	Ripples	0.02959999999984575	3493.5744	20.30842493945535	155.78662921026947	1262.060530759602	
3497.0064	0.04640000000017608	Ripples	0.04640000000017608	3497.0424000000003	14.999598812837027	161.19918055591506	1150.6595585610323	
3498.3024	0.025599999999940337	Ripples	0.025599999999940337	3498.32	5.358525157744818	154.76737077332413	736.696832542692	
3500.7624	0.051199999999880674	Ripples	0.051199999999880674	3500.788	22.936643617701574	151.04042790868542	1296.6978672933242	
3502.492	0.028800000000046566	Ripples	0.028800000000046566	3502.5104	11.704612095594005	158.9088695690296	943.438332603215	
3502.6232	0.05999999999994543	Ripples	0.05999999999994543	3502.6648	9.652584463249672	149.09575860306472	600.2464750665622	
3512.9712	0.04320000000006985	Ripples	0.04320000000006985	3512.9856	11.803208644296584	156.0030221992347	1144.8002758078994	
3513.0872000000004	0.05519999999978609	Ripples	0.05519999999978609	3513.1112000000003	38.70280288223597	150.3279684846908	2151.0281588875764	
3513.1656000000003	0.03600000000005821	Ripples	0.03600000000005821	3513.1864	23.169195718252936	155.2003077555671	1439.7377639450951	
3521.1888000000004	0.06719999999995707	Ripples	0.06719999999995707	3521.2248	37.21313745576738	148.77959267927545	1911.788365923591	
3528.9056	0.028800000000046566	Ripples	0.028800000000046566	3528.9208000000003	23.672465646570576	165.01457232612373	1726.1846735367844	
3529.0312000000004	0.0567999999998392	Ripples	0.0567999999998392	3529.0696000000003	27.352750037492385	152.11535153397682	1643.9165690350903	
3534.0112000000004	0.08479999999963184	Ripples	0.08479999999963184	3534.0424000000003	5.644720463364869	156.7999318435454	743.7394565251087	
3534.1256000000003	0.03679999999985739	Ripples	0.03679999999985739	3534.148	12.767260317742517	148.66894075187474	1061.160327338427	
3534.5552000000002	0.03279999999995198	Ripples	0.03279999999995198	3534.5696000000003	10.848104008876751	155.69125377389764	968.7964073351941	
3534.612	0.022400000000288856	Ripples	0.022400000000288856	3534.6232	5.224216598418381	154.78595434098548	566.9705973637089	
3535.6752	0.038399999999910506	Ripples	0.038399999999910506	3535.6912	11.516126732495657	156.2554849470944	1028.078395410087	
3539.0312000000004	0.03519999999980428	Ripples	0.03519999999980428	3539.0464	22.455383217918925	153.0253062345122	1328.3522048535947	
3539.1672000000003	0.03999999999996362	Ripples	0.03999999999996362	3539.1856000000002	37.99475841190279	153.15211399656675	1871.2946781908192	
3539.8176000000003	0.09359999999969659	Ripples	0.09359999999969659	3539.8320000000003	14.578980843945946	149.15179736616008	1274.0601117202723	
3540.1528000000003	0.05359999999973297	Ripples	0.05359999999973297	3540.1704	28.88108573081619	150.7298317080526	1750.9047931817347	
3544.5808	0.03679999999985739	Ripples	0.03679999999985739	3544.5944	11.466116503945488	163.73249214151787	841.9402657717005	
3544.7504000000004	0.041600000000016735	Ripples	0.041600000000016735	3544.7808	23.561326010044557	152.5832948084997	1382.3526634891916	
3544.9128	0.022400000000288856	Ripples	0.022400000000288856	3544.9288	5.905953994245773	158.60925477257626	615.7847978458534	
3548.96	0.04080000000021755	Ripples	0.04080000000021755	3548.9752000000003	12.33953468313223	155.87514268514244	992.5593678279994	
3555.0976	0.03279999999995198	Ripples	0.03279999999995198	3555.112	11.171387259662096	149.5175246384268	847.5405533166889	
3555.2792	0.03600000000005821	Ripples	0.03600000000005821	3555.3072	5.451716220605612	146.60858353887213	660.7432582568144	
3555.6672000000003	0.021600000000034925	Ripples	0.021600000000034925	3555.6752	6.9075557540758945	165.57746674335857	904.2802771958836	
3556.9672	0.03040000000009968	Ripples	0.03040000000009968	3556.9824000000003	19.714513100659136	155.34959706400141	1337.6074020111694	
3559.1968	0.04559999999992215	Ripples	0.04559999999992215	3559.2184	44.06073372324006	155.9708284664905	2352.4585863807797	
3559.3608000000004	0.04159999999956199	Ripples	0.04159999999956199	3559.38	7.990543705931761	144.12863007735464	717.9424676258768	
3568.2984	0.05999999999994543	Ripples	0.05999999999994543	3568.3376000000003	29.128221995678885	154.6008247453257	1745.6422288350582	
3571.444	0.03760000000011132	Ripples	0.03760000000011132	3571.456	21.15055304542016	151.5788898202032	1331.0631300156283	
3571.5376	0.03600000000005821	Ripples	0.03600000000005821	3571.5448	6.543696789356288	155.98051258115646	728.2300001387084	
3582.5792	0.02959999999984575	Ripples	0.02959999999984575	3582.5976	8.215556442235481	150.07757814811868	793.9358675214521	
3586.7608	0.032000000000152795	Ripples	0.032000000000152795	3586.7784	30.759175028203288	158.4595303784077	1919.0770696859993	
3592.4304	0.027999999999792635	Ripples	0.027999999999792635	3592.4416	6.449281747403941	150.34204991372494	736.7012123169411	
3593.6088	0.03760000000011132	Ripples	0.03760000000011132	3593.6240000000003	13.840359764617354	156.32400296935973	1073.2541963176764	
3593.6976	0.029600000000300497	Ripples	0.029600000000300497	3593.7104000000004	26.7388962133965	161.3450059481313	1779.463976307179	
3594.7176	0.03760000000011132	Ripples	0.03760000000011132	3594.7288000000003	7.028724132597617	160.41748653668907	558.4257624545003	
3595.0480000000002	0.038399999999910506	Ripples	0.038399999999910506	3595.0688	31.0067912739329	155.97195826204276	1786.8915977612396	
3612.6664	0.03040000000009968	Ripples	0.03040000000009968	3612.6824	6.4433273259308015	147.53177201576156	505.02460669579324	
3614.6104	0.04960000000028231	Ripples	0.04960000000028231	3614.6376	11.529925153721798	142.0651459782185	588.8563122228459	
3617.9136000000003	0.047999999999774445	Ripples	0.047999999999774445	3617.936	30.53673119617194	155.21504943055427	1819.8250420750853	
3620.4408000000003	0.08320000000003347	Ripples	0.08320000000003347	3620.4984	8.410052950925465	155.9818689285892	801.9714123411263	
3624.0912000000003	0.031199999999898864	Ripples	0.031199999999898864	3624.1032	7.111894161403444	155.81090566513558	586.9615999346973	
3630.4584	0.02400000000034197	Ripples	0.02400000000034197	3630.472	10.416125481449923	158.61993602197862	843.3406824961152	
3630.6512000000002	0.022399999999834108	Ripples	0.022399999999834108	3630.6592	5.938307152620097	151.2127939322184	723.1079252661692	
3636.2864	0.029600000000300497	Ripples	0.029600000000300497	3636.3096	6.474161651293043	153.36531644951017	776.2787548643465	
3636.3824	0.03680000000031214	Ripples	0.03680000000031214	3636.4048000000003	13.052571517145292	154.76339655040897	1152.6579238906593	
3641.6488000000004	0.12879999999995562	Ripples	0.12879999999995562	3641.6808	20.200036852759894	148.0332790360582	1578.0518273445336	
3642.876	0.05920000000014625	Ripples	0.05920000000014625	3642.9176	15.634079210534978	151.54579242749307	1141.559755728007	
3646.8992000000003	0.051199999999880674	Ripples	0.051199999999880674	3646.9320000000002	24.84032935933214	157.54550028759093	1749.5146112077316	
3647.8648000000003	0.044799999999668216	Ripples	0.044799999999668216	3647.8816	30.254784783798026	158.27759094568873	2033.506478680553	
3648.2160000000003	0.060799999999744614	Ripples	0.060799999999744614	3648.2448000000004	36.339493209304464	150.00104613259717	1833.2799722641353	
3648.6528000000003	0.047999999999774445	Ripples	0.047999999999774445	3648.6648	7.788678669762367	149.88193340675883	750.5694739101978	
3648.7312	0.02320000000008804	Ripples	0.02320000000008804	3648.7432000000003	9.155428015179364	156.8477346915782	859.0958459997534	
3660.384	0.025599999999940337	Ripples	0.025599999999940337	3660.3952000000004	7.216788664495363	154.87987356491945	730.7190756022924	
3661.1728000000003	0.04399999999986903	Ripples	0.04399999999986903	3661.1936	40.44412237383832	165.34202930471884	2426.8967413358346	
3663.1960000000004	0.041600000000016735	Ripples	0.041600000000016735	3663.2200000000003	11.258545575531118	152.74947551233763	800.9777465260772	
3675.4184	0.03040000000009968	Ripples	0.03040000000009968	3675.4336000000003	13.431964902417647	151.9819977136374	1000.2375023623673	
3679.556	0.04640000000017608	Ripples	0.04640000000017608	3679.5752	36.69563194470689	165.6789559831627	2177.3148856930525	
3679.8704000000002	0.02639999999973952	Ripples	0.02639999999973952	3679.8856	7.852217711803283	157.33772354738386	898.587864788528	
3680.8776000000003	0.088799999999992	Ripples	0.088799999999992	3680.944	7.863622051942872	145.05809090515902	634.3730176611394	
3684.2288000000003	0.05359999999973297	Ripples	0.05359999999973297	3684.2536	32.38701218891032	148.36852549622213	1688.0149509422565	
3685.2576000000004	0.037599999999656575	Ripples	0.037599999999656575	3685.2832000000003	10.479078899654272	146.76873692599753	864.9070154510281	
3687.804	0.07200000000011642	Ripples	0.07200000000011642	3687.8272	17.777388553997717	146.04830662662692	1052.2764016313383	
3689.628	0.04320000000006985	Ripples	0.04320000000006985	3689.6600000000003	7.776290125128275	149.93540459470952	748.4168373149193	
3704.252	0.028000000000247383	Ripples	0.028000000000247383	3704.2688000000003	19.553797263355055	160.26259105138865	1386.2501677663772	
3708.2536	0.09760000000005675	Ripples	0.09760000000005675	3708.3008	25.505835879145863	143.70997680608522	1535.9578555968444	
3709.6104	0.05279999999993379	Ripples	0.05279999999993379	3709.6304	29.39718760265633	157.62077105059578	1945.6746240537116	
3716.6512000000002	0.02719999999999345	Ripples	0.02719999999999345	3716.6648	24.102973675196765	166.3192579151799	1671.8502417506918	
3716.7344000000003	0.03600000000005821	Ripples	0.03600000000005821	3716.7560000000003	24.847445132651266	153.5166341184521	1457.5527387961868	
3722.1016	0.04400000000032378	Ripples	0.04400000000032378	3722.1264	23.369962436784355	149.20360538098564	1318.8095942457821	
3723.2472000000002	0.10399999999981446	Ripples	0.10399999999981446	3723.3136	11.909469156340919	169.4989108450815	721.2675040110922	
3729.6808	0.044800000000122964	Ripples	0.044800000000122964	3729.6984	26.876302212345003	158.47310353722787	1977.085089092222	
3729.9512	0.048800000000028376	Ripples	0.048800000000028376	3729.976	27.977918540701527	154.80445735502215	1576.2830443305525	
3730.3768	0.03600000000005821	Ripples	0.03600000000005821	3730.3848000000003	13.713888107841585	158.60041109129733	1149.826810189538	
3731.1376	0.04719999999997526	Ripples	0.04719999999997526	3731.1528000000003	21.58727712425654	153.94688360190088	1365.4484891313375	
3732.1648	0.04080000000021755	Ripples	0.04080000000021755	3732.192	36.61147980669758	158.2923977498514	2059.612189011887	
3732.2392	0.03040000000009968	Ripples	0.03040000000009968	3732.2504000000004	8.235105219057028	154.29036333596534	823.9547419094965	
3732.4680000000003	0.06399999999985084	Ripples	0.06399999999985084	3732.4792	6.3948128506701165	154.69935894105987	650.2696236067683	
3738.9880000000003	0.02320000000008804	Ripples	0.02320000000008804	3739.0	10.456942091128786	158.61759907535483	929.5679079974624	
3744.1016	0.03680000000031214	Ripples	0.03680000000031214	3744.1128000000003	9.400310342139527	151.37773455252048	1030.6382054639266	
3744.5208000000002	0.041600000000016735	Ripples	0.041600000000016735	3744.5512000000003	10.737537840011951	154.90238285885354	898.9370339412528	
3745.0272	0.02400000000034197	Ripples	0.02400000000034197	3745.0376	10.303624990439838	157.97745727202965	907.9973617164909	
3751.804	0.02320000000008804	Ripples	0.02320000000008804	3751.8160000000003	6.001160432011449	148.33799882777842	685.6158658509443	
3753.1584000000003	0.03919999999970969	Ripples	0.03919999999970969	3753.1672000000003	7.095203493987237	164.9820834876948	494.5384159893272	
3753.3136000000004	0.027999999999792635	Ripples	0.027999999999792635	3753.3312	33.413916099078804	160.86423457452509	1716.162912749507	
3759.0592	0.02719999999999345	Ripples	0.02719999999999345	3759.0704	15.113715573863354	167.88357953738281	1312.7700422676928	
3777.0776	0.021600000000034925	Ripples	0.021600000000034925	3777.0864	8.18359193661972	158.01569578809818	998.9509853648678	
3786.8248000000003	0.07760000000007494	Ripples	0.07760000000007494	3786.8584	16.24764902869318	155.59033181750956	1109.305353868635	
3787.232	0.04000000000041837	Ripples	0.04000000000041837	3787.2584	7.258878644436974	149.2885506208553	697.5018532321631	
3802.9872	0.04640000000017608	Ripples	0.04640000000017608	3803.0104	9.42521179676278	166.42494654271573	739.3381661582863	
3811.1264	0.03999999999996362	Ripples	0.03999999999996362	3811.1408	21.624784648614416	159.25159118021438	1496.23857129572	
3817.5808	0.03920000000016444	Ripples	0.03920000000016444	3817.6088	16.047773722744534	148.79007980028192	1183.7788381103867	
3834.3576000000003	0.03199999999969805	Ripples	0.03199999999969805	3834.38	18.38972552867869	154.85077457597038	1244.327993121621	
3836.6952	0.028000000000247383	Ripples	0.028000000000247383	3836.7104000000004	11.939494320014344	159.70280624525864	1006.911861852258	
3837.3912	0.04960000000028231	Ripples	0.04960000000028231	3837.4128	34.72672228804996	152.59411701018877	1991.4741032901786	
3838.5312000000004	0.047999999999774445	Ripples	0.047999999999774445	3838.5600000000004	15.11835509241743	157.64722710221292	900.0311506280461	
3840.5848	0.05680000000029395	Ripples	0.05680000000029395	3840.6096000000002	43.88091071287811	150.13805058552126	2221.768698922365	
3848.1216000000004	0.11599999999998545	Ripples	0.11599999999998545	3848.212	22.566182549765827	154.15676962267815	1403.206955472672	
3848.5136	0.05920000000014625	Ripples	0.05920000000014625	3848.5352000000003	10.680345938241388	153.7617149113553	676.3814783203713	
3853.3152	0.022400000000288856	Ripples	0.022400000000288856	3853.3304000000003	8.463899325034339	161.20121808952027	848.6891535603266	
3855.0592	0.032000000000152795	Ripples	0.032000000000152795	3855.0704	13.987562932107434	154.0251277969926	1238.740786494319	
3857.3568	0.06320000000005166	Ripples	0.06320000000005166	3857.3896	19.588166360158294	142.2776739178124	1186.8224364086407	
3858.6000000000004	0.17119999999977153	Ripples	0.17119999999977153	3858.7464	39.03055887723146	151.44516418802257	2042.4154187947754	
3859.9456	0.04400000000032378	Ripples	0.04400000000032378	3859.9648	11.291853616398768	152.28597114400392	1027.415625309798	
3860.1312000000003	0.05519999999978609	Ripples	0.05519999999978609	3860.1456000000003	14.924922684768562	150.82929022359602	1072.193915542995	
3860.3488	0.04239999999981592	Ripples	0.04239999999981592	3860.3768	16.306668598091992	151.1052646340409	1323.9859791957244	
3860.896	0.03760000000011132	Ripples	0.03760000000011132	3860.9080000000004	6.046698889975612	143.69244424573313	598.3421919049151	
3864.2168	0.03920000000016444	Ripples	0.03920000000016444	3864.228	20.818329459750185	160.12361859238644	1569.359581742276	
3867.5232	0.04320000000006985	Ripples	0.04320000000006985	3867.5416	28.22271836247207	154.78059532718956	1751.6625446417092	
3869.3808000000004	0.07199999999966167	Ripples	0.07199999999966167	3869.4064000000003	31.24750996757537	147.706226849045	1973.435000250785	
3871.7536	0.06000000000040018	Ripples	0.06000000000040018	3871.7712	20.557027390532916	156.6965014643601	1494.2829695976175	
3872.0648	0.023999999999887223	Ripples	0.023999999999887223	3872.076	6.512948627283948	151.97679280645363	700.7484301917988	
3873.6368	0.03519999999980428	Ripples	0.03519999999980428	3873.664	7.56840331345433	156.8091188965142	737.083179981438	
3881.2552	0.03680000000031214	Ripples	0.03680000000031214	3881.2744000000002	22.116964528543757	156.279139924582	1433.2021427785114	
3881.3920000000003	0.0751999999997679	Ripples	0.0751999999997679	3881.4264000000003	19.669145930238113	141.22571232046556	946.0900831668094	
3881.6984	0.051199999999880674	Ripples	0.051199999999880674	3881.732	25.73957968371578	154.44623390708298	1650.8311979109787	
3884.2576000000004	0.040799999999762804	Ripples	0.040799999999762804	3884.2760000000003	17.519380533408167	152.8634767589859	1258.7404859841247	
3885.0144	0.035200000000259024	Ripples	0.035200000000259024	3885.0384000000004	6.448855708814263	141.89187175605696	501.9360175825586	
3887.6392	0.16720000000032087	Ripples	0.16720000000032087	3887.7592	14.25498010931638	147.51414913110906	845.5726153903446	
3892.6752	0.021600000000034925	Ripples	0.021600000000034925	3892.6864	10.608441020290696	157.70867967379849	895.8816829667288	
3897.5712000000003	0.028800000000046566	Ripples	0.028800000000046566	3897.5904	21.98518564729905	162.8422302795352	1535.2094661130918	
3897.6688000000004	0.03359999999975116	Ripples	0.03359999999975116	3897.6944000000003	10.80656368440095	153.8383011215747	806.0744895480854	
3898.7304000000004	0.05600000000004002	Ripples	0.05600000000004002	3898.768	21.32208015699283	150.4709212363614	1224.3983913751122	
3899.2984	0.023999999999887223	Ripples	0.023999999999887223	3899.3112	8.560971869654963	156.5610188151901	788.060895254172	
3900.8664000000003	0.0543999999999869	Ripples	0.0543999999999869	3900.9072	19.244254880782595	150.24384963881252	1337.61624993251	
3905.7656	0.03920000000016444	Ripples	0.03920000000016444	3905.7832000000003	27.123169003212467	151.68738146709987	1591.8347908525716	
3909.6752	0.04399999999986903	Ripples	0.04399999999986903	3909.708	16.240024447354777	151.92998491602523	1162.4896081821162	
3910.0928000000004	0.023199999999633292	Ripples	0.023199999999633292	3910.1112000000003	5.355045795840341	152.16973606305913	573.6841948603213	
3910.856	0.020799999999780994	Ripples	0.020799999999780994	3910.8672	14.377402336760294	165.97583784270515	1165.0624019229108	
3919.0656000000004	0.05519999999978609	Ripples	0.05519999999978609	3919.1000000000004	7.633017321775021	161.86580736149298	587.5062893651188	
3921.6728000000003	0.05519999999978609	Ripples	0.05519999999978609	3921.692	32.26929830399282	155.24676032381933	1840.8678593574955	
3929.7928	0.088799999999992	Ripples	0.088799999999992	3929.844	46.25414446761587	152.02139724569574	2582.7428524794204	
3936.4944	0.06400000000030559	Ripples	0.06400000000030559	3936.5344	30.91998405210871	150.50926925477873	1957.6164692782436	
3945.1040000000003	0.03600000000005821	Ripples	0.03600000000005821	3945.132	12.684815698686197	151.32854450749372	938.9544377013343	
3945.2096	0.02320000000008804	Ripples	0.02320000000008804	3945.2208	6.665160632676862	155.06850140017423	724.3623583692162	
3947.7192	0.03680000000031214	Ripples	0.03680000000031214	3947.7432000000003	10.25074392351814	149.34607635854516	766.6536427808778	
3947.8136000000004	0.04239999999981592	Ripples	0.04239999999981592	3947.84	30.394936114728978	154.90020719933187	1767.430059358732	
3947.936	0.025599999999940337	Ripples	0.025599999999940337	3947.9480000000003	9.917088354898302	153.35632625840145	945.072913470491	
3951.5736	0.03279999999995198	Ripples	0.03279999999995198	3951.596	7.319879713012545	146.72359424637543	711.3885925925465	
3951.7704000000003	0.040799999999762804	Ripples	0.040799999999762804	3951.7896	12.077059640846285	152.02090333357222	839.7755384454044	
3956.5992	0.021600000000034925	Ripples	0.021600000000034925	3956.6136	9.728901928651911	162.2734758933353	849.3110867164532	
3956.6784000000002	0.025599999999940337	Ripples	0.025599999999940337	3956.6936	7.797948155803191	153.63422378960092	751.1686853789448	
3964.828	0.02719999999999345	Ripples	0.02719999999999345	3964.8472	13.682574365047696	157.1710134046335	1121.9880511926153	
3972.9640000000004	0.02959999999984575	Ripples	0.02959999999984575	3972.9784	6.0673296743121865	147.48493999294166	584.8718443554811	
3983.3504000000003	0.06559999999990396	Ripples	0.06559999999990396	3983.3872	52.73927213144319	152.87648661674015	2443.5767543974534	
3990.4176	0.04719999999997526	Ripples	0.04719999999997526	3990.4440000000004	8.168523862027225	140.39965792356594	752.8277321767985	
3993.3304000000003	0.038399999999910506	Ripples	0.038399999999910506	3993.3464000000004	13.543832076805709	151.16792046550896	817.8121046432713	
4009.1184000000003	0.03600000000005821	Ripples	0.03600000000005821	4009.1264	6.703527461978457	156.4998063198574	667.8328612117896	
4010.4704	0.03999999999996362	Ripples	0.03999999999996362	4010.4928	26.607067500619827	157.03876561781973	1688.2106843494184	
4014.0840000000003	0.06320000000005166	Ripples	0.06320000000005166	4014.1144000000004	26.895437626397936	150.40809216770162	1643.535489951569	
4015.3608000000004	0.025599999999940337	Ripples	0.025599999999940337	4015.376	7.043868491096813	152.95183148983577	742.8530206089093	
4015.4768000000004	0.048800000000028376	Ripples	0.048800000000028376	4015.5176	8.793698985861381	160.73896056987684	933.9939806136415	
4017.1960000000004	0.04639999999972133	Ripples	0.04639999999972133	4017.2208	49.47041365525407	153.52802128727143	2418.296562743357	
4017.7408	0.044800000000122964	Ripples	0.044800000000122964	4017.7560000000003	21.572561776667413	154.97149980029397	1268.7061826819452	
4018.1000000000004	0.04719999999997526	Ripples	0.04719999999997526	4018.1152	34.15562047458626	155.16502895777793	1942.2820651700501	
4020.1096000000002	0.032000000000152795	Ripples	0.032000000000152795	4020.132	15.99863917955941	158.10071166989096	1206.3560611909245	
4020.6512000000002	0.06799999999975626	Ripples	0.06799999999975626	4020.6872000000003	28.907705372456117	147.4324735835778	1528.974354796035	
4033.4672	0.03840000000036525	Ripples	0.03840000000036525	4033.4856	32.59327857156751	156.87919628688013	2006.4498170442068	
4036.92	0.04640000000017608	Ripples	0.04640000000017608	4036.9344	15.082153672925543	153.40248399819666	1183.4455727343743	
4043.6576	0.08080000000018117	Ripples	0.08080000000018117	4043.7072000000003	27.91922610325803	151.05300583091284	1731.1687930250455	
4048.9304	0.03760000000011132	Ripples	0.03760000000011132	4048.96	11.05610030651157	154.1330923192982	975.6038877074701	
4052.4352000000003	0.037599999999656575	Ripples	0.037599999999656575	4052.4528	18.557267411014443	153.2051267068324	1353.140248262546	
4053.7200000000003	0.08399999999983265	Ripples	0.08399999999983265	4053.7576000000004	45.01304316762397	145.09013275496127	1873.841154280498	
4054.3072	0.02719999999999345	Ripples	0.02719999999999345	4054.3296	6.03203396571448	161.08648678829672	653.190818368289	
4058.7808	0.05680000000029395	Ripples	0.05680000000029395	4058.8032000000003	21.277228790027838	149.90362621482996	1081.673076603835	
4059.6216000000004	0.07119999999986248	Ripples	0.07119999999986248	4059.6632000000004	29.674404703847696	154.12723300173406	1946.1989397520647	
4059.7232000000004	0.02639999999973952	Ripples	0.02639999999973952	4059.7384	9.46021373674696	158.12423662542133	944.8334132940644	
4064.6264	0.05360000000018772	Ripples	0.05360000000018772	4064.6592	20.438546623958462	146.6417314720495	1289.869143951544	
4068.02	0.052800000000388536	Ripples	0.052800000000388536	4068.0352000000003	7.721856181617291	151.65237452389988	642.2123058345975	
4068.8264000000004	0.03679999999985739	Ripples	0.03679999999985739	4068.8408000000004	6.395339972276075	149.74663974440043	729.9970438755097	
4073.2408	0.05120000000033542	Ripples	0.05120000000033542	4073.2464	6.654485094557049	156.478070110656	559.0919272952603	
4077.2912	0.03600000000005821	Ripples	0.03600000000005821	4077.3024	11.550541161698073	155.40993498610632	1066.4029720264866	
4079.1504	0.05840000000034706	Ripples	0.05840000000034706	4079.2016000000003	6.0859363650577105	155.6665748422064	783.7946105705203	
4085.6344000000004	0.04559999999992215	Ripples	0.04559999999992215	4085.6600000000003	18.37665628517297	149.56041342439445	1446.1497637210723	
4085.8048000000003	0.038399999999910506	Ripples	0.038399999999910506	4085.828	6.333182641065268	140.58201219981424	462.9286663625889	
4090.3264000000004	0.0591999999996915	Ripples	0.0591999999996915	4090.3416	25.658793801047896	150.27196293088568	1565.0389514821834	
4090.7000000000003	0.03760000000011132	Ripples	0.03760000000011132	4090.7112	6.391284491259447	154.09280894917433	708.789847057716	
4091.8008	0.021600000000034925	Ripples	0.021600000000034925	4091.8120000000004	6.674287574356595	159.66768692964877	876.4632436870451	
4093.4256	0.026400000000194268	Ripples	0.026400000000194268	4093.4416	11.334462940811928	157.48805237251818	1016.4066403189196	
4093.616	0.04320000000006985	Ripples	0.04320000000006985	4093.6376	42.78352797327879	154.27808292809485	2189.9398487697035	
4093.9864000000002	0.024800000000141154	Ripples	0.024800000000141154	4093.9976	11.91359605098104	164.58217465026422	1154.3206478845996	
4097.6008	0.03679999999985739	Ripples	0.03679999999985739	4097.62	26.340193371952783	153.9773496867324	1651.7948161662569	
4100.184	0.034399999999550346	Ripples	0.034399999999550346	4100.196	6.425769705742909	162.20195368393547	594.9086743429114	
4106.5776000000005	0.046399999999266583	Ripples	0.046399999999266583	4106.6128	23.33300608247626	153.08640617660055	1617.4326181041	
4116.403200000001	0.04879999999957363	Ripples	0.04879999999957363	4116.424	36.033457737243175	156.68026054075057	2227.615490722473	
4122.8608	0.06239999999979773	Ripples	0.06239999999979773	4122.8832	15.920053409236315	146.0480922568116	1063.6232464699483	
4126.2832	0.03920000000016444	Ripples	0.03920000000016444	4126.3136	10.65343000151381	160.4091483930959	1064.147243641954	
4127.7256	0.08240000000023429	Ripples	0.08240000000023429	4127.7896	24.365828941809728	154.29751428952682	1356.505322503837	
4134.3704	0.04320000000006985	Ripples	0.04320000000006985	4134.3968	26.439102460398114	157.6341330330002	1763.3261102435429	
4136.6792000000005	0.03359999999975116	Ripples	0.03359999999975116	4136.7016	30.230966709633922	157.02976060177858	1563.2750675686964	
4136.7896	0.0272000000004482	Ripples	0.0272000000004482	4136.8048	9.401637683271106	156.64911387789203	922.4868331379162	
4137.6232	0.0272000000004482	Ripples	0.0272000000004482	4137.6320000000005	10.890705554209148	156.5681440192075	949.5182181748136	
4137.7104	0.028000000000247383	Ripples	0.028000000000247383	4137.7192000000005	5.152394047180654	152.06976983514855	576.9057413201962	
4137.8208	0.027999999999337888	Ripples	0.027999999999337888	4137.84	9.78849251723813	154.0864642418596	826.759064057259	
4138.149600000001	0.03919999999925494	Ripples	0.03919999999925494	4138.164	10.922559442136915	150.9634343160037	1003.0083093282494	
4150.4944000000005	0.056799999999384454	Ripples	0.056799999999384454	4150.5232000000005	22.751453016278	144.41749725352008	1493.6954674841254	
4152.0688	0.06959999999980937	Ripples	0.06959999999980937	4152.0944	11.561175862490215	149.7564049609843	861.5875328457945	
4152.2304	0.03999999999996362	Ripples	0.03999999999996362	4152.2608	6.480758855221122	151.85805814339662	687.776203501311	
4160.9136	0.12480000000050495	Ripples	0.12480000000050495	4161.0024	32.46460594590184	148.9975365559002	1684.011739169016	
4162.8256	0.02959999999984575	Ripples	0.02959999999984575	4162.844	6.024851911871612	152.7268853404046	610.7607574180282	
4163.4304	0.028000000000247383	Ripples	0.028000000000247383	4163.450400000001	7.787509620146929	148.04914662258508	582.7643491000805	
4164.1472	0.03920000000016444	Ripples	0.03920000000016444	4164.1672	9.995832688974115	159.80009906086232	804.600976325092	
4168.3392	0.021600000000034925	Ripples	0.021600000000034925	4168.3512	6.32972646052037	153.0691831222163	698.7209287802187	
4168.5704000000005	0.06799999999930151	Ripples	0.06799999999930151	4168.5896	25.505591886413168	151.49810403353808	1391.8677410504438	
4205.229600000001	0.031199999999444117	Ripples	0.031199999999444117	4205.2496	11.073462513778829	150.86685607524598	774.6958121607485	
4205.2808	0.030399999999644933	Ripples	0.030399999999644933	4205.2888	5.2443783777141855	161.52564267026912	438.06116928562	
4228.0	125.0	SleepStates						REM
4354.0	19.0	SleepStates						Awake
4364.9056	0.03279999999995198	Ripples	0.03279999999995198	4364.9248	14.642621566017242	165.7118159375589	1392.6445951068188	
4374.0	970.0	SleepStates						Non-REM
4376.8616	0.03440000000045984	Ripples	0.03440000000045984	4376.874400000001	14.95009001667317	150.4111823293385	1011.137834205948	
4376.9168	0.058399999999892316	Ripples	0.058399999999892316	4376.9416	31.0469424739153	146.83766362583725	1718.218000684506	
4379.8232	0.05680000000029395	Ripples	0.05680000000029395	4379.8696	9.327185116571213	148.7373337977989	915.8048249858839	
4381.9336	0.021600000000034925	Ripples	0.021600000000034925	4381.9488	7.096859235716726	161.48633211902424	829.3128862848275	
4386.1264	0.07120000000031723	Ripples	0.07120000000031723	4386.189600000001	5.6645840467845625	148.77999645646733	585.5087767073446	
4386.533600000001	0.03679999999985739	Ripples	0.03679999999985739	4386.559200000001	13.208691910702086	149.5151870946953	929.4460269310732	
4386.5912	0.05040000000008149	Ripples	0.05040000000008149	4386.620800000001	24.31720090620362	145.83108034736912	1403.6062846664381	
4387.3544	0.048800000000483124	Ripples	0.048800000000483124	4387.3808	15.437172749797101	144.5841245764736	1017.0228086680119	
4388.9752	0.06400000000030559	Ripples	0.06400000000030559	4389.028	10.392753415182607	155.9051628398733	1003.5161818439713	
4398.0912	0.023200000000542786	Ripples	0.023200000000542786	4398.1016	9.762804163233012	163.03274371752178	1081.7113170841405	
4399.8736	0.020000000000436557	Ripples	0.020000000000436557	4399.8856000000005	6.9950317373334965	154.56739097724986	650.4806696069077	
4400.0208	0.042400000000270666	Ripples	0.042400000000270666	4400.0384	12.530230990074287	146.52326898439614	1011.0015226027592	
4402.9272	0.03920000000016444	Ripples	0.03920000000016444	4402.9352	7.96182989000431	152.30875428785131	635.9414965286252	
4402.9936	0.05200000000058935	Ripples	0.05200000000058935	4403.0272	14.386222652396137	151.04905860661464	1062.8841086613236	
4406.8008	0.04719999999997526	Ripples	0.04719999999997526	4406.84	7.244509887660238	158.4571669372978	872.9418029419081	
4407.9728000000005	0.034399999999550346	Ripples	0.034399999999550346	4407.9944000000005	9.276016427713497	155.32600934599014	880.1426788616727	
4412.8792	0.08159999999952561	Ripples	0.08159999999952561	4412.9408	27.656658731906745	148.11408283413394	1944.556729466892	
4417.8312000000005	0.08079999999972642	Ripples	0.08079999999972642	4417.884	43.611712786342935	155.09443472643449	2466.834288548495	
4418.1272	0.04640000000017608	Ripples	0.04640000000017608	4418.152	30.66123150142225	148.85505580637718	1878.9572040511807	
4419.845600000001	0.053599999999278225	Ripples	0.053599999999278225	4419.8704	36.893701508609475	149.3308922334808	1831.7953361173888	
4421.2504	0.051199999999880674	Ripples	0.051199999999880674	4421.258400000001	7.826720992410219	163.47960649171313	744.3480377117086	
4424.004800000001	0.027999999999337888	Ripples	0.027999999999337888	4424.0224	13.508021873794704	157.33464830454946	1132.347792272752	
4424.1320000000005	0.02639999999973952	Ripples	0.02639999999973952	4424.1512	5.764445297015339	153.31665936322014	710.299486672888	
4425.8856000000005	0.03600000000005821	Ripples	0.03600000000005821	4425.9112000000005	12.715741006005704	151.09946145251664	1110.8601630369064	
4428.828	0.03519999999934953	Ripples	0.03519999999934953	4428.8448	18.50422258519052	164.77638156693192	1731.577644629177	
4430.9608	0.03120000000035361	Ripples	0.03120000000035361	4430.9696	6.80307399241628	161.7570774901494	759.4602278798984	
4433.2216	0.028800000000046566	Ripples	0.028800000000046566	4433.229600000001	8.4708568556885	160.05119337416363	851.0890393938148	
4435.6368	0.030399999999644933	Ripples	0.030399999999644933	4435.6448	5.791340422126455	146.28533748067477	611.721852262572	
4439.6576000000005	0.051199999999880674	Ripples	0.051199999999880674	4439.6784	17.07984523620073	154.58333012228147	1283.225010706235	
4441.2312	0.03120000000035361	Ripples	0.03120000000035361	4441.2488	28.37240716448225	164.4556738556615	1951.4770375296305	
4444.3088	0.1087999999999738	Ripples	0.1087999999999738	4444.3592	12.83017664207144	145.8999788434691	909.9089509183893	
4447.224	0.061599999999998545	Ripples	0.061599999999998545	4447.2616	5.752659598994374	169.10438047483106	576.5950292180016	
4451.7848	0.028000000000247383	Ripples	0.028000000000247383	4451.7992	10.137392241005871	155.86286306182168	962.12554095872	
4452.0528	0.03359999999975116	Ripples	0.03359999999975116	4452.0648	12.30458683792435	152.5024788211265	882.1309297173627	
4453.5432	0.06000000000040018	Ripples	0.06000000000040018	4453.5928	10.683969653201045	152.63032929395627	1118.7718037414902	
4454.6888	0.052800000000388536	Ripples	0.052800000000388536	4454.712	11.704514903602549	150.9312522953	769.8927613127455	
4457.5776000000005	0.025599999999940337	Ripples	0.025599999999940337	4457.595200000001	6.4546913518316	160.28676680736024	885.2745765068977	
4458.3632	0.06400000000030559	Ripples	0.06400000000030559	4458.4048	13.672536005762106	144.6165269245384	764.1211511985163	
4460.6912	0.03120000000035361	Ripples	0.03120000000035361	4460.7104	6.091256869551343	144.9999883049965	684.1761286137138	
4461.490400000001	0.03600000000005821	Ripples	0.03600000000005821	4461.504800000001	6.657704961380091	163.78410519873265	886.379482329468	
4462.2096	0.05199999999967986	Ripples	0.05199999999967986	4462.2336000000005	32.64119471029418	150.10120542962514	1665.3289185910423	
4462.3984	0.040799999999762804	Ripples	0.040799999999762804	4462.4096	10.63753785796121	149.44945059983263	984.3550874028551	
4471.9488	0.03920000000016444	Ripples	0.03920000000016444	4471.9696	13.072598805663628	152.33090598472916	1090.5425007185686	
4472.642400000001	0.020799999999326246	Ripples	0.020799999999326246	4472.6512	6.94535369897582	151.9533581253934	461.6409538803757	
4472.6832	0.05279999999947904	Ripples	0.05279999999947904	4472.6984	22.12071718133698	151.1485489904507	1217.4529250509872	
4472.912	0.030399999999644933	Ripples	0.030399999999644933	4472.9272	15.107597257564155	153.95895616783596	1081.7822224586903	
4476.2480000000005	0.022399999999834108	Ripples	0.022399999999834108	4476.26	8.101148472793929	153.36852620488332	819.4491614831608	
4477.0152	0.026400000000649015	Ripples	0.026400000000649015	4477.0296	10.3067100634773	153.8703975378641	999.4879828431701	
4477.1032000000005	0.022399999999834108	Ripples	0.022399999999834108	4477.1176000000005	7.818053926049889	155.7513804794936	878.7690043706403	
4478.192	0.06640000000061264	Ripples	0.06640000000061264	4478.2104	16.5541982810137	151.39834180379245	1234.918489138533	
4487.7464	0.03840000000036525	Ripples	0.03840000000036525	4487.7752	7.235784019489225	159.80862150993758	870.506181782349	
4493.756	0.08240000000023429	Ripples	0.08240000000023429	4493.8208	30.004498143003953	154.39481761951674	1633.7824001557547	
4495.6384	0.04960000000028231	Ripples	0.04960000000028231	4495.6592	15.935796740377894	155.79519047613528	1177.3645340517207	
4501.9512	0.05999999999949068	Ripples	0.05999999999949068	4501.9704	8.62239101245894	151.2967602416378	531.0099487309419	
4502.1032000000005	0.04320000000006985	Ripples	0.04320000000006985	4502.1216	20.583307994551337	156.880159467126	1489.3425790520669	
4510.7448	0.04879999999957363	Ripples	0.04879999999957363	4510.76	23.691823677944658	153.47742125376294	1359.5823846499181	
4510.903200000001	0.031199999999444117	Ripples	0.031199999999444117	4510.9208	35.89764051294428	161.69788557437397	2146.3738752390277	
4515.530400000001	0.04719999999997526	Ripples	0.04719999999997526	4515.5504	14.419170562827588	161.66559771907487	1489.4406121139264	
4515.6384	0.06640000000061264	Ripples	0.06640000000061264	4515.6872	27.34069913123633	153.40925461698532	1595.878932241628	
4516.7736	0.061599999999998545	Ripples	0.061599999999998545	4516.8248	28.981141444155206	161.0829005404152	1674.2916465143098	
4516.910400000001	0.07599999999911233	Ripples	0.07599999999911233	4516.928	13.45898652908562	148.5162853603521	1044.2047682601979	
4517.711200000001	0.058399999999892316	Ripples	0.058399999999892316	4517.7232	9.817852814252715	157.69970073684834	776.5247277500418	
4527.3904	0.040799999999762804	Ripples	0.040799999999762804	4527.4048	28.674802325273053	157.195404732441	1448.4423515183698	
4529.7136	0.04960000000028231	Ripples	0.04960000000028231	4529.729600000001	8.07243722639713	147.66642401312694	479.8994382639419	
4529.7944	0.03600000000005821	Ripples	0.03600000000005821	4529.8136	20.19154463207664	154.66626047998483	1259.0792412408912	
4530.218400000001	0.12559999999939464	Ripples	0.12559999999939464	4530.2416	39.17877527451036	157.2386518509124	1908.9362216643653	
4530.3848	0.028800000000046566	Ripples	0.028800000000046566	4530.400000000001	22.959764067181403	161.33813911952697	1630.582396479311	
4531.4184000000005	0.03999999999996362	Ripples	0.03999999999996362	4531.4400000000005	24.060652043683547	155.00855590470636	1523.9898974619719	
4531.5632000000005	0.031199999999444117	Ripples	0.031199999999444117	4531.58	7.569896050833885	148.44033628177797	591.2374685607683	
4534.0824	0.0775999999996202	Ripples	0.0775999999996202	4534.1448	6.348189665339371	150.04285746045926	511.9910498777128	
4551.3336	0.06000000000040018	Ripples	0.06000000000040018	4551.368	17.846409305039522	149.84769347601573	1205.2685612450407	
4552.059200000001	0.03279999999995198	Ripples	0.03279999999995198	4552.080800000001	15.796138046690562	153.39111878757225	1237.2767185228627	
4552.6656	0.047999999999774445	Ripples	0.047999999999774445	4552.6984	9.01961741333217	150.52127863906878	644.328345721947	
4554.7576	0.0272000000004482	Ripples	0.0272000000004482	4554.7688	16.46106932267798	163.28744979731673	1363.0742531242643	
4555.066400000001	0.07919999999921856	Ripples	0.07919999999921856	4555.128000000001	17.79020558447185	149.83357203402483	1041.2015321894048	
4555.728	0.024800000000141154	Ripples	0.024800000000141154	4555.7336000000005	5.139720670237301	159.16523534938256	592.0695606088378	
4557.1936000000005	0.022399999999834108	Ripples	0.022399999999834108	4557.2024	7.7886458434108565	159.56108922151012	986.591125411797	
4557.8432	0.028800000000046566	Ripples	0.028800000000046566	4557.8536	8.152068694395611	152.70186090687977	866.4431051791429	
4560.4512	0.02959999999984575	Ripples	0.02959999999984575	4560.4736	5.155892136299707	143.63361028680572	487.9786070367763	
4563.1144	0.07200000000011642	Ripples	0.07200000000011642	4563.176	9.230252763636525	152.6778076686699	753.4946066675926	
4568.1912	0.08240000000023429	Ripples	0.08240000000023429	4568.2344	10.685101297972905	144.4219542635742	1057.0820394146842	
4568.9544000000005	0.05760000000009313	Ripples	0.05760000000009313	4568.9728000000005	25.287705251582835	152.51929499366125	1526.2220197315212	
4571.8424	0.05519999999978609	Ripples	0.05519999999978609	4571.8752	14.310311681030777	155.65064370740907	1089.0518998619916	
4572.968	0.06400000000030559	Ripples	0.06400000000030559	4572.9856	5.108824267994239	162.1590922269454	471.0798158999378	
4589.3864	0.07600000000002183	Ripples	0.07600000000002183	4589.428	23.04165055758222	145.9876575795089	1176.3040426774671	
4591.6648000000005	0.03279999999995198	Ripples	0.03279999999995198	4591.6832	30.24926385375606	158.5841540018827	1809.5577640643498	
4600.6088	0.028800000000046566	Ripples	0.028800000000046566	4600.6168	5.857005761119346	153.53309070792255	815.3980597163271	
4601.950400000001	0.07039999999960855	Ripples	0.07039999999960855	4601.996	26.718886240323044	146.85756991054123	1312.3419219061284	
4602.2608	0.0727999999999156	Ripples	0.0727999999999156	4602.276	8.637271089651374	152.51938031957692	540.6631709212963	
4610.0624	0.05840000000080181	Ripples	0.05840000000080181	4610.1008	16.907540215790593	155.36245813821935	1151.1453650683875	
4610.8992	0.028000000000247383	Ripples	0.028000000000247383	4610.916	7.868110516548193	155.07712172359743	746.8906622849687	
4611.3616	0.03920000000016444	Ripples	0.03920000000016444	4611.38	13.059054366803501	152.47765509296246	1150.5670876391976	
4611.4368	0.06959999999980937	Ripples	0.06959999999980937	4611.4784	25.788607877106124	147.59071913391864	1666.6237467880771	
4618.9464	0.04719999999997526	Ripples	0.04719999999997526	4618.964800000001	28.8756960244788	155.9264754097514	1814.6206390161467	
4620.5152	0.04640000000017608	Ripples	0.04640000000017608	4620.526400000001	7.7075939982414905	150.8479431325931	606.7034007803055	
4621.6656	0.022399999999834108	Ripples	0.022399999999834108	4621.6808	16.662001276925263	160.53774012784322	1107.68928277215	
4628.904	0.06959999999980937	Ripples	0.06959999999980937	4628.9448	5.062144071998674	146.31177778328876	584.9126883920621	
4644.1504	0.05040000000008149	Ripples	0.05040000000008149	4644.1728	45.48227880817916	157.42714461705847	2463.639884695545	
4645.1656	0.03679999999985739	Ripples	0.03679999999985739	4645.1912	7.9119388922097045	152.02529837498733	844.2839247628876	
4645.2824	0.059200000000600994	Ripples	0.059200000000600994	4645.3016	6.279933954038651	142.81290453843732	519.9379629236587	
4646.9752	0.04320000000006985	Ripples	0.04320000000006985	4647.004800000001	8.416540348453896	153.93279268293844	768.5255971715663	
4647.052000000001	0.06799999999930151	Ripples	0.06799999999930151	4647.0904	15.910812102950105	152.79977297673852	981.8363637347892	
4655.26	0.034399999999550346	Ripples	0.034399999999550346	4655.2736	11.743239557792272	165.08191673270383	915.1510033184484	
4655.7536	0.047999999999774445	Ripples	0.047999999999774445	4655.7792	6.577004388757433	153.0618427670527	620.8267424215956	
4659.1776	0.03760000000056607	Ripples	0.03760000000056607	4659.1912	21.234073116949542	156.381762708816	1384.7356727626402	
4660.537600000001	0.046399999999266583	Ripples	0.046399999999266583	4660.576	5.106421284100952	146.5370916686672	393.04843411342017	
4660.7352	0.024800000000141154	Ripples	0.024800000000141154	4660.7504	10.694135052628328	157.73093277285437	947.1809707659991	
4664.113600000001	0.05599999999958527	Ripples	0.05599999999958527	4664.14	27.29508700642683	147.0659577519065	1488.0324264055378	
4664.6832	0.05199999999967986	Ripples	0.05199999999967986	4664.712	20.311962094899588	155.22330109355755	1340.8510178771123	
4667.1776	0.13920000000052823	Ripples	0.13920000000052823	4667.265600000001	31.504448921690926	155.1324476697048	1865.0856512400142	
4668.1392000000005	0.030399999999644933	Ripples	0.030399999999644933	4668.144	5.031959708681913	151.6814791140651	652.8516063146369	
4668.628000000001	0.03279999999995198	Ripples	0.03279999999995198	4668.6504	8.873304005570168	152.6241989101367	614.6193184429402	
4668.8808	0.026400000000649015	Ripples	0.026400000000649015	4668.8928000000005	5.870340772692864	148.48865379594494	479.3557352928419	
4682.2880000000005	0.037599999999656575	Ripples	0.037599999999656575	4682.3032	16.634960063155262	152.5195442888959	1026.5725169783698	
4682.8856000000005	0.03279999999995198	Ripples	0.03279999999995198	4682.908	7.289216739372735	159.24377353657434	902.3098683455149	
4683.2632	0.06719999999950232	Ripples	0.06719999999950232	4683.3024000000005	27.466281208744125	148.37363438520956	1351.8337674429551	
4683.718400000001	0.020799999999326246	Ripples	0.020799999999326246	4683.732	8.977859851116074	164.07318177979883	862.9787486160648	
4692.921600000001	0.07519999999931315	Ripples	0.07519999999931315	4692.9512	46.860415139488666	149.14923363259538	2218.2386851401147	
4693.76	0.028000000000247383	Ripples	0.028000000000247383	4693.7832	6.0188188923785235	161.56893860915716	551.816423607706	
4694.7528	0.025599999999940337	Ripples	0.025599999999940337	4694.7704	14.580910629099671	156.25281092727212	1117.3708507522358	
4697.6192	0.05040000000008149	Ripples	0.05040000000008149	4697.6456	24.28133148699825	151.0471186308513	1437.2483509563483	
4701.448	0.03999999999996362	Ripples	0.03999999999996362	4701.4776	28.33414056698213	157.50874864680986	1683.1058279882461	
4705.8096000000005	0.056799999999384454	Ripples	0.056799999999384454	4705.827200000001	42.21602403318656	157.03360647745333	2386.8623303712548	
4714.6648000000005	0.0543999999999869	Ripples	0.0543999999999869	4714.6784	11.263333371357433	156.6665752460001	941.8424424047728	
4716.5248	0.058399999999892316	Ripples	0.058399999999892316	4716.5552	17.642208836240037	148.07879816355177	1089.452824320229	
4718.751200000001	0.06319999999959691	Ripples	0.06319999999959691	4718.8008	10.767094970736162	158.00611932038586	1139.611427266634	
4721.7904	0.025599999999940337	Ripples	0.025599999999940337	4721.8016	10.679061949691455	158.2515558079728	905.7948878372002	
4727.3352	0.04239999999936117	Ripples	0.04239999999936117	4727.3648	21.275983008331004	153.0432333503595	1356.38285553233	
4742.3944	0.068000000000211	Ripples	0.068000000000211	4742.428	19.0569828106376	144.1139696985177	1161.9693623307817	
4742.6168	0.05040000000008149	Ripples	0.05040000000008149	4742.642400000001	41.02903860526794	151.43635594559	2128.8885965660334	
4743.0568	0.03920000000016444	Ripples	0.03920000000016444	4743.084	6.262393916654764	141.46696771886698	495.26741197582794	
4743.5464	0.03120000000035361	Ripples	0.03120000000035361	4743.5576	8.263951330777022	156.51515075974012	559.4601951584002	
4744.352800000001	0.03679999999985739	Ripples	0.03679999999985739	4744.368	8.040319384716392	152.36801641983587	771.2497085589657	
4749.9392	0.03600000000005821	Ripples	0.03600000000005821	4749.9536	12.210931517363484	152.34978128045387	1118.1444439695927	
4751.1936000000005	0.037599999999656575	Ripples	0.037599999999656575	4751.2128	15.164429577098648	154.65005313995928	1187.589299453289	
4754.5256	0.021600000000034925	Ripples	0.021600000000034925	4754.5392	5.811970911245442	157.43185000671247	782.285342767212	
4755.54	0.03600000000005821	Ripples	0.03600000000005821	4755.5512	9.373573089842086	150.87733940334084	645.4062314816023	
4756.5608	0.028000000000247383	Ripples	0.028000000000247383	4756.5744	8.078851575025144	160.7423535226289	937.2953074454184	
4759.8008	0.04719999999997526	Ripples	0.04719999999997526	4759.8152	6.135042083853745	147.4876308677773	732.9351872373443	
4759.944	0.03279999999995198	Ripples	0.03279999999995198	4759.9656	13.705753109938781	151.68832143912527	1046.6094827199947	
4760.084	0.03920000000016444	Ripples	0.03920000000016444	4760.102400000001	41.917332980333065	155.02737468334925	2197.7000659396754	
4765.2776	0.05199999999967986	Ripples	0.05199999999967986	4765.2864	6.6818676366713845	157.0046201388945	529.818347076811	
4767.9584	0.025599999999940337	Ripples	0.025599999999940337	4767.9672	5.047556838196431	164.24928556403418	592.6594178483363	
4769.1944	0.02959999999984575	Ripples	0.02959999999984575	4769.2056	6.184326606766729	153.21996523630085	607.7916403567091	
4775.135200000001	0.03359999999975116	Ripples	0.03359999999975116	4775.1552	19.276354509164598	159.39240074302108	1515.7124640914026	
4775.258400000001	0.027999999999337888	Ripples	0.027999999999337888	4775.272800000001	7.555887581410097	152.81643722692576	838.3120606759885	
4780.3224	0.03840000000036525	Ripples	0.03840000000036525	4780.344	27.57748509626681	158.3365061909143	1973.3293893644968	
4783.6008	0.025599999999940337	Ripples	0.025599999999940337	4783.612	9.013068234615169	152.75732015679628	881.414744228605	
4783.8632	0.032000000000152795	Ripples	0.032000000000152795	4783.8688	5.136025369850189	160.6130262696669	699.6250030275339	
4785.2032	0.0408000000006723	Ripples	0.0408000000006723	4785.232800000001	11.233998839851457	151.04996991697845	923.2507345937331	
4785.5584	0.025599999999940337	Ripples	0.025599999999940337	4785.5704000000005	11.099576291544686	158.6329493540467	1111.7427188985585	
4785.704000000001	0.04719999999997526	Ripples	0.04719999999997526	4785.7312	6.854447621757739	172.03168859483333	580.5785002431734	
4788.8112	0.03600000000005821	Ripples	0.03600000000005821	4788.8256	12.197500736552806	151.33247264092645	898.6800888102509	
4790.8896	0.04719999999997526	Ripples	0.04719999999997526	4790.914400000001	10.599258219460602	144.3316462187367	837.6167831028519	
4792.4984	0.02959999999984575	Ripples	0.02959999999984575	4792.5136	7.838596947625846	149.90448369012265	825.1387666646057	
4792.6192	0.047999999999774445	Ripples	0.047999999999774445	4792.635200000001	31.530969602315857	154.0828018954441	1900.2278232293168	
4792.8096000000005	0.030399999999644933	Ripples	0.030399999999644933	4792.8256	39.98519429493212	162.9987091279674	2237.941030058117	
4794.4336	0.021600000000034925	Ripples	0.021600000000034925	4794.4448	14.302028922389155	159.03459121139915	1174.8104003537967	
4794.4784	0.021600000000034925	Ripples	0.021600000000034925	4794.4896	5.771158852273978	159.88075908533267	861.8021645614097	
4795.059200000001	0.05519999999978609	Ripples	0.05519999999978609	4795.0824	15.233921662595593	152.81096467451218	930.3469017548664	
4800.287200000001	0.1135999999996784	Ripples	0.1135999999996784	4800.332	21.524723274363364	145.38111930014054	1403.9546702841833	
4805.9512	0.08719999999993888	Ripples	0.08719999999993888	4805.972000000001	34.00917959520783	154.4700982080838	1920.3193418269425	
4806.156800000001	0.050399999999171996	Ripples	0.050399999999171996	4806.1832	52.421869730675176	155.38166063403526	2639.487690871597	
4811.2792	0.056000000000494765	Ripples	0.056000000000494765	4811.2904	8.048811991692997	152.43430987286936	711.1259611231624	
4812.584	0.030400000000554428	Ripples	0.030400000000554428	4812.6008	14.524614036206069	157.3988706836085	1237.510239770093	
4813.2896	0.04960000000028231	Ripples	0.04960000000028231	4813.3152	34.35665184383942	151.2176465703027	1916.6195181710505	
4823.0560000000005	0.07439999999951397	Ripples	0.07439999999951397	4823.0904	38.606933239240696	148.98192632937705	1928.7392427473321	
4828.3968	0.040799999999762804	Ripples	0.040799999999762804	4828.412	13.316562248730458	151.12956067916934	1129.0280454406677	
4830.4872000000005	0.0775999999996202	Ripples	0.0775999999996202	4830.5544	6.05336444707637	155.98081231722665	773.3854652230906	
4830.6112	0.025599999999940337	Ripples	0.025599999999940337	4830.6256	9.158790807405522	152.98244181340772	1076.7232249200647	
4830.7376	0.03679999999985739	Ripples	0.03679999999985739	4830.7664	11.193761302367326	153.46753986137725	1051.6636517702366	
4831.175200000001	0.0639999999993961	Ripples	0.0639999999993961	4831.2144	17.4083530686938	147.6090759164276	1005.1445807551718	
4836.156800000001	0.037599999999656575	Ripples	0.037599999999656575	4836.175200000001	22.402392349829945	164.15190376698928	1717.7531714996535	
4842.2736	0.04879999999957363	Ripples	0.04879999999957363	4842.3	12.047636276281267	154.64089823335217	990.9065862342184	
4856.776	0.07520000000022264	Ripples	0.07520000000022264	4856.792	46.17212757397613	155.2873265205322	2297.1238723362044	
4859.881600000001	0.0639999999993961	Ripples	0.0639999999993961	4859.921600000001	23.88093585802036	146.40560664585846	1331.3097683644164	
4868.957600000001	0.02959999999984575	Ripples	0.02959999999984575	4868.9800000000005	10.212179704466545	157.1686994783699	857.8025292492638	
4874.6552	0.05680000000029395	Ripples	0.05680000000029395	4874.6792000000005	10.243529781357088	155.46685031263772	839.9323027703294	
4875.1528	0.06080000000019936	Ripples	0.06080000000019936	4875.1776	22.049870232247176	146.94284796471158	1411.5862191142658	
4878.08	0.05680000000029395	Ripples	0.05680000000029395	4878.116	35.039175596881016	148.32922193507605	1968.8043612302097	
4882.2744	0.03679999999985739	Ripples	0.03679999999985739	4882.2880000000005	13.897576775360713	155.73387209340146	1106.1781304242427	
4883.9016	0.028000000000247383	Ripples	0.028000000000247383	4883.9128	5.802999416526272	155.67887854662308	791.6387736392219	
4884.5184	0.0408000000006723	Ripples	0.0408000000006723	4884.552000000001	5.361718779867665	156.12747295769256	599.7178859709546	
4885.6872	0.04320000000006985	Ripples	0.04320000000006985	4885.7080000000005	18.102027249064072	156.0043146279357	1147.0849246527034	
4885.7536	0.03760000000056607	Ripples	0.03760000000056607	4885.7696000000005	16.425631447359255	152.5017395567669	1046.7400344493003	
4892.6376	0.051199999999880674	Ripples	0.051199999999880674	4892.656	34.89267084244655	152.98247072240744	1971.8387182981528	
4894.072	0.07999999999992724	Ripples	0.07999999999992724	4894.092000000001	10.402625396407789	148.20210555226555	607.757966231718	
4899.6168	0.03440000000045984	Ripples	0.03440000000045984	4899.6344	36.02146136844807	158.6364015050765	2128.669677295025	
4901.46	0.035200000000259024	Ripples	0.035200000000259024	4901.4848	16.77091425695443	155.33541706280832	1294.606501393274	
4901.5152	0.05120000000079017	Ripples	0.05120000000079017	4901.5512	6.426192905378747	145.5052654649758	669.850092665306	
4903.224	0.044799999999668216	Ripples	0.044799999999668216	4903.236	6.914124399854748	150.99985166205886	712.7623417794152	
4903.649600000001	0.021600000000034925	Ripples	0.021600000000034925	4903.664000000001	5.885231506729444	155.36608380861676	705.7667168302593	
4920.9888	0.03999999999996362	Ripples	0.03999999999996362	4920.9992	7.683865249863098	153.18015674306923	895.684542037903	
4921.2272	0.037599999999656575	Ripples	0.037599999999656575	4921.2392	10.18198280041682	157.07747335662737	965.7377762035371	
4923.943200000001	0.02959999999984575	Ripples	0.02959999999984575	4923.9584	6.577287859254577	149.0117625500204	755.2107935303828	
4930.4584	0.04239999999936117	Ripples	0.04239999999936117	4930.4856	12.869656949172946	147.323316783046	889.1474788841432	
4930.5424	0.06720000000041182	Ripples	0.06720000000041182	4930.576	28.57956766090238	147.58675467367075	1450.1054852162276	
4930.8232	0.05840000000080181	Ripples	0.05840000000080181	4930.845600000001	27.089682431448097	150.11819363583623	1649.594968598652	
4931.8856000000005	0.028800000000046566	Ripples	0.028800000000046566	4931.8912	5.236220685740048	155.51992073463833	488.9589602273939	
4937.1736	0.03279999999995198	Ripples	0.03279999999995198	4937.1872	10.571061518130234	156.97441733760485	994.740292935104	
4939.2904	0.048800000000483124	Ripples	0.048800000000483124	4939.301600000001	10.442612764703357	153.23477269274656	892.2169307114789	
4939.838400000001	0.04399999999986903	Ripples	0.04399999999986903	4939.868	17.259233009279363	160.0976218511782	995.8318235824812	
4940.660800000001	0.058399999999892316	Ripples	0.058399999999892316	4940.6696	5.826090144323761	152.60786465280472	484.86363596564485	
4952.5104	0.06959999999980937	Ripples	0.06959999999980937	4952.5424	9.412597858532791	155.74710187930688	548.1927661043331	
4957.128000000001	0.028800000000046566	Ripples	0.028800000000046566	4957.142400000001	13.565911649596497	156.29225257020164	1196.4868368578611	
4957.2528	0.048800000000483124	Ripples	0.048800000000483124	4957.268	9.678440017090532	144.38302251880071	760.0610751797698	
4958.0704000000005	0.044799999999668216	Ripples	0.044799999999668216	4958.1048	12.957758503768979	156.86331151894447	928.5307073826064	
4958.26	0.045600000000376895	Ripples	0.045600000000376895	4958.2776	44.51368424050437	157.99256797975747	2385.1951878293366	
4959.5688	0.0272000000004482	Ripples	0.0272000000004482	4959.5768	6.475692569503093	158.48982804275616	750.3378390949867	
4960.9752	0.03999999999996362	Ripples	0.03999999999996362	4961.0008	20.87651953110153	149.29476044995565	1314.7417729047847	
4961.1264	0.02959999999984575	Ripples	0.02959999999984575	4961.1416	10.951119736150051	158.49229125731833	1132.0018395498073	
4961.9672	0.02639999999973952	Ripples	0.02639999999973952	4961.9784	7.100856616300645	150.9078699641994	709.9316889550098	
4962.1408	0.032000000000152795	Ripples	0.032000000000152795	4962.1624	13.101507102372175	153.19174299617714	1103.393339454698	
4962.1976	0.03679999999985739	Ripples	0.03679999999985739	4962.2064	6.388254742605109	155.24655456745643	833.4480536202899	
4989.848	0.023200000000542786	Ripples	0.023200000000542786	4989.8568000000005	6.561940161101968	154.33858695324238	824.595335476422	
4993.388	0.022400000000743603	Ripples	0.022400000000743603	4993.3992	7.715439008655474	157.86935990193604	916.4744446480149	
4996.2264000000005	0.03279999999995198	Ripples	0.03279999999995198	4996.2448	11.848691889015575	148.1665047768919	1008.3724732701912	
5010.1632	0.06080000000019936	Ripples	0.06080000000019936	5010.1944	12.777153400966927	144.7911803311469	722.3039954670338	
5029.0864	0.048800000000483124	Ripples	0.048800000000483124	5029.108	21.973350911276835	154.12286486645422	1664.2887735972993	
5039.3096000000005	0.04320000000006985	Ripples	0.04320000000006985	5039.332	24.078139503270833	150.2668613183708	1560.254961869547	
5040.6696	0.061599999999998545	Ripples	0.061599999999998545	5040.716	13.460141197190849	150.83361629374278	866.4510574899211	
5040.838400000001	0.03679999999985739	Ripples	0.03679999999985739	5040.8648	9.582849261716266	152.6343663759838	1019.0768761149887	
5040.9768	0.05599999999958527	Ripples	0.05599999999958527	5041.0032	14.32848599234493	147.09771653814067	928.0631118129535	
5045.280000000001	0.044799999999668216	Ripples	0.044799999999668216	5045.2952000000005	17.473452396247	151.91387229856915	1267.7910776412143	
5046.1776	0.030400000000554428	Ripples	0.030400000000554428	5046.1912	17.26211759943918	161.00576390720826	1505.6443942245664	
5046.292	0.07839999999941938	Ripples	0.07839999999941938	5046.3216	7.830853765416407	150.9077220119767	520.6192492559776	
5050.14	0.05360000000018772	Ripples	0.05360000000018772	5050.168000000001	25.85441861249817	149.08662940965215	1163.568022970934	
5050.2904	0.04719999999997526	Ripples	0.04719999999997526	5050.3152	23.612989547684084	155.7942934394362	1415.794097578517	
5052.1632	0.024800000000141154	Ripples	0.024800000000141154	5052.1744	20.1557974388003	163.33568041031137	1519.6495772459036	
5053.211200000001	0.03359999999975116	Ripples	0.03359999999975116	5053.2344	5.914443265921009	156.469173807497	506.4703496373703	
5055.644	0.04719999999997526	Ripples	0.04719999999997526	5055.660800000001	39.72432355695665	152.10239703216772	2079.9773791346643	
5055.7480000000005	0.04959999999937281	Ripples	0.04959999999937281	5055.7624000000005	39.690922672241065	159.7076800092167	2257.79408652805	
5058.0344000000005	0.06880000000001019	Ripples	0.06880000000001019	5058.0824	9.853562186230622	164.37821668677563	857.5609606883938	
5058.533600000001	0.04959999999937281	Ripples	0.04959999999937281	5058.5456	10.43781446491526	144.57810034770048	840.8966565480035	
5060.0096	0.05599999999958527	Ripples	0.05599999999958527	5060.0344000000005	16.11485563038798	153.4634080082516	1379.3378659971388	
5060.42	0.03999999999996362	Ripples	0.03999999999996362	5060.4408	16.968029594162804	153.1751607405757	1168.0194482680174	
5063.6688	0.06319999999959691	Ripples	0.06319999999959691	5063.7144	28.19401432802877	149.73032767681022	1790.274387729516	
5072.64	0.12079999999969004	Ripples	0.12079999999969004	5072.716	14.470601834790168	149.18505303151096	888.2776905255013	
5074.8656	0.028000000000247383	Ripples	0.028000000000247383	5074.874400000001	6.061143519218915	159.2502191792062	555.0272749469102	
5075.6088	0.028000000000247383	Ripples	0.028000000000247383	5075.6232	24.962686261906438	160.37311226203556	1717.2814201716712	
5076.1328	0.021600000000034925	Ripples	0.021600000000034925	5076.144	5.217849434820748	155.94221120593232	482.7502750259296	
5077.109600000001	0.025599999999940337	Ripples	0.025599999999940337	5077.120800000001	5.315518542352644	148.03444621669775	631.8404259997304	
5077.3808	0.023200000000542786	Ripples	0.023200000000542786	5077.3928000000005	18.597862937482308	160.53396753574782	1387.084263452904	
5077.5168	0.03600000000005821	Ripples	0.03600000000005821	5077.54	13.78090496631268	153.28787869153157	1107.7781288831156	
5080.7144	0.05680000000029395	Ripples	0.05680000000029395	5080.7632	5.666528872404695	148.84528317378542	663.5010150875612	
5086.5128	0.03359999999975116	Ripples	0.03359999999975116	5086.524	6.700155588203332	165.0211254736732	650.6029180442698	
5088.5424	0.02080000000023574	Ripples	0.02080000000023574	5088.5536	7.620311974218104	156.1868405157372	917.8379421556646	
5089.3640000000005	0.05040000000008149	Ripples	0.05040000000008149	5089.3968	32.527163645468576	152.01566451766928	1981.0601040355632	
5092.649600000001	0.043199999999160354	Ripples	0.043199999999160354	5092.6576000000005	5.644454462146142	163.75125612478976	588.1374368857876	
5100.4544000000005	0.05199999999967986	Ripples	0.05199999999967986	5100.484	25.57551911262206	149.00730858632954	1274.3920603555057	
5102.212	0.0455999999994674	Ripples	0.0455999999994674	5102.2392	24.307032534035116	148.10356463858454	1257.251081020297	
5102.6776	0.07840000000032887	Ripples	0.07840000000032887	5102.722400000001	18.613606801134072	155.94500867122258	1056.9913052631769	
5104.9264	0.028800000000046566	Ripples	0.028800000000046566	5104.9408	5.760404530855874	169.38798201888568	817.6425321634856	
5110.044	0.09680000000025757	Ripples	0.09680000000025757	5110.1128	16.0961427231201	150.52347737264358	1515.9842273877143	
5114.5032	0.02400000000034197	Ripples	0.02400000000034197	5114.519200000001	6.3016578354135655	147.29765956893	653.6982150133866	
5115.256	0.02639999999973952	Ripples	0.02639999999973952	5115.2744	7.461536045175781	151.40410171151882	677.8095110849937	
5116.1144	0.03679999999985739	Ripples	0.03679999999985739	5116.1288	18.209634085926613	156.08803715288232	1327.367509253662	
5117.344	0.03359999999975116	Ripples	0.03359999999975116	5117.3624	11.78880092447652	151.04651878593646	863.5913614828393	
5118.787200000001	0.056799999999384454	Ripples	0.056799999999384454	5118.8144	12.204045157285211	142.86623351225413	733.8910874529155	
5122.6904	0.03600000000005821	Ripples	0.03600000000005821	5122.7048	15.611219360296138	158.6967532759418	1319.8671744872063	
5124.6808	0.02959999999984575	Ripples	0.02959999999984575	5124.7008000000005	6.036926185459111	155.06002708010828	629.9883422710279	
5128.1176000000005	0.0727999999999156	Ripples	0.0727999999999156	5128.164000000001	5.802381595328644	149.6933329544825	503.34962447530853	
5137.6624	0.03920000000016444	Ripples	0.03920000000016444	5137.6872	37.63681419814949	157.92359305575485	2092.9395932113625	
5138.6264	0.047999999999774445	Ripples	0.047999999999774445	5138.648	38.8834491526157	151.7672376938327	2158.0408758792037	
5141.4424	0.048800000000483124	Ripples	0.048800000000483124	5141.4808	7.066964510466878	158.2102359775096	822.904511727307	
5142.004	0.02400000000034197	Ripples	0.02400000000034197	5142.0176	17.730453899049554	165.8624884603819	1311.414039784991	
5142.2144	0.03279999999995198	Ripples	0.03279999999995198	5142.222400000001	7.923480699940666	151.38354342998656	820.7627841946804	
5143.4488	0.04160000000047148	Ripples	0.04160000000047148	5143.4696	25.537823472256026	154.3871512583688	1563.7007863902095	
5151.2632	0.02639999999973952	Ripples	0.02639999999973952	5151.2752	9.360663828975119	154.53830495297592	776.5885109280283	
5153.656800000001	0.03359999999975116	Ripples	0.03359999999975116	5153.6720000000005	10.64454275466691	149.8313219772552	928.4165335071618	
5155.4352	0.06400000000030559	Ripples	0.06400000000030559	5155.468800000001	19.113954620384263	158.65059919859857	1215.8639252558444	
5160.0096	0.1048000000000684	Ripples	0.1048000000000684	5160.0256	20.200739088441527	148.11514051756123	1373.4460620102773	
5170.1768	0.04160000000047148	Ripples	0.04160000000047148	5170.1888	7.155011484907548	150.61787235322944	607.0268387429198	
5170.96	0.056000000000494765	Ripples	0.056000000000494765	5170.976000000001	22.776370421603804	148.97956873244655	1420.7451062813614	
5171.2216	0.03360000000066066	Ripples	0.03360000000066066	5171.236800000001	6.900302669006283	142.35470490181245	543.29517145041	
5173.5088000000005	0.024800000000141154	Ripples	0.024800000000141154	5173.5208	8.069974675833487	157.60026399178633	777.0421431137114	
5174.6864000000005	0.03600000000005821	Ripples	0.03600000000005821	5174.7088	13.733262081681879	149.42827643106642	767.2310053228914	
5176.8768	0.03679999999985739	Ripples	0.03679999999985739	5176.8968	6.797853813783646	152.31428685826063	799.8563916902577	
5176.9848	0.042400000000270666	Ripples	0.042400000000270666	5177.0104	22.164891401072673	145.96692391471856	1397.7356898316882	
5177.5608	0.025599999999940337	Ripples	0.025599999999940337	5177.5752	17.0130004007048	155.50075075559215	1232.2323434093796	
5184.3328	0.05760000000009313	Ripples	0.05760000000009313	5184.3608	12.704052836466435	150.0347896885897	870.4080489382283	
5204.504	0.0543999999999869	Ripples	0.0543999999999869	5204.5328	31.930017825065043	150.38462780163417	1752.0084672184714	
5204.606400000001	0.05199999999967986	Ripples	0.05199999999967986	5204.6296	23.770966404320365	148.29759553193006	1266.285992345593	
5204.6952	0.03760000000056607	Ripples	0.03760000000056607	5204.7072	14.549570397569616	154.01220585710817	1141.614976716929	
5207.9808	0.042400000000270666	Ripples	0.042400000000270666	5208.0088000000005	11.143029822172968	151.90023480899836	975.4441883165969	
5208.792	0.04960000000028231	Ripples	0.04960000000028231	5208.8296	10.416861754840504	145.9344845923291	768.0891784010471	
5209.812	0.02080000000023574	Ripples	0.02080000000023574	5209.8232	10.650825974496644	162.38977045270966	988.395428374836	
5214.5912	0.04160000000047148	Ripples	0.04160000000047148	5214.6184	24.068671262162162	152.53519411917705	1671.605967282231	
5218.5112	0.020000000000436557	Ripples	0.020000000000436557	5218.524	6.2477360010158804	157.98568674574207	771.3921297089321	
5218.856000000001	0.044799999999668216	Ripples	0.044799999999668216	5218.872	21.913913245867775	156.30360406705134	1450.4910478194154	
5220.0104	0.02639999999973952	Ripples	0.02639999999973952	5220.030400000001	5.574284149344243	156.52800823008704	583.9097260419006	
5220.14	0.06480000000010477	Ripples	0.06480000000010477	5220.1728	21.182589092963713	147.77132208207505	1404.7199067711513	
5227.1728	0.034399999999550346	Ripples	0.034399999999550346	5227.1904	25.373114913241483	155.42499066563747	1761.1029696990151	
5231.729600000001	0.03679999999985739	Ripples	0.03679999999985739	5231.7592	9.300329301618044	157.27500207914593	944.4237058664368	
5231.8368	0.040799999999762804	Ripples	0.040799999999762804	5231.8592	10.425926454395228	153.69900572024886	841.0988620230836	
5244.6016	0.03360000000066066	Ripples	0.03360000000066066	5244.6104000000005	5.8517479805099635	155.08257036693695	672.3868442830566	
5244.787200000001	0.0455999999994674	Ripples	0.0455999999994674	5244.8176	18.9950890551494	148.04058057526777	1225.1563526347827	
5246.232	0.045600000000376895	Ripples	0.045600000000376895	5246.2528	28.274111336492467	157.71061877497016	1880.0991735309544	
5247.976000000001	0.07999999999992724	Ripples	0.07999999999992724	5247.9968	36.99696227741999	155.12513454496485	2184.1540914958014	
5253.5688	0.026400000000649015	Ripples	0.026400000000649015	5253.5872	10.689105545594394	154.52331509662176	913.6575467877276	
5253.6768	0.04719999999997526	Ripples	0.04719999999997526	5253.7128	16.85785185023687	149.67659903448714	1191.8318386031517	
5255.9328000000005	0.03600000000005821	Ripples	0.03600000000005821	5255.9544000000005	11.904881173316538	152.48276597919553	994.3052624844621	
5256.240000000001	0.07199999999920692	Ripples	0.07199999999920692	5256.2976	14.101689003923294	153.1214878811337	927.9876256083703	
5264.6	0.04320000000006985	Ripples	0.04320000000006985	5264.6184	30.330736129702725	151.1968937379011	1762.8747087902223	
5265.5216	0.03440000000045984	Ripples	0.03440000000045984	5265.532	9.067458298243553	161.96681788091124	1030.2102953099563	
5267.3784000000005	0.03519999999934953	Ripples	0.03519999999934953	5267.400000000001	11.979718153285065	151.19843667038828	986.209301438197	
5270.917600000001	0.037599999999656575	Ripples	0.037599999999656575	5270.944	12.03225472753917	152.96056497540147	881.1920276764738	
5271.8872	0.03920000000016444	Ripples	0.03920000000016444	5271.9048	19.48762110863745	159.3574737487861	1366.9819668270393	
5272.649600000001	0.058399999999892316	Ripples	0.058399999999892316	5272.675200000001	16.424349269257416	145.35489263668669	978.2097031596426	
5276.636	0.08719999999993888	Ripples	0.08719999999993888	5276.689600000001	10.30823322955821	144.99208126581982	673.3494409372233	
5279.0464	0.07120000000031723	Ripples	0.07120000000031723	5279.092000000001	33.52991306980309	147.82704796065315	1884.926247077827	
5280.9800000000005	0.03839999999945576	Ripples	0.03839999999945576	5281.0072	6.919776979967688	157.479179971554	655.6866380550749	
5284.3544	0.07120000000031723	Ripples	0.07120000000031723	5284.4016	45.98942538885766	150.6895635761078	2363.193933752526	
5286.264	0.02400000000034197	Ripples	0.02400000000034197	5286.272800000001	5.867970250612042	147.99257582496512	578.8914452293333	
5287.0784	0.02080000000023574	Ripples	0.02080000000023574	5287.0872	5.549454031886092	156.07237565293403	613.3481346613783	
5292.9536	0.04320000000006985	Ripples	0.04320000000006985	5292.9744	28.047256882682102	150.01304338086425	1617.2792623393696	
5294.2952000000005	0.05599999999958527	Ripples	0.05599999999958527	5294.3296	13.063454601638318	145.0015109337036	884.3895848626784	
5296.3152	0.056000000000494765	Ripples	0.056000000000494765	5296.338400000001	8.142023247890146	148.22945410066092	803.8334506306348	
5296.8152	0.0272000000004482	Ripples	0.0272000000004482	5296.8288	15.77123536931244	156.39515202143792	1279.9629008880338	
5296.9256000000005	0.031199999999444117	Ripples	0.031199999999444117	5296.944	9.29092314349955	154.4516119097999	1099.8886536781897	
5298.5864	0.07760000000052969	Ripples	0.07760000000052969	5298.624000000001	16.857255060761023	141.33913457211554	747.2710088956802	
5302.1504	0.03279999999995198	Ripples	0.03279999999995198	5302.1728	6.481924483101482	154.10318036279514	679.3381344815994	
5302.5224	0.02080000000023574	Ripples	0.02080000000023574	5302.5328	5.654478211038309	157.37083456166692	714.7555491807004	
5303.6528	0.022400000000743603	Ripples	0.022400000000743603	5303.6648000000005	6.913509959940361	154.39153870627422	753.7998850985408	
5303.8472	0.03999999999996362	Ripples	0.03999999999996362	5303.8640000000005	21.334522508535294	161.76658878425846	1344.0923495611478	
5304.2792	0.022400000000743603	Ripples	0.022400000000743603	5304.2904	7.772298453235221	153.80333545241456	857.5831951109813	
5305.0784	0.034399999999550346	Ripples	0.034399999999550346	5305.0864	7.177613962005195	156.19933557087114	758.6345994543778	
5305.9304	0.0591999999996915	Ripples	0.0591999999996915	5305.9528	21.09649139836145	148.84040788169352	1332.385440586022	
5311.4296	0.021600000000034925	Ripples	0.021600000000034925	5311.444	6.637874338859424	156.47103587892644	823.2859022076465	
5321.5056	0.037599999999656575	Ripples	0.037599999999656575	5321.5136	5.389335162106418	156.47296492934314	560.9646114323837	
5321.5872	0.08240000000023429	Ripples	0.08240000000023429	5321.6248000000005	17.964813151605814	148.06604231765738	972.1508340162881	
5321.7024	0.051199999999880674	Ripples	0.051199999999880674	5321.7136	12.052137591926412	157.0626912886885	984.468304330243	
5325.7424	0.03440000000045984	Ripples	0.03440000000045984	5325.7568	12.548607429471874	158.91392157154016	1240.414372741149	
5325.852800000001	0.03600000000005821	Ripples	0.03600000000005821	5325.8648	17.440849777369067	157.95066951978706	1303.880613039186	
5325.9312	0.032000000000152795	Ripples	0.032000000000152795	5325.948	11.020892653365786	168.0021448994632	1230.0029299027892	
5345.0	86.0	SleepStates						REM
5370.8304	0.048800000000483124	Ripples	0.048800000000483124	5370.841600000001	11.427057098960843	155.2982459527198	977.8417915227268	
5381.848	0.04320000000006985	Ripples	0.04320000000006985	5381.8688	33.375432726510255	154.37723058646637	1705.1987895151074	
5385.0616	0.032000000000152795	Ripples	0.032000000000152795	5385.073600000001	5.919587802456856	163.57397599229995	456.27638934192896	
5432.0	24.0	SleepStates						Awake
5434.784000000001	0.08159999999952561	Ripples	0.08159999999952561	5434.8256	26.455020988319284	146.6516406519454	1486.0444526833378	
5457.0	239.0	SleepStates						Non-REM
5460.664000000001	0.061599999999998545	Ripples	0.061599999999998545	5460.7088	25.82100432717418	154.70596382639695	1896.318505968215	
5462.656800000001	0.044799999999668216	Ripples	0.044799999999668216	5462.6720000000005	39.652965093148545	158.1725848005654	2223.6972808266914	
5463.6368	0.07600000000002183	Ripples	0.07600000000002183	5463.656800000001	16.306269119250235	146.72692217100033	1273.078594752253	
5465.0968	0.03840000000036525	Ripples	0.03840000000036525	5465.1144	26.500472344969094	155.11846387814822	1777.1962181951128	
5466.9408	0.042400000000270666	Ripples	0.042400000000270666	5466.968800000001	9.494325571693208	156.19474996791826	688.4712744246108	
5470.8032	0.08240000000023429	Ripples	0.08240000000023429	5470.8616	27.40378353314092	154.11210070398639	1879.779692096235	
5476.921600000001	0.031199999999444117	Ripples	0.031199999999444117	5476.932000000001	5.174575106880428	164.15729006580628	520.0462022978637	
5477.5176	0.025599999999940337	Ripples	0.025599999999940337	5477.536	6.224151255037983	157.6702208110666	827.8188592418361	
5478.5560000000005	0.03600000000005821	Ripples	0.03600000000005821	5478.580800000001	5.213470895185258	162.7642946231619	670.2647847214254	
5482.0024	0.08240000000023429	Ripples	0.08240000000023429	5482.0136	5.252736866830058	141.48860145772898	382.31048207475465	
5485.484	0.05199999999967986	Ripples	0.05199999999967986	5485.5072	20.53789552644375	155.44964625153062	1182.5175690673423	
5486.6048	0.028800000000046566	Ripples	0.028800000000046566	5486.62	6.8270818414871695	147.94451724462485	805.8262556668989	
5486.6832	0.04640000000017608	Ripples	0.04640000000017608	5486.7064	7.041800140638029	147.8982493936215	486.34170607719466	
5488.76	0.05199999999967986	Ripples	0.05199999999967986	5488.7864	20.843567505874862	153.59192568187606	1216.8455483870566	
5497.9328000000005	0.04320000000006985	Ripples	0.04320000000006985	5497.9544000000005	13.266751073939897	150.1498658030353	984.6877375097433	
5497.996	0.025599999999940337	Ripples	0.025599999999940337	5498.0136	14.158261617387526	158.7011638839396	1175.867805808279	
5499.3584	0.03840000000036525	Ripples	0.03840000000036525	5499.38	34.11597866410769	156.22623981645623	2009.2628502548746	
5508.0560000000005	0.03839999999945576	Ripples	0.03839999999945576	5508.0704000000005	25.1500354350114	161.44697450782274	1746.1706369986405	
5508.7232	0.042400000000270666	Ripples	0.042400000000270666	5508.740000000001	29.37576792628109	157.67573467672207	1645.3165517071623	
5510.827200000001	0.08799999999973807	Ripples	0.08799999999973807	5510.8728	23.737578101417135	146.65981301479226	1519.709191801388	
5517.7616	0.05520000000069558	Ripples	0.05520000000069558	5517.791200000001	20.043183207299187	150.9320252933015	1243.9051230528953	
5517.8640000000005	0.07439999999951397	Ripples	0.07439999999951397	5517.9088	16.73252501145793	151.88317998827011	1246.1101130607874	
5518.044	0.03840000000036525	Ripples	0.03840000000036525	5518.0648	9.540737230885364	154.53037845767005	1187.8782358060282	
5518.9568	0.036800000000766886	Ripples	0.036800000000766886	5518.979200000001	27.17805819512113	158.53590273129953	1655.1863175777453	
5531.3688	0.06959999999980937	Ripples	0.06959999999980937	5531.3912	23.707682694310478	148.16170285597278	1422.3830597713493	
5531.5904	0.05680000000029395	Ripples	0.05680000000029395	5531.6336	7.794596043844184	159.0082902399011	657.0128568533949	
5533.0864	0.03760000000056607	Ripples	0.03760000000056607	5533.1016	9.58994144522383	157.00073721148138	804.3337551278171	
5533.2264000000005	0.04399999999986903	Ripples	0.04399999999986903	5533.2576	11.252055491504015	148.153830006943	791.9114338848418	
5537.986400000001	0.0639999999993961	Ripples	0.0639999999993961	5538.0256	23.640416904255837	150.70334448624416	1276.1158834607704	
5538.9696	0.03279999999995198	Ripples	0.03279999999995198	5538.9808	7.29939124885864	160.58247060391304	707.2044379220428	
5540.055200000001	0.02159999999912543	Ripples	0.02159999999912543	5540.0704000000005	8.202889296967639	165.61431250666627	729.4259119629819	
5548.4304	0.08479999999963184	Ripples	0.08479999999963184	5548.4488	26.582159985456013	150.57538635863284	1466.9210236818817	
5551.305600000001	0.07999999999992724	Ripples	0.07999999999992724	5551.3784000000005	9.276561882885321	163.2176868752653	876.1561276940872	
5554.599200000001	0.03919999999925494	Ripples	0.03919999999925494	5554.616800000001	11.693411045036065	154.33198253392473	1062.7107755851218	
5560.1368	0.03600000000005821	Ripples	0.03600000000005821	5560.1624	8.137982322181598	145.71025784168827	836.9141766487969	
5560.841600000001	0.03359999999975116	Ripples	0.03359999999975116	5560.8552	9.186173483232333	159.1861890271113	720.8235668765595	
5565.9256000000005	0.03839999999945576	Ripples	0.03839999999945576	5565.952	9.771878486656517	151.5655788783555	596.7503803567208	
5574.9776	0.048800000000483124	Ripples	0.048800000000483124	5575.0160000000005	7.282951317922603	150.2552878569828	744.8518243492391	
5588.828	0.024800000000141154	Ripples	0.024800000000141154	5588.838400000001	14.20770866593574	161.52476740523434	1234.518828576776	
5592.076	0.022399999999834108	Ripples	0.022399999999834108	5592.088000000001	5.1788474053980265	156.41684738095785	836.0147607522116	
5595.1720000000005	0.03519999999934953	Ripples	0.03519999999934953	5595.1904	35.34545919374507	158.61253595400365	2079.524103464566	
5596.896000000001	0.04879999999957363	Ripples	0.04879999999957363	5596.916	10.571475992321622	151.86805552152512	701.0764839660739	
5598.4088	0.052800000000388536	Ripples	0.052800000000388536	5598.4376	39.453707897624305	149.45008026846142	2044.4261060486735	
5598.624000000001	0.08959999999933643	Ripples	0.08959999999933643	5598.660800000001	15.047304097128746	146.55273400443608	1441.6915532209287	
5600.9024	0.035200000000259024	Ripples	0.035200000000259024	5600.9304	5.403768925169254	171.48336015954126	566.3436874426538	
5602.5032	0.07840000000032887	Ripples	0.07840000000032887	5602.5256	7.919834441492541	150.3986201104978	576.5472869506142	
5602.7464	0.023200000000542786	Ripples	0.023200000000542786	5602.7616	7.709355536850071	156.20987508319166	781.9693057479632	
5604.264	0.03440000000045984	Ripples	0.03440000000045984	5604.276800000001	7.982229400604861	145.66131724120407	604.9601392145232	
5607.6864000000005	0.027999999999337888	Ripples	0.027999999999337888	5607.7	20.229878502256874	159.4800749423339	1528.2366228162064	
5608.5856	0.03600000000005821	Ripples	0.03600000000005821	5608.5944	7.3968100021288175	154.88146563862372	482.60683559204	
5610.428	0.028800000000046566	Ripples	0.028800000000046566	5610.4424	6.091189004102373	147.77637025059266	658.495623242975	
5630.8512	0.03600000000005821	Ripples	0.03600000000005821	5630.868	20.956235278112015	158.409260193515	1386.2367122939504	
5642.2048	0.02959999999984575	Ripples	0.02959999999984575	5642.2232	7.253310356690602	151.3544879762853	702.8759772984127	
5644.668000000001	0.024800000000141154	Ripples	0.024800000000141154	5644.68	6.620671972724704	156.13712682154488	637.7039351728336	
5646.019200000001	0.08559999999943102	Ripples	0.08559999999943102	5646.0616	5.512858540921724	150.43221725204452	566.9946238425065	
5649.870400000001	0.04159999999956199	Ripples	0.04159999999956199	5649.884800000001	15.824129190483601	156.826192749712	1254.9902164264538	
5654.7272	0.045600000000376895	Ripples	0.045600000000376895	5654.7432	9.011122751738354	158.68268769046114	700.1185606771091	
5654.8408	0.05360000000018772	Ripples	0.05360000000018772	5654.8736	16.71821641046116	147.95849751113286	1186.1930942600636	
5656.384	0.05200000000058935	Ripples	0.05200000000058935	5656.4128	12.816643777564474	144.43907976230315	856.4390689304561	
5656.92	0.047999999999774445	Ripples	0.047999999999774445	5656.9584	9.463338742387668	157.7132703276296	1074.1189376947636	
5659.4208	0.06640000000061264	Ripples	0.06640000000061264	5659.4544000000005	36.002831059434705	148.80555843601073	1738.7091264415428	
5661.9784	0.03840000000036525	Ripples	0.03840000000036525	5662.0032	30.616356243070427	159.84550052940097	1882.5539269903543	
5668.7744	0.021600000000034925	Ripples	0.021600000000034925	5668.7864	10.467173562735862	158.97090438631685	994.1315546905432	
5669.2336000000005	0.04719999999997526	Ripples	0.04719999999997526	5669.2592	20.868181467038397	147.83396420305044	1357.604037261109	
5670.805600000001	0.025599999999940337	Ripples	0.025599999999940337	5670.8240000000005	7.280487409751858	152.52853624109284	799.7264006396181	
5671.9008	0.042400000000270666	Ripples	0.042400000000270666	5671.928800000001	37.21206772660319	155.28731466721786	2069.755541263816	
5674.9264	0.037599999999656575	Ripples	0.037599999999656575	5674.9536	5.802989241736272	152.92057750582876	563.3968254240569	
5675.5	0.042400000000270666	Ripples	0.042400000000270666	5675.5312	11.471155405219378	157.73400880077386	734.7248491538534	
5678.276	0.020000000000436557	Ripples	0.020000000000436557	5678.2888	9.0880446166619	159.86239720641692	818.2140965001358	
5697.0	21.0	SleepStates						Awake
5718.396000000001	0.04159999999956199	Ripples	0.04159999999956199	5718.4064	15.35101631568586	156.4606366298047	1281.473177550124	
5718.564	0.035200000000259024	Ripples	0.035200000000259024	5718.5776000000005	28.599730850281087	160.15948162645628	1724.6465917125208	
5719.0	323.0	SleepStates						Non-REM
5723.4304	0.048800000000483124	Ripples	0.048800000000483124	5723.452	9.17263500028022	149.34200314140517	996.9853481833048	
5724.436000000001	0.03839999999945576	Ripples	0.03839999999945576	5724.450400000001	11.333666469577377	154.24942903230135	966.2388672243978	
5726.602400000001	0.04159999999956199	Ripples	0.04159999999956199	5726.6272	10.767383299563784	154.11206485730318	1295.0948650462508	
5727.9704	0.04719999999997526	Ripples	0.04719999999997526	5727.9888	7.761758568790228	148.10343447212813	767.188147870143	
5739.4296	0.06080000000019936	Ripples	0.06080000000019936	5739.4608	15.321183256322948	142.56109791626065	750.0052519312793	
5740.2248	0.0543999999999869	Ripples	0.0543999999999869	5740.2536	22.45215543958336	150.86769544929535	1287.3583461093433	
5742.3024000000005	0.058399999999892316	Ripples	0.058399999999892316	5742.3392	20.659712305708105	147.2874635622511	1397.8979848030792	
5743.7496	0.04320000000006985	Ripples	0.04320000000006985	5743.7688	34.566699099139434	152.86829897154635	1883.2109866541941	
5745.952	0.045600000000376895	Ripples	0.045600000000376895	5745.9672	11.255311162724555	150.99615085775838	861.0568961858974	
5756.732800000001	0.034399999999550346	Ripples	0.034399999999550346	5756.7480000000005	11.240548343707234	154.89291394510803	926.0037187462298	
5758.228	0.10320000000047003	Ripples	0.10320000000047003	5758.3	32.907945353683914	151.84139630971768	1720.0631853298287	
5759.4064	0.03920000000016444	Ripples	0.03920000000016444	5759.424800000001	30.49558096699296	160.74664295869272	2057.212732370363	
5762.7416	0.044799999999668216	Ripples	0.044799999999668216	5762.76	8.936824694284327	147.2548698083655	565.4898929657804	
5763.2880000000005	0.04239999999936117	Ripples	0.04239999999936117	5763.3	9.929671473384367	151.08972884056456	795.3816968861929	
5764.696800000001	0.0319999999992433	Ripples	0.0319999999992433	5764.7192000000005	5.928480970024191	154.17191136470453	749.7571504227449	
5764.794400000001	0.05279999999947904	Ripples	0.05279999999947904	5764.8192	53.42432284099626	156.29163752866268	2543.961022598432	
5768.5064	0.06880000000001019	Ripples	0.06880000000001019	5768.5464	24.701201526107265	153.55096640512028	1592.4151566674952	
5768.6704	0.023200000000542786	Ripples	0.023200000000542786	5768.684	7.64799030328864	160.7310636260634	959.7623707217886	
5771.3424	0.03600000000005821	Ripples	0.03600000000005821	5771.3608	19.32365224169724	153.78709308916058	1230.9903105603748	
5771.576800000001	0.025599999999940337	Ripples	0.025599999999940337	5771.5912	9.0613294622533	154.73060644753403	986.5887125927868	
5777.196800000001	0.02639999999973952	Ripples	0.02639999999973952	5777.212	10.532229831894439	152.63532575965164	881.4808868259183	
5782.6304	0.048800000000483124	Ripples	0.048800000000483124	5782.6504	13.104159297574265	150.58232790152886	1006.8811561950507	
5783.5728	0.032000000000152795	Ripples	0.032000000000152795	5783.5904	50.07292393753688	163.09824018092573	2571.712525234389	
5784.2832	0.052800000000388536	Ripples	0.052800000000388536	5784.316000000001	24.217860641007306	156.40185427893186	1826.5924296766962	
5786.881600000001	0.04320000000006985	Ripples	0.04320000000006985	5786.900000000001	10.15556121771622	142.88229449177805	733.3337762135367	
5787.222400000001	0.02639999999973952	Ripples	0.02639999999973952	5787.236800000001	12.631159677761431	156.49821545577785	1017.4804134155529	
5794.4672	0.020000000000436557	Ripples	0.020000000000436557	5794.4808	5.198371134707321	161.93219437652715	710.7785560988914	
5794.6016	0.035200000000259024	Ripples	0.035200000000259024	5794.6192	28.73975364198364	158.0900224988306	1746.6029752070308	
5795.64	0.04719999999997526	Ripples	0.04719999999997526	5795.6576000000005	22.15772740346461	159.24348616614776	1753.4319997233176	
5795.983200000001	0.053599999999278225	Ripples	0.053599999999278225	5796.0096	23.145512881300004	154.05806598503358	1248.4940000534962	
5798.6368	0.03999999999996362	Ripples	0.03999999999996362	5798.652	22.645363142200388	154.6813848540895	1551.687406419089	
5801.0352	0.04879999999957363	Ripples	0.04879999999957363	5801.072	14.158949939084271	152.773539817991	1337.1224932085206	
5801.258400000001	0.02639999999973952	Ripples	0.02639999999973952	5801.2688	7.750253556713189	157.55267056159778	608.2437382969464	
5801.7096	0.03679999999985739	Ripples	0.03679999999985739	5801.7352	14.823953018533725	152.38996560997077	1197.4832341292683	
5802.1	0.021600000000034925	Ripples	0.021600000000034925	5802.1112	5.734678701096538	154.258660918506	788.942434792321	
5803.6472	0.032000000000152795	Ripples	0.032000000000152795	5803.6576000000005	12.389810461754937	154.2193167388069	981.8540782616789	
5805.964	0.03999999999996362	Ripples	0.03999999999996362	5805.986400000001	14.218382116527192	153.9573873088143	1125.699946787056	
5821.7704	0.022399999999834108	Ripples	0.022399999999834108	5821.7816	8.296530713634159	154.33547738659553	857.8637570595239	
5824.696	0.036800000000766886	Ripples	0.036800000000766886	5824.725600000001	6.526175156674386	153.9662510458631	714.4575795715435	
5830.3784000000005	0.07119999999940774	Ripples	0.07119999999940774	5830.439200000001	15.848333053576654	151.7558162532973	955.8850428324936	
5831.2016	0.06000000000040018	Ripples	0.06000000000040018	5831.222400000001	46.85487663140737	158.89927077760285	2535.7005291855626	
5837.1504	0.037599999999656575	Ripples	0.037599999999656575	5837.1656	27.150818077391314	155.1140647575562	1563.623288357297	
5837.497600000001	0.03999999999996362	Ripples	0.03999999999996362	5837.524	7.231499766828004	149.66753204359082	752.4378419592626	
5838.2024	0.028800000000046566	Ripples	0.028800000000046566	5838.2208	13.179413130439789	156.6776718909021	1182.685497705219	
5854.252	0.05519999999978609	Ripples	0.05519999999978609	5854.2824	19.329214619000265	154.48278168856402	1595.3742321079642	
5862.4824	0.048800000000483124	Ripples	0.048800000000483124	5862.5208	5.692573573051703	149.59243498076154	793.0447365895417	
5864.2192000000005	0.051199999999880674	Ripples	0.051199999999880674	5864.2376	14.95887773782377	155.22010453760365	1243.986999803199	
5873.360000000001	0.056799999999384454	Ripples	0.056799999999384454	5873.3856000000005	7.027785459271186	146.54055521416637	506.6724593309255	
5877.7272	0.0543999999999869	Ripples	0.0543999999999869	5877.7488	28.21907688774319	152.59123505797444	1468.5590297949575	
5878.874400000001	0.05279999999947904	Ripples	0.05279999999947904	5878.8936	10.48447013328092	153.0217195699618	757.1644345900621	
5879.6944	0.04320000000006985	Ripples	0.04320000000006985	5879.7080000000005	20.738372457433144	158.543449123417	1501.9743168106177	
5880.8184	0.06720000000041182	Ripples	0.06720000000041182	5880.852800000001	12.878323288771387	149.22716031069962	836.026550990895	
5881.0856	0.022399999999834108	Ripples	0.022399999999834108	5881.1008	6.716139636657479	158.39567383482688	727.325403801242	
5883.968	0.036800000000766886	Ripples	0.036800000000766886	5883.9824	47.10398911190178	162.69719177582425	2392.226777077424	
5885.192800000001	0.043199999999160354	Ripples	0.043199999999160354	5885.222400000001	24.744982543988	154.7189374670973	1483.59525577985	
5887.4696	0.022399999999834108	Ripples	0.022399999999834108	5887.4808	8.255222470267729	151.3585552590733	804.2368234985149	
5888.3104	0.06559999999990396	Ripples	0.06559999999990396	5888.3544	20.48211000981323	148.15774461089978	1478.1306688553145	
5889.6648000000005	0.10159999999996217	Ripples	0.10159999999996217	5889.6912	10.426909272191947	153.3257153299125	752.8187419891999	
5895.616	0.07120000000031723	Ripples	0.07120000000031723	5895.6528	11.767244003134183	151.1334630668277	733.5161365446467	
5896.7784	0.028800000000046566	Ripples	0.028800000000046566	5896.792	6.5188895473983175	149.78620963758178	671.7081721282295	
5897.573600000001	0.02959999999984575	Ripples	0.02959999999984575	5897.5960000000005	8.518884155783468	156.2750283112771	771.9109364314153	
5898.6576000000005	0.0455999999994674	Ripples	0.0455999999994674	5898.696	12.689932125480203	162.06473161805076	824.0793483295436	
5898.796	0.04320000000006985	Ripples	0.04320000000006985	5898.8288	17.219012498653235	149.24360378320225	1237.9611573378734	
5898.916	0.03440000000045984	Ripples	0.03440000000045984	5898.939200000001	27.81193503243386	155.89142409226784	1769.8715722251604	
5899.512000000001	0.0319999999992433	Ripples	0.0319999999992433	5899.524	7.69918904181662	161.94778945634985	646.6184280111933	
5902.0504	0.025599999999940337	Ripples	0.025599999999940337	5902.0616	5.992281523770636	150.16453994410836	585.1641244459348	
5903.3072	0.03920000000016444	Ripples	0.03920000000016444	5903.3248	19.026494835744057	152.25024271793131	1410.5795278953283	
5907.7896	0.061599999999998545	Ripples	0.061599999999998545	5907.8152	22.093166182065346	152.58503130860095	1498.1478772584794	
5908.3112	0.047999999999774445	Ripples	0.047999999999774445	5908.330400000001	27.331453811674443	148.51891940446853	1617.666824070752	
5911.5296	0.026400000000649015	Ripples	0.026400000000649015	5911.5496	5.394492253308082	165.08681833466073	647.2858874233624	
5913.5976	0.03920000000016444	Ripples	0.03920000000016444	5913.62	21.958865499606834	155.27670104469422	1634.8447207072134	
5914.624000000001	0.037599999999656575	Ripples	0.037599999999656575	5914.6472	8.359901023770783	146.62606375757633	713.0051893844042	
5915.3144	0.028000000000247383	Ripples	0.028000000000247383	5915.323200000001	5.037486295394998	157.20175254472554	561.7715195706946	
5915.9016	0.021600000000034925	Ripples	0.021600000000034925	5915.9152	8.116832847721316	154.14524557543086	907.0156715440581	
5916.7088	0.03600000000005821	Ripples	0.03600000000005821	5916.724	12.699556051815502	148.10566200981575	857.4408774672518	
5916.8032	0.024800000000141154	Ripples	0.024800000000141154	5916.8144	9.649537200841174	159.75297206934226	1050.2878397181482	
5916.9416	0.03359999999975116	Ripples	0.03359999999975116	5916.952	11.980623263302089	163.62028237453842	938.58849801367	
5918.464	0.05200000000058935	Ripples	0.05200000000058935	5918.5056	12.602091305502384	157.58443703311846	996.823760569359	
5921.251200000001	0.028800000000046566	Ripples	0.028800000000046566	5921.2648	8.651146176792759	156.87666674343907	1041.9176806775365	
5924.6728	0.05519999999978609	Ripples	0.05519999999978609	5924.7144	13.532422567891397	149.72419645940667	928.3739981169616	
5924.7832	0.020000000000436557	Ripples	0.020000000000436557	5924.7952000000005	8.711294678430663	158.0941899258582	827.9695281638606	
5924.8952	0.056000000000494765	Ripples	0.056000000000494765	5924.916	31.291418581872936	151.98324048094082	2018.7915886488443	
5925.149600000001	0.08399999999983265	Ripples	0.08399999999983265	5925.2264000000005	10.373176701906964	163.07883248669106	848.150873581552	
5927.3912	0.03920000000016444	Ripples	0.03920000000016444	5927.4096	13.116585589581234	152.44259405371812	1198.5762239966407	
5927.5584	0.05120000000079017	Ripples	0.05120000000079017	5927.573600000001	23.62907750089553	153.63297963276784	1549.5451835349415	
5929.9744	0.04320000000006985	Ripples	0.04320000000006985	5930.0032	8.451836982370171	150.94318984068954	862.7935543926908	
5941.8496000000005	0.03920000000016444	Ripples	0.03920000000016444	5941.8640000000005	29.169174223353576	156.4061104507609	1834.4556615317513	
5946.8064	0.05279999999947904	Ripples	0.05279999999947904	5946.8240000000005	20.053024427836394	163.50011929222055	1694.2345375353282	
5948.0416000000005	0.04959999999937281	Ripples	0.04959999999937281	5948.0728	6.9531895927853435	145.49356118603873	457.3082430836502	
5948.1936000000005	0.040799999999762804	Ripples	0.040799999999762804	5948.216	28.56088207197284	148.99392890830606	1531.5435780183136	
5948.374400000001	0.031199999999444117	Ripples	0.031199999999444117	5948.392000000001	11.153252506442566	157.21979425851939	1213.2424558752089	
5952.765600000001	0.0319999999992433	Ripples	0.0319999999992433	5952.7880000000005	15.062681944891203	157.76519238295305	1126.1494601273384	
5953.432000000001	0.04159999999956199	Ripples	0.04159999999956199	5953.4496	16.061368172127224	156.14587541095213	1417.0581775909532	
5954.0832	0.03120000000035361	Ripples	0.03120000000035361	5954.0928	7.8992538231305724	154.84726725578258	904.0514390000641	
5954.8144	0.045600000000376895	Ripples	0.045600000000376895	5954.836	33.26150441578126	158.19095686810797	1954.200697266085	
5955.675200000001	0.034399999999550346	Ripples	0.034399999999550346	5955.6888	21.86735935292722	157.21506533783275	1599.7123205144678	
5957.834400000001	0.040799999999762804	Ripples	0.040799999999762804	5957.8504	15.246261550376548	154.4624306374455	1201.3864312223545	
5958.642400000001	0.04239999999936117	Ripples	0.04239999999936117	5958.671200000001	6.6126304390385675	154.681903367601	935.794736900754	
5959.152	0.025599999999940337	Ripples	0.025599999999940337	5959.1704	11.914369041480057	155.79424916123986	950.582827239179	
5962.272	0.05120000000079017	Ripples	0.05120000000079017	5962.312	27.845259241669492	154.7087581405981	1613.0330749175664	
5966.732	0.045600000000376895	Ripples	0.045600000000376895	5966.7408000000005	14.12297763357309	155.64800799625286	1137.5446670576919	
5968.6296	0.06080000000019936	Ripples	0.06080000000019936	5968.6656	44.698504854303565	153.60031611530036	2512.457243082511	
5968.7952000000005	0.06319999999959691	Ripples	0.06319999999959691	5968.8472	15.303615129724589	145.86977325605778	969.7399583560681	
5969.0528	0.04159999999956199	Ripples	0.04159999999956199	5969.076	8.384262314639413	149.89457886728744	667.1428931212422	
5972.334400000001	0.028800000000046566	Ripples	0.028800000000046566	5972.352	10.143145168151172	151.77580248697188	933.6653126082948	
5983.6832	0.07359999999971478	Ripples	0.07359999999971478	5983.696800000001	18.493147175792696	159.84754037982404	1252.9978170682718	
5984.0256	0.04719999999997526	Ripples	0.04719999999997526	5984.0584	28.290773482009904	151.4823854232906	1693.1904993214864	
5984.7104	0.0272000000004482	Ripples	0.0272000000004482	5984.7264000000005	6.598344470267502	150.9014569290597	579.5502972408815	
5985.424800000001	0.03279999999995198	Ripples	0.03279999999995198	5985.436000000001	8.05049138195847	154.63907878188294	766.524075042818	
5986.1016	0.030400000000554428	Ripples	0.030400000000554428	5986.109600000001	5.877138142904421	169.05979035216316	537.5917884343668	
5990.182400000001	0.0727999999999156	Ripples	0.0727999999999156	5990.204000000001	15.167638208126123	148.07975865978284	1225.2668883376589	
5990.9856	0.025599999999940337	Ripples	0.025599999999940337	5991.004	5.357031022573316	162.04584826919876	795.3659904693299	
5999.0168	0.04320000000006985	Ripples	0.04320000000006985	5999.0352	20.90997778392858	149.04928180707824	1268.654948811501	
5999.1872	0.020000000000436557	Ripples	0.020000000000436557	5999.196	12.813401161031411	163.83524749524375	1095.8074116380674	
6016.3912	0.028000000000247383	Ripples	0.028000000000247383	6016.400000000001	7.2141626191024235	157.77017347444985	572.924976241375	
6029.9752	0.04160000000047148	Ripples	0.04160000000047148	6029.9872000000005	5.070003205532501	144.34197144029127	526.2089915276682	
6043.0	89.0	SleepStates						REM
6133.0	26.0	SleepStates						Awake
6152.7816	0.04640000000017608	Ripples	0.04640000000017608	6152.805600000001	31.789692244966687	156.9387233772943	1697.1942884827397	
6153.892000000001	0.034399999999550346	Ripples	0.034399999999550346	6153.9096	39.3162110292812	159.97802730457	2242.961729457319	
6160.0	113.0	SleepStates						Non-REM
6161.3584	0.030400000000554428	Ripples	0.030400000000554428	6161.370400000001	5.170275721759379	155.72474628047718	505.5340187310884	
6163.0648	0.045600000000376895	Ripples	0.045600000000376895	6163.0896	13.444807676464615	147.7957108637037	1140.0313083687936	
6166.559200000001	0.05040000000008149	Ripples	0.05040000000008149	6166.573600000001	28.097763674189945	155.9066036796564	1743.889382267227	
6174.185600000001	0.0639999999993961	Ripples	0.0639999999993961	6174.2176	8.738828923522865	153.04168950380253	1180.8976582644955	
6175.6376	0.023200000000542786	Ripples	0.023200000000542786	6175.6464000000005	9.239043600992089	153.54818283993416	834.7494568311246	
6175.9064	0.04160000000047148	Ripples	0.04160000000047148	6175.928800000001	27.508490406040806	156.13991585654645	1903.2965951940655	
6183.3664	0.05360000000018772	Ripples	0.05360000000018772	6183.3856000000005	5.1521846057136615	153.6117878649114	347.80878892503296	
6187.696	0.026400000000649015	Ripples	0.026400000000649015	6187.7080000000005	7.839607013472518	157.82396204383772	997.4833743179922	
6197.1728	0.058399999999892316	Ripples	0.058399999999892316	6197.2048	22.13788643075826	160.21965617632213	1309.8093417243526	
6198.7448	0.09760000000005675	Ripples	0.09760000000005675	6198.7848	17.02333860217491	148.3629025457781	1413.3108211773304	
6199.5104	0.05200000000058935	Ripples	0.05200000000058935	6199.532	38.92786002519744	155.37956362662842	2232.273300599595	
6215.330400000001	0.037599999999656575	Ripples	0.037599999999656575	6215.348800000001	11.629785262275556	147.4471724194464	860.7155856304815	
6219.6584	0.02400000000034197	Ripples	0.02400000000034197	6219.6688	5.9196564062082375	152.0452217055193	841.0998019291162	
6221.3936	0.037599999999656575	Ripples	0.037599999999656575	6221.4128	16.90007145303378	143.97080316736938	1101.7529766746914	
6224.8824	0.03600000000005821	Ripples	0.03600000000005821	6224.8968	16.985907330057568	154.02215227822174	1216.3342065916115	
6225.026400000001	0.04399999999986903	Ripples	0.04399999999986903	6225.0488000000005	29.46488967274749	150.0820395195115	1547.0907982658168	
6232.4256000000005	0.04959999999937281	Ripples	0.04959999999937281	6232.444	11.421777757879143	150.34440297527374	990.6878939799775	
6232.5584	0.0408000000006723	Ripples	0.0408000000006723	6232.5848000000005	24.773688147450233	157.53412478949795	1556.8492049305428	
6235.178400000001	0.05599999999958527	Ripples	0.05599999999958527	6235.224	8.970433329021983	149.94501366655294	903.4212560292966	
6240.635200000001	0.03679999999985739	Ripples	0.03679999999985739	6240.656	27.69714121889819	166.97209932383979	1961.5210442139257	
6252.291200000001	0.09839999999985594	Ripples	0.09839999999985594	6252.3640000000005	35.392275142083896	152.6387512299589	1773.7231322919167	
6252.508000000001	0.06319999999959691	Ripples	0.06319999999959691	6252.548000000001	34.70775382391822	149.69201625268028	1924.6908337739558	
6256.7880000000005	0.08719999999993888	Ripples	0.08719999999993888	6256.808	8.425555292505468	148.60804027399107	589.0408321747649	
6258.280000000001	0.06719999999950232	Ripples	0.06719999999950232	6258.3192	20.23046964141318	150.05391965518476	1193.9153010648818	
6259.192	0.061599999999998545	Ripples	0.061599999999998545	6259.200000000001	5.77064563823734	156.52319324469084	414.26418651683133	
6260.2056	0.03679999999985739	Ripples	0.03679999999985739	6260.228	8.870026034975284	140.5344170453548	771.0118978025644	
6262.468800000001	0.030399999999644933	Ripples	0.030399999999644933	6262.486400000001	18.16783799397479	163.29476949917407	1552.229344891882	
6264.216	0.021600000000034925	Ripples	0.021600000000034925	6264.224	6.648507775411113	163.2034211847467	838.8003171148147	
6269.2704	0.030399999999644933	Ripples	0.030399999999644933	6269.2824	8.165927221823715	151.2539471432981	913.0043940592943	
6274.0	1662.0	SleepStates						Awake
6345.5608	0.12079999999969004	Ripples	0.12079999999969004	6345.6624	23.688809719126304	148.73910350677986	1500.1572774470383	
6381.328	0.06239999999979773	Ripples	0.06239999999979773	6381.360000000001	10.077130963120272	147.89376607215837	1087.8052419568014	
6387.8928000000005	0.025599999999940337	Ripples	0.025599999999940337	6387.903200000001	12.747949908233362	156.19641805157556	1126.6498525624595	
6389.3912	0.07840000000032887	Ripples	0.07840000000032887	6389.456	13.02559605270509	146.79326711829992	911.271574567764	
6390.6816	0.06400000000030559	Ripples	0.06400000000030559	6390.6992	23.575536308097075	155.53343548643184	1655.2435931898704	
6395.2104	0.05680000000029395	Ripples	0.05680000000029395	6395.236	22.148533557254698	153.970196969925	1794.8003866554507	
6397.990400000001	0.03679999999985739	Ripples	0.03679999999985739	6398.0016000000005	12.452664737972741	166.47613493372594	1239.2630353332372	
6399.6	0.037599999999656575	Ripples	0.037599999999656575	6399.6192	15.041630107413607	150.8769490119157	1055.503854783159	
6403.323200000001	0.025599999999940337	Ripples	0.025599999999940337	6403.3392	9.998292308911907	168.78771022098513	1072.8722998530218	
6404.7304	0.032000000000152795	Ripples	0.032000000000152795	6404.7392	5.0883577625020715	168.8937268369213	485.40258112101714	
6404.9512	0.058399999999892316	Ripples	0.058399999999892316	6404.9696	11.920310309817815	152.49720693561224	796.9928290511954	
6409.0232000000005	0.030399999999644933	Ripples	0.030399999999644933	6409.032	6.01161122722503	156.0345238139298	538.0858561158191	
6409.544800000001	0.05760000000009313	Ripples	0.05760000000009313	6409.584000000001	11.124733500194477	150.764065803125	914.0490359753471	
6410.5016000000005	0.03359999999975116	Ripples	0.03359999999975116	6410.5160000000005	9.552760629807256	152.48719955232383	952.912353218869	
6410.7736	0.11999999999989086	Ripples	0.11999999999989086	6410.7856	25.977822527051785	155.22796831537926	1773.761986473732	
6413.6632	0.03920000000016444	Ripples	0.03920000000016444	6413.6768	11.393727165375791	158.79821226763235	1091.970782199229	
6422.566400000001	0.02639999999973952	Ripples	0.02639999999973952	6422.5776000000005	15.67103000470327	164.20008722821805	1373.9790188531986	
6427.1304	0.10159999999996217	Ripples	0.10159999999996217	6427.2104	12.269426505954698	149.5598514267131	594.0781607645258	
6427.2696000000005	0.034399999999550346	Ripples	0.034399999999550346	6427.2792	12.201790165697137	155.3038362431708	962.13995375895	
6433.22	0.03920000000016444	Ripples	0.03920000000016444	6433.236800000001	25.2668600476129	165.28780235686543	1850.1936627651157	
6442.52	0.028800000000046566	Ripples	0.028800000000046566	6442.5368	7.401789918330975	170.05845510781293	961.5177568373019	
6447.9096	0.0543999999999869	Ripples	0.0543999999999869	6447.946400000001	19.010794328546154	146.32339860234674	1259.9330630103339	
6455.3784000000005	0.022399999999834108	Ripples	0.022399999999834108	6455.3872	6.626298117246718	162.07675883956395	818.9253472321645	
6465.852800000001	0.03279999999995198	Ripples	0.03279999999995198	6465.8648	8.030547291364357	159.38839469551738	1047.7806821970146	
6469.6224	0.056000000000494765	Ripples	0.056000000000494765	6469.664000000001	12.174630302135158	152.91483297062067	707.8508287563595	
6522.0896	0.03440000000045984	Ripples	0.03440000000045984	6522.1104000000005	7.9892242529472535	153.04561606066625	997.0708168988364	
6522.2784	0.0543999999999869	Ripples	0.0543999999999869	6522.3008	27.338353215850233	148.8089475907221	1645.7820707550602	
6523.298400000001	0.044799999999668216	Ripples	0.044799999999668216	6523.316000000001	34.33607033461593	155.15343376948763	2021.6189508066661	
6523.504	0.06560000000081345	Ripples	0.06560000000081345	6523.5424	18.163688376687016	150.2207829249229	1549.777623593416	
6523.986400000001	0.04320000000006985	Ripples	0.04320000000006985	6524.004	29.185658219576762	151.60196125919026	1688.39239206295	
6524.8648	0.03440000000045984	Ripples	0.03440000000045984	6524.8768	9.39300869516304	157.00420696315086	899.1630217588915	
6552.2304	0.040799999999762804	Ripples	0.040799999999762804	6552.251200000001	6.6964356155095786	154.40044867593468	1104.7754759757906	
6558.7536	0.059200000000600994	Ripples	0.059200000000600994	6558.791200000001	34.7848291001118	147.95166324545426	1708.9844592204986	
6560.8144	0.02400000000034197	Ripples	0.02400000000034197	6560.8256	7.790659021979887	159.1427097487006	985.1011647545292	
6561.6248000000005	0.024800000000141154	Ripples	0.024800000000141154	6561.6392000000005	10.67839700914133	159.957316807056	1127.4048659930327	
6562.2888	0.025599999999940337	Ripples	0.025599999999940337	6562.3	15.731871962206158	160.78682090004898	1353.1429489555944	
6565.4336	0.04640000000017608	Ripples	0.04640000000017608	6565.4696	9.644630110426625	147.9980875494051	782.9727096604076	
6567.1	0.03279999999995198	Ripples	0.03279999999995198	6567.1152	27.413676323050748	159.70757439733038	1823.6162550082424	
6567.8784000000005	0.12319999999999709	Ripples	0.12319999999999709	6567.9696	12.76035656853162	160.3823917699398	1177.6493755598094	
6580.0384	0.03600000000005821	Ripples	0.03600000000005821	6580.0528	23.989899635964832	157.25034769757758	1619.4074734015237	
6581.0256	0.03440000000045984	Ripples	0.03440000000045984	6581.044	31.040123596899534	159.12139403554875	1963.462603158155	
6581.2424	0.03920000000016444	Ripples	0.03920000000016444	6581.264	6.614830339536419	143.45764481464224	632.6334409043693	
6585.0160000000005	0.04399999999986903	Ripples	0.04399999999986903	6585.0424	16.84134637713858	151.91874036471222	1255.968764125919	
6585.783200000001	0.02479999999923166	Ripples	0.02479999999923166	6585.7952000000005	12.239711228724598	159.9910850555477	1068.1500300169216	
6586.8	0.045600000000376895	Ripples	0.045600000000376895	6586.812	8.676525423741625	157.12434549566044	881.9440043213693	
6588.0	0.036800000000766886	Ripples	0.036800000000766886	6588.0144	8.574894696217957	154.55469665224612	983.5155302280224	
6588.109600000001	0.03600000000005821	Ripples	0.03600000000005821	6588.135200000001	12.320277210850698	151.87164858463547	1104.71400155825	
7045.5856	0.03920000000016444	Ripples	0.03920000000016444	7045.6	15.983982332407596	157.52300331312446	1403.9647093850394	
7045.671200000001	0.03279999999995198	Ripples	0.03279999999995198	7045.685600000001	24.22839259670759	157.06630778671894	1602.4439744339813	
7064.0416000000005	0.021600000000034925	Ripples	0.021600000000034925	7064.0528	8.119869691971076	161.4017136642856	946.9296261110638	
7066.5744	0.04960000000028231	Ripples	0.04960000000028231	7066.592000000001	20.515688145948044	155.49314600028998	1709.757090053292	
7067.291200000001	0.02959999999984575	Ripples	0.02959999999984575	7067.305600000001	18.16381603660557	159.08655051072765	1515.5195953248615	
7067.443200000001	0.023999999999432475	Ripples	0.023999999999432475	7067.4568	11.479438637492015	161.825399392799	1130.9938672526393	
7068.258400000001	0.020799999999326246	Ripples	0.020799999999326246	7068.272	7.755628563981381	160.80182428669195	874.3554848646767	
7070.1576000000005	0.09839999999985594	Ripples	0.09839999999985594	7070.1848	37.28191277532849	148.340861649987	2120.5589892774074	
7071.0096	0.07200000000011642	Ripples	0.07200000000011642	7071.0416000000005	15.308183279522218	151.95284100685015	1197.6557690411053	
7074.844800000001	0.12079999999969004	Ripples	0.12079999999969004	7074.8752	30.836391490866863	149.58737338888633	1756.8811696495022	
7077.6792000000005	0.021600000000034925	Ripples	0.021600000000034925	7077.6912	5.793837192455272	158.98035222043137	826.5386188933135	
7078.120800000001	0.10239999999976135	Ripples	0.10239999999976135	7078.2088	20.966930141970263	155.2006373682517	1598.0330627195415	
7081.1344	0.04480000000057771	Ripples	0.04480000000057771	7081.152	36.27973826498267	159.24398920536123	2158.3816177394465	
7083.997600000001	0.08559999999943102	Ripples	0.08559999999943102	7084.0616	12.347073278892292	148.35863155515145	1205.1166366789307	
7087.029600000001	0.044799999999668216	Ripples	0.044799999999668216	7087.062400000001	10.94744339600826	156.04734283779604	1047.058799430487	
7087.1544	0.08560000000034051	Ripples	0.08560000000034051	7087.212	21.617081009572484	146.82031282572942	1228.8977815275591	
7090.8832	0.04160000000047148	Ripples	0.04160000000047148	7090.9024	11.522157795088109	152.5175375189056	836.486377006188	
7097.6264	0.07440000000042346	Ripples	0.07440000000042346	7097.6688	17.659467085643964	161.4989310240125	1584.988892902639	
7102.5184	0.14000000000032742	Ripples	0.14000000000032742	7102.6296	7.852978924920947	151.01380440659415	782.3511874115686	
7106.336	0.024800000000141154	Ripples	0.024800000000141154	7106.3536	7.336536591194809	155.57261485480225	782.2607870647771	
7106.4768	0.045600000000376895	Ripples	0.045600000000376895	7106.5016000000005	21.440726443438702	153.96760989004338	1576.3625668017655	
7109.848800000001	0.025599999999940337	Ripples	0.025599999999940337	7109.863200000001	6.315259576555161	153.64089964400506	744.4052279338773	
7109.984	0.07999999999992724	Ripples	0.07999999999992724	7110.044800000001	18.631115303482826	159.33682912033623	1671.1245921486886	
7112.6376	0.06720000000041182	Ripples	0.06720000000041182	7112.6912	30.409627845259706	152.0093728469662	2000.7958918858592	
7115.492	0.02959999999984575	Ripples	0.02959999999984575	7115.504800000001	15.393207700886336	155.72420405716116	1298.8722073398571	
7308.1328	0.023199999999633292	Ripples	0.023199999999633292	7308.144	9.710328628820767	170.40462605070707	1100.33359450669	
7311.8912	0.03920000000016444	Ripples	0.03920000000016444	7311.903200000001	5.458148078916996	153.99185739942527	826.1564540549365	
7314.7496	0.035200000000259024	Ripples	0.035200000000259024	7314.764	19.218519447136224	154.70257235510536	1415.3261649551112	
7314.914400000001	0.047999999999774445	Ripples	0.047999999999774445	7314.9456	28.00874965941609	168.15483438320916	1922.4118025313442	
7316.4272	0.1000000000003638	Ripples	0.1000000000003638	7316.4992	24.90218773072933	148.76243544707182	1482.8746777861106	
7318.768	0.025599999999940337	Ripples	0.025599999999940337	7318.780000000001	8.797253861845302	157.98683391533726	937.8508037987697	
7320.4712	0.045600000000376895	Ripples	0.045600000000376895	7320.489600000001	32.46129389125287	158.66447589161737	2211.780038781752	
7321.688	0.032000000000152795	Ripples	0.032000000000152795	7321.7056	8.890496118127256	153.4228759937332	1087.4219675050772	
7325.298400000001	0.07119999999940774	Ripples	0.07119999999940774	7325.316000000001	15.8522365852459	147.71704419048572	1233.45296932658	
7326.612	0.020000000000436557	Ripples	0.020000000000436557	7326.6224	5.328855596086981	163.81760802936682	808.7366098447661	
7327.3136	0.03279999999995198	Ripples	0.03279999999995198	7327.328	15.841675414314475	156.3590579438264	1189.6179497256148	
7329.6944	0.02639999999973952	Ripples	0.02639999999973952	7329.7128	5.295223880687945	150.05207323178922	621.6540774932329	
7332.1192	0.07360000000062428	Ripples	0.07360000000062428	7332.1392000000005	29.378294152505546	159.45091944114444	1943.9186290525097	
7336.224	0.032000000000152795	Ripples	0.032000000000152795	7336.2496	8.444266743622515	158.93953737486447	840.5182908483524	
7339.5928	0.028800000000046566	Ripples	0.028800000000046566	7339.6112	8.525938328681024	154.7832868520276	914.6172856298257	
7340.414400000001	0.04719999999997526	Ripples	0.04719999999997526	7340.4272	9.964635919753569	154.37449779193113	1141.9137757959836	
7340.8792	0.02959999999984575	Ripples	0.02959999999984575	7340.8904	5.964135640026873	154.23945165994311	845.7282328647279	
7341.8768	0.05120000000079017	Ripples	0.05120000000079017	7341.910400000001	10.495288411689671	157.00234378014505	1210.287355189019	
7345.0272	0.03839999999945576	Ripples	0.03839999999945576	7345.0496	16.557414400463575	145.84564877740368	1032.321821486391	
7345.1016	0.03440000000045984	Ripples	0.03440000000045984	7345.109600000001	6.057594246776742	152.29848380695182	441.63377702099405	
7345.168000000001	0.05760000000009313	Ripples	0.05760000000009313	7345.1808	14.96071866863936	154.43224164750075	1175.7430048381955	
7351.612800000001	0.06559999999990396	Ripples	0.06559999999990396	7351.6616	9.593758747322395	151.81840417430152	1094.500465105264	
7355.4376	0.024800000000141154	Ripples	0.024800000000141154	7355.4488	10.77873642078298	159.21905254658023	1129.8253134543527	
7356.804800000001	0.06639999999970314	Ripples	0.06639999999970314	7356.8512	19.718749996850825	148.72545842226145	1468.5124751315902	
7357.638400000001	0.03999999999996362	Ripples	0.03999999999996362	7357.649600000001	9.063180263022568	150.0969454574304	885.2675136700466	
7358.5688	0.048800000000483124	Ripples	0.048800000000483124	7358.5832	11.712576146306974	151.21462687159325	864.5114432277231	
7359.4056	0.021600000000034925	Ripples	0.021600000000034925	7359.413600000001	6.187775094128044	154.4825351778634	700.3818959769166	
7361.1272	0.042400000000270666	Ripples	0.042400000000270666	7361.153600000001	9.317840280149968	145.93913588000729	707.0603369687062	
7362.232	0.04800000000068394	Ripples	0.04800000000068394	7362.2632	22.53423027858875	152.82428589646244	1570.528556006226	
7362.8608	0.04640000000017608	Ripples	0.04640000000017608	7362.8824	25.52867470400712	155.31536561064516	1756.0362229780294	
7363.4224	0.07440000000042346	Ripples	0.07440000000042346	7363.4888	12.173575663979282	155.33337731165673	1083.0516755054318	
7363.6304	0.056000000000494765	Ripples	0.056000000000494765	7363.660800000001	10.099931249981784	150.49536008701656	845.1858403134789	
7377.207200000001	0.022399999999834108	Ripples	0.022399999999834108	7377.216	11.997261408183133	161.87256112211682	1173.1036389538224	
7379.216	0.023199999999633292	Ripples	0.023199999999633292	7379.221600000001	5.423955893771258	160.4091583526393	776.6776097965484	
7380.156	0.12480000000050495	Ripples	0.12480000000050495	7380.1984	16.314807452670642	151.06313419909478	1393.9070504911997	
7380.504	0.03760000000056607	Ripples	0.03760000000056607	7380.5176	15.774795342001365	162.27757314543163	1440.8362385443074	
7382.000800000001	0.07439999999951397	Ripples	0.07439999999951397	7382.0472	7.723072614963831	154.2798198906942	927.773922341458	
7385.6248000000005	0.042400000000270666	Ripples	0.042400000000270666	7385.6448	9.616579195118026	148.02488924947204	836.8406515811066	
7388.1224	0.058399999999892316	Ripples	0.058399999999892316	7388.164000000001	8.746992453088488	143.10415029760117	724.65422058633	
7389.528	0.03440000000045984	Ripples	0.03440000000045984	7389.544800000001	11.214991341632018	156.38966734099463	1188.3928055875538	
7391.500800000001	0.028800000000046566	Ripples	0.028800000000046566	7391.5184	22.399136030111322	158.8938444600561	1552.0237686671726	
7398.837600000001	0.08479999999963184	Ripples	0.08479999999963184	7398.8496000000005	7.168729163343889	148.57424644869775	701.1017738974277	
7401.332	0.04719999999997526	Ripples	0.04719999999997526	7401.3576	11.429014016708628	148.90683167519737	1024.1591269955154	
7452.2480000000005	0.03600000000005821	Ripples	0.03600000000005821	7452.2632	14.38626898995803	156.11724295581035	1092.97569076075	
7479.3168000000005	0.13999999999941792	Ripples	0.13999999999941792	7479.381600000001	24.3308564768592	153.42608293102523	1933.8549110667627	
7480.5168	0.05199999999967986	Ripples	0.05199999999967986	7480.54	26.12506801523642	156.0597425646435	1722.632378751655	
7482.0064	0.06080000000019936	Ripples	0.06080000000019936	7482.0168	5.354319315952594	162.2588345925868	754.0459151007134	
7483.116	0.022400000000743603	Ripples	0.022400000000743603	7483.128000000001	8.873392082595306	156.33974585445324	853.4681420054922	
7487.758400000001	0.04320000000006985	Ripples	0.04320000000006985	7487.772800000001	16.6503698263612	156.19677416130955	1384.775178190199	
7488.2576	0.03600000000005821	Ripples	0.03600000000005821	7488.2792	10.386360013654796	151.42051685038925	1048.5043790713387	
7489.0864	0.021600000000034925	Ripples	0.021600000000034925	7489.0976	8.469984721485714	158.65454438039097	991.0404330592947	
7489.3352	0.08719999999993888	Ripples	0.08719999999993888	7489.3728	17.601749589295192	151.82903855364344	1408.2514080473236	
7490.028	0.05040000000008149	Ripples	0.05040000000008149	7490.0496	40.03720824412791	155.62026998734115	2234.1764172937596	
7494.832	0.04399999999986903	Ripples	0.04399999999986903	7494.848800000001	41.18689454024921	159.76859781507548	2338.237932923408	
7495.591200000001	0.027199999999538704	Ripples	0.027199999999538704	7495.602400000001	25.87846281004479	165.54806611841607	1766.5447360537414	
7497.8184	0.03600000000005821	Ripples	0.03600000000005821	7497.8472	12.544522456949132	154.521176952957	1006.8965846878084	
7500.5344000000005	0.021600000000034925	Ripples	0.021600000000034925	7500.5456	8.748286101217825	161.79040171334952	1006.1705227388518	
7502.384	0.042400000000270666	Ripples	0.042400000000270666	7502.408	12.243356122962014	147.5329436812106	1048.9759403245507	
7503.522400000001	0.03600000000005821	Ripples	0.03600000000005821	7503.536800000001	16.30437865026876	155.68904055114336	1331.2418140059804	
7503.652	0.035200000000259024	Ripples	0.035200000000259024	7503.676	15.93817461715872	147.29962010947443	1060.918981005533	
7504.3264	0.042400000000270666	Ripples	0.042400000000270666	7504.337600000001	18.715841140082333	157.58872600737067	1503.043264449396	
7504.4384	0.030400000000554428	Ripples	0.030400000000554428	7504.450400000001	8.195094495747867	150.90690687612667	848.9682020415607	
7506.292	0.047999999999774445	Ripples	0.047999999999774445	7506.3168000000005	22.374333429046604	153.20065657462135	1696.13032041736	
7507.6936000000005	0.02959999999984575	Ripples	0.02959999999984575	7507.707200000001	14.082321530861073	162.74370548720157	1335.5295990071245	
7508.483200000001	0.044799999999668216	Ripples	0.044799999999668216	7508.5184	17.73111685837731	158.59776759872028	1419.7202823587975	
7508.928000000001	0.040799999999762804	Ripples	0.040799999999762804	7508.9552	21.76067488802088	159.72098223802624	1779.6905251964324	
7511.1344	0.03840000000036525	Ripples	0.03840000000036525	7511.1488	32.4256783916056	158.3510458212203	1993.9650657242785	
7512.7168	0.05360000000018772	Ripples	0.05360000000018772	7512.7384	24.349992181661236	150.6909991312755	1751.9624688529145	
7514.9656	0.11679999999978463	Ripples	0.11679999999978463	7514.986400000001	14.704956190684229	149.50429527314802	1161.9366111889935	
7515.3752	0.05199999999967986	Ripples	0.05199999999967986	7515.399200000001	38.589695987371435	155.10548228027068	2186.476423514363	
7516.1104000000005	0.0591999999996915	Ripples	0.0591999999996915	7516.1552	38.679479543552766	154.3166937178907	2114.225386443166	
7518.790400000001	0.037599999999656575	Ripples	0.037599999999656575	7518.8112	30.02860093686478	163.59025160894302	2048.6348446206116	
7521.6544	0.030399999999644933	Ripples	0.030399999999644933	7521.6768	6.624357001100607	148.79717938393642	789.1695420438524	
7653.9696	0.028000000000247383	Ripples	0.028000000000247383	7653.9872000000005	14.61523488340007	162.619425466026	1319.4574798909111	
7746.059200000001	0.034399999999550346	Ripples	0.034399999999550346	7746.068	5.872992773836251	153.71574481152857	705.4718092932651	
7746.291200000001	0.07999999999992724	Ripples	0.07999999999992724	7746.3568000000005	8.793997093461744	149.60463090014196	842.6990347364806	
7757.856000000001	0.03679999999985739	Ripples	0.03679999999985739	7757.870400000001	10.471615956999319	154.89979666591177	955.3744857135642	
7761.7424	0.058399999999892316	Ripples	0.058399999999892316	7761.7864	10.41536289102925	149.48098019339332	899.1560706853734	
7761.8336	0.1088000000008833	Ripples	0.1088000000008833	7761.8976	18.363084108295652	149.1264199225311	1167.0566815973518	
7763.5944	0.10320000000047003	Ripples	0.10320000000047003	7763.656800000001	23.66481803663253	150.27324304278602	1940.7246476622001	
7766.062400000001	0.0543999999999869	Ripples	0.0543999999999869	7766.088000000001	16.68302608042746	147.72013587787757	1186.5893859933929	
7768.1336	0.04960000000028231	Ripples	0.04960000000028231	7768.1584	12.108419328475238	150.07767912259396	1114.7568291887608	
7769.4016	0.022399999999834108	Ripples	0.022399999999834108	7769.4128	15.979635075836804	160.14517350575346	1327.2642227325384	
7775.4456	0.029600000000755244	Ripples	0.029600000000755244	7775.464800000001	7.882686181066212	165.86199876163113	1040.4438418373834	
7777.9808	0.040799999999762804	Ripples	0.040799999999762804	7778.0064	14.952265483528134	150.23931609406827	1103.3747300876303	
7778.464	0.09440000000086002	Ripples	0.09440000000086002	7778.5272	24.369858085025022	150.6230052687872	1984.5914567625398	
7795.948	0.04719999999997526	Ripples	0.04719999999997526	7795.9808	22.096888202075576	156.5851246248484	1652.534276346211	
7847.9232	0.025599999999940337	Ripples	0.025599999999940337	7847.9376	9.737039919456851	158.15770805416875	1112.6442425007133	
7871.96	0.0864000000001397	Ripples	0.0864000000001397	7871.9944000000005	40.22705532833274	147.0534451877427	2120.2223461888448	
7878.076	0.059200000000600994	Ripples	0.059200000000600994	7878.099200000001	34.894186613493076	155.4930264015728	2237.9590117988714	
7911.2232	0.0816000000004351	Ripples	0.0816000000004351	7911.2792	23.32869809269753	151.21686330238265	1439.110129367867	
7913.7776	0.028000000000247383	Ripples	0.028000000000247383	7913.7952000000005	7.768982582468244	154.80174692792133	841.1079115891052	
7913.844800000001	0.08719999999993888	Ripples	0.08719999999993888	7913.9024	25.467965548626015	154.65845998037568	1575.6482720321417	
7919.0144	0.05040000000008149	Ripples	0.05040000000008149	7919.037600000001	16.104107471852057	151.9855224911658	1232.6281606445602	
7937.0	948.0	SleepStates						Non-REM
7938.4112000000005	0.03359999999975116	Ripples	0.03359999999975116	7938.4336	14.695144851186006	162.2484546097318	1301.3543646186306	
7948.363200000001	0.05599999999958527	Ripples	0.05599999999958527	7948.381600000001	27.679706341691162	152.70149729342901	1806.8872612581624	
7949.153600000001	0.03999999999996362	Ripples	0.03999999999996362	7949.1664	9.732601937664048	173.95874325118228	1077.4527175403546	
7949.692	0.068000000000211	Ripples	0.068000000000211	7949.7080000000005	36.912047572728774	161.44032700410872	1934.5732692056733	
7950.796	0.056000000000494765	Ripples	0.056000000000494765	7950.832	12.487762557167144	150.84906268577222	998.0339600183152	
7954.8536	0.04159999999956199	Ripples	0.04159999999956199	7954.8752	19.829161450793862	157.88388628164904	1569.3102095448914	
7956.874400000001	0.04640000000017608	Ripples	0.04640000000017608	7956.900000000001	22.041275960791552	153.49048595452973	1543.8286992785888	
7959.124000000001	0.03600000000005821	Ripples	0.03600000000005821	7959.145600000001	38.72601350964148	159.56726685395682	2269.8066916757143	
7959.2408000000005	0.05999999999949068	Ripples	0.05999999999949068	7959.268	20.910075833603084	160.53916966284578	1829.4886842005126	
7959.6944	0.03840000000036525	Ripples	0.03840000000036525	7959.711200000001	29.13120568097964	162.58995054331345	1948.734815083211	
7961.3104	0.05040000000008149	Ripples	0.05040000000008149	7961.3472	21.62987120765934	159.76913318182338	1778.1300297639366	
7962.0632000000005	0.05040000000008149	Ripples	0.05040000000008149	7962.1032000000005	16.64762016078846	156.17613184485074	1302.5877766112071	
7962.5616	0.11200000000008004	Ripples	0.11200000000008004	7962.605600000001	26.561554000334347	151.70362044821346	1682.125133319104	
7963.6984	0.03999999999996362	Ripples	0.03999999999996362	7963.7176	34.652246917445694	162.09492533787488	2144.49320475705	
7964.642400000001	0.023199999999633292	Ripples	0.023199999999633292	7964.6544	7.9351719121952105	154.16284085347414	713.4349640497416	
7972.3008	0.03279999999995198	Ripples	0.03279999999995198	7972.3184	16.472495758592657	154.0845104613035	1153.6703614806358	
7973.9528	0.07520000000022264	Ripples	0.07520000000022264	7973.968000000001	15.048611997001087	153.63064111231216	1437.3486613678374	
7974.599200000001	0.037599999999656575	Ripples	0.037599999999656575	7974.613600000001	39.736750491642994	164.81999813599654	2326.0774556619767	
7976.685600000001	0.046399999999266583	Ripples	0.046399999999266583	7976.7064	39.51296803666638	154.5090356962435	1894.3929619040937	
7976.791200000001	0.05040000000008149	Ripples	0.05040000000008149	7976.8248	10.953201430250978	152.48780921859634	1001.2204197096779	
7976.9112000000005	0.09839999999985594	Ripples	0.09839999999985594	7976.9952	11.891687033168456	150.9506742561516	977.3246737145759	
7977.232800000001	0.03600000000005821	Ripples	0.03600000000005821	7977.2448	22.313774448688832	157.62343677592327	1533.5735932470864	
7977.943200000001	0.05040000000008149	Ripples	0.05040000000008149	7977.9784	23.716411323956873	149.68942260026589	1492.0511580739706	
7978.2168	0.03920000000016444	Ripples	0.03920000000016444	7978.2456	12.944656627631849	160.93867782770192	1235.778821728633	
7978.751200000001	0.03359999999975116	Ripples	0.03359999999975116	7978.7744	6.8005129330481875	151.7716287547126	624.6824548382752	
7979.0328	0.10400000000026921	Ripples	0.10400000000026921	7979.104	15.852078245171528	144.60016682054334	1116.272329157827	
7979.8544	0.04320000000006985	Ripples	0.04320000000006985	7979.88	15.469418299511513	148.67936455762285	1245.208999456344	
7981.189600000001	0.027199999999538704	Ripples	0.027199999999538704	7981.203200000001	20.740088206698108	160.35643866494974	1556.3416055181624	
7983.7864	0.14880000000084692	Ripples	0.14880000000084692	7983.863200000001	31.194717992025318	156.6510959662722	2162.0766448115596	
7984.4768	0.02959999999984575	Ripples	0.02959999999984575	7984.488	17.590597638333477	170.34125327513647	1446.8457251712107	
7984.736800000001	0.03600000000005821	Ripples	0.03600000000005821	7984.761600000001	19.438911207611053	155.27409284812572	1423.1167060726862	
7991.475200000001	0.027999999999337888	Ripples	0.027999999999337888	7991.4888	5.348302637156671	152.12827185731868	802.4753924025479	
7992.5472	0.029600000000755244	Ripples	0.029600000000755244	7992.565600000001	6.032270179158276	150.07284969570367	673.6897978960126	
7992.8752	0.06400000000030559	Ripples	0.06400000000030559	7992.8976	8.758990752738988	143.15846023964764	618.038698773374	
7993.348800000001	0.027199999999538704	Ripples	0.027199999999538704	7993.360000000001	28.269881701212523	162.96971806541617	1812.1705224444934	
7994.214400000001	0.03839999999945576	Ripples	0.03839999999945576	7994.222400000001	5.793293130124144	157.139171657517	729.822119252637	
7994.5232000000005	0.03999999999996362	Ripples	0.03999999999996362	7994.5528	12.72930732573667	150.73287517227644	1112.9185197574927	
7995.0472	0.07120000000031723	Ripples	0.07120000000031723	7995.0904	23.020890187253414	146.02856413974632	1498.4949496122067	
7995.511200000001	0.02159999999912543	Ripples	0.02159999999912543	7995.522400000001	5.8437836103793215	153.60750001092111	753.7337796822185	
7995.852800000001	0.02959999999984575	Ripples	0.02959999999984575	7995.8648	5.773391857329929	151.37644652309754	610.2236060953124	
8006.6016	0.1048000000000684	Ripples	0.1048000000000684	8006.6648000000005	21.46815733010817	149.15674750769492	1638.8541668076543	
8007.68	0.04399999999986903	Ripples	0.04399999999986903	8007.6952	13.789735279509715	157.95161547091303	1191.3213697150088	
8007.9056	0.06640000000061264	Ripples	0.06640000000061264	8007.9448	37.170465324165825	153.66275368633964	2257.31512144938	
8008.8896	0.07039999999960855	Ripples	0.07039999999960855	8008.9232	12.409494754543637	146.91493653302794	901.7775659550322	
8010.032	0.03840000000036525	Ripples	0.03840000000036525	8010.0496	26.169800345941205	155.62976840443883	1797.304559694252	
8013.4848	0.032000000000152795	Ripples	0.032000000000152795	8013.5096	6.8094927857386836	155.9720460369701	876.6529563957921	
8014.0464	0.04320000000006985	Ripples	0.04320000000006985	8014.065600000001	17.693727264847226	146.63975258614377	1150.783238254537	
8014.2936	0.04960000000028231	Ripples	0.04960000000028231	8014.312800000001	10.652935855024984	152.88675635483293	850.0816342910409	
8018.5608	0.03679999999985739	Ripples	0.03679999999985739	8018.5792	29.198285500226117	159.39066735146957	2064.7621425865964	
8019.1248000000005	0.07200000000011642	Ripples	0.07200000000011642	8019.182400000001	30.857112334462723	153.2376625113911	1871.0260619507274	
8019.5936	0.06080000000019936	Ripples	0.06080000000019936	8019.627200000001	22.327362414030734	149.48761444852903	1517.8061395242792	
8021.740000000001	0.024800000000141154	Ripples	0.024800000000141154	8021.752	5.26864010477913	157.882346135504	890.922512506123	
8021.9704	0.03920000000016444	Ripples	0.03920000000016444	8021.983200000001	6.363613714520219	139.64868321249116	430.9698937903572	
8023.065600000001	0.03919999999925494	Ripples	0.03919999999925494	8023.0848000000005	50.99089771114776	163.38143122986784	2621.9532751704205	
8023.4456	0.04320000000006985	Ripples	0.04320000000006985	8023.4672	23.655569391512397	155.68007166575597	1810.1108583264229	
8024.1376	0.029600000000755244	Ripples	0.029600000000755244	8024.1576000000005	10.249766303567155	162.8495008811224	740.0551118061626	
8024.472000000001	0.08799999999973807	Ripples	0.08799999999973807	8024.532	26.458075727049838	159.69071385005861	1957.285209510275	
8025.0960000000005	0.027199999999538704	Ripples	0.027199999999538704	8025.112	12.668400652438628	157.86045447690634	1262.5656165000933	
8026.059200000001	0.03679999999985739	Ripples	0.03679999999985739	8026.0816	16.111944895940532	154.1739924379678	1212.476896221821	
8028.7632	0.0543999999999869	Ripples	0.0543999999999869	8028.7968	10.178109568874326	142.42497993832333	787.7607497087462	
8031.2824	0.1320000000005166	Ripples	0.1320000000005166	8031.3648	22.089070923660497	149.43888014041408	1647.2656261948396	
8033.4784	0.024800000000141154	Ripples	0.024800000000141154	8033.489600000001	11.67964103572783	157.23165648862903	1124.4204396475336	
8035.598400000001	0.03919999999925494	Ripples	0.03919999999925494	8035.616	10.249498714891415	152.83537384202327	1118.183244444282	
8039.7736	0.021600000000034925	Ripples	0.021600000000034925	8039.7880000000005	5.156865480507493	155.1075307396462	743.1328961105088	
8041.026400000001	0.04640000000017608	Ripples	0.04640000000017608	8041.052000000001	47.22121411266116	156.33702167174403	2389.6583138894293	
8044.52	0.03999999999996362	Ripples	0.03999999999996362	8044.537600000001	38.19305343959945	160.35155494066416	2355.53090717288	
8044.6624	0.04480000000057771	Ripples	0.04480000000057771	8044.6864000000005	42.72547162533108	158.4020596281455	2288.727301207424	
8045.4888	0.03920000000016444	Ripples	0.03920000000016444	8045.5088000000005	30.21411865985899	158.58674765431107	1687.143730163794	
8048.2264000000005	0.03600000000005821	Ripples	0.03600000000005821	8048.2488	8.776558413063972	148.32452655058196	845.8323353603989	
8050.175200000001	0.03839999999945576	Ripples	0.03839999999945576	8050.188800000001	18.04013878060213	153.41798616273599	1287.2318739741468	
8051.9336	0.02639999999973952	Ripples	0.02639999999973952	8051.9456	11.359284114550633	153.87393056370303	1017.8622206702751	
8052.2936	0.04400000000077853	Ripples	0.04400000000077853	8052.3112	39.275589956801454	157.71820898878434	2279.524203739272	
8053.0288	0.036800000000766886	Ripples	0.036800000000766886	8053.0456	45.822224604801356	161.21140320144713	2469.53820210119	
8054.3464	0.04160000000047148	Ripples	0.04160000000047148	8054.3640000000005	35.27531886730152	153.09355513593803	2033.4627870842148	
8055.968000000001	0.06799999999930151	Ripples	0.06799999999930151	8056.0256	16.650571068430033	153.06667979939579	1145.1708501464923	
8056.4088	0.020000000000436557	Ripples	0.020000000000436557	8056.420800000001	8.10451360326187	159.63066214208754	741.486496004083	
8059.152800000001	0.03600000000005821	Ripples	0.03600000000005821	8059.1632	5.7806689226797285	161.63639126879931	654.3089575722787	
8063.7952000000005	0.021600000000034925	Ripples	0.021600000000034925	8063.8096000000005	8.30783503379276	157.76765680206583	819.2091332618061	
8064.236000000001	0.12639999999919382	Ripples	0.12639999999919382	8064.2880000000005	24.678616314045026	149.20288333817197	1902.81531014101	
8065.160800000001	0.056799999999384454	Ripples	0.056799999999384454	8065.1720000000005	17.286785222200283	168.58764834019956	1175.5271973899262	
8065.5424	0.035200000000259024	Ripples	0.035200000000259024	8065.56	10.099919341190684	154.18371671228658	1004.4583357099444	
8065.9112000000005	0.022399999999834108	Ripples	0.022399999999834108	8065.9256000000005	5.28108301361737	155.21790757123796	591.7493452347647	
8066.6296	0.0727999999999156	Ripples	0.0727999999999156	8066.6616	13.85619838304644	140.65904057618943	922.926822279923	
8066.7376	0.02639999999973952	Ripples	0.02639999999973952	8066.7488	5.738478464464104	150.11827691177484	753.6116618479402	
8068.4016	0.06000000000040018	Ripples	0.06000000000040018	8068.420800000001	19.627627713189014	150.74718561539837	1489.6702111397826	
8068.559200000001	0.05040000000008149	Ripples	0.05040000000008149	8068.5848000000005	6.410231781448773	142.77092584110667	781.4017636195389	
8072.3008	0.02080000000023574	Ripples	0.02080000000023574	8072.3112	6.65798939614112	157.91697112280718	869.7535316412683	
8077.2416	0.052800000000388536	Ripples	0.052800000000388536	8077.276800000001	44.32157694696953	159.5664144678773	2630.6569897506006	
8078.830400000001	0.04320000000006985	Ripples	0.04320000000006985	8078.8552	16.54647772598243	145.69482479819385	1304.6075146491175	
8080.1592	0.06640000000061264	Ripples	0.06640000000061264	8080.2080000000005	17.000664657926283	157.79237214099737	1243.4419132146252	
8081.6904	0.05599999999958527	Ripples	0.05599999999958527	8081.732	19.348791569636468	154.2002578416229	1305.6892673044435	
8085.196000000001	0.0455999999994674	Ripples	0.0455999999994674	8085.2248	12.103765180108333	153.04197511410214	1382.4737589108595	
8086.424800000001	0.027199999999538704	Ripples	0.027199999999538704	8086.4328000000005	5.28719601627671	157.15812059664128	466.9565795983523	
8091.356000000001	0.0864000000001397	Ripples	0.0864000000001397	8091.428800000001	23.626973329367335	153.7476077255382	1923.7647825128822	
8094.504800000001	0.05599999999958527	Ripples	0.05599999999958527	8094.5496	19.90669458754814	151.51971568848626	1335.823139345881	
8094.7136	0.04160000000047148	Ripples	0.04160000000047148	8094.7336000000005	26.365080402211067	155.6885399181309	1866.6858674529392	
8097.9224	0.030399999999644933	Ripples	0.030399999999644933	8097.935200000001	20.2070230186125	155.6082182206626	1225.1930751065536	
8100.943200000001	0.0455999999994674	Ripples	0.0455999999994674	8100.9664	16.055322689420137	156.12696333923367	1159.929179203273	
8101.1032000000005	0.022399999999834108	Ripples	0.022399999999834108	8101.1152	7.833976937129365	158.06329084225413	859.2271309007477	
8105.200000000001	0.02479999999923166	Ripples	0.02479999999923166	8105.214400000001	12.656405468074741	164.77561320955246	1276.6150968073673	
8107.0024	0.04320000000006985	Ripples	0.04320000000006985	8107.0216	12.55357093403389	148.0447904398113	993.5435318720524	
8107.7392	0.036800000000766886	Ripples	0.036800000000766886	8107.764800000001	6.473548210327279	147.20368675820595	624.8983292803479	
8107.9736	0.022399999999834108	Ripples	0.022399999999834108	8107.9848	7.325816109771412	158.28094661147748	755.7610009679076	
8108.188	0.028800000000046566	Ripples	0.028800000000046566	8108.203200000001	7.036321430235227	151.40185037199495	765.993127690515	
8110.580800000001	0.04320000000006985	Ripples	0.04320000000006985	8110.599200000001	21.29821417426426	147.11524483719674	1504.4287173242049	
8112.345600000001	0.03839999999945576	Ripples	0.03839999999945576	8112.360000000001	12.095834988945413	155.4584273542463	1011.400385026032	
8113.599200000001	0.040799999999762804	Ripples	0.040799999999762804	8113.6104000000005	8.534912088556883	152.6301687481957	856.6270663694255	
8113.704000000001	0.040799999999762804	Ripples	0.040799999999762804	8113.7264000000005	18.746386158605258	150.03604487295775	1330.1071360391982	
8113.772800000001	0.0455999999994674	Ripples	0.0455999999994674	8113.7888	7.145303345653876	147.48255704737332	522.333908151871	
8114.059200000001	0.0639999999993961	Ripples	0.0639999999993961	8114.1088	22.235403767603703	152.56182072765708	1289.1659003790662	
8114.6464000000005	0.0455999999994674	Ripples	0.0455999999994674	8114.6576000000005	15.413323042724008	156.5171633717702	1339.8629053367688	
8115.0536	0.030400000000554428	Ripples	0.030400000000554428	8115.069600000001	5.47827520156354	147.78092760058072	622.645332913727	
8122.0776000000005	0.03839999999945576	Ripples	0.03839999999945576	8122.105600000001	13.576506784975317	148.8009832992811	1068.0871382510754	
8126.612800000001	0.08879999999953725	Ripples	0.08879999999953725	8126.620000000001	8.619153152061466	157.92130159924406	813.2235034351675	
8127.562400000001	0.03359999999975116	Ripples	0.03359999999975116	8127.580800000001	5.961682789040061	145.8007705399443	752.7939911657173	
8127.688	0.03279999999995198	Ripples	0.03279999999995198	8127.7064	28.748757548420933	155.66218985139628	1731.475188489954	
8128.606400000001	0.047999999999774445	Ripples	0.047999999999774445	8128.631200000001	17.6907570658028	155.79322502229357	1638.1072132316478	
8129.0232000000005	0.042400000000270666	Ripples	0.042400000000270666	8129.052000000001	14.309652941992502	153.53292145072282	1137.7797116728998	
8138.743200000001	0.0775999999996202	Ripples	0.0775999999996202	8138.757600000001	16.161887859676785	151.67834769031333	1278.3548924376778	
8141.722400000001	0.027199999999538704	Ripples	0.027199999999538704	8141.7352	6.0299332749375285	153.078425115341	778.3640180478137	
8146.4816	0.03120000000035361	Ripples	0.03120000000035361	8146.492	14.196001887023268	167.267679635265	1284.6731923223874	
8147.2088	0.037599999999656575	Ripples	0.037599999999656575	8147.232	28.627691754081944	160.20624055455576	1944.0605659544117	
8147.3408	0.042400000000270666	Ripples	0.042400000000270666	8147.3688	27.22879314762201	157.59832725221892	1909.406540304	
8147.5464	0.04480000000057771	Ripples	0.04480000000057771	8147.576800000001	24.7013153218952	152.9251742300968	1665.6142313657258	
8149.9744	0.042400000000270666	Ripples	0.042400000000270666	8149.9952	12.168177995997535	152.66830934421262	1096.5194980589315	
8157.72	0.04640000000017608	Ripples	0.04640000000017608	8157.7416	13.211669110822662	151.53620836085028	1282.7602763775117	
8161.384	0.03840000000036525	Ripples	0.03840000000036525	8161.4048	28.87079206876494	156.4142824430463	1924.0508972824373	
8165.791200000001	0.044799999999668216	Ripples	0.044799999999668216	8165.819200000001	25.539017920488657	151.47059703016635	1717.4093505869819	
8170.448	0.04320000000006985	Ripples	0.04320000000006985	8170.4704	42.60321120309424	159.70542680828174	2425.5158578704877	
8170.8296	0.03760000000056607	Ripples	0.03760000000056607	8170.8504	33.76807536898115	158.5482800377894	2119.3421931106313	
8175.7784	0.030400000000554428	Ripples	0.030400000000554428	8175.790400000001	18.635608697614618	156.58371936695937	1391.3493799752516	
8180.181600000001	0.10159999999996217	Ripples	0.10159999999996217	8180.228800000001	6.038482719438677	159.53629310030976	515.7229017508437	
8180.9192	0.02639999999973952	Ripples	0.02639999999973952	8180.9376	9.115587613284935	156.78071605195734	937.8819286587717	
8182.4048	0.03679999999985739	Ripples	0.03679999999985739	8182.424	32.852234763290824	157.88880363535026	2142.3644550785025	
8183.8184	0.03679999999985739	Ripples	0.03679999999985739	8183.8368	14.640391023953205	149.9068924399877	955.8251074884893	
8185.4856	0.03280000000086147	Ripples	0.03280000000086147	8185.5032	11.97302950014368	153.71664546617558	1181.321842842928	
8187.236000000001	0.023999999999432475	Ripples	0.023999999999432475	8187.2496	25.495567857360797	161.87039954436014	1615.0848262469058	
8187.4304	0.07999999999992724	Ripples	0.07999999999992724	8187.4984	10.431343259774627	153.72400203295402	894.4041039499548	
8187.631200000001	0.0543999999999869	Ripples	0.0543999999999869	8187.6576000000005	23.580861492167468	154.38875087963112	1482.9929292494485	
8190.34	0.05360000000018772	Ripples	0.05360000000018772	8190.3512	9.605063075990907	157.095976328181	772.9813050618958	
8191.243200000001	0.022399999999834108	Ripples	0.022399999999834108	8191.2552000000005	7.918914150975803	158.50445651093818	986.225237727435	
8193.1312	0.04320000000006985	Ripples	0.04320000000006985	8193.1496	28.0118506064898	152.170875860466	1544.5909921981818	
8193.84	0.03200000000106229	Ripples	0.03200000000106229	8193.851200000001	14.544241227644536	156.76598215701068	1287.941603543404	
8198.0304	0.022400000001653098	Ripples	0.022400000001653098	8198.039200000001	6.703907993700696	156.51641437438178	768.587160543849	
8199.148000000001	0.030399999999644933	Ripples	0.030399999999644933	8199.1592	9.16045004139716	156.24366852711492	917.6719575841313	
8202.3056	0.031200000001263106	Ripples	0.031200000001263106	8202.321600000001	9.099768421899013	151.2348275802851	631.9275936572699	
8203.5616	0.030399999999644933	Ripples	0.030399999999644933	8203.58	22.723168765172275	152.78834856635632	1439.8404292761297	
8203.7008	0.035200000000259024	Ripples	0.035200000000259024	8203.712	19.640403085819425	154.19470572262497	1380.3547452151117	
8205.5368	0.0272000000004482	Ripples	0.0272000000004482	8205.552	13.64441731215166	155.5936412624576	1042.3316528527378	
8207.4024	0.03839999999945576	Ripples	0.03839999999945576	8207.4272	16.02976468653619	153.01787740327194	1321.493982702506	
8207.516800000001	0.03359999999884167	Ripples	0.03359999999884167	8207.5424	11.44668048726966	152.06225632404562	1032.9834402937809	
8212.2048	0.04800000000068394	Ripples	0.04800000000068394	8212.2192	12.516591814179819	149.26440637829873	1011.461097765408	
8213.144	0.02959999999984575	Ripples	0.02959999999984575	8213.1656	13.118787956022913	154.82830581020846	1100.081751352731	
8215.0744	0.040000000000873115	Ripples	0.040000000000873115	8215.089600000001	32.677835569163584	154.09541590540664	1923.1721684724414	
8220.4208	0.05520000000069558	Ripples	0.05520000000069558	8220.445600000001	29.13090082199229	151.86720202579977	1934.3423521277268	
8220.9416	0.04399999999986903	Ripples	0.04399999999986903	8220.9568	39.146670470442444	157.0900245518253	2088.1498324737054	
8221.6464	0.035200000000259024	Ripples	0.035200000000259024	8221.6736	9.449529784024083	150.2810637355169	709.4538450351387	
8222.4184	0.03679999999985739	Ripples	0.03679999999985739	8222.4488	5.455063122944777	159.8981016386338	731.4787381387994	
8227.1656	0.06639999999970314	Ripples	0.06639999999970314	8227.1808	22.818875663525052	152.1985418878105	1460.4714604499143	
8227.2544	0.09600000000136788	Ripples	0.09600000000136788	8227.3264	41.748493819452115	151.87217069938424	2227.4599063323412	
8227.9872	0.042400000000270666	Ripples	0.042400000000270666	8228.012	27.401724999844447	154.70438032455897	1766.2082485011433	
8229.315200000001	0.028000000000247383	Ripples	0.028000000000247383	8229.3328	25.035621916072216	162.5389035684322	1534.8951933105882	
8229.876	0.02080000000023574	Ripples	0.02080000000023574	8229.887200000001	5.8658045094730635	157.09650632056687	844.5175102261029	
8231.806400000001	0.031199999999444117	Ripples	0.031199999999444117	8231.829600000001	6.918432578371545	164.161912262624	567.8727946111641	
8232.336000000001	0.07519999999931315	Ripples	0.07519999999931315	8232.372000000001	11.564624162591711	144.7470353660077	955.9926142253721	
8234.624	0.02480000000105065	Ripples	0.02480000000105065	8234.6384	13.340499684178013	158.67250391806942	1231.0344216718465	
8234.7576	0.044799999999668216	Ripples	0.044799999999668216	8234.7688	7.421412240780796	151.05432057960937	756.9375910157326	
8235.460000000001	0.039999999999054126	Ripples	0.039999999999054126	8235.4752	14.116944699459065	150.3554587696252	1078.5803006046074	
8235.98	0.024000000001251465	Ripples	0.024000000001251465	8235.9944	20.924592595128487	163.47332167439188	1429.1291285515956	
8236.9176	0.03919999999925494	Ripples	0.03919999999925494	8236.9288	15.69325733749346	158.53426744684086	1392.4289064507955	
8237.046400000001	0.048799999998664134	Ripples	0.048799999998664134	8237.0848	10.546660213149522	148.51973639200844	957.0667432158368	
8238.504	0.07840000000032887	Ripples	0.07840000000032887	8238.5512	17.057165607028093	148.9088689295658	1211.151397685497	
8240.9168	0.03919999999925494	Ripples	0.03919999999925494	8240.9416	25.495392251337528	154.87757974056618	1751.4147868022167	
8245.473600000001	0.04079999999885331	Ripples	0.04079999999885331	8245.4992	24.447346335744633	152.0220653187278	1605.6220303272617	
8249.8168	0.02479999999923166	Ripples	0.02479999999923166	8249.8248	9.689279521639339	157.38379448249603	964.7458985138832	
8250.396	0.025599999999030842	Ripples	0.025599999999030842	8250.4072	6.500001958559346	150.4543121671366	722.5185969504269	
8255.1944	0.0544000000008964	Ripples	0.0544000000008964	8255.2312	20.044717863532128	151.83381869804384	1329.1807106758556	
8255.2984	0.053600000001097214	Ripples	0.053600000001097214	8255.3232	24.56848046322638	146.22390255635597	1556.144630839559	
8255.698400000001	0.026399999998830026	Ripples	0.026399999998830026	8255.7072	6.514405008240385	157.8667878339081	818.1241744744266	
8258.3824	0.0408000000006723	Ripples	0.0408000000006723	8258.3976	14.974073106928142	152.30172436093758	1150.0865996900873	
8258.4472	0.06559999999990396	Ripples	0.06559999999990396	8258.459200000001	7.6441115349044875	150.95239728733023	584.6213951427376	
8259.4904	0.028800000000046566	Ripples	0.028800000000046566	8259.5016	17.067966700709864	159.16636899147204	1408.1883643496149	
8262.66	0.04160000000047148	Ripples	0.04160000000047148	8262.68	20.532817665683538	154.90327984662687	1646.918948013085	
8268.6848	0.07519999999931315	Ripples	0.07519999999931315	8268.727200000001	14.028891479584422	142.61638236640465	775.6807023796131	
8272.2008	0.031199999999444117	Ripples	0.031199999999444117	8272.220800000001	24.982673426255722	159.76956720195506	1675.484848627453	
8273.884	0.06960000000071886	Ripples	0.06960000000071886	8273.9432	13.724344676110396	156.1825486726932	758.7459088399045	
8274.848	0.06480000000010477	Ripples	0.06480000000010477	8274.887200000001	9.360525683315844	156.9499986331368	792.6565426034623	
8275.916000000001	0.039999999999054126	Ripples	0.039999999999054126	8275.9344	18.536544502971235	150.95806334467323	1291.9052974677059	
8276.7112	0.04399999999986903	Ripples	0.04399999999986903	8276.7312	20.38782510852111	152.86112267191726	1450.0885063603444	
8279.7552	0.03680000000167638	Ripples	0.03680000000167638	8279.772	19.902310541010735	157.09364503011065	1530.4809079450877	
8280.2608	0.048800000000483124	Ripples	0.048800000000483124	8280.285600000001	12.684370195426153	164.27040071292137	1387.1338999447619	
8280.808	0.030399999999644933	Ripples	0.030399999999644933	8280.8232	10.990388522432514	152.27721542474953	841.621370296452	
8284.322400000001	0.05760000000009313	Ripples	0.05760000000009313	8284.351200000001	15.341638867829856	145.73220805086729	1084.4386612389792	
8287.668800000001	0.06879999999910069	Ripples	0.06879999999910069	8287.6944	5.36682540536168	137.9698316446122	363.1144115264172	
8291.241600000001	0.04079999999885331	Ripples	0.04079999999885331	8291.2752	7.758946629924357	150.40218768374856	731.7594694529787	
8291.628	0.026400000000649015	Ripples	0.026400000000649015	8291.6368	9.92143573264739	154.1769364562741	887.1685792970084	
8291.9272	0.025600000000849832	Ripples	0.025600000000849832	8291.9416	9.60105999066868	150.33300367043174	884.4659129742885	
8292.0272	0.03839999999945576	Ripples	0.03839999999945576	8292.0448	31.211854014659828	156.59417995031546	1907.1218613183632	
8292.6872	0.07200000000011642	Ripples	0.07200000000011642	8292.706400000001	18.65768121496103	154.50805185066926	1088.8502763662827	
8300.8008	0.03439999999864085	Ripples	0.03439999999864085	8300.814400000001	14.673223625725846	157.9336938272441	1252.073725933077	
8301.9256	0.03600000000005821	Ripples	0.03600000000005821	8301.94	9.233872934690499	156.32138610807982	814.8993895857218	
8302.083200000001	0.030399999999644933	Ripples	0.030399999999644933	8302.0992	9.90761106748331	145.7017836565172	779.924476620505	
8303.9368	0.04560000000128639	Ripples	0.04560000000128639	8303.959200000001	8.774373072513363	161.1164083816408	844.3683846750183	
8304.1232	0.02959999999984575	Ripples	0.02959999999984575	8304.1448	11.447315250668192	155.26930991408784	1107.4670099660082	
8304.2376	0.03839999999945576	Ripples	0.03839999999945576	8304.2584	26.53726564903527	156.45832923318827	1594.9123547583179	
8306.3384	0.05279999999947904	Ripples	0.05279999999947904	8306.3608	20.87717577941797	150.11477473524153	1179.4202296062454	
8306.467200000001	0.05760000000009313	Ripples	0.05760000000009313	8306.4928	30.018438354284722	148.97497348435593	1672.4576807767378	
8313.3456	0.04160000000047148	Ripples	0.04160000000047148	8313.357600000001	14.061607628484728	149.4601923501646	967.7508095944924	
8314.872800000001	0.039999999999054126	Ripples	0.039999999999054126	8314.884	17.802226442939528	153.48711940349756	1383.594462918304	
8315.5136	0.05680000000029395	Ripples	0.05680000000029395	8315.545600000001	57.31968261010272	151.4650048934605	2658.814881405184	
8315.712800000001	0.02719999999862921	Ripples	0.02719999999862921	8315.728000000001	6.284970107521976	147.3651206490546	683.8129385820143	
8321.384	0.026400000000649015	Ripples	0.026400000000649015	8321.400800000001	36.694718926408164	163.4310579366905	1909.8280920588313	
8322.076000000001	0.026399999998830026	Ripples	0.026399999998830026	8322.0848	7.866717374244724	154.8739131273768	653.0841006413917	
8322.156	0.0319999999992433	Ripples	0.0319999999992433	8322.1736	24.97274475194889	157.93156392579778	1534.687586056586	
8325.0424	0.05999999999949068	Ripples	0.05999999999949068	8325.075200000001	26.812339316965154	144.99332923680583	1385.6295685373402	
8325.3192	0.03440000000045984	Ripples	0.03440000000045984	8325.3328	7.6372582282085615	155.3695904276364	1021.2291523395012	
8326.843200000001	0.027999999998428393	Ripples	0.027999999998428393	8326.8544	14.496898244131577	161.4066432436341	1243.193800077944	
8328.3136	0.026400000000649015	Ripples	0.026400000000649015	8328.322400000001	5.6431366631767785	150.57643050823887	542.7664228360567	
8328.524800000001	0.0319999999992433	Ripples	0.0319999999992433	8328.546400000001	18.820917000662114	154.19367842387277	1290.4020342345807	
8329.664	0.025599999999030842	Ripples	0.025599999999030842	8329.676000000001	19.44005049407163	159.40349786145373	1421.493300006218	
8332.7752	0.02959999999984575	Ripples	0.02959999999984575	8332.7904	12.40228195686936	151.15632985509552	991.2327344918816	
8333.234400000001	0.02959999999984575	Ripples	0.02959999999984575	8333.2528	17.017037600809783	157.50597823655622	1358.9931326222968	
8335.438400000001	0.05040000000008149	Ripples	0.05040000000008149	8335.460000000001	24.735858117463298	150.51897374667251	1538.0201157389888	
8340.7	0.04160000000047148	Ripples	0.04160000000047148	8340.7184	8.343465127127883	157.10239611734653	820.0053385086959	
8340.9688	0.044799999999668216	Ripples	0.044799999999668216	8341.003200000001	6.977732259387936	161.4179670465749	661.8046689956029	
8342.9864	0.030400000001463923	Ripples	0.030400000001463923	8343.0088	9.058170798750366	166.3392345117217	1036.8252034969707	
8349.430400000001	0.023999999999432475	Ripples	0.023999999999432475	8349.444	19.961724435900855	164.46129073156115	1415.1392171604443	
8350.408800000001	0.0455999999994674	Ripples	0.0455999999994674	8350.430400000001	16.521020703781577	152.58086285691044	1309.680921538939	
8356.5208	0.05040000000008149	Ripples	0.05040000000008149	8356.538400000001	37.22716629712203	158.458796115948	2301.7844936380498	
8366.8048	0.040000000000873115	Ripples	0.040000000000873115	8366.8192	23.34518080586674	156.68137889529268	1634.3553643750906	
8369.1952	0.0544000000008964	Ripples	0.0544000000008964	8369.212800000001	16.624166187711822	146.91814209341425	1140.1917683386225	
8369.4752	0.03359999999884167	Ripples	0.03359999999884167	8369.4896	6.704677521324764	147.88590839942225	587.4016795946701	
8374.796	0.03440000000045984	Ripples	0.03440000000045984	8374.806400000001	12.44904930428869	157.32230083130287	1200.5856290443771	
8375.5736	0.04399999999986903	Ripples	0.04399999999986903	8375.604000000001	18.448766325445423	160.11937418514867	1666.6305403873084	
8378.4264	0.06719999999950232	Ripples	0.06719999999950232	8378.4536	14.055855772859244	147.87085007790114	969.9965440459438	
8387.26	0.025600000000849832	Ripples	0.025600000000849832	8387.2752	7.358728207551885	152.25738028784946	825.4622161143525	
8387.8616	0.056000000000494765	Ripples	0.056000000000494765	8387.8976	35.52400007587864	150.50115363045217	2092.123630724198	
8389.0296	0.0591999999996915	Ripples	0.0591999999996915	8389.0504	22.51119931394208	149.2946376953021	1669.6392655356756	
8390.300000000001	0.055999999998675776	Ripples	0.055999999998675776	8390.322400000001	10.027395070306124	153.79862987231112	681.5754835106488	
8390.664	0.05999999999949068	Ripples	0.05999999999949068	8390.698400000001	16.287011237997632	148.9159185075828	1163.05118040441	
8393.8192	0.04320000000006985	Ripples	0.04320000000006985	8393.848	18.06881037089138	151.62681888733664	1407.924601667006	
8398.232	0.028000000000247383	Ripples	0.028000000000247383	8398.249600000001	12.948039204342145	155.21707612392058	1138.050349255601	
8401.8736	0.02959999999984575	Ripples	0.02959999999984575	8401.8848	5.447745667685031	147.68810194107556	665.0916138962108	
8402.5864	0.05999999999949068	Ripples	0.05999999999949068	8402.6216	31.59193450939026	152.58102896109318	1984.5109373512234	
8403.7448	0.06400000000030559	Ripples	0.06400000000030559	8403.7592	28.83938676956484	156.58669830680722	1993.5028129585169	
8404.352	0.031199999999444117	Ripples	0.031199999999444117	8404.3696	10.333180288694443	155.53179361704986	1025.5948009336682	
8412.8088	0.051199999999880674	Ripples	0.051199999999880674	8412.8272	33.69035236799755	155.41263735026905	2059.0017920646487	
8416.608	0.03600000000005821	Ripples	0.03600000000005821	8416.6224	19.029315486104554	163.75649049095432	1653.0739373619906	
8417.2176	0.051199999999880674	Ripples	0.051199999999880674	8417.236	10.306290006470608	151.33268293456553	1044.8419920180572	
8421.2672	0.04320000000006985	Ripples	0.04320000000006985	8421.285600000001	22.99379229261524	152.57210630389272	1470.7053532389002	
8421.3848	0.0591999999996915	Ripples	0.0591999999996915	8421.4216	31.9791014898572	149.529831969304	1619.140472900514	
8427.1368	0.07040000000051805	Ripples	0.07040000000051805	8427.184000000001	12.283076346089294	155.6908609299515	870.243573378475	
8427.3704	0.025600000000849832	Ripples	0.025600000000849832	8427.3856	21.624083153981925	158.33038655682816	1398.1435880560045	
8434.3968	0.030399999999644933	Ripples	0.030399999999644933	8434.4168	11.317401026687174	166.78251071741272	1228.3101665088805	
8436.984	0.042400000000270666	Ripples	0.042400000000270666	8436.992	7.172250467495354	153.44412658284077	626.0892483240525	
8437.0864	0.025600000000849832	Ripples	0.025600000000849832	8437.0984	10.570421792548894	154.45909836335008	997.8879212738698	
8437.1576	0.04160000000047148	Ripples	0.04160000000047148	8437.169600000001	10.019584721067332	154.23081535412516	882.6055361079583	
8437.9696	0.046399999999266583	Ripples	0.046399999999266583	8437.992	21.261207590944657	151.40335493749927	1499.489686239817	
8438.8776	0.04800000000068394	Ripples	0.04800000000068394	8438.908800000001	10.356624336231167	143.24136049345083	805.0205866205046	
8440.1928	0.035200000000259024	Ripples	0.035200000000259024	8440.2112	7.680420316518932	152.4303305012624	897.9267505200594	
8440.661600000001	0.02719999999862921	Ripples	0.02719999999862921	8440.6728	8.744601900381877	161.64234507893931	1096.1052423500241	
8445.466400000001	0.04799999999886495	Ripples	0.04799999999886495	8445.4856	13.883552606442185	149.1601592672275	1114.386484444377	
8445.597600000001	0.026399999998830026	Ripples	0.026399999998830026	8445.6056	5.892139422353828	156.39172090006815	705.8817826851887	
8446.9992	0.051199999999880674	Ripples	0.051199999999880674	8447.044	7.802764478763389	156.48568686074228	763.1650860825486	
8447.8168	0.030399999999644933	Ripples	0.030399999999644933	8447.8392	7.865855547491862	155.654107438189	834.9236579032431	
8448.980800000001	0.03679999999985739	Ripples	0.03679999999985739	8448.996000000001	13.920712910838722	157.27480253178976	987.5800428878412	
8452.068000000001	0.05199999999967986	Ripples	0.05199999999967986	8452.0944	19.376805654822007	155.76633967110362	1083.6895058903935	
8456.0152	0.03840000000127475	Ripples	0.03840000000127475	8456.036	37.51332160902797	155.47472279526335	2085.0950040031216	
8468.6224	0.021600000000034925	Ripples	0.021600000000034925	8468.633600000001	10.354791066226992	159.9813631898785	1047.4705508876298	
8473.2296	0.0455999999994674	Ripples	0.0455999999994674	8473.2544	34.38635752758503	149.19247065326647	1864.9969322860989	
8474.92	0.0408000000006723	Ripples	0.0408000000006723	8474.944	27.015971849949562	155.63564384999395	1795.7933443053155	
8475.948	0.040000000000873115	Ripples	0.040000000000873115	8475.9624	33.183077033309964	158.42134438860964	2039.2750139176228	
8476.2528	0.040000000000873115	Ripples	0.040000000000873115	8476.268	34.22567846342183	153.07821750370252	1871.4214113246646	
8477.6496	0.03440000000045984	Ripples	0.03440000000045984	8477.6632	17.113067825520574	161.8460190077366	1469.974963464237	
8478.140800000001	0.030399999999644933	Ripples	0.030399999999644933	8478.1496	5.3284271552088045	161.228307382333	659.6919172258555	
8483.416000000001	0.053599999999278225	Ripples	0.053599999999278225	8483.4336	21.12558831779397	149.46425322597	1338.408909868662	
8484.1608	0.04960000000028231	Ripples	0.04960000000028231	8484.1816	22.822372580264336	152.8383080354493	1536.112458459392	
8485.0984	0.02959999999984575	Ripples	0.02959999999984575	8485.1072	7.934886038877013	150.99054213186014	628.886842911792	
8485.9168	0.032799999999042484	Ripples	0.032799999999042484	8485.932	15.419393679214883	156.5507661645618	1229.0217054139728	
8486.583200000001	0.044799999999668216	Ripples	0.044799999999668216	8486.5952	8.017841232675801	147.17454384515344	711.8591405102321	
8487.0008	0.0408000000006723	Ripples	0.0408000000006723	8487.0192	7.700911187451305	147.54077438637432	688.7090412937105	
8491.068800000001	0.03359999999884167	Ripples	0.03359999999884167	8491.0816	10.344149109487168	151.03481960821696	803.3542025773305	
8492.741600000001	0.02959999999984575	Ripples	0.02959999999984575	8492.749600000001	5.608607892082976	162.08134954044036	741.3197827684196	
8493.9104	0.04160000000047148	Ripples	0.04160000000047148	8493.928	18.139044634235443	158.7215401332387	1190.1566163834245	
8494.308	0.046399999999266583	Ripples	0.046399999999266583	8494.3264	8.747205208684322	149.17384262038263	901.7950069708471	
8495.872800000001	0.02479999999923166	Ripples	0.02479999999923166	8495.888	7.107559933674894	152.7251310560452	799.0671119335277	
8497.5632	0.02959999999984575	Ripples	0.02959999999984575	8497.5848	13.211888023722834	156.4395884569746	1055.274114465392	
8505.3616	0.0591999999996915	Ripples	0.0591999999996915	8505.3984	12.962680689419617	149.18699912775568	781.5343484142184	
8506.6576	0.03360000000066066	Ripples	0.03360000000066066	8506.669600000001	8.978656169860207	150.97187528266141	815.3424938404385	
8508.396	0.07120000000031723	Ripples	0.07120000000031723	8508.4328	39.453738511764904	150.72871673136467	1804.6134092776408	
8516.7104	0.022399999999834108	Ripples	0.022399999999834108	8516.7184	5.994135879713827	155.85004941645659	743.0909652636744	
8519.808	0.04159999999865249	Ripples	0.04159999999865249	8519.816	6.139453813682032	155.4847635290848	759.0006152528999	
8521.2664	0.02479999999923166	Ripples	0.02479999999923166	8521.2808	10.60616375560935	158.79228847183705	1171.5809751858499	
8521.938400000001	0.022399999999834108	Ripples	0.022399999999834108	8521.952800000001	10.601669629392639	164.5814072181242	1038.1938363099443	
8523.1368	0.056000000000494765	Ripples	0.056000000000494765	8523.1632	19.651905333233046	152.3114233444355	1213.9054874511123	
8523.307200000001	0.022399999999834108	Ripples	0.022399999999834108	8523.315200000001	10.919289136053006	158.51875203165577	960.6693147877612	
8524.538400000001	0.03679999999985739	Ripples	0.03679999999985739	8524.5568	12.76264162477345	147.44984499173572	901.9088124195392	
8526.8088	0.0272000000004482	Ripples	0.0272000000004482	8526.828800000001	6.505700200716922	157.54877476030876	832.5191403403646	
8529.184000000001	0.06319999999868742	Ripples	0.06319999999868742	8529.2248	10.847559997701186	143.1244706733129	694.6960800104284	
8534.4312	0.1047999999991589	Ripples	0.1047999999991589	8534.4944	13.739747224860581	148.96685922259672	613.8944721126317	
8535.044	0.02959999999984575	Ripples	0.02959999999984575	8535.0584	7.207827801660073	150.1726419862857	630.7804992025186	
8536.8896	0.03440000000045984	Ripples	0.03440000000045984	8536.900800000001	5.911558518634286	149.17782904119778	466.62774720982355	
8537.0488	0.03919999999925494	Ripples	0.03919999999925494	8537.0672	27.16209626468005	156.5092863523453	1758.2036626192569	
8539.044	0.05680000000029395	Ripples	0.05680000000029395	8539.0744	11.434561326990094	144.4735645099254	701.2999053320173	
8540.5816	0.02960000000166474	Ripples	0.02960000000166474	8540.6	6.186781002142177	151.032389824908	546.6504582447421	
8540.655200000001	0.04159999999865249	Ripples	0.04159999999865249	8540.683200000001	20.121325602344818	158.42258938867832	1579.6579854237768	
8541.688	0.040000000000873115	Ripples	0.040000000000873115	8541.704	9.404212530200446	146.40001023148682	642.8753290590245	
8547.4848	0.028000000000247383	Ripples	0.028000000000247383	8547.4976	9.799943309956186	152.1353652319024	846.258529719315	
8550.276	0.044799999999668216	Ripples	0.044799999999668216	8550.313600000001	5.273824823664407	147.73772949925566	501.0795834455366	
8553.132800000001	0.025599999999030842	Ripples	0.025599999999030842	8553.144	8.399420341600393	154.3327768271806	948.5511636053092	
8553.2816	0.0408000000006723	Ripples	0.0408000000006723	8553.300000000001	9.50016511661893	153.74054093286244	753.7536047538498	
8559.1456	0.05199999999967986	Ripples	0.05199999999967986	8559.1744	13.20003652471952	155.9749330814491	1074.1794101219086	
8562.5328	0.028000000000247383	Ripples	0.028000000000247383	8562.5544	5.06933664022534	166.33118314130374	640.1717269287547	
8564.0576	0.02959999999984575	Ripples	0.02959999999984575	8564.068000000001	8.955488795569131	153.40542589834655	769.012873928429	
8564.1512	0.04160000000047148	Ripples	0.04160000000047148	8564.18	8.907997153404546	156.61542182397096	1126.134098116693	
8569.652	0.03679999999985739	Ripples	0.03679999999985739	8569.6632	7.635478621171705	150.01893419668798	790.557011486079	
8582.472	0.03920000000107393	Ripples	0.03920000000107393	8582.4864	9.37724053266017	156.87796509469067	787.1099604684671	
8586.6664	0.03679999999985739	Ripples	0.03679999999985739	8586.6888	10.16160310858746	149.84745335217767	912.2580737796311	
8615.808	0.053599999999278225	Ripples	0.053599999999278225	8615.8192	15.474091207991272	152.71297117376858	1312.316704398113	
8615.9544	0.026400000000649015	Ripples	0.026400000000649015	8615.9624	7.571192121457691	156.47821680453757	788.4076570966026	
8621.4832	0.023999999999432475	Ripples	0.023999999999432475	8621.4976	18.172987717833465	164.60105883445206	1389.2188925366563	
8622.2384	0.048800000000483124	Ripples	0.048800000000483124	8622.256800000001	22.70582706003188	148.01056092669256	1519.679558112365	
8623.2528	0.03920000000107393	Ripples	0.03920000000107393	8623.268	20.893160598665037	159.73021162749052	1368.0818354469452	
8624.1128	0.03600000000005821	Ripples	0.03600000000005821	8624.1344	28.61654522867989	157.81740801560787	1995.2283000023665	
8625.4688	0.06559999999990396	Ripples	0.06559999999990396	8625.5072	13.335513423121352	146.78525715402102	783.3706797698329	
8628.313600000001	0.06159999999908905	Ripples	0.06159999999908905	8628.34	36.05616031705417	153.82173410257454	1931.7562239230604	
8638.4144	0.04320000000006985	Ripples	0.04320000000006985	8638.4328	33.646390143782014	153.69179848030524	1936.2863477709882	
8640.9968	0.048800000000483124	Ripples	0.048800000000483124	8641.0192	13.832432591607967	151.50637825447134	834.2537988356213	
8641.3608	0.051199999999880674	Ripples	0.051199999999880674	8641.3824	19.792056814006525	142.8574706596913	1070.4722692355078	
8642.270400000001	0.03600000000005821	Ripples	0.03600000000005821	8642.292800000001	8.636198742470162	149.22541421718776	734.2521816937683	
8642.380000000001	0.0319999999992433	Ripples	0.0319999999992433	8642.3856	5.432100696556741	159.49926252207774	612.9911695114755	
8642.727200000001	0.05439999999907741	Ripples	0.05439999999907741	8642.752	11.467436975959519	154.08885510451887	961.2376998204438	
8643.271200000001	0.032799999999042484	Ripples	0.032799999999042484	8643.2968	9.17146226878412	152.43051216902722	802.3248441665995	
8643.545600000001	0.05999999999949068	Ripples	0.05999999999949068	8643.5784	37.47852364362592	149.60008003462448	2014.196175309498	
8644.169600000001	0.028800000000046566	Ripples	0.028800000000046566	8644.188	10.076457353821885	157.23773545237609	1134.8089793755942	
8650.278400000001	0.0455999999994674	Ripples	0.0455999999994674	8650.306400000001	25.517138583871684	150.75787456065441	1462.507779456963	
8651.6816	0.03360000000066066	Ripples	0.03360000000066066	8651.708	8.111285414334226	160.6299172956203	809.3270133680303	
8652.4136	0.05760000000009313	Ripples	0.05760000000009313	8652.4352	18.182401452916437	143.17150057599721	1177.0229413399406	
8652.5872	0.028000000000247383	Ripples	0.028000000000247383	8652.6016	13.072108112340237	155.9525428305144	1129.0358266381447	
8656.3736	0.04399999999986903	Ripples	0.04399999999986903	8656.4104	7.412404456550358	160.12534874324552	742.9227153710992	
8656.6376	0.05520000000069558	Ripples	0.05520000000069558	8656.656	6.337827026621223	149.672488859208	726.5142779707139	
8658.633600000001	0.05519999999887659	Ripples	0.05519999999887659	8658.6792	9.752236777148513	156.90738971417176	718.0176992514722	
8658.84	0.03440000000045984	Ripples	0.03440000000045984	8658.8552	8.49299729866715	156.83339859207507	715.6837458968248	
8659.6872	0.05680000000029395	Ripples	0.05680000000029395	8659.7192	26.69843883559401	153.36726714044414	1809.9586740212528	
8659.8752	0.022399999999834108	Ripples	0.022399999999834108	8659.8912	7.744877837257405	156.50861590806673	798.0095691959067	
8665.2432	0.05040000000008149	Ripples	0.05040000000008149	8665.272	20.92435744937833	146.800897164423	1305.3869967627481	
8666.4712	0.022399999999834108	Ripples	0.022399999999834108	8666.4856	7.180524341915077	152.7913269542398	825.1408016428686	
8675.9904	0.0455999999994674	Ripples	0.0455999999994674	8676.0192	42.43473622740468	152.28227182876407	2207.022608500246	
8677.800000000001	0.032799999999042484	Ripples	0.032799999999042484	8677.812	9.945977833064449	157.17488563169198	1066.6502277219683	
8679.045600000001	0.04159999999865249	Ripples	0.04159999999865249	8679.0648	8.082118525379128	146.722421136752	646.6431689369059	
8679.4256	0.048800000000483124	Ripples	0.048800000000483124	8679.4552	11.09236776479146	154.67229979832106	810.9738579279374	
8679.5576	0.05520000000069558	Ripples	0.05520000000069558	8679.575200000001	8.61900784228878	155.17205624914834	737.6812335652198	
8681.6648	0.04399999999986903	Ripples	0.04399999999986903	8681.684000000001	24.81389044380502	153.10654062918877	1285.598042773436	
8682.9104	0.035200000000259024	Ripples	0.035200000000259024	8682.9216	22.550539733383715	157.84574457826315	1552.2070579679896	
8683.8464	0.05680000000029395	Ripples	0.05680000000029395	8683.8768	20.11066030885521	145.36309157685184	1091.1969403567866	
8688.8856	0.0544000000008964	Ripples	0.0544000000008964	8688.900800000001	18.68620029397817	150.86763412995714	1284.0025978958608	
8689.4856	0.05280000000129803	Ripples	0.05280000000129803	8689.52	21.583381993238483	144.96239937397266	1245.3450598549477	
8690.067200000001	0.05759999999827414	Ripples	0.05759999999827414	8690.0888	34.68094712872881	151.61097137319916	1874.9603235369714	
8698.5928	0.05760000000009313	Ripples	0.05760000000009313	8698.625600000001	20.076190547106314	143.20535583773116	1043.6359550475688	
8701.5712	0.020000000000436557	Ripples	0.020000000000436557	8701.58	5.456489780297004	152.20399256923815	580.7274916505777	
8708.734400000001	0.06719999999950232	Ripples	0.06719999999950232	8708.7752	14.994454295322228	146.9106756318674	839.853250440709	
8710.2024	0.03280000000086147	Ripples	0.03280000000086147	8710.2192	15.877140074257484	165.23502837863794	1547.760062471656	
8711.9424	0.021600000000034925	Ripples	0.021600000000034925	8711.9576	5.5008377591865205	153.9937051999209	611.6986973489138	
8713.038400000001	0.05679999999847496	Ripples	0.05679999999847496	8713.0656	7.590506275285767	147.7705466821813	524.0118011413728	
8720.1752	0.03600000000005821	Ripples	0.03600000000005821	8720.1928	19.86695879958388	153.83617877428725	1296.7685237289763	
8721.2728	0.03919999999925494	Ripples	0.03919999999925494	8721.2904	25.805661324742815	156.11533067330055	1531.0762258297589	
8721.8232	0.028800000000046566	Ripples	0.028800000000046566	8721.8416	9.844847799934819	151.78435911638536	896.5306990005132	
8723.690400000001	0.025599999999030842	Ripples	0.025599999999030842	8723.704	11.957532730033979	161.31310074208946	1146.335118927118	
8725.5872	0.03840000000127475	Ripples	0.03840000000127475	8725.6032	14.969819878127195	150.88237710144114	920.164476855637	
8725.749600000001	0.08799999999973807	Ripples	0.08799999999973807	8725.7728	8.004518709808181	142.59104381203653	827.0035295152206	
8735.272	0.05680000000029395	Ripples	0.05680000000029395	8735.3104	7.515054124848101	147.4392771342111	604.7396795250556	
8739.3464	0.03280000000086147	Ripples	0.03280000000086147	8739.3688	8.15644612352905	152.24042005953996	748.5465927997561	
8741.736	0.08879999999953725	Ripples	0.08879999999953725	8741.8032	8.605185928216141	158.69226151498012	677.4972503447043	
8743.8768	0.028000000000247383	Ripples	0.028000000000247383	8743.8856	5.283727512731393	154.4156568947897	538.0757244694565	
8744.438400000001	0.05199999999967986	Ripples	0.05199999999967986	8744.4832	6.320304986819924	152.85393553940136	689.2833430994954	
8760.0368	0.05280000000129803	Ripples	0.05280000000129803	8760.0616	47.269176943291576	155.32241785878287	2388.339933855148	
8768.133600000001	0.021600000000034925	Ripples	0.021600000000034925	8768.1448	9.951898796907535	158.13409291226688	1058.3623027919339	
8768.4496	0.028000000000247383	Ripples	0.028000000000247383	8768.4632	7.4480303503566425	153.28327307097237	714.2684588816036	
8769.7728	0.06480000000010477	Ripples	0.06480000000010477	8769.7984	22.075924856629385	152.74094598321963	1302.973370930255	
8772.8448	0.022399999999834108	Ripples	0.022399999999834108	8772.8568	5.21411299034158	148.2686267155051	557.9297895226379	
8775.1384	0.04640000000108557	Ripples	0.04640000000108557	8775.16	22.82688845580241	152.3061094928338	1566.7801505332623	
8777.7512	0.056000000000494765	Ripples	0.056000000000494765	8777.763200000001	21.66307288889802	151.7746183650714	1291.9130107783217	
8778.053600000001	0.04159999999865249	Ripples	0.04159999999865249	8778.0648	6.388686697741971	154.82838362811893	635.7563456925299	
8778.284800000001	0.031199999999444117	Ripples	0.031199999999444117	8778.3016	22.46249634501144	155.57063568594558	1587.4425265096293	
8787.4488	0.040000000000873115	Ripples	0.040000000000873115	8787.459200000001	7.211640298269748	158.92653345302801	666.7728994825527	
8800.7104	0.022399999999834108	Ripples	0.022399999999834108	8800.7224	5.448691366435345	150.99181686334617	642.1908557746964	
8805.3456	0.03360000000066066	Ripples	0.03360000000066066	8805.3568	9.802362303730394	158.9682557044408	823.2972031745728	
8805.616	0.025600000000849832	Ripples	0.025600000000849832	8805.6312	12.261703032239245	157.69670122696064	1253.583013735065	
8806.9896	0.05199999999967986	Ripples	0.05199999999967986	8807.010400000001	32.597491524395366	157.7439568942257	2121.5868461219243	
8807.716	0.040000000000873115	Ripples	0.040000000000873115	8807.741600000001	21.212431925694975	150.75018893145872	1351.6227710708395	
8809.76	0.020000000000436557	Ripples	0.020000000000436557	8809.7672	8.683857338445307	163.61108661352833	850.9667916896544	
8809.876	0.03200000000106229	Ripples	0.03200000000106229	8809.893600000001	26.73649911400616	158.33038600527306	1723.0618420442863	
8810.0048	0.05040000000008149	Ripples	0.05040000000008149	8810.0448	21.454213521150816	152.51878214896976	1355.3517819905328	
8810.5328	0.04079999999885331	Ripples	0.04079999999885331	8810.5416	10.05053713297417	152.06517875714582	867.0312478210896	
8810.6512	0.04800000000068394	Ripples	0.04800000000068394	8810.66	16.7135326249029	150.65709034734306	1058.013654765774	
8813.98	0.021600000000034925	Ripples	0.021600000000034925	8813.9912	7.689862064501556	156.5032310939419	697.1312828402574	
8814.24	0.03600000000005821	Ripples	0.03600000000005821	8814.248	6.9212040509793145	151.99109982451384	816.4503942398379	
8822.0648	0.04320000000006985	Ripples	0.04320000000006985	8822.089600000001	30.872927159655735	155.51889956719938	1864.4047191651302	
8824.611200000001	0.09599999999954889	Ripples	0.09599999999954889	8824.6784	10.029890039504764	165.10834879032495	955.1646363653883	
8825.7392	0.0591999999996915	Ripples	0.0591999999996915	8825.7808	16.97281953276407	153.67866624470904	1221.8826777906697	
8827.4104	0.02479999999923166	Ripples	0.02479999999923166	8827.4216	6.648300969626766	153.47772132430893	734.8818476893249	
8829.1224	0.060800000001108856	Ripples	0.060800000001108856	8829.1496	32.14415064496332	152.7836359507535	1891.2118549910701	
8830.28	0.03440000000045984	Ripples	0.03440000000045984	8830.306400000001	5.508289288517753	159.35212034571748	531.5497525467741	
8831.3024	0.030399999999644933	Ripples	0.030399999999644933	8831.314400000001	15.858619013257515	156.57021471319942	1229.6492837340932	
8836.9632	0.04160000000047148	Ripples	0.04160000000047148	8836.9776	16.221177890959314	162.87144627300216	1101.4058351700685	
8842.9608	0.02959999999984575	Ripples	0.02959999999984575	8842.98	9.972700415622668	153.02802848157262	894.0459786433173	
8845.611200000001	0.09679999999934807	Ripples	0.09679999999934807	8845.6224	10.859189750956736	155.99240598156413	818.4267108098327	
8858.8736	0.03440000000045984	Ripples	0.03440000000045984	8858.892	25.354589341155563	160.2153675756911	1835.403218639785	
8864.5592	0.053600000001097214	Ripples	0.053600000001097214	8864.5736	6.622454094610257	165.53253551204298	565.9375378808894	
8886.0	111.0	SleepStates						REM
8998.0	87.0	SleepStates						Awake
9084.083200000001	0.08079999999972642	Ripples	0.08079999999972642	9084.1128	21.61461703412205	144.9524503541171	1225.7118119785514	
9084.184000000001	0.031199999999444117	Ripples	0.031199999999444117	9084.2016	27.316658666083885	160.44592184885806	1836.204295225087	
9086.0	1167.0	SleepStates						Non-REM
9088.7256	0.04560000000128639	Ripples	0.04560000000128639	9088.7528	18.42972203504556	146.44053372309125	952.5351885806353	
9090.028	0.06400000000030559	Ripples	0.06400000000030559	9090.0712	34.752545425684886	152.4371061252564	2014.061744085554	
9091.4856	0.021600000000034925	Ripples	0.021600000000034925	9091.4968	10.451026945638365	155.75689137244592	950.9931982022181	
9093.9936	0.0408000000006723	Ripples	0.0408000000006723	9094.0088	21.752660942295755	157.78614625094391	1630.3218977262638	
9094.1288	0.021600000000034925	Ripples	0.021600000000034925	9094.140800000001	10.939972340341166	160.8212622734664	1089.456565464714	
9095.1776	0.04079999999885331	Ripples	0.04079999999885331	9095.1936	31.901588584718223	152.61133635065644	1726.260700275569	
9095.350400000001	0.04719999999906577	Ripples	0.04719999999906577	9095.384	17.516961967002395	152.85528401262164	1267.111806640782	
9101.4576	0.02080000000023574	Ripples	0.02080000000023574	9101.472	9.269723344809089	164.27466865475	955.2408977073204	
9102.2024	0.08320000000094296	Ripples	0.08320000000094296	9102.26	23.29917858011905	145.65117014641464	1160.9203567944514	
9102.4096	0.03440000000045984	Ripples	0.03440000000045984	9102.4184	6.643607201974083	150.85375825554706	677.1360102576525	
9102.683200000001	0.06079999999928987	Ripples	0.06079999999928987	9102.7144	11.80458977034015	149.70808684764017	914.1976980019939	
9105.8264	0.040000000000873115	Ripples	0.040000000000873115	9105.8448	17.39656549374083	153.54270927633522	1210.1967508640153	
9119.1416	0.035200000000259024	Ripples	0.035200000000259024	9119.1656	34.58630448586271	158.70887137741173	2026.578545769064	
9127.728000000001	0.06559999999990396	Ripples	0.06559999999990396	9127.7648	33.006873252547614	149.76055761187294	1836.270016869642	
9128.9576	0.05760000000009313	Ripples	0.05760000000009313	9128.9896	25.91992204254862	146.3559425046213	1407.090536804482	
9134.3472	0.040000000000873115	Ripples	0.040000000000873115	9134.3688	19.079186813104233	148.89643492443545	1414.6993189749392	
9137.6888	0.04640000000108557	Ripples	0.04640000000108557	9137.713600000001	10.043926643666852	144.8104469340986	950.0111935076593	
9144.6008	0.037599999999656575	Ripples	0.037599999999656575	9144.62	37.30180178091069	157.81394243202055	1993.7462325957072	
9145.1632	0.04320000000006985	Ripples	0.04320000000006985	9145.1816	29.942545319665726	156.26680101269108	1905.3938815753904	
9145.3232	0.04399999999986903	Ripples	0.04399999999986903	9145.36	8.971064816362942	154.1283624239089	871.702616155826	
9147.68	0.026400000000649015	Ripples	0.026400000000649015	9147.6856	6.036851871809723	159.36238211348996	691.5850136111377	
9147.806400000001	0.03439999999864085	Ripples	0.03439999999864085	9147.829600000001	5.179642743579024	148.8618683938787	602.0519811277665	
9147.9608	0.023199999999633292	Ripples	0.023199999999633292	9147.9688	6.877425703961989	150.81491396328246	704.1544190341381	
9152.2504	0.05519999999887659	Ripples	0.05519999999887659	9152.28	15.154947041030718	150.47369984219446	955.9105963057257	
9152.9936	0.040000000000873115	Ripples	0.040000000000873115	9153.008	14.604531171888002	153.09950218446613	1034.667296357146	
9153.0928	0.0272000000004482	Ripples	0.0272000000004482	9153.104800000001	5.254780673694392	148.78831082871181	465.72289892641055	
9154.720800000001	0.048799999998664134	Ripples	0.048799999998664134	9154.748800000001	20.54224623507767	143.3741877222677	1311.1868837961786	
9157.1704	0.06319999999868742	Ripples	0.06319999999868742	9157.2	6.818258728593194	149.44242020685857	662.8386502683957	
9157.968	0.021600000000034925	Ripples	0.021600000000034925	9157.981600000001	8.544431096352596	157.94985252436734	948.9168499325538	
9162.7904	0.04640000000108557	Ripples	0.04640000000108557	9162.8256	23.811984460640087	154.55106912838363	1336.3084776060273	
9167.0448	0.02960000000166474	Ripples	0.02960000000166474	9167.0632	42.121519367017186	160.66699308322876	2101.8042872020296	
9172.436800000001	0.06559999999990396	Ripples	0.06559999999990396	9172.460000000001	25.835397180141637	148.72154324679627	1566.6800063309354	
9179.232	0.03440000000045984	Ripples	0.03440000000045984	9179.256000000001	6.956249144337483	148.41223763609182	669.7600408947371	
9180.2984	0.0544000000008964	Ripples	0.0544000000008964	9180.328800000001	14.054691855431766	141.51367003438992	841.2911060903891	
9181.9184	0.04160000000047148	Ripples	0.04160000000047148	9181.94	31.066886247018406	152.42229311543406	1872.5829500213279	
9183.44	0.035200000000259024	Ripples	0.035200000000259024	9183.4648	12.40562765232817	154.41427320882246	1055.5107029234705	
9190.8376	0.11999999999898137	Ripples	0.11999999999898137	9190.8664	32.84921118445798	151.45518416717238	2049.123290350175	
9199.2824	0.04800000000068394	Ripples	0.04800000000068394	9199.2968	19.0239796974518	154.4027917319726	1134.5866944512065	
9201.5424	0.040000000000873115	Ripples	0.040000000000873115	9201.560800000001	39.285319389611125	154.9847190691607	1967.0833049738267	
9202.04	0.0272000000004482	Ripples	0.0272000000004482	9202.0504	13.525730166993853	162.86589377980832	1272.137160514647	
9204.9048	0.04800000000068394	Ripples	0.04800000000068394	9204.923200000001	21.081739134624325	152.6652652743071	1377.1504028577035	
9206.492	0.047200000000884756	Ripples	0.047200000000884756	9206.510400000001	25.757417095443493	150.6645886588605	1613.9258427276	
9206.937600000001	0.039999999999054126	Ripples	0.039999999999054126	9206.959200000001	38.79786741865279	155.00507086140217	2151.6383880222584	
9216.981600000001	0.0455999999994674	Ripples	0.0455999999994674	9217.002400000001	23.795595146952824	149.6675739318194	1230.3431111221182	
9218.384	0.040000000000873115	Ripples	0.040000000000873115	9218.4128	31.476190035520776	154.7917841972911	1702.3193831657504	
9219.764000000001	0.037599999999656575	Ripples	0.037599999999656575	9219.7944	6.0758560130404335	164.27932753893845	551.9689100754367	
9219.8824	0.0408000000006723	Ripples	0.0408000000006723	9219.893600000001	11.737459035343822	158.47639463942235	949.3163338803981	
9225.9616	0.05439999999907741	Ripples	0.05439999999907741	9225.9824	6.551542016709196	141.17762061390854	426.8435461424101	
9226.2432	0.04399999999986903	Ripples	0.04399999999986903	9226.2592	20.806493403612286	151.3495739605189	1199.5249713818516	
9228.4568	0.053600000001097214	Ripples	0.053600000001097214	9228.4656	10.067996413031123	159.46357560102183	872.4928712771496	
9228.6096	0.04320000000006985	Ripples	0.04320000000006985	9228.6248	14.141699677856161	155.63412158098095	1043.852730108574	
9234.036	0.037599999999656575	Ripples	0.037599999999656575	9234.0472	7.842472044770985	153.53202450666413	840.008725772516	
9236.8624	0.03440000000045984	Ripples	0.03440000000045984	9236.8776	17.714928712108915	154.65252385861717	1230.1104901523086	
9237.212800000001	0.055999999998675776	Ripples	0.055999999998675776	9237.232	26.955801409834645	150.42338518992435	1426.7241172119086	
9241.0624	0.05279999999947904	Ripples	0.05279999999947904	9241.0872	33.03233498307072	151.15017983151756	1939.4771795800264	
9242.068000000001	0.03600000000005821	Ripples	0.03600000000005821	9242.0848	5.825486913610177	157.00721175053107	453.87065739545517	
9242.235200000001	0.06799999999930151	Ripples	0.06799999999930151	9242.277600000001	13.167531817085864	151.0893114159593	917.328350608552	
9243.154400000001	0.035199999998440035	Ripples	0.035199999998440035	9243.168	10.186151122343976	154.37619283646404	980.0035608945186	
9246.8952	0.030399999999644933	Ripples	0.030399999999644933	9246.912	23.147940687814927	162.70974009917177	1713.0985251160482	
9249.7096	0.0272000000004482	Ripples	0.0272000000004482	9249.720000000001	11.303943987927617	159.46807421771584	1177.9742373707234	
9252.075200000001	0.046399999999266583	Ripples	0.046399999999266583	9252.1032	22.324196331294363	152.2658555941447	1491.2465223176123	
9252.8096	0.028000000000247383	Ripples	0.028000000000247383	9252.8336	5.67884071414526	161.72370657620306	563.49678276686	
9262.0352	0.0904000000009546	Ripples	0.0904000000009546	9262.0776	37.92291156806366	151.15387933203817	2165.8237441511096	
9262.152	0.030399999999644933	Ripples	0.030399999999644933	9262.1608	6.744066880364402	156.6840537973821	591.1222673960414	
9263.3232	0.06400000000030559	Ripples	0.06400000000030559	9263.3336	5.935005985284566	164.01934994325552	443.53738599650706	
9285.452000000001	0.04079999999885331	Ripples	0.04079999999885331	9285.467200000001	17.961044710111956	148.97953296542778	1155.596985899036	
9285.6504	0.051199999999880674	Ripples	0.051199999999880674	9285.6704	24.182700136759177	148.95852287071975	1465.0885867359793	
9289.9176	0.0272000000004482	Ripples	0.0272000000004482	9289.936800000001	5.060960800894309	144.41911532820376	595.6777556934795	
9291.4128	0.02959999999984575	Ripples	0.02959999999984575	9291.4344	13.105189468998153	156.17897775700564	1135.9504764373962	
9296.451200000001	0.025599999999030842	Ripples	0.025599999999030842	9296.466400000001	6.6860489398593765	152.24766603180467	688.9691209507142	
9298.1288	0.0455999999994674	Ripples	0.0455999999994674	9298.1672	5.892913052925803	155.61410347377742	770.6895404758557	
9298.6496	0.05199999999967986	Ripples	0.05199999999967986	9298.672	16.886989476808616	149.7127842702224	973.3309182004623	
9300.124	0.04560000000128639	Ripples	0.04560000000128639	9300.1448	49.41371596594414	155.5238176517866	2341.408445940598	
9300.313600000001	0.04079999999885331	Ripples	0.04079999999885331	9300.335200000001	35.69317794358793	155.7580321551008	1993.4164712506367	
9300.4344	0.0408000000006723	Ripples	0.0408000000006723	9300.4536	14.141527334561484	151.41014019609173	857.6798268154607	
9300.7088	0.03440000000045984	Ripples	0.03440000000045984	9300.736	5.231570546550657	154.3528546818491	502.71251839311327	
9300.972	0.0544000000008964	Ripples	0.0544000000008964	9300.9864	22.36372275531496	149.83351894362087	1470.177874739559	
9302.228000000001	0.0319999999992433	Ripples	0.0319999999992433	9302.24	8.46614782830472	147.88585003598936	795.7092136388655	
9302.938400000001	0.06719999999950232	Ripples	0.06719999999950232	9302.9648	15.483442305801463	165.62637113301892	967.4329644770892	
9306.1056	0.03919999999925494	Ripples	0.03919999999925494	9306.1248	43.966908999514324	157.80446829148806	2353.4044651434733	
9322.796	0.048800000000483124	Ripples	0.048800000000483124	9322.822400000001	11.323488113045116	146.17285196898956	828.2526323591381	
9323.7896	0.05279999999947904	Ripples	0.05279999999947904	9323.8008	15.083149382538366	162.25546211257097	1089.9367233142964	
9324.2824	0.047200000000884756	Ripples	0.047200000000884756	9324.304	18.790593045172223	153.64986064817776	1144.1694291287536	
9327.459200000001	0.04959999999846332	Ripples	0.04959999999846332	9327.4984	6.516542675927405	150.4122370331244	668.3800653736614	
9333.191200000001	0.04799999999886495	Ripples	0.04799999999886495	9333.2104	28.543944205277906	155.87705315779866	1755.7737618868764	
9336.683200000001	0.022399999999834108	Ripples	0.022399999999834108	9336.698400000001	6.432745683419202	153.35907234780342	754.3659942911517	
9338.5336	0.05199999999967986	Ripples	0.05199999999967986	9338.548	14.093552000756048	155.67528465612384	1133.4777865813107	
9338.9576	0.04800000000068394	Ripples	0.04800000000068394	9338.988800000001	23.279983734576817	152.59847545870284	1684.3045417690046	
9339.690400000001	0.04399999999986903	Ripples	0.04399999999986903	9339.708	30.700300891099058	159.86291413967942	2030.8748764541856	
9360.879200000001	0.04799999999886495	Ripples	0.04799999999886495	9360.888	5.701747519632149	163.69783950238312	637.3830413380117	
9373.3384	0.03839999999945576	Ripples	0.03839999999945576	9373.3592	40.795134119212975	157.35404877149384	2326.7419790843305	
9378.668800000001	0.023199999999633292	Ripples	0.023199999999633292	9378.6808	6.116985425998828	148.7681754443738	543.9243144905153	
9381.1704	0.04160000000047148	Ripples	0.04160000000047148	9381.1968	9.64531240620396	147.54020197779735	793.7405211542759	
9383.276	0.028800000000046566	Ripples	0.028800000000046566	9383.2984	6.101154705882168	156.57439743206947	619.9094037050903	
9383.3816	0.030399999999644933	Ripples	0.030399999999644933	9383.393600000001	5.666095861810182	148.48030125350448	669.8222511785787	
9383.7288	0.02080000000023574	Ripples	0.02080000000023574	9383.74	9.280236995698377	158.61368154481443	849.5426314717981	
9385.0576	0.02959999999984575	Ripples	0.02959999999984575	9385.0728	9.903030075939657	154.30808696435065	927.497553502703	
9385.636	0.0864000000001397	Ripples	0.0864000000001397	9385.704	14.782655455362006	146.36003592878828	1106.0773913788892	
9387.744	0.05279999999947904	Ripples	0.05279999999947904	9387.76	21.69239243698604	150.9843100289147	1333.8341137948505	
9387.8912	0.04160000000047148	Ripples	0.04160000000047148	9387.9104	7.349516200814421	140.46982521516028	578.7150559188755	
9392.8328	0.026400000000649015	Ripples	0.026400000000649015	9392.8448	11.658312477419996	155.89039855888538	952.7246762286268	
9393.2296	0.048800000000483124	Ripples	0.048800000000483124	9393.244	10.153839556832816	155.46023856611282	860.9152609410768	
9395.3608	0.042400000000270666	Ripples	0.042400000000270666	9395.3824	12.492226659700917	148.50201002784212	1049.2200316976487	
9400.4728	0.022400000001653098	Ripples	0.022400000001653098	9400.4848	10.13968026990844	157.56166603026458	861.537727207477	
9416.697600000001	0.028799999998227577	Ripples	0.028799999998227577	9416.7152	7.402807003880141	153.50961998911248	817.7253958655275	
9417.604000000001	0.02479999999923166	Ripples	0.02479999999923166	9417.618400000001	9.531150119842122	155.85567140085723	948.5337850977884	
9423.0768	0.03839999999945576	Ripples	0.03839999999945576	9423.1008	29.03739332017399	153.82468395722415	1632.0916230468092	
9424.8272	0.0544000000008964	Ripples	0.0544000000008964	9424.864	27.11404467521438	147.53381442422085	1639.2696350944962	
9425.553600000001	0.03439999999864085	Ripples	0.03439999999864085	9425.5712	18.473844701938624	150.58795913903688	1353.4842805892947	
9426.0224	0.03360000000066066	Ripples	0.03360000000066066	9426.045600000001	9.065970853010027	144.9381359554459	754.5103948330517	
9426.34	0.047200000000884756	Ripples	0.047200000000884756	9426.3624	21.003983554932432	151.7716999951568	1395.5112069270072	
9428.096800000001	0.04320000000006985	Ripples	0.04320000000006985	9428.125600000001	26.660851990142564	151.1560319396062	1627.2403492609706	
9438.444800000001	0.035199999998440035	Ripples	0.035199999998440035	9438.460000000001	29.047365101797777	156.39484204676117	1792.8613811438734	
9443.6416	0.023199999999633292	Ripples	0.023199999999633292	9443.6496	8.123298293639479	152.92757073719795	780.1113895864545	
9443.8272	0.04560000000128639	Ripples	0.04560000000128639	9443.836000000001	7.904952984749732	151.193788617992	592.6135937492221	
9449.948	0.0544000000008964	Ripples	0.0544000000008964	9449.9832	13.372349018319301	151.8945268586629	840.8948350662696	
9451.664	0.044799999999668216	Ripples	0.044799999999668216	9451.6824	8.28204640266069	147.69671417955647	695.3320414613131	
9455.792000000001	0.06799999999930151	Ripples	0.06799999999930151	9455.8184	5.503204483897194	137.0896543811187	335.3484553063253	
9464.386400000001	0.06319999999868742	Ripples	0.06319999999868742	9464.424	24.693557844117542	146.23905333296594	1334.6596348263888	
9464.808	0.07359999999971478	Ripples	0.07359999999971478	9464.852	16.30319997739859	148.7891444067577	958.8197059437632	
9470.1504	0.05520000000069558	Ripples	0.05520000000069558	9470.18	23.118072723573675	147.9089204525179	1315.6982899527702	
9474.04	0.04719999999906577	Ripples	0.04719999999906577	9474.0768	17.593379881393542	153.55080493295603	1312.3471892979637	
9474.1216	0.09200000000055297	Ripples	0.09200000000055297	9474.184000000001	26.6725198483939	149.44912384928537	1467.9400005547768	
9476.900800000001	0.04079999999885331	Ripples	0.04079999999885331	9476.915200000001	17.62701067615137	149.46577838154485	1180.4288464868946	
9482.597600000001	0.037599999999656575	Ripples	0.037599999999656575	9482.611200000001	36.585390358107794	162.3920799786799	2137.765541768746	
9486.78	0.02959999999984575	Ripples	0.02959999999984575	9486.8016	9.059717463094664	159.0892682986749	791.7855796780664	
9493.5792	0.04320000000006985	Ripples	0.04320000000006985	9493.597600000001	22.70923374099258	151.8846934539887	1344.2234634176427	
9497.400800000001	0.04320000000006985	Ripples	0.04320000000006985	9497.4248	9.157322810723176	148.38421353640666	682.8277096615124	
9499.9648	0.05520000000069558	Ripples	0.05520000000069558	9499.9912	13.142427194562998	143.09085657839623	919.5962900074142	
9507.6096	0.021600000000034925	Ripples	0.021600000000034925	9507.624	12.359276636697166	159.87157379087049	1025.5655772278744	
9507.806400000001	0.025599999999030842	Ripples	0.025599999999030842	9507.821600000001	25.23285306130236	161.60739344236603	1511.9478039120465	
9507.894400000001	0.053599999999278225	Ripples	0.053599999999278225	9507.938400000001	6.822333098374159	153.69680319099353	905.513910635095	
9517.8528	0.02959999999984575	Ripples	0.02959999999984575	9517.8752	5.688171778987823	154.65969737299875	613.0422508407695	
9519.4928	0.06960000000071886	Ripples	0.06960000000071886	9519.516	6.363986149869922	143.65390883200428	445.14792621280856	
9520.4896	0.05279999999947904	Ripples	0.05279999999947904	9520.531200000001	14.25611707154792	152.15948055282553	968.9441455417522	
9525.5568	0.035200000000259024	Ripples	0.035200000000259024	9525.583200000001	9.497721813795291	151.34932216399426	851.1330542125639	
9528.205600000001	0.04320000000006985	Ripples	0.04320000000006985	9528.2376	21.228134590743437	151.46305841330977	1373.5625057937891	
9528.3552	0.04800000000068394	Ripples	0.04800000000068394	9528.3736	37.20740036612572	152.4026205623827	2027.0825630451666	
9530.4928	0.0408000000006723	Ripples	0.0408000000006723	9530.5272	6.874507496032502	152.2770973082783	612.7894844561399	
9539.968	0.05680000000029395	Ripples	0.05680000000029395	9540.0072	29.57706633179648	145.81703253778795	1684.8606030009682	
9540.118400000001	0.04959999999846332	Ripples	0.04959999999846332	9540.1448	5.33932738493262	155.33162890545398	400.6292090261027	
9551.7592	0.03839999999945576	Ripples	0.03839999999945576	9551.78	25.816114770071827	158.04235726849143	1805.4857719970323	
9559.016	0.048800000000483124	Ripples	0.048800000000483124	9559.031200000001	18.81599511473772	150.7978183093523	1216.4426052076433	
9560.352	0.042400000000270666	Ripples	0.042400000000270666	9560.3824	9.302548705915807	148.4906506509994	704.0201200680835	
9560.625600000001	0.028800000000046566	Ripples	0.028800000000046566	9560.648000000001	5.933866139381939	158.29645386822978	793.544075473293	
9560.74	0.053600000001097214	Ripples	0.053600000001097214	9560.748800000001	5.395300868975342	163.21506441211426	563.3569535827576	
9562.6632	0.0319999999992433	Ripples	0.0319999999992433	9562.6856	12.448946848873934	160.25941343942938	1090.328424237944	
9563.588	0.05520000000069558	Ripples	0.05520000000069558	9563.6144	24.833747782606487	144.93073711900362	1404.5991185973578	
9565.7408	0.030400000001463923	Ripples	0.030400000001463923	9565.7608	6.538720115672456	147.3252549967149	675.9958959448817	
9581.2888	0.025600000000849832	Ripples	0.025600000000849832	9581.3048	10.41794762038159	157.63453305411625	930.5844273403051	
9581.4056	0.031200000001263106	Ripples	0.031200000001263106	9581.4256	6.259303209555335	144.55773808709722	606.9641248275558	
9587.2864	0.04719999999906577	Ripples	0.04719999999906577	9587.2984	14.52620347310092	153.04771882203465	1149.5746880775853	
9592.328800000001	0.031199999999444117	Ripples	0.031199999999444117	9592.342400000001	22.591376219010208	162.03164298173516	1736.9098396041966	
9592.4248	0.0408000000006723	Ripples	0.0408000000006723	9592.436800000001	10.782171862723173	150.97585661061768	937.5800411462538	
9594.7976	0.06400000000030559	Ripples	0.06400000000030559	9594.836800000001	18.92329601369923	147.011332357957	993.4687266695536	
9594.996000000001	0.09919999999874562	Ripples	0.09919999999874562	9595.0208	32.266068303005156	146.985168494206	1492.7720339979358	
9595.208	0.031199999999444117	Ripples	0.031199999999444117	9595.219200000001	21.518085727501898	161.7342069944293	1561.4200896258847	
9596.588	0.026400000000649015	Ripples	0.026400000000649015	9596.6	5.16140778956097	147.19753746281555	643.849938149506	
9597.2544	0.025600000000849832	Ripples	0.025600000000849832	9597.2592	5.669437913359611	165.73406278349714	605.7661648411918	
9609.132	0.04960000000028231	Ripples	0.04960000000028231	9609.1752	6.037794383642414	153.8447519046507	716.7829628136301	
9609.2152	0.04160000000047148	Ripples	0.04160000000047148	9609.24	14.826590589325457	151.45667790049222	1381.4685093059607	
9617.8112	0.035200000000259024	Ripples	0.035200000000259024	9617.8264	24.143886928075617	150.98838490821305	1443.632982864881	
9617.9864	0.028000000000247383	Ripples	0.028000000000247383	9618.0072	5.779891330352821	166.11932276832343	669.9353810167487	
9677.6784	0.02959999999984575	Ripples	0.02959999999984575	9677.6864	5.68368414704832	154.5373533510991	622.4970968347129	
9683.256800000001	0.03839999999945576	Ripples	0.03839999999945576	9683.2736	30.232323863126933	159.1584332280756	1722.1181849335546	
9683.332	0.0408000000006723	Ripples	0.0408000000006723	9683.351200000001	13.624966635801318	148.49266039117808	880.3304396179146	
9687.2536	0.03920000000107393	Ripples	0.03920000000107393	9687.2688	19.268684865475976	150.83655123329288	1190.840937934268	
9690.8784	0.04640000000108557	Ripples	0.04640000000108557	9690.8992	22.806140866846235	154.41574489373434	1254.150664397821	
9692.851200000001	0.05040000000008149	Ripples	0.05040000000008149	9692.8696	16.21101063413808	162.45685616187177	1027.7134161491972	
9695.5992	0.025599999999030842	Ripples	0.025599999999030842	9695.6136	5.666037251671091	151.7195493960415	640.6254066791087	
9695.735200000001	0.028800000000046566	Ripples	0.028800000000046566	9695.749600000001	10.647727047613515	152.11325077134805	1018.7738029646935	
9696.656	0.028800000000046566	Ripples	0.028800000000046566	9696.6744	9.737277854378991	153.5411217909613	960.8387271718651	
9700.9312	0.044799999999668216	Ripples	0.044799999999668216	9700.9568	25.72809818952976	148.85889259992558	1421.833885062864	
9701.6008	0.06240000000070722	Ripples	0.06240000000070722	9701.6168	21.92547055433019	153.35401121913006	1310.6387460728165	
9710.7504	0.039999999999054126	Ripples	0.039999999999054126	9710.7816	18.59456679443707	153.68170929557047	1292.8852336066561	
9710.848	0.03600000000005821	Ripples	0.03600000000005821	9710.865600000001	15.488263891043687	152.17263528636593	1182.228889290222	
9712.567200000001	0.035199999998440035	Ripples	0.035199999998440035	9712.5952	6.8148839082716535	156.31763686646175	671.6872275926537	
9712.676800000001	0.028000000000247383	Ripples	0.028000000000247383	9712.688	20.54066491326695	157.69385253559466	1489.1343691524582	
9715.5552	0.04160000000047148	Ripples	0.04160000000047148	9715.5872	9.320523150937904	156.51616165145347	733.986084080965	
9721.5448	0.0544000000008964	Ripples	0.0544000000008964	9721.581600000001	30.919348521030365	152.9070631358117	1654.9194620244905	
9724.445600000001	0.039999999999054126	Ripples	0.039999999999054126	9724.4688	9.748620689329439	153.66966919729177	848.852943859604	
9726.9712	0.04399999999986903	Ripples	0.04399999999986903	9726.9864	28.91418541928366	155.92108660772743	1784.9131680631754	
9731.7104	0.021600000000034925	Ripples	0.021600000000034925	9731.7216	6.7764717059046315	157.5970665094287	867.2986425928265	
9738.1488	0.04160000000047148	Ripples	0.04160000000047148	9738.164	27.22857910653433	155.73558056709808	1740.1535069951206	
9739.4616	0.051199999999880674	Ripples	0.051199999999880674	9739.495200000001	21.195208171969288	148.23923378452753	1346.5627664697722	
9741.5048	0.037599999999656575	Ripples	0.037599999999656575	9741.52	6.769210858895864	148.05512956003665	638.9103983291852	
9743.296	0.04320000000006985	Ripples	0.04320000000006985	9743.314400000001	29.533911601871118	152.93031937696475	1824.6943203315088	
9743.4128	0.04560000000128639	Ripples	0.04560000000128639	9743.432	40.14342176158393	157.00268015421048	2405.864426543265	
9744.428	0.020000000000436557	Ripples	0.020000000000436557	9744.4416	12.911570908615762	164.19398278370198	1020.834611993595	
9744.5432	0.03840000000127475	Ripples	0.03840000000127475	9744.5704	7.72975586762211	152.01928786780607	572.4311353420524	
9749.7392	0.02080000000023574	Ripples	0.02080000000023574	9749.7528	13.728275968904448	163.20989563489908	1124.412096097985	
9751.763200000001	0.05999999999949068	Ripples	0.05999999999949068	9751.7936	11.946759307784514	153.9936362754859	812.7444510035964	
9752.588	0.02480000000105065	Ripples	0.02480000000105065	9752.6024	9.422314372987106	161.19065703915214	1076.5691533158024	
9754.7016	0.04800000000068394	Ripples	0.04800000000068394	9754.728000000001	29.473007535823317	148.79079859319776	1610.904631452956	
9754.806400000001	0.03919999999925494	Ripples	0.03919999999925494	9754.8232	24.596033705111502	158.29338283997672	1920.8413972726307	
9760.4112	0.028800000000046566	Ripples	0.028800000000046566	9760.429600000001	36.19259178776909	162.0724425417121	1883.9169134051642	
9760.568800000001	0.04320000000006985	Ripples	0.04320000000006985	9760.589600000001	24.057177242720837	148.72683041797154	1352.7742302787576	
9767.2576	0.02959999999984575	Ripples	0.02959999999984575	9767.276	13.4610442293795	155.84502312056222	1017.8618646669436	
9767.5056	0.03280000000086147	Ripples	0.03280000000086147	9767.5232	6.621349908153072	139.43125832999942	610.3510783922086	
9770.4992	0.047200000000884756	Ripples	0.047200000000884756	9770.510400000001	6.01847719653797	153.3488854274787	816.2000745334844	
9770.6312	0.030400000001463923	Ripples	0.030400000001463923	9770.6424	5.880796254747858	158.23394885500144	645.1083586685096	
9780.8392	0.02479999999923166	Ripples	0.02479999999923166	9780.850400000001	14.04817598159049	161.00444637587145	1279.1890996474447	
9787.0856	0.031199999999444117	Ripples	0.031199999999444117	9787.1	12.725932478789833	165.15410831562056	1335.1254354151497	
9791.590400000001	0.04799999999886495	Ripples	0.04799999999886495	9791.612000000001	16.347482287295062	149.20939447391072	1127.4701343834372	
9791.7	0.035200000000259024	Ripples	0.035200000000259024	9791.7176	38.156393002962034	156.59436642812219	2030.8519798628486	
9794.342400000001	0.037599999999656575	Ripples	0.037599999999656575	9794.356	17.942787338192325	154.9573729290125	1309.334781249721	
9800.5712	0.028800000000046566	Ripples	0.028800000000046566	9800.581600000001	5.458096834312986	157.06679804440054	684.7216563273383	
9801.3768	0.020000000000436557	Ripples	0.020000000000436557	9801.3904	7.49571521188848	162.52407267901853	812.4392980540654	
9803.888	0.06400000000030559	Ripples	0.06400000000030559	9803.923200000001	26.377278599312703	148.9493753753422	1237.9976037756371	
9806.656	0.04160000000047148	Ripples	0.04160000000047148	9806.6744	9.9655380320502	153.27641879530455	815.3890130128227	
9811.5272	0.044799999999668216	Ripples	0.044799999999668216	9811.546400000001	21.194453793538553	148.50673246332414	1294.3634613066731	
9812.5496	0.03920000000107393	Ripples	0.03920000000107393	9812.5648	30.86613486080638	154.3975864548841	1731.0338881506673	
9813.9128	0.037599999999656575	Ripples	0.037599999999656575	9813.945600000001	7.489459452565474	161.32338178502977	861.4237512891945	
9826.3488	0.02959999999984575	Ripples	0.02959999999984575	9826.3704	11.845343960411922	155.41360840662347	1103.6324485588138	
9827.444800000001	0.02959999999984575	Ripples	0.02959999999984575	9827.452800000001	10.291973094504721	153.33924175028145	820.1686737057424	
9836.5944	0.047200000000884756	Ripples	0.047200000000884756	9836.616	6.7467669229616325	151.52910858820294	519.5356438293559	
9837.886400000001	0.0319999999992433	Ripples	0.0319999999992433	9837.9048	20.461611982181925	155.04276900701373	1370.4402276046324	
9839.8344	0.05280000000129803	Ripples	0.05280000000129803	9839.8488	25.15465580666422	150.33006670687473	1509.0995613137327	
9846.696	0.028000000000247383	Ripples	0.028000000000247383	9846.713600000001	23.614045526684016	161.00468168241028	1555.6730236453504	
9849.2376	0.1000000000003638	Ripples	0.1000000000003638	9849.249600000001	7.124824977548102	153.60913001270686	727.2553433339631	
9849.401600000001	0.03839999999945576	Ripples	0.03839999999945576	9849.4192	20.706911295990174	153.48735980525672	1355.3374402377149	
9859.6816	0.048800000000483124	Ripples	0.048800000000483124	9859.6928	11.369289207324035	156.22172850837657	788.2248308787653	
9859.821600000001	0.0455999999994674	Ripples	0.0455999999994674	9859.836800000001	11.5578694634357	158.04643677980823	1016.2141893971828	
9859.922400000001	0.028800000000046566	Ripples	0.028800000000046566	9859.9408	6.487964839114966	154.16973042512282	831.9534210781663	
9867.849600000001	0.046399999999266583	Ripples	0.046399999999266583	9867.8736	6.189262670584568	148.30718455130923	648.2723431065772	
9868.081600000001	0.023999999999432475	Ripples	0.023999999999432475	9868.0944	5.699453220051888	142.26728165434002	598.3646053461655	
9869.2576	0.026399999998830026	Ripples	0.026399999998830026	9869.2696	13.498256101012847	157.02079524373227	1152.7324209592957	
9872.684000000001	0.023199999999633292	Ripples	0.023199999999633292	9872.699200000001	7.139386433454219	152.43016161786855	525.5414152308243	
9877.68	0.03679999999985739	Ripples	0.03679999999985739	9877.6944	9.9398504975977	156.1218673777813	746.605130273515	
9880.387200000001	0.025599999999030842	Ripples	0.025599999999030842	9880.3984	8.71636268610066	155.42426334609556	724.5349127479532	
9880.517600000001	0.026399999998830026	Ripples	0.026399999998830026	9880.5256	10.98720019366888	157.67536874376628	901.1818198032757	
9888.132800000001	0.04159999999865249	Ripples	0.04159999999865249	9888.148000000001	27.22047428723552	151.73258797222402	1605.831559240197	
9909.452000000001	0.04719999999906577	Ripples	0.04719999999906577	9909.4704	29.667347356903605	154.40059930498506	1669.2164244481996	
9911.916000000001	0.08879999999953725	Ripples	0.08879999999953725	9911.967200000001	16.544758387400474	154.13665948069325	1003.6464536922938	
9917.916000000001	0.03600000000005821	Ripples	0.03600000000005821	9917.936800000001	33.86306447414098	160.64678692398763	2206.027752553401	
9918.1104	0.05200000000149885	Ripples	0.05200000000149885	9918.1288	12.568577598288625	148.85975434064383	938.0275219041272	
9919.0088	0.08320000000094296	Ripples	0.08320000000094296	9919.044	7.329685478476692	164.95832252901616	522.3674089390357	
9920.2872	0.0272000000004482	Ripples	0.0272000000004482	9920.3048	24.64138827953893	162.56780319493865	1555.1052586345295	
9922.5728	0.030400000001463923	Ripples	0.030400000001463923	9922.588	5.707890722324879	150.98173000686813	565.6413202138546	
9923.046400000001	0.0591999999996915	Ripples	0.0591999999996915	9923.076000000001	20.768009207356062	148.75104698115305	1196.6004337171962	
9928.756800000001	0.03359999999884167	Ripples	0.03359999999884167	9928.7696	7.426761282649937	144.67617752216142	480.5342961079881	
9929.3552	0.02959999999984575	Ripples	0.02959999999984575	9929.3768	9.745462902978366	154.67851800521106	791.5102436183519	
9947.002400000001	0.06159999999908905	Ripples	0.06159999999908905	9947.038400000001	39.38690166499586	155.58881173516696	1863.4049401570412	
9955.082400000001	0.035199999998440035	Ripples	0.035199999998440035	9955.097600000001	12.614408699024768	152.94265944476032	1160.1182755391196	
9958.6944	0.02959999999984575	Ripples	0.02959999999984575	9958.712800000001	6.032163924111986	147.3957359752065	640.544779312045	
9994.611200000001	0.06159999999908905	Ripples	0.06159999999908905	9994.662400000001	13.731322872312692	152.24737975994842	1046.7052405077723	
9996.428	0.04560000000128639	Ripples	0.04560000000128639	9996.436	8.723879320555346	157.33483479241218	827.0519461796954	
10006.0952	0.06559999999990396	Ripples	0.06559999999990396	10006.128	19.6951121202917	140.83407658752446	1106.3623966553453	
10006.8856	0.037600000001475564	Ripples	0.037600000001475564	10006.908800000001	6.95930399262746	150.86305564304263	743.2950529828453	
10006.958400000001	0.039999999999054126	Ripples	0.039999999999054126	10006.9872	16.597294920508293	152.98072371504082	1295.0995755833633	
10008.155200000001	0.04719999999906577	Ripples	0.04719999999906577	10008.1704	12.834419526963766	148.5289746749482	968.9634868370979	
10014.348	0.040000000000873115	Ripples	0.040000000000873115	10014.368	13.228363883546033	159.66121826805437	1387.2525548851502	
10019.1136	0.022399999999834108	Ripples	0.022399999999834108	10019.1288	9.370125138539878	153.53823919322005	868.740701120075	
10022.828000000001	0.02959999999984575	Ripples	0.02959999999984575	10022.8464	10.059648865280712	150.2291177789781	911.754533663127	
10026.8448	0.042400000000270666	Ripples	0.042400000000270666	10026.8624	31.62210073291999	154.68002396705967	1914.7713719890505	
10027.016	0.08800000000155705	Ripples	0.08800000000155705	10027.0432	19.489661282243933	151.50280298468638	888.3026529600661	
10031.6496	0.0455999999994674	Ripples	0.0455999999994674	10031.668	9.2635440625564	153.42628850568533	825.6306555379094	
10031.7744	0.06639999999970314	Ripples	0.06639999999970314	10031.796	12.02576972159151	149.445812141352	948.3016989910188	
10032.068000000001	0.05999999999949068	Ripples	0.05999999999949068	10032.12	11.492011208896576	153.80490709111658	1026.5965736080016	
10036.7832	0.020000000000436557	Ripples	0.020000000000436557	10036.792800000001	6.127125634804588	155.89056660851588	737.2249734898237	
10038.067200000001	0.027999999998428393	Ripples	0.027999999998428393	10038.0872	5.5682422707516555	160.6478734079033	566.2028518463101	
10038.233600000001	0.04719999999906577	Ripples	0.04719999999906577	10038.2672	16.48213738664735	149.4648578896625	1009.3731935996784	
10071.3536	0.047200000000884756	Ripples	0.047200000000884756	10071.384	26.816585151995074	148.2677745969477	1606.2036260163623	
10076.156	0.062399999998888234	Ripples	0.062399999998888234	10076.1752	10.32729787287695	151.279808548258	867.5021312657406	
10079.3688	0.04160000000047148	Ripples	0.04160000000047148	10079.384	21.94563917402824	155.0847701125137	1304.8407337891308	
10086.538400000001	0.02719999999862921	Ripples	0.02719999999862921	10086.5432	5.287910676342125	153.1345832396358	520.6868729917215	
10088.1456	0.03280000000086147	Ripples	0.03280000000086147	10088.172	9.419237945375437	158.4359661887091	981.2184018539667	
10091.7904	0.035200000000259024	Ripples	0.035200000000259024	10091.816	7.444822227720089	168.55667255036943	877.2119623533845	
10092.0624	0.0272000000004482	Ripples	0.0272000000004482	10092.0784	5.839002867930222	145.94488310325806	561.4462741153795	
10096.1536	0.02960000000166474	Ripples	0.02960000000166474	10096.1704	30.460705473953258	161.42957933162663	1813.1990923882413	
10096.2904	0.06559999999990396	Ripples	0.06559999999990396	10096.312	12.008686415474928	148.28141978227055	1050.2711327097318	
10142.575200000001	0.039999999999054126	Ripples	0.039999999999054126	10142.5928	41.793601543374955	160.714995431873	2412.7961933527595	
10147.5256	0.020000000000436557	Ripples	0.020000000000436557	10147.5336	6.8586928006259456	155.65690369510574	782.1325481268466	
10147.9024	0.04799999999886495	Ripples	0.04799999999886495	10147.9392	11.729709992961974	146.97466196460604	842.4067399150034	
10153.564	0.035200000000259024	Ripples	0.035200000000259024	10153.575200000001	21.619069345353942	158.88047598945585	1367.8989027040798	
10157.3264	0.06960000000071886	Ripples	0.06960000000071886	10157.3384	20.686207423124117	159.42921750815606	1406.5375394510831	
10160.4696	0.07359999999971478	Ripples	0.07359999999971478	10160.524800000001	6.476877367803354	144.98510256407596	641.2473732110669	
10162.980800000001	0.03600000000005821	Ripples	0.03600000000005821	10162.9944	17.227666826930317	166.1971063972296	1393.7688578167913	
10164.9976	0.03839999999945576	Ripples	0.03839999999945576	10165.028	8.459643228654864	151.26577240855966	703.9839425405692	
10165.183200000001	0.04959999999846332	Ripples	0.04959999999846332	10165.204	36.88396193250284	148.19953386472906	1838.7662428070673	
10166.6504	0.03839999999945576	Ripples	0.03839999999945576	10166.6712	40.330953148277175	154.84141590475633	2214.042803567432	
10166.8048	0.030400000001463923	Ripples	0.030400000001463923	10166.8272	9.39635303994906	152.06802931258406	731.4473986129128	
10168.8688	0.030399999999644933	Ripples	0.030399999999644933	10168.8888	33.51610146081086	160.33934744123755	1861.8149560090208	
10169.0496	0.05999999999949068	Ripples	0.05999999999949068	10169.0944	6.50797518561039	152.63610227122982	550.8888232192702	
10170.7168	0.025600000000849832	Ripples	0.025600000000849832	10170.7288	8.686121506167893	154.2469172694101	987.6765763150222	
10170.84	0.037599999999656575	Ripples	0.037599999999656575	10170.8704	11.171247233129519	153.3388217188456	900.3390732889355	
10178.52	0.040000000000873115	Ripples	0.040000000000873115	10178.5416	26.72250328144113	146.37936199006256	1444.1135160881017	
10181.445600000001	0.04960000000028231	Ripples	0.04960000000028231	10181.473600000001	14.993770973480299	153.96107689117744	879.6901449137065	
10182.7168	0.053600000001097214	Ripples	0.053600000001097214	10182.734400000001	32.14688245873046	157.787960143394	2170.2916022615964	
10190.045600000001	0.06559999999990396	Ripples	0.06559999999990396	10190.0912	11.727730472767155	149.61321088061516	941.8851354609394	
10198.858400000001	0.026399999998830026	Ripples	0.026399999998830026	10198.8776	5.779853429451597	155.29206072134116	531.9622790951119	
10208.34	0.026400000000649015	Ripples	0.026400000000649015	10208.358400000001	9.473545091964466	154.60218956658872	876.3244578467393	
10209.7024	0.037599999999656575	Ripples	0.037599999999656575	10209.7176	13.501043492689167	151.89107304040255	969.1990743383719	
10217.716	0.03679999999985739	Ripples	0.03679999999985739	10217.7304	7.332976765368717	152.00174882246714	741.3093263021894	
10241.6784	0.0319999999992433	Ripples	0.0319999999992433	10241.7	7.156991931496337	154.55096926206517	628.6208128815041	
10254.0	122.0	SleepStates						REM
10377.0	12.0	SleepStates						Awake
10390.0	184.0	SleepStates						Non-REM
10394.3472	0.02480000000105065	Ripples	0.02480000000105065	10394.358400000001	10.879219548784734	156.29793818204507	987.1532671078227	
10394.6568	0.06159999999908905	Ripples	0.06159999999908905	10394.6872	42.524493969246976	149.113496498328	2120.0964971424087	
10397.3952	0.0911999999989348	Ripples	0.0911999999989348	10397.4576	22.747522411320638	151.866924858901	1213.23338848174	
10398.6344	0.03679999999985739	Ripples	0.03679999999985739	10398.6456	5.792790245343153	153.62001618254152	578.015346516516	
10403.392	0.058399999999892316	Ripples	0.058399999999892316	10403.4312	8.684443292013146	156.61479159153643	546.1767735441093	
10406.8464	0.06880000000091968	Ripples	0.06880000000091968	10406.8904	33.19888749945327	156.13292474701905	1926.0234080455173	
10409.560000000001	0.0455999999994674	Ripples	0.0455999999994674	10409.5792	20.269102435851558	151.03408847872547	1189.6973625844873	
10412.868	0.051199999999880674	Ripples	0.051199999999880674	10412.892	15.632984440517498	154.15507064247183	1478.3387989900998	
10413.212000000001	0.02959999999984575	Ripples	0.02959999999984575	10413.2288	19.159974063364324	162.97365657809038	1543.1184555540185	
10414.628	0.04800000000068394	Ripples	0.04800000000068394	10414.6608	15.401807895982522	147.82396906583637	919.4262088326709	
10415.240800000001	0.03599999999823922	Ripples	0.03599999999823922	10415.2528	26.462044734102463	159.6064198218944	1698.3184765292494	
10424.0368	0.0544000000008964	Ripples	0.0544000000008964	10424.067200000001	8.896590973960118	161.0803260674812	697.8061945859989	
10428.016800000001	0.05279999999947904	Ripples	0.05279999999947904	10428.038400000001	22.023815690397683	146.56213312042146	1531.0731840644146	
10429.126400000001	0.02719999999862921	Ripples	0.02719999999862921	10429.1456	5.66693016696865	150.13070980522076	659.0111204108032	
10440.936	0.05040000000008149	Ripples	0.05040000000008149	10440.9576	13.26429753383491	161.3428555288353	1049.3503717344697	
10455.828800000001	0.02719999999862921	Ripples	0.02719999999862921	10455.84	21.885574295115607	164.10016402857516	1564.3216963128596	
10457.110400000001	0.023999999999432475	Ripples	0.023999999999432475	10457.1216	8.24907644597736	167.5027953349516	1047.786667896312	
10460.344000000001	0.031199999999444117	Ripples	0.031199999999444117	10460.3624	16.75184458736825	156.00068098994055	1327.2499114848983	
10461.7432	0.02959999999984575	Ripples	0.02959999999984575	10461.7544	6.138033613589194	146.8876459771015	598.7159126142833	
10464.3008	0.04719999999906577	Ripples	0.04719999999906577	10464.3232	36.939089946476884	151.11544376908438	1718.2954647827844	
10464.7952	0.040000000000873115	Ripples	0.040000000000873115	10464.8168	29.012813734884222	151.3553791766411	1829.4762447956934	
10465.5864	0.05199999999967986	Ripples	0.05199999999967986	10465.62	21.10442539201875	148.21271379326097	1360.6208775789923	
10471.2392	0.042400000000270666	Ripples	0.042400000000270666	10471.270400000001	15.36524281347447	157.3441017963918	1033.577159692387	
10483.981600000001	0.05439999999907741	Ripples	0.05439999999907741	10484.0128	12.771507874320328	148.0468827143326	697.7024202750905	
10484.2608	0.025600000000849832	Ripples	0.025600000000849832	10484.2728	18.55784274905312	160.2039440917126	1508.2721749546654	
10495.528	0.037599999999656575	Ripples	0.037599999999656575	10495.5552	27.6057555196302	158.35147001925836	1736.0567824694533	
10496.0504	0.04160000000047148	Ripples	0.04160000000047148	10496.0616	16.705539353086177	154.3106707042595	949.1979845395847	
10496.9184	0.04160000000047148	Ripples	0.04160000000047148	10496.9496	14.579577617765334	157.06613825156154	1044.0382157582462	
10498.572	0.047200000000884756	Ripples	0.047200000000884756	10498.597600000001	32.27814357299049	148.5383400604751	1679.8003968343965	
10498.8048	0.03600000000005821	Ripples	0.03600000000005821	10498.816	18.091921975005796	157.05307799753248	1379.5015117866435	
10508.9768	0.022399999999834108	Ripples	0.022399999999834108	10508.988000000001	5.771907543147585	154.53844780442589	696.0566477967416	
10509.0496	0.02080000000023574	Ripples	0.02080000000023574	10509.0624	7.175274607712189	148.65374346588237	719.9646965226231	
10520.3952	0.03600000000005821	Ripples	0.03600000000005821	10520.4104	32.67337340809375	159.76062453443478	1914.746635078629	
10520.7952	0.04399999999986903	Ripples	0.04399999999986903	10520.8128	16.238389926594838	150.0960521319005	1040.4179024983546	
10521.2672	0.03360000000066066	Ripples	0.03360000000066066	10521.2864	10.673155518020748	147.11200853852424	831.2625080493747	
10522.5144	0.051199999999880674	Ripples	0.051199999999880674	10522.5376	8.649578713827449	152.615707690707	614.7084524113794	
10522.808	0.046399999999266583	Ripples	0.046399999999266583	10522.8304	23.995422771688844	152.47746971958284	1358.6453515413768	
10528.9248	0.05040000000008149	Ripples	0.05040000000008149	10528.9504	17.500995941096875	149.71642838782728	1156.8235395609784	
10575.0	14.0	SleepStates						Awake
10589.8616	0.03440000000045984	Ripples	0.03440000000045984	10589.8832	14.920412642280143	156.3048702756234	1350.2684053157434	
10590.0	608.0	SleepStates						Non-REM
10597.169600000001	0.05519999999887659	Ripples	0.05519999999887659	10597.196	31.957097057880457	152.66409392947355	1548.21344464101	
10598.233600000001	0.06719999999950232	Ripples	0.06719999999950232	10598.271200000001	15.720124142307561	150.35094560873816	998.3864137174937	
10602.8304	0.02080000000023574	Ripples	0.02080000000023574	10602.8448	9.583700530494903	158.2682189363754	998.9987665567786	
10604.208	0.048800000000483124	Ripples	0.048800000000483124	10604.2456	18.176259283882914	154.72579053302343	1236.8583894531482	
10604.5216	0.06400000000030559	Ripples	0.06400000000030559	10604.532000000001	6.913093612442923	166.4347665619506	907.8736816121221	
10606.1216	0.02479999999923166	Ripples	0.02479999999923166	10606.140000000001	8.10959605085871	159.74597513470044	836.6589103831549	
10609.2952	0.028800000000046566	Ripples	0.028800000000046566	10609.3096	5.662488039455186	145.92285804066043	627.2973668011989	
10611.8112	0.05520000000069558	Ripples	0.05520000000069558	10611.8344	13.008277106791677	146.56865555786112	921.3273702630398	
10616.0424	0.03679999999985739	Ripples	0.03679999999985739	10616.0568	15.123193874943146	153.3264621965724	980.3409840686244	
10621.865600000001	0.04719999999906577	Ripples	0.04719999999906577	10621.8744	6.9986399097302785	153.70469930025817	510.54871743665103	
10622.6808	0.056000000000494765	Ripples	0.056000000000494765	10622.7096	17.57175722429576	143.3220011559985	1114.6098224959915	
10623.9328	0.03360000000066066	Ripples	0.03360000000066066	10623.944000000001	5.067684840932941	152.51099016938713	621.6782034374817	
10627.0936	0.03200000000106229	Ripples	0.03200000000106229	10627.112000000001	7.767492742367768	148.39218968695067	794.5622401199727	
10628.8328	0.0544000000008964	Ripples	0.0544000000008964	10628.8688	15.71357022909873	153.4957150401932	1054.0492914670147	
10629.3776	0.042400000000270666	Ripples	0.042400000000270666	10629.4064	22.449965237971444	155.61414886755855	1646.131764897529	
10631.424	0.035200000000259024	Ripples	0.035200000000259024	10631.44	8.887504485135642	147.70293051448	748.8609619651097	
10631.8488	0.03280000000086147	Ripples	0.03280000000086147	10631.8608	6.102157224127468	167.4189331961906	726.9747810710254	
10632.016	0.031200000001263106	Ripples	0.031200000001263106	10632.024800000001	5.595210005326196	151.20138327549387	614.635972864195	
10632.2824	0.02959999999984575	Ripples	0.02959999999984575	10632.3016	6.3040939803763445	151.61538715836525	707.7726365371472	
10640.4984	0.02959999999984575	Ripples	0.02959999999984575	10640.5136	15.466929464672814	156.35953087291333	1199.6580704373657	
10640.7296	0.030399999999644933	Ripples	0.030399999999644933	10640.7456	14.372480208017578	150.1535604787925	1044.7143006871804	
10642.924	0.031199999999444117	Ripples	0.031199999999444117	10642.945600000001	8.043230228598862	167.74353912237368	841.7199754162924	
10643.5952	0.024000000001251465	Ripples	0.024000000001251465	10643.6008	5.735600454013306	149.53021659683682	563.4524351382755	
10644.2832	0.021600000000034925	Ripples	0.021600000000034925	10644.2976	8.401426284685868	158.33489925106278	837.4424399515304	
10646.6512	0.048800000000483124	Ripples	0.048800000000483124	10646.6896	5.974761403212122	154.13124651071007	587.4294339178721	
10647.6136	0.021600000000034925	Ripples	0.021600000000034925	10647.625600000001	10.94828206557651	159.29450451466556	974.1173378469414	
10653.5648	0.05199999999967986	Ripples	0.05199999999967986	10653.5872	19.97014256356475	143.9380837005022	1288.6212060739733	
10657.1608	0.04320000000006985	Ripples	0.04320000000006985	10657.1752	12.147829241690262	152.69395841600274	1011.2782743454133	
10657.8832	0.06160000000090804	Ripples	0.06160000000090804	10657.928	14.673168865890647	150.04772478547937	1321.1069412218803	
10659.268	0.02080000000023574	Ripples	0.02080000000023574	10659.2824	6.136282644647619	161.31453407388832	678.8738604448881	
10659.3832	0.0544000000008964	Ripples	0.0544000000008964	10659.4136	25.65105965132022	149.27794927383707	1729.2481076399267	
10659.8696	0.028800000000046566	Ripples	0.028800000000046566	10659.8776	7.628872234426148	157.31540292108417	875.4290644978717	
10660.336000000001	0.05040000000008149	Ripples	0.05040000000008149	10660.350400000001	8.541599384552425	144.8719803351303	865.0671123167904	
10660.6464	0.025600000000849832	Ripples	0.025600000000849832	10660.6648	5.1347799993844605	151.10842422299714	609.5496200294282	
10661.147200000001	0.0911999999989348	Ripples	0.0911999999989348	10661.1848	14.130607879519522	157.36730542310647	1092.7181696199834	
10666.8888	0.06719999999950232	Ripples	0.06719999999950232	10666.9344	8.635990075986298	150.89904475911538	940.4251607414812	
10667.6576	0.051199999999880674	Ripples	0.051199999999880674	10667.6864	12.693855452213592	152.16852464788494	863.6351006606396	
10668.6416	0.044799999999668216	Ripples	0.044799999999668216	10668.6608	33.84459431299516	152.99510520539027	1861.5659613168864	
10668.8192	0.03200000000106229	Ripples	0.03200000000106229	10668.8416	7.713187885642976	147.9085097018076	681.0078850075417	
10672.2976	0.026400000000649015	Ripples	0.026400000000649015	10672.3088	6.92948097931967	150.7012477500864	629.8101300920122	
10672.3896	0.04160000000047148	Ripples	0.04160000000047148	10672.4032	13.740683328847359	153.4686203260082	1050.7075278870486	
10681.9104	0.06639999999970314	Ripples	0.06639999999970314	10681.9472	20.688476258655896	155.0790041759082	1612.396959596499	
10682.0576	0.0632000000005064	Ripples	0.0632000000005064	10682.089600000001	9.785301890679614	148.0682956093678	551.7393631747279	
10683.4208	0.030400000001463923	Ripples	0.030400000001463923	10683.4392	10.087208725391008	148.87014988708094	720.7416793509146	
10684.704	0.031200000001263106	Ripples	0.031200000001263106	10684.716	5.393274978745591	160.09206213203547	602.8805053627658	
10685.116	0.026400000000649015	Ripples	0.026400000000649015	10685.124800000001	9.25068129719131	154.70592844679214	959.5784101643382	
10686.1872	0.02480000000105065	Ripples	0.02480000000105065	10686.204	9.012278338742384	156.36447064830975	969.6501464307663	
10687.6872	0.03360000000066066	Ripples	0.03360000000066066	10687.713600000001	6.573475006556667	146.90386952919178	645.6324369187116	
10699.1056	0.04160000000047148	Ripples	0.04160000000047148	10699.133600000001	34.34413262796122	155.57839746667426	2065.4483979509487	
10699.9184	0.06960000000071886	Ripples	0.06960000000071886	10699.9632	20.85368221883308	151.6496424172801	1161.9463055266033	
10708.234400000001	0.05439999999907741	Ripples	0.05439999999907741	10708.2656	6.3823659064064575	159.29735746748852	551.3625648472662	
10708.336800000001	0.032799999999042484	Ripples	0.032799999999042484	10708.351200000001	17.395517356367286	155.92839630345233	1208.9177163013644	
10712.904	0.05199999999967986	Ripples	0.05199999999967986	10712.930400000001	29.196373082573878	148.4057281505677	1523.5023693291487	
10713.172	0.04160000000047148	Ripples	0.04160000000047148	10713.199200000001	10.82322923501155	150.49206208985788	827.2408551899052	
10713.3088	0.0864000000001397	Ripples	0.0864000000001397	10713.351200000001	12.823892603038837	151.51134312980065	840.0543969754531	
10716.386400000001	0.042399999998451676	Ripples	0.042399999998451676	10716.4096	16.098642776424487	150.77567669056992	1016.0976860299065	
10723.168800000001	0.046399999999266583	Ripples	0.046399999999266583	10723.1896	31.138929417905683	154.6913472229223	1810.3075377363416	
10726.7168	0.04320000000006985	Ripples	0.04320000000006985	10726.740800000001	8.084145779714888	157.49318646615603	536.6288988702313	
10726.8488	0.04640000000108557	Ripples	0.04640000000108557	10726.879200000001	19.621640441263853	150.3843445000762	1187.5504736795558	
10728.748800000001	0.02959999999984575	Ripples	0.02959999999984575	10728.7624	15.646107873305768	165.75845369178685	1428.2193375368943	
10728.9472	0.03280000000086147	Ripples	0.03280000000086147	10728.9624	5.4464673268259105	145.54941118520725	592.078718620452	
10738.206400000001	0.053599999999278225	Ripples	0.053599999999278225	10738.2312	15.082768013969156	147.58004269361066	1111.3077883509407	
10775.5328	0.07840000000032887	Ripples	0.07840000000032887	10775.596800000001	11.949504868099499	151.9150213170736	975.2468988582119	
10778.3168	0.03679999999985739	Ripples	0.03679999999985739	10778.3472	6.9318786477938055	153.4214991725598	642.8131123073155	
10778.4704	0.06719999999950232	Ripples	0.06719999999950232	10778.5064	30.641629634117784	150.54944464648818	1562.1044606370951	
10779.820800000001	0.035199999998440035	Ripples	0.035199999998440035	10779.835200000001	42.41921802054396	158.46758694596684	2216.425981976089	
10779.9536	0.04719999999906577	Ripples	0.04719999999906577	10779.968	7.7128671330857665	153.49517957885678	854.9280261819017	
10780.6784	0.021600000000034925	Ripples	0.021600000000034925	10780.6888	7.203894756624046	156.73702185106214	755.8943026483516	
10782.3832	0.05199999999967986	Ripples	0.05199999999967986	10782.4136	27.78616448812745	149.32878160049265	1431.856341068922	
10800.1272	0.022399999999834108	Ripples	0.022399999999834108	10800.1392	7.0082382918102475	154.96577079231565	709.1264253494567	
10803.7864	0.031199999999444117	Ripples	0.031199999999444117	10803.7952	7.381241655015804	152.99980965934355	810.9919094594034	
10803.9432	0.03280000000086147	Ripples	0.03280000000086147	10803.9624	11.11125735674826	149.44350595199057	983.488006689946	
10814.1152	0.030399999999644933	Ripples	0.030399999999644933	10814.1352	14.35460175338853	159.46085048876827	1075.0713709548031	
10814.5344	0.05199999999967986	Ripples	0.05199999999967986	10814.560000000001	8.978415362652331	142.10066964159395	703.1804529504323	
10815.296	0.03920000000107393	Ripples	0.03920000000107393	10815.3248	24.540261617691133	155.9104537166633	1542.625303975971	
10845.755200000001	0.03679999999985739	Ripples	0.03679999999985739	10845.7696	7.56254490033712	167.3028696292427	539.8036661026736	
10846.192000000001	0.03359999999884167	Ripples	0.03359999999884167	10846.2032	6.471309237087798	163.1763650089555	635.4276571413578	
10883.62	0.05199999999967986	Ripples	0.05199999999967986	10883.6344	12.955294969135183	154.48104153186097	1080.1093387749017	
10885.6792	0.04800000000068394	Ripples	0.04800000000068394	10885.705600000001	22.690796580776972	157.0227002939287	1658.4477001304886	
10887.324	0.07920000000012806	Ripples	0.07920000000012806	10887.344000000001	10.268806512872192	155.63873413941116	710.0332729411263	
10890.980000000001	0.03439999999864085	Ripples	0.03439999999864085	10890.9968	23.643339518917784	160.93296154633458	1816.3026761907572	
10898.3816	0.032799999999042484	Ripples	0.032799999999042484	10898.396	10.801439625969923	150.48760293830634	977.2519593682257	
10916.1496	0.0408000000006723	Ripples	0.0408000000006723	10916.161600000001	26.12375108354764	158.55121544521904	1718.3792100613546	
10917.713600000001	0.04399999999986903	Ripples	0.04399999999986903	10917.7432	12.569353730021716	155.74299402003697	1093.7437611067442	
10923.4832	0.02959999999984575	Ripples	0.02959999999984575	10923.5048	9.380072233262313	154.16977118688544	938.8751289917313	
10931.168800000001	0.039999999999054126	Ripples	0.039999999999054126	10931.197600000001	15.53731930042785	150.9108979226549	1203.5130686235245	
10931.240800000001	0.051199999999880674	Ripples	0.051199999999880674	10931.263200000001	21.111720098203293	149.20998775884405	1373.832790797729	
10938.5448	0.020000000000436557	Ripples	0.020000000000436557	10938.5504	5.560379791783872	158.33416016619393	655.119069715769	
10941.3704	0.03600000000005821	Ripples	0.03600000000005821	10941.396	12.224488624224776	148.77206948967063	992.1415353368495	
10941.8928	0.022400000001653098	Ripples	0.022400000001653098	10941.9048	6.264631487979264	155.41311685682223	772.4488540941873	
10942.206400000001	0.023199999999633292	Ripples	0.023199999999633292	10942.2184	11.98983446001068	160.98198052846237	1158.8917211395378	
10943.3176	0.03920000000107393	Ripples	0.03920000000107393	10943.3392	14.68479954205779	151.57442084579404	1183.3298506097474	
10947.1896	0.02080000000023574	Ripples	0.02080000000023574	10947.2008	6.068206017725257	156.281198623096	735.1470940203594	
10947.358400000001	0.06079999999928987	Ripples	0.06079999999928987	10947.400800000001	7.060476804598994	148.18995892090976	511.34114639179256	
10947.567200000001	0.022399999999834108	Ripples	0.022399999999834108	10947.5792	14.088027168189267	162.6138839970361	1178.4299983108174	
10949.0432	0.0272000000004482	Ripples	0.0272000000004482	10949.0632	5.602795716589729	149.0714803850882	668.9524599460593	
10961.467200000001	0.03839999999945576	Ripples	0.03839999999945576	10961.4864	8.396603968692638	147.33235274650318	680.137079780896	
10976.6376	0.023199999999633292	Ripples	0.023199999999633292	10976.647200000001	11.548041197818028	159.43886656618838	1205.0076937243634	
10976.684000000001	0.042400000000270666	Ripples	0.042400000000270666	10976.7184	7.96121911690941	157.92157202094936	840.6399006851424	
10984.234400000001	0.030399999999644933	Ripples	0.030399999999644933	10984.2536	8.613595046066024	145.16261281440293	735.2196715371163	
10986.6752	0.02320000000145228	Ripples	0.02320000000145228	10986.6872	7.216713594392954	159.5960672605888	929.1128501228702	
10996.6648	0.03360000000066066	Ripples	0.03360000000066066	10996.688	7.55076926222696	150.90735237690188	678.5553879137418	
10997.3592	0.021600000000034925	Ripples	0.021600000000034925	10997.3744	5.639221530762927	153.62874401704468	742.1121463969264	
11003.2024	0.037599999999656575	Ripples	0.037599999999656575	11003.2104	9.179712947465267	158.19927041487816	921.8220038595075	
11010.5616	0.06639999999970314	Ripples	0.06639999999970314	11010.6064	11.838833834808487	137.32996109127689	747.2540026782891	
11011.9392	0.037599999999656575	Ripples	0.037599999999656575	11011.9616	21.725635771188575	151.6049315809686	1453.1430853262343	
11014.5472	0.06079999999928987	Ripples	0.06079999999928987	11014.5736	11.48137353169329	159.07160771040563	746.6403805616076	
11014.749600000001	0.030399999999644933	Ripples	0.030399999999644933	11014.776	5.224044210529649	147.76757014710523	581.33905516484	
11015.4824	0.03919999999925494	Ripples	0.03919999999925494	11015.4968	19.404664659165654	154.08535728208295	1346.1278446619078	
11020.876	0.022399999999834108	Ripples	0.022399999999834108	11020.8904	8.372881776845484	160.0430518561697	865.5626058116248	
11021.012	0.032799999999042484	Ripples	0.032799999999042484	11021.0232	9.097904190277328	160.98012698431057	1121.4298520214038	
11024.6848	0.03679999999985739	Ripples	0.03679999999985739	11024.7104	12.366448730907717	150.50316744680708	992.3016951567489	
11026.887200000001	0.03600000000005821	Ripples	0.03600000000005821	11026.9064	36.40156876019342	156.4444502235725	2144.2920954818624	
11027.1944	0.03440000000045984	Ripples	0.03440000000045984	11027.2096	22.535169592613354	163.05248260107783	1785.1669329958604	
11035.024800000001	0.023199999999633292	Ripples	0.023199999999633292	11035.04	8.300455816038914	152.84009747682896	701.9891705656681	
11038.24	0.06720000000132131	Ripples	0.06720000000132131	11038.277600000001	29.247553909405966	150.7811226613912	1513.3935906126421	
11041.588800000001	0.032799999999042484	Ripples	0.032799999999042484	11041.604000000001	14.280029921337793	151.16747597380734	1090.4794630114736	
11042.908000000001	0.037599999999656575	Ripples	0.037599999999656575	11042.9344	10.716264160779478	154.7385849091916	666.3256370748143	
11043.832	0.03679999999985739	Ripples	0.03679999999985739	11043.849600000001	34.183980153393016	163.03859321537425	2202.398264643563	
11050.590400000001	0.022399999999834108	Ripples	0.022399999999834108	11050.6016	6.779668276783679	156.05699373558238	637.6909088401653	
11055.4472	0.046399999999266583	Ripples	0.046399999999266583	11055.472	24.048338934483496	154.58775565015938	1560.2311682279178	
11056.5072	0.04640000000108557	Ripples	0.04640000000108557	11056.54	8.628506591384065	159.78109305354198	969.7193700833226	
11057.8184	0.048800000000483124	Ripples	0.048800000000483124	11057.851200000001	10.462857919864534	157.1288142789122	1151.176305172613	
11060.315200000001	0.03839999999945576	Ripples	0.03839999999945576	11060.3304	9.13846696179214	149.9024715412944	595.2210875538483	
11091.662400000001	0.032799999999042484	Ripples	0.032799999999042484	11091.6872	15.172431216538458	150.8791769201648	1088.41978201527	
11091.8232	0.042400000000270666	Ripples	0.042400000000270666	11091.835200000001	6.992638735630688	150.8394881337292	610.9673067469297	
11104.144	0.026400000000649015	Ripples	0.026400000000649015	11104.1592	18.98194431542615	158.33871269923802	1367.790955183266	
11104.2936	0.030399999999644933	Ripples	0.030399999999644933	11104.3056	10.400214111686811	151.06725837552474	903.3495856931113	
11108.068000000001	0.046399999999266583	Ripples	0.046399999999266583	11108.097600000001	29.780790877045455	149.32376197470487	1725.962856881425	
11119.9272	0.025600000000849832	Ripples	0.025600000000849832	11119.9416	9.785760382722968	159.66954367279186	927.6794119072556	
11120.9504	0.09360000000015134	Ripples	0.09360000000015134	11121.0	17.32775808300462	146.6621354162184	1402.6718183838912	
11123.552800000001	0.039999999999054126	Ripples	0.039999999999054126	11123.567200000001	25.87377415775958	152.35127631726874	1459.7490107745944	
11125.9576	0.03440000000045984	Ripples	0.03440000000045984	11125.980800000001	5.554311927179222	150.74118334590517	608.5799500647373	
11136.4272	0.03280000000086147	Ripples	0.03280000000086147	11136.4424	8.976722245186078	156.30116836645317	900.3915828745188	
11136.632000000001	0.055999999998675776	Ripples	0.055999999998675776	11136.6776	11.09383398439779	148.31346278915873	955.691200602753	
11139.199200000001	0.05439999999907741	Ripples	0.05439999999907741	11139.236	6.673119256856919	149.3829499068584	785.2253989347578	
11146.7976	0.026400000000649015	Ripples	0.026400000000649015	11146.8088	11.00360949491797	155.25327794228198	1069.1922073111152	
11147.3336	0.021600000000034925	Ripples	0.021600000000034925	11147.348	9.728812316158091	163.03813205198065	949.7757784779702	
11152.097600000001	0.03359999999884167	Ripples	0.03359999999884167	11152.1088	7.438201608438593	153.09609098077578	715.8076771251946	
11163.612000000001	0.10720000000037544	Ripples	0.10720000000037544	11163.640800000001	13.942159514937078	158.7485151560662	859.3086422118306	
11163.8272	0.051200000001699664	Ripples	0.051200000001699664	11163.8488	23.270194664652465	150.1038202110451	1535.4096044467153	
11165.256800000001	0.030399999999644933	Ripples	0.030399999999644933	11165.268	10.81552656530939	160.00919328331761	919.7493537004145	
11166.6056	0.037599999999656575	Ripples	0.037599999999656575	11166.6288	23.896376351570698	152.71421644561707	1540.2937637278908	
11181.8472	0.02480000000105065	Ripples	0.02480000000105065	11181.8608	9.788154716626826	156.76617077280324	987.7501489310179	
11182.052800000001	0.028800000000046566	Ripples	0.028800000000046566	11182.064	5.7840734908370095	148.0405609355094	626.4994093697497	
11184.531200000001	0.026399999998830026	Ripples	0.026399999998830026	11184.5496	6.4238058890195315	150.0314373115341	641.8198529210274	
11184.604800000001	0.055999999998675776	Ripples	0.055999999998675776	11184.6456	13.94410220913986	148.61056564240747	914.8061388588754	
11199.0	70.0	SleepStates						Awake
11263.4032	0.023999999999432475	Ripples	0.023999999999432475	11263.4136	11.170221227434368	161.58689268441017	1087.826544909826	
11265.879200000001	0.025599999999030842	Ripples	0.025599999999030842	11265.8912	7.151345515598089	153.7595764907323	826.9283381916052	
11270.0	662.0	SleepStates						Non-REM
11273.1928	0.04399999999986903	Ripples	0.04399999999986903	11273.216	24.555863324775036	154.28783781763872	1749.159487420944	
11273.8832	0.09840000000076543	Ripples	0.09840000000076543	11273.9048	16.383677005722877	147.64830864086454	1057.6623782125362	
11278.5408	0.06079999999928987	Ripples	0.06079999999928987	11278.5656	19.496810910904845	147.75383880623866	1204.619952864585	
11280.8336	0.035200000000259024	Ripples	0.035200000000259024	11280.848	7.39513011270935	150.2842643676471	834.0592929643796	
11295.987200000001	0.030399999999644933	Ripples	0.030399999999644933	11296.0064	33.555007283285164	163.0071158709494	1990.086205830862	
11298.625600000001	0.04320000000006985	Ripples	0.04320000000006985	11298.6608	9.685490197359792	148.25636558258986	835.4209205266299	
11299.5648	0.03280000000086147	Ripples	0.03280000000086147	11299.5768	16.446974472925653	153.07679047144882	1185.8767122080224	
11302.8704	0.05760000000009313	Ripples	0.05760000000009313	11302.8888	31.14719662519645	150.3264991121592	1828.6835610786245	
11304.2952	0.044799999999668216	Ripples	0.044799999999668216	11304.3328	8.922722875331592	153.77532702109522	706.0139775804155	
11307.6664	0.08079999999972642	Ripples	0.08079999999972642	11307.684000000001	14.913783903409266	148.669029497432	1016.6683776101456	
11308.509600000001	0.048799999998664134	Ripples	0.048799999998664134	11308.539200000001	20.201967945169798	146.80674314230782	1143.8090996410128	
11310.0616	0.12319999999999709	Ripples	0.12319999999999709	11310.156	18.445725545306423	148.40258115721153	1073.3855204680428	
11313.198400000001	0.1087999999999738	Ripples	0.1087999999999738	11313.285600000001	28.722279716220097	151.0733055558374	1786.618688561431	
11315.445600000001	0.04399999999986903	Ripples	0.04399999999986903	11315.464	22.840640381096577	152.343309789099	1419.2836955086327	
11321.219200000001	0.0319999999992433	Ripples	0.0319999999992433	11321.233600000001	8.255093809170488	155.00225701559097	917.5276259099352	
11322.1568	0.04160000000047148	Ripples	0.04160000000047148	11322.1776	43.14190825598851	155.06087056467706	2152.912535831626	
11323.312	0.04640000000108557	Ripples	0.04640000000108557	11323.328800000001	24.700687790319538	155.7780548796061	1432.5719849838308	
11323.4712	0.028800000000046566	Ripples	0.028800000000046566	11323.4824	7.7601455293083434	151.77057052377035	926.9721620517017	
11324.7464	0.024000000001251465	Ripples	0.024000000001251465	11324.763200000001	13.274931654234273	162.31607726225897	1164.265093192987	
11332.2464	0.022399999999834108	Ripples	0.022399999999834108	11332.2608	14.052084941434833	159.69873743247183	1251.9558546840174	
11332.5944	0.025600000000849832	Ripples	0.025600000000849832	11332.6064	11.037323867589611	158.3986806633038	1063.001286105591	
11336.0768	0.03600000000005821	Ripples	0.03600000000005821	11336.0912	14.274175509764206	151.3400683174724	1180.6949747368637	
11336.430400000001	0.118399999999383	Ripples	0.118399999999383	11336.4536	18.09097623199296	148.903621223188	1101.3659603404324	
11340.76	0.04800000000068394	Ripples	0.04800000000068394	11340.784	19.958561280874303	152.69009309018512	1521.6869135391903	
11342.8768	0.030399999999644933	Ripples	0.030399999999644933	11342.892	5.75922321567884	145.87071023958237	459.3146064559369	
11343.226400000001	0.023199999999633292	Ripples	0.023199999999633292	11343.235200000001	13.823081239047307	155.99331663639754	1096.5877301360545	
11344.116	0.030400000001463923	Ripples	0.030400000001463923	11344.139200000001	5.399052606510717	153.29738924994646	593.8592851734472	
11349.9392	0.04160000000047148	Ripples	0.04160000000047148	11349.960000000001	34.386113554642556	154.6611949972141	2029.0845898735158	
11352.074400000001	0.0455999999994674	Ripples	0.0455999999994674	11352.0936	13.421408784527207	157.62664046518566	879.3314049243835	
11352.5208	0.0455999999994674	Ripples	0.0455999999994674	11352.536	12.686284909547664	149.014833207712	931.4279097933938	
11352.884	0.028800000000046566	Ripples	0.028800000000046566	11352.9024	10.590078444081028	157.23073851053903	1071.1039167368185	
11353.008	0.02080000000023574	Ripples	0.02080000000023574	11353.017600000001	6.433737895825077	149.4580380762122	564.8376603035889	
11353.306400000001	0.04079999999885331	Ripples	0.04079999999885331	11353.324	18.290947746893377	162.96316746487994	1678.7238089014227	
11365.3752	0.047200000000884756	Ripples	0.047200000000884756	11365.394400000001	7.735546971137544	155.10760929867962	688.970644318061	
11366.528	0.021600000000034925	Ripples	0.021600000000034925	11366.54	13.375590034167748	160.99528294635036	1162.9891593711106	
11368.332	0.042400000000270666	Ripples	0.042400000000270666	11368.344000000001	6.619639390668522	159.8502159242149	568.3503975330777	
11368.980000000001	0.04959999999846332	Ripples	0.04959999999846332	11369.004	18.83630632880776	161.44654382139316	1723.5007944078375	
11369.8544	0.06559999999990396	Ripples	0.06559999999990396	11369.872800000001	31.89742777653925	160.68308842104742	1565.343504643208	
11369.9904	0.03839999999945576	Ripples	0.03839999999945576	11370.0056	10.700125956309384	153.00192297145546	799.7073787060364	
11370.8632	0.03600000000005821	Ripples	0.03600000000005821	11370.8776	9.172162116511481	149.87370283044805	778.3007779633832	
11383.3264	0.0544000000008964	Ripples	0.0544000000008964	11383.3592	37.053640268144264	154.97859016758702	2148.6181095565616	
11390.0128	0.05680000000029395	Ripples	0.05680000000029395	11390.0304	19.620863738427552	148.63334814905843	1404.211521342062	
11397.612000000001	0.035200000000259024	Ripples	0.035200000000259024	11397.6232	8.530637144267853	163.93583427947692	722.0320947158785	
11401.192000000001	0.04079999999885331	Ripples	0.04079999999885331	11401.2032	13.156547872143003	159.87526495375783	1086.1253378352649	
11403.0304	0.04800000000068394	Ripples	0.04800000000068394	11403.048	12.95288663869522	146.48374786159107	1026.2475029974576	
11404.7744	0.021600000000034925	Ripples	0.021600000000034925	11404.7824	10.183560240149658	158.3261462183791	1033.0906434818783	
11408.994400000001	0.032799999999042484	Ripples	0.032799999999042484	11409.0056	9.21518242150443	156.53667778771066	997.1174213177391	
11410.481600000001	0.08079999999972642	Ripples	0.08079999999972642	11410.5344	18.80179007368672	146.4240622653719	1225.9621373233372	
11411.52	0.040000000000873115	Ripples	0.040000000000873115	11411.552800000001	5.606657187863877	154.15028244207372	777.151508990029	
11411.589600000001	0.04159999999865249	Ripples	0.04159999999865249	11411.6088	11.852359948049616	140.00206342276056	690.446476811992	
11412.6352	0.04160000000047148	Ripples	0.04160000000047148	11412.647200000001	11.9593965676827	156.8112510589088	1015.6352846808487	
11414.1304	0.05199999999967986	Ripples	0.05199999999967986	11414.1568	20.185562884949388	148.44242263041474	1302.9693447291215	
11422.952000000001	0.039999999999054126	Ripples	0.039999999999054126	11422.9696	15.261265638895134	161.59830134592954	1052.390910111743	
11423.164	0.030399999999644933	Ripples	0.030399999999644933	11423.172	11.800405948344931	154.16543042972629	945.9705864394574	
11423.7088	0.028000000000247383	Ripples	0.028000000000247383	11423.726400000001	20.712468929698467	161.73189357875714	1591.1979387548788	
11428.156	0.032799999999042484	Ripples	0.032799999999042484	11428.1744	11.411803084806065	152.58292225232722	1136.5721610005317	
11431.2288	0.025599999999030842	Ripples	0.025599999999030842	11431.240800000001	7.616678728809312	154.55701979982612	910.8372013055892	
11434.8256	0.03920000000107393	Ripples	0.03920000000107393	11434.8376	20.645684641054036	158.21634051466603	1594.6747005457858	
11435.140000000001	0.046399999999266583	Ripples	0.046399999999266583	11435.1632	14.80550335746854	138.5750252400702	983.9156915768835	
11438.0776	0.0272000000004482	Ripples	0.0272000000004482	11438.0952	15.602107052855695	161.58943121697286	1278.6045895222428	
11438.2168	0.0591999999996915	Ripples	0.0591999999996915	11438.252	29.080543989588094	152.87802537055722	1926.7897843339529	
11443.546400000001	0.0591999999996915	Ripples	0.0591999999996915	11443.572	24.579237287833426	149.33774437097316	1493.938990791886	
11443.732	0.11440000000038708	Ripples	0.11440000000038708	11443.7584	17.810232659617412	148.68208752809218	1089.3046384656661	
11449.1968	0.03360000000066066	Ripples	0.03360000000066066	11449.212000000001	15.263723161596573	160.41502944255905	1042.9590857509409	
11460.850400000001	0.04719999999906577	Ripples	0.04719999999906577	11460.887200000001	13.50597686297	158.60843865573585	1100.096498410851	
11461.0584	0.022399999999834108	Ripples	0.022399999999834108	11461.0736	5.992937263538303	155.18541202475504	661.0820127841017	
11465.6096	0.031200000001263106	Ripples	0.031200000001263106	11465.624	8.574704787525155	152.07794942966638	882.1151222841745	
11469.878400000001	0.039999999999054126	Ripples	0.039999999999054126	11469.8952	11.856423336319477	158.05910924124998	846.2619511301251	
11469.981600000001	0.026399999998830026	Ripples	0.026399999998830026	11470.0008	5.152488167576915	154.09040767297486	543.8767659410719	
11473.164	0.05040000000008149	Ripples	0.05040000000008149	11473.2	18.777835109377484	149.69338333873475	1457.941621915351	
11473.611200000001	0.05199999999967986	Ripples	0.05199999999967986	11473.6424	27.07189722899003	148.3476389331979	1597.3111436387037	
11473.785600000001	0.03600000000005821	Ripples	0.03600000000005821	11473.8112	13.286703353469987	155.49351183710965	1141.6581701629996	
11475.8384	0.05199999999967986	Ripples	0.05199999999967986	11475.8832	6.316882593838146	160.12332603341514	490.66640332819105	
11476.6088	0.03360000000066066	Ripples	0.03360000000066066	11476.62	8.473535582677268	155.50748886023646	797.8374665818641	
11479.6888	0.03679999999985739	Ripples	0.03679999999985739	11479.7008	21.312711477040423	156.84251625725358	1474.9397078383151	
11480.9976	0.02959999999984575	Ripples	0.02959999999984575	11481.012	6.382881644849027	164.8333786477834	957.4626967341255	
11482.368	0.07519999999931315	Ripples	0.07519999999931315	11482.401600000001	8.86595113628658	153.04952715179107	517.2211879166117	
11483.628	0.035200000000259024	Ripples	0.035200000000259024	11483.640000000001	8.49361377026802	160.50333831186364	712.1673015914554	
11493.0504	0.03200000000106229	Ripples	0.03200000000106229	11493.0656	24.32953138275895	158.2049781733315	1661.4496054830645	
11496.5616	0.025599999999030842	Ripples	0.025599999999030842	11496.5736	7.2794618841365555	153.40816174873203	857.8684775966586	
11503.271200000001	0.03359999999884167	Ripples	0.03359999999884167	11503.2904	5.594640316230204	147.7471950094906	607.9775640675219	
11504.3608	0.05199999999967986	Ripples	0.05199999999967986	11504.380000000001	16.712461017265227	146.3983173213723	1024.6231433323865	
11512.2824	0.03360000000066066	Ripples	0.03360000000066066	11512.308	10.088325604256994	151.0086888980238	799.7706301312573	
11512.4032	0.05199999999967986	Ripples	0.05199999999967986	11512.4264	12.235425741323722	152.11508671819325	1063.4149641948459	
11514.396	0.039999999999054126	Ripples	0.039999999999054126	11514.4136	24.554951411161973	153.7072513571606	1366.484312226214	
11515.104000000001	0.044799999999668216	Ripples	0.044799999999668216	11515.133600000001	17.001322717222155	145.260628734116	1177.901414025667	
11525.5056	0.040000000000873115	Ripples	0.040000000000873115	11525.516800000001	7.816276819718005	160.32825060720236	916.4511849595214	
11532.948	0.09519999999974971	Ripples	0.09519999999974971	11533.016800000001	13.625050135484086	157.48120342250735	757.2222132227587	
11533.26	0.025600000000849832	Ripples	0.025600000000849832	11533.2744	7.886628685932715	152.52225392706706	853.2224393290566	
11535.7576	0.056000000000494765	Ripples	0.056000000000494765	11535.7832	13.082104340097793	156.24168602320495	853.9250286340051	
11536.314400000001	0.023199999999633292	Ripples	0.023199999999633292	11536.329600000001	5.5285898889552385	147.11620829704086	591.3153286456192	
11539.3456	0.04160000000047148	Ripples	0.04160000000047148	11539.3608	31.626571983356722	156.31885748919086	2119.1710185002134	
11539.9048	0.03280000000086147	Ripples	0.03280000000086147	11539.929600000001	13.82887035353528	154.8210531903633	1019.2290741307683	
11541.6288	0.05040000000008149	Ripples	0.05040000000008149	11541.661600000001	20.388507898750493	152.21418061407093	1503.3932092739929	
11542.060800000001	0.04399999999986903	Ripples	0.04399999999986903	11542.0848	8.862900421242365	159.47084082622865	1086.9969966293195	
11543.053600000001	0.035200000000259024	Ripples	0.035200000000259024	11543.068000000001	23.766012296202025	159.71225273599646	1544.6220193378476	
11544.84	0.08560000000034051	Ripples	0.08560000000034051	11544.896	6.92608190963467	153.52149685505992	346.1679908553683	
11550.4568	0.05920000000151049	Ripples	0.05920000000151049	11550.4752	19.129040262352703	142.12961713867327	1043.5301883282239	
11558.8392	0.06160000000090804	Ripples	0.06160000000090804	11558.886400000001	8.643796593783248	151.0934553920731	683.6577238207723	
11559.7296	0.037599999999656575	Ripples	0.037599999999656575	11559.748000000001	13.11598238264712	149.9389229429053	877.9770590369011	
11564.776	0.048800000000483124	Ripples	0.048800000000483124	11564.7984	8.956001871355124	151.97263585819596	680.8863399870186	
11565.0288	0.037599999999656575	Ripples	0.037599999999656575	11565.056	9.268910037125123	150.95506142613593	871.711046761531	
11565.872000000001	0.05040000000008149	Ripples	0.05040000000008149	11565.892800000001	28.736623545085912	152.6995991042186	1757.8779523997182	
11569.9328	0.042400000000270666	Ripples	0.042400000000270666	11569.952800000001	29.377422592992374	152.61635671756716	1725.2608995744267	
11573.0776	0.03600000000005821	Ripples	0.03600000000005821	11573.0856	9.404556618882118	159.65316578184581	1042.651858056176	
11579.6424	0.046399999999266583	Ripples	0.046399999999266583	11579.676800000001	9.880855978528592	146.01133366982876	757.5183016474309	
11579.815200000001	0.05040000000008149	Ripples	0.05040000000008149	11579.858400000001	9.31753293781836	159.75235026718133	809.809691802167	
11580.0272	0.06799999999930151	Ripples	0.06799999999930151	11580.08	11.336834098796011	146.22815197011067	859.5117480836946	
11587.148000000001	0.04079999999885331	Ripples	0.04079999999885331	11587.1704	16.45369797686643	147.98055887978757	1121.7383490008517	
11591.3192	0.08080000000154541	Ripples	0.08080000000154541	11591.3448	13.677595214061528	139.92182000211787	911.0937673111579	
11591.4848	0.04399999999986903	Ripples	0.04399999999986903	11591.5064	29.50384136262819	158.238890477598	1510.0578454539082	
11597.0336	0.04800000000068394	Ripples	0.04800000000068394	11597.045600000001	7.260453733635915	142.09114917593394	580.5842047640942	
11600.672	0.028800000000046566	Ripples	0.028800000000046566	11600.68	5.334914334212293	159.36598804723724	861.1980238540283	
11601.7824	0.048800000000483124	Ripples	0.048800000000483124	11601.806400000001	44.03355724808071	155.50978171849886	2416.220731684898	
11617.316	0.03839999999945576	Ripples	0.03839999999945576	11617.3272	6.19256967920691	161.81850287386433	546.08012424683	
11627.0128	0.028000000000247383	Ripples	0.028000000000247383	11627.0296	16.85424670605229	157.49843694421452	1258.8070446790896	
11627.58	0.058399999999892316	Ripples	0.058399999999892316	11627.624800000001	26.723923389143227	154.08669409333683	1600.791113088401	
11632.76	0.04640000000108557	Ripples	0.04640000000108557	11632.792800000001	17.701544779558084	148.59917272975096	1336.6501948932728	
11635.851200000001	0.04799999999886495	Ripples	0.04799999999886495	11635.892	6.432027275525531	154.16629625559094	676.1860374560484	
11636.0256	0.026399999998830026	Ripples	0.026399999998830026	11636.0416	5.1508900918726335	149.8545557187554	618.1212475275163	
11647.0008	0.03200000000106229	Ripples	0.03200000000106229	11647.009600000001	10.148816787678223	158.53038414174668	840.6547097184636	
11649.028	0.021600000000034925	Ripples	0.021600000000034925	11649.04	12.254478310339211	157.7746158539917	1023.7558766572594	
11650.6664	0.06160000000090804	Ripples	0.06160000000090804	11650.6928	12.72760420357946	146.34863595866895	589.1794976284186	
11661.4256	0.05760000000009313	Ripples	0.05760000000009313	11661.4544	14.540644746985944	152.34201560313534	1184.9415836305047	
11661.5736	0.028000000000247383	Ripples	0.028000000000247383	11661.5872	8.132376056921533	156.9571238818858	955.5568633495695	
11662.2528	0.06240000000070722	Ripples	0.06240000000070722	11662.3088	5.85173010580046	163.2007409135727	580.3000788728997	
11662.445600000001	0.037599999999656575	Ripples	0.037599999999656575	11662.472800000001	13.951187525363144	158.6453438042876	1207.1054996569671	
11679.116	0.0544000000008964	Ripples	0.0544000000008964	11679.1632	5.478620517390608	158.93573059679585	423.21814978605045	
11680.4848	0.058399999999892316	Ripples	0.058399999999892316	11680.5144	17.48779435129991	146.63355363882016	1188.370766989199	
11687.4904	0.0768000000007305	Ripples	0.0768000000007305	11687.52	26.96757794311932	147.45891355751831	1353.3709562227843	
11688.176000000001	0.04159999999865249	Ripples	0.04159999999865249	11688.190400000001	24.19846967434463	156.66763959666991	1684.9286673264305	
11695.752	0.04399999999986903	Ripples	0.04399999999986903	11695.768	11.571624035334363	146.95577407548538	839.6348298588861	
11698.3808	0.0727999999999156	Ripples	0.0727999999999156	11698.432	35.96028405989119	145.2107029861176	1897.362634875383	
11698.856	0.0272000000004482	Ripples	0.0272000000004482	11698.8752	6.9808889368715334	157.79967618565973	728.9245483755866	
11699.612000000001	0.0272000000004482	Ripples	0.0272000000004482	11699.6288	16.470585606144528	163.39361482807908	1322.1419177093558	
11701.1288	0.07760000000052969	Ripples	0.07760000000052969	11701.140800000001	10.652056606423603	162.44112119509094	799.6628391212877	
11705.7432	0.0319999999992433	Ripples	0.0319999999992433	11705.748800000001	7.090491875229653	156.46148234080886	582.0830090428576	
11706.3832	0.026400000000649015	Ripples	0.026400000000649015	11706.3952	12.307964096008263	155.81428541648205	985.5351351948316	
11707.4984	0.025600000000849832	Ripples	0.025600000000849832	11707.5136	6.298947770668425	147.04829845936783	691.8295925859874	
11707.5704	0.023199999999633292	Ripples	0.023199999999633292	11707.5856	7.961599104207153	154.14163575078805	810.6385257926671	
11708.0512	0.03679999999985739	Ripples	0.03679999999985739	11708.0632	11.67563382044371	153.9503404281801	1027.7736136200401	
11720.6928	0.025599999999030842	Ripples	0.025599999999030842	11720.7072	12.651981005844345	154.8025871760738	1028.9761576931187	
11720.879200000001	0.04079999999885331	Ripples	0.04079999999885331	11720.8976	12.675993199221258	147.80062274874157	899.7540924701589	
11723.248800000001	0.03359999999884167	Ripples	0.03359999999884167	11723.263200000001	28.13286545374446	162.87843784169777	1915.9825276443833	
11728.0424	0.026400000000649015	Ripples	0.026400000000649015	11728.0568	5.591114736054202	150.50849778839458	642.2925520188618	
11730.86	0.028800000000046566	Ripples	0.028800000000046566	11730.8776	7.438762691656873	146.54457146986954	795.3141506533512	
11740.140000000001	0.02959999999984575	Ripples	0.02959999999984575	11740.161600000001	9.140835450524287	155.3619160169064	799.9494942560373	
11743.952000000001	0.021600000000034925	Ripples	0.021600000000034925	11743.9632	6.770875197228879	154.5505534920863	687.3800648423887	
11744.118400000001	0.06799999999930151	Ripples	0.06799999999930151	11744.1512	15.252389095564979	145.94579820482923	1226.1469213870732	
11779.474400000001	0.058399999999892316	Ripples	0.058399999999892316	11779.5128	7.830753096783459	165.06636602761822	460.2891478229823	
11785.003200000001	0.04079999999885331	Ripples	0.04079999999885331	11785.0256	9.669467928586034	146.80164440164438	707.6050577148347	
11791.553600000001	0.04399999999986903	Ripples	0.04399999999986903	11791.5696	26.433127800766922	156.7741967638661	1591.9433221179163	
11801.3048	0.025600000000849832	Ripples	0.025600000000849832	11801.32	17.42188434216785	162.96011459324282	1423.0844836079768	
11801.4704	0.048800000000483124	Ripples	0.048800000000483124	11801.494400000001	24.8741709466481	148.41904559189936	1526.2199231188013	
11804.684000000001	0.037599999999656575	Ripples	0.037599999999656575	11804.7032	18.912859329320636	148.1510838609641	1126.9670710052992	
11804.820800000001	0.044799999999668216	Ripples	0.044799999999668216	11804.8544	19.32072611722993	151.2966866851843	1369.1652791056274	
11807.6368	0.06559999999990396	Ripples	0.06559999999990396	11807.676000000001	27.034822066515275	149.44274335221286	1696.339152134318	
11817.2152	0.02479999999923166	Ripples	0.02479999999923166	11817.2296	11.055918319511521	154.55241222846246	1033.486110072233	
11820.4288	0.03440000000045984	Ripples	0.03440000000045984	11820.444000000001	11.115081510005863	154.8285107434739	901.0968150097823	
11822.133600000001	0.058399999999892316	Ripples	0.058399999999892316	11822.156	34.63105761451316	145.2184964498527	1600.9709539779224	
11822.4936	0.03920000000107393	Ripples	0.03920000000107393	11822.5112	19.46922944482907	154.05655854093905	1380.5719451157934	
11823.0936	0.040000000000873115	Ripples	0.040000000000873115	11823.126400000001	7.3776137378867315	152.5082928380838	617.8934112199238	
11823.884	0.02080000000023574	Ripples	0.02080000000023574	11823.8952	9.744801351358214	159.78215675026604	970.3344726070651	
11839.816	0.04719999999906577	Ripples	0.04719999999906577	11839.8344	30.025709240315994	155.25230318884144	1774.0385564799012	
11839.9696	0.037599999999656575	Ripples	0.037599999999656575	11839.988800000001	10.823311677496758	153.80827568023687	846.6169205494865	
11848.4408	0.02959999999984575	Ripples	0.02959999999984575	11848.464	7.738805580097256	157.42804526673197	710.0188736356337	
11849.400000000001	0.06799999999930151	Ripples	0.06799999999930151	11849.4312	10.381087855031579	139.67262685714374	645.0095553985105	
11851.86	0.03280000000086147	Ripples	0.03280000000086147	11851.871200000001	6.386616723475617	155.74275964798295	896.533248333179	
11863.5256	0.02959999999984575	Ripples	0.02959999999984575	11863.548	5.165914848039444	151.57783816374877	671.4794273051899	
11866.848	0.06400000000030559	Ripples	0.06400000000030559	11866.893600000001	13.402699509971216	152.1324201019116	1080.3343724655956	
11867.5184	0.05279999999947904	Ripples	0.05279999999947904	11867.5416	13.377382601780335	145.51650106445936	768.6241980045747	
11868.6848	0.04399999999986903	Ripples	0.04399999999986903	11868.6952	12.994265421690402	156.59978070188458	990.0385409525796	
11870.3344	0.06000000000130967	Ripples	0.06000000000130967	11870.372800000001	9.097063650026255	155.65236061137932	773.6111805024148	
11870.7968	0.04640000000108557	Ripples	0.04640000000108557	11870.8168	18.902216364510355	162.24869269548174	1101.3032138981741	
11871.0736	0.05520000000069558	Ripples	0.05520000000069558	11871.111200000001	13.604572161337266	151.45588878982375	924.7815848908405	
11871.219200000001	0.028800000000046566	Ripples	0.028800000000046566	11871.233600000001	21.17952791394993	158.43319346814616	1602.4635473717622	
11877.0408	0.03440000000045984	Ripples	0.03440000000045984	11877.067200000001	5.480482082901603	152.63501690871252	537.544832573638	
11880.4472	0.03919999999925494	Ripples	0.03919999999925494	11880.474400000001	14.170051908031922	152.78569942234654	950.0350715357295	
11880.556	0.05520000000069558	Ripples	0.05520000000069558	11880.5784	23.752021674648127	149.23777429530318	1289.9655005871682	
11887.249600000001	0.035200000000259024	Ripples	0.035200000000259024	11887.2672	49.5384888875281	159.05265515707237	2385.1699268384073	
11892.930400000001	0.039999999999054126	Ripples	0.039999999999054126	11892.956	26.72193423412898	152.5657187504071	1676.2080938808965	
11896.612000000001	0.022399999999834108	Ripples	0.022399999999834108	11896.6208	9.57250527093943	156.97264707278165	867.4723951669201	
11915.024000000001	0.025599999999030842	Ripples	0.025599999999030842	11915.036	15.709546103603152	159.39559183319318	1121.4238731487812	
11933.0	68.0	SleepStates						REM
11982.575200000001	0.02959999999984575	Ripples	0.02959999999984575	11982.5872	54.07222988317055	163.69284433365294	2340.9031836338118	
12002.0	24.0	SleepStates						Awake
12022.5728	0.02080000000023574	Ripples	0.02080000000023574	12022.584	6.475852266455167	156.97690185967784	873.5325947775173	
12025.756800000001	0.07200000000011642	Ripples	0.07200000000011642	12025.7744	23.24563900195368	153.99107551038873	1374.1696854376055	
12027.0	228.0	SleepStates						Non-REM
12036.024800000001	0.028800000000046566	Ripples	0.028800000000046566	12036.0472	5.87974801105112	154.16218597870127	700.2389768864671	
12036.1952	0.022399999999834108	Ripples	0.022399999999834108	12036.206400000001	11.18314658730779	157.31375113711056	1161.6020402858983	
12036.7	0.028000000000247383	Ripples	0.028000000000247383	12036.7144	9.31547300100733	157.82507187546582	1064.5441505788338	
12040.001600000001	0.05519999999887659	Ripples	0.05519999999887659	12040.016800000001	11.275123499101275	149.07523565511133	780.5813866053946	
12052.452800000001	0.04960000000028231	Ripples	0.04960000000028231	12052.474400000001	25.448171199606104	163.63472584192633	1928.7702940982	
12052.7384	0.04399999999986903	Ripples	0.04399999999986903	12052.764000000001	28.2543877380094	151.29551256113967	1599.9870652409536	
12052.8448	0.044799999999668216	Ripples	0.044799999999668216	12052.8592	22.610531812661144	154.73714194279432	1408.901387781606	
12052.951200000001	0.04399999999986903	Ripples	0.04399999999986903	12052.984	23.52946712436506	157.75805064421826	1511.4834724340167	
12057.719200000001	0.03359999999884167	Ripples	0.03359999999884167	12057.728000000001	12.623683818703984	153.65376099301972	847.4258034235199	
12068.964	0.05040000000008149	Ripples	0.05040000000008149	12069.0064	7.4089872297272175	150.24086457784657	756.558297758263	
12070.0632	0.030399999999644933	Ripples	0.030399999999644933	12070.0776	27.803602421578752	163.29982812652014	1890.6849110803962	
12077.6224	0.037599999999656575	Ripples	0.037599999999656575	12077.6312	5.175220479880034	156.98282881082258	789.1451262037118	
12078.0768	0.022399999999834108	Ripples	0.022399999999834108	12078.0912	8.406103677035524	154.22721655368633	823.5406153609241	
12085.9432	0.06400000000030559	Ripples	0.06400000000030559	12085.981600000001	13.442716192707655	150.9482052976607	1048.3915833764297	
12086.1888	0.03440000000045984	Ripples	0.03440000000045984	12086.204	11.013887651471018	157.99403734888483	869.0817235426553	
12127.336000000001	0.044799999999668216	Ripples	0.044799999999668216	12127.3552	27.341959147289334	153.86459954272308	1507.040749594596	
12127.967200000001	0.05680000000029395	Ripples	0.05680000000029395	12127.9976	8.982733501013062	148.1242503926214	693.2671065970362	
12129.26	0.030399999999644933	Ripples	0.030399999999644933	12129.271200000001	6.863480081488844	158.57170508165282	674.5737491315109	
12130.3768	0.06480000000010477	Ripples	0.06480000000010477	12130.416000000001	27.288349711100782	147.55677680590227	1457.3681617302416	
12130.590400000001	0.04160000000047148	Ripples	0.04160000000047148	12130.616	19.635074927781574	159.2440475667877	1514.9837623265435	
12131.0008	0.04560000000128639	Ripples	0.04560000000128639	12131.016800000001	6.359166375216594	150.82440015185134	656.8577312272147	
12137.6648	0.058399999999892316	Ripples	0.058399999999892316	12137.6944	47.104934704348615	152.9363230287587	2420.3742721142885	
12142.2512	0.1047999999991589	Ripples	0.1047999999991589	12142.2888	12.027076812087584	149.6614728075751	805.712853505699	
12142.7544	0.058399999999892316	Ripples	0.058399999999892316	12142.791200000001	16.157442746340447	147.53437008407366	1027.6537819387806	
12156.480800000001	0.039999999999054126	Ripples	0.039999999999054126	12156.509600000001	7.585171311163921	146.138333611425	735.2559395013154	
12160.3032	0.05520000000069558	Ripples	0.05520000000069558	12160.3184	19.43450993611186	164.9184323269785	1277.83904687609	
12168.2864	0.03919999999925494	Ripples	0.03919999999925494	12168.312	13.156450456532667	150.3798994298608	1096.220239714657	
12168.484	0.02959999999984575	Ripples	0.02959999999984575	12168.496000000001	12.515897438227483	154.07496284733026	1053.9538018131518	
12171.2448	0.03600000000005821	Ripples	0.03600000000005821	12171.2592	13.33118209426299	154.00473422120552	1133.926889391919	
12198.1096	0.028800000000046566	Ripples	0.028800000000046566	12198.124	6.612866090360022	151.63221714698332	770.9930092642023	
12203.9136	0.030400000001463923	Ripples	0.030400000001463923	12203.921600000001	6.158953207676698	154.84497664029894	672.0475299151266	
12204.0584	0.030400000001463923	Ripples	0.030400000001463923	12204.0704	9.393052495368856	153.7835301405448	796.2225482265159	
12204.822400000001	0.023199999999633292	Ripples	0.023199999999633292	12204.8384	7.043820519695951	160.50615550550395	644.9367105771577	
12235.5344	0.023199999999633292	Ripples	0.023199999999633292	12235.546400000001	9.078717175118648	156.86814595663336	873.7881549931571	
12236.4352	0.0768000000007305	Ripples	0.0768000000007305	12236.444000000001	7.394349506818832	153.12641515334053	611.0728127422356	
12239.822400000001	0.06079999999928987	Ripples	0.06079999999928987	12239.8624	22.061796657410614	149.10439143223977	1623.4530646110204	
12242.322400000001	0.062399999998888234	Ripples	0.062399999998888234	12242.3632	19.22862838709645	150.03529172132525	1457.3958190132364	
12244.5144	0.04960000000028231	Ripples	0.04960000000028231	12244.5352	31.199353682862984	153.46258035918936	1792.5130064273092	
12256.0	205.0	SleepStates						REM
12462.0	17.0	SleepStates						Awake
12466.633600000001	0.031199999999444117	Ripples	0.031199999999444117	12466.646400000001	10.399234706939835	168.12776856990104	1148.6563156128568	
12474.024000000001	0.053599999999278225	Ripples	0.053599999999278225	12474.067200000001	5.511129526336805	152.4802129999833	505.34772150881236	
12478.712000000001	0.048799999998664134	Ripples	0.048799999998664134	12478.741600000001	14.306732304218663	155.08872289180485	1074.7212119681092	
12479.798400000001	0.04399999999986903	Ripples	0.04399999999986903	12479.8096	7.452738975342496	155.52210195214113	817.2861167524209	
12480.0	841.0	SleepStates						Non-REM
12480.2472	0.04640000000108557	Ripples	0.04640000000108557	12480.2648	19.455052175492984	153.05950600184562	1494.9703171185377	
12481.929600000001	0.04799999999886495	Ripples	0.04799999999886495	12481.9504	9.628921783568265	147.32490372183292	907.386234881315	
12486.1416	0.048800000000483124	Ripples	0.048800000000483124	12486.175200000001	11.55250628975904	153.1882987316011	703.263418766579	
12490.9976	0.0408000000006723	Ripples	0.0408000000006723	12491.0224	32.687230160724376	156.08698569162908	2055.837508543429	
12491.626400000001	0.05199999999967986	Ripples	0.05199999999967986	12491.6592	22.982576692943685	158.4554519787753	1853.4789561779637	
12494.965600000001	0.032799999999042484	Ripples	0.032799999999042484	12494.980000000001	7.560433403281959	150.79173776716948	835.6166954469509	
12497.139200000001	0.04959999999846332	Ripples	0.04959999999846332	12497.164	28.808229941707584	150.6378343053935	1667.0020164291338	
12498.552000000001	0.03839999999945576	Ripples	0.03839999999945576	12498.575200000001	20.40199454406259	154.484328597456	1386.5608418186362	
12502.0048	0.021600000000034925	Ripples	0.021600000000034925	12502.016000000001	5.607221706071747	156.46466584045947	806.0891016581816	
12502.118400000001	0.042400000000270666	Ripples	0.042400000000270666	12502.140000000001	42.30824194940718	155.14946736744886	2206.6536299939207	
12509.306400000001	0.021600000000034925	Ripples	0.021600000000034925	12509.32	9.340717129156873	161.66767527223666	1033.6478202496958	
12510.9024	0.028000000000247383	Ripples	0.028000000000247383	12510.9168	22.99204183134114	159.46106800835616	1499.0366042537103	
12519.296	0.03679999999985739	Ripples	0.03679999999985739	12519.307200000001	6.517182246348951	155.4057211908343	716.5250450536728	
12519.4352	0.028000000000247383	Ripples	0.028000000000247383	12519.4424	5.409408918591066	159.50157575109773	675.2721770164876	
12521.6056	0.022399999999834108	Ripples	0.022399999999834108	12521.62	12.639865973999724	162.5786719483838	1070.2275084235514	
12522.5144	0.03600000000005821	Ripples	0.03600000000005821	12522.5344	5.0182459528289405	166.15860673178227	920.4866747177357	
12523.0736	0.06960000000071886	Ripples	0.06960000000071886	12523.1064	12.760242788384488	151.85042485486062	755.3738114119782	
12523.256000000001	0.10559999999895808	Ripples	0.10559999999895808	12523.3048	11.456121957720672	160.54417937973182	687.5236448629569	
12523.704	0.08240000000114378	Ripples	0.08240000000114378	12523.7536	15.402203191740773	147.95883323086457	784.0513138105755	
12523.9248	0.03600000000005821	Ripples	0.03600000000005821	12523.9392	21.585319148974996	153.9878658921427	1397.7276646604976	
12525.932	0.023999999999432475	Ripples	0.023999999999432475	12525.9464	15.630805398320874	163.43865083208792	1201.5030556740649	
12529.248000000001	0.04719999999906577	Ripples	0.04719999999906577	12529.2728	13.735293101565343	153.79771171360778	1294.2999012619835	
12529.3824	0.03839999999945576	Ripples	0.03839999999945576	12529.393600000001	6.64563020079271	144.7671455283706	618.0789607995623	
12529.9608	0.04320000000006985	Ripples	0.04320000000006985	12529.9864	12.150637256978651	151.65368043661448	1187.701683463963	
12530.7864	0.08719999999993888	Ripples	0.08719999999993888	12530.8016	17.008040034361272	148.87074315600802	1104.0195443470693	
12533.1208	0.07359999999971478	Ripples	0.07359999999971478	12533.168800000001	26.097618320085946	142.6178176199812	1457.0361015770811	
12534.0864	0.026400000000649015	Ripples	0.026400000000649015	12534.1016	6.908964465580626	152.13747604272427	800.8075432509214	
12538.5712	0.021600000000034925	Ripples	0.021600000000034925	12538.5792	5.759655144774573	155.08459372524993	676.5320905196689	
12539.168800000001	0.039999999999054126	Ripples	0.039999999999054126	12539.198400000001	17.572914585730658	153.2123744696945	1202.6713238189448	
12540.1672	0.021600000000034925	Ripples	0.021600000000034925	12540.1816	9.247382419939635	156.69037168877466	811.074954700325	
12556.212800000001	0.03600000000005821	Ripples	0.03600000000005821	12556.2384	10.43128251022642	149.73186336906596	883.0486231176287	
12560.0512	0.028800000000046566	Ripples	0.028800000000046566	12560.068800000001	22.275788522824104	160.42055006026735	1686.0810535328396	
12563.016000000001	0.051199999999880674	Ripples	0.051199999999880674	12563.0416	8.199710283698703	144.85582607803653	606.8637211966039	
12563.6368	0.04160000000047148	Ripples	0.04160000000047148	12563.6672	8.10351903690224	142.251345310113	712.8445762977351	
12568.1632	0.03440000000045984	Ripples	0.03440000000045984	12568.175200000001	5.306482469619624	152.56638836590213	446.8705092205273	
12570.0272	0.02080000000023574	Ripples	0.02080000000023574	12570.0416	7.936920141038553	162.00703084199668	855.7712250463233	
12571.8336	0.025600000000849832	Ripples	0.025600000000849832	12571.8448	5.2523869432250745	152.79755349876302	612.4420004576403	
12573.300000000001	0.1047999999991589	Ripples	0.1047999999991589	12573.392	19.735728597489445	153.2013421243498	1602.7277356166476	
12584.9792	0.0680000000011205	Ripples	0.0680000000011205	12585.0224	15.677926993267118	150.2063369739173	906.5610094637792	
12587.1856	0.04719999999906577	Ripples	0.04719999999906577	12587.2152	34.05565221990022	152.16776796134582	1706.4017216634468	
12587.3904	0.03679999999985739	Ripples	0.03679999999985739	12587.400800000001	5.919679839953055	149.06833598566237	684.5295985176668	
12587.5632	0.07519999999931315	Ripples	0.07519999999931315	12587.5784	10.271256018374533	157.01482104521133	777.7527692438796	
12587.9984	0.044799999999668216	Ripples	0.044799999999668216	12588.02	27.989445796825112	157.2735309500763	2033.9101824180962	
12589.4936	0.03200000000106229	Ripples	0.03200000000106229	12589.5152	15.680465568075405	152.2208414554017	1164.642597023735	
12590.5152	0.03440000000045984	Ripples	0.03440000000045984	12590.5288	24.674762362741784	159.94051582754187	1720.6565519575245	
12595.0952	0.03920000000107393	Ripples	0.03920000000107393	12595.104000000001	10.54573453552153	157.22924514778066	953.799413857886	
12595.748000000001	0.06879999999910069	Ripples	0.06879999999910069	12595.7952	9.354117701179955	154.80485278895338	589.5100469363365	
12607.4128	0.0408000000006723	Ripples	0.0408000000006723	12607.436000000002	6.041334907242321	146.05649438812486	530.3335809568321	
12609.0704	0.042400000000270666	Ripples	0.042400000000270666	12609.092	31.728016678871942	153.3869443146896	1796.100768522837	
12610.6784	0.022399999999834108	Ripples	0.022399999999834108	12610.6872	7.091667377017264	155.0604601678396	739.604185000976	
12615.3184	0.06960000000071886	Ripples	0.06960000000071886	12615.3528	18.6971661706472	147.24627722880203	1266.867930138229	
12615.727200000001	0.0591999999996915	Ripples	0.0591999999996915	12615.7536	19.889359506083053	147.3624334298529	1139.0114346996113	
12618.421600000001	0.05679999999847496	Ripples	0.05679999999847496	12618.4504	8.22949477248776	145.4632869671506	698.565816809742	
12625.9616	0.03919999999925494	Ripples	0.03919999999925494	12625.9904	13.132835988568303	151.71160381681946	1071.577206592775	
12626.0624	0.0272000000004482	Ripples	0.0272000000004482	12626.08	6.712206633264876	156.52487540462042	774.4821060749548	
12630.444800000001	0.08560000000034051	Ripples	0.08560000000034051	12630.472	14.622161259289639	147.58703613405115	965.1275463062955	
12631.6344	0.04399999999986903	Ripples	0.04399999999986903	12631.6488	15.757084406072199	149.60418252075297	1065.3251055200903	
12633.3472	0.04320000000006985	Ripples	0.04320000000006985	12633.358400000001	8.050728367031311	151.87936237127823	748.7641081824058	
12633.4248	0.044799999999668216	Ripples	0.044799999999668216	12633.4432	8.283932420443325	151.80505331602333	718.6899088612187	
12637.981600000001	0.03359999999884167	Ripples	0.03359999999884167	12637.9968	6.838485769221513	148.08304840294988	675.6113913215288	
12654.1808	0.04160000000047148	Ripples	0.04160000000047148	12654.2072	14.76581959786836	155.3989108267017	1008.0093504800479	
12658.1632	0.04799999999886495	Ripples	0.04799999999886495	12658.1808	23.209853871387597	150.84644059275035	1389.0742985113188	
12658.888	0.06639999999970314	Ripples	0.06639999999970314	12658.9256	18.968170161252353	149.21401834003944	1048.632566265183	
12662.7032	0.06240000000070722	Ripples	0.06240000000070722	12662.7328	23.322018697648787	149.27486751676852	1264.4869381573315	
12665.416000000001	0.0727999999999156	Ripples	0.0727999999999156	12665.4344	12.039219958255416	157.66700202142397	1056.4504055890884	
12671.8176	0.056000000000494765	Ripples	0.056000000000494765	12671.84	12.139392243269665	143.56881066426214	931.4644165227916	
12671.901600000001	0.046399999999266583	Ripples	0.046399999999266583	12671.930400000001	30.437797349734577	156.15741144951838	1924.5622477308484	
12672.7736	0.03280000000086147	Ripples	0.03280000000086147	12672.7968	15.331798501673005	156.55175537842865	1247.3826221555232	
12675.6816	0.06640000000152213	Ripples	0.06640000000152213	12675.7232	14.894250017402475	140.40553372504408	901.4851735390324	
12677.9168	0.02479999999923166	Ripples	0.02479999999923166	12677.928	14.58065365090427	163.02869977940483	1314.453254241263	
12678.633600000001	0.05199999999967986	Ripples	0.05199999999967986	12678.656	10.179797164627871	145.50652480833517	704.7585300682847	
12678.763200000001	0.028800000000046566	Ripples	0.028800000000046566	12678.7744	6.490449594588588	151.98280738721283	735.0745203143085	
12687.396	0.02080000000023574	Ripples	0.02080000000023574	12687.407200000001	7.156551401524112	159.55899184918894	830.3979317236451	
12689.5736	0.044800000001487206	Ripples	0.044800000001487206	12689.596800000001	25.73444170565699	144.62775604902143	1397.0775733819723	
12692.8552	0.04960000000028231	Ripples	0.04960000000028231	12692.893600000001	8.529355014971106	145.98064339761785	583.1430783880936	
12693.6	0.048800000000483124	Ripples	0.048800000000483124	12693.6232	10.30096928424487	143.96152579019366	780.2062174944313	
12694.704	0.03840000000127475	Ripples	0.03840000000127475	12694.720000000001	11.405970162006923	152.70467485810715	787.1187950958135	
12694.996000000001	0.0319999999992433	Ripples	0.0319999999992433	12695.017600000001	19.946719443679697	156.69056881995948	1321.6429172902438	
12695.378400000001	0.05040000000008149	Ripples	0.05040000000008149	12695.4024	5.403835435452154	153.62542489788174	412.2484434904433	
12700.6568	0.021600000000034925	Ripples	0.021600000000034925	12700.6656	7.126044966730337	163.53629248470773	903.2789117005248	
12707.1808	0.028800000000046566	Ripples	0.028800000000046566	12707.1952	6.547094466670616	149.86486807414056	732.3444907653279	
12707.8192	0.042400000000270666	Ripples	0.042400000000270666	12707.84	5.832451283301059	141.21726420728226	359.24311970364346	
12707.937600000001	0.028800000000046566	Ripples	0.028800000000046566	12707.952800000001	5.90849057107573	150.26766543677914	714.5847533914816	
12716.8832	0.028000000000247383	Ripples	0.028000000000247383	12716.8976	10.105575202524346	155.28718857902183	1083.428165973314	
12718.9352	0.0544000000008964	Ripples	0.0544000000008964	12718.9488	14.044138136890007	156.93175301969876	1420.6145076492621	
12722.212000000001	0.05040000000008149	Ripples	0.05040000000008149	12722.248000000001	10.626423424827586	149.82980445043594	1041.1363759327191	
12724.2168	0.04960000000028231	Ripples	0.04960000000028231	12724.252	11.523232806287222	146.90261369634112	768.7515920765214	
12724.4136	0.03920000000107393	Ripples	0.03920000000107393	12724.428800000002	21.99181216168704	155.5900349584276	1577.3030699847682	
12724.973600000001	0.02959999999984575	Ripples	0.02959999999984575	12724.988000000001	8.62847235989106	151.60242232391695	851.3281519781608	
12727.4968	0.02080000000023574	Ripples	0.02080000000023574	12727.5112	8.430239258105997	161.6767658861947	898.6488304975564	
12729.7664	0.03920000000107393	Ripples	0.03920000000107393	12729.7816	41.29346355811106	156.2378825801896	2075.07482005107	
12731.2592	0.028800000000046566	Ripples	0.028800000000046566	12731.276800000001	7.860464098588547	151.72616059777062	728.6822355931705	
12731.668800000001	0.03600000000005821	Ripples	0.03600000000005821	12731.6792	5.2133711946729715	153.76299992295142	651.3116265457876	
12731.768	0.024000000001251465	Ripples	0.024000000001251465	12731.78	9.464755942311227	156.2738505742581	986.0516479195051	
12736.76	0.037599999999656575	Ripples	0.037599999999656575	12736.7896	8.055222792889369	149.92955421223138	715.9702936832726	
12737.1288	0.030399999999644933	Ripples	0.030399999999644933	12737.1512	6.44386332179065	147.83534435927712	555.1467137001855	
12747.0512	0.04560000000128639	Ripples	0.04560000000128639	12747.0704	5.958077500098706	147.0850978081133	599.5147085563565	
12747.154400000001	0.023199999999633292	Ripples	0.023199999999633292	12747.1632	15.169365533870588	161.61754738271915	1155.479392843051	
12749.2368	0.03919999999925494	Ripples	0.03919999999925494	12749.2592	18.60787845275476	152.3721857923112	1323.1994342781134	
12750.892800000001	0.0503999999982625	Ripples	0.0503999999982625	12750.9184	40.74253739747027	153.99171695230802	2261.802448268844	
12754.3752	0.0727999999999156	Ripples	0.0727999999999156	12754.4168	34.33001805297213	152.82707724343962	1833.0277646914674	
12757.421600000001	0.05279999999947904	Ripples	0.05279999999947904	12757.4504	27.860833044939866	152.48059578737863	1797.493305227104	
12757.78	0.025600000000849832	Ripples	0.025600000000849832	12757.7976	7.029575080613346	153.60578125762746	715.0523749538744	
12761.7664	0.04160000000047148	Ripples	0.04160000000047148	12761.7808	30.61961114887839	158.42654910985596	1828.516557415822	
12762.1	0.04160000000047148	Ripples	0.04160000000047148	12762.119200000001	11.32002782598595	156.3955833549989	873.799522200144	
12769.5792	0.0544000000008964	Ripples	0.0544000000008964	12769.6208	16.289800600849087	154.43327634256295	1313.600503260049	
12769.7144	0.02959999999984575	Ripples	0.02959999999984575	12769.733600000001	9.900134158977718	152.86691187582718	995.371741382162	
12771.464	0.0632000000005064	Ripples	0.0632000000005064	12771.5144	11.359103885143423	157.57115258939496	876.2586533979761	
12774.052800000001	0.044799999999668216	Ripples	0.044799999999668216	12774.0776	18.15207702592451	153.65666193355415	1591.4365162042468	
12777.048	0.025599999999030842	Ripples	0.025599999999030842	12777.0624	5.250857968627075	153.14962358892518	691.12939178088	
12787.155200000001	0.031199999999444117	Ripples	0.031199999999444117	12787.1744	9.355217005846919	151.84195827850513	739.4626744072892	
12787.396	0.06719999999950232	Ripples	0.06719999999950232	12787.4352	34.26537909720557	150.3130753517846	2060.5208738617	
12790.452800000001	0.021600000000034925	Ripples	0.021600000000034925	12790.467200000001	5.16038349485441	149.51317484500203	639.0288893664724	
12793.704	0.04320000000006985	Ripples	0.04320000000006985	12793.7256	24.932162421187186	152.51330969522664	1734.6024942504366	
12796.704800000001	0.04079999999885331	Ripples	0.04079999999885331	12796.716	23.757373291849447	155.6724867316804	1557.9206929139732	
12797.2592	0.025600000000849832	Ripples	0.025600000000849832	12797.270400000001	7.508875483848383	156.95301213172036	899.6847349855362	
12800.844000000001	0.03839999999945576	Ripples	0.03839999999945576	12800.8688	10.224175688426293	148.18521164673032	893.7527799856507	
12804.212000000001	0.03439999999864085	Ripples	0.03439999999864085	12804.2312	16.616242431568722	152.2605295045745	1248.7765636024424	
12804.612000000001	0.05040000000008149	Ripples	0.05040000000008149	12804.6224	13.56202517166064	156.8035676519328	1251.7701088858569	
12808.6448	0.042400000000270666	Ripples	0.042400000000270666	12808.6568	7.380430929732865	151.2585909271063	611.1254698509554	
12814.0616	0.03679999999985739	Ripples	0.03679999999985739	12814.0696	9.638880747341902	152.50723747899303	785.2922079859277	
12819.9624	0.021600000000034925	Ripples	0.021600000000034925	12819.9768	5.678123179783553	155.85906425082484	731.8291839435107	
12823.240800000001	0.03679999999985739	Ripples	0.03679999999985739	12823.2672	10.829119678861964	150.78396077770256	1022.6173851344099	
12829.4128	0.051199999999880674	Ripples	0.051199999999880674	12829.4272	8.286790614987401	150.19617708690822	683.5623438071248	
12833.213600000001	0.02080000000023574	Ripples	0.02080000000023574	12833.2248	5.829654128794731	154.85662930625617	792.8012026517634	
12837.0488	0.05520000000069558	Ripples	0.05520000000069558	12837.0792	25.58019872432685	145.14157140724998	1498.11250299881	
12841.7672	0.06240000000070722	Ripples	0.06240000000070722	12841.800000000001	16.576869555110097	151.14174418474022	1280.3922739597251	
12842.132800000001	0.05279999999947904	Ripples	0.05279999999947904	12842.1576	7.262925025376533	161.82509108503643	945.5824359107328	
12848.0504	0.03840000000127475	Ripples	0.03840000000127475	12848.066400000002	9.760600974003527	148.2302784220048	801.0580260993048	
12849.4344	0.040000000000873115	Ripples	0.040000000000873115	12849.444800000001	5.697508924869523	151.79028735891842	539.1262114491897	
12851.1632	0.026400000000649015	Ripples	0.026400000000649015	12851.1816	11.754006844081488	158.4851195048123	972.4165975830575	
12854.3776	0.06640000000152213	Ripples	0.06640000000152213	12854.422400000001	28.268092547644248	145.78117978833927	1402.998953341159	
12857.748800000001	0.0455999999994674	Ripples	0.0455999999994674	12857.772	19.198677956375153	146.51501898891954	1168.6419411375186	
12858.5632	0.03360000000066066	Ripples	0.03360000000066066	12858.588800000001	12.148617826059427	149.7458213245954	897.4935482366652	
12860.233600000001	0.04320000000006985	Ripples	0.04320000000006985	12860.252	35.18614256742997	149.547648179347	1898.1846441911514	
12860.3696	0.021600000000034925	Ripples	0.021600000000034925	12860.3808	8.815960520517748	160.2182788919469	993.1316539839179	
12863.692000000001	0.0319999999992433	Ripples	0.0319999999992433	12863.713600000001	7.981291554723561	154.31355052278968	880.7807233529119	
12864.0288	0.02480000000105065	Ripples	0.02480000000105065	12864.04	5.6117413528348	150.81243083081503	663.5684414941888	
12864.5848	0.021600000000034925	Ripples	0.021600000000034925	12864.5984	9.094556199438985	158.247921801952	960.1393639073527	
12869.624800000001	0.026399999998830026	Ripples	0.026399999998830026	12869.640800000001	10.38751426977989	153.20564322043757	971.4120385498815	
12870.1024	0.03920000000107393	Ripples	0.03920000000107393	12870.118400000001	11.843230957364804	143.80944791525914	845.0816380698074	
12870.3552	0.025600000000849832	Ripples	0.025600000000849832	12870.3704	5.194923319146823	151.74223685001618	715.4827394754457	
12879.878400000001	0.08159999999952561	Ripples	0.08159999999952561	12879.8984	10.927377489220435	146.05864732996523	698.5391465608857	
12882.78	0.02479999999923166	Ripples	0.02479999999923166	12882.791200000001	7.348486430913651	162.206859272088	966.8297845288099	
12886.2152	0.026400000000649015	Ripples	0.026400000000649015	12886.234400000001	5.823768796852107	153.68935694336378	662.9412979717065	
12899.2464	0.04960000000028231	Ripples	0.04960000000028231	12899.2584	12.11962208990737	152.3337776509068	971.445438685601	
12899.857600000001	0.02080000000023574	Ripples	0.02080000000023574	12899.8688	16.29831335832892	163.6636036979459	1158.9527593867574	
12899.9256	0.07920000000012806	Ripples	0.07920000000012806	12899.994400000001	16.216283420411386	155.73040494437407	1018.2896313173547	
12900.6736	0.056000000000494765	Ripples	0.056000000000494765	12900.698400000001	37.84452957194147	148.95990877064935	1958.0836570678493	
12906.161600000001	0.037599999999656575	Ripples	0.037599999999656575	12906.1888	22.31370210353749	151.94637564694392	1507.7033591264362	
12906.664	0.03919999999925494	Ripples	0.03919999999925494	12906.6816	28.2466428865313	151.3746639496556	1683.6275690285427	
12906.922400000001	0.03679999999985739	Ripples	0.03679999999985739	12906.945600000001	17.845103464108444	154.5219116837285	1320.9293404419989	
12908.388	0.03360000000066066	Ripples	0.03360000000066066	12908.4136	10.172474767208062	147.7000332947772	773.4667952857468	
12914.9856	0.03440000000045984	Ripples	0.03440000000045984	12915.0056	8.71598154035872	144.5730624717599	585.566867654344	
12915.068800000001	0.04079999999885331	Ripples	0.04079999999885331	12915.0872	18.964916882355258	153.14637320891654	1091.6475271606155	
12922.503200000001	0.05040000000008149	Ripples	0.05040000000008149	12922.524800000001	24.335925198344885	144.68666198388985	1333.7230253037526	
12922.9536	0.031199999999444117	Ripples	0.031199999999444117	12922.9624	11.035612752729822	156.43116337119937	924.6891229959674	
12933.0696	0.06079999999928987	Ripples	0.06079999999928987	12933.1064	36.94839284358165	148.25545157498016	1901.6038001849402	
12933.2296	0.05760000000009313	Ripples	0.05760000000009313	12933.262400000001	26.214599849041434	152.077651313877	1462.7844571024384	
12935.081600000001	0.05999999999949068	Ripples	0.05999999999949068	12935.104000000001	18.342212577141577	159.99563165960816	1092.3511387255217	
12935.2608	0.03360000000066066	Ripples	0.03360000000066066	12935.288	6.610889257696809	155.90786756810485	774.9455404428854	
12942.169600000001	0.02959999999984575	Ripples	0.02959999999984575	12942.192000000001	5.112909099521024	145.61001095659387	616.7274137926844	
12943.9696	0.0455999999994674	Ripples	0.0455999999994674	12944.0048	14.02777916912954	161.73083080590794	833.686931506167	
12944.272	0.032799999999042484	Ripples	0.032799999999042484	12944.2896	5.676177579496254	152.04280814596947	607.5800932561168	
12944.8488	0.030400000001463923	Ripples	0.030400000001463923	12944.8696	11.641810706080381	155.43016490820216	1082.6906708811882	
12945.6352	0.03280000000086147	Ripples	0.03280000000086147	12945.646400000001	13.870643385766927	151.85413826543103	1088.358535137915	
12945.7448	0.03839999999945576	Ripples	0.03839999999945576	12945.762400000001	33.92001165412727	155.67396416780713	1804.5534108181444	
12946.932	0.035200000000259024	Ripples	0.035200000000259024	12946.9408	8.042822768639024	165.8836334394681	832.2421405458153	
12950.4896	0.056000000000494765	Ripples	0.056000000000494765	12950.536	8.086887993103456	153.68995299150194	860.8540870467801	
12950.566400000002	0.031199999999444117	Ripples	0.031199999999444117	12950.5856	7.284787478623976	146.59982661529293	654.3879613770225	
12953.2576	0.05680000000029395	Ripples	0.05680000000029395	12953.3008	7.669579799699637	143.23761578442983	656.6703766393103	
12963.907200000001	0.0503999999982625	Ripples	0.0503999999982625	12963.928800000002	33.53691438676293	157.47077897903083	1845.9217644170333	
12965.349600000001	0.02719999999862921	Ripples	0.02719999999862921	12965.3664	15.372448943647152	160.29384582673094	1269.9477365628738	
12965.581600000001	0.02479999999923166	Ripples	0.02479999999923166	12965.592	5.514387405203362	152.97131774310387	750.3287805044417	
12988.936800000001	0.06480000000010477	Ripples	0.06480000000010477	12988.9768	12.927482619093087	154.3781356828776	1296.181890298387	
12991.228000000001	0.0272000000004482	Ripples	0.0272000000004482	12991.248000000001	9.420934236295603	152.89324138037244	837.2509545559703	
12991.8672	0.06880000000091968	Ripples	0.06880000000091968	12991.892800000001	25.294975265446734	149.15925029694554	1440.2839993670211	
12992.1576	0.05040000000008149	Ripples	0.05040000000008149	12992.183200000001	15.067045852058175	151.2906439391544	1048.1030367804624	
12995.480000000001	0.039999999999054126	Ripples	0.039999999999054126	12995.4984	15.453927144437566	149.61270413779332	1208.0294235708561	
12997.6064	0.044799999999668216	Ripples	0.044799999999668216	12997.617600000001	9.780102874302424	153.91237011518265	767.7074367076191	
12998.1128	0.048800000000483124	Ripples	0.048800000000483124	12998.140000000001	14.214963543919817	144.79262125945607	905.4206252010728	
13005.4928	0.04160000000047148	Ripples	0.04160000000047148	13005.5136	27.255618701041072	155.70402836888817	1926.1526428807006	
13010.480000000001	0.031199999999444117	Ripples	0.031199999999444117	13010.4968	22.12661708365947	159.04882614531502	1558.616161096944	
13019.3336	0.07360000000153377	Ripples	0.07360000000153377	13019.365600000001	16.620431177562715	148.10678156868266	928.2050943158908	
13021.184000000001	0.026399999998830026	Ripples	0.026399999998830026	13021.206400000001	5.014217704149815	155.75012881074403	685.5021987650604	
13022.3376	0.04160000000047148	Ripples	0.04160000000047148	13022.3696	16.899526164222163	153.14060634590737	1223.497235116705	
13024.8832	0.04320000000006985	Ripples	0.04320000000006985	13024.900800000001	32.263750584312056	156.55118693712063	2029.3990682883575	
13026.2032	0.06720000000132131	Ripples	0.06720000000132131	13026.248800000001	9.579734456211295	158.07571650975123	673.9671360322781	
13028.865600000001	0.03359999999884167	Ripples	0.03359999999884167	13028.8776	7.090350244312967	152.74013723324805	754.2407837839747	
13029.0768	0.0272000000004482	Ripples	0.0272000000004482	13029.092	7.192233174974821	146.38338536131536	683.306122230383	
13030.9768	0.0272000000004482	Ripples	0.0272000000004482	13030.9968	6.481775275946694	150.26847733697855	783.1540070352354	
13034.4024	0.026400000000649015	Ripples	0.026400000000649015	13034.4176	19.11801547376462	159.54875082124124	1306.2748887440125	
13039.117600000001	0.03919999999925494	Ripples	0.03919999999925494	13039.132000000001	16.941678282360545	157.0238045744917	1360.2040980783927	
13040.376	0.0272000000004482	Ripples	0.0272000000004482	13040.392	14.060732821750385	154.81774389116214	955.3570599845294	
13040.812	0.03679999999985739	Ripples	0.03679999999985739	13040.8344	9.265230739039046	148.4989064072419	780.7408015477371	
13044.2688	0.03440000000045984	Ripples	0.03440000000045984	13044.284800000001	6.685618443440374	155.3516957359185	542.4926027230081	
13045.4056	0.06000000000130967	Ripples	0.06000000000130967	13045.424	11.288309448622355	156.5633339423859	707.0715857399335	
13046.8536	0.03600000000005821	Ripples	0.03600000000005821	13046.8752	15.527172189556628	152.36850741379484	1254.7912425140416	
13052.0224	0.04160000000047148	Ripples	0.04160000000047148	13052.0424	8.070201007033447	155.8244658519809	552.1285098587834	
13059.460000000001	0.030399999999644933	Ripples	0.030399999999644933	13059.4792	8.667848472676443	151.74343227500458	753.0395805842021	
13059.6136	0.035200000000259024	Ripples	0.035200000000259024	13059.6384	8.82738506295921	152.68875425041364	1018.5406246428796	
13059.6728	0.040000000000873115	Ripples	0.040000000000873115	13059.6952	11.392556364552208	151.45841935416044	920.566494211655	
13062.7872	0.08159999999952561	Ripples	0.08159999999952561	13062.806400000001	8.481269950902462	152.8007386599515	680.7630087142483	
13063.125600000001	0.022399999999834108	Ripples	0.022399999999834108	13063.1376	10.864196240800277	161.0423318403104	946.7024637303357	
13063.4504	0.028800000000046566	Ripples	0.028800000000046566	13063.4712	6.917391451157703	156.73199963134402	893.2388907311893	
13065.003200000001	0.026399999998830026	Ripples	0.026399999998830026	13065.012	6.7427711856746395	156.11185906808922	646.4931905465521	
13065.1432	0.05520000000069558	Ripples	0.05520000000069558	13065.18	10.176800465550276	158.78248767657288	743.7657944327822	
13066.5696	0.023999999999432475	Ripples	0.023999999999432475	13066.581600000001	6.810819182122125	147.1611403776613	697.2967346229357	
13066.980800000001	0.021600000000034925	Ripples	0.021600000000034925	13066.992	7.42271854788062	152.7507686298564	832.7463704068196	
13067.2376	0.028000000000247383	Ripples	0.028000000000247383	13067.2472	7.975093832722465	156.5983551579482	649.4169548687754	
13077.343200000001	0.04399999999986903	Ripples	0.04399999999986903	13077.3824	6.601839604245296	164.54188850396872	727.887700221199	
13081.429600000001	0.021600000000034925	Ripples	0.021600000000034925	13081.443200000002	16.9676115161676	163.98251113056287	1268.216374479549	
13083.772	0.02080000000023574	Ripples	0.02080000000023574	13083.784800000001	5.869060301394092	152.96418276711606	386.199617781983	
13120.1136	0.026400000000649015	Ripples	0.026400000000649015	13120.132000000001	8.015389606499888	158.6034955576258	878.9561541016158	
13124.236	0.04719999999906577	Ripples	0.04719999999906577	13124.2648	19.32410828000663	146.97886654042185	1075.6973592407041	
13125.0616	0.04399999999986903	Ripples	0.04399999999986903	13125.0944	8.825933047862074	149.39689228248702	794.2982500409137	
13135.308	0.05199999999967986	Ripples	0.05199999999967986	13135.3256	5.854684082956745	151.14642641430183	521.5913218650777	
13136.0848	0.044799999999668216	Ripples	0.044799999999668216	13136.1016	24.617808885405868	159.0931243614202	1603.0301413549885	
13137.452800000001	0.06639999999970314	Ripples	0.06639999999970314	13137.508	6.8011080039582446	147.28035240761983	670.0236406875284	
13137.6064	0.0319999999992433	Ripples	0.0319999999992433	13137.628	10.649066328601792	153.1556989443652	835.3894953299449	
13139.814400000001	0.023999999999432475	Ripples	0.023999999999432475	13139.8232	5.905388105910967	150.4652167635479	691.802232460489	
13143.812800000002	0.037599999999656575	Ripples	0.037599999999656575	13143.820800000001	5.147549746819659	163.13701527083418	617.9827752424741	
13147.155200000001	0.04320000000006985	Ripples	0.04320000000006985	13147.18	15.239004708499301	148.1681682273689	1059.7002824002952	
13149.4416	0.02480000000105065	Ripples	0.02480000000105065	13149.458400000001	7.912544054438741	154.1392128464694	844.6217292200909	
13149.6728	0.022399999999834108	Ripples	0.022399999999834108	13149.691200000001	5.636753302201869	153.497782958524	628.9058475121916	
13153.6944	0.05040000000008149	Ripples	0.05040000000008149	13153.727200000001	12.668715224488228	144.8174242361773	880.7329704513327	
13153.792800000001	0.039999999999054126	Ripples	0.039999999999054126	13153.814400000001	47.12792655697904	155.38425122933145	2060.9397171640276	
13159.742400000001	0.025599999999030842	Ripples	0.025599999999030842	13159.756800000001	17.794643794390772	159.36498308450754	1354.36972322069	
13173.365600000001	0.08319999999912397	Ripples	0.08319999999912397	13173.430400000001	8.266386350448505	152.2988427822404	698.1593932090078	
13173.7744	0.04399999999986903	Ripples	0.04399999999986903	13173.792000000001	20.01802010513209	158.9196085785507	1672.637362226732	
13173.9864	0.0408000000006723	Ripples	0.0408000000006723	13174.009600000001	8.80057964399225	150.48149793794803	786.5353123086627	
13175.922400000001	0.03919999999925494	Ripples	0.03919999999925494	13175.936800000001	11.608625203521745	151.27906630160086	1044.418133438279	
13179.423200000001	0.023199999999633292	Ripples	0.023199999999633292	13179.4344	10.35252644235325	155.38869555842385	970.3508307298134	
13179.516000000001	0.07679999999891152	Ripples	0.07679999999891152	13179.574400000001	11.563549009880983	142.1508023236799	716.368770766934	
13180.4272	0.03679999999985739	Ripples	0.03679999999985739	13180.443200000002	16.81261590986981	147.15952824928848	1298.5320644898684	
13181.0408	0.021600000000034925	Ripples	0.021600000000034925	13181.0552	7.75269134768981	157.7341901906176	733.2414966166762	
13192.4688	0.0544000000008964	Ripples	0.0544000000008964	13192.504	11.321164371910768	151.26779808288188	697.4494068941701	
13192.712800000001	0.04079999999885331	Ripples	0.04079999999885331	13192.7312	7.667907590981409	142.79720624644267	644.7643657720879	
13197.1136	0.025600000000849832	Ripples	0.025600000000849832	13197.1312	7.17658768446705	157.09672866245012	776.852024702741	
13203.037600000001	0.027999999998428393	Ripples	0.027999999998428393	13203.0544	14.762291137342176	157.0425890696028	1290.9206044887276	
13212.3616	0.04399999999986903	Ripples	0.04399999999986903	13212.3776	27.07561029166646	156.88752929296504	1854.8514006821795	
13213.3888	0.07519999999931315	Ripples	0.07519999999931315	13213.400000000001	9.308290218718184	153.62692364472724	868.4197011201055	
13214.2576	0.04320000000006985	Ripples	0.04320000000006985	13214.28	15.08090778967992	154.2356777692057	1221.7460734840292	
13214.8968	0.031199999999444117	Ripples	0.031199999999444117	13214.907200000001	5.415460490055776	161.4191785999195	499.11950251176444	
13228.2536	0.042400000000270666	Ripples	0.042400000000270666	13228.2864	5.8436754213508495	147.6797294750303	570.0001778043826	
13232.3968	0.05199999999967986	Ripples	0.05199999999967986	13232.4024	7.469970136743588	159.98199017990012	889.3312812244077	
13233.528	0.05040000000008149	Ripples	0.05040000000008149	13233.5424	27.984959859273015	152.10340013556504	1633.275302899686	
13234.204800000001	0.031199999999444117	Ripples	0.031199999999444117	13234.213600000001	7.441391027228097	151.5707854524092	600.2513875128266	
13238.0512	0.030400000001463923	Ripples	0.030400000001463923	13238.0632	10.47300185239644	151.5563337400284	770.0191922394522	
13238.552800000001	0.06079999999928987	Ripples	0.06079999999928987	13238.592	12.001839779095981	146.98165483026682	687.799321568347	
13239.7944	0.02080000000023574	Ripples	0.02080000000023574	13239.8048	8.765142738177895	160.6762063517578	844.0339056554844	
13245.467200000001	0.028000000000247383	Ripples	0.028000000000247383	13245.484	9.889498321532725	154.10401264387585	932.4337327936713	
13247.8232	0.053599999999278225	Ripples	0.053599999999278225	13247.8384	6.070850595836055	144.03852587149578	382.2279463437203	
13254.3816	0.04399999999986903	Ripples	0.04399999999986903	13254.4048	6.738817961868124	145.41216985074894	636.0582466941574	
13262.429600000001	0.03439999999864085	Ripples	0.03439999999864085	13262.4416	14.60772580645202	151.37303309603837	1053.0802718651626	
13265.088800000001	0.062399999998888234	Ripples	0.062399999998888234	13265.103200000001	17.47700866765662	152.14785177655145	1432.4889540808	
13265.242400000001	0.04399999999986903	Ripples	0.04399999999986903	13265.2608	5.30649886829521	149.81490267606395	594.4815676982541	
13268.2592	0.03360000000066066	Ripples	0.03360000000066066	13268.284800000001	7.459834199629804	149.26011470571905	834.454059407923	
13269.8752	0.05279999999947904	Ripples	0.05279999999947904	13269.9056	5.56894349274687	150.4033465221322	667.9976998135118	
13283.7032	0.02480000000105065	Ripples	0.02480000000105065	13283.720000000001	6.555039644574736	150.55017391147786	572.5234114953937	
13283.8688	0.02959999999984575	Ripples	0.02959999999984575	13283.880000000001	6.806154914740915	154.7880922932808	720.9843965169565	
13285.6272	0.02959999999984575	Ripples	0.02959999999984575	13285.6488	8.848048390878468	152.97981601477105	717.5006457949981	
13292.414400000001	0.023199999999633292	Ripples	0.023199999999633292	13292.4264	9.299300864255795	158.33486738277563	820.5568570448675	
13292.467200000001	0.06400000000030559	Ripples	0.06400000000030559	13292.5208	8.27737991685243	148.34560380955799	738.0317332480296	
13300.972800000001	0.026399999998830026	Ripples	0.026399999998830026	13300.9848	15.004270570895603	159.5602671308701	1285.594832212553	
13322.0	14.0	SleepStates						REM
13337.0	11.0	SleepStates						Awake
13347.9608	0.05999999999949068	Ripples	0.05999999999949068	13347.994400000001	13.538911094946217	151.1113466729929	869.5548186868192	
13348.3848	0.05680000000029395	Ripples	0.05680000000029395	13348.4104	39.90424219305944	147.6989506842009	1899.1548307556477	
13349.0	262.0	SleepStates						Non-REM
13353.938400000001	0.053599999999278225	Ripples	0.053599999999278225	13353.9784	14.08204042856053	151.81663483588207	1141.7923773506154	
13355.632000000001	0.02719999999862921	Ripples	0.02719999999862921	13355.6512	5.75765545950314	147.24079699509647	484.11408182161733	
13360.451200000001	0.0455999999994674	Ripples	0.0455999999994674	13360.4696	20.822583483795388	145.79227699293594	1211.042561787304	
13360.648000000001	0.053599999999278225	Ripples	0.053599999999278225	13360.690400000001	19.714334220279635	150.7995923578309	1458.4957150897355	
13362.3672	0.020000000000436557	Ripples	0.020000000000436557	13362.379200000001	6.0438826008333	154.40742504741903	703.8932536591655	
13366.7976	0.030400000001463923	Ripples	0.030400000001463923	13366.8096	8.137693540570561	152.754075891052	814.3453375415077	
13366.8976	0.05520000000069558	Ripples	0.05520000000069558	13366.9312	16.90187217768782	149.64090071653467	1112.1849473748591	
13369.5512	0.03679999999985739	Ripples	0.03679999999985739	13369.5656	11.134921301033776	155.60080050998343	915.3428760163707	
13370.1872	0.03920000000107393	Ripples	0.03920000000107393	13370.198400000001	9.037946019619133	151.73802503551732	932.4065371889092	
13370.8592	0.028000000000247383	Ripples	0.028000000000247383	13370.8736	12.312710209543859	156.84014836940597	1135.822046601946	
13371.016000000001	0.025599999999030842	Ripples	0.025599999999030842	13371.0336	6.683880889464683	155.4198505147288	694.4596555657213	
13371.480800000001	0.021600000000034925	Ripples	0.021600000000034925	13371.4896	8.14156574283172	158.17684384891854	958.9624259306826	
13385.474400000001	0.032799999999042484	Ripples	0.032799999999042484	13385.4864	13.796706394584247	159.604991308719	1182.3695464879424	
13391.713600000001	0.05439999999907741	Ripples	0.05439999999907741	13391.752	33.369810992199554	153.8570271189099	1826.7867134578273	
13394.654400000001	0.021600000000034925	Ripples	0.021600000000034925	13394.6648	8.388292788454603	157.90162876523968	876.1925038398757	
13394.8832	0.023199999999633292	Ripples	0.023199999999633292	13394.8952	6.975505196272249	152.08377890527842	656.9680125945016	
13395.9848	0.023199999999633292	Ripples	0.023199999999633292	13396.0008	6.068128028752103	157.12354656591006	756.2868447730605	
13397.7432	0.02479999999923166	Ripples	0.02479999999923166	13397.7576	9.149444219382783	160.56610586789952	1006.1408533645648	
13398.001600000001	0.031199999999444117	Ripples	0.031199999999444117	13398.009600000001	5.108793414606856	148.27876470927708	544.2109056505977	
13408.387200000001	0.04160000000047148	Ripples	0.04160000000047148	13408.4024	6.89766660840238	156.1801544749806	690.7358658573677	
13409.6152	0.05760000000009313	Ripples	0.05760000000009313	13409.639200000001	7.486844615052781	159.3941753649036	594.0770445671156	
13409.7544	0.024000000001251465	Ripples	0.024000000001251465	13409.7672	12.806967351285147	160.28860423461757	1178.7074006816065	
13413.936800000001	0.046399999999266583	Ripples	0.046399999999266583	13413.951200000001	27.878243765264386	157.44469237059212	1857.1208147805557	
13416.2216	0.04160000000047148	Ripples	0.04160000000047148	13416.2368	24.115136359085177	151.24774570431504	1496.88858986415	
13426.5152	0.02080000000023574	Ripples	0.02080000000023574	13426.5264	8.404977631480941	166.3823973315629	931.0798055041985	
13437.2104	0.030400000001463923	Ripples	0.030400000001463923	13437.226400000001	6.423916738334626	151.6838571131491	592.0701813998826	
13438.996000000001	0.04079999999885331	Ripples	0.04079999999885331	13439.0184	14.14001277507281	142.56800266986482	928.4978739572351	
13439.216	0.035200000000259024	Ripples	0.035200000000259024	13439.2432	5.204153803466895	167.169843437869	606.766845982304	
13439.988800000001	0.023199999999633292	Ripples	0.023199999999633292	13440.0008	7.768585318744862	150.46162566781413	731.0268126894562	
13442.3016	0.028000000000247383	Ripples	0.028000000000247383	13442.321600000001	7.207450853346901	158.9274904211984	644.028789026892	
13443.024800000001	0.02959999999984575	Ripples	0.02959999999984575	13443.0352	5.034294436540799	160.80335859563263	630.9442197198912	
13450.9168	0.032799999999042484	Ripples	0.032799999999042484	13450.9416	10.367003032399422	151.01863476810678	935.1449376577212	
13451.530400000001	0.028800000000046566	Ripples	0.028800000000046566	13451.552000000001	11.777098859393584	153.87042478353362	1032.3098667028787	
13451.796	0.020000000000436557	Ripples	0.020000000000436557	13451.8048	5.792757965498337	151.1152597924589	637.0176422551232	
13452.204000000002	0.025599999999030842	Ripples	0.025599999999030842	13452.2184	12.703314483772404	158.16193468203375	1156.4226532385344	
13452.719200000001	0.037599999999656575	Ripples	0.037599999999656575	13452.736	23.683594704977608	159.52997613865224	1762.8629396573751	
13458.545600000001	0.04799999999886495	Ripples	0.04799999999886495	13458.564	9.841282639388279	147.8303410381944	824.9230368334061	
13459.408800000001	0.04160000000047148	Ripples	0.04160000000047148	13459.4248	19.760959647762803	148.43949056271612	1245.2166294946896	
13459.9848	0.051199999999880674	Ripples	0.051199999999880674	13460.010400000001	20.14635989909706	144.7650853918309	1225.141498831867	
13468.7328	0.035200000000259024	Ripples	0.035200000000259024	13468.7512	35.705074658677134	159.42481727587958	2204.941150430911	
13475.1872	0.023199999999633292	Ripples	0.023199999999633292	13475.206400000001	6.390516581052861	159.04942108176877	633.7569950370926	
13475.342400000001	0.030399999999644933	Ripples	0.030399999999644933	13475.36	17.03836933828442	155.48485922658665	1308.6045791990114	
13476.7288	0.03600000000005821	Ripples	0.03600000000005821	13476.7432	5.1447016620762165	150.91267141636428	686.3753122145492	
13491.9096	0.048800000000483124	Ripples	0.048800000000483124	13491.9424	34.79067557960995	160.78404993622647	2342.011592854128	
13492.024800000001	0.04799999999886495	Ripples	0.04799999999886495	13492.0584	15.80885510993333	148.4666414316761	1204.8324493445368	
13498.943200000002	0.04959999999846332	Ripples	0.04959999999846332	13498.9632	7.562851885460159	150.47775026443523	427.2730305343788	
13499.0296	0.024000000001251465	Ripples	0.024000000001251465	13499.038400000001	8.931489246537161	155.53065858724122	781.3451330000692	
13506.8976	0.03840000000127475	Ripples	0.03840000000127475	13506.9096	9.988751829627144	153.93333499137023	897.6083943188348	
13516.559200000002	0.03439999999864085	Ripples	0.03439999999864085	13516.582400000001	11.053647017744597	151.4416623788219	967.5638516996343	
13524.9696	0.03679999999985739	Ripples	0.03679999999985739	13524.9752	7.884310394716087	165.53747676937985	882.7010092182098	
13525.308	0.0319999999992433	Ripples	0.0319999999992433	13525.322400000001	15.759229685190899	152.97905302868682	1219.8756571786587	
13525.404	0.04960000000028231	Ripples	0.04960000000028231	13525.415200000001	8.214876300812266	159.705973757024	653.3928931569459	
13535.198400000001	0.048799999998664134	Ripples	0.048799999998664134	13535.236	22.6263108874913	154.36329673375175	1435.6802415587729	
13540.624	0.03920000000107393	Ripples	0.03920000000107393	13540.6384	8.522419176298271	159.1624530825424	823.0965336624954	
13545.152	0.03440000000045984	Ripples	0.03440000000045984	13545.1648	12.928802831181555	152.41990058524814	948.6655587504968	
13545.276800000001	0.02479999999923166	Ripples	0.02479999999923166	13545.2952	8.078510418824793	155.8074583770829	776.1355711528336	
13545.647200000001	0.02959999999984575	Ripples	0.02959999999984575	13545.661600000001	7.902166176115762	150.38298935674928	687.0727155406615	
13548.1592	0.04960000000028231	Ripples	0.04960000000028231	13548.176800000001	24.47345934056648	151.30618528756273	1329.5482830979217	
13548.3448	0.04960000000028231	Ripples	0.04960000000028231	13548.356	6.006025042484494	159.56185499059265	574.7274923251409	
13549.6816	0.03920000000107393	Ripples	0.03920000000107393	13549.696	19.22205033167706	152.86722203225602	1421.747611934616	
13551.921600000001	0.0455999999994674	Ripples	0.0455999999994674	13551.944000000001	25.012809461140385	151.49519795146313	1593.2988988095622	
13560.312	0.028000000000247383	Ripples	0.028000000000247383	13560.3304	12.229842372157556	156.19115792752322	1006.4687304382799	
13560.697600000001	0.02079999999841675	Ripples	0.02079999999841675	13560.708	9.718435242517256	160.0593765715436	758.7095201905322	
13564.3968	0.022399999999834108	Ripples	0.022399999999834108	13564.4048	5.627343044836662	157.86325175099947	757.725446117206	
13565.894400000001	0.058399999999892316	Ripples	0.058399999999892316	13565.9104	14.936850132752285	152.3798886537648	877.539170772309	
13573.2896	0.042400000000270666	Ripples	0.042400000000270666	13573.3088	7.505281852753674	151.62993132583495	594.050920035341	
13575.3096	0.042400000000270666	Ripples	0.042400000000270666	13575.3384	18.290996148657374	150.89669984607943	1410.037232995338	
13579.9472	0.06639999999970314	Ripples	0.06639999999970314	13579.973600000001	15.846530077878077	150.61705229127548	880.819438513449	
13580.6512	0.026400000000649015	Ripples	0.026400000000649015	13580.6704	6.88136242432525	160.9902116272363	596.8904843720794	
13581.3984	0.03920000000107393	Ripples	0.03920000000107393	13581.408800000001	7.35723399369139	155.4822843801533	1015.6625928716272	
13582.0848	0.0319999999992433	Ripples	0.0319999999992433	13582.1024	14.577461580198769	154.76634905174905	1229.3727140678423	
13585.734400000001	0.051199999999880674	Ripples	0.051199999999880674	13585.771200000001	5.840133026926038	150.32345013231412	651.7638439572567	
13596.9536	0.02479999999923166	Ripples	0.02479999999923166	13596.964800000002	10.3350924938306	162.84214393996612	1113.2124447238264	
13597.1096	0.0408000000006723	Ripples	0.0408000000006723	13597.132000000001	9.599869704540245	149.17887226758734	675.5916324128194	
13604.9032	0.02479999999923166	Ripples	0.02479999999923166	13604.9136	9.774264120504993	156.5548336382862	940.773328855805	
13612.0	23.0	SleepStates						REM
13636.0	9.0	SleepStates						Awake
13644.2024	0.04800000000068394	Ripples	0.04800000000068394	13644.220000000001	24.641387928249152	152.2952288814213	1512.7350382107695	
13646.0	127.0	SleepStates						Non-REM
13647.950400000002	0.051199999999880674	Ripples	0.051199999999880674	13647.972800000001	18.00174700948207	143.554048628372	1201.6469893175577	
13650.9776	0.021600000000034925	Ripples	0.021600000000034925	13650.988800000001	10.74567516654081	164.4757897855219	1109.429417573739	
13653.936000000002	0.04799999999886495	Ripples	0.04799999999886495	13653.948	13.761484011848845	151.1406356500773	882.8895720233511	
13654.624	0.06480000000010477	Ripples	0.06480000000010477	13654.6512	12.097683565478292	152.44805732863054	895.2928227456666	
13656.506399999998	0.03839999999945576	Ripples	0.03839999999945576	13656.521599999998	22.466939017541375	155.84348065840794	1586.4672716608957	
13659.955199999999	0.051199999999880674	Ripples	0.051199999999880674	13659.998399999999	10.005054649887606	158.2190361641414	986.3301302434991	
13660.084799999999	0.03359999999884167	Ripples	0.03359999999884167	13660.095999999998	12.633880350169907	151.72981987797962	926.9561953746268	
13660.370399999998	0.028000000000247383	Ripples	0.028000000000247383	13660.384799999998	11.436810044885261	155.17558139068103	1152.2925882386457	
13660.987999999998	0.040000000000873115	Ripples	0.040000000000873115	13661.011199999997	16.940989674082104	162.88674193887468	1538.778406489145	
13663.674399999998	0.04399999999986903	Ripples	0.04399999999986903	13663.700799999999	9.600048321504906	143.28495093713207	728.0619690269419	
13674.251999999999	0.035200000000259024	Ripples	0.035200000000259024	13674.268799999998	6.090249386636658	148.80823554884935	528.6324968218163	
13674.390399999998	0.0272000000004482	Ripples	0.0272000000004482	13674.395999999999	5.267994156954848	162.73641070407217	717.2353144655078	
13676.575999999997	0.03440000000045984	Ripples	0.03440000000045984	13676.591199999999	15.76068781522426	158.97376095767578	1061.8312214802775	
13676.689599999998	0.04160000000047148	Ripples	0.04160000000047148	13676.699999999999	16.007805580761104	156.83703491926522	1277.0070448313259	
13677.749599999997	0.042400000000270666	Ripples	0.042400000000270666	13677.774399999998	12.52682427905533	149.39680816503136	1042.0167134519315	
13681.070399999999	0.0455999999994674	Ripples	0.0455999999994674	13681.090399999997	24.944640905344652	156.82702345867003	1369.6152706942387	
13682.805599999998	0.031199999999444117	Ripples	0.031199999999444117	13682.816799999999	8.135578867256687	159.32262586942676	1017.0088057615202	
13682.932799999999	0.04399999999986903	Ripples	0.04399999999986903	13682.955199999999	12.821486585835784	147.25432063625436	936.8403415803035	
13683.073599999998	0.058399999999892316	Ripples	0.058399999999892316	13683.083999999999	10.775805863108687	159.38349800717657	978.2458307265555	
13684.277599999998	0.03840000000127475	Ripples	0.03840000000127475	13684.308799999999	8.322751478259542	162.1273332559966	734.0948871966691	
13685.151999999998	0.020000000000436557	Ripples	0.020000000000436557	13685.163999999999	5.130310721031686	154.9563044283188	679.7797901480122	
13685.585599999999	0.051199999999880674	Ripples	0.051199999999880674	13685.607999999998	8.06884687822488	139.67804594820535	616.6563276654957	
13686.383999999998	0.028000000000247383	Ripples	0.028000000000247383	13686.397599999998	10.992126848926445	157.73586197872785	1074.6685472572167	
13686.524799999997	0.044800000001487206	Ripples	0.044800000001487206	13686.555199999999	14.347360299171307	150.46294505214024	1000.149480703043	
13690.956799999998	0.04399999999986903	Ripples	0.04399999999986903	13690.979199999998	17.141209792791013	148.6656573879777	1222.6405744142387	
13697.531999999997	0.0272000000004482	Ripples	0.0272000000004482	13697.539999999997	6.080612075447134	157.95658137036827	616.2349700179235	
13707.883999999998	0.046399999999266583	Ripples	0.046399999999266583	13707.912799999998	20.047416020949193	145.91131134499034	1235.0009643404758	
13708.076799999999	0.037599999999656575	Ripples	0.037599999999656575	13708.087199999998	18.43684046085822	156.9696171768527	1449.978738063134	
13711.029599999998	0.026400000000649015	Ripples	0.026400000000649015	13711.043999999998	10.290564434120997	154.3252763849346	904.3223425102195	
13711.123199999998	0.06639999999970314	Ripples	0.06639999999970314	13711.153599999998	33.98342867744009	150.34795851265994	1877.3110329274846	
13713.331999999999	0.05760000000009313	Ripples	0.05760000000009313	13713.359199999997	14.518610314257726	151.22966064546665	924.7704226109231	
13713.647999999997	0.022399999999834108	Ripples	0.022399999999834108	13713.663199999997	6.0615717263339395	159.54998108900278	777.3936318564923	
13723.732799999998	0.03360000000066066	Ripples	0.03360000000066066	13723.756799999997	5.423935850045827	153.67803906940668	573.6464711297087	
13733.526399999999	0.03679999999985739	Ripples	0.03679999999985739	13733.551999999998	23.909976868849157	152.4401352800624	1454.9315968014816	
13740.101599999998	0.0455999999994674	Ripples	0.0455999999994674	13740.135199999999	6.550209382397031	145.1258457328424	500.9207201646906	
13742.807999999997	0.02320000000145228	Ripples	0.02320000000145228	13742.819999999998	8.865990751539146	155.43629973875946	905.6479699120629	
13746.558399999998	0.04160000000047148	Ripples	0.04160000000047148	13746.566399999998	7.365080420367047	160.70462582473937	610.9347371107848	
13746.701599999999	0.03679999999985739	Ripples	0.03679999999985739	13746.722399999999	27.433911264270904	159.85888576584662	1992.0253375761545	
13752.855199999998	0.030399999999644933	Ripples	0.030399999999644933	13752.863199999998	9.018950932484326	156.10499923399922	893.6996715534292	
13774.0	155.0	SleepStates						REM
13930.0	16.0	SleepStates						Awake
13946.922399999998	0.025600000000849832	Ripples	0.025600000000849832	13946.936799999998	15.714062066121683	161.0337324053596	1189.8303848023231	
13947.0	634.0	SleepStates						Non-REM
13948.983199999999	0.06719999999950232	Ripples	0.06719999999950232	13949.030399999998	22.00152221550742	155.29324892672196	1804.085614473332	
13952.455999999998	0.031199999999444117	Ripples	0.031199999999444117	13952.469599999999	12.602055269744296	159.6204259340973	1352.6987057408041	
13952.609599999998	0.05680000000029395	Ripples	0.05680000000029395	13952.637599999998	24.150897273288997	149.95976998046905	1701.4340799937804	
13953.365599999997	0.035200000000259024	Ripples	0.035200000000259024	13953.382399999999	22.818654207296156	159.4039882004538	1557.3111168915907	
13954.360799999999	0.03359999999884167	Ripples	0.03359999999884167	13954.375199999999	7.4446183206875975	162.81616887613123	804.494940565312	
13958.454399999999	0.0455999999994674	Ripples	0.0455999999994674	13958.477599999998	20.472582811809822	151.94087353862125	1323.7868086981364	
13958.651999999998	0.08079999999972642	Ripples	0.08079999999972642	13958.688799999998	19.038749006096864	147.0986625815953	974.0524745943699	
13961.870399999998	0.03280000000086147	Ripples	0.03280000000086147	13961.883999999998	10.706687084417526	156.540162177293	893.6344429316931	
13962.254399999998	0.06880000000091968	Ripples	0.06880000000091968	13962.268799999998	35.02312140006512	157.93432396033003	2103.2253725623887	
13963.218399999998	0.022399999999834108	Ripples	0.022399999999834108	13963.230399999999	11.424263712067724	154.86678639638188	987.3857608129641	
13971.314399999997	0.03280000000086147	Ripples	0.03280000000086147	13971.329599999997	8.090989744801059	162.6062159678911	926.8885908427943	
13971.861599999998	0.03440000000045984	Ripples	0.03440000000045984	13971.879999999997	21.47142243980921	155.17874820907628	1582.3491385161576	
13973.556799999998	0.05999999999949068	Ripples	0.05999999999949068	13973.578399999999	23.328124410674526	149.71588716676263	1730.3310212854412	
13974.977599999998	0.037599999999656575	Ripples	0.037599999999656575	13974.992799999998	15.31244617526054	158.4666942581908	1058.5898697514278	
13978.261599999998	0.05040000000008149	Ripples	0.05040000000008149	13978.286399999997	12.013146002528044	145.06918279877783	965.5121323365479	
13983.459199999998	0.11920000000100117	Ripples	0.11920000000100117	13983.479999999998	26.204109505937762	149.2789799905895	1622.2587202066952	
13994.902399999997	0.03360000000066066	Ripples	0.03360000000066066	13994.925599999999	9.773712781481569	161.07716128423618	792.0177852685384	
13996.971199999998	0.07359999999971478	Ripples	0.07359999999971478	13997.006399999998	16.27417069726226	149.5757545263683	1062.047623414846	
14000.407999999998	0.048800000000483124	Ripples	0.048800000000483124	14000.442399999998	11.677226233243696	146.1079729536492	897.2588843446525	
14000.728799999999	0.02719999999862921	Ripples	0.02719999999862921	14000.742399999997	12.602050955100097	159.59538431578392	1150.7646436840719	
14003.411199999999	0.022399999999834108	Ripples	0.022399999999834108	14003.422399999998	5.759271360784048	149.4288734056083	583.0824005809893	
14009.728799999999	0.028799999998227577	Ripples	0.028799999998227577	14009.750399999997	9.040726370265153	156.8651425622278	777.5962505651119	
14010.865599999997	0.03280000000086147	Ripples	0.03280000000086147	14010.879999999997	5.145557001275183	154.01370996133778	629.4977535764016	
14011.030399999998	0.021600000000034925	Ripples	0.021600000000034925	14011.041599999999	8.857076019217603	157.26496616262372	780.5551162214941	
14016.231199999998	0.039999999999054126	Ripples	0.039999999999054126	14016.260799999998	12.540416978518408	162.6819696661307	1041.2547321335978	
14016.307999999997	0.037600000001475564	Ripples	0.037600000001475564	14016.316799999999	21.365364168073366	153.94161815209912	1232.6261417759094	
14021.489599999999	0.051199999999880674	Ripples	0.051199999999880674	14021.527999999998	27.928553134982558	159.0806664550745	1434.1002129746641	
14026.824799999999	0.07920000000012806	Ripples	0.07920000000012806	14026.871999999998	37.85429777251375	153.84802488363198	2130.1309875348907	
14028.459999999997	0.025600000000849832	Ripples	0.025600000000849832	14028.471999999998	6.529754693912727	150.5926315487193	562.3122906723154	
14029.447999999999	0.028000000000247383	Ripples	0.028000000000247383	14029.467999999999	5.778575377578375	146.2741703576349	655.6436433583173	
14029.640799999997	0.04640000000108557	Ripples	0.04640000000108557	14029.663999999999	9.853707353333101	163.52282961578072	671.8639215556602	
14030.885599999998	0.03600000000005821	Ripples	0.03600000000005821	14030.907199999998	7.024451584715036	146.98531319846333	649.2034556256838	
14039.885599999998	0.0272000000004482	Ripples	0.0272000000004482	14039.904799999998	5.235271988115863	141.49441806861662	591.835863580911	
14044.037599999998	0.05040000000008149	Ripples	0.05040000000008149	14044.073599999998	9.956385334384468	147.70324845622855	869.1349326527553	
14048.461599999999	0.02080000000023574	Ripples	0.02080000000023574	14048.472799999998	7.05193297719069	159.59046344463016	744.7438790332214	
14050.203999999998	0.0544000000008964	Ripples	0.0544000000008964	14050.236799999999	30.605272433583163	150.3443447971216	1632.0701634821573	
14051.120799999999	0.051199999999880674	Ripples	0.051199999999880674	14051.155199999997	12.497396550833232	154.61899267683134	1253.9410471165536	
14052.277599999998	0.03360000000066066	Ripples	0.03360000000066066	14052.288799999998	5.648099928996174	154.1925307023335	744.4023693127474	
14071.254399999998	0.028000000000247383	Ripples	0.028000000000247383	14071.263999999997	8.187908799165331	155.2608718586609	713.6436216828449	
14072.873599999997	0.03360000000066066	Ripples	0.03360000000066066	14072.882399999999	11.996205414416846	153.74695572261678	986.7806167810521	
14073.150399999999	0.04399999999986903	Ripples	0.04399999999986903	14073.162399999997	9.198100480988677	160.03304132310876	745.8329585490774	
14077.484799999998	0.046399999999266583	Ripples	0.046399999999266583	14077.508799999998	19.808262265738545	149.4270122605825	1099.905591125322	
14081.316799999999	0.044799999999668216	Ripples	0.044799999999668216	14081.351999999999	11.604578349124093	150.33268064835207	951.6279730350586	
14089.025599999997	0.02960000000166474	Ripples	0.02960000000166474	14089.042399999998	18.86574888377578	158.87067111801545	1460.6781434318411	
14090.043199999998	0.021600000000034925	Ripples	0.021600000000034925	14090.051199999998	6.488372797678269	154.18997920127327	755.8012884579157	
14092.032799999997	0.08320000000094296	Ripples	0.08320000000094296	14092.062399999999	17.703107823772754	146.54833081669562	1272.9749752854734	
14105.546399999997	0.03440000000045984	Ripples	0.03440000000045984	14105.571199999998	12.449687118573555	158.8208815513604	1114.4019442911444	
14105.827199999998	0.028800000000046566	Ripples	0.028800000000046566	14105.845599999999	6.987118884802934	156.05169100082506	807.0481578332849	
14106.645599999998	0.058399999999892316	Ripples	0.058399999999892316	14106.674399999998	13.680778737633467	149.12635887252753	990.2137666905307	
14106.774399999998	0.0272000000004482	Ripples	0.0272000000004482	14106.783999999998	10.255014817227053	154.87367179921392	883.4622275741381	
14110.139999999998	0.06960000000071886	Ripples	0.06960000000071886	14110.196799999998	12.88357644299311	154.6521892416021	814.5041112510879	
14111.857599999998	0.026400000000649015	Ripples	0.026400000000649015	14111.871199999998	6.853206765253	162.49265388294089	1000.1345490033071	
14113.010399999997	0.06160000000090804	Ripples	0.06160000000090804	14113.027999999998	10.03269619056989	141.41596038373882	640.1454258258881	
14114.137599999998	0.04399999999986903	Ripples	0.04399999999986903	14114.159999999998	20.773959996559345	148.9140855087794	1336.6735023779431	
14122.983199999999	0.022399999999834108	Ripples	0.022399999999834108	14122.994399999998	10.042337434906614	156.25852896880653	890.3346426812132	
14123.844799999999	0.023199999999633292	Ripples	0.023199999999633292	14123.859199999999	6.259266376194206	151.42183902355646	653.5892577941984	
14124.547199999997	0.06160000000090804	Ripples	0.06160000000090804	14124.567999999997	21.365350113185414	149.51431969468987	1279.5551957047421	
14124.747999999998	0.028800000000046566	Ripples	0.028800000000046566	14124.762399999998	28.641270100457696	158.74125511557938	1717.362287766329	
14134.043199999998	0.028000000000247383	Ripples	0.028000000000247383	14134.063199999999	6.336473256793604	148.34807916023436	591.6516181069682	
14134.352799999999	0.0319999999992433	Ripples	0.0319999999992433	14134.374399999999	15.28543654935595	154.6008764945858	1095.4813733721137	
14145.817599999998	0.04399999999986903	Ripples	0.04399999999986903	14145.839199999999	34.89796076027803	158.15147910099589	2055.0861585176913	
14146.366399999999	0.039999999999054126	Ripples	0.039999999999054126	14146.384799999998	32.58617985101392	162.36658256840977	2093.2588690842017	
14148.092799999999	0.028000000000247383	Ripples	0.028000000000247383	14148.110399999998	16.337876282772893	157.6443684968786	1275.7634082919521	
14150.518399999997	0.04320000000006985	Ripples	0.04320000000006985	14150.551199999998	9.753333267479261	152.3616468385819	1018.7448582209396	
14150.713599999997	0.03360000000066066	Ripples	0.03360000000066066	14150.737599999999	12.25573642012028	155.02952551033363	948.7540322284967	
14153.133599999997	0.060800000001108856	Ripples	0.060800000001108856	14153.158399999998	33.23933368836308	147.59134148365163	1622.7115073241964	
14155.791199999998	0.040000000000873115	Ripples	0.040000000000873115	14155.816799999999	13.60589666790692	151.14644438653355	990.84404200158	
14160.355199999998	0.04800000000068394	Ripples	0.04800000000068394	14160.391999999998	20.8503653603988	157.63049393400055	1535.7077236295872	
14163.307199999997	0.03280000000086147	Ripples	0.03280000000086147	14163.332799999998	5.868484101298301	149.63818301865135	517.5791590490252	
14163.795999999998	0.04079999999885331	Ripples	0.04079999999885331	14163.823999999999	16.558804148655376	152.9640000803072	1330.0109618001159	
14164.898399999998	0.06240000000070722	Ripples	0.06240000000070722	14164.916799999997	24.551038173467376	156.7220146709493	1544.3227560373746	
14165.287999999999	0.06400000000030559	Ripples	0.06400000000030559	14165.323999999999	9.95035997111116	156.62788556666	1011.5746195540179	
14165.396799999999	0.04159999999865249	Ripples	0.04159999999865249	14165.431199999997	8.600764488970437	158.37326070251697	795.5705161734601	
14170.100799999998	0.037599999999656575	Ripples	0.037599999999656575	14170.115999999998	20.096666086306893	154.00609214374347	1286.547779793015	
14170.187999999998	0.025599999999030842	Ripples	0.025599999999030842	14170.202399999998	8.146835193375518	153.7299639965816	870.3811246472469	
14172.897599999998	0.03919999999925494	Ripples	0.03919999999925494	14172.913599999998	18.275085907089597	158.71389693218313	1108.942216997623	
14184.025599999997	0.025600000000849832	Ripples	0.025600000000849832	14184.043999999998	6.583403818781339	148.93689505002703	582.4171451035384	
14185.904799999998	0.035200000000259024	Ripples	0.035200000000259024	14185.915999999997	6.470629427859523	153.2274642889413	793.6132460848087	
14186.301599999999	0.0319999999992433	Ripples	0.0319999999992433	14186.313599999998	10.651718186551445	161.84199332047453	990.0947027541075	
14192.845599999999	0.04159999999865249	Ripples	0.04159999999865249	14192.868799999998	23.705277787934026	151.95875164771297	1400.2007044897514	
14203.735999999999	0.02479999999923166	Ripples	0.02479999999923166	14203.749599999997	10.39952316098703	157.04434812494122	927.2410122182602	
14210.103999999998	0.040000000000873115	Ripples	0.040000000000873115	14210.112799999999	6.834830564459585	153.4476367380032	785.7819324060782	
14210.195999999998	0.023999999999432475	Ripples	0.023999999999432475	14210.206399999997	10.448337600460196	158.39767218390287	1013.4666987503091	
14211.175199999998	0.04399999999986903	Ripples	0.04399999999986903	14211.204799999998	11.142509184128468	152.38828539158686	951.3414744398527	
14211.671999999999	0.03600000000005821	Ripples	0.03600000000005821	14211.693599999999	23.666837386743513	153.71648926953887	1332.8930990631231	
14222.280799999999	0.03919999999925494	Ripples	0.03919999999925494	14222.309599999999	15.106148063568146	165.37247000446044	1282.3903851938144	
14225.690399999998	0.058399999999892316	Ripples	0.058399999999892316	14225.723999999998	25.135219198938287	152.15695738605277	1370.80372849879	
14226.529599999998	0.021600000000034925	Ripples	0.021600000000034925	14226.543999999998	10.111397261288776	161.07938317086126	1016.1951146124102	
14235.511999999999	0.03679999999985739	Ripples	0.03679999999985739	14235.527199999999	32.49369867207178	156.77641235094603	1919.9298593173135	
14236.227999999997	0.03280000000086147	Ripples	0.03280000000086147	14236.253599999998	6.3223457879314715	167.57409284566106	600.0637771429919	
14244.651999999998	0.046399999999266583	Ripples	0.046399999999266583	14244.681599999998	24.694556054646895	151.49017406421834	1493.2816387409573	
14245.787999999999	0.037599999999656575	Ripples	0.037599999999656575	14245.807199999997	9.414910871659725	148.49463326048962	752.6909404122417	
14246.369599999998	0.03600000000005821	Ripples	0.03600000000005821	14246.387999999997	14.428287361084166	150.00446582065968	1133.2201584134393	
14250.807999999997	0.0544000000008964	Ripples	0.0544000000008964	14250.814399999997	7.205794460045766	160.72338049700855	854.7830780049574	
14256.581599999998	0.06719999999950232	Ripples	0.06719999999950232	14256.607199999999	8.20320833227433	155.92632227085716	743.396228115969	
14257.639199999998	0.03920000000107393	Ripples	0.03920000000107393	14257.657599999999	39.89102724005929	153.14569749006048	1962.786475897151	
14262.063199999999	0.035200000000259024	Ripples	0.035200000000259024	14262.090399999997	9.267992261227223	154.39636194300363	782.305492220428	
14263.294399999999	0.07359999999971478	Ripples	0.07359999999971478	14263.311999999998	13.243784622869113	147.77005383541487	1069.1962681872085	
14271.850399999998	0.04320000000006985	Ripples	0.04320000000006985	14271.878399999998	9.016065548689056	156.14882294613116	589.1069424272846	
14271.955999999998	0.021600000000034925	Ripples	0.021600000000034925	14271.963199999998	5.2263879646736395	155.13347282235233	632.1823598478601	
14280.081599999998	0.04320000000006985	Ripples	0.04320000000006985	14280.094399999998	6.380800203074918	154.03668477300482	588.5230443001991	
14299.655199999997	0.028800000000046566	Ripples	0.028800000000046566	14299.669599999997	21.815975827738242	158.27335158341413	1540.024825970019	
14301.604799999997	0.044800000001487206	Ripples	0.044800000001487206	14301.620799999999	21.73425228943868	150.91107485223415	1352.8878479619657	
14304.610399999998	0.04399999999986903	Ripples	0.04399999999986903	14304.631999999998	14.970264752317913	149.28686794750163	1134.580292914731	
14307.768799999998	0.03839999999945576	Ripples	0.03839999999945576	14307.783199999998	39.55165538206566	160.47639071058558	2252.540030294144	
14311.612799999999	0.02079999999841675	Ripples	0.02079999999841675	14311.626399999997	6.062763291997622	161.0500762046496	893.0716140961584	
14314.559199999998	0.053600000001097214	Ripples	0.053600000001097214	14314.587999999998	19.732935247735934	152.40082797123043	1572.1804771980705	
14315.079999999998	0.0408000000006723	Ripples	0.0408000000006723	14315.105599999999	11.430139370209346	143.78556376837403	792.5703916630487	
14321.743199999999	0.027999999998428393	Ripples	0.027999999998428393	14321.754399999998	13.892419430168596	158.3212486925985	1065.1057629615202	
14323.468799999999	0.03359999999884167	Ripples	0.03359999999884167	14323.479999999998	7.511793309042528	156.4702259241748	625.3118768392974	
14329.078399999999	0.035200000000259024	Ripples	0.035200000000259024	14329.099999999999	39.89814279332495	157.79532005019922	2073.768404685055	
14330.846399999999	0.07439999999951397	Ripples	0.07439999999951397	14330.898399999998	13.028740302101815	147.76585389161755	822.1858224912303	
14334.404799999998	0.04399999999986903	Ripples	0.04399999999986903	14334.423199999997	20.916718282326155	153.93204747551314	1456.8843403484066	
14337.440799999998	0.028000000000247383	Ripples	0.028000000000247383	14337.451999999997	11.53024599396581	157.10542555007365	1020.8678100705469	
14337.517599999997	0.026400000000649015	Ripples	0.026400000000649015	14337.532799999997	12.711522114096317	155.44955046892014	1041.966503649588	
14338.930399999997	0.030400000001463923	Ripples	0.030400000001463923	14338.950399999998	6.979815358579717	147.7173892675289	561.5723050205263	
14340.943199999998	0.053600000001097214	Ripples	0.053600000001097214	14340.959999999997	5.331306387793015	158.44460750281766	460.20254494611703	
14341.931199999997	0.040000000000873115	Ripples	0.040000000000873115	14341.939199999999	6.933127230425895	151.10290454254334	680.092319640262	
14343.077599999999	0.042400000000270666	Ripples	0.042400000000270666	14343.095199999998	19.644868913087468	162.03305945080805	1357.2657685789932	
14346.149599999999	0.02719999999862921	Ripples	0.02719999999862921	14346.163999999999	13.981198220708576	159.66365749690235	1227.1439493181838	
14346.745599999998	0.058399999999892316	Ripples	0.058399999999892316	14346.756799999997	5.417823280239854	168.3624618353294	895.8916804188697	
14347.619999999999	0.037599999999656575	Ripples	0.037599999999656575	14347.650399999999	6.142103377936097	153.5459309378293	568.8118370259848	
14354.807999999997	0.04800000000068394	Ripples	0.04800000000068394	14354.845599999999	8.451734146934491	147.0338782447127	718.0295622980491	
14355.886399999998	0.025600000000849832	Ripples	0.025600000000849832	14355.897599999998	7.4057119297642116	156.53015534984684	661.6518681979982	
14356.375199999999	0.03359999999884167	Ripples	0.03359999999884167	14356.390399999998	13.160694656581805	153.96011231964889	1116.709796431862	
14356.865599999997	0.025600000000849832	Ripples	0.025600000000849832	14356.880799999997	24.538259054845717	160.62655871286606	1553.9555995866253	
14356.994399999998	0.028000000000247383	Ripples	0.028000000000247383	14357.014399999998	6.245649169982021	152.17991274324223	673.5422117024413	
14362.001599999998	0.07439999999951397	Ripples	0.07439999999951397	14362.035199999998	33.848844920429016	148.60471262385454	2113.738966995277	
14367.353599999999	0.020000000000436557	Ripples	0.020000000000436557	14367.364799999998	8.085366520342879	165.7755867910935	934.136954881273	
14372.455199999999	0.022399999999834108	Ripples	0.022399999999834108	14372.470399999998	5.753959624234833	154.03514509006166	703.1230408523838	
14373.803999999998	0.0272000000004482	Ripples	0.0272000000004482	14373.823199999999	14.052905165684969	154.23506264771692	1043.0962827358496	
14380.661599999998	0.040000000000873115	Ripples	0.040000000000873115	14380.683199999998	20.276762958140555	154.01323082534608	1418.4075152597165	
14380.776799999998	0.03839999999945576	Ripples	0.03839999999945576	14380.797599999998	25.72888524979896	151.82222957308446	1592.0111709108337	
14380.918399999999	0.022399999999834108	Ripples	0.022399999999834108	14380.930399999997	5.713623740808095	155.8931833283963	668.993446336964	
14395.277599999998	0.02480000000105065	Ripples	0.02480000000105065	14395.289599999998	15.891280568385673	160.15813546702108	1310.6639123942634	
14395.724799999998	0.03600000000005821	Ripples	0.03600000000005821	14395.732799999998	6.593032122431614	159.92953868486424	535.2778543076749	
14396.376799999998	0.023999999999432475	Ripples	0.023999999999432475	14396.391199999998	6.8348776620220315	162.6184628399452	890.2843861712831	
14401.665599999998	0.025599999999030842	Ripples	0.025599999999030842	14401.680799999998	14.907784192780472	155.51414636775922	1069.329103674701	
14411.129599999998	0.023999999999432475	Ripples	0.023999999999432475	14411.139999999998	5.200710254392288	155.9978132146584	769.9541975751218	
14425.824799999999	0.035200000000259024	Ripples	0.035200000000259024	14425.836799999997	9.103328240092894	151.67407225075527	699.4716311654365	
14434.435199999998	0.04320000000006985	Ripples	0.04320000000006985	14434.443199999998	5.779404954425386	158.73351334517056	478.4864803797642	
14435.119999999999	0.028799999998227577	Ripples	0.028799999998227577	14435.144799999998	5.781373019374866	161.40057140852812	669.0867003126427	
14442.414399999998	0.03440000000045984	Ripples	0.03440000000045984	14442.435199999998	23.698159336609134	158.90419247992213	1641.918805178509	
14443.564799999998	0.11119999999937136	Ripples	0.11119999999937136	14443.632799999998	15.685604361528664	147.00369953262285	947.2154575889075	
14445.522399999998	0.025600000000849832	Ripples	0.025600000000849832	14445.539999999997	6.155924189903008	154.9449667249215	918.4573399773842	
14445.861599999998	0.05279999999947904	Ripples	0.05279999999947904	14445.891199999998	7.39735344171889	162.03545920694282	537.6884114552379	
14446.055199999999	0.037599999999656575	Ripples	0.037599999999656575	14446.084799999999	11.933285764125843	151.34991172730656	935.5840219455449	
14447.935999999998	0.04960000000028231	Ripples	0.04960000000028231	14447.974399999997	11.634430050445882	148.80492570622943	694.8346956736309	
14452.541599999999	0.039999999999054126	Ripples	0.039999999999054126	14452.551999999998	7.322047000956406	158.81427184626835	878.1458864423645	
14453.781599999998	0.0319999999992433	Ripples	0.0319999999992433	14453.799999999997	8.978459033794561	158.5282469284194	973.8764603556338	
14454.480799999998	0.06160000000090804	Ripples	0.06160000000090804	14454.516799999998	6.309797725783978	162.17486035897858	535.4643577234207	
14459.286399999997	0.03600000000005821	Ripples	0.03600000000005821	14459.311999999998	16.898160958320076	159.646931826093	1294.118027752972	
14468.442399999998	0.04960000000028231	Ripples	0.04960000000028231	14468.453599999999	5.695683679316106	164.83294416752997	592.8508981903298	
14469.032799999997	0.03280000000086147	Ripples	0.03280000000086147	14469.044799999998	7.8503352849734815	166.73141473626518	690.0468346156168	
14470.131199999998	0.03440000000045984	Ripples	0.03440000000045984	14470.147199999998	5.270446300437538	149.46077911946867	441.4107530228065	
14470.333599999998	0.037599999999656575	Ripples	0.037599999999656575	14470.345599999999	11.312076652569786	150.13834374223936	976.0555969550983	
14471.711199999998	0.06880000000091968	Ripples	0.06880000000091968	14471.745599999998	33.64952452455504	153.30975246782236	1941.7190727171771	
14471.894399999997	0.048800000000483124	Ripples	0.048800000000483124	14471.931999999999	10.194830862095001	149.0955654141083	896.4641328812504	
14477.405599999998	0.02479999999923166	Ripples	0.02479999999923166	14477.415999999997	10.07917336625787	158.39261975976146	1010.4953191842807	
14481.082399999998	0.07999999999992724	Ripples	0.07999999999992724	14481.115999999998	9.927896689653304	153.2904384330014	738.7059372849798	
14481.403999999999	0.023199999999633292	Ripples	0.023199999999633292	14481.415999999997	9.491493604719583	156.54581620433197	939.8583658408443	
14486.053599999997	0.0544000000008964	Ripples	0.0544000000008964	14486.091199999999	25.662009666435598	152.26228356982745	1904.3041872480883	
14486.180799999998	0.03839999999945576	Ripples	0.03839999999945576	14486.211199999998	9.27517084741878	152.62029634192587	959.2647262199673	
14492.918399999999	0.026399999998830026	Ripples	0.026399999998830026	14492.932799999999	10.807909805551892	154.3173393286266	1079.8634572745277	
14495.639999999998	0.042400000000270666	Ripples	0.042400000000270666	14495.666399999998	9.695637588397608	143.47939881151837	692.530387934445	
14497.021599999998	0.048800000000483124	Ripples	0.048800000000483124	14497.036799999998	33.53091089243863	156.07471176211544	2019.9645928779812	
14497.218399999998	0.0408000000006723	Ripples	0.0408000000006723	14497.235199999997	17.547119219326024	154.81449554578037	1224.059546360202	
14500.027999999998	0.030399999999644933	Ripples	0.030399999999644933	14500.047999999999	14.013018439896479	157.85371739642508	1006.0293634017892	
14503.813599999998	0.03360000000066066	Ripples	0.03360000000066066	14503.825599999998	8.089405973537586	147.7004414530289	757.6213963335061	
14504.416799999997	0.042400000000270666	Ripples	0.042400000000270666	14504.427999999998	10.606369116526697	150.05749389773706	994.1805154662042	
14511.800799999997	0.037600000001475564	Ripples	0.037600000001475564	14511.830399999999	17.337317075439906	151.5830884778797	1171.4264448777255	
14517.633599999997	0.060800000001108856	Ripples	0.060800000001108856	14517.667199999998	12.404553683111542	149.96453762445145	680.9858747503076	
14519.660799999998	0.05680000000029395	Ripples	0.05680000000029395	14519.679999999998	14.036432972657234	146.2283129790731	888.81592252549	
14519.802399999999	0.04320000000006985	Ripples	0.04320000000006985	14519.821599999997	34.826783245467965	153.059025383608	1897.0317626664953	
14523.460799999999	0.051199999999880674	Ripples	0.051199999999880674	14523.486399999998	36.36051070897161	153.1466487213758	1668.1058552713555	
14524.148799999997	0.07760000000052969	Ripples	0.07760000000052969	14524.178399999999	23.082135197113104	150.22943351399562	1421.6833062593112	
14534.200799999999	0.028800000000046566	Ripples	0.028800000000046566	14534.215199999999	14.154766839796794	154.94709762977516	1230.9898335591863	
14536.554399999997	0.03200000000106229	Ripples	0.03200000000106229	14536.578399999999	6.439257012069414	146.42201824825648	528.0869859259279	
14539.219999999998	0.031200000001263106	Ripples	0.031200000001263106	14539.243199999999	8.617047471005815	156.83307881804856	653.5194085875542	
14544.978399999998	0.03679999999985739	Ripples	0.03679999999985739	14544.986399999998	5.818215335998701	156.1771253201746	789.8069745604497	
14545.872799999997	0.028800000000046566	Ripples	0.028800000000046566	14545.895199999997	5.054899734441068	156.24075091576165	606.0204425444879	
14547.761599999998	0.0904000000009546	Ripples	0.0904000000009546	14547.777599999998	5.656684005137341	156.49363392221022	538.132259119412	
14551.714399999999	0.030399999999644933	Ripples	0.030399999999644933	14551.728799999999	8.502914296192266	164.24923683855184	729.5184990592352	
14555.685599999999	0.04320000000006985	Ripples	0.04320000000006985	14555.714399999999	17.690014692194353	151.2091704572287	1334.2345685746714	
14557.447999999999	0.030399999999644933	Ripples	0.030399999999644933	14557.459999999997	5.123133339747618	148.644692706762	473.30138500607245	
14565.655999999997	0.048800000000483124	Ripples	0.048800000000483124	14565.674399999998	13.117999221782389	150.97945808219598	799.7657003297136	
14565.755999999998	0.04399999999986903	Ripples	0.04399999999986903	14565.767199999998	5.083265333755584	149.45914698143662	519.5058591840967	
14565.971199999998	0.021600000000034925	Ripples	0.021600000000034925	14565.982399999999	12.94946974199273	164.45668789906952	1183.6930555355052	
14582.0	28.0	SleepStates						REM
14583.512799999999	0.03359999999884167	Ripples	0.03359999999884167	14583.523999999998	8.678963867548383	156.0154152554487	804.5762777260697	
14611.0	39.0	SleepStates						Awake
14651.0	194.0	SleepStates						Non-REM
14652.145599999998	0.04320000000006985	Ripples	0.04320000000006985	14652.174399999998	13.923425055984296	149.15341134270398	1268.7056787093256	
14656.897599999998	0.05680000000029395	Ripples	0.05680000000029395	14656.919199999998	14.03037172687334	145.76470184579406	1128.0435553364923	
14656.979199999998	0.0272000000004482	Ripples	0.0272000000004482	14656.989599999999	13.135100043606766	163.7860922380683	1305.1328959028103	
14658.091999999999	0.053599999999278225	Ripples	0.053599999999278225	14658.128799999999	21.39925703650347	151.3715406596837	1399.3037329799606	
14659.115999999998	0.035200000000259024	Ripples	0.035200000000259024	14659.134399999999	19.040637587358603	162.16662277923268	1707.1523232430181	
14661.613599999999	0.0591999999996915	Ripples	0.0591999999996915	14661.635999999999	27.183143932415124	144.28669274645517	1430.7145729733943	
14661.775999999998	0.047200000000884756	Ripples	0.047200000000884756	14661.800799999997	41.23786609986133	152.3638290869859	2072.1110397409384	
14666.556799999998	0.02959999999984575	Ripples	0.02959999999984575	14666.571999999998	8.173653478979299	156.9657520353512	991.0883983125055	
14670.463199999998	0.0455999999994674	Ripples	0.0455999999994674	14670.500799999998	7.1430455204613965	157.339890543804	475.60526476856705	
14672.079999999998	0.04800000000068394	Ripples	0.04800000000068394	14672.091199999999	16.04667052653354	149.59530573541534	1190.1861054293615	
14672.811999999998	0.028800000000046566	Ripples	0.028800000000046566	14672.825599999998	5.108141913252418	148.00888811953826	661.2586828669558	
14676.335199999998	0.0408000000006723	Ripples	0.0408000000006723	14676.349599999998	19.332892168179796	155.11381416535636	1365.31104911818	
14677.066399999998	0.08799999999973807	Ripples	0.08799999999973807	14677.130399999998	10.703413593689872	146.84844316660647	794.5992925357231	
14680.099999999999	0.030399999999644933	Ripples	0.030399999999644933	14680.115199999998	21.148687123765015	153.5437335082618	1452.7010128136608	
14681.330399999999	0.025599999999030842	Ripples	0.025599999999030842	14681.349599999998	6.4573944005558515	155.96640924103988	671.3068601600322	
14691.004799999999	0.026399999998830026	Ripples	0.026399999998830026	14691.023199999998	5.431352100568687	150.5188677660897	641.545481637385	
14692.490399999999	0.031199999999444117	Ripples	0.031199999999444117	14692.510399999997	6.884297262088768	151.05770232366214	580.1445555207418	
14694.276799999998	0.0455999999994674	Ripples	0.0455999999994674	14694.311199999998	17.531787209471776	152.25222355431464	1086.2321033139947	
14697.199199999997	0.031200000001263106	Ripples	0.031200000001263106	14697.218399999998	7.64907631659697	148.49614126042638	704.7005759674256	
14697.293599999997	0.03680000000167638	Ripples	0.03680000000167638	14697.305599999998	10.078793900807598	152.10846886074873	765.2825694040922	
14701.122399999998	0.04799999999886495	Ripples	0.04799999999886495	14701.136799999998	17.44872912129034	166.89768029852704	1605.1516159177743	
14701.428799999998	0.025600000000849832	Ripples	0.025600000000849832	14701.443199999998	14.717111997464105	160.3270750009118	1298.50650209125	
14704.857599999998	0.04399999999986903	Ripples	0.04399999999986903	14704.871999999998	8.388641506192833	146.55350291014628	780.628739490698	
14705.045599999998	0.0591999999996915	Ripples	0.0591999999996915	14705.071999999998	21.898848037036487	148.14203159988654	1323.2297603116317	
14707.100799999998	0.030399999999644933	Ripples	0.030399999999644933	14707.117599999998	16.318144613861165	158.391783031943	1437.406488259416	
14707.503199999997	0.035200000000259024	Ripples	0.035200000000259024	14707.521599999998	27.52763664219551	156.42627214496392	1857.7556470792115	
14708.447999999999	0.05519999999887659	Ripples	0.05519999999887659	14708.475999999999	6.365655253942405	147.97719121707098	439.36274288471157	
14708.567199999998	0.030399999999644933	Ripples	0.030399999999644933	14708.585599999999	25.115839933430358	156.06020613303951	1626.3201030082473	
14712.781599999998	0.02959999999984575	Ripples	0.02959999999984575	14712.799999999997	12.857173681992276	151.66767264185876	1064.435875463462	
14714.495999999997	0.026400000000649015	Ripples	0.026400000000649015	14714.507199999998	6.48449666430246	150.85937763508778	764.9461260423576	
14714.931999999999	0.02479999999923166	Ripples	0.02479999999923166	14714.949599999998	7.785194348433706	156.43560714444956	835.1211583721613	
14720.020799999998	0.03440000000045984	Ripples	0.03440000000045984	14720.043999999998	6.61664519395707	152.9615243590693	531.3184067142923	
14730.208799999999	0.03440000000045984	Ripples	0.03440000000045984	14730.219999999998	7.4440597816635945	151.5553013557493	817.6935069045492	
14741.755999999998	0.037599999999656575	Ripples	0.037599999999656575	14741.776799999998	31.47170270874343	158.29363185729025	1990.6213940834457	
14742.313599999998	0.053600000001097214	Ripples	0.053600000001097214	14742.350399999998	22.294404027423443	148.60449880988145	1473.72367272587	
14751.581599999998	0.020000000000436557	Ripples	0.020000000000436557	14751.590399999997	5.314584323234882	150.897681291652	603.4591542667255	
14752.759199999999	0.037599999999656575	Ripples	0.037599999999656575	14752.774399999998	13.542165193798489	146.90165283042737	836.4469527354861	
14752.975199999999	0.023999999999432475	Ripples	0.023999999999432475	14752.987199999998	6.9310792121870906	152.00177383536695	685.7764082130377	
14753.634399999999	0.04719999999906577	Ripples	0.04719999999906577	14753.653599999998	34.43193710393487	153.3522251128037	1935.7742123393384	
14760.887999999997	0.02080000000023574	Ripples	0.02080000000023574	14760.898399999998	7.723812274875863	157.78724292165236	833.9515273948758	
14761.011999999999	0.04079999999885331	Ripples	0.04079999999885331	14761.034399999999	7.065833993896306	148.16771466011923	643.8617770956718	
14770.014399999998	0.0408000000006723	Ripples	0.0408000000006723	14770.033599999999	9.802820194047547	142.6198025562729	791.5558304561254	
14771.963999999998	0.031199999999444117	Ripples	0.031199999999444117	14771.972799999998	5.388378046838206	153.55658013359846	556.3743373942052	
14778.402399999997	0.028800000000046566	Ripples	0.028800000000046566	14778.413599999998	8.397035596734296	158.1839488094266	1043.2689663056678	
14778.562399999999	0.06719999999950232	Ripples	0.06719999999950232	14778.575999999997	12.453316978102414	161.09321530639195	806.72561784507	
14781.027199999999	0.028000000000247383	Ripples	0.028000000000247383	14781.037599999998	11.692870066495525	160.49765927192487	1129.3913689099281	
14782.175999999998	0.021600000000034925	Ripples	0.021600000000034925	14782.187199999998	9.246290008834414	159.6565069494167	915.2888078848076	
14782.540799999999	0.02959999999984575	Ripples	0.02959999999984575	14782.563199999999	10.633078234242483	156.82460924436648	1002.4156553964008	
14798.040799999999	0.021600000000034925	Ripples	0.021600000000034925	14798.051999999998	9.124646394551169	159.5475983750431	937.255628926348	
14798.122399999998	0.04960000000028231	Ripples	0.04960000000028231	14798.148799999997	12.34673431909467	148.9125841948858	868.2544588079166	
14798.395999999999	0.042399999998451676	Ripples	0.042399999998451676	14798.411199999999	34.4300077036225	153.53022376315934	1994.6827172528144	
14799.748799999998	0.044799999999668216	Ripples	0.044799999999668216	14799.761599999998	12.961270172739317	148.54082374878476	1009.8144855091908	
14800.483999999999	0.035200000000259024	Ripples	0.035200000000259024	14800.508799999998	6.966602813898808	152.88227663711933	607.6706855766271	
14804.983199999999	0.04320000000006985	Ripples	0.04320000000006985	14805.015199999998	27.387743210519215	154.19344006020174	1710.6107354673047	
14805.315199999997	0.05680000000029395	Ripples	0.05680000000029395	14805.340799999998	25.185390171614007	148.98358060845746	1411.3789827746195	
14806.535199999998	0.03600000000005821	Ripples	0.03600000000005821	14806.553599999997	22.823579452379672	157.0272726520119	1675.384722355759	
14806.919199999998	0.03600000000005821	Ripples	0.03600000000005821	14806.944799999997	21.39445881503349	157.3021021664724	1445.990103086585	
14808.171199999999	0.0319999999992433	Ripples	0.0319999999992433	14808.195999999998	8.150781082422386	153.90616468264358	773.8187994081737	
14810.980799999998	0.03840000000127475	Ripples	0.03840000000127475	14811.007999999998	10.604976356422615	151.0814062150382	722.4538472168488	
14815.259999999998	0.05519999999887659	Ripples	0.05519999999887659	14815.307199999997	9.028472896833154	160.41987471197277	697.9507673749655	
14815.457599999998	0.022399999999834108	Ripples	0.022399999999834108	14815.469599999999	5.086422017314119	148.3535178910543	699.1442969072574	
14815.547199999997	0.022400000001653098	Ripples	0.022400000001653098	14815.562399999999	5.40382838820615	152.73150666982437	757.9352321770018	
14823.360799999999	0.032799999999042484	Ripples	0.032799999999042484	14823.379199999998	21.29486035407761	158.28476691504008	1622.0142833649093	
14823.447999999999	0.08719999999993888	Ripples	0.08719999999993888	14823.505599999999	9.229196494988994	154.0007825535988	662.5499191947946	
14824.820799999998	0.040000000000873115	Ripples	0.040000000000873115	14824.846399999999	28.133205705029606	155.93589832058458	1747.2294790866072	
14829.488799999997	0.040000000000873115	Ripples	0.040000000000873115	14829.515199999998	9.552303350212021	148.09011538090635	785.3592828757787	
14831.679199999999	0.055999999998675776	Ripples	0.055999999998675776	14831.705599999998	11.251070657451006	150.80364518872125	684.8950177248583	
14839.887999999999	0.042399999998451676	Ripples	0.042399999998451676	14839.907199999998	5.371951027822134	144.81496926638223	473.55487597345376	
14846.0	39.0	SleepStates						Awake
14870.530399999998	0.04960000000028231	Ripples	0.04960000000028231	14870.556799999998	8.85153685962297	156.399813314276	724.2659154906596	
14886.0	77.0	SleepStates						Non-REM
14887.235199999997	0.02320000000145228	Ripples	0.02320000000145228	14887.250399999999	8.687712566326184	160.8251300155996	973.5201754738854	
14890.088799999998	0.025600000000849832	Ripples	0.025600000000849832	14890.103199999998	5.73190191746631	153.689771045816	806.1324931050111	
14890.633599999997	0.03600000000005821	Ripples	0.03600000000005821	14890.651199999998	26.97755737581352	156.656721178671	1668.527936742443	
14897.759999999998	0.02479999999923166	Ripples	0.02479999999923166	14897.774399999998	14.248586309454833	162.14706380135326	1350.6582921854701	
14898.449599999998	0.056000000000494765	Ripples	0.056000000000494765	14898.461599999999	23.79553798041233	154.3899247257546	1539.4228524943303	
14899.163999999999	0.05999999999949068	Ripples	0.05999999999949068	14899.191199999997	16.48538983091594	159.9211085965091	1224.7972687737738	
14907.830399999999	0.03600000000005821	Ripples	0.03600000000005821	14907.844799999999	15.754759222902727	154.11864056900941	1076.4535424395488	
14908.970399999998	0.02479999999923166	Ripples	0.02479999999923166	14908.985599999998	16.72824322890514	156.02891981269045	1233.5675582163283	
14910.536799999998	0.040000000000873115	Ripples	0.040000000000873115	14910.554399999997	11.770196386175808	151.26882140256998	825.035805816778	
14910.603199999998	0.03440000000045984	Ripples	0.03440000000045984	14910.608799999998	5.583168614114488	158.66954554050582	558.2671232554026	
14912.059999999998	0.024000000001251465	Ripples	0.024000000001251465	14912.074399999998	11.815818970875101	156.78490154385702	852.7120361037272	
14914.193599999999	0.051199999999880674	Ripples	0.051199999999880674	14914.208799999999	6.722421046748792	150.94059433545377	507.85160041607395	
14914.722399999999	0.023199999999633292	Ripples	0.023199999999633292	14914.734399999998	5.3919225035540315	150.55061691772542	592.3267238112392	
14914.868799999998	0.0632000000005064	Ripples	0.0632000000005064	14914.881599999999	16.54574501752506	159.4301915290023	1554.9001960883013	
14915.520799999998	0.056000000000494765	Ripples	0.056000000000494765	14915.535199999998	22.076136048099325	154.33598635278625	1408.8246731093955	
14917.445599999997	0.04560000000128639	Ripples	0.04560000000128639	14917.454399999999	9.627207891675814	151.49708670331904	813.7337294960023	
14918.995999999997	0.037600000001475564	Ripples	0.037600000001475564	14919.011999999999	14.785259336882897	149.4406044556139	1084.106998361446	
14924.831199999999	0.03919999999925494	Ripples	0.03919999999925494	14924.859999999999	9.051299879573556	155.49542430490018	867.0406514898698	
14926.919199999998	0.04799999999886495	Ripples	0.04799999999886495	14926.937599999997	6.120282868360434	146.49978705934575	640.8938227756782	
14927.087199999998	0.03679999999985739	Ripples	0.03679999999985739	14927.105599999999	7.365292302159861	141.35235353019291	645.2389003023047	
14929.547199999997	0.07040000000051805	Ripples	0.07040000000051805	14929.561599999997	14.058005952826441	161.6074212352811	971.6607591821086	
14930.800799999997	0.03840000000127475	Ripples	0.03840000000127475	14930.825599999998	6.598846760290888	155.68288802182045	561.6472454257115	
14935.425599999999	0.026399999998830026	Ripples	0.026399999998830026	14935.433599999998	5.5143762670209435	150.96296809640268	634.2997225725808	
14935.955199999999	0.02479999999923166	Ripples	0.02479999999923166	14935.969599999999	5.130773195936013	153.28166798392826	807.7442196742699	
14936.110399999998	0.03440000000045984	Ripples	0.03440000000045984	14936.136799999998	10.268623196687201	150.52426721739292	810.03712110205	
14938.863199999998	0.028800000000046566	Ripples	0.028800000000046566	14938.871199999998	9.909359501187266	152.2716402346651	871.7992233130601	
14949.471199999998	0.05760000000009313	Ripples	0.05760000000009313	14949.503199999997	33.91222841758935	153.05585487116556	1771.8211104366587	
14964.0	28.0	SleepStates						Awake
14993.0	211.0	SleepStates						Non-REM
14998.054399999997	0.07280000000173459	Ripples	0.07280000000173459	14998.071999999998	43.56193406068866	153.1353777234457	2210.3794603014057	
15001.149599999999	0.026399999998830026	Ripples	0.026399999998830026	15001.171999999999	6.664569335306004	157.92532728347425	578.8539279393024	
15001.854399999998	0.08480000000054133	Ripples	0.08480000000054133	15001.899199999998	30.94559680509271	146.74372749536212	1782.3637108174948	
15008.059999999998	0.048800000000483124	Ripples	0.048800000000483124	15008.081599999998	6.18869686709179	153.44521973920234	868.2260815525991	
15009.893599999998	0.06480000000010477	Ripples	0.06480000000010477	15009.915199999998	24.523944429512238	148.31470880213018	1522.3004628446913	
15012.586399999998	0.039999999999054126	Ripples	0.039999999999054126	15012.597599999997	30.334299492713562	157.445031255745	1797.5332908945634	
15026.029599999998	0.0319999999992433	Ripples	0.0319999999992433	15026.040799999999	11.090314965235763	159.08248869567467	983.5121602990436	
15026.150399999999	0.03359999999884167	Ripples	0.03359999999884167	15026.161599999998	6.374600633771146	169.85998766661794	622.9862797412516	
15026.859999999999	0.04799999999886495	Ripples	0.04799999999886495	15026.886399999998	28.411775933384458	153.80061432166886	1701.0931902221528	
15027.033599999999	0.044799999999668216	Ripples	0.044799999999668216	15027.051999999998	5.811168702752101	151.07982132359462	613.8976161827354	
15028.007999999998	0.04160000000047148	Ripples	0.04160000000047148	15028.042399999998	9.482408139612737	155.94396803790193	880.0676631956418	
15028.174399999998	0.07519999999931315	Ripples	0.07519999999931315	15028.195999999998	26.297455695868397	149.34845952668547	1673.5589285296355	
15038.393599999998	0.07359999999971478	Ripples	0.07359999999971478	15038.417599999999	22.315356571689865	153.13549927987245	1736.3253159441476	
15038.490399999999	0.07200000000011642	Ripples	0.07200000000011642	15038.505599999999	10.581997730051983	161.48809765918853	768.3399095980734	
15049.663199999997	0.03440000000045984	Ripples	0.03440000000045984	15049.686399999999	8.269474430169348	147.6500588027275	701.3978388201584	
15053.274399999998	0.039999999999054126	Ripples	0.039999999999054126	15053.289599999998	14.46708893908669	155.12168322363308	946.2722028329993	
15060.740799999998	0.03280000000086147	Ripples	0.03280000000086147	15060.748799999998	9.921246670522837	155.5645510664686	779.3363916739381	
15062.255199999998	0.028800000000046566	Ripples	0.028800000000046566	15062.276799999998	7.512876839946063	155.10887643365535	656.628108871548	
15064.518399999999	0.023999999999432475	Ripples	0.023999999999432475	15064.532799999997	13.749404931738058	163.1491317040477	1125.9630850524031	
15064.694399999998	0.04320000000006985	Ripples	0.04320000000006985	15064.707999999999	12.697542064248195	151.65371877882436	966.2323901794823	
15065.309599999999	0.02479999999923166	Ripples	0.02479999999923166	15065.327199999998	14.249910227035732	160.03561116696216	1055.93578309842	
15067.552799999998	0.056000000000494765	Ripples	0.056000000000494765	15067.587999999998	29.449708935140848	152.02885483877725	1743.5024265677937	
15070.504799999999	0.04079999999885331	Ripples	0.04079999999885331	15070.523999999998	19.58759010620308	154.0847825412298	1299.1030969152812	
15071.063199999999	0.12319999999999709	Ripples	0.12319999999999709	15071.160799999998	14.88363857324215	153.47347449609583	927.8289180120488	
15080.668799999998	0.04160000000047148	Ripples	0.04160000000047148	15080.702399999998	8.576598320328927	148.40418735594008	779.9230485247951	
15082.219199999998	0.03360000000066066	Ripples	0.03360000000066066	15082.227999999997	10.456437217707032	152.363269724629	882.0118604509872	
15082.363999999998	0.02959999999984575	Ripples	0.02959999999984575	15082.383999999998	6.588429990826477	155.90584634052038	614.305812660624	
15083.590399999997	0.05280000000129803	Ripples	0.05280000000129803	15083.608799999998	8.827028554235492	146.17406833704274	721.3102914601141	
15084.642399999999	0.03359999999884167	Ripples	0.03359999999884167	15084.666399999998	7.665872066411578	150.02104676767692	690.3630633589163	
15086.475199999999	0.02479999999923166	Ripples	0.02479999999923166	15086.489599999999	6.088776320222797	150.57269016979674	748.0101904017224	
15086.644799999998	0.05999999999949068	Ripples	0.05999999999949068	15086.659999999998	9.59050279605363	154.48413053234574	796.1620190517705	
15086.726399999998	0.031200000001263106	Ripples	0.031200000001263106	15086.747999999998	11.018110158494071	154.74878887534433	1025.552078478799	
15092.697599999998	0.03280000000086147	Ripples	0.03280000000086147	15092.719999999998	6.421527514649084	162.1067402276665	844.4308661094586	
15096.510399999997	0.02480000000105065	Ripples	0.02480000000105065	15096.524799999997	10.39824190031467	156.0161782415329	1036.4262587679461	
15098.382399999999	0.04320000000006985	Ripples	0.04320000000006985	15098.401599999997	16.508634213545893	148.54276919654686	1050.197822545728	
15098.695999999998	0.026400000000649015	Ripples	0.026400000000649015	15098.714399999999	16.281874820471725	160.11905902435797	1243.8725884108956	
15107.248799999998	0.024000000001251465	Ripples	0.024000000001251465	15107.264799999999	6.489218697191667	151.8390710540742	745.5401011696146	
15110.258399999999	0.0639999999984866	Ripples	0.0639999999984866	15110.287999999999	11.15430166372496	141.18379880015885	597.8985148873122	
15121.108799999998	0.0408000000006723	Ripples	0.0408000000006723	15121.138399999998	11.011653849312847	148.90361251499326	714.8145330315573	
15123.786399999997	0.056000000000494765	Ripples	0.056000000000494765	15123.808799999999	29.91432317828889	152.24356799151454	1816.914236366875	
15137.798399999998	0.0544000000008964	Ripples	0.0544000000008964	15137.817599999998	5.050898248587926	144.7104790817975	504.1793507056497	
15142.407999999998	0.028800000000046566	Ripples	0.028800000000046566	15142.421599999998	13.136281424804139	155.08585956326047	1116.9672465102253	
15148.189599999998	0.042400000000270666	Ripples	0.042400000000270666	15148.214399999999	26.256002720824906	154.8404454133281	1711.5740830263774	
15154.100799999998	0.05760000000009313	Ripples	0.05760000000009313	15154.135199999999	40.141586095696105	153.37019864147615	2018.5914624024024	
15155.686399999999	0.04960000000028231	Ripples	0.04960000000028231	15155.702399999998	6.77963157919606	142.5571741223401	549.870692593041	
15159.197599999998	0.056000000000494765	Ripples	0.056000000000494765	15159.222399999999	31.294851243909697	152.1043511815996	1839.584489359321	
15167.723199999999	0.04160000000047148	Ripples	0.04160000000047148	15167.738399999998	17.093032834746765	158.48687077485297	1027.553918127917	
15167.901599999997	0.03679999999985739	Ripples	0.03679999999985739	15167.911999999998	6.711630534570135	158.56716792691006	681.3576836770773	
15190.827199999998	0.021600000000034925	Ripples	0.021600000000034925	15190.838399999999	10.083216656727924	156.92576548732913	919.7934082148931	
15197.460799999999	0.03439999999864085	Ripples	0.03439999999864085	15197.475999999999	11.024330236535125	153.13850711513163	923.6133769836197	
15205.0	67.0	SleepStates						REM
15273.0	9.0	SleepStates						Awake
15283.0	259.0	SleepStates						Non-REM
15288.993599999998	0.021600000000034925	Ripples	0.021600000000034925	15289.001599999998	6.215148644663731	151.60095490046209	591.4280238230992	
15290.192799999999	0.03359999999884167	Ripples	0.03359999999884167	15290.218399999998	7.350502926091655	148.60489642234788	790.1851271254504	
15296.039199999997	0.06640000000152213	Ripples	0.06640000000152213	15296.069599999999	20.644314806185488	149.83163780345245	1065.642956325479	
15297.798399999998	0.025600000000849832	Ripples	0.025600000000849832	15297.813599999998	10.044901560036493	160.73129976636557	1208.4584931160841	
15309.101599999998	0.035200000000259024	Ripples	0.035200000000259024	15309.120799999999	14.366667047106628	170.93563870395099	1362.8368442176734	
15310.568799999997	0.042400000000270666	Ripples	0.042400000000270666	15310.603199999998	7.293476033967813	144.76372172559	670.6160923044309	
15320.092799999999	0.03600000000005821	Ripples	0.03600000000005821	15320.107999999998	16.6329376682487	152.0811329110412	1204.0034587542207	
15322.894399999997	0.020000000000436557	Ripples	0.020000000000436557	15322.903199999999	7.180876351004658	155.82891092219626	787.7455224139503	
15324.203999999998	0.03280000000086147	Ripples	0.03280000000086147	15324.215199999999	9.950821560281163	161.42535066931475	783.3305024498558	
15324.451999999997	0.03200000000106229	Ripples	0.03200000000106229	15324.469599999999	5.578181323586987	148.11827434765766	701.919600472306	
15326.422399999998	0.023199999999633292	Ripples	0.023199999999633292	15326.434399999998	6.20539177199233	149.53393129037804	605.3092348827549	
15334.955199999999	0.031199999999444117	Ripples	0.031199999999444117	15334.967199999997	7.522298563170815	152.53974295084421	683.3328705020245	
15335.467999999999	0.031199999999444117	Ripples	0.031199999999444117	15335.486399999998	20.885830461472686	157.71808132730496	1535.6086009371347	
15348.150399999999	0.03679999999985739	Ripples	0.03679999999985739	15348.174399999998	16.850012509026744	156.03669604531677	1164.097381227692	
15354.610399999998	0.031200000001263106	Ripples	0.031200000001263106	15354.627999999999	5.71912904812594	156.12023153413446	856.3729360377	
15355.691999999997	0.022400000001653098	Ripples	0.022400000001653098	15355.707199999999	5.540974724023459	151.45673424930183	671.6970411233572	
15358.437599999997	0.06960000000071886	Ripples	0.06960000000071886	15358.471199999998	13.621545620276294	150.9901732379083	1376.6069865107327	
15370.670399999997	0.07360000000153377	Ripples	0.07360000000153377	15370.711199999998	13.642046354323183	140.44973318651523	685.9626860185157	
15372.029599999998	0.04399999999986903	Ripples	0.04399999999986903	15372.063999999998	21.725702511331033	154.2913553724734	1473.9403040623347	
15374.171199999999	0.03679999999985739	Ripples	0.03679999999985739	15374.183199999998	11.45797080418189	149.70244171407668	917.962605281264	
15374.493599999998	0.030399999999644933	Ripples	0.030399999999644933	15374.516799999998	5.784755362534168	151.29959800144013	441.39524660703796	
15385.579199999998	0.026400000000649015	Ripples	0.026400000000649015	15385.591199999999	6.003328674007158	151.62701502184075	755.1964933971129	
15387.415999999997	0.04640000000108557	Ripples	0.04640000000108557	15387.438399999997	11.03810035196572	151.2940564531911	990.9605460059742	
15388.122399999998	0.04079999999885331	Ripples	0.04079999999885331	15388.138399999998	18.122555548080022	149.1413345588389	1016.4946800414932	
15388.365599999997	0.03440000000045984	Ripples	0.03440000000045984	15388.384799999998	5.8701613612970265	147.5718419828107	525.9904098265177	
15394.275199999998	0.039999999999054126	Ripples	0.039999999999054126	15394.289599999998	29.77185406400706	160.4642850229252	1882.162837931126	
15394.471199999998	0.037599999999656575	Ripples	0.037599999999656575	15394.494399999998	13.514168131679146	148.59995016773286	1108.5275251626106	
15403.814399999997	0.04399999999986903	Ripples	0.04399999999986903	15403.829599999997	6.737968900933688	154.98075110335168	751.0262378335091	
15405.021599999998	0.030399999999644933	Ripples	0.030399999999644933	15405.041599999999	6.458071042328942	149.21765577151243	551.5582353600661	
15405.658399999998	0.05999999999949068	Ripples	0.05999999999949068	15405.678399999999	15.22754636805129	146.57828108011472	776.806873950478	
15410.814399999997	0.05520000000069558	Ripples	0.05520000000069558	15410.843999999997	21.235029263916477	146.26524056002592	1135.7218373010305	
15412.088799999998	0.021600000000034925	Ripples	0.021600000000034925	15412.100799999998	8.013903599329257	155.98416599124744	782.4540916128374	
15415.872799999997	0.04800000000068394	Ripples	0.04800000000068394	15415.888799999999	32.64728226016814	150.5178218563166	1705.5449317880966	
15417.126399999997	0.028000000000247383	Ripples	0.028000000000247383	15417.143199999999	18.768402042590456	159.69212179839616	1402.9634047462898	
15420.234399999998	0.04320000000006985	Ripples	0.04320000000006985	15420.255999999998	11.450440319460773	150.14246827677582	911.4477665951212	
15425.740799999998	0.02480000000105065	Ripples	0.02480000000105065	15425.754399999998	18.89824552992246	159.74266379013332	1433.3724758674298	
15425.904799999998	0.03679999999985739	Ripples	0.03679999999985739	15425.934399999998	6.124231739126687	149.5196846837756	649.7782741794078	
15426.049599999998	0.037599999999656575	Ripples	0.037599999999656575	15426.079199999998	10.823328276709612	157.2446723632536	894.5053104440575	
15464.035999999998	0.030399999999644933	Ripples	0.030399999999644933	15464.053599999997	12.655769222615653	161.5705179432367	1296.326303377181	
15464.221599999999	0.03839999999945576	Ripples	0.03839999999945576	15464.245599999998	24.2196970851835	155.0963475647865	1695.9046102994425	
15464.729599999999	0.04399999999986903	Ripples	0.04399999999986903	15464.745599999998	24.516304742643197	151.5710711553091	1419.0613443153998	
15464.843199999998	0.06240000000070722	Ripples	0.06240000000070722	15464.858399999997	14.68081828726935	150.22143623901732	1149.8326622858824	
15473.100799999998	0.044799999999668216	Ripples	0.044799999999668216	15473.117599999998	28.401361972594067	156.0761865967999	1891.2049384310187	
15479.896799999999	0.02080000000023574	Ripples	0.02080000000023574	15479.910399999999	14.227368969589516	165.76563906849373	1123.6690796452158	
15480.668799999998	0.05760000000009313	Ripples	0.05760000000009313	15480.694399999998	28.20800864522867	153.84615614209588	1698.3512487725852	
15486.994399999998	0.024000000001251465	Ripples	0.024000000001251465	15487.008799999998	14.850675005068634	161.0620836935182	1220.19622143121	
15489.690399999998	0.031200000001263106	Ripples	0.031200000001263106	15489.703199999998	20.362041530804557	161.2701534078542	1515.1815396640502	
15490.987199999998	0.04560000000128639	Ripples	0.04560000000128639	15491.004799999999	22.50978737958348	158.638620702879	1649.4639145149222	
15499.070399999999	0.04159999999865249	Ripples	0.04159999999865249	15499.092799999999	5.295229258654244	154.9655908709212	470.1325556004688	
15499.188799999998	0.025600000000849832	Ripples	0.025600000000849832	15499.203199999998	9.277620549800572	153.40994654790606	882.2445211145752	
15501.988799999997	0.02320000000145228	Ripples	0.02320000000145228	15502.003999999999	5.774760539325295	152.63291879480374	752.8498859782391	
15502.064799999998	0.026400000000649015	Ripples	0.026400000000649015	15502.073599999998	7.095175111540243	155.36223450436705	762.0977017842531	
15502.823999999999	0.039999999999054126	Ripples	0.039999999999054126	15502.851199999997	7.4705188399015245	161.1177972424661	864.611780566195	
15506.655999999999	0.04079999999885331	Ripples	0.04079999999885331	15506.679199999999	11.018523129215254	154.65630655018973	942.5809016363277	
15506.735999999999	0.037599999999656575	Ripples	0.037599999999656575	15506.747199999998	8.232642863106213	152.58539556491547	832.2873688797422	
15524.578399999999	0.06559999999990396	Ripples	0.06559999999990396	15524.630399999998	15.19515565014156	147.18037527850026	975.4861115547855	
15525.060799999997	0.026400000000649015	Ripples	0.026400000000649015	15525.079999999998	6.831854361001773	154.5980679965441	711.9107907289424	
15525.600799999998	0.026400000000649015	Ripples	0.026400000000649015	15525.619999999999	6.951945535953845	153.04590566592958	663.3399574356538	
15529.258399999999	0.04799999999886495	Ripples	0.04799999999886495	15529.279999999999	14.54359660854452	153.75222066010332	1003.0163207303273	
15529.463999999998	0.03679999999985739	Ripples	0.03679999999985739	15529.475199999999	9.668804519341231	161.91016848151494	1043.8823508246433	
15531.133599999997	0.03280000000086147	Ripples	0.03280000000086147	15531.145599999998	10.170424380496655	155.0603903170009	803.8044217820827	
15532.205599999998	0.021600000000034925	Ripples	0.021600000000034925	15532.219199999998	14.601943302065381	158.94322853775182	1121.9981038386309	
15543.0	24.0	SleepStates						Awake
15568.0	271.0	SleepStates						Non-REM
15569.742399999997	0.03600000000005821	Ripples	0.03600000000005821	15569.765599999999	18.770001310859737	160.33010674964817	1656.9973028670229	
15571.095199999998	0.044799999999668216	Ripples	0.044799999999668216	15571.117599999998	25.559529357913107	147.93834229278792	1509.6002658271725	
15573.863199999998	0.04320000000006985	Ripples	0.04320000000006985	15573.888799999999	20.202373703790588	150.1074824559061	1332.6223517102242	
15574.401599999997	0.03920000000107393	Ripples	0.03920000000107393	15574.417599999999	6.120195842701066	143.61583160533922	504.47823821665963	
15575.751199999999	0.05519999999887659	Ripples	0.05519999999887659	15575.768799999998	7.044674925090997	149.1405523035578	682.7039866996148	
15577.151199999998	0.058399999999892316	Ripples	0.058399999999892316	15577.198399999997	13.197009076802061	158.2528295181733	1052.1752947155542	
15578.431199999997	0.04800000000068394	Ripples	0.04800000000068394	15578.460799999999	9.56959196496346	151.2571086980283	904.6021186462358	
15581.011199999999	0.0503999999982625	Ripples	0.0503999999982625	15581.025599999999	19.16728139798114	150.42569695429256	1357.5373771060122	
15582.900799999998	0.03360000000066066	Ripples	0.03360000000066066	15582.923199999997	5.324963112001214	145.69483581407601	635.177477625505	
15583.068799999997	0.06880000000091968	Ripples	0.06880000000091968	15583.096799999998	24.552161196081766	149.6981502415942	1431.4974804455467	
15585.961599999999	0.03359999999884167	Ripples	0.03359999999884167	15585.976799999999	11.363119775539186	151.9805417743333	917.5450512157215	
15587.674399999998	0.031199999999444117	Ripples	0.031199999999444117	15587.698399999997	6.043565427534911	158.14271383978345	514.9349588954553	
15590.154399999998	0.047200000000884756	Ripples	0.047200000000884756	15590.174399999998	6.796995254638618	143.12869442568524	483.66371046577456	
15591.298399999998	0.02080000000023574	Ripples	0.02080000000023574	15591.308799999999	9.11765286825291	164.07933180395358	962.6654227869958	
15601.160799999998	0.051199999999880674	Ripples	0.051199999999880674	15601.187999999998	12.327243392402492	149.39156786988318	960.6570098238009	
15601.600799999998	0.0319999999992433	Ripples	0.0319999999992433	15601.611199999998	8.492843447253291	157.64686256090965	1017.8289189915739	
15602.289599999998	0.02479999999923166	Ripples	0.02479999999923166	15602.304799999998	13.424739320364193	157.7478046193377	1146.0588282501676	
15604.661599999998	0.024000000001251465	Ripples	0.024000000001251465	15604.671999999999	8.331902320049487	157.98352526063795	1032.6329839508721	
15606.058399999998	0.028000000000247383	Ripples	0.028000000000247383	15606.074399999998	11.232169282156308	149.11442104921687	958.7262480389574	
15610.315999999999	0.030399999999644933	Ripples	0.030399999999644933	15610.333599999998	7.9857031727930785	156.40918796383986	1003.8654036812352	
15610.527999999998	0.05199999999967986	Ripples	0.05199999999967986	15610.569599999999	18.407991609386904	155.09344181630945	1367.4361417811247	
15612.790399999998	0.05999999999949068	Ripples	0.05999999999949068	15612.809599999999	9.1760538810459	158.89340006214152	1026.9426517083393	
15612.908799999997	0.03440000000045984	Ripples	0.03440000000045984	15612.923999999997	13.396554778721876	151.288326273292	1151.2892033885184	
15614.486399999998	0.026400000000649015	Ripples	0.026400000000649015	15614.500799999998	6.71371382142942	150.32322705430408	789.4295190862357	
15617.899999999998	0.02480000000105065	Ripples	0.02480000000105065	15617.917599999999	17.54020966220562	160.0838921833406	1224.5443760058363	
15618.163999999999	0.023999999999432475	Ripples	0.023999999999432475	15618.177599999997	12.033117646372219	164.09595555844808	1185.2701098369864	
15624.660799999998	0.048800000000483124	Ripples	0.048800000000483124	15624.694399999998	13.62460147706658	149.9514475402234	941.6805347633397	
15625.216799999998	0.0319999999992433	Ripples	0.0319999999992433	15625.231999999998	26.728198231578187	162.60576054830443	1852.5003827009652	
15627.408799999997	0.02320000000145228	Ripples	0.02320000000145228	15627.422399999998	16.4322105105058	166.36957090182685	1314.5770044315595	
15632.088799999998	0.040000000000873115	Ripples	0.040000000000873115	15632.103999999998	32.49839185905587	156.0567213728957	2002.6190830379053	
15634.879999999997	0.044800000001487206	Ripples	0.044800000001487206	15634.911999999998	23.378815050993566	151.99787052603315	1548.1857842591526	
15636.443199999998	0.04800000000068394	Ripples	0.04800000000068394	15636.462399999999	12.474662169437106	142.295514733387	738.4045392386046	
15655.877599999998	0.1584000000002561	Ripples	0.1584000000002561	15655.899999999998	15.823024302600428	144.9553444392642	1075.4814212972356	
15656.174399999998	0.028800000000046566	Ripples	0.028800000000046566	15656.184799999997	6.516085404937902	156.8518453334622	765.3378596879757	
15657.457599999998	0.028000000000247383	Ripples	0.028000000000247383	15657.472799999998	22.803218950781975	159.92449200808855	1580.3729789377508	
15657.739199999998	0.03679999999985739	Ripples	0.03679999999985739	15657.753599999998	17.065005845118097	158.2798123227918	1247.0532627689365	
15697.656799999999	0.039999999999054126	Ripples	0.039999999999054126	15697.668799999998	13.620324402041158	156.38893529679385	1182.717984470101	
15706.105599999999	0.03439999999864085	Ripples	0.03439999999864085	15706.114399999999	8.27243618992635	151.91007191268602	721.362104010863	
15714.947999999999	0.031199999999444117	Ripples	0.031199999999444117	15714.955999999998	6.040280121014438	152.6161254872046	596.219249695837	
15715.532799999999	0.039999999999054126	Ripples	0.039999999999054126	15715.547199999997	24.656323825583918	155.0874787407397	1545.8811954353037	
15722.267199999998	0.037599999999656575	Ripples	0.037599999999656575	15722.291999999998	17.215697146841457	155.85304633241398	1464.2376448157927	
15722.970399999998	0.020000000000436557	Ripples	0.020000000000436557	15722.982399999999	6.8440070175133965	161.44646174472422	719.9125955925301	
15723.135199999999	0.03439999999864085	Ripples	0.03439999999864085	15723.147199999998	7.454988861597478	150.45870377500174	628.3874282984956	
15723.619199999997	0.03840000000127475	Ripples	0.03840000000127475	15723.635199999999	9.979790197436007	148.26399060841	738.5257686030071	
15724.523999999998	0.026400000000649015	Ripples	0.026400000000649015	15724.535199999998	9.655881082296712	151.629494989694	992.2981564742045	
15728.913599999998	0.03600000000005821	Ripples	0.03600000000005821	15728.932799999999	27.547813921304012	167.4530960000166	1933.8223174589484	
15730.098399999999	0.027999999998428393	Ripples	0.027999999998428393	15730.121599999999	5.405247831508888	151.822181585373	601.6130669882481	
15730.247999999998	0.051199999999880674	Ripples	0.051199999999880674	15730.284799999998	15.742907370872127	151.7035507747687	982.6532996887695	
15736.764799999999	0.03679999999985739	Ripples	0.03679999999985739	15736.783199999998	10.245501704016341	148.25864544436337	924.1330583976443	
15740.927199999998	0.03839999999945576	Ripples	0.03839999999945576	15740.955999999998	18.76970842089729	157.43149889971158	1316.9330670338884	
15743.672799999998	0.025599999999030842	Ripples	0.025599999999030842	15743.687999999998	8.35115296025531	155.59971105123321	980.5907041496154	
15745.019999999999	0.022399999999834108	Ripples	0.022399999999834108	15745.031999999997	9.115205876049904	153.6207674998941	818.3994404350669	
15745.162399999997	0.021600000000034925	Ripples	0.021600000000034925	15745.176799999997	8.030887405910581	155.95629587716866	895.2400144881409	
15746.291999999998	0.03679999999985739	Ripples	0.03679999999985739	15746.321599999997	6.772773857007519	153.67908219996866	639.1483454139709	
15747.977599999998	0.048800000000483124	Ripples	0.048800000000483124	15748.001599999998	32.948768114209216	156.9331613385978	1589.9349887933038	
15748.237599999999	0.028000000000247383	Ripples	0.028000000000247383	15748.248799999998	11.463110726749502	155.65572271567376	953.5341711969372	
15752.138399999998	0.0455999999994674	Ripples	0.0455999999994674	15752.152799999998	5.03042850245058	154.29339012555184	421.50155405888177	
15754.059199999998	0.04800000000068394	Ripples	0.04800000000068394	15754.085599999999	21.615076808862494	149.6805622821401	1371.9218653568005	
15771.758399999999	0.044799999999668216	Ripples	0.044799999999668216	15771.779199999999	21.052480785175646	151.85472430716226	1642.5390105909216	
15771.891199999998	0.03600000000005821	Ripples	0.03600000000005821	15771.909599999999	26.689319583482852	154.11696507519747	1705.789438342841	
15800.760799999998	0.06719999999950232	Ripples	0.06719999999950232	15800.775999999998	22.813235260401875	158.10139734661504	1505.5717078760263	
15840.0	150.0	SleepStates						REM
15991.0	11.0	SleepStates						Awake
16003.0	742.0	SleepStates						Non-REM
16008.428799999998	0.03440000000045984	Ripples	0.03440000000045984	16008.443999999998	14.173493516034732	165.86270449772388	1062.748846603079	
16010.880799999999	0.0727999999999156	Ripples	0.0727999999999156	16010.939999999999	27.109515165878772	157.26902418137476	1543.8173463028481	
16018.723199999999	0.028000000000247383	Ripples	0.028000000000247383	16018.740799999998	9.714704105301927	154.7214699714648	979.3722408659582	
16018.847199999998	0.056000000000494765	Ripples	0.056000000000494765	16018.869599999998	19.171223390837802	143.96790926750305	1076.6956529880952	
16022.595999999998	0.047200000000884756	Ripples	0.047200000000884756	16022.618399999998	33.3032506576749	149.35565249554466	1785.1837933977092	
16023.637599999998	0.028800000000046566	Ripples	0.028800000000046566	16023.652799999998	20.227012050319974	156.7374190929671	1379.1016633892461	
16025.292799999997	0.044800000001487206	Ripples	0.044800000001487206	16025.311999999998	29.44161061508578	163.81126281253006	2138.397345322668	
16026.979999999998	0.04800000000068394	Ripples	0.04800000000068394	16027.003199999997	19.693767873322226	146.93934877021968	1089.621013576198	
16028.035999999998	0.048800000000483124	Ripples	0.048800000000483124	16028.055199999999	14.48837260898374	147.92525648758553	1034.7135003676926	
16030.743199999999	0.03679999999985739	Ripples	0.03679999999985739	16030.757599999999	20.1863794657631	158.36385067058052	1285.0502955126976	
16032.083199999997	0.025600000000849832	Ripples	0.025600000000849832	16032.098399999999	13.584428838094487	157.12773891686447	1074.1684801090887	
16032.962399999999	0.06959999999889988	Ripples	0.06959999999889988	16033.010399999997	36.86598713299423	152.2940933096697	1731.4472884324496	
16035.104799999997	0.02320000000145228	Ripples	0.02320000000145228	16035.117599999998	5.121318236906829	152.91453642247242	514.3254739678014	
16035.251999999999	0.020000000000436557	Ripples	0.020000000000436557	16035.257599999999	5.470583014837096	156.84181016342916	705.9331357709383	
16044.626399999997	0.047200000000884756	Ripples	0.047200000000884756	16044.644799999998	23.83436743634113	150.0279088251358	1522.4382993972195	
16045.086399999998	0.03440000000045984	Ripples	0.03440000000045984	16045.098399999999	7.124601693572519	154.10858149208192	707.0449217124642	
16045.315999999999	0.039999999999054126	Ripples	0.039999999999054126	16045.340799999998	21.26151103181549	151.95357898003462	1499.3595587382838	
16045.799199999998	0.1176000000014028	Ripples	0.1176000000014028	16045.811199999998	11.825804769165613	148.88744306487888	1090.0753873718172	
16046.236799999999	0.0319999999992433	Ripples	0.0319999999992433	16046.251999999999	15.902484652245665	158.53849202689625	1377.7190636358273	
16046.356799999998	0.05199999999967986	Ripples	0.05199999999967986	16046.387199999997	11.700457925918192	146.57405612026145	795.7336677854489	
16050.759999999998	0.023999999999432475	Ripples	0.023999999999432475	16050.775999999998	8.218132337254316	154.5772328068539	824.6305021197331	
16062.516799999998	0.053600000001097214	Ripples	0.053600000001097214	16062.544799999998	23.439673791310543	147.53237625894667	1478.2567992928277	
16063.476799999999	0.0455999999994674	Ripples	0.0455999999994674	16063.511999999999	9.113108639707853	150.91946806972223	958.6599811346598	
16063.612799999999	0.044799999999668216	Ripples	0.044799999999668216	16063.633599999997	52.63091234616139	154.9798750981977	2627.615881446328	
16064.562399999999	0.032799999999042484	Ripples	0.032799999999042484	16064.573599999998	9.562152051380123	155.48959333475523	802.4198570263762	
16067.941599999998	0.0319999999992433	Ripples	0.0319999999992433	16067.952799999997	12.901890368684239	156.99327012286264	1148.2438712533867	
16068.223999999998	0.039999999999054126	Ripples	0.039999999999054126	16068.238399999998	27.709103467373804	160.2884137660176	1540.3656391990064	
16069.375199999999	0.06079999999928987	Ripples	0.06079999999928987	16069.425599999999	13.961578101104077	156.97091840348446	957.573047014979	
16074.024799999997	0.05200000000149885	Ripples	0.05200000000149885	16074.059199999998	9.754502721005608	145.8831412613947	746.1071304164351	
16075.154399999998	0.020000000000436557	Ripples	0.020000000000436557	16075.166399999998	7.242596485203709	153.46202655505977	752.4262979567017	
16078.389599999999	0.03679999999985739	Ripples	0.03679999999985739	16078.403999999999	18.18554723691829	155.83223597034285	1349.848937935178	
16082.597599999997	0.021600000000034925	Ripples	0.021600000000034925	16082.611999999997	8.770953960010463	156.10968332269388	898.2226822652957	
16082.649599999999	0.06480000000010477	Ripples	0.06480000000010477	16082.698399999997	10.113820869352992	144.80632480821177	694.2271108608772	
16090.365599999997	0.048800000000483124	Ripples	0.048800000000483124	16090.381599999999	12.245568415542829	151.1290657943148	854.963766623375	
16094.381599999999	0.06559999999990396	Ripples	0.06559999999990396	16094.423999999999	9.326416139379713	164.44771975104308	657.9103659049914	
16097.431999999999	0.05760000000009313	Ripples	0.05760000000009313	16097.456799999998	28.458276652732327	157.61033631597383	1849.7606595842353	
16097.856799999998	0.06480000000010477	Ripples	0.06480000000010477	16097.876799999998	6.419638426792224	154.91465812210498	408.81566111967476	
16100.991999999998	0.04160000000047148	Ripples	0.04160000000047148	16101.019199999999	9.741651896230177	150.31351426739107	722.1707389195858	
16105.610399999998	0.02959999999984575	Ripples	0.02959999999984575	16105.626399999997	12.660350992912567	153.3372603685269	968.4739913519828	
16108.790399999998	0.02959999999984575	Ripples	0.02959999999984575	16108.808799999999	9.830814531536898	155.15864748176463	984.9612437011199	
16109.484799999998	0.031199999999444117	Ripples	0.031199999999444117	16109.505599999999	8.745208472095586	154.65367074639312	966.4558421660325	
16110.307199999997	0.031200000001263106	Ripples	0.031200000001263106	16110.319199999998	12.097685391282583	150.48525654302446	920.4592529222024	
16111.304799999998	0.05199999999967986	Ripples	0.05199999999967986	16111.331199999999	11.466207552703452	153.41853783050436	811.1065470402048	
16129.349599999998	0.025600000000849832	Ripples	0.025600000000849832	16129.367999999999	7.022745130427367	159.6810944446382	839.2770609256634	
16130.333599999998	0.044799999999668216	Ripples	0.044799999999668216	16130.352799999999	30.78135197222278	151.43165017823426	1568.857033156384	
16131.094399999998	0.037599999999656575	Ripples	0.037599999999656575	16131.117599999998	7.868526826961087	146.532841143228	643.7490959312024	
16142.375999999998	0.037599999999656575	Ripples	0.037599999999656575	16142.391199999998	40.71864842541477	161.98730807786495	2281.0759803343417	
16144.764799999999	0.032799999999042484	Ripples	0.032799999999042484	16144.789599999998	19.895930733868834	157.32976513668473	1253.1167409003963	
16145.665599999998	0.04320000000006985	Ripples	0.04320000000006985	16145.677599999999	11.56594480105164	156.69746645837645	1214.6989396038064	
16150.732799999998	0.06480000000010477	Ripples	0.06480000000010477	16150.779199999999	31.797530603703443	149.8265236840155	1896.596342050561	
16152.068799999997	0.020000000000436557	Ripples	0.020000000000436557	16152.077599999999	9.466684736739754	162.28874520344695	989.6751370165355	
16153.059999999998	0.028800000000046566	Ripples	0.028800000000046566	16153.078399999999	7.646799994433606	154.1643489460513	934.4094720538432	
16154.020799999998	0.03600000000005821	Ripples	0.03600000000005821	16154.045599999998	14.907092703312394	152.17247112763096	1216.136617642708	
16163.495999999997	0.04560000000128639	Ripples	0.04560000000128639	16163.519999999999	25.468321787888136	153.6363201464726	1712.21911379005	
16163.659199999998	0.058399999999892316	Ripples	0.058399999999892316	16163.692799999999	15.48642152916175	148.0559040503196	1334.3726413918794	
16166.571999999998	0.03919999999925494	Ripples	0.03919999999925494	16166.591199999999	19.693447895868058	153.96133759296563	1392.3083478291067	
16173.965599999998	0.030399999999644933	Ripples	0.030399999999644933	16173.980799999998	5.72392370785418	147.80097793191874	493.44374406280394	
16175.560799999997	0.030400000001463923	Ripples	0.030400000001463923	16175.572799999998	7.028932872105447	147.6481409617955	672.6147893573866	
16185.007199999998	0.028800000000046566	Ripples	0.028800000000046566	16185.012799999999	5.037245692328493	155.40478070580187	601.2238561567026	
16185.146399999998	0.03600000000005821	Ripples	0.03600000000005821	16185.161599999998	10.963311207791952	148.7321179597083	1072.577777282384	
16185.964799999998	0.031199999999444117	Ripples	0.031199999999444117	16185.984799999998	17.984512044542043	158.7477694010907	1428.9265561436725	
16186.207199999999	0.031199999999444117	Ripples	0.031199999999444117	16186.215199999999	6.099032218512088	156.17364352452265	765.39510633051	
16188.166399999998	0.032799999999042484	Ripples	0.032799999999042484	16188.184799999997	20.03518428236201	156.96475633970445	1380.776306768401	
16188.263199999998	0.037600000001475564	Ripples	0.037600000001475564	16188.284799999998	5.384170532325574	153.4227075735412	483.88201731109865	
16188.776799999998	0.03920000000107393	Ripples	0.03920000000107393	16188.798399999998	17.752437608024152	149.2852033853402	1284.205962045214	
16191.426399999998	0.07200000000011642	Ripples	0.07200000000011642	16191.479199999998	8.258559973446923	161.7909330985097	426.32389490991403	
16200.395999999999	0.028000000000247383	Ripples	0.028000000000247383	16200.407199999998	17.626309477816747	159.39101465781076	1367.3564235121721	
16201.762399999998	0.04399999999986903	Ripples	0.04399999999986903	16201.780799999999	10.387168556315293	142.64713459135277	842.8356770800654	
16202.229599999999	0.023999999999432475	Ripples	0.023999999999432475	16202.243199999999	10.022815552139187	155.29142836580775	941.5094937401137	
16202.874399999999	0.026399999998830026	Ripples	0.026399999998830026	16202.885599999998	8.587416146439857	154.1434103697086	915.4033956713579	
16202.990399999999	0.04399999999986903	Ripples	0.04399999999986903	16203.019999999999	18.66167717405783	154.83938578369637	1277.6593652110016	
16203.979199999998	0.0455999999994674	Ripples	0.0455999999994674	16204.013599999998	8.594850042343886	155.8700997569353	583.7897650265544	
16204.147999999997	0.020000000000436557	Ripples	0.020000000000436557	16204.160799999998	5.311978426771842	152.74115737678852	601.4028004515068	
16204.288799999998	0.025599999999030842	Ripples	0.025599999999030842	16204.307199999997	5.781482694466282	146.84924320883857	629.8425960061126	
16206.731199999998	0.021600000000034925	Ripples	0.021600000000034925	16206.745599999998	13.806592010764948	159.9533565238949	1097.8063272411505	
16206.972799999998	0.022399999999834108	Ripples	0.022399999999834108	16206.990399999999	7.03135116617925	156.37089580817823	650.2077325603624	
16207.365599999997	0.044800000001487206	Ripples	0.044800000001487206	16207.388799999999	5.990609714512542	150.8119713345817	556.838677409634	
16208.071999999998	0.028000000000247383	Ripples	0.028000000000247383	16208.095199999998	5.7418034606444746	155.78963381412478	593.9952109480228	
16212.096799999998	0.04560000000128639	Ripples	0.04560000000128639	16212.131999999998	7.890844171253285	151.18744479076076	596.6723503462155	
16212.171199999999	0.028800000000046566	Ripples	0.028800000000046566	16212.189599999998	13.485378293628056	156.79458709450134	1181.7240922792455	
16212.296799999998	0.025599999999030842	Ripples	0.025599999999030842	16212.308799999999	6.712514912980398	152.81956375159953	641.8731248463995	
16226.427199999998	0.032799999999042484	Ripples	0.032799999999042484	16226.438399999997	11.086610130376725	159.59506248227802	876.6227054031258	
16230.878399999998	0.03679999999985739	Ripples	0.03679999999985739	16230.899999999998	22.46555400884812	150.87461438196075	1464.7542249505345	
16239.533599999999	0.03919999999925494	Ripples	0.03919999999925494	16239.561599999997	7.437555821943447	151.89209895141107	771.745118810356	
16244.027999999998	0.02080000000023574	Ripples	0.02080000000023574	16244.041599999999	12.120922170019599	157.890854875533	879.6193379567312	
16244.374399999999	0.04719999999906577	Ripples	0.04719999999906577	16244.389599999999	24.840986710689098	154.59585166834117	1341.7557998582174	
16251.631199999998	0.0272000000004482	Ripples	0.0272000000004482	16251.645599999998	18.376238314316453	163.2617368151799	1459.6989346242817	
16253.425599999999	0.06480000000010477	Ripples	0.06480000000010477	16253.456799999998	31.93106454780999	148.54774731944906	1607.041176533374	
16254.920799999998	0.06719999999950232	Ripples	0.06719999999950232	16254.932799999999	9.242584194428858	147.84182899987013	888.9910084051194	
16256.809599999999	0.03359999999884167	Ripples	0.03359999999884167	16256.825599999998	10.804330401718705	152.25788258393357	1034.903800121354	
16258.880799999999	0.02959999999984575	Ripples	0.02959999999984575	16258.899199999998	12.521777579732783	155.8205406795199	1022.0476536720242	
16264.307199999997	0.0544000000008964	Ripples	0.0544000000008964	16264.335999999998	16.45239224399448	152.81129169501696	1141.0095212651877	
16274.992799999998	0.03280000000086147	Ripples	0.03280000000086147	16275.001599999998	12.359803203709763	155.0288990761542	1096.9928394101405	
16278.208799999999	0.037599999999656575	Ripples	0.037599999999656575	16278.235199999997	13.074404536740674	152.1522533047212	1125.7631178743084	
16279.476799999999	0.026399999998830026	Ripples	0.026399999998830026	16279.485599999998	9.954885036876586	157.09597882630226	905.1406024649463	
16279.579199999998	0.03839999999945576	Ripples	0.03839999999945576	16279.596799999998	35.53154839786176	158.90270263749778	2090.449523052655	
16283.417599999999	0.0727999999999156	Ripples	0.0727999999999156	16283.440799999998	6.698376017374657	147.2724299757087	575.8836291843622	
16291.604799999997	0.02960000000166474	Ripples	0.02960000000166474	16291.627199999999	6.909964821255904	152.96410384983292	872.9257088347273	
16292.613599999999	0.042400000000270666	Ripples	0.042400000000270666	16292.624799999998	7.0177183909469685	169.08015974846762	712.6313691214427	
16292.722399999999	0.03679999999985739	Ripples	0.03679999999985739	16292.740799999998	29.65029129497098	152.87983574866044	1669.1766243027673	
16292.827199999998	0.03440000000045984	Ripples	0.03440000000045984	16292.853599999999	12.902144738748355	152.11594530913897	928.4864814366055	
16300.600799999998	0.0591999999996915	Ripples	0.0591999999996915	16300.618399999998	18.43408578348928	158.16583335570786	1178.509844601758	
16302.951999999997	0.05760000000009313	Ripples	0.05760000000009313	16302.995999999997	10.831658275851794	147.61708236400955	954.4282350736224	
16303.827199999998	0.025600000000849832	Ripples	0.025600000000849832	16303.839199999999	7.845516146057004	152.16894412347858	836.8042242248748	
16303.990399999999	0.021600000000034925	Ripples	0.021600000000034925	16303.998399999999	10.123420639330897	156.46654050499038	941.0283603899059	
16312.983999999999	0.08799999999973807	Ripples	0.08799999999973807	16313.018399999999	8.168974110902676	153.79490175506626	438.9195647759292	
16313.203199999998	0.028800000000046566	Ripples	0.028800000000046566	16313.214399999999	10.188475997515509	158.63108997000768	1118.4588540934383	
16345.271999999999	0.05279999999947904	Ripples	0.05279999999947904	16345.283999999998	6.907629531924771	162.94724443814877	496.01827145071064	
16345.731999999998	0.03280000000086147	Ripples	0.03280000000086147	16345.750399999999	6.729144635124377	146.37779471852798	774.3690127495217	
16347.922399999998	0.0272000000004482	Ripples	0.0272000000004482	16347.934399999998	7.794640373266702	151.37167591462332	695.5401632313535	
16348.187999999998	0.039999999999054126	Ripples	0.039999999999054126	16348.214399999999	19.906709440246345	147.56978575945757	1228.60987319813	
16350.078399999999	0.07599999999911233	Ripples	0.07599999999911233	16350.130399999998	24.647318698305327	149.5382251715102	1455.0921198779783	
16352.567199999998	0.07440000000133296	Ripples	0.07440000000133296	16352.616799999998	30.934360973971657	151.54183626330502	1527.0144778847646	
16353.747199999998	0.03200000000106229	Ripples	0.03200000000106229	16353.759199999999	6.7284423398588835	153.83407528205453	919.2477166909417	
16358.054399999999	0.037599999999656575	Ripples	0.037599999999656575	16358.078399999999	14.682226339191011	156.81893483644623	1387.0151694699045	
16361.306399999998	0.05520000000069558	Ripples	0.05520000000069558	16361.343999999997	9.796997091151786	146.4827629282755	816.8882718423106	
16364.819999999998	0.04399999999986903	Ripples	0.04399999999986903	16364.835199999998	14.846821850601867	151.9893724396467	1117.6735029231213	
16374.116799999998	0.020000000000436557	Ripples	0.020000000000436557	16374.131999999998	6.543131687985269	156.44094934400437	662.0835547384806	
16380.257599999999	0.02959999999984575	Ripples	0.02959999999984575	16380.269599999998	5.557961408221298	149.22416579556673	726.117193167518	
16381.551999999998	0.037599999999656575	Ripples	0.037599999999656575	16381.582399999998	5.5802835630724825	148.57663962736626	578.9498729508756	
16386.674399999996	0.04800000000250293	Ripples	0.04800000000250293	16386.695999999996	11.97208025750657	155.39303278877824	1056.6582319179824	
16387.857599999996	0.058400000001711305	Ripples	0.058400000001711305	16387.887199999997	20.814590619334695	150.80159174996652	1280.5864635524717	
16388.3104	0.039999999997235136	Ripples	0.039999999997235136	16388.325599999996	13.208779517450658	149.4186268238141	1126.8691024048944	
16390.4104	0.07119999999849824	Ripples	0.07119999999849824	16390.459199999998	13.021962868528483	155.30867708602904	774.6429111003418	
16399.82	0.07279999999809661	Ripples	0.07279999999809661	16399.8304	6.764210929173977	161.26875305990572	888.8271854028678	
16400.472799999996	0.04080000000249129	Ripples	0.04080000000249129	16400.487199999996	15.637830998365883	156.5169229674191	1133.0225858261238	
16400.6584	0.04320000000006985	Ripples	0.04320000000006985	16400.676799999997	19.615929768157383	155.43763468539595	1213.6864845098414	
16400.7408	0.02479999999923166	Ripples	0.02479999999923166	16400.748	6.3410206418511335	150.4078440317804	774.2902861566595	
16401.4456	0.03919999999925494	Ripples	0.03919999999925494	16401.464	8.247142502140962	151.86990693876203	738.2378579832098	
16402.0696	0.037599999999656575	Ripples	0.037599999999656575	16402.097599999997	9.641945829115725	164.10761361182986	929.0670039681786	
16412.099199999997	0.028000000002066372	Ripples	0.028000000002066372	16412.1112	10.091922822053558	157.71389972684875	716.8035089641643	
16412.342399999998	0.03440000000045984	Ripples	0.03440000000045984	16412.351199999997	7.129066704461973	152.98270011747732	845.7993587249023	
16424.008799999996	0.03200000000288128	Ripples	0.03200000000288128	16424.0208	8.16021934364473	153.3886003757332	984.161449601387	
16435.1976	0.06559999999808497	Ripples	0.06559999999808497	16435.2384	24.21045191538348	149.6194071940116	1278.8324794175142	
16445.152	0.02239999999801512	Ripples	0.02239999999801512	16445.167199999996	7.249474068301824	156.89986934971216	763.7891943381244	
16445.8392	0.031200000001263106	Ripples	0.031200000001263106	16445.856	16.832353306414507	160.08816272208213	1458.9431242283672	
16446.224	0.03440000000045984	Ripples	0.03440000000045984	16446.235999999997	5.213244544046098	151.43573527420975	615.3459025752675	
16446.856	0.048799999996845145	Ripples	0.048799999996845145	16446.879999999997	14.528126969912284	148.1971015159298	925.1375463347532	
16448.5768	0.0367999999980384	Ripples	0.0367999999980384	16448.603199999998	14.60477728737021	158.12156998341632	895.4277917906225	
16455.608	0.0319999999992433	Ripples	0.0319999999992433	16455.623999999996	21.61860019969831	156.7587241502058	1456.765565641959	
16455.7552	0.0367999999980384	Ripples	0.0367999999980384	16455.777599999998	9.486592460844099	147.27372634934144	804.2667377244921	
16460.7304	0.028800000000046566	Ripples	0.028800000000046566	16460.748	13.377866188345205	156.19111957341596	1132.2435979377478	
16470.358399999997	0.02320000000327127	Ripples	0.02320000000327127	16470.3736	5.029231615908814	154.5912246715016	635.9506354292231	
16470.620799999997	0.026400000002468005	Ripples	0.026400000002468005	16470.6288	10.558219535717685	155.54390710339692	958.6448885726278	
16493.606399999997	0.03840000000127475	Ripples	0.03840000000127475	16493.6144	7.05448587576879	169.70715531320528	843.5153133204224	
16501.429599999996	0.025600000000849832	Ripples	0.025600000000849832	16501.4384	9.989342914463675	160.0018081850913	900.18751502489	
16501.861599999997	0.03680000000167638	Ripples	0.03680000000167638	16501.875999999997	9.335398352645557	151.29084311371236	923.5198740579893	
16501.923199999997	0.033600000002479646	Ripples	0.033600000002479646	16501.9456	9.59561050978352	149.6219937738583	714.3704700574378	
16523.7088	0.0687999999972817	Ripples	0.0687999999972817	16523.748799999998	20.90201686702154	143.4162482357238	1148.332773799113	
16530.727999999996	0.0488000000041211	Ripples	0.0488000000041211	16530.7512	13.932724525667744	161.72303271300024	799.2546030471937	
16531.036	0.023199999995995313	Ripples	0.023199999995995313	16531.051199999998	12.319915588073652	156.03672845367112	1040.3739874130295	
16541.527199999997	0.04320000000006985	Ripples	0.04320000000006985	16541.545599999998	30.610229410920663	155.80162334707128	1784.4182666585393	
16551.0208	0.03919999999925494	Ripples	0.03919999999925494	16551.0352	13.880816240176237	150.07096087232838	1055.8083251453368	
16555.998399999997	0.04560000000128639	Ripples	0.04560000000128639	16556.0336	6.602332170074483	158.53341476870034	636.5749495594473	
16559.3448	0.026399999998830026	Ripples	0.026399999998830026	16559.36	9.558055958196293	152.84461870645464	832.5986729132461	
16559.711199999998	0.025600000000849832	Ripples	0.025600000000849832	16559.7224	7.520711535945303	153.66481467781082	648.3213162027075	
16561.328799999996	0.03680000000167638	Ripples	0.03680000000167638	16561.350399999996	11.678743228288267	151.91296358862587	1074.6519996565669	
16564.378399999998	0.07200000000011642	Ripples	0.07200000000011642	16564.393599999996	11.346018512399118	158.05429546288144	865.7405377098709	
16564.789599999996	0.03919999999925494	Ripples	0.03919999999925494	16564.818399999996	10.740933787653255	159.05035803428999	744.7664744088195	
16564.871999999996	0.021600000000034925	Ripples	0.021600000000034925	16564.885599999998	12.198366597408356	156.55792854750902	1000.5886229014709	
16567.3272	0.08320000000094296	Ripples	0.08320000000094296	16567.358399999997	10.107485690478523	140.84338403050066	480.84995641526865	
16572.5048	0.023199999999633292	Ripples	0.023199999999633292	16572.5136	11.819562700737215	157.7980633285948	974.2392658068779	
16575.854399999997	0.02320000000327127	Ripples	0.02320000000327127	16575.868799999997	7.861561277657962	155.76547987534235	758.2023195403209	
16584.466399999998	0.05920000000332948	Ripples	0.05920000000332948	16584.504	12.13631510746389	141.51980264422215	829.5357994272208	
16584.6592	0.028000000002066372	Ripples	0.028000000002066372	16584.678399999997	8.88782071526089	147.65575765893647	822.8214559545106	
16590.508799999996	0.028800000000046566	Ripples	0.028800000000046566	16590.523999999998	19.804070994604633	158.24711139474772	1360.2557365222642	
16596.393599999996	0.05920000000332948	Ripples	0.05920000000332948	16596.437599999997	17.865074158131986	147.7830798470488	1228.9277146986108	
16601.3952	0.02719999999681022	Ripples	0.02719999999681022	16601.4136	7.637585897800484	151.76141284952436	833.7756641795056	
16601.5144	0.05199999999604188	Ripples	0.05199999999604188	16601.529599999998	10.834582179490521	150.60378041851408	940.7369586917879	
16602.587199999998	0.02479999999923166	Ripples	0.02479999999923166	16602.604799999997	8.689392660557793	155.74174985880936	939.3476185383226	
16610.493599999998	0.09760000000096625	Ripples	0.09760000000096625	16610.580799999996	10.233573249934953	153.84623618480853	943.9639427099717	
16612.748799999998	0.04160000000047148	Ripples	0.04160000000047148	16612.7624	8.445602398263773	161.85612931479207	769.2362418238692	
16613.1952	0.0367999999980384	Ripples	0.0367999999980384	16613.213599999995	9.409200224455134	146.5874896970034	739.2746518096941	
16618.782399999996	0.08720000000175787	Ripples	0.08720000000175787	16618.8248	6.271853440203304	147.18153880563332	659.3672110608645	
16619.604	0.026399999998830026	Ripples	0.026399999998830026	16619.6152	5.511060918668173	152.15858193908673	664.8980707242326	
16622.944799999997	0.048800000000483124	Ripples	0.048800000000483124	16622.979199999998	24.29746110217759	151.22347093626226	1507.5761975137611	
16631.332	0.037599999999656575	Ripples	0.037599999999656575	16631.358399999997	5.32139595185035	143.21674173070872	683.9822455636315	
16631.6632	0.05519999999887659	Ripples	0.05519999999887659	16631.711199999998	7.7514648005878595	157.08853537126708	757.648370067277	
16638.516799999998	0.025600000000849832	Ripples	0.025600000000849832	16638.528	8.391139348662017	157.31870870671085	687.0830693400106	
16639.688799999996	0.040000000000873115	Ripples	0.040000000000873115	16639.703999999998	21.730460557124193	153.29189068545176	1645.7748413829688	
16640.3808	0.04559999999764841	Ripples	0.04559999999764841	16640.396	12.712563054851142	154.1296138186863	957.7326636967534	
16646.8104	0.046399999999266583	Ripples	0.046399999999266583	16646.835999999996	20.35556784308146	146.5179293794955	1176.2513738467028	
16647.3896	0.05040000000008149	Ripples	0.05040000000008149	16647.400799999996	6.598984750818208	153.73845911569427	768.4824593118865	
16649.6664	0.03919999999925494	Ripples	0.03919999999925494	16649.6944	5.621868539130802	155.80527652017105	586.1923170326326	
16650.249599999996	0.04080000000249129	Ripples	0.04080000000249129	16650.263999999996	10.638145832722618	150.82728459569543	733.934258494064	
16657.065599999998	0.025600000000849832	Ripples	0.025600000000849832	16657.079999999998	17.497440465222542	159.17947536772232	1294.4058810754184	
16660.926399999997	0.028800000000046566	Ripples	0.028800000000046566	16660.937599999997	5.110700112845206	147.34172426661058	648.800396729378	
16666.2232	0.05279999999766005	Ripples	0.05279999999766005	16666.261599999998	15.511858297453934	156.29564090134542	1099.6837739792386	
16689.9032	0.023999999997613486	Ripples	0.023999999997613486	16689.92	6.890286900822279	154.60060154441302	599.9045829638007	
16690.538399999998	0.025600000000849832	Ripples	0.025600000000849832	16690.5496	11.177009000704626	158.63379452005302	1012.5249685664953	
16697.18	0.06480000000010477	Ripples	0.06480000000010477	16697.225599999998	6.672417829618752	146.4023631492756	466.7514805867982	
16697.705599999998	0.04079999999885331	Ripples	0.04079999999885331	16697.7232	12.222059540331415	153.9363285733035	929.0482692876491	
16708.045599999998	0.024000000001251465	Ripples	0.024000000001251465	16708.0544	8.068003775933295	157.05669969367975	624.9088579536729	
16708.4784	0.05040000000008149	Ripples	0.05040000000008149	16708.5072	23.99315845333911	147.97085610198766	1395.2645588867013	
16709.1376	0.06639999999970314	Ripples	0.06639999999970314	16709.160799999998	20.626313431444906	151.52378549860055	1206.045306213516	
16714.447999999997	0.04400000000168802	Ripples	0.04400000000168802	16714.465599999996	23.93651356492528	152.79299447785067	1542.141796746702	
16717.104	0.023199999999633292	Ripples	0.023199999999633292	16717.1152	7.174405803245942	156.19981703188213	759.8489164221353	
16718.667999999998	0.048800000000483124	Ripples	0.048800000000483124	16718.705599999998	11.259835239111215	151.70705496377056	879.8075540685659	
16720.5184	0.04799999999522697	Ripples	0.04799999999522697	16720.5552	8.939687676409694	148.0499587112308	778.9046732861576	
16720.6592	0.046399999999266583	Ripples	0.046399999999266583	16720.6832	19.474119337205114	151.81453505047952	1099.349504926963	
16724.904799999997	0.04160000000410946	Ripples	0.04160000000410946	16724.932	8.970686101418766	150.75763351258783	633.1970869743157	
16725.067199999998	0.035199999998440035	Ripples	0.035199999998440035	16725.075999999997	6.677922851716613	150.80720220667502	643.987493724953	
16728.647999999997	0.03200000000288128	Ripples	0.03200000000288128	16728.6592	5.025797167593095	154.7882682913694	750.827299525308	
16746.0	71.0	SleepStates						REM
16818.0	11.0	SleepStates						Awake
16830.0	266.0	SleepStates						Non-REM
16833.322399999997	0.05920000000332948	Ripples	0.05920000000332948	16833.36	16.444760493008758	148.20229731460952	1022.1312020308645	
16834.094399999998	0.037599999999656575	Ripples	0.037599999999656575	16834.109599999996	18.691308413003977	156.90732560526195	1548.5890367851196	
16837.9056	0.037599999999656575	Ripples	0.037599999999656575	16837.9352	11.889568511680109	151.631545498005	1029.48880944531	
16838.796799999996	0.04160000000410946	Ripples	0.04160000000410946	16838.8312	8.215590421718092	150.10460356785472	702.3294153246014	
16842.703199999996	0.030400000003282912	Ripples	0.030400000003282912	16842.712	7.462843945909804	153.62958556366266	735.2139228511512	
16853.544799999996	0.04400000000168802	Ripples	0.04400000000168802	16853.5648	42.62897997496367	154.99319214330055	2327.200724909815	
16853.748799999998	0.062399999998888234	Ripples	0.062399999998888234	16853.76	7.27179929857782	164.6902055543586	572.7892274453427	
16854.5752	0.030399999999644933	Ripples	0.030399999999644933	16854.5864	5.113498391894304	146.68680610813283	506.5616443602172	
16856.9096	0.028800000000046566	Ripples	0.028800000000046566	16856.9248	18.65287414281399	160.49573013212577	1599.2671129249097	
16859.218399999998	0.06960000000253785	Ripples	0.06960000000253785	16859.2768	11.94398248277821	151.55892285107308	820.830455294447	
16861.9704	0.037599999999656575	Ripples	0.037599999999656575	16861.9824	5.792120052146665	159.77032435746835	572.6207009821061	
16862.436799999996	0.058400000001711305	Ripples	0.058400000001711305	16862.471999999998	12.20681464134244	152.73703782155437	731.847532700914	
16866.1416	0.02479999999923166	Ripples	0.02479999999923166	16866.152799999996	10.818494912823077	157.93049401468045	1072.9612314134072	
16866.332799999996	0.05520000000251457	Ripples	0.05520000000251457	16866.3672	12.132648695772165	146.5085725121969	734.1008200978287	
16870.3744	0.04079999999521533	Ripples	0.04079999999521533	16870.396	47.327222182777554	156.82110429142176	2468.3649325927677	
16871.368799999997	0.03280000000086147	Ripples	0.03280000000086147	16871.3768	7.893454492788938	159.0689233707014	798.7841317778849	
16872.2816	0.0367999999980384	Ripples	0.0367999999980384	16872.290399999998	17.054046361036896	156.81209187691556	1246.9778164855288	
16875.8104	0.0496000000021013	Ripples	0.0496000000021013	16875.8376	11.125986605635246	151.52655822485713	670.4485112774495	
16875.976	0.02479999999923166	Ripples	0.02479999999923166	16875.994399999996	5.010370358522295	154.6950413384265	724.1217083735098	
16876.3736	0.037599999999656575	Ripples	0.037599999999656575	16876.3848	12.693225137608001	162.45464687540434	706.5091482426913	
16876.782399999996	0.042400000002089655	Ripples	0.042400000002089655	16876.7952	6.1888568613392945	147.76963362698538	456.78774994531955	
16884.728799999997	0.03280000000086147	Ripples	0.03280000000086147	16884.747199999998	13.062925136348975	155.7562514291853	987.45325505492	
16887.9688	0.056000000000494765	Ripples	0.056000000000494765	16887.987199999996	12.202417311626913	149.5872133941955	888.8361281507046	
16888.401599999997	0.037600000003294554	Ripples	0.037600000003294554	16888.4312	12.402919284759381	148.64888284354194	1025.9059737934554	
16893.555999999997	0.0632000000005064	Ripples	0.0632000000005064	16893.6112	8.646779023137594	158.25749395699256	722.8146561144847	
16895.3888	0.030399999996006954	Ripples	0.030399999996006954	16895.404	10.661017360540956	155.64304986700037	1024.6153461550907	
16907.4672	0.07280000000173459	Ripples	0.07280000000173459	16907.5184	30.687475737228112	152.63969171643038	2081.695990660244	
16909.3384	0.059999999997671694	Ripples	0.059999999997671694	16909.36	18.1667469879388	151.57240795650884	1144.486095905815	
16926.296799999996	0.033600000002479646	Ripples	0.033600000002479646	16926.318399999996	11.985212818008774	150.76534765279115	915.0372709463388	
16926.851199999997	0.06799999999930151	Ripples	0.06799999999930151	16926.8664	12.474529650158452	145.58935719627704	878.0135050391629	
16927.034399999997	0.051200000001699664	Ripples	0.051200000001699664	16927.055999999997	19.508002868812284	150.28657277658976	1155.9505289535764	
16936.321599999996	0.051200000001699664	Ripples	0.051200000001699664	16936.350399999996	23.418099807060614	148.80769545343333	1500.8655127085592	
16936.843199999996	0.04640000000290456	Ripples	0.04640000000290456	16936.868	20.910170839999623	150.90165737536873	1466.9764042953836	
16937.689599999998	0.04080000000249129	Ripples	0.04080000000249129	16937.7096	46.51964370311462	155.83721352117414	2205.9509397744155	
16937.893599999996	0.037600000003294554	Ripples	0.037600000003294554	16937.9184	7.642694410615611	148.50948866671123	755.5297972225073	
16938.1224	0.0415999999968335	Ripples	0.0415999999968335	16938.1576	5.789525306735232	153.83191326189643	533.5888929355723	
16939.6344	0.03440000000045984	Ripples	0.03440000000045984	16939.660799999998	5.362870955289229	153.29223104616898	715.25339089147	
16946.354399999997	0.04320000000006985	Ripples	0.04320000000006985	16946.378399999998	39.534944952314454	162.77201610494564	2412.0983382346067	
16946.5336	0.042400000002089655	Ripples	0.042400000002089655	16946.551999999996	20.021080379039407	151.70681356587963	1345.99741354732	
16947.8848	0.028800000000046566	Ripples	0.028800000000046566	16947.9056	19.601230461017792	157.69344752390677	1267.3768754645184	
16951.6512	0.030399999996006954	Ripples	0.030399999996006954	16951.6632	6.027806745295783	144.9829081002735	653.9400366112411	
16964.299999999996	0.02080000000205473	Ripples	0.02080000000205473	16964.313599999998	11.318965444000739	166.3551342048722	991.7323332604988	
16965.388	0.035199999998440035	Ripples	0.035199999998440035	16965.3992	15.264277849491151	153.08869661476993	1129.048774539713	
16971.572799999998	0.02239999999801512	Ripples	0.02239999999801512	16971.584799999997	12.378638904962955	162.40565067189203	1126.9477342308692	
17005.9184	0.028000000002066372	Ripples	0.028000000002066372	17005.935999999998	15.43139020487593	158.67740310160585	1298.1621544484394	
17011.9928	0.051199999998061685	Ripples	0.051199999998061685	17012.015199999998	16.300854437308786	147.00060790188692	1153.624059231167	
17019.869599999998	0.044799999999668216	Ripples	0.044799999999668216	17019.9056	11.32568755629229	157.65969400531054	841.4617640039721	
17022.662399999997	0.044799999999668216	Ripples	0.044799999999668216	17022.696799999998	12.459659561517512	151.01844488253434	1008.6590317998243	
17022.8024	0.04719999999724678	Ripples	0.04719999999724678	17022.818399999996	12.146684130783859	150.16528152040377	908.7083126549915	
17023.9544	0.05519999999887659	Ripples	0.05519999999887659	17023.976799999997	15.47465710932507	145.8394353888509	912.4322629700456	
17024.0896	0.037599999999656575	Ripples	0.037599999999656575	17024.101599999998	5.833120641355439	151.2889182077787	728.4966440930161	
17025.492	0.040000000000873115	Ripples	0.040000000000873115	17025.5208	11.123752712011528	148.35066348923655	896.949917494838	
17034.3464	0.03440000000045984	Ripples	0.03440000000045984	17034.372799999997	13.228939300315579	153.49504786580533	946.6076319070545	
17042.6056	0.021600000000034925	Ripples	0.021600000000034925	17042.620799999997	6.167046188780121	155.31959084310262	714.3892829495147	
17047.1728	0.03600000000005821	Ripples	0.03600000000005821	17047.1848	14.998273648891091	154.01368328165253	1236.7158415566837	
17047.8632	0.031199999997625127	Ripples	0.031199999997625127	17047.886399999996	6.735800755771976	154.16821944666614	594.1149677983001	
17056.839999999997	0.07360000000335276	Ripples	0.07360000000335276	17056.8848	7.765028953390605	159.0927995596667	805.3767405770352	
17059.620799999997	0.0319999999992433	Ripples	0.0319999999992433	17059.645599999996	12.005740840954214	157.90628412642232	1134.9160198163727	
17076.799999999996	0.05920000000332948	Ripples	0.05920000000332948	17076.8416	14.281428133706836	149.7900150315677	757.8763554526788	
17077.5288	0.030399999996006954	Ripples	0.030399999996006954	17077.537599999996	6.599445962440472	148.56608048141217	629.138130263044	
17079.343199999996	0.03440000000409782	Ripples	0.03440000000409782	17079.356799999998	7.082600622447046	167.11624080301704	704.3204736260323	
17094.1664	0.02959999999802676	Ripples	0.02959999999802676	17094.185599999997	5.046149952876786	148.41309286639776	629.8726921133566	
17097.0	19.0	SleepStates						Awake
17112.0216	0.02959999999802676	Ripples	0.02959999999802676	17112.036799999998	6.721191815703031	149.25351219537757	746.3174501018328	
17117.0	163.0	SleepStates						Non-REM
17121.000799999998	0.0544000000008964	Ripples	0.0544000000008964	17121.036799999998	16.224216196486207	147.47131677079543	964.0114112019033	
17123.636	0.056000000000494765	Ripples	0.056000000000494765	17123.671199999997	21.117097118230454	143.31274434297268	1095.4274109810053	
17137.792799999996	0.03200000000288128	Ripples	0.03200000000288128	17137.807199999996	6.813510302608739	151.09341592605415	724.4981280693237	
17137.879199999996	0.035200000002078013	Ripples	0.035200000002078013	17137.897599999997	37.6113273909824	157.99178600014062	2137.4827318651933	
17149.0696	0.024000000001251465	Ripples	0.024000000001251465	17149.081599999998	6.6811089980548095	153.41176806459714	723.7610965527186	
17149.171199999997	0.058400000001711305	Ripples	0.058400000001711305	17149.219999999998	10.090655559403167	157.8916195175864	1004.5568403171999	
17152.572	0.023199999995995313	Ripples	0.023199999995995313	17152.584	6.273787308404618	152.38917693843553	764.7518690241044	
17152.6632	0.04719999999724678	Ripples	0.04719999999724678	17152.703999999998	6.80894722518741	155.68899211234074	713.174705454613	
17155.1832	0.04079999999885331	Ripples	0.04079999999885331	17155.203999999998	10.391499446139997	156.58392865220736	903.7051271961553	
17155.2448	0.02959999999802676	Ripples	0.02959999999802676	17155.26	10.026318401907714	150.86074386771514	817.2249508838345	
17160.4536	0.05919999999605352	Ripples	0.05919999999605352	17160.4832	40.2382938778691	150.96845052617815	2022.4229233134636	
17160.986399999998	0.03840000000127475	Ripples	0.03840000000127475	17161.009599999998	7.366963218831672	144.79842003208037	573.9542251510401	
17162.299199999998	0.03359999999884167	Ripples	0.03359999999884167	17162.3128	15.092214071753286	163.39183224508662	1031.2420532694352	
17163.242399999996	0.051200000001699664	Ripples	0.051200000001699664	17163.263999999996	15.588331810729105	146.6375199426215	1099.0544460831134	
17170.435999999998	0.026399999998830026	Ripples	0.026399999998830026	17170.456	7.619036365895375	152.74624261521473	562.7572791078646	
17185.705599999998	0.03200000000288128	Ripples	0.03200000000288128	17185.719999999998	15.920143292405438	155.61510026742087	1390.6511648100989	
17201.756799999996	0.04320000000006985	Ripples	0.04320000000006985	17201.7816	12.666756924203385	148.50909198064758	1096.4446774779656	
17207.036	0.02959999999802676	Ripples	0.02959999999802676	17207.044799999996	8.103579650595481	154.07647899517943	836.3142557872748	
17212.095199999996	0.060800000002927845	Ripples	0.060800000002927845	17212.126399999997	30.14175104855122	151.8380167883284	1307.520875404387	
17212.343199999996	0.02960000000166474	Ripples	0.02960000000166474	17212.364799999996	14.62593976377787	159.5507903888848	1166.0935216580197	
17215.208	0.04079999999885331	Ripples	0.04079999999885331	17215.2384	11.839088626229561	159.8163488212676	890.546595644562	
17215.712799999998	0.023199999999633292	Ripples	0.023199999999633292	17215.724	7.606096582492827	159.68844804442634	918.5152401133153	
17223.5112	0.053599999999278225	Ripples	0.053599999999278225	17223.530399999996	10.088681908766418	160.40697879675187	897.8307608262235	
17227.528	0.04320000000006985	Ripples	0.04320000000006985	17227.563199999997	8.683034831305783	160.22576627203637	853.6855134060976	
17227.6544	0.04399999999805004	Ripples	0.04399999999805004	17227.688	12.832827059809867	151.90268715308696	979.4972999318816	
17231.6576	0.03440000000045984	Ripples	0.03440000000045984	17231.6728	10.292914361720795	149.53719964398084	868.0318192779985	
17235.930399999997	0.0816000000013446	Ripples	0.0816000000013446	17235.976799999997	5.31163929111264	171.55355088598247	467.6080747405526	
17236.307999999997	0.02320000000327127	Ripples	0.02320000000327127	17236.32	6.045894985052094	152.92911802236168	545.2148994476041	
17239.213599999995	0.024800000002869638	Ripples	0.024800000002869638	17239.227999999996	5.094732533926605	150.084057402869	734.2470099394095	
17245.879199999996	0.024800000002869638	Ripples	0.024800000002869638	17245.890399999997	9.496971844680056	154.18802022146082	1074.3974634563513	
17251.620799999997	0.07040000000051805	Ripples	0.07040000000051805	17251.6664	20.09614238422377	155.7043764948665	1558.5417822373993	
17252.0176	0.04799999999886495	Ripples	0.04799999999886495	17252.0288	8.095639773013904	152.69695902167967	613.2740809412919	
17281.0	149.0	SleepStates						REM
17431.0	23.0	SleepStates						Awake
17453.3808	0.02719999999681022	Ripples	0.02719999999681022	17453.400799999996	5.641890429132605	154.827993980128	528.6822749981682	
17455.0	583.0	SleepStates						Non-REM
17461.1544	0.0415999999968335	Ripples	0.0415999999968335	17461.169599999997	10.679787033745267	150.02589926908263	920.9828618819618	
17465.8752	0.04719999999724678	Ripples	0.04719999999724678	17465.8968	31.121776129036284	149.99792555472018	1571.2240752804248	
17466.1432	0.05040000000008149	Ripples	0.05040000000008149	17466.182399999998	49.0015839450506	156.6275654159742	2249.379589813112	
17467.5688	0.039999999997235136	Ripples	0.039999999997235136	17467.587199999998	24.93249527921755	153.06390528518392	1527.9677020855681	
17474.079999999998	0.046399999999266583	Ripples	0.046399999999266583	17474.095199999996	41.03400789265546	155.3131723471546	2177.3962292617466	
17474.4752	0.037599999996018596	Ripples	0.037599999996018596	17474.5032	9.288129299800199	151.3357022033159	700.9478412693678	
17474.6584	0.04799999999886495	Ripples	0.04799999999886495	17474.6848	20.118054908525306	152.2078501144639	1225.868331050373	
17475.283199999998	0.03919999999925494	Ripples	0.03919999999925494	17475.307199999996	13.15528886269811	147.32023795747722	999.6352687618412	
17475.451199999996	0.03200000000288128	Ripples	0.03200000000288128	17475.472799999996	17.759497051811056	154.03006283385264	1304.5448958885772	
17483.570399999997	0.02479999999923166	Ripples	0.02479999999923166	17483.587999999996	15.143718923787745	164.88834643656065	1173.8928733007392	
17483.685599999997	0.06880000000091968	Ripples	0.06880000000091968	17483.7016	16.519819663157275	144.73115159771393	893.4612437208004	
17485.9128	0.022400000001653098	Ripples	0.022400000001653098	17485.9248	6.386585373978152	156.82265378571643	720.357992611857	
17485.9976	0.024000000001251465	Ripples	0.024000000001251465	17486.0112	9.682935039473895	157.57828015699647	1072.5715293893243	
17499.1776	0.02239999999801512	Ripples	0.02239999999801512	17499.188799999996	5.23353371758101	154.849024078988	618.8410945118565	
17499.369599999998	0.02960000000166474	Ripples	0.02960000000166474	17499.384	9.648582459962988	152.2814429070502	859.5542711604371	
17506.5184	0.10479999999733991	Ripples	0.10479999999733991	17506.545599999998	17.93176470149536	162.5240867613792	943.7249085144374	
17507.000799999998	0.05280000000129803	Ripples	0.05280000000129803	17507.0144	7.783035609555198	170.18484244694383	700.7926992821209	
17507.5624	0.09279999999853317	Ripples	0.09279999999853317	17507.5912	6.64732704216032	144.13662308662066	548.1754145032829	
17512.172	0.021600000000034925	Ripples	0.021600000000034925	17512.1832	15.841042235973726	160.9379042901518	1299.2935223720567	
17512.428799999998	0.048800000000483124	Ripples	0.048800000000483124	17512.466399999998	8.036166816759478	143.4050581091628	653.5222000773183	
17512.9816	0.042399999998451676	Ripples	0.042399999998451676	17512.993599999998	8.587412739360708	155.34409087062605	639.7651872173636	
17517.6432	0.03359999999884167	Ripples	0.03359999999884167	17517.6656	13.323575613004142	148.38808534906536	825.4198529392714	
17524.8232	0.04079999999885331	Ripples	0.04079999999885331	17524.8528	6.376225109026059	149.3506065627487	683.2625363863767	
17529.8384	0.042399999998451676	Ripples	0.042399999998451676	17529.856799999998	19.86747244968998	152.15528297941174	1391.4495389869444	
17535.788	0.05439999999725842	Ripples	0.05439999999725842	17535.8168	17.270087058260096	151.8399281506527	981.7862399775256	
17536.0352	0.04559999999764841	Ripples	0.04559999999764841	17536.0616	14.442983251160829	145.80858058748956	908.5399374692972	
17546.8744	0.02719999999681022	Ripples	0.02719999999681022	17546.888	5.3173770138808	158.87995850966138	872.9178611526387	
17547.296799999996	0.026400000002468005	Ripples	0.026400000002468005	17547.3088	6.814658903603183	153.93853343361715	882.4199177195693	
17549.3752	0.053599999999278225	Ripples	0.053599999999278225	17549.3912	6.740632124438397	146.22228324078543	434.25815693260273	
17549.5032	0.06319999999686843	Ripples	0.06319999999686843	17549.536	16.38700130096221	156.20177729670485	1344.4933507336432	
17559.7984	0.0415999999968335	Ripples	0.0415999999968335	17559.815199999997	19.006181712961553	150.89611401584534	1403.2842050951347	
17569.171199999997	0.044800000003306195	Ripples	0.044800000003306195	17569.189599999998	11.476564812996488	154.91589007206377	1314.9728610093323	
17582.4784	0.025600000000849832	Ripples	0.025600000000849832	17582.4968	8.455662710507891	157.13110546427637	925.1659032650417	
17592.0824	0.0544000000008964	Ripples	0.0544000000008964	17592.101599999998	18.882806673920552	149.97323244942118	1202.1409789707086	
17593.218399999998	0.0768000000025495	Ripples	0.0768000000025495	17593.239999999998	9.82507692837733	150.2971121334936	729.8388084680669	
17599.631999999998	0.021600000000034925	Ripples	0.021600000000034925	17599.6432	9.866336247366414	159.24820434864577	1025.6487915405949	
17600.131199999996	0.037600000003294554	Ripples	0.037600000003294554	17600.146399999998	20.427643486467	152.9678409727847	1414.9450779313079	
17604.8752	0.044799999999668216	Ripples	0.044799999999668216	17604.908799999997	12.379848715571583	154.16941287395653	1024.718188549522	
17608.508799999996	0.044800000003306195	Ripples	0.044800000003306195	17608.5216	14.222541590877745	145.76886603361265	907.716960916805	
17610.067199999998	0.026400000002468005	Ripples	0.026400000002468005	17610.0784	5.023904259484522	155.87744300461125	586.7787018857143	
17611.3632	0.02959999999802676	Ripples	0.02959999999802676	17611.3776	14.172361612231395	154.90120433581933	1072.7532175109425	
17611.428799999998	0.04640000000290456	Ripples	0.04640000000290456	17611.44	10.01421187595383	154.8806511209771	903.9176825654253	
17611.599199999997	0.03280000000086147	Ripples	0.03280000000086147	17611.613599999997	26.242204430143	159.21233880446414	1735.0046771008303	
17612.0784	0.030399999999644933	Ripples	0.030399999999644933	17612.097599999997	9.265545307662894	165.62143821760714	1016.2119536275248	
17612.2208	0.0367999999980384	Ripples	0.0367999999980384	17612.235999999997	30.023641873500505	153.68489410731993	1698.0095733333148	
17616.3272	0.030399999996006954	Ripples	0.030399999996006954	17616.3384	5.682362219040046	144.62006134405343	512.0971162690764	
17617.436799999996	0.05920000000332948	Ripples	0.05920000000332948	17617.4632	33.300570897288004	148.06445922028274	1545.6052192820773	
17643.962399999997	0.06160000000090804	Ripples	0.06160000000090804	17643.996	19.629453615312656	157.55346736987912	1044.152435256276	
17644.914399999998	0.02959999999802676	Ripples	0.02959999999802676	17644.9256	9.9851425147387	156.037097903466	859.6495358327119	
17645.0	0.028800000000046566	Ripples	0.028800000000046566	17645.0184	6.863693832330744	153.58400724984276	704.5643043129314	
17647.9528	0.023999999997613486	Ripples	0.023999999997613486	17647.9672	19.926443076399135	162.12577171129024	1411.6212948180535	
17649.4384	0.03839999999763677	Ripples	0.03839999999763677	17649.4544	10.91388053436084	154.55656249788112	744.8010979148844	
17649.584799999997	0.022400000001653098	Ripples	0.022400000001653098	17649.591999999997	6.431386390875726	154.34946829900494	590.214816515513	
17662.429599999996	0.022400000001653098	Ripples	0.022400000001653098	17662.443999999996	11.703352744514198	159.3680839375344	1052.300267394812	
17663.084799999997	0.03280000000086147	Ripples	0.03280000000086147	17663.1112	7.380048157442131	152.70298398888932	731.0112172875758	
17663.748799999998	0.02239999999801512	Ripples	0.02239999999801512	17663.760799999996	5.652025482022615	155.7485998699965	641.9570989899299	
17670.458399999996	0.02960000000166474	Ripples	0.02960000000166474	17670.472799999996	13.277669264584105	153.30817312950828	1024.491587347283	
17670.570399999997	0.026400000002468005	Ripples	0.026400000002468005	17670.5856	5.635775124392022	151.63059799172817	664.6324818674714	
17686.3304	0.08320000000094296	Ripples	0.08320000000094296	17686.3776	13.086311769621032	145.38044978471908	700.9348108662946	
17688.2016	0.06480000000010477	Ripples	0.06480000000010477	17688.216	11.46012323850498	157.2697225175721	908.272008188826	
17689.0464	0.04079999999885331	Ripples	0.04079999999885331	17689.0536	6.095064810527945	156.75701032191125	688.5808449932483	
17699.803999999996	0.0488000000041211	Ripples	0.0488000000041211	17699.8232	7.583210617380626	154.1255391361248	590.8784487293404	
17705.1512	0.026399999998830026	Ripples	0.026399999998830026	17705.159999999996	7.5665576255122	158.25516182386716	836.9359736265278	
17706.248799999998	0.03280000000086147	Ripples	0.03280000000086147	17706.260799999996	19.944012345537654	155.70526233521548	1464.8028069507382	
17706.775199999996	0.04400000000168802	Ripples	0.04400000000168802	17706.7984	6.670265029970115	150.7999455129521	647.186607389544	
17706.8808	0.02719999999681022	Ripples	0.02719999999681022	17706.8888	5.115686930198721	156.10121542994852	516.7719281295973	
17709.0248	0.03280000000086147	Ripples	0.03280000000086147	17709.0472	19.254277307788044	155.3452637164908	1429.7585371557416	
17709.123999999996	0.07280000000173459	Ripples	0.07280000000173459	17709.1864	14.152769377034991	151.01320329043284	910.0804543088333	
17712.0608	0.0415999999968335	Ripples	0.0415999999968335	17712.0832	11.982445677593752	151.05547803182205	866.9436682294102	
17716.843999999997	0.03840000000127475	Ripples	0.03840000000127475	17716.855199999998	5.843051871715922	149.9945560982152	471.70079407230753	
17716.9208	0.05760000000009313	Ripples	0.05760000000009313	17716.936799999996	6.790839165807277	145.59577972695885	479.2783605467554	
17728.6128	0.021600000000034925	Ripples	0.021600000000034925	17728.623999999996	5.823889365033489	160.13568610806243	720.8278548199457	
17729.1472	0.0415999999968335	Ripples	0.0415999999968335	17729.162399999997	12.476054316481347	155.26540104798238	824.5226089110043	
17737.3168	0.05919999999605352	Ripples	0.05919999999605352	17737.327999999998	5.660319731689711	151.94317618256596	666.8644622656906	
17737.447999999997	0.026400000002468005	Ripples	0.026400000002468005	17737.466399999998	5.397208415421386	149.9417492348415	613.4697342450785	
17740.133599999997	0.023199999999633292	Ripples	0.023199999999633292	17740.145599999996	6.5720647389246505	150.60139643369632	633.0516806076636	
17740.2224	0.04559999999764841	Ripples	0.04559999999764841	17740.249599999996	16.6531510682854	145.21058144163	1009.4428063079952	
17742.171199999997	0.11119999999937136	Ripples	0.11119999999937136	17742.181599999996	10.511017614745999	162.27579203532088	1155.5788457822391	
17743.1936	0.023199999999633292	Ripples	0.023199999999633292	17743.208	6.984609675118367	152.20959548327002	815.2945898276089	
17743.7624	0.05199999999604188	Ripples	0.05199999999604188	17743.8032	7.688015180396174	152.55349612690523	679.9048096295395	
17748.973599999998	0.026400000002468005	Ripples	0.026400000002468005	17748.9816	6.119031885580053	148.84138730781655	577.4472353899233	
17756.998399999997	0.022400000001653098	Ripples	0.022400000001653098	17757.0072	9.501214296600992	155.8960147973427	864.201275724432	
17760.103199999998	0.06000000000130967	Ripples	0.06000000000130967	17760.138399999996	7.905443688977724	163.28299741586	513.0706110125475	
17768.261599999998	0.040000000000873115	Ripples	0.040000000000873115	17768.279199999997	13.552979597494293	153.83112470707198	999.1956819587326	
17770.0624	0.023199999999633292	Ripples	0.023199999999633292	17770.077599999997	5.269053885943853	153.43839695853447	730.1740326317371	
17773.791999999998	0.031200000001263106	Ripples	0.031200000001263106	17773.8088	18.6021533305857	157.11932310107684	1328.7512235076174	
17776.4672	0.022400000001653098	Ripples	0.022400000001653098	17776.4832	5.9970164985621714	150.62371607026054	573.8700948496235	
17787.564	0.04400000000168802	Ripples	0.04400000000168802	17787.5856	19.045800626747205	144.62174854806165	1143.1499615986595	
17792.892799999998	0.035200000002078013	Ripples	0.035200000002078013	17792.9104	14.944561314539575	153.74039901138718	1270.5209532865601	
17796.937599999997	0.025600000000849832	Ripples	0.025600000000849832	17796.9528	9.920694152111363	157.32601080590882	953.3327028217002	
17797.111999999997	0.022400000001653098	Ripples	0.022400000001653098	17797.12	7.490180632570799	151.768522059467	614.5143343567081	
17816.839999999997	0.04800000000250293	Ripples	0.04800000000250293	17816.851199999997	7.589506504488581	149.33641853301285	668.7399236612853	
17828.638399999996	0.03200000000288128	Ripples	0.03200000000288128	17828.656	32.975744182107285	159.13372789364112	1942.165899226271	
17832.3448	0.028800000000046566	Ripples	0.028800000000046566	17832.369599999998	7.078386093556597	157.17861479030955	789.0064661108177	
17835.387199999997	0.05040000000008149	Ripples	0.05040000000008149	17835.404799999997	27.224273488442858	150.52241681925008	1623.3764188475773	
17836.084799999997	0.05520000000251457	Ripples	0.05520000000251457	17836.1216	20.306903284966232	146.72797922530873	1154.8891804057646	
17842.447999999997	0.046399999999266583	Ripples	0.046399999999266583	17842.465599999996	10.996414447496369	153.074815743031	1091.518393901586	
17843.5072	0.026399999998830026	Ripples	0.026399999998830026	17843.519999999997	13.642711369202292	158.30581128633506	1111.237126481282	
17843.924	0.1088000000017928	Ripples	0.1088000000017928	17843.9392	16.46717010392447	154.56242998304646	1115.7335900333135	
17844.2376	0.042399999998451676	Ripples	0.042399999998451676	17844.248799999998	6.197712993163084	153.3245756461436	506.0485476003472	
17844.3024	0.02239999999801512	Ripples	0.02239999999801512	17844.311199999996	10.96110471613156	160.92182302700826	847.7630339425566	
17845.3248	0.05680000000211294	Ripples	0.05680000000211294	17845.3464	21.35305988625096	151.27354676177333	1264.4572779599175	
17846.189599999998	0.0591999999996915	Ripples	0.0591999999996915	17846.219999999998	13.549578444805165	151.54892769657468	935.6594692797235	
17846.943999999996	0.027200000004086178	Ripples	0.027200000004086178	17846.9528	8.072134440577402	156.88554475829773	766.628080362254	
17860.275999999998	0.03919999999925494	Ripples	0.03919999999925494	17860.3016	11.605804678211465	145.86365198990035	921.5683664019708	
17860.662399999997	0.031200000001263106	Ripples	0.031200000001263106	17860.676799999997	10.56755048282866	151.93278751631283	1171.1644767121343	
17863.2152	0.03680000000167638	Ripples	0.03680000000167638	17863.2336	10.163289497991595	149.71926075814977	918.4584163149368	
17863.5712	0.04160000000047148	Ripples	0.04160000000047148	17863.601599999998	11.963866641111759	149.56075676114924	870.2897199718268	
17870.976	0.025599999997211853	Ripples	0.025599999997211853	17870.987999999998	6.751804681501642	155.81066930858313	917.4675647568328	
17873.8272	0.04079999999885331	Ripples	0.04079999999885331	17873.842399999998	10.253593953969972	154.70366095328274	768.755972446572	
17877.509599999998	0.0319999999992433	Ripples	0.0319999999992433	17877.528	19.9906153949437	158.29528994526547	1506.0952715961596	
17878.3744	0.023199999995995313	Ripples	0.023199999995995313	17878.383199999997	12.658947939606142	159.40756170621168	1034.7240108408425	
17880.4208	0.06160000000090804	Ripples	0.06160000000090804	17880.4752	7.626779016626541	155.33475236971768	965.7019066981268	
17882.0104	0.0591999999996915	Ripples	0.0591999999996915	17882.043999999998	32.209874149729345	148.52050731229951	1512.505473151628	
17883.1048	0.028799999996408587	Ripples	0.028799999996408587	17883.123199999998	11.593268522317942	152.0351906740632	925.4395058310288	
17883.472799999996	0.07440000000497093	Ripples	0.07440000000497093	17883.491199999997	6.469122089217583	154.87781449414334	733.9685713182306	
17887.136	0.021600000000034925	Ripples	0.021600000000034925	17887.147999999997	6.507572955244669	152.61518648185756	711.6741554064181	
17901.5264	0.03359999999884167	Ripples	0.03359999999884167	17901.552799999998	11.055417483234868	157.42789075520733	942.3823453478351	
17907.7376	0.021600000000034925	Ripples	0.021600000000034925	17907.752	15.600426459840461	163.67315788759055	1153.143441256324	
17909.7368	0.04400000000168802	Ripples	0.04400000000168802	17909.770399999998	9.734871145344062	152.66055615558673	845.2047003861497	
17911.0552	0.03359999999884167	Ripples	0.03359999999884167	17911.080799999996	6.954949313325759	147.0411106788008	652.7798288013361	
17913.189599999998	0.03440000000045984	Ripples	0.03440000000045984	17913.203999999998	7.725074950364806	148.33403269011924	687.0470249456739	
17919.951199999996	0.04080000000249129	Ripples	0.04080000000249129	17919.968	21.358467079350955	165.17540708265977	1529.8983084574088	
17920.0712	0.04799999999886495	Ripples	0.04799999999886495	17920.0896	20.027930154804988	153.00965327711626	1294.6631652713675	
17920.3392	0.04799999999886495	Ripples	0.04799999999886495	17920.3672	5.347746042532552	166.80405145304312	430.33705205711266	
17920.5784	0.035199999998440035	Ripples	0.035199999998440035	17920.587199999998	5.217396758768082	159.33840084857937	644.8200566166323	
17929.1808	0.0272000000004482	Ripples	0.0272000000004482	17929.199999999997	6.2820929652360284	155.69250278886602	555.5309093405383	
17929.2624	0.02959999999802676	Ripples	0.02959999999802676	17929.2768	11.186248579176388	156.8517206417415	894.6963424487126	
17932.483999999997	0.030400000003282912	Ripples	0.030400000003282912	17932.504	31.96259539859739	162.1669596199196	1868.9773299070941	
17947.1328	0.0319999999992433	Ripples	0.0319999999992433	17947.1512	16.62612781880865	154.6169258712764	1221.6214151168322	
17952.594399999998	0.0591999999996915	Ripples	0.0591999999996915	17952.609599999996	12.595654686634672	153.45234896378437	913.0661420096096	
17956.4136	0.04320000000006985	Ripples	0.04320000000006985	17956.4312	23.933786593271538	151.75934735377166	1424.9117836792652	
17959.7064	0.0272000000004482	Ripples	0.0272000000004482	17959.724799999996	14.97566803978585	160.86415291173614	1217.4600352724326	
17961.282399999996	0.044800000003306195	Ripples	0.044800000003306195	17961.3056	24.381697666178578	149.3373430564898	1394.0460334433135	
17968.6216	0.06560000000172295	Ripples	0.06560000000172295	17968.6584	20.8480286814325	147.79188008854274	1207.8473410360457	
17972.793599999997	0.03440000000045984	Ripples	0.03440000000045984	17972.804799999998	5.133105627190875	168.96248237893278	623.8367209785679	
17979.7952	0.05760000000009313	Ripples	0.05760000000009313	17979.8304	16.296021341240092	158.56161136757405	818.855256309495	
17986.2808	0.025599999997211853	Ripples	0.025599999997211853	17986.299999999996	5.758562485125649	155.1626658357262	672.2817232537518	
17990.705599999998	0.05040000000008149	Ripples	0.05040000000008149	17990.717599999996	11.324258657856525	149.33883937832192	806.0022122424333	
17990.8768	0.025600000000849832	Ripples	0.025600000000849832	17990.8912	9.856966045795613	154.3849080839895	985.5214242844424	
17993.479999999996	0.04080000000249129	Ripples	0.04080000000249129	17993.5104	13.405842615287265	149.09326202035712	931.2708398872369	
18000.682399999998	0.022400000001653098	Ripples	0.022400000001653098	18000.6944	10.206757425591515	157.9741446912401	902.8743795847232	
18011.239199999996	0.04800000000250293	Ripples	0.04800000000250293	18011.2728	16.21573529654999	151.1496314274164	1129.6369984693995	
18018.320799999998	0.024800000002869638	Ripples	0.024800000002869638	18018.336799999997	7.464928603428083	148.74221912741154	623.5889524874128	
18021.92	0.03919999999925494	Ripples	0.03919999999925494	18021.9384	12.138837161990402	163.33194709769901	961.627145011751	
18031.9248	0.0367999999980384	Ripples	0.0367999999980384	18031.936799999996	5.104372766508085	150.34423862734545	596.2800101588039	
18039.0	45.0	SleepStates						REM
18048.1736	0.03359999999884167	Ripples	0.03359999999884167	18048.192799999997	6.673591700342569	150.6381520620188	568.9700926103043	
18085.0	21.0	SleepStates						Awake
18107.0	121.0	SleepStates						Non-REM
18108.786399999997	0.05040000000008149	Ripples	0.05040000000008149	18108.811999999998	32.39710150716431	148.20358986212284	1465.601888754678	
18111.9968	0.035199999998440035	Ripples	0.035199999998440035	18112.012799999997	10.503454334872716	150.53710661766505	784.566397455944	
18122.9888	0.058400000001711305	Ripples	0.058400000001711305	18123.0256	13.624291064658296	150.67733856745215	1098.6319094106188	
18124.907999999996	0.058400000001711305	Ripples	0.058400000001711305	18124.9544	8.390644070396517	148.64457537175994	541.1867950488984	
18125.707199999997	0.028800000000046566	Ripples	0.028800000000046566	18125.721599999997	8.401479246492592	148.48856235360958	815.2589291295164	
18128.0608	0.03280000000086147	Ripples	0.03280000000086147	18128.076	9.580202245259704	147.66144208202277	807.2835344887626	
18128.5928	0.02479999999923166	Ripples	0.02479999999923166	18128.6072	12.146022104525116	153.94174620162843	1039.3466484137195	
18129.101599999998	0.04160000000047148	Ripples	0.04160000000047148	18129.124799999998	8.677095279776418	147.07522608647716	629.2268478179393	
18140.940799999997	0.06079999999928987	Ripples	0.06079999999928987	18140.959199999998	23.010016695743857	153.23311407667296	1729.8124754388245	
18145.998399999997	0.044800000003306195	Ripples	0.044800000003306195	18146.0184	11.453375967511302	154.4238255454078	829.6076169552773	
18147.113599999997	0.02080000000205473	Ripples	0.02080000000205473	18147.123999999996	11.871868791864614	155.10824666466516	1027.2549724504336	
18150.0248	0.03439999999682186	Ripples	0.03439999999682186	18150.0336	6.199534677313543	155.63588506079725	672.564031249793	
18155.735999999997	0.027999999998428393	Ripples	0.027999999998428393	18155.7512	18.43096462292358	161.8501432669088	1396.6044548271516	
18156.394399999997	0.02320000000327127	Ripples	0.02320000000327127	18156.4032	6.642100797635774	151.0957109949896	632.7257821358344	
18156.4712	0.026399999998830026	Ripples	0.026399999998830026	18156.4896	5.182922603805806	149.30054630402276	648.4062233085273	
18164.4256	0.046399999999266583	Ripples	0.046399999999266583	18164.455199999997	15.61379343226863	149.57274741699163	1345.2728458608165	
18165.3632	0.031199999997625127	Ripples	0.031199999997625127	18165.379999999997	20.4327020041985	158.58674025305848	1557.6568377428232	
18174.2984	0.02479999999923166	Ripples	0.02479999999923166	18174.3128	13.458824347116252	161.22828515623834	1243.5967584877583	
18179.369599999998	0.022400000001653098	Ripples	0.022400000001653098	18179.3816	9.84233729338043	158.7129167987265	863.7403305357445	
18180.0568	0.022400000001653098	Ripples	0.022400000001653098	18180.0712	11.257842027298251	157.76696525354748	889.7723239175831	
18184.289599999996	0.037600000003294554	Ripples	0.037600000003294554	18184.313599999998	7.108536850297228	147.56712525599892	474.1516348336223	
18201.480799999998	0.05280000000129803	Ripples	0.05280000000129803	18201.5064	11.681514147324652	150.616188540569	825.5820464191631	
18202.116799999996	0.02320000000327127	Ripples	0.02320000000327127	18202.135199999997	7.569093227110148	154.2925407951313	729.5486313035248	
18206.228	0.02479999999923166	Ripples	0.02479999999923166	18206.2448	14.668376258509396	161.3224618741612	1261.671989495598	
18206.3776	0.027999999998428393	Ripples	0.027999999998428393	18206.392	11.769817751364249	156.0828322532201	1192.672030723736	
18206.428	0.03600000000005821	Ripples	0.03600000000005821	18206.443199999998	7.620704083411717	146.15153112023043	776.3590226201787	
18207.2024	0.025600000000849832	Ripples	0.025600000000849832	18207.210399999996	8.697997670191919	155.96373081594774	855.9512415023916	
18212.7336	0.03280000000086147	Ripples	0.03280000000086147	18212.752	12.14157602972901	152.34611104987476	1118.2852229786495	
18215.139199999998	0.04560000000128639	Ripples	0.04560000000128639	18215.1632	14.013582131089814	156.9936512379641	963.0590343933895	
18216.369599999998	0.02479999999923166	Ripples	0.02479999999923166	18216.387199999997	10.867243825668439	154.93361143360983	920.7843229954653	
18229.0	26.0	SleepStates						Awake
18256.0	262.0	SleepStates						Non-REM
18261.253599999996	0.12559999999939464	Ripples	0.12559999999939464	18261.356	10.286911708004917	154.8529624160212	687.660355633719	
18263.5968	0.044799999999668216	Ripples	0.044799999999668216	18263.6144	40.372629901310475	154.58334153190665	2111.623202531473	
18263.782399999996	0.03840000000127475	Ripples	0.03840000000127475	18263.804799999998	38.59005065754609	158.20080269744625	2075.823722235651	
18263.937599999997	0.03680000000167638	Ripples	0.03680000000167638	18263.9528	6.586935127489702	158.70214199067672	834.0794843485805	
18266.915999999997	0.030400000003282912	Ripples	0.030400000003282912	18266.9272	7.750520436368968	154.3128564808351	719.8603287961023	
18276.7816	0.04079999999885331	Ripples	0.04079999999885331	18276.793599999997	18.251232785625803	153.180394665808	1325.3291109218835	
18278.9472	0.03919999999925494	Ripples	0.03919999999925494	18278.964799999998	11.778604008735634	142.5203017264755	777.214474934645	
18283.156799999997	0.06560000000172295	Ripples	0.06560000000172295	18283.2152	6.021653896674609	149.44794753262806	740.6572762448736	
18286.0984	0.09519999999974971	Ripples	0.09519999999974971	18286.185599999997	17.172852025241486	162.8790709457068	971.8950175168098	
18287.863999999998	0.05199999999967986	Ripples	0.05199999999967986	18287.8808	19.89932072400585	156.36233307384848	1478.2799247159471	
18295.224	0.02479999999923166	Ripples	0.02479999999923166	18295.241599999998	7.087514606288758	158.02192524974726	802.7389877296815	
18299.172	0.04079999999885331	Ripples	0.04079999999885331	18299.1952	10.359149905151366	145.50318897418018	925.5234993021519	
18301.699999999997	0.03680000000167638	Ripples	0.03680000000167638	18301.711199999998	8.745623836099433	157.64687257818358	832.50284448274	
18301.7736	0.032799999997223495	Ripples	0.032799999997223495	18301.799199999998	5.46332132819408	149.9798117684869	632.8236883994408	
18308.8952	0.05040000000008149	Ripples	0.05040000000008149	18308.9136	34.4768581281435	153.37992050645727	1931.0968708946716	
18309.728799999997	0.042399999998451676	Ripples	0.042399999998451676	18309.756799999996	5.639281811041279	154.00438257041114	605.2765659855065	
18310.530399999996	0.06880000000091968	Ripples	0.06880000000091968	18310.576	18.628049738430764	154.82664773693503	1085.5927910807136	
18312.516799999998	0.021600000000034925	Ripples	0.021600000000034925	18312.528	5.49269527551489	154.57354944485954	723.8314537103676	
18315.116799999996	0.04160000000410946	Ripples	0.04160000000410946	18315.1288	6.145571549522695	154.99220498501862	711.360305449892	
18318.045599999998	0.05760000000009313	Ripples	0.05760000000009313	18318.0832	18.3397618895017	151.3034259050795	1430.279369501918	
18320.084	0.05760000000009313	Ripples	0.05760000000009313	18320.119199999997	21.45514273049298	147.92749225053376	1077.6712780225118	
18322.843999999997	0.033600000002479646	Ripples	0.033600000002479646	18322.855199999998	6.4823383158240695	149.0355374356134	747.9401453863369	
18323.825599999996	0.0544000000008964	Ripples	0.0544000000008964	18323.836799999997	5.092378827037118	157.2287269306177	462.1294026259954	
18324.6376	0.042400000002089655	Ripples	0.042400000002089655	18324.6584	20.589625287294844	153.55105988482845	1429.9607534002655	
18326.3592	0.023199999999633292	Ripples	0.023199999999633292	18326.3672	5.162055045950634	148.70361399949857	636.2743911121778	
18334.339999999997	0.0488000000041211	Ripples	0.0488000000041211	18334.355199999998	13.321085651258288	152.6156007957048	718.2461409558733	
18334.447999999997	0.06480000000010477	Ripples	0.06480000000010477	18334.4752	8.128868622954187	151.6990314147141	455.10347867144066	
18335.217599999996	0.02960000000166474	Ripples	0.02960000000166474	18335.2376	5.085867999699784	159.01096051454545	546.6764187100981	
18342.009599999998	0.056000000000494765	Ripples	0.056000000000494765	18342.051199999998	11.252237578000738	149.9623234900308	764.8729906813965	
18342.3096	0.05439999999725842	Ripples	0.05439999999725842	18342.325599999996	12.604251028239094	154.12807375275273	771.5640056698683	
18342.749599999996	0.04560000000492437	Ripples	0.04560000000492437	18342.7728	6.911617529417502	153.1218144546124	558.6692143912144	
18359.0544	0.032799999997223495	Ripples	0.032799999997223495	18359.0624	7.1911969256902095	146.01217814087002	785.9668769325408	
18372.5104	0.03280000000086147	Ripples	0.03280000000086147	18372.5288	8.622259442748655	150.67725445252486	877.9859375965274	
18373.692	0.0367999999980384	Ripples	0.0367999999980384	18373.711199999998	14.032538747239974	149.96715789424155	1224.7852981328247	
18374.904	0.039999999997235136	Ripples	0.039999999997235136	18374.9272	5.365001853032866	155.53030768244759	562.9118785471209	
18381.6152	0.032799999997223495	Ripples	0.032799999997223495	18381.633599999997	13.45456037444329	151.86704175630723	1038.3929853341147	
18381.785599999996	0.03680000000167638	Ripples	0.03680000000167638	18381.807199999996	18.14946525998594	148.03064544955535	1140.7994362348418	
18383.624799999998	0.031200000001263106	Ripples	0.031200000001263106	18383.6368	11.37515085025646	153.58159970012127	852.6176434026661	
18383.7352	0.07519999999931315	Ripples	0.07519999999931315	18383.746399999996	6.522992555757454	153.2825636292718	806.1342597038073	
18387.393599999996	0.04080000000249129	Ripples	0.04080000000249129	18387.4168	19.22063208489735	151.73849622998532	1284.5844966735353	
18395.7528	0.021600000000034925	Ripples	0.021600000000034925	18395.760799999996	5.047364675350521	157.51621073301823	664.8447508722899	
18416.6488	0.03600000000005821	Ripples	0.03600000000005821	18416.6576	5.761156565773059	154.09257583987966	596.4941942079248	
18420.219999999998	0.0272000000004482	Ripples	0.0272000000004482	18420.239999999998	7.3303980476641355	154.89792747499578	684.2640488725049	
18421.631999999998	0.04160000000047148	Ripples	0.04160000000047148	18421.644	16.637626877811883	154.769644632729	1185.8706159628302	
18424.2352	0.04560000000128639	Ripples	0.04560000000128639	18424.2552	8.123986372496063	152.89958722878188	689.8264498936488	
18426.626399999997	0.03280000000086147	Ripples	0.03280000000086147	18426.640799999997	8.267506289240782	152.26469572655313	802.5504232345372	
18428.487199999996	0.042400000002089655	Ripples	0.042400000002089655	18428.505599999997	18.161046981080016	147.47824686363148	1207.1472186133522	
18433.8704	0.023199999995995313	Ripples	0.023199999995995313	18433.886399999996	13.317497766517189	159.74166808705849	1059.7589168523582	
18435.027199999997	0.05200000000331784	Ripples	0.05200000000331784	18435.058399999998	12.725168200872236	149.29387690148022	1230.7442621015255	
18437.1592	0.028800000000046566	Ripples	0.028800000000046566	18437.178399999997	8.960596303045586	152.2576002118371	701.7495257098338	
18447.0912	0.051199999998061685	Ripples	0.051199999998061685	18447.131199999996	5.598241299275534	156.6552615363808	680.4288069466114	
18455.9968	0.09119999999529682	Ripples	0.09119999999529682	18456.0624	8.454860265918844	152.79960453341113	1010.7320977328944	
18457.192	0.0319999999992433	Ripples	0.0319999999992433	18457.1992	7.863323126633359	153.2824620965694	686.8274491077109	
18462.6416	0.0367999999980384	Ripples	0.0367999999980384	18462.671199999997	6.072980521930905	158.3640238809531	521.7288092265909	
18464.6592	0.026399999998830026	Ripples	0.026399999998830026	18464.671199999997	14.65998512473633	160.93544151864518	1295.903077978111	
18465.6936	0.04799999999886495	Ripples	0.04799999999886495	18465.705599999998	8.399097017709506	165.57727358920275	785.1646067824672	
18471.7944	0.021600000000034925	Ripples	0.021600000000034925	18471.8088	10.302040552277983	160.6042992743167	816.5656238084973	
18472.0496	0.03600000000005821	Ripples	0.03600000000005821	18472.059999999998	9.338775952567353	159.10036291815038	819.3516618692465	
18472.3128	0.031199999997625127	Ripples	0.031199999997625127	18472.329599999997	7.2080257559965455	155.15273184657872	946.1617781950666	
18472.498399999997	0.042400000002089655	Ripples	0.042400000002089655	18472.5176	21.457266955618856	152.27028974769564	1256.6435857041777	
18481.633599999997	0.04799999999886495	Ripples	0.04799999999886495	18481.647999999997	10.838834522754354	150.80165601439157	795.3380552418307	
18481.732799999998	0.04320000000006985	Ripples	0.04320000000006985	18481.754399999998	10.332784412995911	153.7942419820777	740.8404765744034	
18491.217599999996	0.037600000003294554	Ripples	0.037600000003294554	18491.2368	6.175982139105893	142.6763660091758	518.1810049465204	
18518.260799999996	0.04560000000128639	Ripples	0.04560000000128639	18518.2984	9.235899110853484	152.39850140487405	805.5013916580838	
18519.0	11.0	SleepStates						Awake
18531.0	361.0	SleepStates						Non-REM
18531.172	0.0319999999992433	Ripples	0.0319999999992433	18531.1936	18.064839290688727	154.20431198336095	1199.6263782760025	
18538.682399999998	0.03600000000005821	Ripples	0.03600000000005821	18538.705599999998	7.845513170316266	152.68945700632756	757.4905934479112	
18544.231999999996	0.053599999999278225	Ripples	0.053599999999278225	18544.2656	6.094706712494632	156.3384307468551	624.1135838739292	
18544.994399999996	0.024800000002869638	Ripples	0.024800000002869638	18545.008799999996	12.11728532739391	156.02377660025758	1151.9514035444479	
18545.699999999997	0.021600000000034925	Ripples	0.021600000000034925	18545.712	11.868418594741717	158.71243581255908	984.9637183030414	
18548.292799999996	0.03920000000289292	Ripples	0.03920000000289292	18548.321599999996	11.54620857051414	159.1015653764894	1069.6205597464327	
18550.5752	0.03680000000167638	Ripples	0.03680000000167638	18550.602399999996	7.055176578028556	152.47880095543394	675.522451584052	
18550.915199999996	0.03440000000409782	Ripples	0.03440000000409782	18550.9312	6.761153714760328	147.17932236397354	650.1831758247916	
18554.8088	0.035199999998440035	Ripples	0.035199999998440035	18554.8344	6.598708355109719	157.15711183959598	791.5051341876233	
18555.806399999998	0.02959999999802676	Ripples	0.02959999999802676	18555.821599999996	6.202562923793445	144.66048663271218	644.6947960982819	
18557.536	0.030399999996006954	Ripples	0.030399999996006954	18557.5568	15.473317596313823	160.48871633213588	1255.077000146288	
18565.818399999996	0.047200000000884756	Ripples	0.047200000000884756	18565.8376	15.648034163941134	150.223347424628	1076.5669407739447	
18566.839999999997	0.026400000002468005	Ripples	0.026400000002468005	18566.856	13.551938576002652	151.84227380729138	1058.5103566381622	
18572.3232	0.03280000000086147	Ripples	0.03280000000086147	18572.3312	5.203756749735307	153.86990098297244	757.6577416132155	
18585.821599999996	0.05760000000009313	Ripples	0.05760000000009313	18585.833599999998	8.494610973775938	148.5527654957825	609.2211713354448	
18587.153599999998	0.058400000001711305	Ripples	0.058400000001711305	18587.203999999998	11.144284245358396	152.64726008611004	935.1559417718967	
18597.623999999996	0.04080000000249129	Ripples	0.04080000000249129	18597.638399999996	10.26403509435671	159.84905975430408	791.3531224253204	
18597.8032	0.02239999999801512	Ripples	0.02239999999801512	18597.818399999996	8.602910917313121	161.76852079432172	869.5887057883094	
18597.92	0.026400000002468005	Ripples	0.026400000002468005	18597.9384	12.115709812955142	155.51325963110645	879.1556040615412	
18607.2016	0.05439999999725842	Ripples	0.05439999999725842	18607.228799999997	35.336304556646695	147.74693283109366	1781.1072512446274	
18609.2048	0.05199999999604188	Ripples	0.05199999999604188	18609.2352	20.584831862542817	146.69523526501706	1203.7902483210175	
18609.746399999996	0.04560000000128639	Ripples	0.04560000000128639	18609.760799999996	10.228092046684386	150.8742167654625	790.1483389529543	
18613.8912	0.06079999999928987	Ripples	0.06079999999928987	18613.929599999996	13.239389305989723	148.5201849499597	744.8273635728541	
18625.311999999998	0.046399999999266583	Ripples	0.046399999999266583	18625.347199999997	9.602822974064566	152.792371562704	604.3610374647204	
18626.052799999998	0.06480000000010477	Ripples	0.06480000000010477	18626.091999999997	26.779413781954826	148.7993874634943	1591.5430061263523	
18626.2224	0.03359999999884167	Ripples	0.03359999999884167	18626.234399999998	5.974700846603393	145.02746218521256	574.0336871190722	
18629.3168	0.04719999999724678	Ripples	0.04719999999724678	18629.3536	9.63783051933468	167.59352750874538	668.2405744491695	
18629.8888	0.02479999999923166	Ripples	0.02479999999923166	18629.900799999996	10.108235305458168	159.8925347805558	1043.4632739248163	
18654.436799999996	0.04320000000006985	Ripples	0.04320000000006985	18654.447999999997	9.809089869586327	155.0703971396554	1005.1102035613977	
18665.662399999997	0.044799999999668216	Ripples	0.044799999999668216	18665.692799999997	15.465833440664019	144.97561766712332	906.1416632510249	
18666.1864	0.03600000000005821	Ripples	0.03600000000005821	18666.1952	8.102883088773146	154.6935509244418	692.6182137244672	
18686.6512	0.021600000000034925	Ripples	0.021600000000034925	18686.662399999997	7.019138061196323	154.81925910487053	718.6348887443606	
18695.1992	0.04959999999846332	Ripples	0.04959999999846332	18695.225599999998	25.739029898853726	152.51449235540278	1752.6838276510357	
18695.347199999997	0.022400000001653098	Ripples	0.022400000001653098	18695.358399999997	9.143601615208759	156.6254324641088	771.317427534131	
18696.9528	0.02719999999681022	Ripples	0.02719999999681022	18696.968	10.214316330624134	156.2986431817191	654.2622491892142	
18697.1576	0.04959999999846332	Ripples	0.04959999999846332	18697.178399999997	26.009102772945187	145.49904576550597	1422.7117323846728	
18699.551999999996	0.037600000003294554	Ripples	0.037600000003294554	18699.559999999998	5.474471524953868	166.94930339434046	733.2524502612051	
18705.775199999996	0.03280000000086147	Ripples	0.03280000000086147	18705.800799999997	8.638195576706922	158.36250201552164	905.2518091977926	
18719.897599999997	0.04320000000006985	Ripples	0.04320000000006985	18719.922399999996	6.874375704440139	146.42384567311498	846.6910679422683	
18723.8248	0.023199999999633292	Ripples	0.023199999999633292	18723.8392	14.012977722119988	156.61134961677487	1016.1330080844218	
18743.8096	0.02719999999681022	Ripples	0.02719999999681022	18743.825599999996	8.88526261717085	151.617511957132	749.0740126190575	
18743.995199999998	0.037600000003294554	Ripples	0.037600000003294554	18744.0248	15.48225248325658	158.52628351854	1125.8679616924344	
18744.770399999998	0.042400000002089655	Ripples	0.042400000002089655	18744.797599999998	12.30533994637973	151.03967916688856	1174.2414703285742	
18752.879999999997	0.035199999998440035	Ripples	0.035199999998440035	18752.8888	7.660597366349894	151.7965602305186	668.6341600900839	
18753.070399999997	0.026400000002468005	Ripples	0.026400000002468005	18753.0856	19.9640202139449	158.20028242913162	1379.287404618056	
18753.155199999997	0.023199999999633292	Ripples	0.023199999999633292	18753.167199999996	8.091213001509432	156.40820745849493	868.5001706633151	
18754.235999999997	0.028800000000046566	Ripples	0.028800000000046566	18754.247199999998	5.601825176524552	151.80125637464891	526.2073671354475	
18757.469599999997	0.058400000001711305	Ripples	0.058400000001711305	18757.5136	22.689382119740916	150.6686785738793	1523.720658651843	
18757.8592	0.053599999999278225	Ripples	0.053599999999278225	18757.888	31.27850633161834	155.3953862484322	1771.3492070732314	
18765.7312	0.0367999999980384	Ripples	0.0367999999980384	18765.7456	15.135805700944642	155.4445923316847	1274.5783433996148	
18767.4208	0.03839999999763677	Ripples	0.03839999999763677	18767.436799999996	14.681596504253429	155.31390457864146	1095.941911955853	
18773.6656	0.03359999999884167	Ripples	0.03359999999884167	18773.6776	15.72895370317457	153.31715665777776	1176.7186664605458	
18775.3768	0.03440000000045984	Ripples	0.03440000000045984	18775.3848	7.235045089707257	160.09235005530385	612.4085719631651	
18779.523199999996	0.022400000001653098	Ripples	0.022400000001653098	18779.534399999997	6.300185859838215	152.83616971267645	663.028160891191	
18783.5432	0.035199999998440035	Ripples	0.035199999998440035	18783.5624	5.359436272121725	151.1787856685912	881.4157581999982	
18784.9248	0.028800000000046566	Ripples	0.028800000000046566	18784.9464	7.260733955393069	151.47452044184956	671.3283072470582	
18785.296	0.025599999997211853	Ripples	0.025599999997211853	18785.307199999996	7.938439007700135	154.75730900797572	919.8160405440905	
18785.519999999997	0.042400000002089655	Ripples	0.042400000002089655	18785.536799999998	26.627482632612697	159.87066905796308	1608.9173365707131	
18786.4184	0.04719999999724678	Ripples	0.04719999999724678	18786.4392	28.901785727366953	152.25068554309573	1709.5037105774397	
18789.604	0.03600000000005821	Ripples	0.03600000000005821	18789.6256	12.421359220813528	151.9693078575743	912.9200557871155	
18791.246399999996	0.02960000000166474	Ripples	0.02960000000166474	18791.254399999998	7.433505568483871	156.81709945944388	794.0262305154502	
18791.7152	0.047200000000884756	Ripples	0.047200000000884756	18791.7368	13.763850121305763	151.22074143385606	998.0278742037394	
18795.012799999997	0.08000000000174623	Ripples	0.08000000000174623	18795.080799999996	23.507005501631454	152.4309125552587	1423.7513842169758	
18795.763199999998	0.028800000000046566	Ripples	0.028800000000046566	18795.771999999997	5.368664989988879	160.84560742632183	592.2169471089426	
18814.175199999998	0.05199999999967986	Ripples	0.05199999999967986	18814.2192	13.298606217218184	152.65427590928928	1111.4245676244827	
18814.432	0.028800000000046566	Ripples	0.028800000000046566	18814.443199999998	12.871545030915494	158.32777445494983	999.5007413126045	
18821.212	0.058399999998073326	Ripples	0.058399999998073326	18821.241599999998	13.304774453980318	146.91062338148248	967.3137438757536	
18826.325599999996	0.022400000001653098	Ripples	0.022400000001653098	18826.339999999997	10.266691376421756	156.5954921967504	920.1062699256828	
18831.9104	0.051199999998061685	Ripples	0.051199999998061685	18831.943199999998	18.458373612421532	147.74438926862652	1142.2751401078765	
18837.5072	0.0319999999992433	Ripples	0.0319999999992433	18837.5264	9.998839853903043	151.33357623918104	929.5856084372627	
18837.678399999997	0.08720000000175787	Ripples	0.08720000000175787	18837.732799999998	7.961167532054585	140.58987291847475	583.8085261661563	
18838.356799999998	0.03600000000005821	Ripples	0.03600000000005821	18838.3824	15.655621828777825	152.84261634544148	1177.5152664155464	
18862.479199999998	0.021600000000034925	Ripples	0.021600000000034925	18862.4904	12.685931258194891	156.97617035768025	1039.2703895844425	
18870.067199999998	0.03919999999925494	Ripples	0.03919999999925494	18870.0832	6.373111466158658	167.75671647752893	604.4979411357369	
18893.0	102.0	SleepStates						REM
18996.0	25.0	SleepStates						Awake
19017.067199999998	0.026400000002468005	Ripples	0.026400000002468005	19017.0824	8.38793344391618	151.96090018820772	833.3516051872768	
19019.350399999996	0.040000000000873115	Ripples	0.040000000000873115	19019.371999999996	7.801888113561196	147.7843673237869	737.7579328019913	
19022.0	111.0	SleepStates						Non-REM
19026.5048	0.05680000000211294	Ripples	0.05680000000211294	19026.536799999998	43.468308542405666	152.47250546885695	2132.1509957505177	
19028.5104	0.04079999999885331	Ripples	0.04079999999885331	19028.5248	12.675048779495848	162.14211161964758	873.4291121950654	
19031.224	0.06159999999727006	Ripples	0.06159999999727006	19031.2424	16.12910793940378	147.50456895396667	1146.9945916534116	
19034.559999999998	0.046399999999266583	Ripples	0.046399999999266583	19034.574399999998	15.984768425591959	156.32534733276339	1256.956351504986	
19041.901599999997	0.03919999999925494	Ripples	0.03919999999925494	19041.923199999997	29.52692358274836	153.4406336920223	1724.973047701501	
19042.1048	0.042399999998451676	Ripples	0.042399999998451676	19042.123199999998	30.407053922399076	154.0854076582322	1706.3065362708046	
19047.9672	0.0415999999968335	Ripples	0.0415999999968335	19047.986399999998	9.735994465563278	158.34454792031232	712.7478446656652	
19057.669599999997	0.03280000000086147	Ripples	0.03280000000086147	19057.6808	10.216315848547056	157.50132860395982	1019.2784449771312	
19063.778399999996	0.021600000000034925	Ripples	0.021600000000034925	19063.792799999996	5.800377841862763	157.4996347767191	752.3212144239812	
19072.36	0.02719999999681022	Ripples	0.02719999999681022	19072.368799999997	5.598749694700722	156.243584410915	564.1363288959853	
19072.572	0.05279999999766005	Ripples	0.05279999999766005	19072.599199999997	15.119592382319617	154.25764983770262	974.5606940282021	
19073.372799999997	0.033600000002479646	Ripples	0.033600000002479646	19073.390399999997	34.99919190366626	158.71874572354662	2069.1692177957943	
19098.313599999998	0.0591999999996915	Ripples	0.0591999999996915	19098.351199999997	31.71640765089928	151.32414550251215	1512.6216350022066	
19098.567199999998	0.03840000000127475	Ripples	0.03840000000127475	19098.587199999998	19.0052895046459	149.42368273488682	1154.3644119520316	
19099.152799999996	0.025600000000849832	Ripples	0.025600000000849832	19099.167999999998	11.699967765473927	157.8931040099809	1062.3864783974207	
19099.682399999998	0.033600000002479646	Ripples	0.033600000002479646	19099.6904	5.834319237379203	149.34581261730224	507.24301933587	
19100.725599999998	0.033600000002479646	Ripples	0.033600000002479646	19100.748	13.480387398553354	147.4282292253844	914.2264040834216	
19121.7368	0.04559999999764841	Ripples	0.04559999999764841	19121.76	7.6675145175899395	143.89194467686352	613.0043447312675	
19122.4888	0.020000000000436557	Ripples	0.020000000000436557	19122.500799999998	6.081895917022045	153.8091804046412	627.4150731550443	
19134.0	39.0	SleepStates						Awake
19171.1344	0.03600000000005821	Ripples	0.03600000000005821	19171.152799999996	31.170513312649547	153.7362605769749	1761.707870190967	
19174.0	37.0	SleepStates						Non-REM
19179.027199999997	0.06640000000334112	Ripples	0.06640000000334112	19179.045599999998	23.171611923331707	149.25406083591002	1285.9624036151306	
19185.407199999998	0.07920000000012806	Ripples	0.07920000000012806	19185.460799999997	26.28458396297569	149.6236336623156	1385.1912208859583	
19185.829599999997	0.021600000000034925	Ripples	0.021600000000034925	19185.8416	9.349477112394927	156.2122586295289	971.9383300010568	
19185.8776	0.06639999999970314	Ripples	0.06639999999970314	19185.9184	8.425269657475349	155.2314502021613	757.5099299598552	
19187.6832	0.062399999998888234	Ripples	0.062399999998888234	19187.716	19.298834983062005	147.4675650564323	1184.5040810999456	
19194.552799999998	0.0544000000008964	Ripples	0.0544000000008964	19194.5792	21.884463106600617	152.8509558571087	1441.792961974545	
19197.5432	0.04799999999886495	Ripples	0.04799999999886495	19197.581599999998	8.779411425057798	154.8931735417989	653.4355066885593	
19197.7064	0.06159999999727006	Ripples	0.06159999999727006	19197.746399999996	12.981607943974696	151.96340774685623	840.0342120737739	
19212.0	33.0	SleepStates						Awake
19244.068799999997	0.04160000000047148	Ripples	0.04160000000047148	19244.088799999998	13.813807672042662	153.70399655149325	939.0337451218371	
19246.0	260.0	SleepStates						Non-REM
19248.6632	0.05040000000008149	Ripples	0.05040000000008149	19248.7096	5.0762393920571	160.05573783646858	538.875045844057	
19252.261599999998	0.07760000000052969	Ripples	0.07760000000052969	19252.2728	10.498283652182751	162.05761878544226	1108.5423244246388	
19252.5376	0.051199999998061685	Ripples	0.051199999998061685	19252.555999999997	15.654706773573915	147.13014807644262	954.4148699563218	
19257.6944	0.05040000000008149	Ripples	0.05040000000008149	19257.7208	28.773294509086856	147.74746014529939	1648.2397634814326	
19257.976799999997	0.044800000003306195	Ripples	0.044800000003306195	19257.992	9.859827569460716	149.92151139030068	858.9675837937026	
19258.6872	0.04799999999886495	Ripples	0.04799999999886495	19258.7168	6.524834753051345	148.42872701565722	656.8406400808142	
19265.597599999997	0.040000000000873115	Ripples	0.040000000000873115	19265.615999999998	10.027667954388399	152.56223322546518	860.0839500879383	
19268.492	0.03600000000005821	Ripples	0.03600000000005821	19268.5176	11.96225164245347	156.28501874205008	1081.094782936649	
19268.68	0.05040000000008149	Ripples	0.05040000000008149	19268.703199999996	16.46315220242945	144.96208069483978	997.8816596387921	
19269.6664	0.028800000000046566	Ripples	0.028800000000046566	19269.685599999997	5.675900530379996	154.69771938054626	724.9595174021066	
19270.852	0.04959999999846332	Ripples	0.04959999999846332	19270.8776	12.469552243995855	155.77648647986197	1035.176755657947	
19271.247199999998	0.06960000000253785	Ripples	0.06960000000253785	19271.2624	17.352288883425842	149.99040170480484	1334.017685307904	
19273.6656	0.07679999999891152	Ripples	0.07679999999891152	19273.7192	10.446636827820923	150.4332956737679	715.3122762595073	
19273.8072	0.05280000000129803	Ripples	0.05280000000129803	19273.8248	10.426809220875821	158.72899767334002	851.8741955860744	
19277.935999999998	0.056000000000494765	Ripples	0.056000000000494765	19277.9848	6.351564702315813	157.2735774685046	743.0136929673255	
19278.18	0.06159999999727006	Ripples	0.06159999999727006	19278.188	7.729209239989083	150.67931103844495	810.5320013026306	
19279.248799999998	0.02960000000166474	Ripples	0.02960000000166474	19279.268799999998	19.118798253736692	157.93327102135166	1378.994480719541	
19279.368	0.037599999999656575	Ripples	0.037599999999656575	19279.3824	8.105187528024267	160.9863570506321	754.6304411281254	
19285.9168	0.030399999999644933	Ripples	0.030399999999644933	19285.928799999998	5.9863517601469605	145.65301924790523	721.0154759780888	
19287.532	0.053599999999278225	Ripples	0.053599999999278225	19287.564	25.90147650281793	147.86972212310525	1468.2839545094907	
19289.728799999997	0.04800000000250293	Ripples	0.04800000000250293	19289.747199999998	23.26545115250544	151.8250871832771	1523.5584554701156	
19289.9344	0.08079999999972642	Ripples	0.08079999999972642	19289.950399999998	12.304381714060506	151.41663057927568	812.1788224366509	
19302.971999999998	0.028000000002066372	Ripples	0.028000000002066372	19302.987999999998	6.02210355095759	148.1147832860286	538.3790303008112	
19303.1416	0.07279999999809661	Ripples	0.07279999999809661	19303.1992	16.897656098661546	148.57556425849225	1066.8782403802963	
19305.091999999997	0.03280000000086147	Ripples	0.03280000000086147	19305.109599999996	14.318174414402954	153.0662691181367	1160.145186185999	
19305.464799999998	0.04799999999886495	Ripples	0.04799999999886495	19305.4872	12.676580074262882	147.89052874416717	911.0953279573088	
19306.515199999998	0.026399999998830026	Ripples	0.026399999998830026	19306.531199999998	5.965271442957402	152.2041678373545	666.0082998299468	
19307.7744	0.04399999999805004	Ripples	0.04399999999805004	19307.793599999997	32.40273111342259	153.61318413746596	1773.404714840228	
19307.9128	0.04320000000006985	Ripples	0.04320000000006985	19307.9296	49.09802656333711	166.32810118219538	2571.735870117443	
19312.606399999997	0.06240000000252621	Ripples	0.06240000000252621	19312.6368	19.991973155468138	151.54051002484533	1174.6292586809711	
19314.518399999997	0.047200000000884756	Ripples	0.047200000000884756	19314.527199999997	5.468039440600383	155.70926625780095	526.6166927325578	
19317.0712	0.07280000000173459	Ripples	0.07280000000173459	19317.124799999998	11.076150308479729	149.92809478551277	612.7925456026695	
19320.788	0.04320000000006985	Ripples	0.04320000000006985	19320.8216	10.45769392328859	150.6969790671814	952.9509070324369	
19321.120799999997	0.044800000003306195	Ripples	0.044800000003306195	19321.155199999997	6.773457168579224	153.0438408857635	686.1140872563833	
19328.750399999997	0.05920000000332948	Ripples	0.05920000000332948	19328.7584	7.830765540730387	153.13846155843473	707.658200335044	
19329.0144	0.0415999999968335	Ripples	0.0415999999968335	19329.029599999998	9.14552412565193	160.60521344420079	702.5427109536586	
19347.861599999997	0.060800000002927845	Ripples	0.060800000002927845	19347.8968	18.70472105430919	153.4631941938864	953.7555979638794	
19351.156	0.062399999998888234	Ripples	0.062399999998888234	19351.182399999998	10.011683229709917	142.9363682466059	707.7454194917576	
19354.2656	0.06799999999930151	Ripples	0.06799999999930151	19354.304799999998	9.942920841374779	168.13144712780016	877.1063794342305	
19356.6184	0.02239999999801512	Ripples	0.02239999999801512	19356.6296	5.2651895429410205	152.80025379459374	702.0765318835171	
19356.7408	0.03600000000005821	Ripples	0.03600000000005821	19356.7568	5.909309083067263	160.12927058466693	546.8932101010716	
19359.826399999998	0.06639999999970314	Ripples	0.06639999999970314	19359.878399999998	7.262244859457902	161.2382410242085	785.7082783047159	
19362.7064	0.02079999999841675	Ripples	0.02079999999841675	19362.7168	7.4058786851611496	156.12830494149975	780.2499535862464	
19388.796	0.04799999999886495	Ripples	0.04799999999886495	19388.8216	21.60603583346095	146.95718628559635	1253.7707319361689	
19391.0768	0.0591999999996915	Ripples	0.0591999999996915	19391.087999999996	7.873931539086318	155.44935591125272	734.181206229634	
19391.176799999997	0.04320000000006985	Ripples	0.04320000000006985	19391.185599999997	10.657615780182415	149.82767889785194	742.6026100469154	
19392.532799999997	0.028800000000046566	Ripples	0.028800000000046566	19392.552	6.1171760701998315	151.68266667140452	794.4585453606204	
19394.7448	0.02239999999801512	Ripples	0.02239999999801512	19394.757599999997	5.719398078328356	152.88259403087417	536.4725434376267	
19406.4616	0.04320000000006985	Ripples	0.04320000000006985	19406.4872	37.840040956370636	157.50894921417392	2171.3185100155843	
19406.6328	0.03439999999682186	Ripples	0.03439999999682186	19406.656799999997	9.014175374103381	151.83263252798838	974.228647867094	
19412.0984	0.0272000000004482	Ripples	0.0272000000004482	19412.117599999998	6.340094927426378	145.21557146320166	523.8863031584302	
19429.2656	0.03280000000086147	Ripples	0.03280000000086147	19429.2912	7.026346685068139	150.21025212791315	749.1647161149293	
19430.419199999997	0.03680000000167638	Ripples	0.03680000000167638	19430.4456	13.020735039169962	158.03047484400258	1125.4179876973346	
19440.207199999997	0.07120000000213622	Ripples	0.07120000000213622	19440.2512	17.03584160404524	152.6881797078419	1271.5515402724109	
19440.5552	0.05439999999725842	Ripples	0.05439999999725842	19440.559999999998	5.239034543815623	159.99392745414596	503.92239685517933	
19444.907199999998	0.042400000002089655	Ripples	0.042400000002089655	19444.931999999997	15.981833719350844	146.60119565335566	1106.1939597561482	
19453.8736	0.040000000000873115	Ripples	0.040000000000873115	19453.888799999997	14.149853725171011	150.79147150401784	1114.567334173791	
19455.207199999997	0.030400000003282912	Ripples	0.030400000003282912	19455.2192	6.901315754959706	154.94807554136008	610.5367336951213	
19457.4256	0.03440000000045984	Ripples	0.03440000000045984	19457.44	28.39828379928559	160.23649365733405	1835.4736644749255	
19458.2208	0.053599999999278225	Ripples	0.053599999999278225	19458.2456	44.104795774061955	155.53658570117761	2213.4886717950135	
19476.7448	0.051199999998061685	Ripples	0.051199999998061685	19476.7744	10.057677854561199	146.88601176439997	805.6322014771301	
19490.512	0.024000000001251465	Ripples	0.024000000001251465	19490.5264	9.178579108063122	156.0690269804795	981.2368775491885	
19492.160799999998	0.02960000000166474	Ripples	0.02960000000166474	19492.1792	6.023244808110049	151.94866313653102	695.0327935117351	
19499.8144	0.03440000000045984	Ripples	0.03440000000045984	19499.8392	16.26103480446575	156.7501493478466	1269.1122654423132	
19499.960799999997	0.05199999999967986	Ripples	0.05199999999967986	19499.9944	25.787972494584753	152.74226498642557	1750.0831482147373	
19507.0	12.0	SleepStates						Awake
19520.0	18.0	SleepStates						Non-REM
19520.6304	0.062399999998888234	Ripples	0.062399999998888234	19520.6664	28.062313128740943	149.07434182921952	1490.5065451135863	
19523.139199999998	0.028800000000046566	Ripples	0.028800000000046566	19523.1504	12.867484938491522	157.56183613029054	1147.0830788323553	
19523.804799999998	0.037599999999656575	Ripples	0.037599999999656575	19523.8312	10.302471100165869	152.72668844017412	933.3640812846782	
19532.9928	0.04719999999724678	Ripples	0.04719999999724678	19533.012	17.849417164559142	147.82191039425143	1137.6568319790308	
19533.169599999997	0.04160000000047148	Ripples	0.04160000000047148	19533.188	26.771613462943247	152.48915813117716	1665.568943019268	
19539.0	1514.0	SleepStates						Awake
19644.267999999996	0.021600000000034925	Ripples	0.021600000000034925	19644.282399999996	5.703858463409362	151.8513677484744	714.8234598832009	
19687.98	0.031199999997625127	Ripples	0.031199999997625127	19687.991199999997	10.755038459507228	159.60125271447347	1236.6415122917801	
19777.9472	0.03600000000005821	Ripples	0.03600000000005821	19777.9616	18.20957149446297	153.98240196399408	1401.1620926761318	
19782.638399999996	0.03600000000005821	Ripples	0.03600000000005821	19782.656	12.887877458975828	151.4325317439801	1108.8607524972504	
19785.243199999997	0.021600000000034925	Ripples	0.021600000000034925	19785.2512	7.759270842912633	163.9529810832664	903.1089227515112	
19789.3536	0.021600000000034925	Ripples	0.021600000000034925	19789.368	8.476102194639019	156.55662880312022	798.7379408757738	
19801.440799999997	0.028800000000046566	Ripples	0.028800000000046566	19801.456	13.438949725392558	160.92387112208772	1301.5758983952187	
19801.799199999998	0.028800000000046566	Ripples	0.028800000000046566	19801.8176	5.425513331233011	151.38434649690439	728.0994943864129	
19807.9728	0.035199999998440035	Ripples	0.035199999998440035	19807.9872	14.870303546299347	156.39155442568008	1386.8258888942946	
19816.011199999997	0.04320000000006985	Ripples	0.04320000000006985	19816.0336	12.129420565662244	149.7909770050018	1031.337295043842	
19818.113599999997	0.028000000002066372	Ripples	0.028000000002066372	19818.123999999996	6.035668158556064	156.10986989424742	851.9652738373887	
19826.4344	0.042399999998451676	Ripples	0.042399999998451676	19826.464	15.809312911541618	159.75460550492437	1326.3021120521237	
19827.1432	0.046399999999266583	Ripples	0.046399999999266583	19827.1792	6.1988561278454215	155.2865630887268	828.6801462340865	
19869.307999999997	0.035200000002078013	Ripples	0.035200000002078013	19869.3216	5.429228280096537	152.76061074210784	625.6569645913806	
19869.4488	0.03440000000045984	Ripples	0.03440000000045984	19869.469599999997	14.845487525464742	156.40869659721452	1418.6728274109932	
19876.0824	0.062399999998888234	Ripples	0.062399999998888234	19876.123199999998	24.82232484040437	154.45874649586327	1674.9220991744003	
19876.212	0.02239999999801512	Ripples	0.02239999999801512	19876.227199999998	6.184417791853015	155.5821451378348	780.3306267691237	
20044.1128	0.05040000000008149	Ripples	0.05040000000008149	20044.156	13.814186850604447	156.0232051990067	1147.008260202953	
20044.439199999997	0.0272000000004482	Ripples	0.0272000000004482	20044.46	5.177511802208974	148.92647782952614	654.5649525651891	
20045.971999999998	0.02479999999923166	Ripples	0.02479999999923166	20045.986399999998	5.150246313525891	152.98131085835647	769.426056657116	
20049.063199999997	0.0496000000021013	Ripples	0.0496000000021013	20049.084	13.003720203697364	147.78769311593967	1161.7114029371996	
20053.0736	0.0319999999992433	Ripples	0.0319999999992433	20053.0912	14.488506364779177	156.135313757425	1275.3029759365138	
20053.1728	0.031199999997625127	Ripples	0.031199999997625127	20053.192799999997	8.048192715747767	148.0636046640962	669.2713112316616	
20061.246399999996	0.021600000000034925	Ripples	0.021600000000034925	20061.260799999996	12.234408417488682	162.58877974920225	1112.884264894298	
20061.399999999998	0.0319999999992433	Ripples	0.0319999999992433	20061.408	7.740590248433955	157.14443715269775	839.1079698493483	
20070.011199999997	0.06480000000010477	Ripples	0.06480000000010477	20070.0624	7.72837008573714	154.270535378596	671.1938375957893	
20077.3528	0.039999999997235136	Ripples	0.039999999997235136	20077.3704	18.682693740011555	155.2572242341395	1372.7775902103333	
20089.747199999998	0.030399999999644933	Ripples	0.030399999999644933	20089.760799999996	19.96032093981704	156.9058533612513	1538.6266894278806	
20089.904	0.03280000000086147	Ripples	0.03280000000086147	20089.923199999997	23.846927783606205	164.0510357241708	1722.257402832683	
20095.1112	0.06079999999928987	Ripples	0.06079999999928987	20095.14	17.340892870199056	143.62716631771323	1145.4086081074367	
20096.12	0.048800000000483124	Ripples	0.048800000000483124	20096.1288	13.131544024672824	152.14074219622927	1033.7122006842915	
20100.18	0.05040000000008149	Ripples	0.05040000000008149	20100.2096	26.007387165755976	157.57533677205276	1883.644841621608	
20111.4656	0.04160000000047148	Ripples	0.04160000000047148	20111.4944	22.828743897652394	159.19716913140894	1630.2167069415773	
20121.239199999996	0.021600000000034925	Ripples	0.021600000000034925	20121.250399999997	6.824215332957054	159.84826825143463	843.9082541893303	
20127.159999999996	0.05040000000008149	Ripples	0.05040000000008149	20127.188799999996	9.90998012255234	146.51618810511104	903.7154081960722	
20127.250399999997	0.03280000000086147	Ripples	0.03280000000086147	20127.2656	6.183299025026408	146.1434733374015	626.0381147951791	
20652.6376	0.026399999998830026	Ripples	0.026399999998830026	20652.652799999996	5.736258948758839	150.42627945778446	671.3933768996628	
20661.7496	0.0272000000004482	Ripples	0.0272000000004482	20661.760799999996	19.139207142034202	164.94592390908733	1496.0168541902224	
20669.509599999998	0.025600000000849832	Ripples	0.025600000000849832	20669.518399999997	7.47754544507036	153.8000512533607	744.8052874063599	
20670.813599999998	0.1136000000005879	Ripples	0.1136000000005879	20670.847199999997	13.66937555501038	149.18126366737326	961.5813614555732	
20671.8504	0.025599999997211853	Ripples	0.025599999997211853	20671.8648	6.654460189563722	151.18694101367754	563.4961120937066	
20674.368799999997	0.030400000003282912	Ripples	0.030400000003282912	20674.3816	5.32613044845469	154.15661810889986	799.1552735644514	
20677.383199999997	0.024800000002869638	Ripples	0.024800000002869638	20677.397599999997	13.060493744690802	160.85650303776316	1251.945773774657	
20678.029599999998	0.05280000000129803	Ripples	0.05280000000129803	20678.068799999997	27.686947441684215	151.2275675202824	1633.1443428180435	
20678.146399999998	0.037599999999656575	Ripples	0.037599999999656575	20678.155199999997	8.382444868865457	158.8833061507525	912.5452062559959	
20693.962399999997	0.07120000000213622	Ripples	0.07120000000213622	20694.0088	10.488654299407182	155.70447378306815	818.6672425521891	
20696.426399999997	0.03840000000127475	Ripples	0.03840000000127475	20696.4472	26.84129055422153	152.90216670997992	1641.092414899217	
20709.712	0.14719999999942956	Ripples	0.14719999999942956	20709.7552	19.676710801162077	157.34455331926523	1785.1378194195747	
20722.127999999997	0.024000000001251465	Ripples	0.024000000001251465	20722.139199999998	9.988818139912125	163.52030349679276	1153.9801423221716	
20868.077599999997	0.024000000001251465	Ripples	0.024000000001251465	20868.088799999998	8.494974903433928	161.01657522079532	1044.3439701016714	
20872.839999999997	0.04560000000128639	Ripples	0.04560000000128639	20872.858399999997	27.642340834591007	156.90143034409118	1802.539971857354	
20875.559999999998	0.07280000000173459	Ripples	0.07280000000173459	20875.591999999997	17.883787498168434	145.945716496073	1020.8011461670957	
20877.6992	0.04399999999805004	Ripples	0.04399999999805004	20877.7168	5.7393312945420965	149.8661979894817	869.7120123724011	
20878.3176	0.037599999999656575	Ripples	0.037599999999656575	20878.3384	12.966804642069334	152.7080873593293	1258.0927188009082	
20880.3232	0.05279999999766005	Ripples	0.05279999999766005	20880.3632	10.537597348252739	157.99472937699662	1028.1582347863744	
20883.5624	0.039999999997235136	Ripples	0.039999999997235136	20883.570399999997	5.700190614224712	155.27665351746543	883.5297366640575	
20905.2656	0.04160000000047148	Ripples	0.04160000000047148	20905.2928	13.197134013239934	154.33933085501226	1233.5469523753068	
20917.6952	0.06720000000132131	Ripples	0.06720000000132131	20917.7448	13.579094387774786	152.9411638624321	977.9000432421368	
20922.671199999997	0.053599999999278225	Ripples	0.053599999999278225	20922.689599999998	17.976529517400518	150.5074383814747	1380.5968808828375	
20943.631999999998	0.03600000000005821	Ripples	0.03600000000005821	20943.6576	8.46714133189106	153.34693166397423	963.4015877808644	
20972.2888	0.046399999999266583	Ripples	0.046399999999266583	20972.3176	31.07226934560762	152.51178757959772	1913.0310699800882	
20972.9888	0.04160000000047148	Ripples	0.04160000000047148	20973.000799999998	10.549045547812021	151.64206054387574	973.9429045055758	
20975.2424	0.037599999999656575	Ripples	0.037599999999656575	20975.268799999998	7.272764143712441	149.26053124800322	798.8732873345756	
20980.0808	0.053599999999278225	Ripples	0.053599999999278225	20980.0984	28.43876691764369	154.4039656704556	1960.0279930584768	
20987.217599999996	0.03680000000167638	Ripples	0.03680000000167638	20987.2312	30.076220251134558	158.48509781325097	1865.066159007803	
20990.336799999997	0.02960000000166474	Ripples	0.02960000000166474	20990.347999999998	5.0229502533395145	153.8734272642385	733.0496666009667	
20991.663999999997	0.03440000000045984	Ripples	0.03440000000045984	20991.6792	30.06254907887266	161.63815245677006	1986.2184598317438	
21001.221599999997	0.0319999999992433	Ripples	0.0319999999992433	21001.2304	6.71628442076614	158.19937380455949	545.9738452788592	
21001.375999999997	0.044800000003306195	Ripples	0.044800000003306195	21001.3984	16.008483395872485	145.07068229599875	1109.632147190609	
21004.131999999998	0.046399999999266583	Ripples	0.046399999999266583	21004.149599999997	24.625335918239116	156.67249931370924	1796.1549971852537	
21005.4728	0.05439999999725842	Ripples	0.05439999999725842	21005.498399999997	10.49534210451196	145.4397774129023	880.0615031910952	
21006.1736	0.02239999999801512	Ripples	0.02239999999801512	21006.185599999997	10.777193731513629	157.35793243954345	956.2006708392244	
21007.1288	0.03680000000167638	Ripples	0.03680000000167638	21007.1472	16.271220730413308	152.96374365195985	1308.2878827552374	
21008.4312	0.030399999999644933	Ripples	0.030399999999644933	21008.439199999997	5.2711715358791995	155.17563252559844	612.7703988637251	
21008.7944	0.08000000000174623	Ripples	0.08000000000174623	21008.858399999997	28.339123751520003	156.61906064405918	1955.6136335314252	
21050.671199999997	0.04400000000168802	Ripples	0.04400000000168802	21050.6872	9.627175959390827	153.20174491386385	1140.7211856925921	
21054.0	1060.0	SleepStates						Non-REM
21057.0088	0.04160000000047148	Ripples	0.04160000000047148	21057.0232	43.587418874638416	158.7977694473464	2339.0350561225755	
21058.275999999998	0.044799999999668216	Ripples	0.044799999999668216	21058.3032	52.932817773424105	152.14997172172832	2446.471062637397	
21061.070399999997	0.04560000000128639	Ripples	0.04560000000128639	21061.0928	11.255876843703758	151.1024767382614	984.6613647527	
21064.199999999997	0.053599999999278225	Ripples	0.053599999999278225	21064.221599999997	25.308799964680222	154.8333963979008	1688.097305946388	
21069.3176	0.0367999999980384	Ripples	0.0367999999980384	21069.336	9.009703917443112	146.37955468579474	812.3958143151593	
21069.7928	0.02239999999801512	Ripples	0.02239999999801512	21069.804799999998	5.842888533047431	156.84117039190963	809.1095297130718	
21071.185599999997	0.022400000001653098	Ripples	0.022400000001653098	21071.196799999998	6.342637332097818	159.35061827703356	916.687365862133	
21075.829599999997	0.04080000000249129	Ripples	0.04080000000249129	21075.8432	33.69489788355539	161.8739503581958	2017.8789580664884	
21076.365599999997	0.056000000000494765	Ripples	0.056000000000494765	21076.387199999997	18.13238696063821	153.20290698480937	1196.5029806831608	
21081.335199999998	0.03359999999884167	Ripples	0.03359999999884167	21081.354399999997	21.176175545365247	153.68627368565726	1366.5963398265387	
21084.120799999997	0.028000000002066372	Ripples	0.028000000002066372	21084.135199999997	14.80714637640912	160.10507513747763	1358.4870143859976	
21085.333599999998	0.04959999999846332	Ripples	0.04959999999846332	21085.347999999998	20.446352783300096	154.22918851647907	1580.1226868768051	
21085.9512	0.04559999999764841	Ripples	0.04559999999764841	21085.964799999998	30.074257397692428	157.55913917096194	1886.2939253914026	
21089.091999999997	0.025600000000849832	Ripples	0.025600000000849832	21089.103199999998	5.787542609285172	152.99668173508164	598.0317599948571	
21093.4064	0.02479999999923166	Ripples	0.02479999999923166	21093.414399999998	9.828354787977032	164.39096807537143	948.2300330564884	
21098.820799999998	0.062399999998888234	Ripples	0.062399999998888234	21098.8392	14.135863329037676	148.17547344270662	1070.9433913900764	
21103.252	0.08479999999690335	Ripples	0.08479999999690335	21103.2744	24.446661096461327	151.0265026875321	1727.797338983487	
21104.5208	0.04959999999846332	Ripples	0.04959999999846332	21104.5496	37.745910066307026	149.62201396945883	1983.719180322261	
21107.009599999998	0.02479999999923166	Ripples	0.02479999999923166	21107.0176	12.426931879052518	159.55244791235896	1074.170324261024	
21107.6632	0.05040000000008149	Ripples	0.05040000000008149	21107.692799999997	28.71943529680698	151.6120369115658	1675.8609795442426	
21108.739999999998	0.07119999999849824	Ripples	0.07119999999849824	21108.7944	31.554340221098634	151.19707848957722	1822.7759036166929	
21113.378399999998	0.02960000000166474	Ripples	0.02960000000166474	21113.394399999997	21.130306911418504	159.98174486577764	1571.545319303444	
21126.5736	0.11119999999937136	Ripples	0.11119999999937136	21126.667199999996	19.46918419277882	148.3336943344461	1458.1501465655103	
21127.746399999996	0.02320000000327127	Ripples	0.02320000000327127	21127.761599999998	8.765578238578788	160.36803261121509	915.4562634985884	
21128.588	0.04079999999885331	Ripples	0.04079999999885331	21128.604	9.361416814376508	148.98802364497104	807.417035356283	
21133.565599999998	0.03280000000086147	Ripples	0.03280000000086147	21133.579999999998	11.364850839486454	153.53625335438272	1128.4900489764314	
21135.153599999998	0.048800000000483124	Ripples	0.048800000000483124	21135.1704	25.96478341738989	152.77474803398562	1817.599723125629	
21141.803999999996	0.11200000000098953	Ripples	0.11200000000098953	21141.8176	17.551721013965658	154.36296265299816	1322.7942282561226	
21142.789599999996	0.0496000000021013	Ripples	0.0496000000021013	21142.8016	5.589085038219759	151.6857694078908	492.00163574972635	
21143.296799999996	0.07840000000214786	Ripples	0.07840000000214786	21143.3344	34.550668113785235	148.6030039670149	1934.1406511941418	
21144.471999999998	0.02479999999923166	Ripples	0.02479999999923166	21144.479199999998	5.173194720651126	152.10077526128157	651.8496212592524	
21145.4112	0.06880000000091968	Ripples	0.06880000000091968	21145.455199999997	18.64479188723319	148.89115627372647	1226.5417222712174	
21150.4976	0.037599999999656575	Ripples	0.037599999999656575	21150.5176	25.43299382272955	156.2386900328586	1594.6067538457721	
21152.887199999997	0.06000000000130967	Ripples	0.06000000000130967	21152.919199999997	41.4756213300168	160.42600546465215	2157.7801915646655	
21154.872799999997	0.03680000000167638	Ripples	0.03680000000167638	21154.8992	16.632103393191382	158.62256205927176	1160.243258470409	
21155.018399999997	0.04800000000250293	Ripples	0.04800000000250293	21155.048799999997	7.243154581624615	143.0744082730263	608.0807487097677	
21161.975199999997	0.04320000000006985	Ripples	0.04320000000006985	21161.996799999997	28.854318205966386	152.6430975448492	1745.0513604509927	
21162.3104	0.058399999998073326	Ripples	0.058399999998073326	21162.339999999997	24.745216934062928	149.50185789541064	1520.3479273159307	
21163.176799999997	0.10080000000016298	Ripples	0.10080000000016298	21163.2152	18.646558389556006	145.0499004672087	1041.6633237468704	
21169.577599999997	0.14240000000063446	Ripples	0.14240000000063446	21169.6704	15.893872866478329	143.793529521348	1257.1935616854566	
21170.9888	0.05519999999887659	Ripples	0.05519999999887659	21171.029599999998	26.272890357814063	152.9523244299499	1737.973272319813	
21172.036799999998	0.06799999999930151	Ripples	0.06799999999930151	21172.079999999998	34.789396016617225	147.81317292476857	1881.6581187080221	
21172.5376	0.05199999999967986	Ripples	0.05199999999967986	21172.5592	11.460631152034011	153.83029018425202	957.8288100895489	
21173.8312	0.042399999998451676	Ripples	0.042399999998451676	21173.852	25.896210337836475	151.10713395491263	1706.6244322452378	
21183.6992	0.03440000000045984	Ripples	0.03440000000045984	21183.7168	25.57405416834146	161.85457517708804	1770.7894571346058	
21184.426399999997	0.06560000000172295	Ripples	0.06560000000172295	21184.46	38.44532721908924	156.54104115016253	2126.4207482034067	
21184.847199999997	0.03440000000409782	Ripples	0.03440000000409782	21184.863999999998	21.743647874638864	161.76672728173776	1553.5791654826219	
21189.9544	0.023199999999633292	Ripples	0.023199999999633292	21189.969599999997	5.909258738513767	155.89194974235215	696.0625900307518	
21190.707199999997	0.03919999999925494	Ripples	0.03919999999925494	21190.721599999997	29.11542101895649	158.5772575775388	1870.1428501467417	
21196.1376	0.04320000000006985	Ripples	0.04320000000006985	21196.1488	13.808103299483152	151.52265785462225	1183.3372345060113	
21196.293599999997	0.048800000000483124	Ripples	0.048800000000483124	21196.325599999996	18.019429371936653	146.26273665687214	1422.4662066012195	
21196.4672	0.04079999999885331	Ripples	0.04079999999885331	21196.4848	32.5122391896376	155.94902584749642	1980.4782658040003	
21198.009599999998	0.05280000000129803	Ripples	0.05280000000129803	21198.032	18.242213913074014	149.41566789716282	1152.0749097476444	
21198.1328	0.06160000000090804	Ripples	0.06160000000090804	21198.1616	39.76503879167442	148.066894887628	2055.8778598919116	
21198.493599999998	0.03359999999884167	Ripples	0.03359999999884167	21198.516799999998	5.374184363724267	148.38140782406242	590.0481409944996	
21199.503999999997	0.07120000000213622	Ripples	0.07120000000213622	21199.5288	35.29091232505827	149.53745884987492	2171.746692638408	
21202.663999999997	0.035200000002078013	Ripples	0.035200000002078013	21202.6736	6.834328811331745	150.4691500599272	601.8547258783777	
21206.0448	0.037599999999656575	Ripples	0.037599999999656575	21206.059999999998	11.015401055524443	150.94363368071228	973.9743020654341	
21207.2744	0.03600000000005821	Ripples	0.03600000000005821	21207.3032	5.821361347351098	153.08758194034507	739.7445705618046	
21208.8952	0.040000000000873115	Ripples	0.040000000000873115	21208.9152	24.260993782495223	161.3125452717666	1876.9029749664396	
21209.522399999998	0.04799999999886495	Ripples	0.04799999999886495	21209.5568	21.653187964954302	152.60439094044418	1319.3010871797594	
21211.878399999998	0.044799999999668216	Ripples	0.044799999999668216	21211.9128	7.195468945188356	150.0980479899415	698.3420947633721	
21213.869599999998	0.03280000000086147	Ripples	0.03280000000086147	21213.892	6.091002888208111	151.38385664416347	774.3554616804287	
21214.336	0.056000000000494765	Ripples	0.056000000000494765	21214.3464	9.353347039127039	156.82465666225227	1112.7486537514135	
21214.928799999998	0.03440000000045984	Ripples	0.03440000000045984	21214.951999999997	9.185016282501254	154.33479406472367	738.2102253135657	
21215.1576	0.026399999998830026	Ripples	0.026399999998830026	21215.169599999997	17.977060399451037	157.9596520224145	1413.931814251806	
21217.139199999998	0.03919999999925494	Ripples	0.03919999999925494	21217.1616	23.805706307802453	156.47391986947605	1672.6502429914349	
21221.824	0.05040000000008149	Ripples	0.05040000000008149	21221.858399999997	30.7069203683681	154.9742827590287	1973.2538978227	
21226.8752	0.042400000002089655	Ripples	0.042400000002089655	21226.9096	8.452092844019411	152.66479727860167	637.1050746603217	
21232.162399999997	0.026399999998830026	Ripples	0.026399999998830026	21232.181599999996	5.336476870137665	154.5987487085804	585.9477878298153	
21234.135199999997	0.04800000000250293	Ripples	0.04800000000250293	21234.163999999997	12.16372758061912	145.99796677418453	886.1242750503608	
21235.836	0.032799999997223495	Ripples	0.032799999997223495	21235.847199999997	7.942014516153852	154.54190718586426	951.496368856385	
21236.3664	0.04799999999886495	Ripples	0.04799999999886495	21236.3824	23.217434388282776	149.65187449386647	1405.0026611953163	
21236.779199999997	0.03840000000127475	Ripples	0.03840000000127475	21236.7952	7.655334667727982	145.46069377099636	593.5721704690351	
21247.939199999997	0.0544000000008964	Ripples	0.0544000000008964	21247.976799999997	28.486482872505558	152.44932612997297	1829.391446694308	
21248.531199999998	0.051200000001699664	Ripples	0.051200000001699664	21248.5576	5.2212757616460745	144.12688255938335	518.9271097511562	
21249.36	0.030399999996006954	Ripples	0.030399999996006954	21249.3768	10.315790925718094	160.25556757330725	1154.0090450560406	
21253.5464	0.10800000000017462	Ripples	0.10800000000017462	21253.640799999997	11.104961663458589	156.72491672077965	1035.193734561516	
21254.655199999997	0.05760000000009313	Ripples	0.05760000000009313	21254.682399999998	20.244875139437802	151.24426541758075	1245.5242565934661	
21254.782399999996	0.047200000000884756	Ripples	0.047200000000884756	21254.803999999996	13.429584994782898	156.78721662194576	918.1553551606041	
21255.3672	0.03600000000005821	Ripples	0.03600000000005821	21255.3792	19.959962782246123	156.9267571121872	1412.167550480219	
21257.669599999997	0.025600000000849832	Ripples	0.025600000000849832	21257.6848	8.510980789647542	154.70360094120272	883.6162515184068	
21259.2928	0.04320000000006985	Ripples	0.04320000000006985	21259.307999999997	28.858058407114367	153.84890051683365	1770.8822544267925	
21259.923199999997	0.044799999999668216	Ripples	0.044799999999668216	21259.9416	7.933449208397111	148.58969046478524	547.5240009112698	
21260.884	0.05679999999847496	Ripples	0.05679999999847496	21260.9224	9.151821158006657	142.85943889706706	784.597510493984	
21261.0552	0.03359999999884167	Ripples	0.03359999999884167	21261.077599999997	7.4464818888036	148.84397082540747	646.864482420748	
21262.083199999997	0.058400000001711305	Ripples	0.058400000001711305	21262.104799999997	19.525514863118392	146.4853729579766	947.0949025779669	
21262.563199999997	0.05040000000008149	Ripples	0.05040000000008149	21262.591999999997	14.71166257926642	141.83089548524788	1063.7552773329903	
21265.719999999998	0.08000000000174623	Ripples	0.08000000000174623	21265.753599999996	16.917828689239393	153.09876772473518	932.849215810619	
21272.5696	0.09279999999853317	Ripples	0.09279999999853317	21272.6256	34.4116415850789	149.99745015656828	1657.4431250624664	
21274.009599999998	0.03840000000127475	Ripples	0.03840000000127475	21274.027199999997	12.370465064710203	150.291964256217	1122.7009859328462	
21274.426399999997	0.03440000000045984	Ripples	0.03440000000045984	21274.4416	30.354847489338002	159.77211194755006	2057.215939329035	
21274.6072	0.04320000000006985	Ripples	0.04320000000006985	21274.6216	26.212056730896652	155.93726385563406	1622.0910713517083	
21276.002399999998	0.035200000002078013	Ripples	0.035200000002078013	21276.012799999997	15.602952712954426	154.51831760381674	1268.6372496145398	
21277.9584	0.04160000000047148	Ripples	0.04160000000047148	21277.9776	6.163339385312153	151.09729777104968	612.3370090467099	
21278.698399999997	0.03600000000005821	Ripples	0.03600000000005821	21278.727199999998	8.60320850168894	151.84638072574697	847.1277560845646	
21279.2808	0.023999999997613486	Ripples	0.023999999997613486	21279.2944	15.489192865898808	159.46438398572798	1231.393761912811	
21291.770399999998	0.03920000000289292	Ripples	0.03920000000289292	21291.784799999998	10.776298796848025	152.1399884502196	1115.641430554443	
21292.212	0.027999999998428393	Ripples	0.027999999998428393	21292.231999999996	6.5972025299756805	152.92681386295024	734.0842008830971	
21295.8632	0.0319999999992433	Ripples	0.0319999999992433	21295.8776	14.388101439472344	154.26626354715805	1253.9793693938448	
21296.090399999997	0.04560000000128639	Ripples	0.04560000000128639	21296.108	14.992933782030459	153.28651085161306	1357.2300889732476	
21298.884	0.046399999999266583	Ripples	0.046399999999266583	21298.896	8.056183632561888	154.1993794189333	773.2964056331849	
21301.6056	0.04079999999885331	Ripples	0.04079999999885331	21301.627999999997	22.31427202377133	147.23924508078468	1292.5088311107838	
21302.8072	0.04719999999724678	Ripples	0.04719999999724678	21302.8376	13.747291227690143	152.80640104774366	900.8487023989322	
21302.973599999998	0.0319999999992433	Ripples	0.0319999999992433	21302.9992	6.436263618299674	153.3119154571429	655.1083181580468	
21303.7552	0.04799999999886495	Ripples	0.04799999999886495	21303.7696	27.50420844933596	157.4158471251581	1683.8343540292828	
21303.9096	0.03600000000005821	Ripples	0.03600000000005821	21303.9208	7.746620376598025	151.05055734836802	742.7638760611552	
21306.921599999998	0.02479999999923166	Ripples	0.02479999999923166	21306.9384	8.11290963097502	155.51410968396945	845.3584573000061	
21313.054399999997	0.03680000000167638	Ripples	0.03680000000167638	21313.0696	14.36698849446723	156.49014935058784	1333.27099079329	
21313.450399999998	0.058400000001711305	Ripples	0.058400000001711305	21313.4888	11.771642853474404	145.3466601409662	702.5281648336039	
21318.6944	0.03600000000005821	Ripples	0.03600000000005821	21318.710399999996	22.86642993383244	160.22334094288743	1814.5487647534267	
21318.911999999997	0.0496000000021013	Ripples	0.0496000000021013	21318.9328	30.901618067865822	153.02757583157603	1952.2664919238866	
21320.717599999996	0.04160000000410946	Ripples	0.04160000000410946	21320.7368	18.686756690762376	153.12983192274302	1214.7893761672608	
21320.9776	0.04320000000006985	Ripples	0.04320000000006985	21321.009599999998	34.79372078435008	151.2359010718811	1810.065004693506	
21326.681599999996	0.040000000000873115	Ripples	0.040000000000873115	21326.6992	35.0859154039528	157.00777333689388	1925.674849430554	
21328.0448	0.027999999998428393	Ripples	0.027999999998428393	21328.0592	30.571650898652596	162.90484275655197	1792.219749583254	
21329.3416	0.026399999998830026	Ripples	0.026399999998830026	21329.3536	5.172053913912793	148.14751976695086	514.5255793414942	
21329.4672	0.0272000000004482	Ripples	0.0272000000004482	21329.479199999998	7.695764372637943	148.23007496634696	633.650161294534	
21329.9272	0.028800000000046566	Ripples	0.028800000000046566	21329.9424	12.07807839955652	154.21132002858815	1056.659957911803	
21332.667199999996	0.06400000000212458	Ripples	0.06400000000212458	21332.724799999996	9.653393290031374	162.88542274269113	748.2825323629646	
21333.347999999998	0.06240000000252621	Ripples	0.06240000000252621	21333.3744	19.825723643272028	148.19153139006565	1392.4367467792354	
21333.953599999997	0.04800000000250293	Ripples	0.04800000000250293	21333.964	5.950901665888	153.40325143344677	550.4698485202168	
21334.068	0.05040000000008149	Ripples	0.05040000000008149	21334.101599999998	27.690604874326272	153.19081186732714	1751.8902814672233	
21342.646399999998	0.040000000000873115	Ripples	0.040000000000873115	21342.6728	15.726338155209532	152.07851526798376	1064.0309608100424	
21345.4728	0.09759999999732827	Ripples	0.09759999999732827	21345.505599999997	19.647147540438503	143.97301319657657	1274.687445396668	
21351.119199999997	0.048800000000483124	Ripples	0.048800000000483124	21351.1344	12.132390851885091	149.11655511329343	925.2175933650574	
21351.2528	0.03359999999884167	Ripples	0.03359999999884167	21351.2672	5.136199991877359	137.47675284874504	422.5717647574791	
21351.6344	0.024000000001251465	Ripples	0.024000000001251465	21351.646399999998	6.536100648905549	149.50895047476462	669.9687868932167	
21351.7944	0.05279999999766005	Ripples	0.05279999999766005	21351.819199999998	44.73481025747997	150.21581020417244	2214.6614298504624	
21352.083199999997	0.08000000000174623	Ripples	0.08000000000174623	21352.1416	10.149345059039435	153.44135737760791	718.8700326653333	
21352.2448	0.05439999999725842	Ripples	0.05439999999725842	21352.2624	19.264938118934346	153.58527493388434	1483.5501778119853	
21353.5536	0.058399999998073326	Ripples	0.058399999998073326	21353.581599999998	6.168161614269488	154.2489390538976	929.0138030383365	
21361.4616	0.031200000001263106	Ripples	0.031200000001263106	21361.482399999997	14.600032623016242	157.01388574657702	1198.5777936564837	
21362.0032	0.021600000000034925	Ripples	0.021600000000034925	21362.0144	7.80641942325339	159.60197975462216	784.4834777050775	
21364.3576	0.021600000000034925	Ripples	0.021600000000034925	21364.368799999997	9.57650197150294	160.76088891025398	980.7388132687947	
21364.653599999998	0.021600000000034925	Ripples	0.021600000000034925	21364.6616	5.080630520553719	152.21339928139503	689.1211336825994	
21364.734399999998	0.02960000000166474	Ripples	0.02960000000166474	21364.746399999996	13.202861659753255	153.37311699674513	1082.102918784563	
21366.3216	0.04160000000047148	Ripples	0.04160000000047148	21366.347199999997	39.36678171800394	161.45778721266382	2341.814579674827	
21366.5552	0.0639999999984866	Ripples	0.0639999999984866	21366.5896	15.672770274326568	156.56625229730656	1142.3538026719468	
21370.5088	0.05040000000008149	Ripples	0.05040000000008149	21370.527199999997	9.740618403156681	149.79558641439942	953.9325944480528	
21378.3888	0.059999999997671694	Ripples	0.059999999997671694	21378.404	7.569701046194904	151.6261856646068	546.5030727888084	
21379.847999999998	0.02960000000166474	Ripples	0.02960000000166474	21379.8664	14.39375795326589	155.61924058427817	1095.4507402008967	
21380.000799999998	0.0632000000005064	Ripples	0.0632000000005064	21380.034399999997	12.113732063613005	157.8523848557038	981.0712099161038	
21381.9024	0.02479999999923166	Ripples	0.02479999999923166	21381.9136	9.257694585973246	160.33791484801773	1084.3858992488763	
21382.7408	0.047200000000884756	Ripples	0.047200000000884756	21382.7624	25.23309531846487	155.7463535302071	1334.8687303475874	
21383.0264	0.0591999999996915	Ripples	0.0591999999996915	21383.0608	9.669039826430478	153.81385912622287	583.0131867456248	
21384.604799999997	0.03280000000086147	Ripples	0.03280000000086147	21384.6224	15.965625211557478	153.18965461303264	1296.4736034132984	
21384.725599999998	0.06240000000252621	Ripples	0.06240000000252621	21384.7712	29.465598713138576	153.88827749434483	2033.0957575088223	
21386.2624	0.037599999999656575	Ripples	0.037599999999656575	21386.2808	26.182060115174018	151.59965349186794	1601.4435913042892	
21386.3992	0.027999999998428393	Ripples	0.027999999998428393	21386.4128	16.767632257418157	156.5519723567778	1289.2225324279477	
21387.674399999996	0.02960000000166474	Ripples	0.02960000000166474	21387.6864	5.316013944133552	149.99023646307012	552.3992453364215	
21393.7952	0.025599999997211853	Ripples	0.025599999997211853	21393.806399999998	8.03999623872703	153.16826060809558	910.8211326196719	
21394.8808	0.047200000000884756	Ripples	0.047200000000884756	21394.899999999998	19.635098297588037	148.75799908381467	1314.678303346733	
21397.1872	0.030399999996006954	Ripples	0.030399999996006954	21397.195999999996	8.717969602444542	150.43681525561354	839.5082293682243	
21400.1704	0.0319999999992433	Ripples	0.0319999999992433	21400.1848	18.68490914249437	157.1210313765576	1433.1303445029698	
21400.279199999997	0.06400000000212458	Ripples	0.06400000000212458	21400.303999999996	41.82496857193147	150.2332654730312	2081.199138657626	
21400.847999999998	0.03440000000045984	Ripples	0.03440000000045984	21400.8744	7.9790500839024725	154.08379500828147	764.4932653326538	
21407.311199999996	0.027200000004086178	Ripples	0.027200000004086178	21407.325599999996	15.280866274650654	159.74039965317522	1305.1479444115669	
21407.539999999997	0.035200000002078013	Ripples	0.035200000002078013	21407.5624	14.98022103883198	169.32301277171473	1455.1652853159499	
21407.946399999997	0.05520000000251457	Ripples	0.05520000000251457	21407.9712	16.273226867301887	148.03578143743485	964.2449616849923	
21409.061599999997	0.025600000000849832	Ripples	0.025600000000849832	21409.072799999998	10.104149141941077	154.16236847705707	1006.6316486290931	
21418.851199999997	0.047200000000884756	Ripples	0.047200000000884756	21418.868799999997	28.276717332513	156.21247836797266	1797.8315208004951	
21420.255999999998	0.03280000000086147	Ripples	0.03280000000086147	21420.2808	13.139771075444193	151.99551986891882	1030.4373869596088	
21423.2424	0.02959999999802676	Ripples	0.02959999999802676	21423.2552	9.813186849179797	165.17964667722165	1229.134093968536	
21424.7728	0.048800000000483124	Ripples	0.048800000000483124	21424.8024	6.418019304175213	147.83736132268237	589.664369284098	
21427.303999999996	0.06240000000252621	Ripples	0.06240000000252621	21427.349599999998	23.543671864257323	154.49661085602457	1785.4982549456392	
21427.8808	0.040000000000873115	Ripples	0.040000000000873115	21427.8992	28.002482787051218	153.27887506192403	1640.2727765192928	
21431.439199999997	0.02960000000166474	Ripples	0.02960000000166474	21431.450399999998	5.872903730243248	152.2171008065944	665.9593518174618	
21433.462399999997	0.03440000000045984	Ripples	0.03440000000045984	21433.475199999997	7.071616814985662	148.1526909837845	720.4071481129088	
21434.138399999996	0.044800000003306195	Ripples	0.044800000003306195	21434.1512	15.958788263494284	153.62874476092648	1357.5709035157145	
21434.3032	0.05280000000129803	Ripples	0.05280000000129803	21434.326399999998	12.958414426409071	145.24194024739032	877.1236712175147	
21435.8808	0.035199999998440035	Ripples	0.035199999998440035	21435.892	8.657703047456398	150.1353660907008	857.5338406965651	
21435.9776	0.05679999999847496	Ripples	0.05679999999847496	21435.9992	29.87397026569037	149.08529235465713	1573.108038534279	
21436.879999999997	0.07600000000093132	Ripples	0.07600000000093132	21436.92	23.102514848045143	152.04380887209604	1689.1398201904071	
21437.284799999998	0.023199999999633292	Ripples	0.023199999999633292	21437.2928	6.041231944471564	150.6549436828475	554.5250442915575	
21438.0464	0.058399999998073326	Ripples	0.058399999998073326	21438.072799999998	30.21820330587125	154.40484982956295	2069.8918640132415	
21438.3488	0.037599999999656575	Ripples	0.037599999999656575	21438.3608	8.603521955811987	158.76630469139585	771.0934618182711	
21438.5752	0.02479999999923166	Ripples	0.02479999999923166	21438.5864	14.25528620350959	163.38109837671902	1275.70887467869	
21444.387199999997	0.02479999999923166	Ripples	0.02479999999923166	21444.401599999997	18.20403617128691	161.48046186206398	1457.5463167069167	
21444.5136	0.04400000000168802	Ripples	0.04400000000168802	21444.5392	19.190069052419673	146.7616243223771	1295.46618118109	
21448.4584	0.04799999999886495	Ripples	0.04799999999886495	21448.4848	10.845092030034555	149.45657790944273	727.2613562444905	
21449.167999999998	0.035199999998440035	Ripples	0.035199999998440035	21449.182399999998	16.99395562070332	156.18172066851488	1387.0654851939232	
21449.5264	0.07839999999850988	Ripples	0.07839999999850988	21449.5376	16.985926112185563	158.9663178541845	1330.5118075301186	
21450.1592	0.04160000000047148	Ripples	0.04160000000047148	21450.1728	5.2106513388953255	158.59477958354947	841.062275568253	
21454.489599999997	0.025600000000849832	Ripples	0.025600000000849832	21454.503999999997	14.496312487185392	161.29576031557076	1200.9564765158343	
21454.635199999997	0.028800000000046566	Ripples	0.028800000000046566	21454.656799999997	7.988551250740606	156.7452257026877	728.6113151042288	
21471.7424	0.0272000000004482	Ripples	0.0272000000004482	21471.7624	5.1001619346576526	154.63805047267775	694.5684776069438	
21471.836799999997	0.08480000000054133	Ripples	0.08480000000054133	21471.9024	9.353021090833842	145.65821270668664	584.578760146254	
21479.6024	0.046399999999266583	Ripples	0.046399999999266583	21479.623999999996	23.577680168553428	151.08126280834946	1559.2334300717275	
21480.000799999998	0.04079999999885331	Ripples	0.04079999999885331	21480.015199999998	14.739789741062797	159.681574875661	1089.122457719955	
21480.232799999998	0.048800000000483124	Ripples	0.048800000000483124	21480.260799999996	33.2149406579298	153.91164695398476	2105.8815214347483	
21481.0784	0.0544000000008964	Ripples	0.0544000000008964	21481.091999999997	8.19337082473261	155.45427104742757	927.571999333847	
21481.2456	0.023199999999633292	Ripples	0.023199999999633292	21481.2568	9.36421044110174	159.22901703811743	901.5466607410696	
21481.492	0.05280000000129803	Ripples	0.05280000000129803	21481.527199999997	6.522331691721067	156.12450559995298	556.9039760143028	
21484.0424	0.035199999998440035	Ripples	0.035199999998440035	21484.0608	21.681262540271096	157.09323148692684	1479.7528031264771	
21484.1296	0.03919999999925494	Ripples	0.03919999999925494	21484.152	26.748808877341762	159.6651093413343	1803.9706283232592	
21485.931999999997	0.047200000000884756	Ripples	0.047200000000884756	21485.957599999998	26.583822326971028	149.76283137650302	1652.3613826617927	
21487.3	0.020000000000436557	Ripples	0.020000000000436557	21487.315199999997	5.580535426943741	150.18418830698255	547.5070549414562	
21488.829599999997	0.02960000000166474	Ripples	0.02960000000166474	21488.8448	14.540223146785266	157.78373316041151	1072.4595116289643	
21489.518399999997	0.040000000000873115	Ripples	0.040000000000873115	21489.5408	7.611902280552639	150.3293012985643	902.6972690207997	
21499.6024	0.04559999999764841	Ripples	0.04559999999764841	21499.6184	8.399181877425137	146.83999436337308	580.9912542925181	
21502.002399999998	0.030399999999644933	Ripples	0.030399999999644933	21502.0104	5.194298361297206	153.62543750018486	661.1470476897283	
21506.9272	0.03359999999884167	Ripples	0.03359999999884167	21506.946399999997	6.0087411030492275	148.34072722017922	590.0483280819597	
21509.7024	0.02959999999802676	Ripples	0.02959999999802676	21509.724799999996	12.456373330321677	157.43414544901088	1056.3166730761293	
21510.6112	0.04959999999846332	Ripples	0.04959999999846332	21510.649599999997	18.21831737413349	151.0201320186874	1123.8292002679843	
21510.7064	0.0591999999996915	Ripples	0.0591999999996915	21510.757599999997	8.919244165012934	153.80304390781953	915.1376781562494	
21515.2008	0.037599999999656575	Ripples	0.037599999999656575	21515.219999999998	6.678420340166774	148.31901639302006	536.4403157641641	
21523.142399999997	0.06960000000253785	Ripples	0.06960000000253785	21523.1688	25.936266023630157	149.1871893165191	1359.012902173729	
21526.2568	0.0591999999996915	Ripples	0.0591999999996915	21526.2872	25.760822660301915	150.74015988291956	1413.3317841582889	
21527.356799999998	0.05519999999887659	Ripples	0.05519999999887659	21527.378399999998	27.778640615826024	152.33255776311955	1436.9085371690114	
21527.519999999997	0.04080000000249129	Ripples	0.04080000000249129	21527.5376	37.39562939439623	159.266593825756	1809.8893426885468	
21530.764799999997	0.06640000000334112	Ripples	0.06640000000334112	21530.820799999998	9.057014052048816	156.0330339726754	886.0714146959318	
21533.0568	0.0319999999992433	Ripples	0.0319999999992433	21533.072	15.450423582959063	154.90219744297048	1199.0333757152994	
21535.4744	0.0544000000008964	Ripples	0.0544000000008964	21535.503999999997	19.61641767075439	149.25160698344993	1243.398660275579	
21537.283199999998	0.03280000000086147	Ripples	0.03280000000086147	21537.3024	9.706278792114485	153.97834246510197	957.3565527575026	
21541.437599999997	0.028800000000046566	Ripples	0.028800000000046566	21541.446399999997	5.639399994047246	162.55733279204978	646.1657216245825	
21542.0144	0.06319999999686843	Ripples	0.06319999999686843	21542.0504	15.98406180786504	144.47339977630614	1165.9963906867083	
21543.1416	0.07839999999850988	Ripples	0.07839999999850988	21543.1592	25.20134231566763	156.47298529544136	1831.8951029959298	
21544.2296	0.048800000000483124	Ripples	0.048800000000483124	21544.248799999998	14.74962220970256	156.2217594478574	1195.2484327755167	
21546.511199999997	0.02960000000166474	Ripples	0.02960000000166474	21546.536	5.699636457249505	156.26425768295977	747.5330975248834	
21547.349599999998	0.021600000000034925	Ripples	0.021600000000034925	21547.358399999997	7.554845199837254	161.149723145366	975.1855619181008	
21548.608799999998	0.04799999999886495	Ripples	0.04799999999886495	21548.635199999997	6.766589782899705	150.72842120675142	609.0195638285063	
21549.2784	0.028800000000046566	Ripples	0.028800000000046566	21549.293599999997	12.014926354944121	158.25421505196388	911.3771848637159	
21552.147999999997	0.06000000000130967	Ripples	0.06000000000130967	21552.178399999997	22.007501065447364	147.0937719091787	1220.8116231282365	
21557.930399999997	0.051200000001699664	Ripples	0.051200000001699664	21557.9416	8.398704553656907	155.38877246717897	1011.7099747410176	
21563.767999999996	0.03600000000005821	Ripples	0.03600000000005821	21563.783199999998	20.705175643892897	157.02689580451195	1332.3553480414084	
21564.296799999996	0.035200000002078013	Ripples	0.035200000002078013	21564.313599999998	30.629081313097597	159.5637678247222	1789.0310239177202	
21567.0424	0.06079999999928987	Ripples	0.06079999999928987	21567.081599999998	12.449790116388872	151.43182026083184	709.8695084576304	
21567.198399999997	0.03920000000289292	Ripples	0.03920000000289292	21567.219999999998	12.481906284029233	151.17299715380457	1103.0714134530842	
21567.4024	0.05279999999766005	Ripples	0.05279999999766005	21567.4136	6.9521161752547425	154.0236914120328	641.3965704701833	
21567.9112	0.027999999998428393	Ripples	0.027999999998428393	21567.9256	14.510497283858545	157.55353701078448	1287.0395885386997	
21572.212799999998	0.023199999999633292	Ripples	0.023199999999633292	21572.228	6.6313476296554565	157.98780654315374	821.1080982068157	
21576.4416	0.04959999999846332	Ripples	0.04959999999846332	21576.466399999998	10.693497429353101	165.95614268482703	828.5355476941398	
21581.1288	0.046399999999266583	Ripples	0.046399999999266583	21581.1544	13.976881444969383	149.8734513943792	979.3878926967765	
21581.591999999997	0.03919999999925494	Ripples	0.03919999999925494	21581.6056	10.797922515284647	154.33527913801373	960.5190199564514	
21583.3912	0.025600000000849832	Ripples	0.025600000000849832	21583.408	15.970579367913947	159.13249985777327	1171.8926619656593	
21585.5952	0.021600000000034925	Ripples	0.021600000000034925	21585.610399999998	7.0724577413290515	159.85732328830235	774.657612155902	
21585.638399999996	0.07200000000011642	Ripples	0.07200000000011642	21585.6704	7.752087190883175	154.3831104703795	944.4491381541324	
21585.8128	0.03439999999682186	Ripples	0.03439999999682186	21585.8272	9.658837350064973	156.65370555203347	1071.4432019699877	
21586.1512	0.037599999996018596	Ripples	0.037599999996018596	21586.1664	5.892345162878108	152.08529540336963	568.1198730583016	
21589.4152	0.05040000000008149	Ripples	0.05040000000008149	21589.460799999997	5.654078938425487	164.5350282991956	433.32763547577605	
21595.0864	0.02959999999802676	Ripples	0.02959999999802676	21595.097599999997	7.346777515403799	149.87276325638882	870.3341511131088	
21595.1864	0.06079999999928987	Ripples	0.06079999999928987	21595.2016	15.01894996669021	151.19163418171354	1049.5854787698952	
21596.424	0.05760000000009313	Ripples	0.05760000000009313	21596.432	5.360473543569919	157.1760338143499	597.0479112202887	
21597.9184	0.03600000000005821	Ripples	0.03600000000005821	21597.932	7.162834207115396	155.29695583761054	682.797616745983	
21599.362399999998	0.047200000000884756	Ripples	0.047200000000884756	21599.384	13.699012192310045	149.13091514266344	896.6329740038118	
21610.4992	0.05040000000008149	Ripples	0.05040000000008149	21610.5248	15.394054028891532	151.6797707374793	1213.0418402878565	
21611.284	0.044799999999668216	Ripples	0.044799999999668216	21611.296	26.986459628863027	158.28454438220814	1634.2468563939008	
21611.950399999998	0.04320000000006985	Ripples	0.04320000000006985	21611.964799999998	22.4088582630811	153.63623825110705	1433.4486218579705	
21626.940799999997	0.033600000002479646	Ripples	0.033600000002479646	21626.960799999997	18.243823180848892	156.35073781708806	1439.6730157826607	
21628.1488	0.03440000000045984	Ripples	0.03440000000045984	21628.1664	30.050333834337764	156.57795498681793	1776.5216358076934	
21628.2296	0.027999999998428393	Ripples	0.027999999998428393	21628.2408	7.609080239310392	157.62475597324413	871.0355662574607	
21628.711199999998	0.04800000000250293	Ripples	0.04800000000250293	21628.7224	11.736173225536042	150.86116969794068	1024.4311479068047	
21630.672	0.0544000000008964	Ripples	0.0544000000008964	21630.708	19.425119128787994	148.11635524354435	1604.5785290707126	
21634.347999999998	0.03680000000167638	Ripples	0.03680000000167638	21634.3776	10.021536059672178	154.49607059112515	855.4532866688595	
21634.547199999997	0.022400000001653098	Ripples	0.022400000001653098	21634.5592	10.24379060525351	158.08266657650805	1033.0740800986653	
21636.7592	0.03439999999682186	Ripples	0.03439999999682186	21636.7672	8.190680866509553	158.68470038353783	594.4977825706586	
21637.3776	0.03359999999884167	Ripples	0.03359999999884167	21637.3896	9.291144756436967	149.1618313944925	894.5019707216564	
21637.959199999998	0.028800000000046566	Ripples	0.028800000000046566	21637.973599999998	21.89349999581289	159.07086435949677	1562.282384720861	
21638.2088	0.032799999997223495	Ripples	0.032799999997223495	21638.227199999998	13.432614232794544	157.41582007194987	1386.6198768399581	
21641.512	0.05280000000129803	Ripples	0.05280000000129803	21641.5232	13.515292725162878	151.8805646580127	1139.8940425779474	
21643.851199999997	0.030400000003282912	Ripples	0.030400000003282912	21643.8744	5.785736079253611	157.6896135009227	655.4583801563789	
21649.3144	0.032799999997223495	Ripples	0.032799999997223495	21649.3248	7.805308611125864	155.8151930905449	884.0345411985625	
21651.8672	0.027999999998428393	Ripples	0.027999999998428393	21651.8848	6.405692613135143	151.1255871616552	677.9872925005652	
21653.656	0.05040000000008149	Ripples	0.05040000000008149	21653.6736	22.8672693353222	155.44792293826103	1544.0938866867002	
21653.8304	0.047200000000884756	Ripples	0.047200000000884756	21653.8608	8.666660841741072	153.67186475289978	795.7796142102796	
21654.930399999997	0.024000000001251465	Ripples	0.024000000001251465	21654.9384	5.267763416677696	152.56509064121514	637.4010114006741	
21664.676	0.042399999998451676	Ripples	0.042399999998451676	21664.7048	15.065755644819392	154.02519477311958	1183.5193675294372	
21666.827999999998	0.03600000000005821	Ripples	0.03600000000005821	21666.8392	6.855896566353236	150.57132201213471	781.1737572857751	
21667.4056	0.046399999999266583	Ripples	0.046399999999266583	21667.419199999997	6.449618017251142	173.60205031182983	742.0792943312547	
21667.6944	0.021600000000034925	Ripples	0.021600000000034925	21667.7048	9.24340352491926	158.80749298295632	909.9525289139177	
21670.561599999997	0.04400000000168802	Ripples	0.04400000000168802	21670.579999999998	9.305169355392506	145.909991775614	603.0335516863241	
21675.847199999997	0.0544000000008964	Ripples	0.0544000000008964	21675.8808	31.92460116845858	155.73342613912675	2000.5138083477186	
21678.2384	0.04399999999805004	Ripples	0.04399999999805004	21678.253599999996	31.794319029261057	160.67428461802535	1641.0013457452048	
21678.397599999997	0.05280000000129803	Ripples	0.05280000000129803	21678.42	32.005655970244085	151.3607425246072	2051.56631796743	
21680.719999999998	0.035200000002078013	Ripples	0.035200000002078013	21680.7312	6.87190771882396	167.34825731230572	740.0400790402123	
21690.4472	0.04560000000128639	Ripples	0.04560000000128639	21690.475199999997	23.56576572010482	146.56752013770964	1218.6687128021724	
21697.211199999998	0.03600000000005821	Ripples	0.03600000000005821	21697.2264	30.354094617784153	157.2617357951783	1810.017900774342	
21697.3104	0.05760000000009313	Ripples	0.05760000000009313	21697.3432	44.98871772595115	153.57069148517368	2316.1522230305577	
21698.2624	0.047200000000884756	Ripples	0.047200000000884756	21698.2888	9.994630744371714	147.75383636298088	810.823512148194	
21700.603199999998	0.02960000000166474	Ripples	0.02960000000166474	21700.624799999998	9.057409313765321	148.48315585965284	807.3250652402338	
21707.4168	0.05040000000008149	Ripples	0.05040000000008149	21707.4496	34.59880802439092	153.1520381707949	2072.5302919221717	
21709.761599999998	0.020000000000436557	Ripples	0.020000000000436557	21709.7736	6.133416851131401	153.69818204918968	608.9746768194278	
21717.1944	0.031199999997625127	Ripples	0.031199999997625127	21717.214399999997	8.653084119800566	165.52611980767577	817.3363440920232	
21718.7856	0.03919999999925494	Ripples	0.03919999999925494	21718.8	15.354770691519926	156.38963083874205	1134.1277879644758	
21721.6056	0.03840000000127475	Ripples	0.03840000000127475	21721.6328	15.501609481862607	159.36328999287826	1102.156680770824	
21723.094399999998	0.03840000000127475	Ripples	0.03840000000127475	21723.1128	18.825305021392712	155.22289171583103	1501.356110416499	
21723.4424	0.032799999997223495	Ripples	0.032799999997223495	21723.464799999998	8.524828772561127	153.27610993143855	807.5301286382626	
21723.5968	0.0544000000008964	Ripples	0.0544000000008964	21723.64	10.163579664418199	158.52469639966534	861.0245008034101	
21726.203199999996	0.02960000000166474	Ripples	0.02960000000166474	21726.214399999997	6.639039046728675	154.10140778175702	685.6084420010206	
21726.4816	0.03359999999884167	Ripples	0.03359999999884167	21726.4976	15.331235893614203	156.79250157535807	1048.310837007306	
21747.964799999998	0.058400000001711305	Ripples	0.058400000001711305	21747.982399999997	30.3946929389006	152.10224231472156	1748.2420036119354	
21748.12	0.0272000000004482	Ripples	0.0272000000004482	21748.133599999997	17.6918058336636	162.10822339803192	1424.5279908146044	
21749.311999999998	0.03600000000005821	Ripples	0.03600000000005821	21749.326399999998	7.281861183759106	153.39042779966027	637.9535501377123	
21749.959199999998	0.04320000000006985	Ripples	0.04320000000006985	21749.980799999998	28.741098199765382	152.25206402548932	1531.155276213853	
21750.277599999998	0.030399999999644933	Ripples	0.030399999999644933	21750.289599999996	10.63446931455554	151.94038847326146	954.8110648098445	
21758.408	0.03359999999884167	Ripples	0.03359999999884167	21758.426399999997	7.202011482693782	145.45594464195972	636.8352604428889	
21761.104	0.051199999998061685	Ripples	0.051199999998061685	21761.142399999997	9.476724488118764	162.13673662018056	829.6538125487535	
21761.976	0.062399999998888234	Ripples	0.062399999998888234	21762.027199999997	11.971285987729386	160.3758295863837	831.0754717116378	
21790.854399999997	0.047200000000884756	Ripples	0.047200000000884756	21790.8768	24.899833981952426	151.92966519069444	1600.0949381574508	
21791.8744	0.046399999999266583	Ripples	0.046399999999266583	21791.907199999998	22.82346538753626	151.23940547478574	1396.2866649008524	
21793.923199999997	0.04560000000128639	Ripples	0.04560000000128639	21793.944	30.138739978955467	155.36199790167353	1667.1402289405432	
21794.4472	0.031200000001263106	Ripples	0.031200000001263106	21794.459199999998	7.293217723142085	155.42665199179484	578.7872798458658	
21798.0424	0.04320000000006985	Ripples	0.04320000000006985	21798.0752	26.770566022049355	158.9067423159727	1636.1653121271427	
21801.531199999998	0.0544000000008964	Ripples	0.0544000000008964	21801.5608	33.71070357059376	150.7781431479064	1593.6112934442906	
21804.277599999998	0.042400000002089655	Ripples	0.042400000002089655	21804.297599999998	7.0681643823226095	150.72101630642226	491.89037733829946	
21804.552799999998	0.04160000000047148	Ripples	0.04160000000047148	21804.5696	31.259435816036525	154.2943976827169	1807.0590212979903	
21813.7136	0.039999999997235136	Ripples	0.039999999997235136	21813.735999999997	24.617254673263627	147.57848559155957	1459.520317747919	
21815.9008	0.08159999999770662	Ripples	0.08159999999770662	21815.9352	20.517012831999843	156.4200428328994	1130.5197881889667	
21816.4584	0.05439999999725842	Ripples	0.05439999999725842	21816.4672	5.62284125664229	150.23967655642525	507.30712534683545	
21819.7424	0.046399999999266583	Ripples	0.046399999999266583	21819.76	29.877644463812285	156.52296699833667	1763.2589650024427	
21827.610399999998	0.02479999999923166	Ripples	0.02479999999923166	21827.624799999998	17.610230915969932	160.43288456371883	1292.9393527376128	
21839.2912	0.0367999999980384	Ripples	0.0367999999980384	21839.3128	17.99579804435745	153.55475437818825	1389.2551697765382	
21839.4544	0.046399999999266583	Ripples	0.046399999999266583	21839.4632	6.341987973301316	157.90641606050428	521.9004943849214	
21846.6656	0.062399999998888234	Ripples	0.062399999998888234	21846.7024	23.187922485781534	147.90069914128165	1410.035446828801	
21847.8576	0.042399999998451676	Ripples	0.042399999998451676	21847.875999999997	8.260413286800066	161.7272131852039	774.6651570707737	
21849.231999999996	0.037600000003294554	Ripples	0.037600000003294554	21849.2584	6.331426368673231	146.91354677872155	668.3173089327838	
21854.283199999998	0.04560000000128639	Ripples	0.04560000000128639	21854.307999999997	27.230609274315302	156.6661816120958	1973.8872353324773	
21858.482399999997	0.04160000000047148	Ripples	0.04160000000047148	21858.512799999997	5.297305447786528	153.88201389165263	647.1185174681633	
21862.027199999997	0.03680000000167638	Ripples	0.03680000000167638	21862.0392	10.020669016344101	150.3516550506344	937.4542941009828	
21864.631199999996	0.047200000000884756	Ripples	0.047200000000884756	21864.649599999997	25.139491349202814	152.5578858246078	1399.7860371584618	
21869.4384	0.05519999999887659	Ripples	0.05519999999887659	21869.4672	32.13989210795702	150.46471928584788	1903.0257629030089	
21869.731999999996	0.028800000000046566	Ripples	0.028800000000046566	21869.744	15.814481712268162	159.90236949480763	1305.933830205803	
21869.8016	0.04400000000168802	Ripples	0.04400000000168802	21869.835199999998	16.316295396864376	154.2462713791734	1147.9701144838386	
21871.564	0.02960000000166474	Ripples	0.02960000000166474	21871.583199999997	10.661194734504557	154.17759892667306	831.5733205143529	
21876.5288	0.021600000000034925	Ripples	0.021600000000034925	21876.5432	9.44278152070736	161.0342009896489	916.520008643591	
21879.4064	0.055999999996856786	Ripples	0.055999999996856786	21879.421599999998	14.344124764419416	154.98248884251737	992.2502240429211	
21879.4832	0.02479999999923166	Ripples	0.02479999999923166	21879.4944	7.025388730107634	151.4683872723584	805.0466572703042	
21886.384	0.053599999999278225	Ripples	0.053599999999278225	21886.408	6.716521729186476	151.12783497752375	465.3914605405902	
21887.800799999997	0.04080000000249129	Ripples	0.04080000000249129	21887.8272	9.212933167729988	150.23155496147277	763.437039506862	
21889.703999999998	0.04160000000047148	Ripples	0.04160000000047148	21889.7352	14.24189379369583	152.2325598980182	1113.7173111482384	
21890.5968	0.023999999997613486	Ripples	0.023999999997613486	21890.6096	5.061804869852748	145.87668941405605	508.21487199250805	
21902.1008	0.04719999999724678	Ripples	0.04719999999724678	21902.1368	23.91726563801834	150.34494751834714	1488.5897221949629	
21902.283199999998	0.033600000002479646	Ripples	0.033600000002479646	21902.2984	17.24143712124969	152.47965807602566	1281.4056487446808	
21903.0568	0.035199999998440035	Ripples	0.035199999998440035	21903.0752	19.669377657955977	152.70486459181797	1364.6507590658111	
21906.928799999998	0.020000000000436557	Ripples	0.020000000000436557	21906.940799999997	10.512390407717941	160.1712711247511	918.681592417485	
21911.9272	0.03919999999925494	Ripples	0.03919999999925494	21911.9392	36.603434295624254	158.7649410418889	2040.9608506826307	
21915.214399999997	0.03680000000167638	Ripples	0.03680000000167638	21915.239999999998	16.957638982040727	153.97494183992	1158.086815733729	
21919.552	0.0687999999972817	Ripples	0.0687999999972817	21919.5984	6.318022706772765	151.15290827791543	403.52015746736316	
21919.9176	0.04479999999603024	Ripples	0.04479999999603024	21919.9368	18.721409081477272	153.93003606874345	1079.2112119712922	
21920.0752	0.04320000000006985	Ripples	0.04320000000006985	21920.0984	5.194115788106798	155.92665910952775	545.5537391093892	
21920.696799999998	0.06079999999928987	Ripples	0.06079999999928987	21920.731999999996	9.525245919712548	149.40559824162622	551.9128514034417	
21941.361599999997	0.06480000000010477	Ripples	0.06480000000010477	21941.408	10.71411623946687	148.24217528395752	691.8023927594105	
21949.0912	0.044799999999668216	Ripples	0.044799999999668216	21949.119199999997	42.00824291965395	159.7010841969846	2396.736758138471	
21962.1632	0.04160000000047148	Ripples	0.04160000000047148	21962.1832	19.49907342074136	150.31674223137537	1136.698106915268	
21963.9568	0.03600000000005821	Ripples	0.03600000000005821	21963.967999999997	7.221085196543602	151.03550921065278	822.7782839669454	
21964.3072	0.02479999999923166	Ripples	0.02479999999923166	21964.325599999996	10.14684475926024	160.4232436666331	880.8929119181164	
21967.6576	0.037599999999656575	Ripples	0.037599999999656575	21967.669599999997	21.519079924944542	149.3162432815739	1279.3766947859647	
21971.5136	0.044799999999668216	Ripples	0.044799999999668216	21971.5448	32.18488502424085	159.88535071277096	1437.5850621943732	
21971.8216	0.02959999999802676	Ripples	0.02959999999802676	21971.8432	7.7640304051893745	152.80026230353894	706.0805098255414	
21972.325599999996	0.025600000000849832	Ripples	0.025600000000849832	21972.339999999997	7.658601708469245	154.8427252798765	809.387212735826	
21981.645599999996	0.04160000000410946	Ripples	0.04160000000410946	21981.6576	24.33726991197545	154.2348721884234	1643.2691905856195	
21989.2224	0.07760000000052969	Ripples	0.07760000000052969	21989.244	11.230189327220497	155.7266311533109	801.9381484755479	
21990.699999999997	0.025600000000849832	Ripples	0.025600000000849832	21990.7152	9.213795844825936	155.17435151486973	891.2662801106376	
21991.852	0.042399999998451676	Ripples	0.042399999998451676	21991.883199999997	6.3596723016624415	145.81124453453353	523.425855613339	
21992.159999999996	0.06240000000252621	Ripples	0.06240000000252621	21992.192799999997	9.827039183561014	143.74091202110188	765.6415831652988	
21996.091999999997	0.03440000000045984	Ripples	0.03440000000045984	21996.1152	5.398830818675994	148.2576506866135	513.4417675246913	
22002.335199999998	0.042400000002089655	Ripples	0.042400000002089655	22002.347199999997	9.117230723814963	165.53102862975047	1018.3543111536626	
22025.5808	0.04559999999764841	Ripples	0.04559999999764841	22025.6168	10.945577291093548	161.36117220357104	873.2914800745032	
22026.3088	0.040000000000873115	Ripples	0.040000000000873115	22026.3376	12.88859985144771	147.21653192419112	1078.8942074061767	
22026.5304	0.02959999999802676	Ripples	0.02959999999802676	22026.545599999998	10.239209017438698	151.5996082784015	743.058970021365	
22034.2352	0.03600000000005821	Ripples	0.03600000000005821	22034.2496	14.047645429177162	153.65093991184244	1233.62033780186	
22034.899999999998	0.028800000000046566	Ripples	0.028800000000046566	22034.921599999998	9.5734065532263	152.3420574769295	851.7205741266628	
22036.104799999997	0.03600000000005821	Ripples	0.03600000000005821	22036.133599999997	17.467438491112787	158.36063511592153	1087.5182663462654	
22041.1128	0.04799999999886495	Ripples	0.04799999999886495	22041.1304	10.57676819230407	150.75278080576794	838.5680663869848	
22042.6848	0.027999999998428393	Ripples	0.027999999998428393	22042.698399999997	16.80919899424982	158.91876777449144	1383.7462877481837	
22044.475199999997	0.06000000000130967	Ripples	0.06000000000130967	22044.512799999997	9.087353278483304	163.48617699804208	734.4832781499728	
22044.608	0.026399999998830026	Ripples	0.026399999998830026	22044.624	11.370833008494209	157.1561090975791	1058.047317059365	
22046.788	0.06319999999686843	Ripples	0.06319999999686843	22046.818399999996	13.855333304695758	152.35886725791445	892.0257632996943	
22054.681599999996	0.04080000000249129	Ripples	0.04080000000249129	22054.699999999997	15.557113648996237	150.42887709239508	1152.8316012206124	
22061.8288	0.07279999999809661	Ripples	0.07279999999809661	22061.840799999998	8.670605232820941	157.51940202379947	519.017287088396	
22065.620799999997	0.03600000000005821	Ripples	0.03600000000005821	22065.6416	10.124812475130659	155.37232804199425	724.3845467375879	
22073.8736	0.022400000001653098	Ripples	0.022400000001653098	22073.8848	8.794694651884658	159.55392052726097	986.4412479084889	
22076.904799999997	0.05760000000009313	Ripples	0.05760000000009313	22076.944	5.707305960086789	155.92128893654598	689.3844390113466	
22085.316	0.023999999997613486	Ripples	0.023999999997613486	22085.3312	7.336897474988374	159.67083787259892	712.6261922459415	
22087.6736	0.023199999999633292	Ripples	0.023199999999633292	22087.6848	5.142834162431685	146.18721993619508	556.7386868764354	
22115.0	155.0	SleepStates						REM
22146.142399999997	0.021600000000034925	Ripples	0.021600000000034925	22146.156	8.061909495561167	160.0337509497035	949.8501482908152	
22269.7944	0.030399999999644933	Ripples	0.030399999999644933	22269.806399999998	11.538972297762829	154.0153167141528	956.1210704756546	
22271.0	20.0	SleepStates						Awake
22291.5752	0.03839999999763677	Ripples	0.03839999999763677	22291.594399999998	5.636665397116951	149.60279995049873	492.6845547930044	
22292.0	816.0	SleepStates						Non-REM
22303.270399999998	0.02960000000166474	Ripples	0.02960000000166474	22303.2856	17.513798578023323	157.08836045333408	1390.2648116789553	
22304.509599999998	0.06079999999928987	Ripples	0.06079999999928987	22304.5464	25.79224442764432	148.27818533882797	1693.4353265419186	
22309.372799999997	0.0496000000021013	Ripples	0.0496000000021013	22309.3912	21.65975438681129	150.28056471070877	1466.180333821888	
22309.644	0.05199999999604188	Ripples	0.05199999999604188	22309.669599999997	22.133140354846308	151.52654874789513	1419.9129623525052	
22320.156799999997	0.053599999999278225	Ripples	0.053599999999278225	22320.167999999998	8.23696180800091	159.86483976947335	688.5075419872892	
22320.3128	0.07759999999689171	Ripples	0.07759999999689171	22320.362399999998	12.431219393200417	149.69965475138076	1055.890029233422	
22321.019999999997	0.04080000000249129	Ripples	0.04080000000249129	22321.038399999998	14.470610828097124	147.31076641465725	938.235720686907	
22321.7952	0.02959999999802676	Ripples	0.02959999999802676	22321.807999999997	16.659580485207734	157.26864416143067	1190.447418143715	
22332.820799999998	0.023199999999633292	Ripples	0.023199999999633292	22332.832	7.084108146458253	151.99293999531142	820.1131031060793	
22334.7744	0.0544000000008964	Ripples	0.0544000000008964	22334.8144	7.834303089547274	149.74327091743777	695.3673450229227	
22334.852	0.04079999999885331	Ripples	0.04079999999885331	22334.871199999998	23.138582882083643	151.5095184825566	1507.0633193063704	
22338.224799999996	0.03680000000167638	Ripples	0.03680000000167638	22338.2368	23.076049277901134	154.08808315252455	1440.7787380525926	
22352.378399999998	0.023199999999633292	Ripples	0.023199999999633292	22352.3896	5.493775473349393	146.96687680210673	469.05463622985616	
22352.908	0.04160000000047148	Ripples	0.04160000000047148	22352.928799999998	20.61430956566434	153.03357670194433	1438.5827458271604	
22354.8448	0.031199999997625127	Ripples	0.031199999997625127	22354.865599999997	5.7594034519138155	150.7518918188381	591.7245687638176	
22358.4688	0.048800000000483124	Ripples	0.048800000000483124	22358.4976	37.830661167231355	151.41956505768428	2048.8908672481934	
22359.7448	0.04959999999846332	Ripples	0.04959999999846332	22359.7624	19.189549150398463	148.43829124697697	1297.0874341485726	
22360.7456	0.05760000000009313	Ripples	0.05760000000009313	22360.7768	31.485887685942597	154.16153509225958	1470.2330030579458	
22362.335199999998	0.026399999998830026	Ripples	0.026399999998830026	22362.354399999997	17.70104408853779	163.7728133508437	1328.917629187052	
22363.627999999997	0.021600000000034925	Ripples	0.021600000000034925	22363.636	8.236307494587075	153.67963769275937	960.940379024018	
22363.674399999996	0.04160000000410946	Ripples	0.04160000000410946	22363.6944	5.3180545294267425	151.22800478947357	343.8122845480453	
22363.8504	0.0272000000004482	Ripples	0.0272000000004482	22363.8592	6.6752631448154895	153.55623182722368	845.7359633846463	
22366.9128	0.048800000000483124	Ripples	0.048800000000483124	22366.9512	7.119950125967347	159.50879466028823	769.5253916233836	
22371.8792	0.05280000000129803	Ripples	0.05280000000129803	22371.894399999997	6.991932326694446	154.92073663189967	806.7279478075126	
22374.728799999997	0.040000000000873115	Ripples	0.040000000000873115	22374.747199999998	14.680169126560067	152.71079952156114	1119.5161251190511	
22378.3168	0.06559999999808497	Ripples	0.06559999999808497	22378.347999999998	40.157396193182244	152.28679122085725	2280.955076923634	
22379.863999999998	0.07440000000133296	Ripples	0.07440000000133296	22379.9168	15.754863935775862	154.97964962103262	1170.744407746481	
22380.672	0.03680000000167638	Ripples	0.03680000000167638	22380.7024	6.416607668120791	157.77012352535408	780.5319637769259	
22385.791999999998	0.030399999999644933	Ripples	0.030399999999644933	22385.8032	6.525365245019339	149.20500995918852	604.9511446922479	
22387.760799999996	0.027200000004086178	Ripples	0.027200000004086178	22387.78	12.783316797660516	154.29724917251912	941.7768793272082	
22390.038399999998	0.03440000000045984	Ripples	0.03440000000045984	22390.058399999998	9.734193387548629	144.84464234544328	737.3734129280413	
22401.9272	0.026400000002468005	Ripples	0.026400000002468005	22401.9456	7.9305342451626135	149.63574994231269	693.2439130060212	
22405.4712	0.055999999996856786	Ripples	0.055999999996856786	22405.516799999998	7.171469840591058	150.7121372457366	665.7221199315915	
22412.890399999997	0.05280000000129803	Ripples	0.05280000000129803	22412.9152	35.211391215772416	150.04899006866603	1794.0349948767914	
22419.048799999997	0.03200000000288128	Ripples	0.03200000000288128	22419.0712	12.783891187566509	157.5389250552499	1037.5734631548762	
22419.4712	0.0415999999968335	Ripples	0.0415999999968335	22419.486399999998	7.732502649573617	158.40375105434293	666.5094498721121	
22423.1056	0.04079999999885331	Ripples	0.04079999999885331	22423.123199999998	25.021803406969752	154.70898371694827	1721.9612184410657	
22424.390399999997	0.051200000001699664	Ripples	0.051200000001699664	22424.3992	6.439339870599326	157.86912237157287	614.1943201060465	
22424.532799999997	0.03840000000127475	Ripples	0.03840000000127475	22424.559999999998	25.71892364964173	153.73980499579167	1548.2866589765895	
22426.444799999997	0.047200000000884756	Ripples	0.047200000000884756	22426.46	10.504343463176546	147.05933340514017	909.8749894425301	
22433.603199999998	0.04560000000128639	Ripples	0.04560000000128639	22433.6184	5.197314320622587	151.81148385235915	500.0142969078486	
22434.1792	0.027999999998428393	Ripples	0.027999999998428393	22434.1976	11.961991366598534	155.1665519183136	971.175205767631	
22446.4136	0.04559999999764841	Ripples	0.04559999999764841	22446.44	16.476332180978552	153.06618534996633	1093.221309102541	
22447.14	0.040000000000873115	Ripples	0.040000000000873115	22447.155199999997	8.551635977325143	144.67080380484225	690.3700114402135	
22450.404	0.04399999999805004	Ripples	0.04399999999805004	22450.4224	16.807982273517606	163.05436690844186	1099.459933569707	
22470.088	0.026399999998830026	Ripples	0.026399999998830026	22470.099199999997	7.516143180256315	154.01527002021496	613.0097666318409	
22470.283199999998	0.021600000000034925	Ripples	0.021600000000034925	22470.2944	6.520012225155432	152.66039130263232	738.8715090849491	
22471.2784	0.025599999997211853	Ripples	0.025599999997211853	22471.3	5.078484173095067	150.50437492335283	541.7915601740648	
22487.62	0.05040000000008149	Ripples	0.05040000000008149	22487.647999999997	15.265298232073773	147.64451964874644	1044.85053847866	
22493.174399999996	0.037600000003294554	Ripples	0.037600000003294554	22493.1832	6.945574396302603	156.84625892917654	702.1425486427465	
22495.084799999997	0.031200000001263106	Ripples	0.031200000001263106	22495.1	15.118595730778667	156.85448614804778	1061.3307529354806	
22496.568	0.030399999999644933	Ripples	0.030399999999644933	22496.5864	8.973778841095095	150.82649697481494	825.4980786930703	
22497.879999999997	0.04080000000249129	Ripples	0.04080000000249129	22497.892	13.723894143396576	154.69119972894939	739.7523399077451	
22507.300799999997	0.02479999999923166	Ripples	0.02479999999923166	22507.318399999996	6.762143551081897	159.33033891731742	853.6203069953837	
22517.852	0.0272000000004482	Ripples	0.0272000000004482	22517.872	6.628611199013359	152.42557499803596	512.520083991625	
22517.923199999997	0.05280000000129803	Ripples	0.05280000000129803	22517.940799999997	26.278450247942164	157.6658727283572	1441.3609909467834	
22520.7928	0.026399999998830026	Ripples	0.026399999998830026	22520.8088	6.284834408006023	147.33676467179362	769.0211612679419	
22522.6144	0.03359999999884167	Ripples	0.03359999999884167	22522.6296	11.332915569899457	150.11721600052832	998.5825327332651	
22523.646399999998	0.03680000000167638	Ripples	0.03680000000167638	22523.6584	16.482990748186786	154.2905004909702	1266.9190769161921	
22532.147999999997	0.035200000002078013	Ripples	0.035200000002078013	22532.1664	37.07243308302423	156.6867381263784	2042.8727666564996	
22532.267999999996	0.05760000000009313	Ripples	0.05760000000009313	22532.2944	28.45154392552027	149.53857352985008	1616.4802607436259	
22533.633599999997	0.03600000000005821	Ripples	0.03600000000005821	22533.6632	5.948765536111557	160.09982465323552	799.0757063741938	
22536.133599999997	0.022400000001653098	Ripples	0.022400000001653098	22536.1488	5.736085514197218	157.1210550963099	599.9394240595279	
22536.5144	0.04079999999885331	Ripples	0.04079999999885331	22536.529599999998	22.743542251545644	150.4699093693573	1345.896389661251	
22546.6688	0.026399999998830026	Ripples	0.026399999998830026	22546.6848	6.487609592194696	152.38074298391547	780.3762513569666	
22552.4024	0.04320000000006985	Ripples	0.04320000000006985	22552.4168	12.694276324433371	150.76099544312387	1136.3760603251008	
22553.1848	0.06559999999808497	Ripples	0.06559999999808497	22553.203199999996	23.284990263034437	155.67930635705983	1457.5087434063776	
22553.924	0.022400000001653098	Ripples	0.022400000001653098	22553.9352	5.709587305344536	155.72007664452568	694.4432505987229	
22554.012799999997	0.03200000000288128	Ripples	0.03200000000288128	22554.0352	19.28443374825362	158.88324946614446	1266.5624909920687	
22554.153599999998	0.022400000001653098	Ripples	0.022400000001653098	22554.1648	5.2340519145381235	149.05823024994373	643.0577842346647	
22561.44	0.06559999999808497	Ripples	0.06559999999808497	22561.480799999998	29.533896511323682	146.74443248285877	1467.8617038424643	
22570.007999999998	0.07600000000093132	Ripples	0.07600000000093132	22570.074399999998	9.249550919265879	152.99173437891565	826.6294810169982	
22577.239199999996	0.03440000000409782	Ripples	0.03440000000409782	22577.2696	6.104004136593096	159.2615097234787	559.7828018960674	
22584.811999999998	0.021600000000034925	Ripples	0.021600000000034925	22584.824	6.201095443583331	158.12022039529455	677.5586926052301	
22585.099199999997	0.04800000000250293	Ripples	0.04800000000250293	22585.108	10.044565889434264	155.13478850277602	1013.647922915056	
22602.176799999997	0.037599999999656575	Ripples	0.037599999999656575	22602.1944	15.538347249869744	157.4930765837662	969.5847335071015	
22602.653599999998	0.037599999999656575	Ripples	0.037599999999656575	22602.667999999998	13.569512866384613	159.99434841198456	1007.7681603547807	
22602.971999999998	0.031200000001263106	Ripples	0.031200000001263106	22602.998399999997	6.5414608494301705	155.3808424310355	859.4362290130465	
22604.127999999997	0.03680000000167638	Ripples	0.03680000000167638	22604.142399999997	23.18043005416524	157.5164501194987	1519.6725174448995	
22611.018399999997	0.037599999999656575	Ripples	0.037599999999656575	22611.045599999998	14.579089978889611	157.84609567921024	949.6890458026394	
22611.099199999997	0.05200000000331784	Ripples	0.05200000000331784	22611.1256	11.738289056644659	143.1673499169593	771.9109532082189	
22615.852	0.028800000000046566	Ripples	0.028800000000046566	22615.871199999998	12.245846994345703	155.05305153161922	1033.2981525215152	
22616.108799999998	0.023199999999633292	Ripples	0.023199999999633292	22616.124799999998	5.375018464123955	152.37353852047687	511.3661678974009	
22620.9168	0.044799999999668216	Ripples	0.044799999999668216	22620.9536	13.405805656054827	148.65680245645814	1054.40193088979	
22622.9712	0.046399999999266583	Ripples	0.046399999999266583	22622.9832	12.309225296283783	167.55763009743305	1015.5911982556867	
22626.144	0.021600000000034925	Ripples	0.021600000000034925	22626.152	9.06160267954409	155.03765987258225	876.6072705757696	
22628.512	0.053599999999278225	Ripples	0.053599999999278225	22628.5448	23.05003101277495	148.01424884945735	1491.4035912730988	
22634.185599999997	0.051200000001699664	Ripples	0.051200000001699664	22634.2232	7.916724204396329	150.3924301659603	591.7799941139394	
22639.9024	0.037599999999656575	Ripples	0.037599999999656575	22639.924	25.103192319556985	154.83024108604818	1749.936423694641	
22640.0824	0.04799999999886495	Ripples	0.04799999999886495	22640.1168	9.44024404622136	145.8312437561123	792.4787406059866	
22640.203999999998	0.08480000000054133	Ripples	0.08480000000054133	22640.26	17.107653106461335	153.7553441018433	1296.441648347155	
22640.989599999997	0.020000000000436557	Ripples	0.020000000000436557	22641.0016	5.1725707758236865	151.31373492217017	684.9024446927871	
22648.117599999998	0.047200000000884756	Ripples	0.047200000000884756	22648.1256	5.725084732753426	159.57969235110397	568.8285166996206	
22650.0248	0.04559999999764841	Ripples	0.04559999999764841	22650.048	28.91322232230215	149.86201512050704	1573.903968377359	
22657.908799999997	0.03919999999925494	Ripples	0.03919999999925494	22657.924	21.24367182746122	153.26777936178493	1413.4860023379024	
22667.689599999998	0.03280000000086147	Ripples	0.03280000000086147	22667.7152	6.2669081459046065	155.98684720471357	864.8076078291338	
22667.824	0.027999999998428393	Ripples	0.027999999998428393	22667.836799999997	10.306654519564079	149.15661096248115	785.4790335705136	
22668.464799999998	0.044799999999668216	Ripples	0.044799999999668216	22668.479199999998	11.729984722975958	156.97400147480315	936.2545249137066	
22669.9096	0.046399999999266583	Ripples	0.046399999999266583	22669.9456	16.75639531465649	151.68130377152355	1248.8522293217907	
22670.415999999997	0.05199999999967986	Ripples	0.05199999999967986	22670.4392	24.55200426652376	150.3065191812997	1474.0324720349597	
22675.4104	0.06559999999808497	Ripples	0.06559999999808497	22675.4496	9.564625359519436	134.646225729298	455.69781715622474	
22676.1472	0.025600000000849832	Ripples	0.025600000000849832	22676.162399999997	26.765954455639818	159.78581900756168	1539.8768617534165	
22678.0808	0.05439999999725842	Ripples	0.05439999999725842	22678.097599999997	9.332286567336823	153.3926848633894	599.8765334743551	
22683.207199999997	0.05040000000008149	Ripples	0.05040000000008149	22683.247199999998	13.213127242838546	158.68852015075802	1061.4339509806061	
22689.3128	0.025600000000849832	Ripples	0.025600000000849832	22689.324	6.62248720575978	155.98023045508253	709.8700595373995	
22695.991199999997	0.04160000000047148	Ripples	0.04160000000047148	22696.018399999997	6.381439670059047	150.2042697752387	557.4488121660929	
22714.068799999997	0.020000000000436557	Ripples	0.020000000000436557	22714.077599999997	5.746469998218476	152.6783464697799	596.6953969193813	
22736.982399999997	0.07280000000173459	Ripples	0.07280000000173459	22737.0192	37.99744833394578	144.81335398817419	1758.821381579328	
22738.248799999998	0.024800000002869638	Ripples	0.024800000002869638	22738.263199999998	5.555189707794067	147.26461149957436	695.7275692525424	
22738.9944	0.027999999998428393	Ripples	0.027999999998428393	22739.0144	6.051163874030881	146.05055242732152	575.5323464669494	
22739.667199999996	0.03200000000288128	Ripples	0.03200000000288128	22739.688	22.196041898932855	155.56880528068356	1405.3736959884122	
22742.8384	0.05199999999604188	Ripples	0.05199999999604188	22742.8608	15.910887319361581	149.39495829125403	928.2355173108397	
22745.548799999997	0.03920000000289292	Ripples	0.03920000000289292	22745.5664	34.26355171815691	156.73097799391493	1748.481728462691	
22748.7624	0.023199999999633292	Ripples	0.023199999999633292	22748.777599999998	11.185910078662102	153.61909755971305	1018.5962039663164	
22750.3088	0.04320000000006985	Ripples	0.04320000000006985	22750.32	5.563741829430895	162.12136980832358	591.7862432176903	
22751.023999999998	0.058400000001711305	Ripples	0.058400000001711305	22751.039999999997	13.92586926930117	144.07072766374358	762.889630432032	
22762.724799999996	0.04160000000410946	Ripples	0.04160000000410946	22762.739199999996	13.274318100769406	155.01892801121147	1069.4225824644745	
22765.4104	0.051199999998061685	Ripples	0.051199999998061685	22765.444	12.563688973257163	148.9882348623661	1031.5628834372556	
22783.8384	0.03919999999925494	Ripples	0.03919999999925494	22783.863999999998	23.998893678581215	152.29127609948083	1441.6561213966388	
22785.4904	0.05280000000129803	Ripples	0.05280000000129803	22785.5176	21.870337780596028	150.73285460826767	1222.1450836954727	
22785.836	0.03440000000045984	Ripples	0.03440000000045984	22785.851199999997	14.666330195182626	151.3501670436446	1002.8204825030432	
22786.6224	0.0415999999968335	Ripples	0.0415999999968335	22786.64	8.617721016163662	159.10978777203522	691.0129673770577	
22789.928799999998	0.05280000000129803	Ripples	0.05280000000129803	22789.951999999997	11.035277848801506	144.18100120540961	665.2956117650823	
22790.4128	0.042399999998451676	Ripples	0.042399999998451676	22790.423199999997	7.874096297609179	155.67750542375111	848.6070129719448	
22794.144	0.037599999996018596	Ripples	0.037599999996018596	22794.1592	20.072249695041723	151.85018229707882	1368.7859132683957	
22799.996799999997	0.04080000000249129	Ripples	0.04080000000249129	22800.0192	13.999664868329623	142.34742150585953	924.6598988684095	
22800.1128	0.06000000000130967	Ripples	0.06000000000130967	22800.1656	9.839875553034044	158.75932221148253	689.5281410790916	
22805.003999999997	0.04160000000047148	Ripples	0.04160000000047148	22805.031199999998	10.648339328448406	145.30686553114518	742.4321726155758	
22807.590399999997	0.03680000000167638	Ripples	0.03680000000167638	22807.604799999997	9.566779378504993	151.1435601225143	756.3521648420478	
22807.698399999997	0.03680000000167638	Ripples	0.03680000000167638	22807.7208	6.564194485649214	143.58334408708785	753.607179797753	
22809.396	0.046399999999266583	Ripples	0.046399999999266583	22809.404	8.253729443799914	155.56946228618642	632.1339488468947	
22816.225599999998	0.03680000000167638	Ripples	0.03680000000167638	22816.2368	9.228035210292353	154.03544267125432	863.0370561746299	
22816.3416	0.031199999997625127	Ripples	0.031199999997625127	22816.362399999998	5.097864818090014	151.74043982493563	458.76284649533505	
22825.6024	0.035199999998440035	Ripples	0.035199999998440035	22825.627999999997	9.614922023573685	157.47558830086234	943.331658155102	
22825.727199999998	0.060800000002927845	Ripples	0.060800000002927845	22825.739199999996	6.4288106559395946	149.46502667414953	647.0115478569367	
22826.333599999998	0.033600000002479646	Ripples	0.033600000002479646	22826.3456	8.072312506356704	144.00133668783087	728.516206394477	
22826.764	0.07519999999931315	Ripples	0.07519999999931315	22826.818399999996	10.478939714597855	151.63267422423115	1019.559253901151	
22837.408	0.04079999999885331	Ripples	0.04079999999885331	22837.430399999997	9.673125788751761	147.33011490583152	708.8384038008279	
22839.653599999998	0.021600000000034925	Ripples	0.021600000000034925	22839.6648	9.412844103538742	161.04920983629083	940.7507514424892	
22839.7656	0.037599999999656575	Ripples	0.037599999999656575	22839.791999999998	20.282729925409583	154.6555398572298	1186.790384262099	
22849.0824	0.04559999999764841	Ripples	0.04559999999764841	22849.097599999997	5.737868271998913	148.65464948535728	490.91163468196953	
22855.307999999997	0.06960000000253785	Ripples	0.06960000000253785	22855.319199999998	9.299655473678383	158.0370056308458	852.7592685839077	
22856.140799999997	0.05040000000008149	Ripples	0.05040000000008149	22856.1592	23.946725931622446	148.91402507528824	1438.5176569277003	
22862.028	0.03840000000127475	Ripples	0.03840000000127475	22862.048	8.773879201429311	153.37775346629553	722.7290433033654	
22862.4464	0.03599999999642023	Ripples	0.03599999999642023	22862.464	19.22685552490488	160.642025022865	1167.9117590740534	
22877.5136	0.025600000000849832	Ripples	0.025600000000849832	22877.531199999998	5.992694792517151	150.04514290410577	720.4901560946993	
22877.567199999998	0.021600000000034925	Ripples	0.021600000000034925	22877.581599999998	5.563368391806989	155.62500057097108	788.8576045825241	
22880.8304	0.023999999997613486	Ripples	0.023999999997613486	22880.839999999997	7.468497801199091	155.55737087879777	768.1725289836925	
22887.8768	0.021600000000034925	Ripples	0.021600000000034925	22887.890399999997	9.32000474751936	159.54572406282963	962.3035495977889	
22891.3808	0.0272000000004482	Ripples	0.0272000000004482	22891.3864	6.151552945534146	160.21890310317926	740.9835253166736	
22891.532799999997	0.02080000000205473	Ripples	0.02080000000205473	22891.5464	10.087298684087637	158.23973647803936	909.9922836946839	
22910.1456	0.06159999999727006	Ripples	0.06159999999727006	22910.1936	19.56057238550762	152.41263463979297	1422.1582208850934	
22910.290399999998	0.04560000000128639	Ripples	0.04560000000128639	22910.306399999998	10.283610780862466	147.43853600838784	750.7745119891249	
22912.590399999997	0.04400000000168802	Ripples	0.04400000000168802	22912.620799999997	20.92579742157493	149.117038690432	1212.658127144957	
22924.8776	0.02479999999923166	Ripples	0.02479999999923166	22924.8888	12.610883834238235	164.38302583227372	1234.6166037789428	
22929.6576	0.03359999999884167	Ripples	0.03359999999884167	22929.672	5.0542695062647836	153.00210716318523	596.1367757266505	
22933.590399999997	0.025600000000849832	Ripples	0.025600000000849832	22933.608799999998	5.941581936474914	152.5749146047813	649.9540581047647	
22941.685599999997	0.033600000002479646	Ripples	0.033600000002479646	22941.6992	18.383960982070292	160.86313646293866	1436.728436090097	
22946.3896	0.031200000001263106	Ripples	0.031200000001263106	22946.408	17.387994055488694	158.06227013338534	1289.8478697425364	
22947.559999999998	0.040000000000873115	Ripples	0.040000000000873115	22947.5896	12.175881271719765	154.55057943675484	1039.2329188099452	
22947.676799999997	0.07120000000213622	Ripples	0.07120000000213622	22947.711199999998	15.63373843523535	147.1487451130831	801.4961599533725	
22949.826399999998	0.0319999999992433	Ripples	0.0319999999992433	22949.8448	11.039674019674244	148.80097016744836	840.5098055991874	
22954.0792	0.053599999999278225	Ripples	0.053599999999278225	22954.119199999997	20.751093323796358	147.95294611847092	1239.8203756388596	
22955.192799999997	0.06400000000212458	Ripples	0.06400000000212458	22955.2232	17.05241380349407	148.57382706998996	1056.6423838877881	
22955.491199999997	0.03840000000127475	Ripples	0.03840000000127475	22955.5032	6.571085619845062	155.53679139532773	562.7481674992958	
22955.5664	0.021600000000034925	Ripples	0.021600000000034925	22955.577599999997	10.56242330243166	159.85495948003455	965.9693066164697	
22955.8104	0.0367999999980384	Ripples	0.0367999999980384	22955.825599999996	17.703289819198172	155.6011212233867	1283.5429058471993	
22957.087199999998	0.025600000000849832	Ripples	0.025600000000849832	22957.099199999997	7.640156421837827	151.4314674895344	756.8512543193875	
22957.739999999998	0.04400000000168802	Ripples	0.04400000000168802	22957.76	19.43341945019044	150.39962827966463	1243.397957072778	
22958.548	0.056000000000494765	Ripples	0.056000000000494765	22958.591999999997	11.161490687887518	152.87231279183558	865.5238951063634	
22959.5208	0.04079999999885331	Ripples	0.04079999999885331	22959.5376	34.39480357526719	155.31864146714943	2065.8705658684607	
22968.491199999997	0.026400000002468005	Ripples	0.026400000002468005	22968.4992	6.516623064953392	155.30762987929316	613.2331110901148	
22971.7952	0.03359999999884167	Ripples	0.03359999999884167	22971.8096	5.776247056166883	142.27079753290894	508.71190072865005	
22980.077599999997	0.0272000000004482	Ripples	0.0272000000004482	22980.094399999998	7.232866344970641	165.75085977850446	726.7490422865704	
22980.390399999997	0.02080000000205473	Ripples	0.02080000000205473	22980.404799999997	9.581668525941831	160.41542926425774	899.4130869559035	
22991.923199999997	0.03680000000167638	Ripples	0.03680000000167638	22991.9496	5.555159450103023	146.51160871951862	510.1315247916426	
22992.104	0.047200000000884756	Ripples	0.047200000000884756	22992.124799999998	11.984692208438599	154.73043292711827	775.9276321616293	
22999.603199999998	0.07200000000011642	Ripples	0.07200000000011642	22999.6384	13.65704524681873	142.32381821821923	872.264181798121	
23005.4888	0.03440000000045984	Ripples	0.03440000000045984	23005.509599999998	25.48634304046923	155.2533789205441	1373.3998335558972	
23006.554399999997	0.06400000000212458	Ripples	0.06400000000212458	23006.577599999997	16.611674139149063	150.59399743491733	1026.662594651482	
23007.372799999997	0.025600000000849832	Ripples	0.025600000000849832	23007.3888	10.097247460384784	155.5764981575932	906.5548623744523	
23007.548799999997	0.03840000000127475	Ripples	0.03840000000127475	23007.5568	7.058372488901477	151.4078464468397	608.2782298414046	
23014.4392	0.03359999999884167	Ripples	0.03359999999884167	23014.4536	6.345677980014233	152.4518074158713	650.3006896459896	
23015.358399999997	0.022400000001653098	Ripples	0.022400000001653098	23015.3672	8.12389040401386	153.91022548830605	843.0292272719539	
23016.108	0.051199999998061685	Ripples	0.051199999998061685	23016.1368	19.033417393465722	149.6596270466455	1064.754559249482	
23017.716	0.031199999997625127	Ripples	0.031199999997625127	23017.7336	36.10766106110956	161.00198065913193	2046.0238088857545	
23022.354399999997	0.07760000000416767	Ripples	0.07760000000416767	23022.3776	12.484580999606845	146.96925806823128	732.3543927316616	
23023.2264	0.05040000000008149	Ripples	0.05040000000008149	23023.2448	32.72049565982619	151.6531095790347	1884.5625149137363	
23027.003999999997	0.035200000002078013	Ripples	0.035200000002078013	23027.016	5.437262120118088	156.74382832467913	450.8965585639664	
23031.503999999997	0.04640000000290456	Ripples	0.04640000000290456	23031.536	12.834181262461072	150.5308808218328	846.8386611829126	
23048.9496	0.04559999999764841	Ripples	0.04559999999764841	23048.9712	10.356502684345097	161.58966189243992	960.5601806528609	
23060.9488	0.05519999999887659	Ripples	0.05519999999887659	23060.9784	22.76682166860543	148.60584913665977	1302.8631092307849	
23069.842399999998	0.0496000000021013	Ripples	0.0496000000021013	23069.871199999998	21.900997784600317	148.93275624814325	1400.6786829014893	
23070.7624	0.03439999999682186	Ripples	0.03439999999682186	23070.777599999998	9.019707354969118	151.65428240296814	828.9739699316855	
23075.8936	0.03840000000127475	Ripples	0.03840000000127475	23075.9104	15.283891606772137	155.75211687822443	1453.3306110280462	
23109.0	80.0	SleepStates						REM
23190.0	29.0	SleepStates						Awake
23220.0	398.0	SleepStates						Non-REM
23221.2888	0.0544000000008964	Ripples	0.0544000000008964	23221.3144	34.33570943346854	147.079909948641	1611.4445266488312	
23223.1056	0.0272000000004482	Ripples	0.0272000000004482	23223.123199999998	18.76117669986143	162.6678757313007	1380.7875150476218	
23224.6456	0.035199999998440035	Ripples	0.035199999998440035	23224.663999999997	15.717505391887338	152.50826800617511	1260.200885546126	
23226.178399999997	0.05760000000009313	Ripples	0.05760000000009313	23226.2008	15.563035738403931	148.0604745727135	820.8582298715064	
23228.332799999996	0.03600000000005821	Ripples	0.03600000000005821	23228.358399999997	10.092358044308192	149.53772156979505	876.8316846580385	
23231.3104	0.02959999999802676	Ripples	0.02959999999802676	23231.3216	18.234006031778954	161.1829228683199	1343.6592443833633	
23241.606399999997	0.03200000000288128	Ripples	0.03200000000288128	23241.624	16.011887092895023	151.0169433401263	1084.8450861824856	
23244.0856	0.026399999998830026	Ripples	0.026399999998830026	23244.1008	10.97468773933188	157.2058629100028	948.8458213022255	
23257.2336	0.031199999997625127	Ripples	0.031199999997625127	23257.2536	5.050221084771598	149.05679911421635	441.03046890515384	
23264.2464	0.04079999999885331	Ripples	0.04079999999885331	23264.2768	8.099347336019367	148.439088692796	704.0012505117969	
23268.1616	0.05760000000009313	Ripples	0.05760000000009313	23268.2024	16.68866336374779	143.5169457665506	1066.788713769394	
23268.315199999997	0.035200000002078013	Ripples	0.035200000002078013	23268.329599999997	22.1925315923305	156.54831304686164	1529.9894164466887	
23268.832	0.024000000001251465	Ripples	0.024000000001251465	23268.845599999997	8.461764250555099	155.48071875854666	810.5421245378338	
23274.5536	0.02239999999801512	Ripples	0.02239999999801512	23274.568799999997	6.160027941612327	150.64240276779904	639.8157939061114	
23279.347999999998	0.040000000000873115	Ripples	0.040000000000873115	23279.365599999997	6.9372272819536605	150.94011186972406	588.0471024846995	
23280.048799999997	0.028800000000046566	Ripples	0.028800000000046566	23280.063199999997	12.130041719106737	158.08715444108864	986.2438027700124	
23280.2608	0.023199999999633292	Ripples	0.023199999999633292	23280.2736	6.410621894008142	147.50443630845407	611.3023694612784	
23283.0288	0.05279999999766005	Ripples	0.05279999999766005	23283.0432	8.168154758761975	156.3245583968693	1004.5524065228188	
23285.146399999998	0.04080000000249129	Ripples	0.04080000000249129	23285.1616	15.342422243361945	149.9399023287077	1051.7253170450433	
23285.248799999998	0.035200000002078013	Ripples	0.035200000002078013	23285.2664	24.489847723689486	156.61067188017168	1637.8769769945802	
23286.2336	0.04320000000006985	Ripples	0.04320000000006985	23286.248799999998	13.576833802353065	153.5415849927251	1222.378804712494	
23287.4208	0.028800000000046566	Ripples	0.028800000000046566	23287.44	8.227694462817782	153.5386816436456	808.3002703481422	
23299.7672	0.07600000000093132	Ripples	0.07600000000093132	23299.791999999998	9.738028014377898	152.66852806591427	1043.4432766963303	
23304.0536	0.04079999999885331	Ripples	0.04079999999885331	23304.0768	9.2872180124053	144.31825495365496	643.6390004593591	
23306.473599999998	0.053599999999278225	Ripples	0.053599999999278225	23306.5	10.135770693859085	149.82415152930926	735.2221236511583	
23306.7048	0.056000000000494765	Ripples	0.056000000000494765	23306.739999999998	24.18201045677299	153.23702570363093	1596.208804176119	
23309.5104	0.030399999999644933	Ripples	0.030399999999644933	23309.532799999997	12.525103369783873	165.9786216858375	894.8772441731999	
23316.1472	0.07119999999849824	Ripples	0.07119999999849824	23316.1808	28.82207250054754	147.5222210212152	1267.5717965370052	
23320.440799999997	0.021600000000034925	Ripples	0.021600000000034925	23320.4544	12.109489344979053	160.0661869381247	1060.6481393154684	
23320.9728	0.053599999999278225	Ripples	0.053599999999278225	23320.983999999997	5.316015878344513	148.57344872787385	626.054487486782	
23323.329599999997	0.033600000002479646	Ripples	0.033600000002479646	23323.349599999998	7.48981025332647	147.67144093717715	596.4444089775992	
23326.9024	0.0544000000008964	Ripples	0.0544000000008964	23326.928	24.923694959986346	155.88408715820844	1290.2552509587024	
23328.3144	0.03359999999884167	Ripples	0.03359999999884167	23328.3232	8.808920839279796	159.7636375771175	1023.289478304472	
23331.034399999997	0.047200000000884756	Ripples	0.047200000000884756	23331.054399999997	21.55428298784911	160.94326333993806	1515.1061295013153	
23332.937599999997	0.035200000002078013	Ripples	0.035200000002078013	23332.962399999997	5.664428499892122	157.82383493063506	901.0323346391622	
23333.2584	0.023199999999633292	Ripples	0.023199999999633292	23333.270399999998	5.3814316597756395	148.4807976087257	643.9309004123573	
23349.7968	0.05199999999967986	Ripples	0.05199999999967986	23349.811999999998	8.99376793568289	161.73433130595419	910.5051650803556	
23352.388	0.035199999998440035	Ripples	0.035199999998440035	23352.401599999997	14.856136963633016	156.143272303234	1182.038286181834	
23352.5144	0.05519999999887659	Ripples	0.05519999999887659	23352.5592	8.697338960418827	155.06076291769307	945.6357491601864	
23355.492	0.042399999998451676	Ripples	0.042399999998451676	23355.516799999998	32.88553683898325	155.6758808864092	2059.591062506284	
23355.6344	0.06720000000132131	Ripples	0.06720000000132131	23355.6904	21.65093226152751	151.30219044898163	1309.073945533437	
23355.894399999997	0.02960000000166474	Ripples	0.02960000000166474	23355.9056	5.361605054508797	151.65186636773836	661.5101836205172	
23357.0768	0.04160000000047148	Ripples	0.04160000000047148	23357.1072	19.04149912144608	157.1982615892935	1106.2081594585068	
23360.4416	0.03440000000045984	Ripples	0.03440000000045984	23360.464799999998	20.970632481617947	152.8023752408271	1247.4129882433253	
23362.3576	0.021600000000034925	Ripples	0.021600000000034925	23362.3648	5.661567497314148	154.34107434961658	633.4942694554684	
23362.433599999997	0.044800000003306195	Ripples	0.044800000003306195	23362.455199999997	27.876559033428585	159.2920532457629	1514.369845496727	
23363.061599999997	0.037599999999656575	Ripples	0.037599999999656575	23363.072799999998	6.736733716759343	153.60062877360838	716.7780205537321	
23363.126399999997	0.03440000000045984	Ripples	0.03440000000045984	23363.1376	5.597970560896934	157.1193023316672	466.69853323516173	
23371.475199999997	0.03600000000005821	Ripples	0.03600000000005821	23371.500799999998	11.904920377360057	151.88315043338287	1076.7415781514956	
23371.6976	0.059999999997671694	Ripples	0.059999999997671694	23371.7336	30.485904564667617	153.46042239287138	2082.880812034753	
23372.007999999998	0.05280000000129803	Ripples	0.05280000000129803	23372.0424	18.161068621447182	144.7537262416985	1055.1633840894149	
23386.7584	0.040000000000873115	Ripples	0.040000000000873115	23386.7768	18.299430037557514	151.13167214017284	1260.834219890892	
23387.5304	0.051199999998061685	Ripples	0.051199999998061685	23387.559999999998	14.435670711443485	154.34163871387082	945.7617428705953	
23393.099199999997	0.04800000000250293	Ripples	0.04800000000250293	23393.124799999998	7.437202366125156	157.38507717501267	684.1801038193081	
23393.2176	0.05519999999887659	Ripples	0.05519999999887659	23393.2464	23.26738081438016	158.94038077432404	1347.978045407131	
23398.424799999997	0.0496000000021013	Ripples	0.0496000000021013	23398.464	12.0892801589295	159.01023828657304	1026.492287371501	
23407.064	0.07679999999891152	Ripples	0.07679999999891152	23407.12	19.27145432873527	146.58236890897206	1508.023585528351	
23407.68	0.06639999999970314	Ripples	0.06639999999970314	23407.7336	17.57729636616424	153.89926093862996	1064.7058885024567	
23418.1864	0.03840000000127475	Ripples	0.03840000000127475	23418.2008	26.513559586414193	151.61141402402978	1575.2837063914428	
23418.4224	0.06719999999768334	Ripples	0.06719999999768334	23418.4568	22.9970334064785	149.00256076769926	1362.005000369554	
23423.104	0.031199999997625127	Ripples	0.031199999997625127	23423.1184	8.583499707723838	152.03993685372205	901.178575294405	
23432.647999999997	0.03440000000045984	Ripples	0.03440000000045984	23432.6728	6.405245678851749	170.34423610348716	723.7711963468266	
23437.041599999997	0.021600000000034925	Ripples	0.021600000000034925	23437.055999999997	8.508425092378198	158.33032615433544	915.7839447078467	
23444.813599999998	0.024000000001251465	Ripples	0.024000000001251465	23444.829599999997	5.37759763422419	152.04106223616793	608.6326051105257	
23448.156	0.03280000000086147	Ripples	0.03280000000086147	23448.178399999997	12.689254409625654	153.06381747849375	1047.8787487808788	
23448.511199999997	0.03440000000045984	Ripples	0.03440000000045984	23448.5192	5.434802933278591	154.6202023714027	798.4513761118867	
23449.12	0.05760000000009313	Ripples	0.05760000000009313	23449.146399999998	11.696430679253782	156.0392052983333	975.7461888246764	
23451.7888	0.042400000002089655	Ripples	0.042400000002089655	23451.797599999998	6.489497028913342	160.20955087471708	515.0898088493033	
23456.2536	0.046399999999266583	Ripples	0.046399999999266583	23456.277599999998	6.418186615522226	160.61383826203374	448.9168863824394	
23456.3752	0.026399999998830026	Ripples	0.026399999998830026	23456.394399999997	5.011839922470397	148.96598078759388	607.9615213026871	
23477.354399999997	0.03440000000045984	Ripples	0.03440000000045984	23477.374399999997	22.65343836722935	155.4618053001581	1538.5323345908603	
23479.986399999998	0.026399999998830026	Ripples	0.026399999998830026	23480.0016	8.77642874927411	151.55957615517354	926.0471503422071	
23483.4008	0.04799999999886495	Ripples	0.04799999999886495	23483.4384	9.991664721258186	148.13456942636103	653.0625815116235	
23487.8648	0.12159999999857973	Ripples	0.12159999999857973	23487.8792	10.324716399026393	157.92264219541318	947.6020941793223	
23488.414399999998	0.040000000000873115	Ripples	0.040000000000873115	23488.444	12.85671863236594	154.3114353619263	904.1297621759772	
23493.7968	0.06559999999808497	Ripples	0.06559999999808497	23493.836	11.400233518807182	153.97153302164995	738.3546540358905	
23494.696799999998	0.03600000000005821	Ripples	0.03600000000005821	23494.714399999997	19.081753123003285	153.58126360559388	1326.9597368511334	
23495.0352	0.026399999998830026	Ripples	0.026399999998830026	23495.054399999997	7.663128752848664	154.68260307492287	809.5279934241697	
23495.3032	0.05199999999967986	Ripples	0.05199999999967986	23495.333599999998	11.167503672824408	146.23879286629952	744.5890436636707	
23495.959199999998	0.031200000001263106	Ripples	0.031200000001263106	23495.973599999998	10.954400593835265	158.36578702938928	1243.2200087962015	
23501.2968	0.030399999999644933	Ripples	0.030399999999644933	23501.3144	22.195689953933602	158.02717388360165	1656.1878485566776	
23505.414399999998	0.022400000001653098	Ripples	0.022400000001653098	23505.426399999997	6.294422797902532	151.42824322550274	668.6617939241492	
23512.079999999998	0.031200000001263106	Ripples	0.031200000001263106	23512.088799999998	6.2949417744188985	166.83168755545032	644.3678851405397	
23512.748799999998	0.025600000000849832	Ripples	0.025600000000849832	23512.764	8.998203414306097	153.77069759775353	946.58003511199	
23536.804799999998	0.040000000000873115	Ripples	0.040000000000873115	23536.82	10.501692282489762	143.61674872514286	700.1909998941608	
23541.103199999998	0.04080000000249129	Ripples	0.04080000000249129	23541.1216	11.337597943551746	147.21260730758124	920.0084954850093	
23552.6544	0.05519999999887659	Ripples	0.05519999999887659	23552.6872	34.20756206997036	149.43750693464148	1697.666105611252	
23554.2728	0.021600000000034925	Ripples	0.021600000000034925	23554.284	5.026177980838562	155.2870288719395	730.6554193103635	
23555.1656	0.07279999999809661	Ripples	0.07279999999809661	23555.2304	5.718345086084437	143.80377444501298	536.2714507164231	
23558.840799999998	0.044799999999668216	Ripples	0.044799999999668216	23558.8752	8.83127499047168	148.75506646159909	760.7277077019011	
23562.2888	0.051199999998061685	Ripples	0.051199999998061685	23562.3032	21.867187395757178	152.85535182568276	1455.722271618045	
23562.4368	0.026399999998830026	Ripples	0.026399999998830026	23562.459199999998	5.612240070350303	151.16556295129155	637.2022813531268	
23564.0408	0.04560000000128639	Ripples	0.04560000000128639	23564.0768	13.351483621527708	158.8290641051082	1084.0609570750496	
23565.4416	0.06880000000091968	Ripples	0.06880000000091968	23565.4976	5.7032639413896575	153.54463286486853	788.037000856145	
23570.42	0.024000000001251465	Ripples	0.024000000001251465	23570.431999999997	7.623017448157104	153.7447846006513	749.7336265854179	
23570.5144	0.05199999999967986	Ripples	0.05199999999967986	23570.529599999998	8.182741066258805	142.7558551038377	611.0069642177103	
23577.176799999997	0.04080000000249129	Ripples	0.04080000000249129	23577.196	11.261893366545497	151.663204411797	787.5340391774837	
23577.9352	0.05679999999847496	Ripples	0.05679999999847496	23577.980799999998	14.531314773154142	151.30452794817492	967.5298949085984	
23578.108	0.023999999997613486	Ripples	0.023999999997613486	23578.1216	11.087602526749828	162.34332279640125	1163.5705652016957	
23588.410399999997	0.03200000000288128	Ripples	0.03200000000288128	23588.4328	13.131831799912522	157.9505829017347	1154.013703358726	
23594.964	0.04719999999724678	Ripples	0.04719999999724678	23595.0064	5.648190252118666	166.0951632645144	649.0761687099539	
23595.1216	0.028800000000046566	Ripples	0.028800000000046566	23595.14	8.471254981351585	156.393125984439	863.3071570772461	
23595.2096	0.0272000000004482	Ripples	0.0272000000004482	23595.2264	5.30891593048376	147.3379048591954	609.1629693500147	
23595.3448	0.026399999998830026	Ripples	0.026399999998830026	23595.356799999998	12.055940544081817	154.74798901449847	943.0455386444919	
23619.0	12.0	SleepStates						Awake
23632.0	320.0	SleepStates						Non-REM
23635.244	0.03680000000167638	Ripples	0.03680000000167638	23635.2552	6.5891320674983405	158.78610713851324	778.7092677268924	
23637.205599999998	0.040000000000873115	Ripples	0.040000000000873115	23637.219999999998	27.43366168964883	157.13653863206758	1720.3358220024334	
23639.9112	0.051199999998061685	Ripples	0.051199999998061685	23639.94	18.099330430614675	151.5059851822373	1150.5319457800485	
23649.4656	0.02959999999802676	Ripples	0.02959999999802676	23649.48	7.465146479116602	149.5792133508541	701.2111488415765	
23657.038399999998	0.026400000002468005	Ripples	0.026400000002468005	23657.0496	10.606789739883553	160.0315553782718	1105.1947139636313	
23657.6112	0.04079999999885331	Ripples	0.04079999999885331	23657.6288	26.911256790197484	154.9742264538071	1801.6508617138784	
23659.383199999997	0.031200000001263106	Ripples	0.031200000001263106	23659.399999999998	14.589631092193821	156.95845197188035	1280.4678955596385	
23659.591999999997	0.03600000000005821	Ripples	0.03600000000005821	23659.6168	9.029484517277247	154.42691232244678	1049.8385347681863	
23662.369599999998	0.040000000000873115	Ripples	0.040000000000873115	23662.3992	16.900601940257975	150.54455824072687	1162.8033886189003	
23663.8576	0.027999999998428393	Ripples	0.027999999998428393	23663.872	26.478229845417097	160.84135597165044	1825.00311829555	
23665.9944	0.04160000000047148	Ripples	0.04160000000047148	23666.012799999997	11.534988418402987	146.41570369283562	873.9558231271474	
23666.354399999997	0.0544000000008964	Ripples	0.0544000000008964	23666.3632	5.6039836927995195	147.42115630171907	582.3425757178602	
23666.8648	0.037599999999656575	Ripples	0.037599999999656575	23666.892799999998	9.534180284356006	163.46977298949747	853.378658331266	
23680.431999999997	0.03840000000127475	Ripples	0.03840000000127475	23680.443199999998	9.756797324010591	167.1345511590334	872.936262220263	
23685.264	0.04160000000047148	Ripples	0.04160000000047148	23685.2872	5.477315799104933	141.20225577578472	445.3916119519088	
23689.415999999997	0.03680000000167638	Ripples	0.03680000000167638	23689.426399999997	12.05362666634702	157.9892584045836	947.7335013599467	
23694.3792	0.046399999999266583	Ripples	0.046399999999266583	23694.4056	14.931539794965222	161.1353583391783	957.8852840460094	
23701.827999999998	0.02960000000166474	Ripples	0.02960000000166474	23701.849599999998	8.055773755772602	149.86984582269926	717.6392116750944	
23703.1648	0.06720000000132131	Ripples	0.06720000000132131	23703.2224	7.104400897700087	165.54373147073412	966.9477378798041	
23703.296	0.03840000000127475	Ripples	0.03840000000127475	23703.311999999998	16.65910742547964	152.5720268146398	1222.2461070485253	
23713.486399999998	0.04079999999885331	Ripples	0.04079999999885331	23713.498399999997	21.64527853618464	153.71710995729458	1272.2462718779166	
23719.1312	0.021600000000034925	Ripples	0.021600000000034925	23719.1456	11.294091213768317	159.18552757334862	938.5423398224867	
23719.304799999998	0.020000000000436557	Ripples	0.020000000000436557	23719.3168	6.826157287936588	154.72255739183174	758.4066016349383	
23719.7696	0.023199999999633292	Ripples	0.023199999999633292	23719.7816	6.265704879469896	150.21546110393987	635.1968815934024	
23719.868	0.021600000000034925	Ripples	0.021600000000034925	23719.881599999997	7.284708371848739	158.6953988743114	857.0701174568645	
23724.347999999998	0.04560000000128639	Ripples	0.04560000000128639	23724.383199999997	8.43880046519045	155.42292413189688	663.3822441716374	
23725.3416	0.03439999999682186	Ripples	0.03439999999682186	23725.3648	12.942750437309751	153.06699690397102	1054.3792216903564	
23725.4704	0.051200000001699664	Ripples	0.051200000001699664	23725.489599999997	28.52412439795618	153.7056577563974	1699.198517966297	
23726.3464	0.035199999998440035	Ripples	0.035199999998440035	23726.358399999997	21.97583005101498	154.93156220412425	1497.1574531910967	
23727.635199999997	0.03200000000288128	Ripples	0.03200000000288128	23727.649599999997	8.85800001084029	153.25782567907865	986.223287068588	
23735.998399999997	0.051200000001699664	Ripples	0.051200000001699664	23736.016799999998	6.5067990128357955	155.1904983402817	683.8614925896762	
23748.8128	0.06559999999808497	Ripples	0.06559999999808497	23748.839999999997	20.979079470889733	155.6692296729301	1078.295487136628	
23748.966399999998	0.04080000000249129	Ripples	0.04080000000249129	23748.983999999997	20.4961138454756	170.12328400763937	1323.9244634470376	
23750.538399999998	0.046399999999266583	Ripples	0.046399999999266583	23750.572	8.19825528453933	156.92705504467025	967.7784478217658	
23760.5912	0.05040000000008149	Ripples	0.05040000000008149	23760.6288	26.37913005523693	150.43256643491387	1527.2475464707163	
23760.7664	0.037599999999656575	Ripples	0.037599999999656575	23760.7784	14.094930363008732	149.09754123200193	1057.7271091491066	
23762.840799999998	0.04160000000047148	Ripples	0.04160000000047148	23762.872	7.665748263717923	154.3916582145911	631.5142910048862	
23765.029599999998	0.04320000000006985	Ripples	0.04320000000006985	23765.0408	5.830943189406889	152.24295377743306	628.1397187473464	
23765.2424	0.042399999998451676	Ripples	0.042399999998451676	23765.2752	16.07319800449364	155.9919546398112	1285.8904052155885	
23775.156799999997	0.05280000000129803	Ripples	0.05280000000129803	23775.178399999997	35.50908766699642	158.01992495657672	2170.2576474964226	
23776.836799999997	0.0496000000021013	Ripples	0.0496000000021013	23776.8664	17.41353982173144	153.59715253888766	1460.5433582086482	
23778.156799999997	0.04800000000250293	Ripples	0.04800000000250293	23778.1792	38.49515610025352	155.36973227733392	1975.116872078086	
23778.4712	0.030399999999644933	Ripples	0.030399999999644933	23778.4904	6.560308427842606	150.1712568279838	678.8873897499914	
23787.176799999997	0.0496000000021013	Ripples	0.0496000000021013	23787.196	10.250099091213484	150.7914978101307	733.5475763832325	
23790.7664	0.03839999999763677	Ripples	0.03839999999763677	23790.7816	7.139514605984867	161.04694718217908	516.506967880946	
23793.847199999997	0.05200000000331784	Ripples	0.05200000000331784	23793.874399999997	11.711891002413969	160.45538654361877	791.9585486630039	
23807.371199999998	0.051200000001699664	Ripples	0.051200000001699664	23807.3984	33.66419367240026	152.2724271462988	1920.789336188021	
23810.8288	0.04559999999764841	Ripples	0.04559999999764841	23810.859999999997	22.565666481197933	146.93851554442116	1311.7259836480803	
23811.3464	0.037599999999656575	Ripples	0.037599999999656575	23811.3704	15.406893876671495	158.30322625513236	1007.3274391340352	
23811.459199999998	0.024000000001251465	Ripples	0.024000000001251465	23811.4712	6.272008126262625	152.34292793971002	656.4142057206475	
23813.987999999998	0.0496000000021013	Ripples	0.0496000000021013	23814.0072	14.95978571321727	154.86628744018046	1032.8036043361383	
23815.335199999998	0.022400000001653098	Ripples	0.022400000001653098	23815.3504	7.591142161986372	157.90050337239663	828.8281915298719	
23819.4472	0.04959999999846332	Ripples	0.04959999999846332	23819.4688	19.522087500692244	149.26919086734122	1319.8590993496575	
23832.0568	0.02479999999923166	Ripples	0.02479999999923166	23832.0736	5.887905470220865	169.91130580210162	611.6821972473773	
23832.172	0.04160000000047148	Ripples	0.04160000000047148	23832.1864	6.545662858774335	163.1151115668014	722.7046784442393	
23858.3056	0.037599999999656575	Ripples	0.037599999999656575	23858.335199999998	9.51396557197717	160.9977477358556	793.7598832786338	
23866.0424	0.051200000001699664	Ripples	0.051200000001699664	23866.0608	20.764461495556645	148.42148738910885	1302.9622709849168	
23866.2168	0.048800000000483124	Ripples	0.048800000000483124	23866.2312	30.457825722833896	161.50426747891825	2028.130403263404	
23875.16	0.06719999999768334	Ripples	0.06719999999768334	23875.196	13.049272566652778	152.38190877073936	1259.1005099678234	
23876.806399999998	0.03200000000288128	Ripples	0.03200000000288128	23876.8176	6.575106249640908	160.9293391167885	626.0386914248738	
23876.9992	0.028800000000046566	Ripples	0.028800000000046566	23877.0144	12.289192065432578	156.39515073002627	974.3392553181762	
23879.575999999997	0.02080000000205473	Ripples	0.02080000000205473	23879.5864	9.671603091733084	160.86562404621762	1033.1394474923084	
23879.6512	0.025599999997211853	Ripples	0.025599999997211853	23879.6688	8.704191251000035	153.9929759353596	814.3538909662602	
23881.640799999997	0.024800000002869638	Ripples	0.024800000002869638	23881.655199999997	11.419274294503335	160.20636848675215	1060.7328831622574	
23881.863999999998	0.020000000000436557	Ripples	0.020000000000436557	23881.875999999997	5.332066789348501	154.2864917548211	639.4046283344127	
23884.4856	0.03359999999884167	Ripples	0.03359999999884167	23884.4976	8.840643453778204	152.5675000382678	774.608186842301	
23886.672	0.037599999999656575	Ripples	0.037599999999656575	23886.6864	8.25268387041362	162.50930284066655	782.5656358934298	
23887.887199999997	0.04400000000168802	Ripples	0.04400000000168802	23887.923199999997	5.413562423577521	157.12997561804136	544.1265549485353	
23891.4416	0.022400000001653098	Ripples	0.022400000001653098	23891.4568	5.133759494534535	154.2237227228469	695.9060668946615	
23898.8704	0.04320000000006985	Ripples	0.04320000000006985	23898.8848	15.8147585960019	148.06114525064768	1146.9966027239634	
23906.0216	0.03439999999682186	Ripples	0.03439999999682186	23906.0448	15.846699554122758	154.86459063584377	1204.750330400724	
23909.408799999997	0.03840000000127475	Ripples	0.03840000000127475	23909.426399999997	15.440236172206122	155.5237616963898	1415.377581651518	
23911.551199999998	0.020000000000436557	Ripples	0.020000000000436557	23911.5664	7.750095449932053	155.40837663674216	706.0561637226681	
23912.431999999997	0.05520000000251457	Ripples	0.05520000000251457	23912.4616	8.095512511532476	147.04071714217673	630.9779638396382	
23946.4616	0.0272000000004482	Ripples	0.0272000000004482	23946.479199999998	10.313811919357752	155.1072402200366	950.9505416687188	
23953.0	62.0	SleepStates						REM
24016.0	17.0	SleepStates						Awake
24034.0	252.0	SleepStates						Non-REM
24037.8128	0.06639999999970314	Ripples	0.06639999999970314	24037.8304	17.83271561146659	151.51283874198904	1188.0514365089673	
24039.279199999997	0.06880000000091968	Ripples	0.06880000000091968	24039.3216	24.755681737232614	148.3172947651823	1367.165009447749	
24047.869599999998	0.040000000000873115	Ripples	0.040000000000873115	24047.8808	15.583782825364315	156.4945582887333	1262.883122272106	
24048.3952	0.04399999999805004	Ripples	0.04399999999805004	24048.4096	18.646039197909122	153.4975159681304	1366.9362675082148	
24048.563199999997	0.030400000003282912	Ripples	0.030400000003282912	24048.583199999997	25.735226630005926	160.4068537366664	1652.7390172605726	
24049.7944	0.03919999999925494	Ripples	0.03919999999925494	24049.8088	26.26588206909134	154.75729420636375	1672.71368091951	
24050.1376	0.03680000000167638	Ripples	0.03680000000167638	24050.16	12.988650566702779	148.3003801162926	949.4820774220514	
24050.813599999998	0.037599999999656575	Ripples	0.037599999999656575	24050.842399999998	12.327592926878262	154.2724233812801	1026.0557168944647	
24050.973599999998	0.05040000000008149	Ripples	0.05040000000008149	24050.9992	22.22967871384372	150.20276273454408	1428.7107049891442	
24065.498399999997	0.03200000000288128	Ripples	0.03200000000288128	24065.512799999997	17.722317094166566	159.303487293298	1502.452209431935	
24065.671199999997	0.051200000001699664	Ripples	0.051200000001699664	24065.7048	31.741431649051194	150.9827842425485	1809.984705604915	
24066.9992	0.037599999999656575	Ripples	0.037599999999656575	24067.029599999998	6.290109247226758	148.05055794083722	607.7132261250097	
24074.492	0.03919999999925494	Ripples	0.03919999999925494	24074.5064	25.594723008878198	153.61761607712074	1665.8607612629837	
24076.851199999997	0.05520000000251457	Ripples	0.05520000000251457	24076.899999999998	6.072988285529426	157.3552810718886	692.7078542090798	
24077.439199999997	0.04320000000006985	Ripples	0.04320000000006985	24077.4728	8.14782280598435	156.5497460109668	792.0654507510081	
24082.3016	0.03680000000167638	Ripples	0.03680000000167638	24082.320799999998	8.340432671000942	143.40190124944277	642.8156261865344	
24082.476799999997	0.03200000000288128	Ripples	0.03200000000288128	24082.483999999997	8.546879958769056	156.84776970777233	870.2551663010715	
24083.950399999998	0.026399999998830026	Ripples	0.026399999998830026	24083.966399999998	8.852120413543902	157.19955631379756	841.2010312136002	
24087.953599999997	0.026400000002468005	Ripples	0.026400000002468005	24087.967999999997	6.569199318458097	148.53580968321515	621.5922114739188	
24090.2888	0.022400000001653098	Ripples	0.022400000001653098	24090.2968	8.250723274353946	156.23176387062446	889.6746103462694	
24110.244	0.03440000000045984	Ripples	0.03440000000045984	24110.261599999998	34.03115525040783	161.36849523776982	2089.717686192863	
24110.642399999997	0.05520000000251457	Ripples	0.05520000000251457	24110.6904	6.221059857880549	149.86378751683267	563.8652544749683	
24110.842399999998	0.03440000000045984	Ripples	0.03440000000045984	24110.8592	29.131517984386896	156.35495964156604	1817.692425383585	
24125.175199999998	0.04160000000047148	Ripples	0.04160000000047148	24125.203999999998	23.5943505660139	157.2352854827074	1431.1456746887463	
24130.088	0.06559999999808497	Ripples	0.06559999999808497	24130.1152	29.681423490320928	160.53326153659273	1465.7290605891721	
24147.077599999997	0.03920000000289292	Ripples	0.03920000000289292	24147.095999999998	33.61208230248281	153.88504693956432	1875.1598875173688	
24150.964799999998	0.0319999999992433	Ripples	0.0319999999992433	24150.9888	8.194662253574624	154.73480518124094	684.5921491222381	
24156.4128	0.031200000001263106	Ripples	0.031200000001263106	24156.421599999998	6.27598013911591	168.79458172393456	658.8495305447809	
24161.9168	0.020000000000436557	Ripples	0.020000000000436557	24161.931999999997	5.561406193975216	152.6024354634974	698.8020592384016	
24165.7752	0.030399999999644933	Ripples	0.030399999999644933	24165.784	10.811861676806348	158.89604531706647	841.0980878128607	
24165.8488	0.08079999999972642	Ripples	0.08079999999972642	24165.921599999998	7.027890209164191	154.63146855656126	682.1474149542499	
24166.987999999998	0.028800000000046566	Ripples	0.028800000000046566	24167.005599999997	5.4192622298624125	150.69548347612366	697.7184491539508	
24201.5192	0.062399999998888234	Ripples	0.062399999998888234	24201.5448	15.805668105405077	146.99050309735077	998.7746272390343	
24209.6864	0.027999999998428393	Ripples	0.027999999998428393	24209.7096	6.30094638544833	152.19187965340683	517.965847865236	
24211.28	0.042399999998451676	Ripples	0.042399999998451676	24211.311999999998	21.21680303041536	154.98246994275442	1509.294656054206	
24213.0808	0.026399999998830026	Ripples	0.026399999998830026	24213.0928	9.712695279739505	153.8255692493989	875.2033393063654	
24214.7376	0.07200000000011642	Ripples	0.07200000000011642	24214.784	15.400646962456838	157.6750252346888	817.685978786217	
24215.025599999997	0.020000000000436557	Ripples	0.020000000000436557	24215.0392	9.673619739685291	157.3894557412301	859.1691347928019	
24216.424	0.05679999999847496	Ripples	0.05679999999847496	24216.459199999998	28.093485967925076	149.44019831944848	1582.493701613759	
24216.933599999997	0.08720000000175787	Ripples	0.08720000000175787	24216.951999999997	10.001147275847103	157.2967227163735	896.2972986411469	
24217.3016	0.03440000000045984	Ripples	0.03440000000045984	24217.3176	7.328823611915251	150.15824270594666	595.8997081883401	
24219.7512	0.0639999999984866	Ripples	0.0639999999984866	24219.7768	10.180725282077917	154.39833686149737	736.9353063371774	
24220.8016	0.03280000000086147	Ripples	0.03280000000086147	24220.8272	5.344959427821625	154.37480026232444	668.6588263187354	
24227.1416	0.05760000000009313	Ripples	0.05760000000009313	24227.192	5.822800303459676	152.90574262858192	723.5353466707887	
24230.642399999997	0.02320000000327127	Ripples	0.02320000000327127	24230.653599999998	5.530934449594876	156.51282882644492	641.9937239518684	
24241.9368	0.037599999999656575	Ripples	0.037599999999656575	24241.9528	6.071262977910999	147.22394497080327	581.5227869074672	
24242.707199999997	0.04320000000006985	Ripples	0.04320000000006985	24242.7192	21.041674482839948	151.4998979684145	1354.932775665227	
24257.6936	0.020000000000436557	Ripples	0.020000000000436557	24257.705599999998	11.853032844687851	159.44906014781594	1048.7378323595947	
24282.930399999997	0.0544000000008964	Ripples	0.0544000000008964	24282.9704	8.023377667772063	152.96017109132012	577.5664308704037	
24287.0	125.0	SleepStates						REM
24413.0	36.0	SleepStates						Awake
24440.734399999998	0.0591999999996915	Ripples	0.0591999999996915	24440.768799999998	5.9082233372216	156.69392814444456	635.4646773451514	
24442.6008	0.0415999999968335	Ripples	0.0415999999968335	24442.611999999997	6.732281801518294	150.6785640151931	630.2500744518593	
24450.0	275.0	SleepStates						Non-REM
24451.2104	0.09920000000056461	Ripples	0.09920000000056461	24451.268799999998	9.54224393858809	153.89546639077633	619.0794946952096	
24452.489599999997	0.037599999999656575	Ripples	0.037599999999656575	24452.505599999997	10.486472565154443	149.68342152854893	802.9624285247941	
24460.554399999997	0.042400000002089655	Ripples	0.042400000002089655	24460.574399999998	51.01968931444631	160.95568455771274	2583.553081038753	
24466.878399999998	0.04320000000006985	Ripples	0.04320000000006985	24466.9008	14.864378878796265	149.8538750007088	1052.257516230868	
24477.8528	0.023199999995995313	Ripples	0.023199999995995313	24477.869599999998	7.716305873099732	157.66252138938506	893.8702480687663	
24480.3416	0.037599999999656575	Ripples	0.037599999999656575	24480.3672	9.470910408786828	152.49998633578176	990.8927737275075	
24489.8792	0.02479999999923166	Ripples	0.02479999999923166	24489.894399999997	19.855177672753214	160.37805703385436	1260.809220023716	
24490.854399999997	0.047200000000884756	Ripples	0.047200000000884756	24490.8736	23.858097243090327	154.00178123718533	1404.144584854811	
24499.0968	0.0367999999980384	Ripples	0.0367999999980384	24499.1184	15.545553455497018	149.91842681480296	1221.8503280759721	
24499.7248	0.05519999999887659	Ripples	0.05519999999887659	24499.7584	22.549469864483264	154.75968284564874	1328.2921009459162	
24501.171199999997	0.0544000000008964	Ripples	0.0544000000008964	24501.1976	18.872297308723173	148.69235745919877	1070.1931238441066	
24501.516799999998	0.06000000000130967	Ripples	0.06000000000130967	24501.532	10.99204854374732	154.06732390591367	1012.2340279745622	
24502.4632	0.044799999999668216	Ripples	0.044799999999668216	24502.486399999998	27.690114821729267	153.07238634811216	1440.4159541367171	
24502.923199999997	0.09679999999934807	Ripples	0.09679999999934807	24502.9496	14.951065250922843	148.96825678678616	988.2333178794779	
24512.6848	0.056000000000494765	Ripples	0.056000000000494765	24512.7104	16.05870266342658	143.21353225415373	890.9860295756635	
24519.768	0.032799999997223495	Ripples	0.032799999997223495	24519.786399999997	14.912182781631236	155.5481394521077	1161.4552269512221	
24520.239999999998	0.046399999999266583	Ripples	0.046399999999266583	24520.2496	7.753626029708073	160.14668437483488	807.2948026317991	
24522.133599999997	0.04080000000249129	Ripples	0.04080000000249129	24522.16	21.866307259210362	150.22115960404852	1343.8822480712931	
24528.6528	0.039999999997235136	Ripples	0.039999999997235136	24528.671199999997	16.532896941244978	155.22452736938803	1258.542179578953	
24535.379999999997	0.09760000000096625	Ripples	0.09760000000096625	24535.444799999997	14.02384909525911	147.28084468629058	1022.702130926787	
24536.4928	0.04719999999724678	Ripples	0.04719999999724678	24536.511199999997	28.49818642963908	155.5362874160458	1623.6621661444276	
24549.509599999998	0.05520000000251457	Ripples	0.05520000000251457	24549.539999999997	38.07100386708088	149.36289586061136	2001.3766038147328	
24553.1112	0.04959999999846332	Ripples	0.04959999999846332	24553.1384	8.860900347108364	156.75267585306335	661.0190755881127	
24554.3072	0.0319999999992433	Ripples	0.0319999999992433	24554.3288	25.523815898006525	155.39450133231864	1542.5401227477598	
24557.254399999998	0.03840000000127475	Ripples	0.03840000000127475	24557.2664	11.71914705841706	151.68177140057372	873.3431948748268	
24568.570399999997	0.04320000000006985	Ripples	0.04320000000006985	24568.588	25.674286633238328	154.0686360657999	1570.6228041386703	
24571.0304	0.06959999999889988	Ripples	0.06959999999889988	24571.0576	20.147363966326424	149.52926091665466	1183.2765876645285	
24571.268799999998	0.04800000000250293	Ripples	0.04800000000250293	24571.2872	24.101781076907244	151.62264018399546	1445.0215520615895	
24581.819199999998	0.03680000000167638	Ripples	0.03680000000167638	24581.851199999997	6.376161482420199	149.82119406882578	767.5941876319633	
24582.851199999997	0.033600000002479646	Ripples	0.033600000002479646	24582.8744	17.973302960040453	156.1440082442283	1256.4516773162125	
24593.1688	0.03280000000086147	Ripples	0.03280000000086147	24593.1832	13.541944341131842	155.16835248217285	1217.6950897506533	
24595.7888	0.048800000000483124	Ripples	0.048800000000483124	24595.815199999997	11.669702591245727	160.43011350672953	845.4788218853258	
24596.0432	0.042399999998451676	Ripples	0.042399999998451676	24596.077599999997	7.52696323589734	160.36325680760618	540.8577747790526	
24601.9528	0.04160000000047148	Ripples	0.04160000000047148	24601.9672	11.496776829504723	169.29700085539844	885.5812185474502	
24610.8968	0.02959999999802676	Ripples	0.02959999999802676	24610.9184	21.120696815912368	159.3304241537381	1372.089498611324	
24616.2592	0.046399999999266583	Ripples	0.046399999999266583	24616.2808	16.37506861002999	149.55628634542637	1119.5067651804845	
24616.327999999998	0.026399999998830026	Ripples	0.026399999998830026	24616.3432	5.587829733038173	146.01580671901206	590.4228444077905	
24631.804	0.048800000000483124	Ripples	0.048800000000483124	24631.824	20.990674994518688	145.69890513820326	1104.6559587123015	
24632.178399999997	0.04080000000249129	Ripples	0.04080000000249129	24632.196799999998	20.097317914153557	150.4232119491358	1299.6965732286703	
24637.548799999997	0.03440000000045984	Ripples	0.03440000000045984	24637.5696	31.281518636923074	156.24433109171775	1723.4690824081104	
24638.3936	0.03359999999884167	Ripples	0.03359999999884167	24638.404799999997	6.625321069365117	150.1810103641367	606.8912048245861	
24638.615999999998	0.025600000000849832	Ripples	0.025600000000849832	24638.6312	7.664392120132235	151.8578225615301	674.816509622895	
24639.4344	0.04400000000168802	Ripples	0.04400000000168802	24639.467999999997	10.484359414508006	149.73272844452322	836.9557444148301	
24641.8176	0.0367999999980384	Ripples	0.0367999999980384	24641.8472	9.163491159063238	153.48672632963974	924.7056092379877	
24645.5928	0.026399999998830026	Ripples	0.026399999998830026	24645.604799999997	7.917989650554037	153.3857016380978	838.5601766381192	
24651.4208	0.04559999999764841	Ripples	0.04559999999764841	24651.4368	10.785729321631715	152.5870438234467	806.0029168835497	
24651.6224	0.0367999999980384	Ripples	0.0367999999980384	24651.636	10.888594256402929	161.59470264126873	900.5238185348754	
24652.732799999998	0.08320000000094296	Ripples	0.08320000000094296	24652.797599999998	19.14499818352134	147.86229455262216	1185.9009953807363	
24656.1776	0.04079999999885331	Ripples	0.04079999999885331	24656.208	11.874885196150922	157.78442425756737	971.0149915765843	
24656.2912	0.05679999999847496	Ripples	0.05679999999847496	24656.3344	10.401453503341495	153.7927352595546	886.4756947688616	
24656.435999999998	0.021600000000034925	Ripples	0.021600000000034925	24656.450399999998	5.831033255237505	151.417826754546	750.3790263727396	
24659.583199999997	0.05199999999967986	Ripples	0.05199999999967986	24659.594399999998	9.90931296658091	166.1713551570227	873.4888163850189	
24663.1072	0.06000000000130967	Ripples	0.06000000000130967	24663.1544	12.533093338852018	148.63999600853094	777.5359645212587	
24664.869599999998	0.044799999999668216	Ripples	0.044799999999668216	24664.9064	5.287170620371006	149.35665930535404	567.6748107839435	
24666.755999999998	0.025600000000849832	Ripples	0.025600000000849832	24666.7712	14.763565073219638	158.9633896777951	1240.657119652003	
24672.7368	0.046399999999266583	Ripples	0.046399999999266583	24672.761599999998	28.76358497987901	149.15777895992872	1522.6300772008672	
24682.1296	0.05679999999847496	Ripples	0.05679999999847496	24682.1504	20.3744536013976	154.3406215406716	1560.897623675232	
24683.4112	0.07119999999849824	Ripples	0.07119999999849824	24683.451999999997	13.947005123404132	146.76719904082546	817.3856990750484	
24685.063199999997	0.04160000000047148	Ripples	0.04160000000047148	24685.0896	22.107488236078357	149.178315855819	1332.967354698054	
24686.8744	0.02479999999923166	Ripples	0.02479999999923166	24686.8824	6.744739328289271	166.04255355379797	769.1532428697848	
24687.525599999997	0.0591999999996915	Ripples	0.0591999999996915	24687.552	27.25835570583424	147.3255721986151	1432.21499517656	
24697.343999999997	0.04320000000006985	Ripples	0.04320000000006985	24697.362399999998	14.259464439412392	143.87891915714053	991.2112306848859	
24699.4656	0.03440000000045984	Ripples	0.03440000000045984	24699.4832	17.781007875812627	153.59742230917135	1424.3079660788633	
24699.732799999998	0.020000000000436557	Ripples	0.020000000000436557	24699.7448	7.471046624530961	151.48771687267728	720.6095918611732	
24709.015199999998	0.03919999999925494	Ripples	0.03919999999925494	24709.0352	6.028425305809786	144.15697589088504	550.017079647297	
24722.464	0.053599999999278225	Ripples	0.053599999999278225	24722.4904	5.786735926394507	159.88397037653715	476.57945902489706	
24726.0	2584.0	SleepStates						Awake
25112.7968	0.023199999999633292	Ripples	0.023199999999633292	25112.806399999998	7.578250087391228	161.19134239147837	971.1384837600134	
25112.8648	0.0319999999992433	Ripples	0.0319999999992433	25112.8792	37.985176802131065	160.32693585598537	2121.910470447917	
25114.1008	0.05199999999967986	Ripples	0.05199999999967986	25114.124	14.057357569139363	144.03350550579916	821.3093743656345	
25123.989599999997	0.03440000000045984	Ripples	0.03440000000045984	25124.003999999997	40.12764275993481	160.4794359832877	2252.7038068414827	
25124.6224	0.044799999999668216	Ripples	0.044799999999668216	25124.656799999997	18.86984541442447	153.4203506173377	1285.8357783288259	
25125.228799999997	0.06000000000130967	Ripples	0.06000000000130967	25125.2408	12.47008628972548	151.25877472604094	995.026169003063	
25128.404	0.035199999998440035	Ripples	0.035199999998440035	25128.4152	7.07617583011863	176.65060476399918	867.2203426460514	
25139.0144	0.0319999999992433	Ripples	0.0319999999992433	25139.032	18.614992138382952	158.74468132728052	1528.9601923030064	
25146.3448	0.051200000001699664	Ripples	0.051200000001699664	25146.3592	9.367444919003047	150.81154299316827	813.6877183562813	
25146.4528	0.042399999998451676	Ripples	0.042399999998451676	25146.4704	23.49095115809889	153.97454941531515	1674.9488080822857	
25149.1328	0.044799999999668216	Ripples	0.044799999999668216	25149.1632	13.889494992482762	155.0187834889626	1339.888472646805	
25153.921599999998	0.040000000000873115	Ripples	0.040000000000873115	25153.935999999998	13.326422683464065	158.67563386442504	933.5415263903252	
25154.603199999998	0.09840000000258442	Ripples	0.09840000000258442	25154.617599999998	21.345610215489017	155.1398996550436	1531.4806625280266	
25167.0784	0.031200000001263106	Ripples	0.031200000001263106	25167.095999999998	10.238001844968805	160.10387562485354	1132.6861619198232	
25170.142399999997	0.08800000000337604	Ripples	0.08800000000337604	25170.172	19.429065591984568	146.48942693901293	1125.4777701378437	
25171.6472	0.03359999999884167	Ripples	0.03359999999884167	25171.669599999997	9.953239085460089	151.82780411324472	863.6358712457446	
25175.396	0.032799999997223495	Ripples	0.032799999997223495	25175.407199999998	6.299379142361426	145.12453521335087	689.8862097741649	
25175.475199999997	0.05760000000009313	Ripples	0.05760000000009313	25175.4928	41.79338064817472	154.37691875878508	1914.4069013189091	
25181.115999999998	0.028000000002066372	Ripples	0.028000000002066372	25181.1304	9.718738722604332	155.82418922640574	939.0618107849059	
25185.5768	0.02479999999923166	Ripples	0.02479999999923166	25185.588	14.239428038406986	167.54216953169293	1232.7077766831367	
25185.7512	0.062399999998888234	Ripples	0.062399999998888234	25185.771999999997	14.532156756752723	151.84502929407176	1173.0656635112825	
25186.599199999997	0.021600000000034925	Ripples	0.021600000000034925	25186.6072	8.15173067248848	162.33119654260636	962.0560801570836	
25187.257599999997	0.030400000003282912	Ripples	0.030400000003282912	25187.271999999997	11.019024398381317	158.27466522573602	1189.4672532047327	
25191.3432	0.032799999997223495	Ripples	0.032799999997223495	25191.3616	5.487994196711146	149.17866714974497	663.0974780442899	
25191.7088	0.023999999997613486	Ripples	0.023999999997613486	25191.721599999997	7.345268418923857	160.91507472215227	1065.8443508004107	
25193.2968	0.03839999999763677	Ripples	0.03839999999763677	25193.3248	12.378245678435514	153.06994360445844	1069.0886320371842	
25193.496799999997	0.024800000002869638	Ripples	0.024800000002869638	25193.511199999997	6.302855798986667	156.24884601015856	892.39837552081	
25194.119199999997	0.07440000000133296	Ripples	0.07440000000133296	25194.185599999997	9.947054130245224	154.61974361986879	883.7498675228235	
25194.3024	0.03919999999925494	Ripples	0.03919999999925494	25194.320799999998	21.021699209120953	150.66697247864823	1372.3750485519672	
25198.205599999998	0.023199999999633292	Ripples	0.023199999999633292	25198.214399999997	7.187440808342648	149.94050893426262	652.8210878707965	
25198.8232	0.04959999999846332	Ripples	0.04959999999846332	25198.835199999998	9.172881475537315	150.2281483888614	845.7464144044727	
25199.721599999997	0.026400000002468005	Ripples	0.026400000002468005	25199.739999999998	14.584115961175689	156.31016689380468	1062.4393615821007	
25203.8144	0.0367999999980384	Ripples	0.0367999999980384	25203.842399999998	12.642038618765893	150.47293426313664	987.4825212510393	
25217.6056	0.040000000000873115	Ripples	0.040000000000873115	25217.620799999997	6.329548529509736	146.21734769159406	642.1956047096428	
25221.149599999997	0.060800000002927845	Ripples	0.060800000002927845	25221.192799999997	12.714906409722868	155.94335216163114	1312.7210926825155	
25222.804	0.039999999997235136	Ripples	0.039999999997235136	25222.8176	10.98999570701421	154.32350269248457	887.1407493046095	
25224.421599999998	0.028000000002066372	Ripples	0.028000000002066372	25224.4384	6.354389147610166	160.31039806845956	1017.3428971655946	
25228.718399999998	0.08239999999932479	Ripples	0.08239999999932479	25228.7608	23.667226310966065	143.41366287310998	1077.3714152865537	
25229.371199999998	0.03919999999925494	Ripples	0.03919999999925494	25229.3888	15.800267232944327	149.9227105054419	1161.9846020805917	
25235.3984	0.05199999999967986	Ripples	0.05199999999967986	25235.421599999998	8.066110061886288	150.94549093415182	661.1222085517552	
25235.473599999998	0.04400000000168802	Ripples	0.04400000000168802	25235.4928	7.677615816199567	150.79852736927185	758.8414439262092	
25236.624	0.08079999999972642	Ripples	0.08079999999972642	25236.6656	28.883917236904075	150.02428399189182	1508.9255435863183	
25239.8488	0.0319999999992433	Ripples	0.0319999999992433	25239.8664	17.639534787741677	155.5714874383368	1455.622807589604	
25240.055999999997	0.020000000000436557	Ripples	0.020000000000436557	25240.0648	5.063128923955332	150.45082656453448	556.494439832367	
25240.192799999997	0.028800000000046566	Ripples	0.028800000000046566	25240.2048	5.222714473137627	146.1165271771534	680.7238626565526	
25242.264799999997	0.031200000001263106	Ripples	0.031200000001263106	25242.2856	24.3354765792241	159.6065369204031	1489.5290852025646	
25251.3752	0.058399999998073326	Ripples	0.058399999998073326	25251.404799999997	28.067469647696587	149.36474792468098	1637.18035875713	
25251.460799999997	0.024800000002869638	Ripples	0.024800000002869638	25251.471999999998	13.57947040009839	159.5040151569322	1046.3726323049614	
25257.036799999998	0.031200000001263106	Ripples	0.031200000001263106	25257.0536	11.648433465284795	158.32589905773176	1146.1429505603198	
25282.8648	0.023199999999633292	Ripples	0.023199999999633292	25282.8768	11.298065348772777	161.81087189611094	1086.4528862010397	
25285.012799999997	0.03840000000127475	Ripples	0.03840000000127475	25285.0336	8.054849171301331	149.52795320780277	960.5447626681014	
25293.4024	0.0367999999980384	Ripples	0.0367999999980384	25293.4224	17.75707511255625	157.6696958191387	1485.4812676754561	
25295.104	0.056000000000494765	Ripples	0.056000000000494765	25295.1328	29.070381687208723	150.1085774698275	1744.8533706593903	
25299.8608	0.056000000000494765	Ripples	0.056000000000494765	25299.879999999997	18.44296923873968	149.29790270752585	1079.9435124623528	
25303.6576	0.03280000000086147	Ripples	0.03280000000086147	25303.676	21.296273616916448	153.16530760975	1497.0076672709988	
25309.5432	0.06079999999928987	Ripples	0.06079999999928987	25309.5712	13.775264295276541	142.490450127974	1017.3228623539271	
25309.6864	0.02479999999923166	Ripples	0.02479999999923166	25309.6976	6.4876794376218845	162.10037862078468	950.9037892172737	
25320.6864	0.05280000000129803	Ripples	0.05280000000129803	25320.714399999997	13.15963515418801	145.31774559431202	1090.2779760884587	
25328.7736	0.032799999997223495	Ripples	0.032799999997223495	25328.7888	5.760896853090592	146.55391349068617	619.2078879182327	
25481.4512	0.031199999997625127	Ripples	0.031199999997625127	25481.4688	8.925638116588882	155.9435074297175	1044.8829684483235	
25714.018399999997	0.022400000001653098	Ripples	0.022400000001653098	25714.0336	6.40261338509312	149.80189337316654	695.1587331580117	
25715.620799999997	0.02960000000166474	Ripples	0.02960000000166474	25715.6432	5.573174980097353	150.48224501829316	722.6119588451088	
25720.5864	0.048799999996845145	Ripples	0.048799999996845145	25720.608	28.541414548183877	154.01399566402463	1837.522814316007	
25724.167999999998	0.031200000001263106	Ripples	0.031200000001263106	25724.1792	6.075879991883574	167.6102079420965	728.2984056068659	
25787.152	0.04560000000128639	Ripples	0.04560000000128639	25787.1792	9.40185465746616	152.82418244024907	780.29845887787	
25793.3536	0.06959999999889988	Ripples	0.06959999999889988	25793.3648	15.018653008441687	156.26533414602787	1260.8828313093263	
25798.311999999998	0.025600000000849832	Ripples	0.025600000000849832	25798.329599999997	5.009461664949972	150.8586294674671	679.0797036538147	
26051.0288	0.025599999997211853	Ripples	0.025599999997211853	26051.047199999997	8.01142828294754	154.66348692013312	891.623667842597	
26053.718399999998	0.04560000000128639	Ripples	0.04560000000128639	26053.7456	7.0960450086289795	148.43387674150966	670.1708560007488	
26053.9552	0.05279999999766005	Ripples	0.05279999999766005	26053.973599999998	30.781175629873168	153.82601760728087	1992.2633363989673	
26063.563199999997	0.07120000000213622	Ripples	0.07120000000213622	26063.5712	8.833517922691204	160.36611273219933	976.1585920556764	
26067.3	0.03359999999884167	Ripples	0.03359999999884167	26067.315199999997	8.967895869139126	148.63223941157707	858.5411467171103	
26067.4024	0.024000000001251465	Ripples	0.024000000001251465	26067.4112	6.312869821483727	149.5128398880341	610.9566609862765	
26068.288	0.03600000000005821	Ripples	0.03600000000005821	26068.299199999998	12.190328223612727	154.03873064374824	1189.6999671012404	
26086.4008	0.05199999999967986	Ripples	0.05199999999967986	26086.424	23.126438771808747	159.94558807214142	1831.0061235423323	
26088.8776	0.02239999999801512	Ripples	0.02239999999801512	26088.885599999998	6.024023848460678	153.8971265025032	785.662073019906	
26093.7672	0.05040000000008149	Ripples	0.05040000000008149	26093.784799999998	20.34024155160028	152.89703739634547	1467.151434501243	
26097.4832	0.02959999999802676	Ripples	0.02959999999802676	26097.4976	17.377909674542927	157.02871784201753	1304.7227745080359	
26097.692799999997	0.03840000000127475	Ripples	0.03840000000127475	26097.7104	25.444076941156936	155.02273293410482	1755.4851207438965	
26099.516799999998	0.04320000000006985	Ripples	0.04320000000006985	26099.5352	7.074356115838732	148.19027669991502	784.3243042836409	
26102.1688	0.03919999999925494	Ripples	0.03919999999925494	26102.1904	6.963976604127159	147.4440269898414	709.1519008188744	
26102.5536	0.03359999999884167	Ripples	0.03359999999884167	26102.5736	24.315478064434835	163.6072112823983	1798.5986210328595	
26102.743199999997	0.024000000001251465	Ripples	0.024000000001251465	26102.7552	7.264903940461847	153.1774790650955	846.8939055865964	
26182.653599999998	0.03919999999925494	Ripples	0.03919999999925494	26182.671199999997	12.891058151527664	151.72258392266818	1184.0249040588424	
26183.487999999998	0.028800000000046566	Ripples	0.028800000000046566	26183.502399999998	10.6674116618177	157.34347645702164	971.6905026188083	
26184.3104	0.025600000000849832	Ripples	0.025600000000849832	26184.3184	6.651876728321015	155.30113354777112	793.209631358715	
26199.2912	0.062399999998888234	Ripples	0.062399999998888234	26199.3392	13.99984341673744	149.72806900302004	1320.1180874787206	
26242.3528	0.037599999999656575	Ripples	0.037599999999656575	26242.363999999998	8.415024562301893	160.70522983724229	739.5365055198228	
26242.4584	0.05439999999725842	Ripples	0.05439999999725842	26242.476	16.76893929771061	156.06880575478354	1295.3927433103238	
26310.7808	0.04079999999885331	Ripples	0.04079999999885331	26310.786399999997	5.8850238567919915	156.15656286577922	603.8981306563014	
26313.852799999997	0.07440000000133296	Ripples	0.07440000000133296	26313.876	31.57412262470695	152.90123734215067	1581.1705782668405	
26316.763199999998	0.06720000000132131	Ripples	0.06720000000132131	26316.8056	26.52524670032867	146.86780129530064	1591.5543964657622	
26318.6592	0.05280000000129803	Ripples	0.05280000000129803	26318.685599999997	16.564796159128477	149.98047843970937	1093.7525770414875	
26319.5504	0.03359999999884167	Ripples	0.03359999999884167	26319.5624	10.175682941695381	152.7487846438381	1022.337604822351	
26320.421599999998	0.047200000000884756	Ripples	0.047200000000884756	26320.439199999997	20.57656442211057	153.86744452755704	1447.6620935231201	
26323.908799999997	0.09600000000136788	Ripples	0.09600000000136788	26323.987999999998	26.722301915663493	158.90033641819429	2069.041177019739	
26327.6152	0.13919999999779975	Ripples	0.13919999999779975	26327.6832	17.651969466119223	152.05481119030125	1664.926460773021	
26328.9512	0.021600000000034925	Ripples	0.021600000000034925	26328.9656	10.761179843335844	157.7576030059752	932.5349227260109	
26330.559999999998	0.033600000002479646	Ripples	0.033600000002479646	26330.583199999997	5.141881362984209	158.71350820699416	639.7110004664895	
26335.608	0.02719999999681022	Ripples	0.02719999999681022	26335.627999999997	13.938287366062236	162.1356119626257	1149.7013247715486	
26338.5912	0.0319999999992433	Ripples	0.0319999999992433	26338.610399999998	17.347663084651767	162.6046142107915	1473.5716087593005	
26339.2136	0.02239999999801512	Ripples	0.02239999999801512	26339.225599999998	6.7134674731907555	152.02003324748236	735.1604138860297	
26340.3464	0.04959999999846332	Ripples	0.04959999999846332	26340.3608	24.80921507204751	153.3607417491236	1621.8289184225405	
26340.5288	0.055999999996856786	Ripples	0.055999999996856786	26340.548799999997	46.6567855001819	158.38132245030323	2493.6142137805386	
26344.6512	0.04079999999885331	Ripples	0.04079999999885331	26344.676799999997	9.404886160160576	145.98684844748541	851.5107176072934	
26349.326399999998	0.022400000001653098	Ripples	0.022400000001653098	26349.338399999997	5.34449804106607	155.58411689505763	721.0923411005904	
26349.4128	0.03600000000005821	Ripples	0.03600000000005821	26349.4296	31.578544624666357	157.65350339391563	1942.8724696204047	
26349.910399999997	0.02960000000166474	Ripples	0.02960000000166474	26349.924	11.233648771719581	161.42230817935217	1264.9708208942743	
26350.0216	0.037599999999656575	Ripples	0.037599999999656575	26350.0408	25.07481912339082	152.58133939883515	1578.9342767359003	
26352.2768	0.03600000000005821	Ripples	0.03600000000005821	26352.2912	24.592203812959692	157.91402330970806	1634.3286835487709	
26374.822399999997	0.04320000000006985	Ripples	0.04320000000006985	26374.835199999998	7.6946398115063	146.32496652842178	685.2991842838251	
26383.167999999998	0.028800000000046566	Ripples	0.028800000000046566	26383.1832	10.745534913823423	157.20754191901207	1141.4168186641853	
26387.356799999998	0.024000000001251465	Ripples	0.024000000001251465	26387.3704	8.721733969382294	159.7581869882662	965.4674494007608	
26387.4976	0.03840000000127475	Ripples	0.03840000000127475	26387.518399999997	35.112630799828224	158.3469310109966	2077.917475680518	
26395.387199999997	0.04320000000006985	Ripples	0.04320000000006985	26395.4056	19.293437054110637	152.14235077929138	1395.5418954092133	
26397.8752	0.02079999999841675	Ripples	0.02079999999841675	26397.8896	7.370069410728708	157.11872686765932	864.5337118941628	
26399.401599999997	0.022400000001653098	Ripples	0.022400000001653098	26399.4168	6.446450941378596	152.68816300837105	762.6675471667478	
26400.636	0.03280000000086147	Ripples	0.03280000000086147	26400.647999999997	13.370479362272771	153.0850847477984	1140.6496979476312	
26407.388	0.026399999998830026	Ripples	0.026399999998830026	26407.3992	5.553852997327833	150.43143026701688	722.5482185140318	
26408.169599999997	0.040000000000873115	Ripples	0.040000000000873115	26408.1952	18.354545184589053	149.6459077426552	1299.625837451798	
26414.7264	0.0544000000008964	Ripples	0.0544000000008964	26414.7448	23.837480831586532	150.49716342575886	1602.456881324813	
26419.5576	0.02959999999802676	Ripples	0.02959999999802676	26419.5736	20.053421475950888	159.05594000136094	1559.8881255631716	
26422.9512	0.04079999999885331	Ripples	0.04079999999885331	26422.9632	7.149505509757637	152.38393388298724	753.8673567228152	
26455.343999999997	0.022400000001653098	Ripples	0.022400000001653098	26455.3592	7.4285921552310406	154.73607695000092	722.5150638002592	
26455.8088	0.05760000000009313	Ripples	0.05760000000009313	26455.8488	30.034026860312593	147.03847042952918	1695.2603411565285	
26460.8896	0.04160000000047148	Ripples	0.04160000000047148	26460.907199999998	20.20321573436291	157.68132922454194	1515.6380876374985	
26462.28	0.08079999999972642	Ripples	0.08079999999972642	26462.3536	9.456602743899733	153.17318539226017	675.4365768936439	
26468.7528	0.06959999999889988	Ripples	0.06959999999889988	26468.768	18.86368855708605	156.69260894680104	1546.7188614065117	
26502.907199999998	0.047200000000884756	Ripples	0.047200000000884756	26502.921599999998	16.643743771709925	152.6349911429163	1264.1320434360387	
26505.1848	0.03359999999884167	Ripples	0.03359999999884167	26505.192	5.070122403780865	157.0820168110978	670.2457116676137	
26521.032799999997	0.026400000002468005	Ripples	0.026400000002468005	26521.0424	5.951091297079859	158.13155957973103	865.0767727505307	
26641.1328	0.02479999999923166	Ripples	0.02479999999923166	26641.147999999997	7.6702198160891415	155.75530999970096	943.3132614630396	
26657.8848	0.05040000000008149	Ripples	0.05040000000008149	26657.9128	25.07016351820467	148.27687614076373	1516.0231365425584	
26660.923199999997	0.025600000000849832	Ripples	0.025600000000849832	26660.9384	6.957979028327136	153.01308020873577	812.8382244051556	
26708.3936	0.05040000000008149	Ripples	0.05040000000008149	26708.4136	41.57219389032377	155.6643479046923	2289.9826348014058	
26715.28	0.044799999999668216	Ripples	0.044799999999668216	26715.316	14.486950821526799	151.20525529914323	1124.3164103188276	
26724.090399999997	0.025600000000849832	Ripples	0.025600000000849832	26724.1008	7.239237363973702	156.97817808097273	894.2759768553965	
26724.2296	0.022400000001653098	Ripples	0.022400000001653098	26724.244	5.0153964631033645	151.22663373191233	549.7510380941351	
26724.3808	0.04560000000128639	Ripples	0.04560000000128639	26724.4168	16.97668102899828	152.74322585405483	1339.8382968994235	
26728.626399999997	0.026400000002468005	Ripples	0.026400000002468005	26728.6376	6.135583838618778	156.0446177245092	841.1437229210321	
26728.855199999998	0.05519999999887659	Ripples	0.05519999999887659	26728.8768	12.325107439734863	164.25478117150834	921.0968860006285	
26729.741599999998	0.04640000000290456	Ripples	0.04640000000290456	26729.777599999998	17.648778145869457	150.77342886327568	1204.8987862777371	
26729.966399999998	0.035200000002078013	Ripples	0.035200000002078013	26729.987999999998	18.94566194525487	155.4601314664431	1435.3604449786253	
26732.198399999997	0.11600000000180444	Ripples	0.11600000000180444	26732.270399999998	30.292862591557647	147.04360603817153	1640.0040012314055	
26760.2672	0.03440000000045984	Ripples	0.03440000000045984	26760.284	9.185372042992627	154.90363521847758	1059.3741075320129	
26774.3024	0.04319999999643187	Ripples	0.04319999999643187	26774.3168	26.157747720598902	156.53318116959736	1664.2272664819209	
26777.3824	0.03919999999925494	Ripples	0.03919999999925494	26777.404	22.478784143215677	151.12157770018882	1497.9700491190126	
26777.9112	0.0319999999992433	Ripples	0.0319999999992433	26777.9224	23.77700792111765	159.34443026376186	1595.3255352515662	
26818.7424	0.03840000000127475	Ripples	0.03840000000127475	26818.7536	16.92218637072589	159.2742036743279	1489.4514682540523	
26914.587199999998	0.030399999999644933	Ripples	0.030399999999644933	26914.610399999998	7.444413746726791	156.92525781815823	768.6348637085289	
26922.9256	0.062399999998888234	Ripples	0.062399999998888234	26922.948	21.559265834665833	146.34959515712967	1320.070924251971	
26926.1152	0.02719999999681022	Ripples	0.02719999999681022	26926.1288	17.60233457534288	160.5481184486889	1448.4282666019546	
26926.448	0.03919999999925494	Ripples	0.03919999999925494	26926.467999999997	41.78423046894485	160.73087565841425	2447.601345513227	
26928.4632	0.07200000000011642	Ripples	0.07200000000011642	26928.492	20.39179184337087	148.4868225593161	1476.074774056709	
26928.563199999997	0.048800000000483124	Ripples	0.048800000000483124	26928.5792	20.44405658198977	153.86545461366416	1469.1798400814846	
26929.48	0.03440000000045984	Ripples	0.03440000000045984	26929.4944	19.888832681331372	156.06023466790617	1630.5984315184157	
26947.957599999998	0.03600000000005821	Ripples	0.03600000000005821	26947.9728	9.896081423767875	153.2226393938815	1014.8079056315852	
26948.0808	0.04559999999764841	Ripples	0.04559999999764841	26948.0984	36.62137087854144	159.76454470444412	2204.0543905987465	
26951.692799999997	0.0632000000005064	Ripples	0.0632000000005064	26951.7312	39.85990909093664	148.07626898075216	1895.4692423311062	
26951.924	0.03919999999925494	Ripples	0.03919999999925494	26951.9456	33.652493921646	158.26949033594286	2091.1098096018804	
26956.944799999997	0.028800000000046566	Ripples	0.028800000000046566	26956.959199999998	29.061540057894234	162.62219772833538	1798.0981964762013	
26973.915999999997	0.033600000002479646	Ripples	0.033600000002479646	26973.924	10.834151455822825	160.59980510168688	1014.1214337148887	
26981.872	0.08399999999892316	Ripples	0.08399999999892316	26981.921599999998	8.254689002342092	160.06171388862978	765.2633650601131	
26987.662399999997	0.04160000000047148	Ripples	0.04160000000047148	26987.683999999997	32.80666497467459	154.5931135890393	2008.0925619337409	
26994.091999999997	0.03280000000086147	Ripples	0.03280000000086147	26994.110399999998	11.93389575707867	149.15813989134298	965.741499110362	
26999.862399999998	0.05199999999967986	Ripples	0.05199999999967986	26999.887199999997	29.67739639116711	148.63514980156347	1683.8530032881924	
27005.748799999998	0.040000000000873115	Ripples	0.040000000000873115	27005.768	9.182607223641469	148.9338475550826	671.6413374597868	
27009.0336	0.04399999999805004	Ripples	0.04399999999805004	27009.054399999997	24.26776190313017	154.16800990796716	1779.0168308120658	
27009.2088	0.07359999999971478	Ripples	0.07359999999971478	27009.2376	23.545327450973325	155.58080927650624	1142.673701156595	
27011.5608	0.040000000000873115	Ripples	0.040000000000873115	27011.575999999997	23.942477241833632	157.4545159542928	1640.5041077200538	
27015.0376	0.05279999999766005	Ripples	0.05279999999766005	27015.061599999997	45.39367941850665	157.38919560045076	2197.035898191908	
27017.051199999998	0.05199999999967986	Ripples	0.05199999999967986	27017.072799999998	12.204916256057196	149.3450522140645	1027.8312805025314	
27019.7872	0.05199999999967986	Ripples	0.05199999999967986	27019.811999999998	24.423691018073026	147.78139023705717	1564.1028911318201	
27020.5208	0.042399999998451676	Ripples	0.042399999998451676	27020.5424	16.70739214466502	150.48664577896872	1191.514974228593	
27031.399999999998	0.030399999999644933	Ripples	0.030399999999644933	27031.415999999997	15.475669779630826	154.34575305190825	1225.3088686363783	
27034.820799999998	0.033600000002479646	Ripples	0.033600000002479646	27034.847999999998	6.946306344888089	155.00163723102358	820.8401627790483	
27036.9776	0.03280000000086147	Ripples	0.03280000000086147	27036.995199999998	11.794120990288548	152.29448071969432	1076.894464597567	
27037.847999999998	0.047200000000884756	Ripples	0.047200000000884756	27037.8704	11.156444869774692	147.35753757455925	993.7575014258708	
27041.9712	0.025599999997211853	Ripples	0.025599999997211853	27041.989599999997	5.3093894119455936	154.31209680896643	718.5637987006459	
27046.156	0.047200000000884756	Ripples	0.047200000000884756	27046.178399999997	7.832236351961337	146.67923145062107	724.2724041290606	
27047.796	0.058400000001711305	Ripples	0.058400000001711305	27047.8232	20.333251478228142	151.63199204400712	1296.5460896206478	
27047.992	0.028000000002066372	Ripples	0.028000000002066372	27048.0064	8.303642179948	155.12207638707926	993.1992581026466	
27050.779199999997	0.056000000000494765	Ripples	0.056000000000494765	27050.8072	27.778972198400147	152.0871382322719	1746.171793410609	
27052.907199999998	0.04320000000006985	Ripples	0.04320000000006985	27052.9224	19.609055989248375	154.4987086063228	1221.4983619698512	
27053.0464	0.023999999997613486	Ripples	0.023999999997613486	27053.0608	18.637084012803623	160.67740957193325	1324.8060665009898	
27053.8544	0.03839999999763677	Ripples	0.03839999999763677	27053.868	14.398753357768665	152.81333091793735	1205.7758195724612	
27061.624	0.0319999999992433	Ripples	0.0319999999992433	27061.6384	13.314415262893739	153.35300996307288	1248.2383809147793	
27065.6312	0.037599999999656575	Ripples	0.037599999999656575	27065.646399999998	9.28451575162003	157.48163327734449	1173.683100900248	
27067.9832	0.030399999999644933	Ripples	0.030399999999644933	27068.0	13.472106719790572	159.03712659787072	1342.253191477431	
27068.059999999998	0.06400000000212458	Ripples	0.06400000000212458	27068.094399999998	10.686099500979362	151.94217569244574	743.1076313106206	
27075.448	0.046399999999266583	Ripples	0.046399999999266583	27075.4616	21.270335385318553	154.20531324047354	1512.484273837309	
27077.7984	0.07040000000051805	Ripples	0.07040000000051805	27077.836	37.96659417390572	152.52757759882724	2217.524550062118	
27078.847999999998	0.048800000000483124	Ripples	0.048800000000483124	27078.874399999997	10.77075526686966	148.46768046903696	666.7331483973302	
27081.1584	0.0319999999992433	Ripples	0.0319999999992433	27081.183999999997	6.611851383187216	153.58852920097328	681.145781915792	
27084.2736	0.044799999999668216	Ripples	0.044799999999668216	27084.3016	27.365869858464446	153.00634008694453	1873.8156510165184	
27086.263199999998	0.0591999999996915	Ripples	0.0591999999996915	27086.3072	17.47517772596273	149.49750342928175	1318.9774852777293	
27086.768799999998	0.04400000000168802	Ripples	0.04400000000168802	27086.7984	31.261169959103587	154.5340638800161	1780.4493103802693	
27087.0208	0.06880000000091968	Ripples	0.06880000000091968	27087.072	19.38125357803072	154.63519010206159	1292.6027089407808	
27087.1672	0.06959999999889988	Ripples	0.06959999999889988	27087.219999999998	22.40462903878614	149.715222749692	1469.4362700322015	
27090.3272	0.058399999998073326	Ripples	0.058399999998073326	27090.3536	21.63832204783472	148.8331845589471	1229.4133218759719	
27090.7392	0.05040000000008149	Ripples	0.05040000000008149	27090.768799999998	48.0567131331015	153.89470599239095	2425.6306024880582	
27091.685599999997	0.02960000000166474	Ripples	0.02960000000166474	27091.708	8.14736276236699	153.6892118896576	783.6483517995784	
27092.46	0.05519999999887659	Ripples	0.05519999999887659	27092.4704	9.623517024722807	153.0368706253825	869.998755478348	
27092.5864	0.051199999998061685	Ripples	0.051199999998061685	27092.608	24.993824549377308	157.58028266858486	1426.3008550795798	
27097.3144	0.026399999998830026	Ripples	0.026399999998830026	27097.322399999997	5.408502416715206	150.6410487425565	700.3883196945554	
27102.257599999997	0.06000000000130967	Ripples	0.06000000000130967	27102.304	32.716822031895454	151.9420589650927	2022.9694102897445	
27120.103199999998	0.04800000000250293	Ripples	0.04800000000250293	27120.119199999997	8.103723847807737	153.21294179760844	945.1048819267743	
27120.1952	0.053599999999278225	Ripples	0.053599999999278225	27120.221599999997	8.444679237993512	153.5645801757422	695.4142431478433	
27131.887199999997	0.026400000002468005	Ripples	0.026400000002468005	27131.904	5.887001493347884	160.30380541366142	932.3006435899364	
27134.6144	0.03680000000167638	Ripples	0.03680000000167638	27134.623199999998	7.619706170320943	153.11740660286205	808.3617269159087	
27134.6848	0.027999999998428393	Ripples	0.027999999998428393	27134.7032	11.316655339750977	155.75259563779952	1071.7902907063844	
27135.4184	0.044799999999668216	Ripples	0.044799999999668216	27135.444799999997	8.754648682347428	149.7465933724372	770.5648670671784	
27141.2448	0.04799999999886495	Ripples	0.04799999999886495	27141.263199999998	24.66263355322391	153.26522357724463	1734.4333820887946	
27141.8752	0.046399999999266583	Ripples	0.046399999999266583	27141.9008	28.404200475022662	151.61479351974356	1802.5134440136255	
27144.2312	0.04320000000006985	Ripples	0.04320000000006985	27144.2456	21.723011245197824	156.0408654169969	1386.4013468400676	
27144.6992	0.03280000000086147	Ripples	0.03280000000086147	27144.719999999998	15.723647812847098	152.77943748889564	1191.9733057246526	
27144.8104	0.04400000000168802	Ripples	0.04400000000168802	27144.8328	14.542286310437568	155.21097890545082	957.6086935965504	
27147.953599999997	0.02320000000327127	Ripples	0.02320000000327127	27147.9624	9.890456566558795	154.96477044896477	883.8195058581275	
27153.9312	0.03919999999925494	Ripples	0.03919999999925494	27153.9488	30.238102294334045	155.00140600582438	1794.6483094453667	
27154.6112	0.02079999999841675	Ripples	0.02079999999841675	27154.6224	10.987415496192742	161.7554095949115	1144.4871283380958	
27266.5632	0.07039999999688007	Ripples	0.07039999999688007	27266.606399999997	11.428846679065634	155.14219936469613	769.7741386576766	
27281.175199999998	0.0496000000021013	Ripples	0.0496000000021013	27281.2032	18.32073334470417	147.9267540938092	1300.1028296029242	
27298.5192	0.025600000000849832	Ripples	0.025600000000849832	27298.5336	5.204446458032376	154.18467222504503	817.019357849976	
27311.3216	0.028800000000046566	Ripples	0.028800000000046566	27311.342399999998	15.177437946658127	157.08904969528004	1232.0984700911865	
