onset	duration	nwb_table	visited_matched_expected	visited_arm	expected_arm	recordings	is_familiar_maze	ripple_durations	peaks	peak_normed_power	peak_frequencies	peak_amplitudes	label
0.0	8361.855966666666	epochs											
1.0	513.0	SleepStates											Awake
81.74000000000001	0.029599999999987858	Ripples						0.029599999999987858	81.75200000000001	8.704207309577205	159.59261171924086	1086.4949795953876	
85.2544	0.04959999999999809	Ripples						0.04959999999999809	85.2656	11.58479415370913	156.5086822778146	1235.2560916484883	
86.66080000000001	0.043199999999998795	Ripples						0.043199999999998795	86.69120000000001	11.672744884342272	169.93382863286735	1233.7894786722377	
86.812	0.0367999999999995	Ripples						0.0367999999999995	86.8352	19.35230576896025	163.46272377507253	1527.8874293165534	
87.44640000000001	0.0455999999999932	Ripples						0.0455999999999932	87.4608	8.33634674526146	164.61795027398344	1080.6940091744527	
88.552	0.039199999999993906	Ripples						0.039199999999993906	88.56320000000001	8.218044788237572	152.62898683045785	903.4098964727203	
93.53840000000001	0.036000000000001364	Ripples						0.036000000000001364	93.56240000000001	15.902014227241715	163.7236076612914	1492.9571815078457	
106.46640000000001	0.020799999999994156	Ripples						0.020799999999994156	106.48	8.236908384451583	160.87315766770362	961.9275010178542	
109.6344	0.028800000000003934	Ripples						0.028800000000003934	109.64800000000001	13.030654493123864	164.5511308279526	1308.034848379013	
110.00720000000001	0.05679999999999552	Ripples						0.05679999999999552	110.02080000000001	11.425568103635728	162.8067640678263	1334.7734117935952	
112.2984	0.050400000000010436	Ripples						0.050400000000010436	112.3264	28.216741656445407	158.42761471986591	2014.7632329814066	
115.95840000000001	0.05359999999998877	Ripples						0.05359999999998877	115.9936	15.067616440275057	170.65427567774515	1345.8053392782995	
134.02800000000002	0.0367999999999995	Ripples						0.0367999999999995	134.0432	10.334684811144585	154.31989952555887	1144.0708702490094	
134.1344	0.026399999999995316	Ripples						0.026399999999995316	134.15040000000002	11.430394336380386	164.11034465197272	1266.331917793174	
137.5344	0.037599999999997635	Ripples						0.037599999999997635	137.5616	11.972790390227082	156.36015826409152	1194.4497522440624	
139.21120000000002	0.09439999999997895	Ripples						0.09439999999997895	139.2904	12.663696196176632	168.8493998556442	1271.510181561525	
147.0992	0.03360000000000696	Ripples						0.03360000000000696	147.11520000000002	8.12363054765862	158.7264001378311	1034.8434475131069	
182.0336	0.023200000000002774	Ripples						0.023200000000002774	182.0472	5.4562894919379925	165.22340182350507	877.3019762426345	
189.78480000000002	0.02159999999997808	Ripples						0.02159999999997808	189.79600000000002	5.939624016224641	163.9030060149498	880.9567939881393	
191.6552	0.04560000000000741	Ripples						0.04560000000000741	191.67680000000001	9.694792520509912	156.1152164291656	1226.9439042880756	
234.2808	0.03840000000002419	Ripples						0.03840000000002419	234.29680000000002	12.931468684659936	167.81686045049878	1376.4904163747117	
236.45280000000002	0.023999999999972488	Ripples						0.023999999999972488	236.46640000000002	9.182725008156536	165.93052435770278	1131.3525163303425	
238.11360000000002	0.04159999999998831	Ripples						0.04159999999998831	238.1416	8.634908924677475	165.42054158090767	1166.5047898894372	
239.3424	0.025600000000025602	Ripples						0.025600000000025602	239.35680000000002	9.73561633938922	159.76837669004743	1054.5576841575567	
244.89520000000002	0.024799999999999045	Ripples						0.024799999999999045	244.912	9.89957677696295	158.82393491818024	1077.7317496243063	
246.07760000000002	0.043199999999984584	Ripples						0.043199999999984584	246.1056	15.998001463323021	167.09924029754927	1504.3855945421685	
246.15200000000002	0.03119999999998413	Ripples						0.03119999999998413	246.16320000000002	7.8054501753306536	158.24290483206656	960.8266616666651	
248.376	0.04959999999999809	Ripples						0.04959999999999809	248.40480000000002	24.1235252075631	155.2206990012038	1863.8126952322864	
251.2392	0.02559999999999718	Ripples						0.02559999999999718	251.2512	11.579333007589911	162.52860648144883	1148.2925019171144	
254.8504	0.05119999999999436	Ripples						0.05119999999999436	254.89120000000003	7.906866961166131	154.29489973453263	917.1309728763011	
260.3048	0.03440000000000509	Ripples						0.03440000000000509	260.3136	8.168657180562343	157.3719253099427	962.3388701103843	
260.48400000000004	0.039199999999993906	Ripples						0.039199999999993906	260.4984	6.488346110191842	152.2117758886761	877.7845403551952	
267.55600000000004	0.031999999999982265	Ripples						0.031999999999982265	267.5736	6.84712111329145	157.54819401428128	971.8471671104883	
267.71520000000004	0.028799999999989723	Ripples						0.028799999999989723	267.7336	5.7704258060626605	150.92408100439502	799.6098190954024	
269.7384	0.02400000000000091	Ripples						0.02400000000000091	269.7496	11.409561260228394	166.17286960463525	1217.0630880399879	
270.64160000000004	0.02559999999999718	Ripples						0.02559999999999718	270.656	7.911034600561988	157.35415268055266	899.3379600104842	
271.6864	0.05600000000004002	Ripples						0.05600000000004002	271.7224	27.106195317308547	154.57998344915217	2023.913115741634	
274.9664	0.04399999999998272	Ripples						0.04399999999998272	274.9784	5.175605596977925	162.04049940504848	770.2159235877599	
275.052	0.02159999999997808	Ripples						0.02159999999997808	275.06	8.696415411220963	163.21369615379336	935.2180176595463	
283.59680000000003	0.02719999999999345	Ripples						0.02719999999999345	283.60720000000003	5.148819570607294	162.70197519194622	804.2312578955112	
283.99760000000003	0.060000000000002274	Ripples						0.060000000000002274	284.0184	20.008660035497165	162.287295931908	1719.1216490183397	
285.41040000000004	0.04559999999997899	Ripples						0.04559999999997899	285.4424	12.888529915334082	164.81613491052983	1285.5376380896312	
302.1504	0.040000000000020464	Ripples						0.040000000000020464	302.1728	10.250994806118708	148.51324117660954	1004.0180441959948	
302.3472	0.03520000000003165	Ripples						0.03520000000003165	302.3576	12.613455226562914	164.0328624499022	1234.6014593233158	
316.3256	0.02240000000000464	Ripples						0.02240000000000464	316.3336	8.060888705842256	160.2406551085089	962.5989852516653	
325.8856	0.02240000000000464	Ripples						0.02240000000000464	325.8944	5.790370511907438	162.67832436614964	818.276946058925	
327.54240000000004	0.030399999999985994	Ripples						0.030399999999985994	327.55600000000004	19.846837537610725	165.60834203685053	1587.5244692427075	
328.8696	0.07040000000000646	Ripples						0.07040000000000646	328.9216	17.2457021562929	154.9199502110084	1515.4393661856273	
329.4024	0.060000000000002274	Ripples						0.060000000000002274	329.4264	25.33138894151205	161.6623492269431	1961.2882718941166	
337.9952	0.020800000000008367	Ripples						0.020800000000008367	338.0056	6.798191073479831	171.142391446261	885.5523138235285	
342.3	0.02240000000000464	Ripples						0.02240000000000464	342.31440000000003	9.963467737929241	167.39537531074012	1047.7316567984433	
342.488	0.06720000000001392	Ripples						0.06720000000001392	342.5136	13.251953217413982	150.19267839333475	1124.236987621812	
348.468	0.02159999999997808	Ripples						0.02159999999997808	348.48240000000004	6.755511568114687	159.45378556745018	783.6867139690057	
382.3392	0.02400000000000091	Ripples						0.02400000000000091	382.3528	6.222668957785339	164.6984686367144	959.1033620918981	
393.0016	0.040000000000020464	Ripples						0.040000000000020464	393.0248	8.604199979119656	159.68171301102856	1149.2256227987816	
394.4352	0.021600000000034925	Ripples						0.021600000000034925	394.44960000000003	7.5912572528712525	160.0155938593189	820.4314152022113	
394.5752	0.026400000000023738	Ripples						0.026400000000023738	394.5912	10.64533940737668	167.5135954233275	1181.5017183378689	
395.12080000000003	0.03440000000000509	Ripples						0.03440000000000509	395.1352	26.00494802846804	162.31036046573723	1824.6309090434477	
395.24960000000004	0.05839999999994916	Ripples						0.05839999999994916	395.28000000000003	8.569512197973552	141.7810123651914	784.9844164307832	
428.4152	0.02400000000000091	Ripples						0.02400000000000091	428.4264	12.655782970456402	165.3019566822384	1262.8889083687818	
429.2696	0.02159999999997808	Ripples						0.02159999999997808	429.2832	9.535238295131697	158.4874112863649	939.2176136437921	
430.2584	0.06080000000002883	Ripples						0.06080000000002883	430.27520000000004	22.181262392210616	168.80256682824643	1768.2296782813398	
433.3688	0.02159999999997808	Ripples						0.02159999999997808	433.3792	6.641259669024084	166.4184684799018	911.5281612759794	
434.3288	0.10160000000001901	Ripples						0.10160000000001901	434.3464	14.644965948121119	158.57431081895905	1410.7064902085108	
434.71840000000003	0.02240000000000464	Ripples						0.02240000000000464	434.7296	5.373271617887747	151.28558175380059	719.5065468659127	
436.03360000000004	0.024799999999970623	Ripples						0.024799999999970623	436.0448	6.338940442728596	161.8761633505227	995.6580229871174	
436.6888	0.030399999999985994	Ripples						0.030399999999985994	436.7056	25.258996528389307	159.71691922329063	1754.2408459714202	
436.776	0.02559999999999718	Ripples						0.02559999999999718	436.79040000000003	8.816860623532861	155.74137369549882	971.6598886433297	
439.3784	0.03360000000003538	Ripples						0.03360000000003538	439.3928	19.318153160553578	165.77561337229346	1667.1337698976045	
439.52160000000003	0.02559999999999718	Ripples						0.02559999999999718	439.536	5.317273837515986	147.3459090031064	593.6830773082464	
440.5128	0.03679999999997108	Ripples						0.03679999999997108	440.5328	14.639746900832648	160.86335887431787	1486.6224704299477	
445.4168	0.030399999999985994	Ripples						0.030399999999985994	445.43600000000004	17.274551265820392	165.9930619745536	1513.771523589042	
449.14480000000003	0.02559999999999718	Ripples						0.02559999999999718	449.15840000000003	11.464642444822982	163.97020243781475	1205.6280599188362	
449.2352	0.07280000000002929	Ripples						0.07280000000002929	449.2536	23.381990480776203	157.68693270079933	1657.6218398774595	
453.396	0.024800000000027467	Ripples						0.024800000000027467	453.41040000000004	9.62968147223045	158.41752426566654	1007.5040621880659	
456.56080000000003	0.050399999999967804	Ripples						0.050399999999967804	456.5896	12.730158154743275	145.68306353180793	1134.1426914752772	
456.7448	0.045600000000035834	Ripples						0.045600000000035834	456.7656	10.034016474344721	146.40052419863235	1009.6805965770466	
461.10080000000005	0.020799999999951524	Ripples						0.020799999999951524	461.10880000000003	9.490948318747462	161.75608149649082	1007.2513819917331	
461.148	0.04719999999997526	Ripples						0.04719999999997526	461.172	13.509309458877576	156.15558776184753	1422.3540183400619	
465.4216	0.03360000000003538	Ripples						0.03360000000003538	465.4472	8.237230284081402	164.4429858244261	1022.5976857372717	
466.4984	0.04480000000000928	Ripples						0.04480000000000928	466.52720000000005	15.290845690051249	158.99921730948265	1462.3510731256213	
466.6352	0.03120000000001255	Ripples						0.03120000000001255	466.6512	12.581757648511905	176.11679724527662	1127.6328761877362	
468.348	0.03520000000003165	Ripples						0.03520000000003165	468.35920000000004	6.703781484492533	153.64320331089178	802.8649828873488	
468.5024	0.04800000000000182	Ripples						0.04800000000000182	468.5296	21.63070446977404	148.29841117033877	1530.01882992222	
469.75280000000004	0.029599999999959437	Ripples						0.029599999999959437	469.7688	16.97339281651415	162.1989367747551	1438.5350557130064	
486.5264	0.04480000000000928	Ripples						0.04480000000000928	486.54080000000005	14.498987643821135	160.97616388531557	1458.0969948184957	
486.77680000000004	0.03519999999997481	Ripples						0.03519999999997481	486.8016	9.67422407487761	155.12793561096385	987.7815930730563	
487.77680000000004	0.026399999999966894	Ripples						0.026399999999966894	487.7936	14.293522143563306	170.96727778536027	1224.025350086553	
489.7112	0.02400000000000091	Ripples						0.02400000000000091	489.7216	11.964909674411611	164.38722666291298	969.4713794266229	
489.77520000000004	0.053599999999960346	Ripples						0.053599999999960346	489.8184	9.660827618784493	148.47009193270978	872.8313843425946	
489.9984	0.048800000000028376	Ripples						0.048800000000028376	490.0224	26.79864534535662	154.09141052183912	1869.8830775095742	
491.98400000000004	0.02400000000000091	Ripples						0.02400000000000091	492.0016	7.359803732722968	161.08193008657906	798.1507507743661	
499.9216	0.03680000000002792	Ripples						0.03680000000002792	499.94800000000004	5.782969936926307	155.31621623658003	671.2548474776842	
500.7744	0.088799999999992	Ripples						0.088799999999992	500.812	12.012570286225525	166.5515199508792	1293.8333509432928	
500.96320000000003	0.06639999999998736	Ripples						0.06639999999998736	500.9848	21.690931872891927	168.32671434138592	1696.4280374476161	
501.4728	0.03280000000000882	Ripples						0.03280000000000882	501.492	24.36706446974464	166.27468819435327	1848.929813828787	
501.65840000000003	0.024799999999970623	Ripples						0.024799999999970623	501.6696	8.124800655332402	155.79176954702012	882.9481303175068	
501.7912	0.03680000000002792	Ripples						0.03680000000002792	501.8032	10.976067992027957	163.26752928736315	1192.600094673098	
505.15840000000003	0.04480000000000928	Ripples						0.04480000000000928	505.16720000000004	8.635385188461742	168.09777089319127	873.5170464975881	
505.2776	0.021600000000034925	Ripples						0.021600000000034925	505.28880000000004	8.633704704587494	161.51785595229606	882.2482399600275	
508.1832	0.020800000000008367	Ripples						0.020800000000008367	508.19440000000003	6.508060187234333	166.80160176592545	899.223603571749	
512.6392000000001	0.05199999999990723	Ripples						0.05199999999990723	512.6728	6.584953554686812	156.43485568816004	680.9072206347272	
515.0	190.0	SleepStates											Non-REM
515.9368000000001	0.030399999999985994	Ripples						0.030399999999985994	515.9504000000001	11.336226234021222	167.75553880533465	1239.4118475792952	
516.3832	0.021600000000034925	Ripples						0.021600000000034925	516.3944	6.5766675250265285	160.97371141683095	886.4539676312114	
516.6264	0.03920000000005075	Ripples						0.03920000000005075	516.6408	15.946498684000593	158.1578952411946	1446.614736884348	
516.7520000000001	0.027999999999906322	Ripples						0.027999999999906322	516.7632	17.1496796352975	163.36072883426237	1458.7601536226996	
517.0528	0.030399999999985994	Ripples						0.030399999999985994	517.0608	6.631491758190033	167.09579176858293	715.198907928917	
519.2	0.021600000000034925	Ripples						0.021600000000034925	519.2088	11.859203732398624	164.673328362177	1155.1922225506464	
519.416	0.03679999999997108	Ripples						0.03679999999997108	519.4336000000001	25.353604076325073	165.24768729965945	1854.295036156678	
519.5216	0.04959999999994125	Ripples						0.04959999999994125	519.5432000000001	19.884413961448598	160.36260323170825	1675.0622816490104	
522.1264	0.04720000000008895	Ripples						0.04720000000008895	522.1592	10.600750703243184	165.86421622561423	1158.8930596837151	
522.7432	0.06720000000007076	Ripples						0.06720000000007076	522.7568	15.559823654168829	159.03745775452538	1477.9697138018535	
522.9792	0.028800000000046566	Ripples						0.028800000000046566	522.9944	10.474157266662996	157.60993785389874	1170.1243631198358	
523.3128	0.030399999999985994	Ripples						0.030399999999985994	523.3304	18.394396929599203	164.53539717545544	1516.0695359850629	
524.2752	0.03679999999997108	Ripples						0.03679999999997108	524.2936	22.563170593774576	157.7562574056226	1629.092442987714	
525.6232	0.0664000000000442	Ripples						0.0664000000000442	525.6512	16.237939296579523	152.22908916108494	1157.4499333702522	
528.5968	0.02800000000002001	Ripples						0.02800000000002001	528.6112	13.881053161040752	159.66282988718584	1310.9430586304572	
530.6624	0.05599999999992633	Ripples						0.05599999999992633	530.6976000000001	22.44450228715744	155.44215069196022	1552.541362271811	
530.78	0.03200000000003911	Ripples						0.03200000000003911	530.7928	19.635349927585427	165.7995176623546	1615.61279665454	
531.1008	0.05679999999995289	Ripples						0.05679999999995289	531.1144	16.957412916258964	161.08993981943684	1520.502670236164	
537.5576	0.04480000000000928	Ripples						0.04480000000000928	537.5752	22.946591227117256	155.0918645542973	1702.586718521387	
538.5784	0.024800000000027467	Ripples						0.024800000000027467	538.5896	14.782137880166841	167.4429481321277	1355.7482365219814	
538.6952	0.04079999999999018	Ripples						0.04079999999999018	538.712	14.112804202719682	163.51318538825075	1380.209668603529	
538.9624	0.030399999999985994	Ripples						0.030399999999985994	538.9792	20.565000210169504	165.0220006467066	1699.0271762676841	
545.1608	0.03200000000003911	Ripples						0.03200000000003911	545.1824	27.320999908806492	171.4893027704917	1764.3046154775898	
549.2872	0.028800000000046566	Ripples						0.028800000000046566	549.2992	10.717498976111264	155.6743647624884	1006.1138294050762	
549.4176	0.061599999999998545	Ripples						0.061599999999998545	549.46	15.64778365578186	159.11083349557592	1373.9811589143806	
550.1776	0.06880000000001019	Ripples						0.06880000000001019	550.2112000000001	6.311150860170498	160.80657475712357	971.6215651429412	
550.3664	0.04480000000000928	Ripples						0.04480000000000928	550.3808	10.722713708661795	160.02347731746815	1128.1069568192192	
550.4864	0.052800000000047476	Ripples						0.052800000000047476	550.5184	18.485064430863417	151.11866362746093	1414.1931530801717	
550.8584000000001	0.09679999999991651	Ripples						0.09679999999991651	550.8864	12.362843111414453	144.06304810561122	1100.939967506476	
552.0344	0.03840000000002419	Ripples						0.03840000000002419	552.048	24.091672995754053	157.15528830427468	1634.283426836829	
552.1976000000001	0.026399999999966894	Ripples						0.026399999999966894	552.2064	6.249496985357328	151.8449974524891	788.0195209898948	
552.3192	0.048800000000028376	Ripples						0.048800000000028376	552.34	19.5551759209109	149.2230322403324	1512.0879448734245	
552.4384	0.058400000000006	Ripples						0.058400000000006	552.4856	8.968173683722823	151.21658369830314	958.8396749168625	
553.1736000000001	0.03679999999997108	Ripples						0.03679999999997108	553.1888	7.736223848453534	157.61713612062704	701.8804142985787	
554.1080000000001	0.022399999999947795	Ripples						0.022399999999947795	554.12	5.063636932986925	149.7544073141313	690.6041769649471	
554.2456000000001	0.023199999999974352	Ripples						0.023199999999974352	554.2608	13.759822821321762	165.17968529042327	1188.8192181918666	
554.3856000000001	0.03279999999995198	Ripples						0.03279999999995198	554.4024000000001	25.021193800105095	164.93387732901664	1804.079736086318	
564.3928000000001	0.03679999999997108	Ripples						0.03679999999997108	564.4104	13.411329216830604	163.11648672076254	1396.4964321891985	
566.9104	0.037599999999997635	Ripples						0.037599999999997635	566.9312	14.288317976249424	153.9702803663474	1264.4965212807201	
569.9264000000001	0.10399999999992815	Ripples						0.10399999999992815	570.0136	10.512705865642276	149.19990025164256	1045.5708182243277	
570.2128	0.050399999999967804	Ripples						0.050399999999967804	570.2456000000001	12.833211871588945	155.1438503055471	1359.2658702550905	
572.3976	0.07759999999996126	Ripples						0.07759999999996126	572.4088	10.203392414450654	157.50647978149146	1118.796130696595	
574.052	0.053599999999960346	Ripples						0.053599999999960346	574.0696	18.041842841428466	158.10533964734833	1414.7192184391129	
577.8512000000001	0.05520000000001346	Ripples						0.05520000000001346	577.8872	32.11691757895037	157.13804387847617	2156.0468275007916	
577.972	0.032800000000065666	Ripples						0.032800000000065666	577.9872	9.584349676315208	153.72167876565425	997.717900721488	
578.124	0.02800000000002001	Ripples						0.02800000000002001	578.1360000000001	10.833495190106964	157.54658608997335	1172.9640406533545	
579.028	0.04480000000000928	Ripples						0.04480000000000928	579.048	17.463825516359776	156.66007453024525	1495.464237062823	
579.2080000000001	0.04479999999989559	Ripples						0.04479999999989559	579.2320000000001	23.496894715481687	155.3936045732243	1645.3103256387274	
579.5928	0.02800000000002001	Ripples						0.02800000000002001	579.6144	7.7152058765892155	161.86047033829254	790.8318208083	
587.8248	0.03920000000005075	Ripples						0.03920000000005075	587.8536	14.26031623262978	151.9774166935501	1092.2702479528627	
588.7744	0.04640000000006239	Ripples						0.04640000000006239	588.7984	20.172273593233022	157.4822423626536	1747.0860024311085	
591.4544000000001	0.04559999999992215	Ripples						0.04559999999992215	591.4768	20.936154007126277	158.74604492497204	1824.9428772038814	
592.6304	0.032800000000065666	Ripples						0.032800000000065666	592.6448	27.38416922752978	166.04743821787838	1905.5850875360613	
592.6912	0.021600000000034925	Ripples						0.021600000000034925	592.6992	7.919172948954557	159.76960522015767	990.3682359224398	
593.2952	0.02719999999999345	Ripples						0.02719999999999345	593.3152	5.288156843355382	151.94949171322037	652.9087172036974	
593.724	0.03120000000001255	Ripples						0.03120000000001255	593.7416000000001	13.543013616308661	159.4776953807191	1312.765112931989	
594.38	0.05360000000007403	Ripples						0.05360000000007403	594.3936	6.934326521485469	155.6975549393216	738.7387953513062	
595.2784	0.03279999999995198	Ripples						0.03279999999995198	595.2896000000001	18.632567789878134	162.54565870754058	1456.3831690925988	
595.5272	0.02719999999999345	Ripples						0.02719999999999345	595.5408	11.447980055862244	163.2019629326005	1197.6808643347433	
595.9688	0.02320000000008804	Ripples						0.02320000000008804	595.9776	15.071868414617105	157.5371852814544	1206.4192870847799	
597.8176000000001	0.022399999999947795	Ripples						0.022399999999947795	597.8296	5.036349305426771	150.29807747882285	573.7310424497944	
600.2864000000001	0.04480000000000928	Ripples						0.04480000000000928	600.304	10.816645869058508	157.63723346413266	1318.8776018271133	
603.1032	0.041600000000016735	Ripples						0.041600000000016735	603.1208	15.094301918968535	167.21278679894388	1263.931922591525	
603.2	0.058400000000006	Ripples						0.058400000000006	603.2296	7.334388525450662	140.4390587410703	608.8234900571509	
611.876	0.028800000000046566	Ripples						0.028800000000046566	611.8888000000001	8.25166550067456	164.26375316399793	1068.3560011814802	
614.1488	0.04319999999995616	Ripples						0.04319999999995616	614.1688	18.054482069216636	165.74414965143555	1602.5560247047135	
614.3552000000001	0.05919999999991887	Ripples						0.05919999999991887	614.3736	8.298489963256886	153.7703209581576	671.5771318854911	
615.2424	0.025600000000054024	Ripples						0.025600000000054024	615.2544	18.720837816635264	163.07332900022473	1525.0544264255082	
621.5704000000001	0.11439999999993233	Ripples						0.11439999999993233	621.6672	16.46198240502717	150.96961063348652	1240.162819124023	
623.4200000000001	0.03440000000000509	Ripples						0.03440000000000509	623.4408000000001	33.27897101149712	161.6638696523065	2049.2885949278325	
623.532	0.05200000000002092	Ripples						0.05200000000002092	623.5464000000001	24.372889463719556	156.77903536014085	1764.6615656473487	
623.6456000000001	0.06399999999996453	Ripples						0.06399999999996453	623.6648	8.854106762272707	153.58934774138518	800.9907699328278	
623.8152	0.032800000000065666	Ripples						0.032800000000065666	623.832	15.298686237802633	161.47825075249946	1570.3563565099807	
623.908	0.03999999999996362	Ripples						0.03999999999996362	623.9272000000001	10.99149029784674	147.24282508121442	980.3574920285297	
630.0432000000001	0.04319999999995616	Ripples						0.04319999999995616	630.076	8.760014582859462	160.72506340260253	1050.5153455698005	
631.3368	0.050399999999967804	Ripples						0.050399999999967804	631.352	9.703413587335328	151.66450121701206	1035.7208663536255	
632.2544	0.053599999999960346	Ripples						0.053599999999960346	632.2752	19.110081362054405	155.47320156146583	1593.6185081616018	
632.3912	0.037599999999997635	Ripples						0.037599999999997635	632.4048	13.400931545302596	163.20995146223493	1366.5990671201678	
632.5832	0.04959999999994125	Ripples						0.04959999999994125	632.6152000000001	9.429762813239813	154.9698336741549	1182.8033686574927	
633.4848000000001	0.03199999999992542	Ripples						0.03199999999992542	633.4984000000001	8.584607767464634	156.13124750665204	827.7684132088907	
639.6064	0.07519999999999527	Ripples						0.07519999999999527	639.6176	15.144560302779215	163.89970979240118	1395.5038168903677	
647.86	0.05119999999999436	Ripples						0.05119999999999436	647.8776	5.773106112555782	151.71467959609177	629.0538701310652	
650.6016000000001	0.04879999999991469	Ripples						0.04879999999991469	650.6208	15.627492158606088	162.5679657789029	1321.1541244485256	
650.7392	0.04240000000004329	Ripples						0.04240000000004329	650.7592000000001	36.026297051307864	161.9935222435484	2293.7644778774347	
653.0704000000001	0.06319999999993797	Ripples						0.06319999999993797	653.1016000000001	6.558387568740764	151.00857623828543	645.2770017904775	
656.9952000000001	0.04719999999997526	Ripples						0.04719999999997526	657.0176	22.33227966376589	154.3389820321331	1430.868760458811	
663.38	0.06960000000003674	Ripples						0.06960000000003674	663.3936	12.25598566221207	154.62972477591225	1272.3769586031779	
664.508	0.03200000000003911	Ripples						0.03200000000003911	664.52	8.815382915390776	157.38278087082247	961.7577630429312	
664.6320000000001	0.020800000000008367	Ripples						0.020800000000008367	664.6432	5.816767942244914	162.22957576466146	856.4146326311339	
664.9464	0.10479999999995471	Ripples						0.10479999999995471	665.032	10.026058663082594	165.28033408415263	1296.357633224098	
665.2528	0.036800000000084765	Ripples						0.036800000000084765	665.2728000000001	20.20578044910893	163.59821212648203	1697.4079416327827	
666.3512000000001	0.03120000000001255	Ripples						0.03120000000001255	666.368	20.663300542179584	159.06327301834818	1549.2345756968382	
671.5272	0.03520000000003165	Ripples						0.03520000000003165	671.5456	19.86336074729484	155.9394795676729	1404.4477563478542	
671.6584	0.052800000000047476	Ripples						0.052800000000047476	671.6736000000001	5.167826878112657	146.92818042682865	561.4648583013986	
675.2352000000001	0.023199999999974352	Ripples						0.023199999999974352	675.2512	6.161833773877522	151.01063184789635	633.4594973074642	
675.5816	0.07760000000007494	Ripples						0.07760000000007494	675.616	12.35636824612719	156.96784812906577	1374.9336161425385	
685.7	0.04800000000000182	Ripples						0.04800000000000182	685.7304	7.793840387221661	158.36114069085454	1081.2354019821003	
685.8472	0.045600000000035834	Ripples						0.045600000000035834	685.8584000000001	10.800713595787773	163.74135310072714	1190.1731094872207	
690.5472000000001	0.07039999999994961	Ripples						0.07039999999994961	690.5992	7.215114214297438	154.3817182036856	833.5788235178827	
692.2768	0.058400000000006	Ripples						0.058400000000006	692.3144	7.018605555778139	148.88723077071148	749.1840383388691	
694.8328	0.053599999999960346	Ripples						0.053599999999960346	694.8584000000001	16.01297135493189	149.65776985914343	1185.154623181732	
696.052	0.03679999999997108	Ripples						0.03679999999997108	696.0744000000001	6.454332603739267	150.25391018591233	664.5734171450541	
696.176	0.029599999999959437	Ripples						0.029599999999959437	696.1952	5.923582660509775	152.1341497808817	507.511511068925	
701.1424000000001	0.10559999999998126	Ripples						0.10559999999998126	701.1944000000001	13.450289453246375	152.71457280063987	1059.2704730451492	
701.4624	0.0744000000000824	Ripples						0.0744000000000824	701.524	14.409173480263256	154.47734018033464	1445.2202574662017	
701.6032	0.03200000000003911	Ripples						0.03200000000003911	701.6208	8.01041530326096	158.62827506767633	1011.6184317517315	
704.2848	0.045600000000035834	Ripples						0.045600000000035834	704.3040000000001	9.432509968428299	152.06104435894443	840.2846577583969	
704.3952	0.03279999999995198	Ripples						0.03279999999995198	704.4104	13.462612706868812	153.53000086078066	1198.0868471677043	
705.6064	0.02800000000002001	Ripples						0.02800000000002001	705.624	12.727803703362156	165.6730705635777	1293.3909735466507	
706.0	21.0	SleepStates											Awake
716.1176	0.030399999999985994	Ripples						0.030399999999985994	716.1344	14.327544088527405	163.87021590109205	1423.6568223627035	
725.0208	0.032800000000065666	Ripples						0.032800000000065666	725.0360000000001	6.991200731419068	153.85806585164545	845.1178029767905	
725.5848000000001	0.03279999999995198	Ripples						0.03279999999995198	725.5992	9.398784845671463	154.76970385327638	807.6938023921008	
727.6488	0.03679999999997108	Ripples						0.03679999999997108	727.6696000000001	22.797253910657613	166.2829603192196	1881.297721165073	
727.9952000000001	0.050399999999967804	Ripples						0.050399999999967804	728.024	10.122521533002065	145.96310825840303	815.2283681068653	
728.0	227.0	SleepStates											Non-REM
732.9784000000001	0.025599999999940337	Ripples						0.025599999999940337	732.9904	13.346720400335975	158.5457306108162	1215.3535206457404	
733.0856	0.05600000000004002	Ripples						0.05600000000004002	733.1072	15.466073794569303	149.24749054855147	1365.248990785881	
733.5824	0.06320000000005166	Ripples						0.06320000000005166	733.604	8.351783936125175	152.65264735781665	930.0297253079644	
733.768	0.04079999999999018	Ripples						0.04079999999999018	733.7816	23.903660508731015	158.79225287596373	1725.9792873516683	
735.5128000000001	0.042399999999929605	Ripples						0.042399999999929605	735.544	19.761270056732215	158.48437808979912	1561.655218205349	
735.9808	0.053599999999960346	Ripples						0.053599999999960346	735.9976	13.737931185779482	163.0200776482526	1140.8209913909686	
736.9288	0.05200000000002092	Ripples						0.05200000000002092	736.9432	21.110167806360366	158.8449243223822	1667.39570988582	
741.4936	0.024800000000027467	Ripples						0.024800000000027467	741.5120000000001	6.561440524054831	158.91893631170112	753.3491147123227	
741.9864	0.04480000000000928	Ripples						0.04480000000000928	741.9952000000001	13.60470618870756	161.64874077370126	1198.0141044738184	
749.8264	0.03200000000003911	Ripples						0.03200000000003911	749.8376000000001	9.908425991471681	158.43036202664064	1099.5715725187883	
752.7064	0.03920000000005075	Ripples						0.03920000000005075	752.7280000000001	10.569329828425142	152.07018501107947	962.8626655857234	
753.5736	0.04800000000000182	Ripples						0.04800000000000182	753.6072	14.342037115507464	162.8221238222942	1374.8740967766182	
753.7984	0.04000000000007731	Ripples						0.04000000000007731	753.8176000000001	13.140220173540461	148.2251160028086	973.3360416771704	
756.5624	0.04399999999998272	Ripples						0.04399999999998272	756.5928	11.563291783512254	153.57173868309192	1143.6459417664933	
758.7952	0.05200000000002092	Ripples						0.05200000000002092	758.8032000000001	5.819201821087419	158.503771309295	484.97200007946884	
758.9336000000001	0.02879999999993288	Ripples						0.02879999999993288	758.952	16.933543717452164	159.92564700256727	1286.2247680680412	
759.2736	0.036800000000084765	Ripples						0.036800000000084765	759.2888	11.782927039321708	149.6200354341	964.7164319110659	
759.6768000000001	0.03440000000000509	Ripples						0.03440000000000509	759.6896	11.827614967579224	177.05050676302267	1091.0636944167686	
769.9248	0.05040000000008149	Ripples						0.05040000000008149	769.9536	11.59156261568757	148.78420804553534	1135.7922228242328	
770.0448	0.03679999999997108	Ripples						0.03679999999997108	770.0672000000001	10.090321509235704	152.226787151352	905.2172191904534	
770.1600000000001	0.04559999999992215	Ripples						0.04559999999992215	770.1912	13.960241790791532	152.67142861715828	1295.7983591197547	
770.8936	0.02800000000002001	Ripples						0.02800000000002001	770.9072	8.840718626300315	155.9070705960431	1003.5433238827804	
771.2864000000001	0.042399999999929605	Ripples						0.042399999999929605	771.2976	12.717657130632482	157.08508523490914	1085.0734156811666	
772.9248	0.04000000000007731	Ripples						0.04000000000007731	772.9552	6.593277705053649	162.7511616581026	1026.0894099720795	
773.056	0.03440000000000509	Ripples						0.03440000000000509	773.0704000000001	5.899727263356275	147.96889169800164	843.1124670506724	
773.2048000000001	0.034399999999891406	Ripples						0.034399999999891406	773.2192	23.96490272329038	157.52766559146374	1694.2016912398783	
775.1600000000001	0.05919999999991887	Ripples						0.05919999999991887	775.2048000000001	12.276933693867319	148.26135915027066	1126.9136553236576	
775.3040000000001	0.03999999999996362	Ripples						0.03999999999996362	775.3144000000001	8.83737669673539	155.75672034830805	940.3910370544294	
785.8088	0.05200000000002092	Ripples						0.05200000000002092	785.8384000000001	17.43593881060668	153.91867413383133	1188.2308551226427	
785.9056	0.08240000000000691	Ripples						0.08240000000000691	785.9672	23.613330736231003	156.01570072872556	1880.705855004542	
786.0656	0.037599999999997635	Ripples						0.037599999999997635	786.0824	22.925879374068742	157.89292725321903	1782.5781974360648	
786.1360000000001	0.026399999999966894	Ripples						0.026399999999966894	786.148	18.97896886059519	157.88361902720968	1439.3654247884133	
791.3776	0.029599999999959437	Ripples						0.029599999999959437	791.3976	6.584355233804425	160.04499041463703	590.4540346369589	
791.5352	0.04800000000000182	Ripples						0.04800000000000182	791.5608000000001	8.676276755962078	157.15855877536384	745.3678574983041	
791.7216000000001	0.04800000000000182	Ripples						0.04800000000000182	791.7336	18.64109075153232	151.80962585397023	1375.3588394412484	
791.8656000000001	0.03440000000000509	Ripples						0.03440000000000509	791.8832	7.945686525516756	155.35615094038388	1052.0092051738973	
792.2448	0.02879999999993288	Ripples						0.02879999999993288	792.2592000000001	12.453981621776652	155.03971423889075	1078.4257993304875	
797.6064	0.041600000000016735	Ripples						0.041600000000016735	797.6320000000001	15.979019098039714	154.34806420446742	1403.7376710152241	
797.9896	0.04000000000007731	Ripples						0.04000000000007731	798.0176	12.83663865320134	150.1224959894613	1122.4130777051864	
798.8792000000001	0.030399999999985994	Ripples						0.030399999999985994	798.8952	9.710644594601368	150.5886394123714	848.6924897696338	
799.0648	0.04640000000006239	Ripples						0.04640000000006239	799.0872	18.95246876548662	150.65444341862369	1216.7561979346444	
799.9608000000001	0.03679999999997108	Ripples						0.03679999999997108	799.9712000000001	11.968230443326567	161.77283916085838	1142.6107071378417	
800.0536000000001	0.04399999999998272	Ripples						0.04399999999998272	800.0808000000001	10.443309035506376	153.96830292362827	1075.0440595939635	
800.3632	0.02800000000002001	Ripples						0.02800000000002001	800.3744	7.469332117937501	155.34549654563273	985.6444573089552	
800.7984	0.03120000000001255	Ripples						0.03120000000001255	800.8104000000001	6.149812826375015	155.61250351839212	633.7608122041087	
801.7280000000001	0.022399999999947795	Ripples						0.022399999999947795	801.74	5.758649370610062	152.67830275331164	724.2064069134294	
805.0248	0.030399999999985994	Ripples						0.030399999999985994	805.0368000000001	5.011708856293738	148.002222196495	489.16409943441266	
808.7144000000001	0.04079999999999018	Ripples						0.04079999999999018	808.7296	6.843504675379645	146.6489634761872	699.458250148611	
810.5072	0.020800000000008367	Ripples						0.020800000000008367	810.5184	6.824814311687567	165.10964086811342	859.0086849653552	
811.0256	0.07519999999999527	Ripples						0.07519999999999527	811.0376	7.535088583655246	151.5302813482515	680.9774080288416	
812.0216	0.037599999999997635	Ripples						0.037599999999997635	812.0360000000001	6.911721156113775	158.2326566158333	1049.6720595598497	
817.88	0.04640000000006239	Ripples						0.04640000000006239	817.9048	18.612222936232612	150.1968481078972	1385.624257043997	
817.956	0.06000000000005912	Ripples						0.06000000000005912	817.9816000000001	6.566507859661208	149.06874329375046	796.2726468048855	
837.1472	0.04079999999999018	Ripples						0.04079999999999018	837.1592	11.964250064146297	154.85207201612164	1070.4370216279115	
837.2544	0.07280000000002929	Ripples						0.07280000000002929	837.2792000000001	25.684814610704738	150.06363432512626	1744.9944470085534	
840.892	0.03599999999994452	Ripples						0.03599999999994452	840.9096000000001	10.337997610673854	149.83679000932608	969.6773678599376	
849.6824	0.024800000000027467	Ripples						0.024800000000027467	849.6936000000001	8.717039121801912	160.08710452979588	890.5145470715668	
849.9416	0.06560000000001764	Ripples						0.06560000000001764	849.956	11.700926191333947	157.6577420505688	943.2435237853298	
850.1968	0.07359999999994216	Ripples						0.07359999999994216	850.2528000000001	17.437536825850664	154.0188331609789	1327.8060225189663	
858.5432000000001	0.02400000000000091	Ripples						0.02400000000000091	858.5568000000001	8.484159956489803	159.344161629784	1005.738400728525	
858.5880000000001	0.041600000000016735	Ripples						0.041600000000016735	858.6048000000001	11.605283739427907	161.34686352526202	1251.7219791896107	
860.3936	0.024800000000027467	Ripples						0.024800000000027467	860.4016	14.36267404180739	163.77709653446217	1178.5761061409748	
861.7856	0.028800000000046566	Ripples						0.028800000000046566	861.8000000000001	7.64203954537499	153.30938881079842	867.7266223605368	
867.4656	0.05200000000002092	Ripples						0.05200000000002092	867.4864	6.894326090854942	158.55143657394174	967.1532916620652	
868.0752	0.022400000000061482	Ripples						0.022400000000061482	868.0904	6.128634683479402	161.33432939905578	772.1446831984312	
868.3856000000001	0.09359999999992397	Ripples						0.09359999999992397	868.4032000000001	8.684055853011746	147.42577716608324	788.5330077316012	
871.1056000000001	0.04479999999989559	Ripples						0.04479999999989559	871.1224000000001	7.905027168033791	169.62854199482052	1094.6394064303954	
871.2576	0.03999999999996362	Ripples						0.03999999999996362	871.2784	26.747194551879264	159.67494010264087	1935.1951678415562	
871.4000000000001	0.03999999999996362	Ripples						0.03999999999996362	871.4184	15.65428823718204	148.86268200035573	1201.5948441476307	
872.7096	0.04399999999998272	Ripples						0.04399999999998272	872.7432	7.8903227728925485	151.2643871479483	870.7671554771659	
874.8376000000001	0.04079999999999018	Ripples						0.04079999999999018	874.8536	9.835972872827128	152.65994396808728	945.4869531713068	
875.0928	0.05920000000003256	Ripples						0.05920000000003256	875.1408	8.443596670920806	165.8040100484351	1082.0732231987622	
875.5888	0.024800000000027467	Ripples						0.024800000000027467	875.6	6.995120117901989	153.10054296708512	815.0042688919767	
895.0208	0.04079999999999018	Ripples						0.04079999999999018	895.0376	18.891388540708267	158.58740775260452	1583.7869726870522	
899.5208	0.03440000000000509	Ripples						0.03440000000000509	899.5384	11.26118822635466	163.03826991241266	1305.7014560221144	
899.7312000000001	0.020800000000008367	Ripples						0.020800000000008367	899.7456000000001	5.603677645249167	154.1088390468707	713.4559898708694	
901.2184000000001	0.035199999999917964	Ripples						0.035199999999917964	901.2368	26.776975974389813	158.01718641827142	1796.9384371643278	
901.4176	0.04000000000007731	Ripples						0.04000000000007731	901.4440000000001	12.895679468117352	156.90935669047312	1102.9341621037229	
905.9656	0.03840000000002419	Ripples						0.03840000000002419	905.9904	17.86544548910376	156.95899187242864	1369.3698545964926	
912.4896	0.04240000000004329	Ripples						0.04240000000004329	912.5072	23.202578678288877	161.54456627243212	1630.8990528339107	
917.4984000000001	0.05999999999994543	Ripples						0.05999999999994543	917.5272	19.833337287243776	154.11708958664516	1512.7652935689198	
920.5152	0.04319999999995616	Ripples						0.04319999999995616	920.5352	29.332109268375987	163.6442177855879	2107.598234764712	
920.6112	0.03679999999997108	Ripples						0.03679999999997108	920.6408	8.804848392294739	165.72389222520786	956.641944052046	
926.7752	0.049600000000054933	Ripples						0.049600000000054933	926.7976	9.731474310189535	145.40695799995717	889.8596293708251	
926.9496	0.04079999999999018	Ripples						0.04079999999999018	926.9824000000001	8.200085314992876	153.00390581334332	785.2222949643105	
928.2936000000001	0.05199999999990723	Ripples						0.05199999999990723	928.3144000000001	28.500159230796225	155.9728727147882	1788.4273036813772	
928.4192	0.04719999999997526	Ripples						0.04719999999997526	928.4344000000001	15.43583731154818	156.5390215441568	1145.0563336262749	
933.7032	0.03920000000005075	Ripples						0.03920000000005075	933.7208	13.242094965552482	154.26490829800784	1219.7749157875967	
941.2648	0.045600000000035834	Ripples						0.045600000000035834	941.2936000000001	14.058283430922693	152.69301410120752	1272.327828112396	
941.8656000000001	0.02400000000000091	Ripples						0.02400000000000091	941.8792000000001	6.561538336460357	161.48543203750697	934.274119322547	
943.1448	0.03120000000001255	Ripples						0.03120000000001255	943.1624	6.792534117512352	150.86115186372962	707.3526272865514	
943.2896000000001	0.05119999999999436	Ripples						0.05119999999999436	943.316	7.788028036262188	147.02857968330412	779.1161100451881	
944.3776	0.04399999999998272	Ripples						0.04399999999998272	944.3896000000001	8.982467361590706	154.5443121732801	1021.7243874495373	
945.0184	0.029599999999959437	Ripples						0.029599999999959437	945.0352	17.048721283765907	165.06857457343492	1509.719620149309	
946.6872000000001	0.035199999999917964	Ripples						0.035199999999917964	946.7008000000001	21.094212314887308	159.59434418541466	1446.6276779079644	
948.2128	0.06320000000005166	Ripples						0.06320000000005166	948.2384000000001	13.181073620523373	153.80057094542323	1298.9259917101933	
948.4288	0.03840000000002419	Ripples						0.03840000000002419	948.4568	20.088674908213513	158.4591485392476	1529.6126788344748	
956.0	13.0	SleepStates											Awake
959.2848	0.022400000000061482	Ripples						0.022400000000061482	959.2992	10.239833684209298	155.7983425899115	948.7416834692873	
959.4496	0.04719999999997526	Ripples						0.04719999999997526	959.4688000000001	9.35159640178083	149.49340268321984	952.2012723587925	
970.0	325.0	SleepStates											Non-REM
971.4408000000001	0.04879999999991469	Ripples						0.04879999999991469	971.4792	10.69261649356867	169.27258440202363	1123.7584368351193	
974.8064	0.06799999999998363	Ripples						0.06799999999998363	974.8216000000001	8.609670005582236	149.14637858682482	783.5251579525437	
974.936	0.028800000000046566	Ripples						0.028800000000046566	974.9472000000001	11.475884233795433	157.16568498555338	1184.1387553014265	
975.0352	0.025600000000054024	Ripples						0.025600000000054024	975.0472000000001	6.738680605552887	158.02106397327228	884.0577888301311	
977.5488	0.06799999999998363	Ripples						0.06799999999998363	977.5880000000001	19.298605883504447	154.13679121722754	1702.0227833532485	
977.6896	0.04399999999998272	Ripples						0.04399999999998272	977.7128	10.792111439598498	146.8441486520921	852.2185517719009	
979.8008000000001	0.04879999999991469	Ripples						0.04879999999991469	979.8144000000001	13.538644732959053	160.57018761471474	1330.6468681153262	
979.9944	0.037599999999997635	Ripples						0.037599999999997635	980.0208	5.655953177479436	152.87942303781344	669.09177128038	
980.8744	0.04240000000004329	Ripples						0.04240000000004329	980.888	14.520054585901109	156.80538855805142	1252.8535200810024	
982.3208000000001	0.06719999999995707	Ripples						0.06719999999995707	982.3496	16.01350329479175	150.21604913210376	1360.108518510938	
982.4576000000001	0.037599999999997635	Ripples						0.037599999999997635	982.4720000000001	32.770411715012145	155.5673829567701	1908.3343183560444	
982.6712	0.029600000000073123	Ripples						0.029600000000073123	982.6792	7.0776735137825	150.4617115681789	709.9502715241204	
983.6392000000001	0.029599999999959437	Ripples						0.029599999999959437	983.6512	5.618202427840073	152.06659937715418	777.8129763862398	
992.1976000000001	0.062399999999911415	Ripples						0.062399999999911415	992.2392000000001	13.781714787571373	151.09895267418275	1254.8079156284725	
992.38	0.03840000000002419	Ripples						0.03840000000002419	992.3944	22.74319922651189	156.1841966194183	1697.2944977042773	
994.4952000000001	0.025599999999940337	Ripples						0.025599999999940337	994.5104	5.055380113173331	154.50160800833947	810.2840524490631	
995.5712000000001	0.02879999999993288	Ripples						0.02879999999993288	995.5832	18.817644099961516	160.7508980803728	1445.1927844169907	
995.8056	0.03600000000005821	Ripples						0.03600000000005821	995.8312000000001	12.776988030159792	153.53652087858205	1107.6333591354078	
996.7512	0.04319999999995616	Ripples						0.04319999999995616	996.7656000000001	18.392784943289193	154.06216393431706	1438.8908280575868	
998.6424000000001	0.042399999999929605	Ripples						0.042399999999929605	998.6776000000001	10.26070289197061	162.41211393219072	1109.5254519870364	
1006.2008000000001	0.03199999999992542	Ripples						0.03199999999992542	1006.2264	7.478391920727856	150.6836846089083	744.873338397002	
1006.3072000000001	0.03840000000002419	Ripples						0.03840000000002419	1006.332	19.006862658750755	159.63354586076906	1592.315202802926	
1006.6	0.021600000000034925	Ripples						0.021600000000034925	1006.6144	8.227542646729551	161.1083454691082	886.3646397748828	
1009.268	0.052800000000047476	Ripples						0.052800000000047476	1009.2936000000001	24.08162194547166	152.61471331441143	1497.9111470351763	
1010.7224	0.04720000000008895	Ripples						0.04720000000008895	1010.7448	18.77105895446609	152.9450168786768	1446.011560465094	
1023.008	0.02800000000002001	Ripples						0.02800000000002001	1023.0224000000001	5.249710281430603	150.48203309017384	757.055134040126	
1025.8728	0.03919999999993706	Ripples						0.03919999999993706	1025.8984	16.848722794324438	156.69484405900207	1517.452302652836	
1026.4704000000002	0.04399999999986903	Ripples						0.04399999999986903	1026.4928	22.96808533158992	153.44837951963706	1402.5885612552581	
1026.8088	0.03520000000003165	Ripples						0.03520000000003165	1026.82	14.479596765289076	155.1037878033552	1251.6617924911511	
1027.8712	0.06320000000005166	Ripples						0.06320000000005166	1027.9016000000001	8.726676679389756	150.14866060418018	800.892012858837	
1031.7528	0.03920000000016444	Ripples						0.03920000000016444	1031.768	10.9436580556991	152.07225184088531	997.3326891702449	
1035.7768	0.05039999999985412	Ripples						0.05039999999985412	1035.788	6.947850251104236	158.34922638662113	695.3713422273117	
1036.2216	0.04800000000000182	Ripples						0.04800000000000182	1036.2368000000001	15.634130499009439	151.25993633494383	1209.5373388364362	
1044.1352	0.03920000000016444	Ripples						0.03920000000016444	1044.1464	7.546684997904383	159.8717307361186	841.9263433463782	
1044.48	0.0543999999999869	Ripples						0.0543999999999869	1044.4992	17.1773065670639	149.80482143898396	1298.5284377355729	
1044.7920000000001	0.033599999999978536	Ripples						0.033599999999978536	1044.8024	17.584205092587165	160.39970864124413	1366.6711385852655	
1053.7848000000001	0.035999999999830834	Ripples						0.035999999999830834	1053.8168	5.33347316493388	154.3681510105059	677.075229949711	
1054.5536	0.044800000000122964	Ripples						0.044800000000122964	1054.5752	14.043237459605043	153.7440164547529	1361.1936086955184	
1078.7912000000001	0.030399999999872307	Ripples						0.030399999999872307	1078.8144	7.973422589685811	162.11516062376725	793.4070221789445	
1119.1368	0.03600000000005821	Ripples						0.03600000000005821	1119.1480000000001	7.993824840267538	154.61407986776595	978.8410999307882	
1119.2720000000002	0.05999999999994543	Ripples						0.05999999999994543	1119.3120000000001	12.123442005669645	150.0612654066552	1252.0787326136438	
1119.4728	0.03999999999996362	Ripples						0.03999999999996362	1119.4904000000001	13.353703397820636	151.7807747247055	1103.8012108794082	
1125.8880000000001	0.0647999999998774	Ripples						0.0647999999998774	1125.9176	15.926310902405712	148.21775067751173	1265.0127095405658	
1131.28	0.048800000000028376	Ripples						0.048800000000028376	1131.2936	15.387754886525745	155.59450498879912	1324.9486943812087	
1133.056	0.029600000000073123	Ripples						0.029600000000073123	1133.0776	7.714162449856967	153.21290372690066	865.6294726725833	
1133.4088000000002	0.05919999999991887	Ripples						0.05919999999991887	1133.4424000000001	15.237215635110646	150.325102979064	1076.830689796006	
1133.5848	0.03440000000000509	Ripples						0.03440000000000509	1133.5968	7.555670202319707	152.6816720256537	775.097816274111	
1134.7640000000001	0.028799999999819192	Ripples						0.028799999999819192	1134.7752	6.329664679620522	155.4701063888173	797.8255436105578	
1135.3704	0.04079999999999018	Ripples						0.04079999999999018	1135.3928	8.143068012630259	146.77335527977849	726.3625151785549	
1142.4392	0.06400000000007822	Ripples						0.06400000000007822	1142.46	16.605370643479443	160.07332443693872	1574.6563445064953	
1145.1576	0.033599999999978536	Ripples						0.033599999999978536	1145.1744	15.144533277260617	164.255341812034	1495.840720602737	
1145.9016000000001	0.046399999999948704	Ripples						0.046399999999948704	1145.9272	7.233229372099696	147.36599566494206	882.1088062345427	
1146.5728000000001	0.02800000000002001	Ripples						0.02800000000002001	1146.5872000000002	7.3837505880387875	158.18813997669093	897.484828412405	
1146.6888000000001	0.041600000000016735	Ripples						0.041600000000016735	1146.7168000000001	16.200312492516996	156.33065364320186	1459.688866983414	
1146.912	0.03279999999995198	Ripples						0.03279999999995198	1146.9264	17.662007432824247	157.15568369337214	1373.7718061928183	
1148.4888	0.026399999999966894	Ripples						0.026399999999966894	1148.5040000000001	6.117136639596442	143.9371519522354	575.4733093737206	
1148.6296	0.022400000000061482	Ripples						0.022400000000061482	1148.6408000000001	5.096743090407158	152.78120099417544	576.2105184879906	
1148.7688	0.025599999999940337	Ripples						0.025599999999940337	1148.7832	5.4930477063133285	147.73694959110327	627.1168622750228	
1164.516	0.03440000000000509	Ripples						0.03440000000000509	1164.5392000000002	9.009449379097099	155.74509410875388	879.6066137534815	
1164.6656	0.03199999999992542	Ripples						0.03199999999992542	1164.6776	16.487205966646048	158.32208301308967	1401.2555457365231	
1165.4104	0.09360000000015134	Ripples						0.09360000000015134	1165.4376	6.638430021678706	152.44397293352722	647.8279770661386	
1165.66	0.06559999999990396	Ripples						0.06559999999990396	1165.7152	12.15842492068609	159.84043518648159	1141.3673679690662	
1169.4552	0.05199999999990723	Ripples						0.05199999999990723	1169.4792	16.311405481754974	152.00639953426034	1358.133456446818	
1173.7856000000002	0.055999999999812644	Ripples						0.055999999999812644	1173.8144	21.47934889579253	148.82566148431835	1678.4542585201502	
1173.9104	0.05520000000001346	Ripples						0.05520000000001346	1173.9304	24.020829971545588	154.87654172945136	1797.9800142138622	
1176.7904	0.033599999999978536	Ripples						0.033599999999978536	1176.816	11.042727150351443	157.61153547760264	1013.504548710217	
1177.0208	0.03840000000013788	Ripples						0.03840000000013788	1177.0416	17.07387164354885	154.77710602785663	1402.9143294992732	
1189.2016	0.05279999999993379	Ripples						0.05279999999993379	1189.2208	6.639577721431551	146.49217468905778	561.956781359895	
1189.3944000000001	0.04399999999986903	Ripples						0.04399999999986903	1189.4112	20.901776747700705	156.7365659464161	1604.846463127103	
1191.0984	0.028800000000046566	Ripples						0.028800000000046566	1191.1056	5.110342200904209	155.75415100288433	733.3117899744007	
1196.4672	0.02320000000008804	Ripples						0.02320000000008804	1196.4728	5.585896707993136	154.33423797670616	586.6201375823645	
1196.776	0.046399999999948704	Ripples						0.046399999999948704	1196.8008	23.957834500668916	154.65293013532334	1520.9525869542017	
1197.9864	0.024800000000141154	Ripples						0.024800000000141154	1197.9976000000001	14.397284050177793	158.8329510635446	1147.2167464066463	
1198.1464	0.03600000000005821	Ripples						0.03600000000005821	1198.1568	7.075549990619185	158.9103714316106	669.559377164877	
1199.2392	0.044000000000096406	Ripples						0.044000000000096406	1199.2656	7.79383465965946	152.13481865482282	784.7668896572085	
1206.8056000000001	0.048800000000028376	Ripples						0.048800000000028376	1206.8224	15.747238367329775	156.96360857050743	1190.0954353043296	
1210.3120000000001	0.021600000000034925	Ripples						0.021600000000034925	1210.3232	6.279921237264171	162.66430722390766	772.9274308849341	
1215.976	0.03279999999995198	Ripples						0.03279999999995198	1215.9992	10.733632344478934	154.79818242990325	942.5097048833644	
1216.7336	0.033599999999978536	Ripples						0.033599999999978536	1216.7416	5.469273637486512	157.34303605651485	737.4704410582901	
1217.4408	0.020800000000008367	Ripples						0.020800000000008367	1217.452	10.487736703373809	169.36467184726442	1003.9535862600941	
1218.6992	0.02719999999999345	Ripples						0.02719999999999345	1218.7176	5.340224584773184	155.0234676880326	811.6983396696954	
1218.8120000000001	0.03679999999985739	Ripples						0.03679999999985739	1218.8344	14.726846838640666	154.33009843290097	1177.394818678437	
1219.0232	0.03919999999993706	Ripples						0.03919999999993706	1219.0448000000001	14.824069112553307	156.10534774902212	1288.62785473245	
1219.144	0.03760000000011132	Ripples						0.03760000000011132	1219.1688000000001	7.079009062444535	153.1323496122898	823.0920084962473	
1222.5968	0.03199999999992542	Ripples						0.03199999999992542	1222.6048	7.219292563256968	166.5403496471224	859.4398251031017	
1223.5912	0.025599999999940337	Ripples						0.025599999999940337	1223.6064000000001	5.2553277827535405	147.12609666511878	630.2177891575622	
1226.94	0.05120000000010805	Ripples						0.05120000000010805	1226.9808	15.445742565315237	159.01935381716774	1206.9319569908796	
1233.6968000000002	0.05519999999978609	Ripples						0.05519999999978609	1233.732	21.737930381501183	150.50785787679973	1525.1342393938833	
1233.8544000000002	0.06079999999997199	Ripples						0.06079999999997199	1233.8776	7.158600971642451	148.981773685185	550.7642461910979	
1238.4792	0.024800000000141154	Ripples						0.024800000000141154	1238.4928	16.101173038077654	162.21901477428474	1252.6314556811717	
1238.6192	0.04559999999992215	Ripples						0.04559999999992215	1238.6568	5.299054109917917	157.80111215917952	602.8509983894726	
1247.0768	0.03600000000005821	Ripples						0.03600000000005821	1247.088	14.542667663025185	162.99922578330174	1317.5832843357714	
1247.3624	0.03840000000013788	Ripples						0.03840000000013788	1247.3832	18.71913402793776	156.1538404894492	1427.6673812631004	
1248.6288	0.021600000000034925	Ripples						0.021600000000034925	1248.644	5.399795578133277	157.38108178878247	627.0238212140216	
1249.9864	0.041600000000016735	Ripples						0.041600000000016735	1250.0208	7.219444799965128	159.18639255590705	583.906230954823	
1250.4936	0.022400000000061482	Ripples						0.022400000000061482	1250.5056	5.651185602178865	155.551943987073	715.1571852357537	
1253.6008000000002	0.04159999999978936	Ripples						0.04159999999978936	1253.624	9.402051048668511	149.9710102254923	795.1467536963416	
1254.1528	0.044000000000096406	Ripples						0.044000000000096406	1254.1608	8.26998547371954	155.07451415419885	954.2219269613416	
1257.5464	0.040000000000190994	Ripples						0.040000000000190994	1257.5608	8.482761872974923	155.7696000345224	918.4475480217324	
1258.1272000000001	0.021600000000034925	Ripples						0.021600000000034925	1258.1384	8.063232289931754	160.62674422466742	1037.6524712446917	
1259.1872	0.04320000000006985	Ripples						0.04320000000006985	1259.2176	8.719196118267469	159.91317642760754	902.5984054692993	
1274.6504	0.02560000000016771	Ripples						0.02560000000016771	1274.6680000000001	10.745743146345903	160.57136543292768	1081.909540365287	
1276.9512	0.021600000000034925	Ripples						0.021600000000034925	1276.9616	5.233118822663623	155.83214567117258	731.8853632211149	
1277.0192	0.02560000000016771	Ripples						0.02560000000016771	1277.0312000000001	12.505295146909221	158.12931262425116	1156.8182606233245	
1280.008	0.031200000000126238	Ripples						0.031200000000126238	1280.0296	15.367249350591075	162.8499057195731	1374.574860790477	
1280.0888	0.06320000000005166	Ripples						0.06320000000005166	1280.1152	14.776081119488374	147.06454922687928	1102.531619354675	
1280.1760000000002	0.022399999999834108	Ripples						0.022399999999834108	1280.188	5.4806725676641115	152.324713581209	813.1872905711901	
1281.0368	0.022400000000061482	Ripples						0.022400000000061482	1281.0448000000001	5.00137822342152	151.33392499046965	586.8512101844773	
1283.4648	0.03360000000020591	Ripples						0.03360000000020591	1283.488	16.174583814720187	157.47977407580615	1142.7280994990062	
1283.624	0.052000000000134605	Ripples						0.052000000000134605	1283.6496	11.456610119980978	154.75880531508577	941.039705671928	
1285.6080000000002	0.04159999999978936	Ripples						0.04159999999978936	1285.6384	5.193140176430194	152.4557348327726	702.1691178392836	
1291.6736	0.04079999999999018	Ripples						0.04079999999999018	1291.704	5.386144954542721	152.10154272054456	488.70842291657675	
1291.9056	0.04079999999999018	Ripples						0.04079999999999018	1291.9392	10.753414936991728	161.5577519849046	881.417197385158	
1292.9064	0.03600000000005821	Ripples						0.03600000000005821	1292.9208	16.960120434896677	153.94467591218574	1313.5720502294084	
1294.708	0.03520000000003165	Ripples						0.03520000000003165	1294.7328	11.954107857712671	158.29180267452296	967.9777002245469	
1294.944	0.02560000000016771	Ripples						0.02560000000016771	1294.9584	10.96859761012289	158.3354099092588	1098.9936662389416	
1296.0	21.0	SleepStates											Awake
1318.0	174.0	SleepStates											Non-REM
1318.1192	0.048800000000028376	Ripples						0.048800000000028376	1318.1504	13.508679350460906	154.7084082606994	1352.2124512883227	
1320.9408	0.09439999999995052	Ripples						0.09439999999995052	1321.0184000000002	14.868563888304793	145.48988931064704	1067.9253746255997	
1322.9352000000001	0.020800000000008367	Ripples						0.020800000000008367	1322.9464	9.004147190819637	167.24247811846067	1013.6829543683771	
1324.4488000000001	0.0647999999998774	Ripples						0.0647999999998774	1324.5024	5.605421219029349	146.45594727880456	641.2206862655008	
1328.6176	0.044800000000122964	Ripples						0.044800000000122964	1328.6288	8.127503931606707	153.69961112187457	841.1916634445704	
1332.6760000000002	0.053599999999960346	Ripples						0.053599999999960346	1332.7128	8.236771467126925	147.2483027223132	899.1483887756444	
1343.2352	0.04240000000004329	Ripples						0.04240000000004329	1343.2504000000001	14.362795621785956	153.5774900404176	1268.5277941034867	
1343.3880000000001	0.05199999999990723	Ripples						0.05199999999990723	1343.4152000000001	18.711766430872554	156.0881057318732	1487.04901501262	
1343.952	0.036800000000084765	Ripples						0.036800000000084765	1343.9712	17.921735186670116	149.5091919362997	1264.7085316920534	
1346.8928	0.029600000000073123	Ripples						0.029600000000073123	1346.9112	9.972601449290304	154.1614812659144	1003.2329339956995	
1347.0776	0.05760000000009313	Ripples						0.05760000000009313	1347.1080000000002	13.861031272962947	148.2587947133119	1241.2712924723742	
1348.3352	0.02560000000016771	Ripples						0.02560000000016771	1348.3432	5.482081459851123	156.20498165592247	662.8306094749823	
1355.6072000000001	0.02479999999991378	Ripples						0.02479999999991378	1355.6184	11.620062229212511	164.79602037601018	1212.9648516833	
1359.6992	0.028800000000046566	Ripples						0.028800000000046566	1359.7072	10.411280906074062	156.30080822891307	1007.3975826975045	
1370.1096	0.05840000000011969	Ripples						0.05840000000011969	1370.1544000000001	8.414822305395779	150.01273658280414	806.89938474752	
1370.2344	0.02479999999991378	Ripples						0.02479999999991378	1370.2456	6.06688757871443	153.01257339563915	836.3498465389328	
1373.2040000000002	0.031199999999898864	Ripples						0.031199999999898864	1373.2144	10.634980079654774	161.1405191915488	1073.1345921830218	
1384.6680000000001	0.020800000000008367	Ripples						0.020800000000008367	1384.6784	9.179539817882107	162.4665777034441	992.7882829166555	
1384.9808	0.03279999999995198	Ripples						0.03279999999995198	1384.9888	10.373286100371873	165.33199815919212	995.4999800559021	
1385.0808	0.027200000000220825	Ripples						0.027200000000220825	1385.0944000000002	11.11382927392454	160.127541657084	1206.0948490533533	
1386.2832	0.036800000000084765	Ripples						0.036800000000084765	1386.2984000000001	12.08731955248496	153.26718466078037	980.4974395207262	
1394.1216000000002	0.022399999999834108	Ripples						0.022399999999834108	1394.1336000000001	8.07280923232304	160.14773000886785	899.1339371867643	
1394.1672	0.021600000000034925	Ripples						0.021600000000034925	1394.1784	5.839046386235383	156.38823039809336	704.1173806330615	
1406.0216	0.031200000000126238	Ripples						0.031200000000126238	1406.0392000000002	17.24455368493762	162.84901671954503	1542.4538754128175	
1406.8128000000002	0.05039999999985412	Ripples						0.05039999999985412	1406.8456	7.263309614217249	154.16870714526283	827.0363264036534	
1407.6688000000001	0.04559999999992215	Ripples						0.04559999999992215	1407.6888000000001	15.649821792590641	157.4374881243417	1469.657632505331	
1407.9904000000001	0.041600000000016735	Ripples						0.041600000000016735	1408.016	7.58118421199144	144.4166538501006	553.0571777785381	
1408.3824	0.036800000000084765	Ripples						0.036800000000084765	1408.4080000000001	12.911553122698084	155.64669940679443	1123.9236861646818	
1408.5328000000002	0.028799999999819192	Ripples						0.028799999999819192	1408.5472	9.878169975834123	156.20269283574385	1106.6358589440877	
1408.948	0.021600000000034925	Ripples						0.021600000000034925	1408.9592	5.875377738167779	152.86544791468773	623.3744027301141	
1419.0552	0.033599999999978536	Ripples						0.033599999999978536	1419.0776	5.481309284445806	149.2689519755542	707.814991847965	
1421.3936	0.07359999999994216	Ripples						0.07359999999994216	1421.4384	12.283055931565706	140.62016544103528	949.2743240609285	
1421.5504	0.026399999999966894	Ripples						0.026399999999966894	1421.564	15.581794971655773	163.2612942952128	1356.541948177924	
1421.6728	0.031200000000126238	Ripples						0.031200000000126238	1421.6896000000002	8.090474427030735	155.11104785667405	993.1572784090588	
1422.2256	0.036800000000084765	Ripples						0.036800000000084765	1422.2496	11.693565048513387	155.0627064442907	1242.2264140767038	
1430.5544	0.06400000000007822	Ripples						0.06400000000007822	1430.576	17.69751151918984	152.005411130997	1544.6776160787485	
1434.8192000000001	0.020800000000008367	Ripples						0.020800000000008367	1434.8296	9.272392130240767	162.7090192645312	1020.8982250866451	
1434.9776000000002	0.05039999999985412	Ripples						0.05039999999985412	1435.0	17.12295621728308	152.75781430343167	1131.5980964069754	
1435.1448	0.07920000000012806	Ripples						0.07920000000012806	1435.2136	14.010615603534422	153.21900166342903	1347.8257711394162	
1435.3672000000001	0.03520000000003165	Ripples						0.03520000000003165	1435.3888000000002	13.437493300255102	154.4180977287515	1245.1725960223987	
1442.7072	0.022400000000061482	Ripples						0.022400000000061482	1442.7192	8.181556648383939	158.1450787413518	841.1791648696892	
1445.2064	0.03840000000013788	Ripples						0.03840000000013788	1445.2240000000002	27.812939974146218	158.70988836089882	1784.8442824412098	
1445.4072	0.04399999999986903	Ripples						0.04399999999986903	1445.4328	5.764083969858611	151.42439069687248	590.5591519390623	
1445.6648	0.044800000000122964	Ripples						0.044800000000122964	1445.6864	13.647914435905319	159.48505734886285	1061.458237601691	
1447.2192	0.036800000000084765	Ripples						0.036800000000084765	1447.2336	6.5625703230308865	161.71130122046605	581.9230110842773	
1449.4160000000002	0.04719999999997526	Ripples						0.04719999999997526	1449.448	16.27665372732098	152.17328928412525	1331.2411969229545	
1451.4752	0.04559999999992215	Ripples						0.04559999999992215	1451.5072	9.841504047518022	168.39827034746003	908.1384339043848	
1452.248	0.04240000000004329	Ripples						0.04240000000004329	1452.2704	5.3731301005856675	150.15410451300696	800.6916407779295	
1459.496	0.026399999999966894	Ripples						0.026399999999966894	1459.5096	10.358560925523026	165.0692867694363	1072.2016766827887	
1461.932	0.06640000000015789	Ripples						0.06640000000015789	1461.976	13.27389402423897	147.94817537749162	1078.3109761967917	
1462.7144	0.05919999999991887	Ripples						0.05919999999991887	1462.76	10.045793501263864	152.19295815471637	1033.0353831816021	
1462.9056	0.03279999999995198	Ripples						0.03279999999995198	1462.932	7.335934626093428	155.72928667508538	752.7657601460268	
1467.0856	0.06639999999993051	Ripples						0.06639999999993051	1467.1280000000002	13.039070613836776	157.34702839324274	1354.8911039839666	
1469.9984000000002	0.03279999999995198	Ripples						0.03279999999995198	1470.0064	5.118783010279801	153.73478273435396	675.119534481207	
1479.2664	0.032000000000152795	Ripples						0.032000000000152795	1479.2776000000001	7.3566069168456965	156.97104858807023	839.31131247688	
1479.5672000000002	0.03439999999977772	Ripples						0.03439999999977772	1479.5816	7.560362149825288	159.49525177225178	722.6404274363445	
1493.0	12.0	SleepStates											REM
1506.0	18.0	SleepStates											Awake
1525.0	162.0	SleepStates											Non-REM
1531.0736000000002	0.03999999999996362	Ripples						0.03999999999996362	1531.0848	9.839544051839345	158.64344819377118	1141.5747868978872	
1537.1256	0.036800000000084765	Ripples						0.036800000000084765	1537.1560000000002	9.165802153914852	158.11550110260114	841.2206509388916	
1537.2568	0.06079999999997199	Ripples						0.06079999999997199	1537.2936	13.980732156593909	146.43930702798912	1166.0872079000892	
1540.3304	0.036800000000084765	Ripples						0.036800000000084765	1540.3472000000002	11.706612344714141	164.34473502087795	1249.3023314524955	
1541.4664	0.02800000000002001	Ripples						0.02800000000002001	1541.4808	8.946959675990163	155.1000145276154	844.1870485258355	
1541.6752000000001	0.02479999999991378	Ripples						0.02479999999991378	1541.6864	15.219508974009734	161.73137259030298	1267.8801855420031	
1541.7920000000001	0.041600000000016735	Ripples						0.041600000000016735	1541.8072	30.881006554602322	155.77102704318156	1886.147678025614	
1543.0928000000001	0.0567999999998392	Ripples						0.0567999999998392	1543.1104	15.173398353651873	151.05987993157697	1315.0496848979658	
1546.7424	0.0647999999998774	Ripples						0.0647999999998774	1546.7640000000001	9.193131893129435	147.86915988181067	1045.6615441776396	
1546.884	0.04320000000006985	Ripples						0.04320000000006985	1546.9160000000002	16.444107271073378	154.33407374731675	1236.523333351444	
1548.8824	0.044800000000122964	Ripples						0.044800000000122964	1548.9	22.052686248548866	154.94455923960953	1698.6305191169297	
1549.2992000000002	0.025599999999940337	Ripples						0.025599999999940337	1549.3144	7.1604685387730775	154.494626409017	815.9926091423999	
1558.1808	0.04719999999997526	Ripples						0.04719999999997526	1558.2136	11.364682706082863	150.0387137993631	971.9233932771707	
1558.3424	0.02560000000016771	Ripples						0.02560000000016771	1558.3544000000002	7.995409132260346	154.59472101703636	806.4063240509909	
1561.5592000000001	0.061599999999998545	Ripples						0.061599999999998545	1561.5704	19.709458971731248	159.73957015854955	1407.0948362915042	
1561.708	0.05919999999991887	Ripples						0.05919999999991887	1561.7272	15.865091411884015	150.5082934967626	1188.5606633968719	
1562.5896	0.02320000000008804	Ripples						0.02320000000008804	1562.6016	7.056865072466679	155.0632951957179	741.4172985606102	
1562.7216	0.03279999999995198	Ripples						0.03279999999995198	1562.74	14.357034366360205	153.47101380845902	1194.2403691135266	
1566.7776000000001	0.030399999999872307	Ripples						0.030399999999872307	1566.7832	5.804646759522584	160.9248376813038	832.5904621723134	
1571.3576	0.08960000000001855	Ripples						0.08960000000001855	1571.4368000000002	10.595717453422703	157.30527093116697	1136.453682415736	
1580.1312	0.04240000000004329	Ripples						0.04240000000004329	1580.1456	6.786700015253331	153.79288422655623	823.1521383090229	
1580.7784000000001	0.0647999999998774	Ripples						0.0647999999998774	1580.7944	9.567267223991811	156.92878185948248	1283.2824546753752	
1580.9512	0.04560000000014952	Ripples						0.04560000000014952	1580.968	20.648969388838495	157.48457439867755	1659.9354313620777	
1583.476	0.026399999999966894	Ripples						0.026399999999966894	1583.4944	10.522264227559145	153.97221655078212	1000.0524203787089	
1584.7160000000001	0.05279999999993379	Ripples						0.05279999999993379	1584.7552	6.6185586072469	147.9039401336903	644.0033539488676	
1585.0112000000001	0.06079999999997199	Ripples						0.06079999999997199	1585.044	21.704313775758294	154.53453074039604	1695.4393334017743	
1585.5928000000001	0.03279999999995198	Ripples						0.03279999999995198	1585.6112	6.399150222442404	147.4939191383467	799.8980017242216	
1585.972	0.026400000000194268	Ripples						0.026400000000194268	1585.9856	16.853752711278947	164.7444039646867	1405.0826779137171	
1587.1488000000002	0.03679999999985739	Ripples						0.03679999999985739	1587.164	7.670209851152661	152.66702064912522	692.3824715768264	
1592.6744	0.021600000000034925	Ripples						0.021600000000034925	1592.6888000000001	6.60300159946752	163.07130402070584	846.8232561326132	
1603.7776000000001	0.02959999999984575	Ripples						0.02959999999984575	1603.7896	6.113436326889803	149.05010642612598	688.020078794304	
1606.044	0.020800000000008367	Ripples						0.020800000000008367	1606.0544	5.306432661636933	155.58066553543713	765.1783500305245	
1618.1560000000002	0.03919999999993706	Ripples						0.03919999999993706	1618.1672	30.07241065524187	160.02127439895938	1799.2065967507776	
1625.3712	0.03600000000005821	Ripples						0.03600000000005821	1625.3832	8.66388417560133	153.90522913180436	806.8875158462921	
1625.8664	0.028800000000046566	Ripples						0.028800000000046566	1625.8776	6.013021361083579	158.10892150617855	714.4722286432767	
1628.3256000000001	0.03759999999988395	Ripples						0.03759999999988395	1628.3424	17.87554067786047	158.28829415212533	1542.9551310233173	
1628.7528	0.028800000000046566	Ripples						0.028800000000046566	1628.7616	7.182323955795042	160.08486545838286	668.4077854924174	
1629.6776	0.03920000000016444	Ripples						0.03920000000016444	1629.6952	7.840666968119901	153.62141255349124	807.2571326117278	
1631.2776000000001	0.022400000000061482	Ripples						0.022400000000061482	1631.2888	5.664856851412214	159.0530402178833	792.2039903650201	
1632.4816	0.06799999999998363	Ripples						0.06799999999998363	1632.5272	7.494935967995792	149.49117801838926	708.2476330146557	
1632.6336000000001	0.025599999999940337	Ripples						0.025599999999940337	1632.6480000000001	13.265686603873402	156.44562291354708	1152.1783855382125	
1649.16	0.03040000000009968	Ripples						0.03040000000009968	1649.1808	8.809699641900211	160.79582334438703	984.4577209376539	
1662.1104	0.029600000000073123	Ripples						0.029600000000073123	1662.1192	6.665235139694167	155.17390358316385	799.1362268770364	
1662.4712000000002	0.04959999999982756	Ripples						0.04959999999982756	1662.5128	5.937272173787124	149.7103391220451	758.0473206535098	
1665.4768000000001	0.04719999999997526	Ripples						0.04719999999997526	1665.5064	8.650342163781295	152.04810789405244	958.6947988104496	
1667.3656	0.044000000000096406	Ripples						0.044000000000096406	1667.3784	6.807687456744116	147.33430874448365	724.2678823553937	
1668.6168	0.031200000000126238	Ripples						0.031200000000126238	1668.6376	8.879003874778494	158.049419546349	1077.161781915223	
1669.172	0.03760000000011132	Ripples						0.03760000000011132	1669.1896000000002	11.54433290541141	151.80849763322908	1100.9290419947206	
1670.8008	0.02560000000016771	Ripples						0.02560000000016771	1670.816	9.880576723816585	156.92245466119942	891.4019154309466	
1688.0	50.0	SleepStates											Awake
1736.1152000000002	0.028799999999819192	Ripples						0.028799999999819192	1736.1264	11.506283249905309	163.832362304951	1152.5670710107981	
1739.0	98.0	SleepStates											Non-REM
1739.3432	0.02719999999999345	Ripples						0.02719999999999345	1739.3584	10.567941164044779	156.6420067400018	1082.7868889510348	
1739.5120000000002	0.043199999999842476	Ripples						0.043199999999842476	1739.5320000000002	12.836429281589803	162.118628812864	1430.921919736418	
1739.7992000000002	0.04559999999992215	Ripples						0.04559999999992215	1739.8136000000002	8.288802526966574	153.19282932196933	988.5369904730442	
1742.2216	0.05040000000008149	Ripples						0.05040000000008149	1742.2616	23.491865297591264	158.20398898398065	1627.7277317684093	
1742.6080000000002	0.02719999999999345	Ripples						0.02719999999999345	1742.6248	6.256524601633926	167.63141486048627	963.7947914586299	
1743.1568	0.07360000000016953	Ripples						0.07360000000016953	1743.1784	10.542248468006422	153.12768565739384	860.0401301990067	
1749.256	0.10799999999994725	Ripples						0.10799999999994725	1749.2808	21.01806680635373	147.0765440725433	1489.4829754319237	
1751.4080000000001	0.049600000000054933	Ripples						0.049600000000054933	1751.4496000000001	5.83610659993605	145.653303867491	556.826196483313	
1753.0128000000002	0.030399999999872307	Ripples						0.030399999999872307	1753.0216	6.364973944836845	158.6107658293813	713.3443469563297	
1755.1736	0.0624000000000251	Ripples						0.0624000000000251	1755.1992	12.177516684931009	153.73794302160226	923.9287715847082	
1757.1144000000002	0.051199999999880674	Ripples						0.051199999999880674	1757.1552000000001	6.301014744212955	150.7403265186037	666.8166056154147	
1764.8904	0.05040000000008149	Ripples						0.05040000000008149	1764.9232000000002	9.325061088323215	151.283857779121	916.4939811649194	
1765.1696000000002	0.023999999999887223	Ripples						0.023999999999887223	1765.1840000000002	10.997565297507169	161.26600302697227	1085.7354521141597	
1765.2168000000001	0.031199999999898864	Ripples						0.031199999999898864	1765.228	7.7491128106344975	154.6419933375298	969.4793571953489	
1765.7824	0.04079999999999018	Ripples						0.04079999999999018	1765.7936000000002	9.536332187133441	154.6779789783293	921.9508740650016	
1767.1856	0.12959999999998217	Ripples						0.12959999999998217	1767.2216	12.133798028448304	153.15289713181778	875.6823042760772	
1767.7432000000001	0.028800000000046566	Ripples						0.028800000000046566	1767.7576000000001	7.419491649829565	152.35748853964827	769.8769974561669	
1773.932	0.04719999999997526	Ripples						0.04719999999997526	1773.9432000000002	7.046518507878572	157.98098809709424	742.7837195294034	
1783.1752000000001	0.07199999999988904	Ripples						0.07199999999988904	1783.2232000000001	9.754770731011137	166.87612885871027	1003.3383104685387	
1786.1704	0.02800000000002001	Ripples						0.02800000000002001	1786.188	9.426276976564257	165.03724123810716	1076.4429225539066	
1787.452	0.026400000000194268	Ripples						0.026400000000194268	1787.4688	12.676654097020728	169.97882288620707	1206.1273470969088	
1790.6480000000001	0.04559999999992215	Ripples						0.04559999999992215	1790.66	11.739045195261076	155.103213492218	1210.884306042198	
1798.8456	0.025599999999940337	Ripples						0.025599999999940337	1798.8632	9.157283788436322	160.15513246076074	916.8106744043238	
1812.364	0.10400000000004184	Ripples						0.10400000000004184	1812.4216000000001	21.15350186974797	152.7735188378466	1565.150646160524	
1823.2504000000001	0.04479999999989559	Ripples						0.04479999999989559	1823.2752	6.348622692443712	158.842197684704	565.11202704494	
1824.3680000000002	0.04399999999986903	Ripples						0.04399999999986903	1824.3936	12.248260710782747	149.69830981840423	1128.3975271156185	
1824.988	0.033599999999978536	Ripples						0.033599999999978536	1825.0064	24.661068315896863	159.13019727782563	1776.2725630420523	
1825.344	0.04320000000006985	Ripples						0.04320000000006985	1825.3632	16.689288270086557	150.76781372686693	1373.632892227186	
1838.0	144.0	SleepStates											REM
1983.0	23.0	SleepStates											Awake
1994.7168000000001	0.03919999999993706	Ripples						0.03919999999993706	1994.74	8.26362841035208	153.9311174614128	959.3242817543077	
1995.48	0.036800000000084765	Ripples						0.036800000000084765	1995.4984000000002	7.976296258972663	149.86855815222856	845.2705060977278	
1997.4096000000002	0.030399999999872307	Ripples						0.030399999999872307	1997.4248	18.281300709897998	156.66018884757227	1415.53867449313	
1998.3432	0.02560000000016771	Ripples						0.02560000000016771	1998.3544000000002	5.755373569532073	151.93423560451447	799.8970511394008	
2001.8032	0.03840000000013788	Ripples						0.03840000000013788	2001.8112	5.274402371499798	168.3768567576282	815.939268430705	
2002.1584	0.02560000000016771	Ripples						0.02560000000016771	2002.1736	8.499626054453774	156.34453760997621	879.4992178088394	
2007.0	755.0	SleepStates											Non-REM
2007.4064	0.06960000000003674	Ripples						0.06960000000003674	2007.4656	7.245587368013361	148.8472244777993	873.306426883629	
2008.64	0.03040000000009968	Ripples						0.03040000000009968	2008.6544000000001	8.581995200596939	160.12143003326122	970.5363502770456	
2016.1952	0.02479999999991378	Ripples						0.02479999999991378	2016.2136	5.771922308048786	158.85117233630933	780.8242190546822	
2029.1616000000001	0.0624000000000251	Ripples						0.0624000000000251	2029.1904000000002	12.613574058316194	149.5596113204514	1131.8934035888988	
2030.0144	0.03280000000017935	Ripples						0.03280000000017935	2030.0256000000002	14.996284550963626	159.43210494736348	1280.230765617757	
2030.236	0.05520000000001346	Ripples						0.05520000000001346	2030.2608	16.189727143048817	150.9472658119306	1328.982323128999	
2034.7672	0.09520000000020445	Ripples						0.09520000000020445	2034.8376	22.19905700715	151.06624149943713	1633.5962294014428	
2051.5312	0.032800000000406726	Ripples						0.032800000000406726	2051.5432	10.492163757639092	157.04899406416877	1009.2005463671461	
2058.4320000000002	0.03679999999985739	Ripples						0.03679999999985739	2058.4528	31.667542909823496	160.31540030000897	2122.162314122043	
2059.844	0.03920000000016444	Ripples						0.03920000000016444	2059.8616	17.49339041479167	160.85306717199796	1490.2733713263628	
2063.6256000000003	0.044799999999668216	Ripples						0.044799999999668216	2063.6368	5.448179121430571	157.6433453320764	585.7076051251371	
2065.1432	0.04800000000022919	Ripples						0.04800000000022919	2065.1672000000003	28.015971770456407	175.82149200336826	1857.6287022213417	
2065.284	0.03679999999985739	Ripples						0.03679999999985739	2065.2992	18.08846134319394	151.9963437927299	1369.430697154867	
2068.4792	0.031199999999898864	Ripples						0.031199999999898864	2068.4936000000002	17.764976966463724	160.34015204695916	1539.430628935106	
2069.6248	0.021600000000034925	Ripples						0.021600000000034925	2069.636	5.95771201267209	156.34083910509878	828.5980841936484	
2070.2208	0.03999999999996362	Ripples						0.03999999999996362	2070.2384	13.59300636599437	152.79143490634007	1214.8804978498652	
2074.8112	0.025599999999940337	Ripples						0.025599999999940337	2074.832	5.7937893005092125	156.92327302202014	738.2404092109837	
2077.8224	0.025599999999940337	Ripples						0.025599999999940337	2077.8344	13.274387059368475	159.94977055568037	1207.1020909803867	
2077.9032	0.0727999999999156	Ripples						0.0727999999999156	2077.9488	17.2741921024834	155.10336882472058	1206.6961449983426	
2078.0624000000003	0.03919999999970969	Ripples						0.03919999999970969	2078.0776	22.784204945396095	154.865899434323	1677.686197712251	
2079.7648	0.06080000000019936	Ripples						0.06080000000019936	2079.7864	21.245462407176426	158.3850933562819	1718.7885722713434	
2079.8464	0.025600000000395084	Ripples						0.025600000000395084	2079.864	9.076981837117705	155.4536577436271	967.0610591880561	
2081.8648000000003	0.02879999999959182	Ripples						0.02879999999959182	2081.8856	10.110688918962007	155.5077565233155	1031.8055568210639	
2093.7744000000002	0.03440000000000509	Ripples						0.03440000000000509	2093.7992	6.598795480706876	156.3465918617448	793.7651341469564	
2095.9368	0.044800000000122964	Ripples						0.044800000000122964	2095.9512	5.6903684552943865	159.8436404502873	794.9103881073872	
2100.272	0.06480000000010477	Ripples						0.06480000000010477	2100.3016000000002	19.504669873809316	146.49976344066803	1338.2139154103577	
2100.7192	0.028800000000046566	Ripples						0.028800000000046566	2100.7336	11.437152188497217	154.71364624023602	972.5998491453913	
2100.8984	0.048800000000028376	Ripples						0.048800000000028376	2100.92	8.597500815686786	149.09240242901262	977.5428013637089	
2101.2960000000003	0.06399999999985084	Ripples						0.06399999999985084	2101.3368	13.600095701347987	151.28096154135162	891.0517962796414	
2102.7064	0.052000000000134605	Ripples						0.052000000000134605	2102.7144000000003	8.021020280541034	153.56787084321388	743.2002712330473	
2103.7096	0.040799999999762804	Ripples						0.040799999999762804	2103.7208	5.523148072194052	154.10758319155957	685.9842572635142	
2104.1400000000003	0.06639999999970314	Ripples						0.06639999999970314	2104.1776	14.01087141965343	150.6854444178136	917.2367942544679	
2104.7208	0.026400000000194268	Ripples						0.026400000000194268	2104.7424	5.987909509582295	152.77934216226174	750.2895967183598	
2112.0840000000003	0.037599999999656575	Ripples						0.037599999999656575	2112.0992	9.177188282523273	153.18851371501265	736.982581897064	
2112.76	0.03600000000005821	Ripples						0.03600000000005821	2112.7792	13.27597167076628	152.2878964452194	995.0341113980984	
2113.3944	0.03519999999980428	Ripples						0.03519999999980428	2113.4032	5.5873500910505465	159.7836989356451	803.446970384348	
2114.0032	0.027999999999792635	Ripples						0.027999999999792635	2114.024	9.167158781007945	157.32822670568856	961.7350958514778	
2124.8496	0.04320000000006985	Ripples						0.04320000000006985	2124.868	9.697201554689935	154.8572043033515	866.8091719328722	
2134.8408	0.03920000000016444	Ripples						0.03920000000016444	2134.8624	11.220023767567655	153.76679762483644	1057.967328848909	
2135.1144	0.03840000000036525	Ripples						0.03840000000036525	2135.1424	10.797053495758957	154.4095314146887	1070.3089416949097	
2135.652	0.028800000000046566	Ripples						0.028800000000046566	2135.6600000000003	9.752964268772232	159.69013554378617	960.2797156344099	
2135.7792	0.07360000000016953	Ripples						0.07360000000016953	2135.8248000000003	9.282449669594127	151.91441466446656	809.0766852485211	
2139.4872	0.031199999999898864	Ripples						0.031199999999898864	2139.4992	6.810584076136354	155.6657381609668	736.2964651138831	
2140.4936000000002	0.023999999999887223	Ripples						0.023999999999887223	2140.5072	6.1811865047866075	154.94497301767194	849.1711288104024	
2140.8160000000003	0.02719999999999345	Ripples						0.02719999999999345	2140.828	6.205199670525204	155.2133042502932	806.8607473107168	
2143.5440000000003	0.03999999999996362	Ripples						0.03999999999996362	2143.556	7.349876624802477	149.68085616514264	682.4341209823699	
2143.704	0.047999999999774445	Ripples						0.047999999999774445	2143.7408	12.01852419341461	149.9784888500698	827.263990215306	
2144.7224	0.03440000000000509	Ripples						0.03440000000000509	2144.744	19.80236583786303	161.02065512972558	1558.0542496776236	
2144.864	0.07439999999996871	Ripples						0.07439999999996871	2144.9032	20.03975183551362	152.91667864098886	1630.9739773342105	
2147.1824	0.03920000000016444	Ripples						0.03920000000016444	2147.2000000000003	11.989399922596066	153.28359933026374	1239.8263889389518	
2153.9072	0.04080000000021755	Ripples						0.04080000000021755	2153.9152	5.172197931938782	162.87036752183246	698.5331028607488	
2158.5624000000003	0.02639999999973952	Ripples						0.02639999999973952	2158.576	12.937151713207477	167.50277990873093	1223.6012814416447	
2160.9536000000003	0.025599999999940337	Ripples						0.025599999999940337	2160.9664000000002	15.494509638787049	163.4039346410752	1427.2989335655725	
2163.7088	0.04800000000022919	Ripples						0.04800000000022919	2163.7232	16.393384396460334	158.4864998436921	1314.3850283271263	
2163.8688	0.058399999999892316	Ripples						0.058399999999892316	2163.8808	9.551135816392144	148.97701667169537	958.7403229001799	
2164.8	0.03440000000000509	Ripples						0.03440000000000509	2164.8232000000003	13.213831099912351	151.84303910516704	967.2103000497964	
2169.524	0.026400000000194268	Ripples						0.026400000000194268	2169.5408	10.157896822548961	158.4499944201247	1049.0183500203834	
2182.3528	0.02719999999999345	Ripples						0.02719999999999345	2182.3736	5.171648324107929	162.39059592477048	843.0071214316976	
2189.8920000000003	0.038399999999910506	Ripples						0.038399999999910506	2189.9064000000003	15.28448160106798	156.40844105338033	1260.8850208206118	
2201.5080000000003	0.04239999999981592	Ripples						0.04239999999981592	2201.54	7.804411759526659	149.28616168407623	704.7138424206482	
2204.4696	0.025600000000395084	Ripples						0.025600000000395084	2204.4808000000003	12.952901897121563	168.1408568523219	1260.2200855794013	
2204.62	0.048800000000028376	Ripples						0.048800000000028376	2204.648	28.239985010371676	153.75735066957856	1914.4092201956637	
2204.864	0.04399999999986903	Ripples						0.04399999999986903	2204.8752	10.397708979821582	153.76875293853763	978.5667008195045	
2210.2608	0.022400000000288856	Ripples						0.022400000000288856	2210.272	7.742730573164022	158.01620753360197	897.4312213903012	
2213.7736	0.042400000000270666	Ripples						0.042400000000270666	2213.788	24.686879840324405	160.30303366762075	1741.52023575268	
2218.268	0.026400000000194268	Ripples						0.026400000000194268	2218.2872	8.836866781269915	158.51094064342607	873.6773631318199	
2226.3432000000003	0.025599999999940337	Ripples						0.025599999999940337	2226.3544	9.459499409073693	158.9557828838537	905.7579441880781	
2228.8848000000003	0.02639999999973952	Ripples						0.02639999999973952	2228.896	14.715429651878763	160.76556294724907	1041.2986495577252	
2229.4944	0.025599999999940337	Ripples						0.025599999999940337	2229.5128	8.284384803476785	159.48696405039644	883.6876090356418	
2239.9976	0.04959999999982756	Ripples						0.04959999999982756	2240.0096000000003	5.588968974261109	151.60529223315197	482.3385192375736	
2242.3632000000002	0.05040000000008149	Ripples						0.05040000000008149	2242.3896	13.765005281498135	160.53765438924978	1409.4749184302277	
2242.764	0.05360000000018772	Ripples						0.05360000000018772	2242.7928	7.2129218835644995	147.36277847350624	752.1480431265942	
2254.916	0.022399999999834108	Ripples						0.022399999999834108	2254.928	6.25392390307507	157.68060996686847	735.1383864817014	
2256.3312	0.024800000000141154	Ripples						0.024800000000141154	2256.3424	7.799153017981691	157.8287000441548	997.4128985722542	
2259.0768000000003	0.03440000000000509	Ripples						0.03440000000000509	2259.0936	10.711220882379493	155.6027202444162	1020.7943686781356	
2259.2184	0.024799999999686406	Ripples						0.024799999999686406	2259.2288000000003	13.133561199828986	157.78901661559962	1172.0740587229927	
2274.9648	0.04559999999992215	Ripples						0.04559999999992215	2274.996	7.408386348475268	154.19433570729527	758.0607444712624	
2275.036	0.02719999999999345	Ripples						0.02719999999999345	2275.0480000000002	13.444855031511025	164.52402415083662	1333.4606456309532	
2275.4272	0.02320000000008804	Ripples						0.02320000000008804	2275.4368	8.917074378226038	166.83289248658681	1033.6806834269287	
2276.7008	0.041600000000016735	Ripples						0.041600000000016735	2276.7144000000003	14.792115645145218	156.5363825454934	1278.3522128934544	
2283.2568	0.03600000000005821	Ripples						0.03600000000005821	2283.268	5.689121499838446	163.01561164136498	845.9562642344198	
2283.6328000000003	0.021599999999580177	Ripples						0.021599999999580177	2283.6408	5.260273421213824	157.16353116478885	795.7228188241277	
2291.8920000000003	0.04239999999981592	Ripples						0.04239999999981592	2291.9136000000003	15.778922043827583	153.35143799726336	1366.5244476954183	
2295.8552	0.05999999999994543	Ripples						0.05999999999994543	2295.8984	21.35747237001522	151.5214994355626	1494.6688477438006	
2300.7064	0.05999999999994543	Ripples						0.05999999999994543	2300.7328	9.63132961376238	155.11743256144962	765.111976971814	
2302.5552000000002	0.023999999999887223	Ripples						0.023999999999887223	2302.5728	11.1086163410325	162.90983167125842	1026.3018307084035	
2305.5384	0.068000000000211	Ripples						0.068000000000211	2305.556	14.867870537810989	150.07569055431418	1049.4550749833197	
2305.6384000000003	0.04399999999986903	Ripples						0.04399999999986903	2305.6504	7.878586708964713	146.391831017555	910.2166981771238	
2305.7904000000003	0.02879999999959182	Ripples						0.02879999999959182	2305.8104000000003	7.807711779827583	169.20826308158342	991.4950616230138	
2312.6296	0.04559999999992215	Ripples						0.04559999999992215	2312.648	22.71452316722668	153.21111859340613	1558.9761385204154	
2312.7784	0.044800000000122964	Ripples						0.044800000000122964	2312.7976000000003	22.52377258970918	156.13055264629142	1344.3727136607874	
2315.9264000000003	0.044799999999668216	Ripples						0.044799999999668216	2315.9496	5.454961108259717	152.12990014773163	498.3769386250908	
2317.2512	0.04239999999981592	Ripples						0.04239999999981592	2317.2752	15.804046836453479	157.5024228858516	1486.006288695746	
2317.4216	0.03600000000005821	Ripples						0.03600000000005821	2317.436	10.459959590666148	152.9258136302861	925.7577141664312	
2317.7312	0.03679999999985739	Ripples						0.03679999999985739	2317.76	12.599070327089933	153.28928724038812	990.2278880147651	
2319.44	0.04399999999986903	Ripples						0.04399999999986903	2319.4576	27.911656003985804	162.07063248581056	1991.4659888098975	
2319.6448	0.052000000000134605	Ripples						0.052000000000134605	2319.6816	18.467904727657466	152.565690590642	1261.064322739554	
2319.84	0.03519999999980428	Ripples						0.03519999999980428	2319.8576000000003	16.142611633772617	153.72890776023598	1155.7979526646052	
2320.0224000000003	0.02639999999973952	Ripples						0.02639999999973952	2320.0384	8.080995354663106	153.24801729827	866.8201826985328	
2330.7208	0.03999999999996362	Ripples						0.03999999999996362	2330.7472000000002	15.56230571345649	159.5081000894183	1369.1094656972643	
2336.3320000000003	0.03279999999995198	Ripples						0.03279999999995198	2336.3472	14.184500180046493	150.5112898799532	1074.0887505424382	
2336.4784	0.02080000000023574	Ripples						0.02080000000023574	2336.4928	9.384047788797705	160.5131234050579	815.4158374318979	
2336.6712	0.02959999999984575	Ripples						0.02959999999984575	2336.6928000000003	9.32667300980313	150.92162432434543	842.1041409073439	
2356.976	0.024800000000141154	Ripples						0.024800000000141154	2356.984	7.077032941529505	164.4835267834956	940.9455603203409	
2357.9336000000003	0.03279999999995198	Ripples						0.03279999999995198	2357.952	6.552459715882246	147.47368516188283	796.8592563298521	
2358.5792	0.04239999999981592	Ripples						0.04239999999981592	2358.5864	8.307816998152202	161.2398908103218	977.3270697190413	
2363.2432	0.042400000000270666	Ripples						0.042400000000270666	2363.2576	15.294520285258702	155.78260375537758	1356.721016280405	
2364.5608	0.044800000000122964	Ripples						0.044800000000122964	2364.5864	21.86580638667337	153.17190271773654	1655.9321020302627	
2364.9664000000002	0.03600000000005821	Ripples						0.03600000000005821	2364.9784	11.8296875214805	149.48073418324546	935.9926230634136	
2367.8360000000002	0.0704000000000633	Ripples						0.0704000000000633	2367.864	9.172828420522286	157.74598655301457	922.6876614454189	
2368.0152000000003	0.06399999999985084	Ripples						0.06399999999985084	2368.0496000000003	5.98557402396509	152.77745457131732	655.9642580683638	
2372.6104	0.03360000000020591	Ripples						0.03360000000020591	2372.6368	5.159498669712868	158.25341255218137	629.3213182783317	
2375.1288	0.025599999999940337	Ripples						0.025599999999940337	2375.1440000000002	5.883936645920477	158.6687845014686	695.5848016398347	
2376.4976	0.044800000000122964	Ripples						0.044800000000122964	2376.52	5.569874777592172	147.32151154220344	515.8643326523622	
2381.4248000000002	0.03440000000000509	Ripples						0.03440000000000509	2381.4336000000003	5.0618219228894	155.1094311663587	475.6317017412512	
2381.8696	0.03440000000000509	Ripples						0.03440000000000509	2381.8904	17.93855626212405	165.19937397444966	1542.4914709827744	
2381.9704	0.044800000000122964	Ripples						0.044800000000122964	2381.9904	26.41524086304326	159.19632480677896	1823.588524018632	
2382.5168000000003	0.06319999999959691	Ripples						0.06319999999959691	2382.5392	8.317764045360942	145.40716153192523	731.6121972904871	
2390.1784000000002	0.023999999999887223	Ripples						0.023999999999887223	2390.1896	11.969577315649733	162.19212769006606	1195.844229966645	
2390.3192	0.03360000000020591	Ripples						0.03360000000020591	2390.3304000000003	12.419401764839664	153.49239842490533	1050.5817693264423	
2390.4768	0.02080000000023574	Ripples						0.02080000000023574	2390.4880000000003	6.429339465419513	162.96906272740483	817.5595227215038	
2392.9896000000003	0.030399999999644933	Ripples						0.030399999999644933	2393.0016	9.274238044909119	154.9916712672606	834.4793196379267	
2395.596	0.05360000000018772	Ripples						0.05360000000018772	2395.6192	15.060042061163237	157.25261525590489	1489.8926090532352	
2396.5336	0.03519999999980428	Ripples						0.03519999999980428	2396.5440000000003	10.46815065555546	152.17979171218323	1017.9316845840203	
2397.7616000000003	0.0591999999996915	Ripples						0.0591999999996915	2397.7760000000003	10.835428095378637	160.83878348700514	904.3499457041227	
2398.0568000000003	0.03440000000000509	Ripples						0.03440000000000509	2398.0808	6.671626242708658	156.4704459478798	687.5683600541339	
2398.3584	0.03440000000000509	Ripples						0.03440000000000509	2398.376	12.389818655317354	157.79099068933633	1297.0845542821019	
2399.6112000000003	0.024799999999686406	Ripples						0.024799999999686406	2399.6288	5.9306332205206616	155.6446517764848	822.1412519793981	
2406.2768	0.032000000000152795	Ripples						0.032000000000152795	2406.2960000000003	9.051714179522198	154.2228277651504	853.1019473363224	
2412.2848	0.03920000000016444	Ripples						0.03920000000016444	2412.3104000000003	13.848332754972814	154.87023794752233	1323.433765573776	
2412.4144	0.04640000000017608	Ripples						0.04640000000017608	2412.4416	5.679878157919104	152.40102751858663	553.6735219660388	
2412.7728	0.051199999999880674	Ripples						0.051199999999880674	2412.8016000000002	21.412605981921455	149.6447602110757	1544.49735497015	
2415.6072	0.029600000000300497	Ripples						0.029600000000300497	2415.6192	8.569864146802981	156.80143247669366	876.7232388938612	
2415.6984	0.03279999999995198	Ripples						0.03279999999995198	2415.7096	5.176928156835325	153.88399732443816	700.9504084330997	
2416.3248000000003	0.023199999999633292	Ripples						0.023199999999633292	2416.3336	5.9602862757182935	156.19582857898394	669.9995644619485	
2417.9504	0.020799999999780994	Ripples						0.020799999999780994	2417.9616	5.76385193895577	160.39153018656114	865.9305550750672	
2420.0112	0.028000000000247383	Ripples						0.028000000000247383	2420.0256	15.570189376128146	163.94624492583432	1398.7282915806277	
2425.3552	0.04559999999992215	Ripples						0.04559999999992215	2425.3776000000003	9.08279281427877	160.6892278382446	743.8098107533442	
2429.368	0.04640000000017608	Ripples						0.04640000000017608	2429.3912	15.412355076200125	160.3707875915625	1423.4028722781911	
2430.4512	0.03360000000020591	Ripples						0.03360000000020591	2430.4672	7.3416773007659915	147.5023282201724	769.3932643196713	
2434.6728000000003	0.02639999999973952	Ripples						0.02639999999973952	2434.6848	6.231664299201036	156.47711795253633	710.3054492509718	
2440.8152	0.03279999999995198	Ripples						0.03279999999995198	2440.8272	8.40603740304896	155.56416054307172	812.7848903163028	
2441.0496000000003	0.03679999999985739	Ripples						0.03679999999985739	2441.0784000000003	9.035565023752232	157.46211288473228	712.8142338464075	
2443.748	0.041600000000016735	Ripples						0.041600000000016735	2443.7688000000003	11.74852955980803	151.3629836579121	1073.3278342528436	
2449.692	0.026400000000194268	Ripples						0.026400000000194268	2449.7136	7.281673824623297	156.5018980470512	711.2270553614213	
2464.676	0.025600000000395084	Ripples						0.025600000000395084	2464.6872000000003	9.4185497939768	158.59412743385275	932.2726548095236	
2489.1936	0.05279999999993379	Ripples						0.05279999999993379	2489.2152	11.716715786725265	148.9867718375901	1057.9424876752744	
2490.2152	0.05920000000014625	Ripples						0.05920000000014625	2490.26	18.827158925682415	155.89323775670982	1617.359388477389	
2491.5192	0.02639999999973952	Ripples						0.02639999999973952	2491.5344	7.712113384636114	154.52584449987935	758.8073226925856	
2497.5112	0.026400000000194268	Ripples						0.026400000000194268	2497.5304	5.8251553719566065	153.80048814548545	607.7662752576246	
2503.1400000000003	0.037599999999656575	Ripples						0.037599999999656575	2503.1488	9.546132521448335	154.27223611629046	919.8739457109224	
2509.9504	0.03279999999995198	Ripples						0.03279999999995198	2509.9584	5.086356534236189	157.34182696073432	757.2942444825352	
2510.4576	0.03519999999980428	Ripples						0.03519999999980428	2510.4792	26.15884168486239	158.30008356567546	1818.9396916215212	
2511.7768	0.03040000000009968	Ripples						0.03040000000009968	2511.7928	13.280643440847726	163.2010476922417	1126.458231174103	
2511.876	0.03600000000005821	Ripples						0.03600000000005821	2511.9032	14.195333610402024	156.7494695691126	1283.496126227339	
2512.0640000000003	0.022399999999834108	Ripples						0.022399999999834108	2512.072	6.881064226353856	155.93498673934747	833.7196582418318	
2513.4304	0.028800000000046566	Ripples						0.028800000000046566	2513.4488	5.803757888975752	154.2084110218543	820.4849483068721	
2513.592	0.03679999999985739	Ripples						0.03679999999985739	2513.6064	9.95232265687101	158.65631908965366	817.8811745517078	
2521.6064	0.04080000000021755	Ripples						0.04080000000021755	2521.6232	11.638652499158697	149.65912169139133	1083.5588059937672	
2521.7496	0.03440000000000509	Ripples						0.03440000000000509	2521.764	9.53125340241934	155.99087185704315	1110.6170274796668	
2522.1256000000003	0.04559999999992215	Ripples						0.04559999999992215	2522.1632	5.48563098704004	150.42644302027344	586.1088814391934	
2526.94	0.04559999999992215	Ripples						0.04559999999992215	2526.9656	6.768153494371649	163.69745189442034	582.408249146549	
2527.1344	0.024800000000141154	Ripples						0.024800000000141154	2527.1456000000003	8.685051362715354	155.5246540112706	943.54039127578	
2527.5648	0.048800000000028376	Ripples						0.048800000000028376	2527.6064	6.469919741269323	150.96926365800132	575.0576854544004	
2536.0728	0.04800000000022919	Ripples						0.04800000000022919	2536.1136	7.230000230674468	157.49103599341825	807.1336559447135	
2536.1712	0.07600000000002183	Ripples						0.07600000000002183	2536.2368	10.516703887640862	149.88104785365616	1003.1160543879492	
2536.3288000000002	0.02719999999999345	Ripples						0.02719999999999345	2536.3432000000003	9.071616286166005	153.9362441797194	936.1571621978101	
2538.6096000000002	0.05040000000008149	Ripples						0.05040000000008149	2538.632	26.745251418025664	152.27648755222557	1583.3154367940292	
2538.7384	0.03999999999996362	Ripples						0.03999999999996362	2538.7672000000002	9.932284632076273	156.29041379423938	991.7152186358342	
2538.8672	0.05360000000018772	Ripples						0.05360000000018772	2538.904	14.762459788567723	157.31414592578156	1358.6714921432454	
2539.6248	0.021600000000034925	Ripples						0.021600000000034925	2539.6368	6.3167765349913045	162.5768646742132	798.2493040738574	
2555.0752	0.028800000000046566	Ripples						0.028800000000046566	2555.0968000000003	6.602047812269683	155.08616449193815	721.7097535628936	
2557.6528000000003	0.02639999999973952	Ripples						0.02639999999973952	2557.6648	10.377308105348499	159.87091386871398	1060.0317145319334	
2557.8192	0.03360000000020591	Ripples						0.03360000000020591	2557.8432000000003	5.594772109305403	150.59686540283874	639.0745892857686	
2559.1072	0.045600000000376895	Ripples						0.045600000000376895	2559.1328000000003	25.20074799796742	159.55595541739285	1761.1393447958317	
2569.5048	0.04719999999997526	Ripples						0.04719999999997526	2569.5232	8.225474830184776	158.4492761090307	809.0204105379357	
2582.824	0.028800000000046566	Ripples						0.028800000000046566	2582.8376000000003	6.801643567780797	166.98385367338042	1051.156503575368	
2583.0640000000003	0.04719999999997526	Ripples						0.04719999999997526	2583.0824000000002	13.29163125930967	152.25901006686567	1109.0788912537296	
2585.2816000000003	0.03519999999980428	Ripples						0.03519999999980428	2585.2960000000003	18.57391733022843	156.8742949628777	1386.5915318021323	
2586.2504	0.06000000000040018	Ripples						0.06000000000040018	2586.288	12.395632620289968	148.12707634381155	843.5391137930926	
2586.416	0.047999999999774445	Ripples						0.047999999999774445	2586.4304	11.411014409642357	151.19248443023443	1098.474899651732	
2586.7016000000003	0.04399999999986903	Ripples						0.04399999999986903	2586.7304	11.670048087798936	151.295315008219	967.8979224527503	
2587.8328	0.03360000000020591	Ripples						0.03360000000020591	2587.8408	5.7094048563407425	157.47774529822624	708.0620984469	
2588.0536	0.038399999999910506	Ripples						0.038399999999910506	2588.0688	10.11430209336291	159.4829293298509	781.8275669664398	
2589.3784	0.02959999999984575	Ripples						0.02959999999984575	2589.3976000000002	6.835847346045864	152.69715575208707	813.046581706375	
2589.732	0.028800000000046566	Ripples						0.028800000000046566	2589.7496	6.3812595065244135	148.54666101847482	629.5990601932446	
2599.116	0.06640000000015789	Ripples						0.06640000000015789	2599.1688	8.064469998905883	152.21451438712992	974.0262136480824	
2599.5336	0.04399999999986903	Ripples						0.04399999999986903	2599.5456	14.193936808545311	160.2151846121942	1376.9942712092895	
2599.9456	0.03279999999995198	Ripples						0.03279999999995198	2599.956	14.707358888179447	153.88603198487624	1040.7225160161504	
2601.4656	0.042400000000270666	Ripples						0.042400000000270666	2601.4936000000002	8.078042798847138	158.4142293304878	613.2950896156601	
2602.8192	0.025600000000395084	Ripples						0.025600000000395084	2602.8328	10.037533628108307	157.75853997065062	1028.4464796162288	
2602.9088	0.032000000000152795	Ripples						0.032000000000152795	2602.9272	8.95970756288844	149.24402979357887	809.3966382902017	
2618.3688	0.03600000000005821	Ripples						0.03600000000005821	2618.3912	12.228234184474923	151.33118123725157	1014.886165965368	
2619.7936	0.02320000000008804	Ripples						0.02320000000008804	2619.8088000000002	9.058037937303306	163.25209021945562	980.5854466111464	
2619.8704000000002	0.03440000000000509	Ripples						0.03440000000000509	2619.8824	7.558133646201337	158.50896189094945	679.5868910140537	
2652.0952	0.024800000000141154	Ripples						0.024800000000141154	2652.1096000000002	12.14560596015946	164.16035618253747	1133.4738100714687	
2652.9120000000003	0.03199999999969805	Ripples						0.03199999999969805	2652.924	6.277471454390008	153.74395477933749	739.649238842565	
2659.212	0.04400000000032378	Ripples						0.04400000000032378	2659.2264	21.29749249184654	157.91320126203513	1683.3528886958256	
2662.4192000000003	0.03279999999995198	Ripples						0.03279999999995198	2662.4416	9.35143744496923	148.4987650209749	837.9898637402704	
2668.8376000000003	0.02719999999999345	Ripples						0.02719999999999345	2668.848	14.135808096093852	161.84238041870714	1233.0833070873105	
2669.7384	0.03679999999985739	Ripples						0.03679999999985739	2669.7608	9.339364674599913	157.62585807232404	1071.7049241308116	
2669.8688	0.03279999999995198	Ripples						0.03279999999995198	2669.8736000000004	5.869253606735833	161.6641617470708	782.1535275550518	
2686.4976	0.040799999999762804	Ripples						0.040799999999762804	2686.5272	6.1805699172369115	146.12706215429685	675.6171991856564	
2696.4872	0.03040000000009968	Ripples						0.03040000000009968	2696.504	19.69550984879202	162.89954141056984	1622.3980349841897	
2696.6192	0.025599999999940337	Ripples						0.025599999999940337	2696.6344	5.785272163206843	152.04395739917712	789.8850832944349	
2696.7960000000003	0.024799999999686406	Ripples						0.024799999999686406	2696.8096	11.840576688715482	157.92738973756028	1116.4879526362558	
2697.5312000000004	0.024799999999686406	Ripples						0.024799999999686406	2697.5448	10.65725903493551	159.6895045226735	1050.208393401741	
2698.6472000000003	0.06559999999990396	Ripples						0.06559999999990396	2698.6728000000003	10.42722507341882	147.71922605227513	971.9478528563972	
2698.8024	0.031199999999898864	Ripples						0.031199999999898864	2698.8168	19.97832383297493	160.41619939094053	1495.4856198085204	
2699.0008000000003	0.020799999999780994	Ripples						0.020799999999780994	2699.0112	8.33814582963633	160.9011770528442	1005.2537488936938	
2699.2368	0.048800000000028376	Ripples						0.048800000000028376	2699.2712	7.5205952377277	145.85517609829665	730.3509255683549	
2700.3792000000003	0.028800000000046566	Ripples						0.028800000000046566	2700.3936000000003	6.839908600762766	150.7860519984815	693.6207334977857	
2708.9408000000003	0.020799999999780994	Ripples						0.020799999999780994	2708.952	7.289028932102246	164.49366275252913	923.6032643956584	
2709.9848	0.03760000000011132	Ripples						0.03760000000011132	2710.0152000000003	5.163551404319517	156.24288724838675	568.4033068503968	
2716.3352	0.03040000000009968	Ripples						0.03040000000009968	2716.3512	15.008330477141847	156.29544824237732	1247.3735086895138	
2716.4464000000003	0.03600000000005821	Ripples						0.03600000000005821	2716.4680000000003	17.312040752380508	153.45637887685615	1436.6862709077022	
2716.8448000000003	0.024799999999686406	Ripples						0.024799999999686406	2716.856	7.44029558763691	160.91960410329278	952.0844928030778	
2722.8368	0.0864000000001397	Ripples						0.0864000000001397	2722.916	11.904941969528588	158.2771767518452	1077.4732293596912	
2723.4704	0.027999999999792635	Ripples						0.027999999999792635	2723.4880000000003	8.415584225445407	161.16232576211425	992.2192196481371	
2729.8832	0.05040000000008149	Ripples						0.05040000000008149	2729.9088	12.708251364340851	154.67861838105156	1132.8253701972064	
2730.0008000000003	0.06320000000005166	Ripples						0.06320000000005166	2730.0216	18.101860220747263	153.59823731444413	1626.0563616986467	
2730.1472000000003	0.027999999999792635	Ripples						0.027999999999792635	2730.1584000000003	15.11740876900656	158.21769357500062	1323.2607072975964	
2737.4944	0.041600000000016735	Ripples						0.041600000000016735	2737.5208000000002	12.715912298585923	149.23594752381823	1011.6690485299613	
2751.576	0.026400000000194268	Ripples						0.026400000000194268	2751.592	6.196151975292379	154.53026502205458	587.3875975873826	
2751.7168	0.04239999999981592	Ripples						0.04239999999981592	2751.7496	6.293394254280168	159.8539544269355	772.5438164109584	
2752.0592	0.05920000000014625	Ripples						0.05920000000014625	2752.1040000000003	6.624458037419367	147.6815538926959	596.8189857807569	
2752.212	0.022400000000288856	Ripples						0.022400000000288856	2752.2272000000003	7.778125624081936	158.1500973714531	729.2485991712259	
2757.0616	0.04320000000006985	Ripples						0.04320000000006985	2757.0936	8.368260688035749	156.964311848165	705.6212059158175	
2760.8264	0.02400000000034197	Ripples						0.02400000000034197	2760.8424	7.242568238643838	160.9977842821965	837.0610606737405	
2763.0	29.0	SleepStates											REM
2793.0	13.0	SleepStates											Awake
2807.0	152.0	SleepStates											Non-REM
2811.2160000000003	0.09039999999959036	Ripples						0.09039999999959036	2811.2856	12.987368946582881	147.9618119893095	1110.3531801741738	
2812.1984	0.03519999999980428	Ripples						0.03519999999980428	2812.2128000000002	14.599802816456606	157.94557606097732	1410.2646196781736	
2813.1216	0.032800000000406726	Ripples						0.032800000000406726	2813.1336	13.672713117780345	154.17559456052007	1189.26041683459	
2825.5944	0.028800000000046566	Ripples						0.028800000000046566	2825.6088	7.021624849285581	150.0679720362981	671.9541583654187	
2825.696	0.029600000000300497	Ripples						0.029600000000300497	2825.7112	10.446554683895611	152.22922160224587	993.2284982615432	
2829.7496	0.05040000000008149	Ripples						0.05040000000008149	2829.7792	13.48729816987871	148.23547627730133	1115.0055633169302	
2829.9272	0.025599999999940337	Ripples						0.025599999999940337	2829.9424000000004	7.913927163220749	153.537438366934	870.3474877134208	
2830.0640000000003	0.022399999999834108	Ripples						0.022399999999834108	2830.0792	7.681951098073523	159.05362820519474	856.6415627501069	
2835.5088	0.03679999999985739	Ripples						0.03679999999985739	2835.52	6.759655194025232	151.56144929743365	738.1183350148399	
2844.6408	0.04399999999986903	Ripples						0.04399999999986903	2844.6528000000003	11.473604767214109	160.29180773998135	1143.6229647627515	
2844.8424	0.025599999999940337	Ripples						0.025599999999940337	2844.8568	7.1115349709119355	150.29798857879433	723.6633481895935	
2849.9712	0.0543999999999869	Ripples						0.0543999999999869	2850.0	6.121730898370772	150.91217162478594	772.4812388083375	
2858.8336	0.021600000000034925	Ripples						0.021600000000034925	2858.8448000000003	6.7244734854084	160.19560585699966	730.6199593429092	
2862.5608	0.03600000000005821	Ripples						0.03600000000005821	2862.58	12.41981615095801	155.0272802341786	1059.9861900736578	
2862.8496	0.03040000000009968	Ripples						0.03040000000009968	2862.8616	7.598951624474526	153.21439880331715	845.3162987495962	
2864.1232	0.024800000000141154	Ripples						0.024800000000141154	2864.1304	5.445802911114679	162.3068479194289	682.1065181931875	
2872.7496	0.026400000000194268	Ripples						0.026400000000194268	2872.768	8.944103693181608	154.68185639584027	979.6852425569309	
2876.9616	0.03040000000009968	Ripples						0.03040000000009968	2876.9728	7.020260249194674	155.91465519125086	711.3124877330749	
2877.976	0.04080000000021755	Ripples						0.04080000000021755	2878.0072	5.401137854475	153.83083379795758	636.4154797735089	
2878.3616	0.03040000000009968	Ripples						0.03040000000009968	2878.3848000000003	5.907818971934729	150.86226060741777	727.5659450952754	
2881.5688	0.05040000000008149	Ripples						0.05040000000008149	2881.58	9.864386467589505	151.69125207421118	939.2990741362154	
2882.5304	0.058399999999892316	Ripples						0.058399999999892316	2882.5584000000003	16.407601314147794	155.83496974336262	1518.5619224633358	
2882.6752	0.03920000000016444	Ripples						0.03920000000016444	2882.6832	8.120904889058279	152.9432038023392	835.5556663749213	
2883.3696	0.05600000000004002	Ripples						0.05600000000004002	2883.3920000000003	7.394223703808313	145.88923663274332	733.2091692187128	
2884.0704	0.04800000000022919	Ripples						0.04800000000022919	2884.0816	5.888168700484188	154.26598900459987	703.1828348666229	
2884.5440000000003	0.022399999999834108	Ripples						0.022399999999834108	2884.5592	5.647625827610415	155.6633031991991	689.783623621897	
2885.5688	0.042400000000270666	Ripples						0.042400000000270666	2885.5968000000003	13.072740502813078	148.59991112404174	1028.8595991933132	
2885.656	0.021600000000034925	Ripples						0.021600000000034925	2885.6712	6.197888082394031	158.36442526794534	690.6895757673134	
2885.9080000000004	0.044799999999668216	Ripples						0.044799999999668216	2885.9320000000002	12.209413153408711	148.778739831913	1074.175144777244	
2903.4344	0.07520000000022264	Ripples						0.07520000000022264	2903.4704	7.366071572610904	155.35099741281226	746.494493066722	
2903.6432	0.04640000000017608	Ripples						0.04640000000017608	2903.6744000000003	20.597507060014408	152.32445738477702	1512.2207287495896	
2911.5352000000003	0.05040000000008149	Ripples						0.05040000000008149	2911.5744	7.260544904158401	153.15699299477987	688.8140848148679	
2914.3808000000004	0.04399999999986903	Ripples						0.04399999999986903	2914.3920000000003	8.234322543732333	157.02602543772582	756.3382814843678	
2918.1808	0.04959999999982756	Ripples						0.04959999999982756	2918.2048	6.518190191126536	165.25419715460683	591.362135655748	
2928.752	0.021600000000034925	Ripples						0.021600000000034925	2928.7624	7.541384677154058	165.40298245222593	919.0794932190161	
2928.888	0.06080000000019936	Ripples						0.06080000000019936	2928.9320000000002	16.888512194063942	154.77458593189323	1353.9169554265363	
2948.5904	0.04399999999986903	Ripples						0.04399999999986903	2948.6208	5.089823896094568	148.54796164294416	549.1433363921242	
2950.2104	0.025600000000395084	Ripples						0.025600000000395084	2950.2184	6.316350568599053	153.995398575935	813.2109560789665	
2960.0	57.0	SleepStates											Awake
2995.6112000000003	0.047999999999774445	Ripples						0.047999999999774445	2995.632	10.967009298784653	154.95649145880145	1293.9585075268974	
3000.3088000000002	0.025599999999940337	Ripples						0.025599999999940337	3000.324	5.162048805981275	149.92669181290373	617.0709515967422	
3001.7216000000003	0.04399999999986903	Ripples						0.04399999999986903	3001.7392	16.12504654139383	159.00357294697613	1407.3360172214984	
3012.3096	0.048800000000028376	Ripples						0.048800000000028376	3012.3320000000003	7.975568731420364	154.63199285620354	641.885884659829	
3012.3888	0.041600000000016735	Ripples						0.041600000000016735	3012.4008000000003	24.550030403918086	163.71902876337728	1628.5777175394746	
3012.5376	0.04640000000017608	Ripples						0.04640000000017608	3012.5456	6.069022152698745	153.63035985233662	879.2619701798585	
3012.6816000000003	0.04399999999986903	Ripples						0.04399999999986903	3012.704	10.869265732346726	149.21544046615423	929.282662336196	
3018.0	313.0	SleepStates											Non-REM
3019.7464	0.024800000000141154	Ripples						0.024800000000141154	3019.7584	13.345446279551478	160.49760869028307	1056.1731839426584	
3020.116	0.04960000000028231	Ripples						0.04960000000028231	3020.1336	19.744283590222725	155.62609035228456	1588.6654397116147	
3020.2560000000003	0.0431999999996151	Ripples						0.0431999999996151	3020.28	25.718406766965234	159.688279169732	1904.1713234881222	
3022.6528000000003	0.02719999999999345	Ripples						0.02719999999999345	3022.6696	15.388901037080878	164.78950778139102	1392.1754982224493	
3024.3912	0.04320000000006985	Ripples						0.04320000000006985	3024.4168	16.749213829349838	149.35652600519876	1297.8365521227831	
3027.0824000000002	0.03199999999969805	Ripples						0.03199999999969805	3027.0928000000004	9.59061561014059	160.25655650412642	1081.6265323940454	
3027.3464000000004	0.0591999999996915	Ripples						0.0591999999996915	3027.3776000000003	13.844829199830876	161.74597078993793	1141.1280923235263	
3027.9888	0.0840000000002874	Ripples						0.0840000000002874	3028.0064	8.494857333001413	153.20264014669888	947.2071291221652	
3030.8648000000003	0.03600000000005821	Ripples						0.03600000000005821	3030.8824	19.42771713855188	155.92126457177153	1626.150506429265	
3040.6328000000003	0.028800000000046566	Ripples						0.028800000000046566	3040.6440000000002	5.018359518309828	154.0236638471002	739.8456775895102	
3040.6872000000003	0.022399999999834108	Ripples						0.022399999999834108	3040.7024	8.232573503823193	158.6030794566732	792.5213209745913	
3050.0904	0.03999999999996362	Ripples						0.03999999999996362	3050.1208	7.176510145907872	153.7728134099462	864.0311953329227	
3050.6216	0.029600000000300497	Ripples						0.029600000000300497	3050.6328000000003	8.510472189688254	152.58042870087252	784.9649701147405	
3050.8008	0.04320000000006985	Ripples						0.04320000000006985	3050.8224	19.57061601598474	152.23997636141195	1478.3070973212766	
3055.5752	0.047999999999774445	Ripples						0.047999999999774445	3055.612	7.131304604695614	155.4686987179454	817.2819813435287	
3061.9616	0.041600000000016735	Ripples						0.041600000000016735	3061.98	14.17571153313459	158.60528809700318	1014.1180967972238	
3062.0576	0.052000000000134605	Ripples						0.052000000000134605	3062.0872	6.60567695496404	149.8386359379666	501.299764932754	
3062.3328	0.03999999999996362	Ripples						0.03999999999996362	3062.344	7.74593296397006	161.951702632279	743.762905300743	
3064.2424	0.02080000000023574	Ripples						0.02080000000023574	3064.2536	9.763575266339867	165.99481517589476	994.2645329556223	
3064.3576000000003	0.025599999999940337	Ripples						0.025599999999940337	3064.3656	5.570049022210555	149.18140596931156	552.8358842421753	
3068.3936000000003	0.040799999999762804	Ripples						0.040799999999762804	3068.4136000000003	11.802681734608756	150.49619214044588	904.3023641818363	
3075.6536	0.02719999999999345	Ripples						0.02719999999999345	3075.668	9.23098246217925	162.44096935811376	1119.8979753356634	
3075.8424	0.042400000000270666	Ripples						0.042400000000270666	3075.8632000000002	11.821898564609866	150.42615069410442	1025.2951867517004	
3076.772	0.04000000000041837	Ripples						0.04000000000041837	3076.8032000000003	5.609194107406435	160.2126703519881	732.9821769333842	
3079.7408	0.04800000000022919	Ripples						0.04800000000022919	3079.7552	12.74645174888931	157.8053711150544	1046.404168632052	
3081.7944	0.09920000000010987	Ripples						0.09920000000010987	3081.8448000000003	11.38213835161514	160.4524857901897	1225.5523762599096	
3081.984	0.025600000000395084	Ripples						0.025600000000395084	3081.9984	16.150710677338502	158.17256298487482	1271.7027149155954	
3082.3128	0.031199999999898864	Ripples						0.031199999999898864	3082.3304000000003	11.193757395267241	157.553201435286	1159.6725737993474	
3082.9344	0.04320000000006985	Ripples						0.04320000000006985	3082.9456	14.442930003067005	155.00107315383036	1308.5320081990567	
3090.7744000000002	0.05600000000004002	Ripples						0.05600000000004002	3090.7920000000004	10.923348006780904	158.500694201787	874.318997408366	
3091.4584	0.044800000000122964	Ripples						0.044800000000122964	3091.4776	12.283160017693094	151.71905228781807	1142.0426923980378	
3099.4328	0.022400000000288856	Ripples						0.022400000000288856	3099.4448	5.748619169543639	151.04029409039137	647.5833601342623	
3110.8320000000003	0.03599999999960346	Ripples						0.03599999999960346	3110.844	6.943743018861878	164.7127142416201	948.2219067221318	
3110.952	0.06480000000010477	Ripples						0.06480000000010477	3110.992	15.694508140847656	161.25963173216456	1246.9659359670345	
3111.8568	0.04640000000017608	Ripples						0.04640000000017608	3111.8784	9.977688840931007	152.8633472939792	809.5868236697568	
3112.2304000000004	0.023199999999633292	Ripples						0.023199999999633292	3112.2360000000003	6.257980243857291	162.96999158561397	666.1747426542031	
3113.1392	0.03920000000016444	Ripples						0.03920000000016444	3113.1648	11.6277498318393	160.93503284471342	953.1670312642418	
3147.0808	0.03279999999995198	Ripples						0.03279999999995198	3147.1056000000003	11.621466448570883	154.36540620476728	999.1071137576894	
3148.0224000000003	0.04719999999997526	Ripples						0.04719999999997526	3148.0480000000002	6.791046641120597	152.3344492979616	726.4778810348016	
3148.2112	0.024800000000141154	Ripples						0.024800000000141154	3148.2200000000003	9.574278685301964	164.33777198542265	997.0420197870616	
3148.2952	0.07680000000027576	Ripples						0.07680000000027576	3148.3584	8.317435567214991	151.7529768237172	950.7625278642713	
3148.4664000000002	0.03359999999975116	Ripples						0.03359999999975116	3148.4736000000003	5.674948685169249	154.910382493512	718.254849684533	
3149.3920000000003	0.020799999999780994	Ripples						0.020799999999780994	3149.4056	8.065499133762389	166.72019413353476	912.5139495560396	
3165.6616000000004	0.03279999999995198	Ripples						0.03279999999995198	3165.6864	12.285179981297496	158.2379057575676	1091.2757201920363	
3166.0656000000004	0.03999999999996362	Ripples						0.03999999999996362	3166.0840000000003	6.974532764367128	146.65516409327952	658.277654880945	
3166.4952000000003	0.044799999999668216	Ripples						0.044799999999668216	3166.5296000000003	6.524262803274066	155.36501992623948	564.7962718519951	
3190.1112000000003	0.03359999999975116	Ripples						0.03359999999975116	3190.1248	8.20461249202449	159.1062701695653	1062.2668058432157	
3195.0376	0.04399999999986903	Ripples						0.04399999999986903	3195.0544	21.237300460083222	159.14907557889342	1675.2116170446357	
3214.4936000000002	0.03919999999970969	Ripples						0.03919999999970969	3214.5224000000003	6.412086935785261	154.26096141450566	848.0501928407116	
3215.4536000000003	0.04399999999986903	Ripples						0.04399999999986903	3215.4840000000004	13.507997215446098	153.77893661693506	1226.762295215343	
3230.4168	0.03840000000036525	Ripples						0.03840000000036525	3230.4472	11.394342379629418	159.06558200914674	1018.3768414785039	
3236.5584000000003	0.030399999999644933	Ripples						0.030399999999644933	3236.5704	6.0519703699333345	154.59099374842646	873.9196993617098	
3238.768	0.031199999999898864	Ripples						0.031199999999898864	3238.7856	9.130200096508789	160.26501924715595	1046.4810158638245	
3240.1736	0.028000000000247383	Ripples						0.028000000000247383	3240.1856000000002	8.901694170415256	155.51437778631168	995.3595881372643	
3240.7984	0.052000000000134605	Ripples						0.052000000000134605	3240.8376000000003	9.162002570884205	154.71474340302618	1085.928710405283	
3257.8368	0.04800000000022919	Ripples						0.04800000000022919	3257.8712	17.224612509302926	162.04042250727932	1271.9871868628277	
3259.7488000000003	0.027999999999792635	Ripples						0.027999999999792635	3259.7664	15.97671564082712	160.71338645400144	1277.7670406159464	
3259.9152000000004	0.03519999999980428	Ripples						0.03519999999980428	3259.9392000000003	8.028630266317377	158.82259206471278	740.0707151875525	
3260.0408	0.028800000000046566	Ripples						0.028800000000046566	3260.0584000000003	13.089318112572368	158.1004969301517	1202.4708179740055	
3260.3568	0.03440000000000509	Ripples						0.03440000000000509	3260.368	5.825592961729958	156.65512091134602	553.6799576765021	
3264.7784	0.02320000000008804	Ripples						0.02320000000008804	3264.7936	10.472151111214504	157.80117052261105	913.1638793435986	
3265.4864000000002	0.024800000000141154	Ripples						0.024800000000141154	3265.4984	7.716554894803569	156.71092357783544	978.727838305398	
3265.5696000000003	0.03679999999985739	Ripples						0.03679999999985739	3265.5840000000003	14.243173954944819	156.36114360502071	1120.9270226464137	
3269.444	0.044800000000122964	Ripples						0.044800000000122964	3269.4616	18.43889848760524	163.26239372771525	1570.6852932376212	
3269.6000000000004	0.04399999999986903	Ripples						0.04399999999986903	3269.636	11.345137485935615	153.50102921763846	936.8587672479366	
3269.8696	0.024800000000141154	Ripples						0.024800000000141154	3269.8848000000003	5.88090246016498	156.59134292652806	721.3246088590955	
3270.964	0.05120000000033542	Ripples						0.05120000000033542	3270.9776	14.902919337756453	157.1986129147613	1400.2227370909761	
3271.0888	0.03360000000020591	Ripples						0.03360000000020591	3271.1000000000004	6.8420595050306865	162.66407821684015	668.2550136684816	
3275.4448	0.020799999999780994	Ripples						0.020799999999780994	3275.4584	13.218529060483073	168.584240051584	1047.2970457070153	
3286.3712	0.021600000000034925	Ripples						0.021600000000034925	3286.3832	11.538945195963885	165.4476188992285	1104.222789056358	
3287.368	0.028800000000046566	Ripples						0.028800000000046566	3287.3832	7.3479381867176565	150.42250251615695	806.1122034841865	
3298.5112000000004	0.022399999999834108	Ripples						0.022399999999834108	3298.5264	5.365419852447392	155.8714580064295	641.4981892725392	
3301.9320000000002	0.027999999999792635	Ripples						0.027999999999792635	3301.9464000000003	10.657468693138151	161.02893886838592	1136.0350533681442	
3303.3472	0.03679999999985739	Ripples						0.03679999999985739	3303.3792000000003	7.760445231167855	159.47653751560344	683.4432583349325	
3303.516	0.032000000000152795	Ripples						0.032000000000152795	3303.5336	26.63224098079829	163.27519931353194	1905.295394052422	
3306.3384	0.031199999999898864	Ripples						0.031199999999898864	3306.3472	5.305808102990402	155.1528876498954	623.7092559355427	
3306.8152	0.035200000000259024	Ripples						0.035200000000259024	3306.8272	7.855472591539704	165.20776399650103	640.7535943959285	
3317.4864000000002	0.03519999999980428	Ripples						0.03519999999980428	3317.4984	7.443877904636653	153.3459374742885	551.7357295943987	
3332.0	110.0	SleepStates											REM
3443.0	61.0	SleepStates											Awake
3476.9048000000003	0.058399999999892316	Ripples						0.058399999999892316	3476.936	17.251696706365554	153.8426823135157	1260.1604075573316	
3477.016	0.058399999999892316	Ripples						0.058399999999892316	3477.0568000000003	10.420378226487879	144.93801300620152	950.3577108158465	
3501.8392000000003	0.02959999999984575	Ripples						0.02959999999984575	3501.8544	12.54203131786724	158.74646659957264	1160.356724501979	
3502.6344000000004	0.024799999999686406	Ripples						0.024799999999686406	3502.6496	15.828446547888717	162.38443872173391	1368.5631689367187	
3503.4304	0.027999999999792635	Ripples						0.027999999999792635	3503.4488	12.675148937727394	158.8518327462739	1100.5030371986006	
3503.6656000000003	0.025599999999940337	Ripples						0.025599999999940337	3503.6736	7.957521218656332	155.73188435741514	816.926236237617	
3505.0	671.0	SleepStates											Non-REM
3509.8632000000002	0.03359999999975116	Ripples						0.03359999999975116	3509.8720000000003	5.402670919331205	150.54457746403986	615.0694748026298	
3509.9168	0.03440000000000509	Ripples						0.03440000000000509	3509.9472	5.048652580215027	156.88688854109694	680.6044542708648	
3510.06	0.04800000000022919	Ripples						0.04800000000022919	3510.0968000000003	9.634327871856156	147.75413044241003	794.424671458538	
3513.0	0.02080000000023574	Ripples						0.02080000000023574	3513.0136	7.584108052897818	153.44195097307482	712.0361391379942	
3513.1872000000003	0.041600000000016735	Ripples						0.041600000000016735	3513.2064	17.178273885525424	153.64116737120955	1251.3647303373793	
3513.4080000000004	0.05999999999994543	Ripples						0.05999999999994543	3513.4504	10.253825063810263	154.84080040214053	990.363339762739	
3519.1856000000002	0.03440000000000509	Ripples						0.03440000000000509	3519.2032000000004	21.44677181804788	159.5518310226429	1595.1384169429045	
3519.3864000000003	0.037599999999656575	Ripples						0.037599999999656575	3519.3984	10.82573645267415	156.5247508976626	1093.5938370804997	
3530.7400000000002	0.061599999999998545	Ripples						0.061599999999998545	3530.7848000000004	12.746386519729167	158.83606364177024	1419.5042859518537	
3532.2448000000004	0.020799999999780994	Ripples						0.020799999999780994	3532.2560000000003	5.003031328109129	159.65658574080743	862.5611785730421	
3532.5328	0.05920000000014625	Ripples						0.05920000000014625	3532.5552000000002	17.219709948097176	156.28932888304448	1110.2885070868483	
3538.5656000000004	0.07839999999987413	Ripples						0.07839999999987413	3538.6232	11.070990301970403	150.58911978743214	1001.7038637134724	
3549.0344	0.025599999999940337	Ripples						0.025599999999940337	3549.0432	9.880907952281591	157.4344409740441	995.6204138658991	
3550.9168	0.035200000000259024	Ripples						0.035200000000259024	3550.9320000000002	23.02951977327678	155.61075712053048	1677.0010188790245	
3551.0696000000003	0.04959999999982756	Ripples						0.04959999999982756	3551.1024	31.026377503271043	160.0452942638166	2009.074408476575	
3551.2368	0.04559999999992215	Ripples						0.04559999999992215	3551.2568	9.073087012523906	155.94660629863546	1147.949062772928	
3551.7760000000003	0.03919999999970969	Ripples						0.03919999999970969	3551.7968	12.57532011708534	161.34588176897387	1333.176981491572	
3553.5408	0.048800000000028376	Ripples						0.048800000000028376	3553.5632	11.441973420864702	150.3383609269471	909.1579530894678	
3555.0856000000003	0.038399999999910506	Ripples						0.038399999999910506	3555.1144000000004	7.9061172596418015	158.49608909533833	956.8492064436285	
3561.5008000000003	0.02320000000008804	Ripples						0.02320000000008804	3561.5128	8.394964494028805	155.7338618593838	864.2730529439042	
3562.5976	0.10320000000001528	Ripples						0.10320000000001528	3562.6800000000003	14.20580941498687	151.4268245910205	1324.704573882211	
3568.0104	0.021600000000034925	Ripples						0.021600000000034925	3568.0184000000004	5.260913276863901	156.91386430520816	650.8962535557167	
3579.5440000000003	0.024799999999686406	Ripples						0.024799999999686406	3579.5592	5.220773580127857	154.70395348405592	623.433443700581	
3587.1872000000003	0.027999999999792635	Ripples						0.027999999999792635	3587.1976	10.1165409919609	159.96035291016787	1110.83865755405	
3587.3424	0.04080000000021755	Ripples						0.04080000000021755	3587.3536000000004	9.004277906896966	151.9937821245097	908.3367446960731	
3590.4192000000003	0.03600000000005821	Ripples						0.03600000000005821	3590.4304	5.034158881945606	150.8027934531629	750.0896167604178	
3595.1416000000004	0.044799999999668216	Ripples						0.044799999999668216	3595.1592	8.625387704022923	153.14798964701816	1050.9010022133714	
3595.2856	0.038399999999910506	Ripples						0.038399999999910506	3595.3048000000003	7.721401353828799	155.90584249830823	659.316525286856	
3599.0312000000004	0.030399999999644933	Ripples						0.030399999999644933	3599.0416	5.763819384180989	153.23424941165797	808.85724944809	
3600.9952000000003	0.03600000000005821	Ripples						0.03600000000005821	3601.0064	5.557549970997239	154.20458724676757	888.4523073831015	
3601.1176	0.05040000000008149	Ripples						0.05040000000008149	3601.1400000000003	11.560306158965668	144.6443883821904	915.2115532492727	
3603.348	0.028800000000046566	Ripples						0.028800000000046566	3603.356	9.517248958743293	153.63475827935662	914.3275326329416	
3616.2856	0.023999999999887223	Ripples						0.023999999999887223	3616.3016000000002	6.281169042946397	156.5285026952227	704.825734046799	
3619.1776	0.04719999999997526	Ripples						0.04719999999997526	3619.1952	19.114869573652168	162.46007930573813	1743.931680140296	
3619.3168	0.028000000000247383	Ripples						0.028000000000247383	3619.328	27.883550470982147	163.8548537190583	1704.3881704221994	
3620.0416	0.04640000000017608	Ripples						0.04640000000017608	3620.0736	15.562154296933924	157.9848820714915	1496.2870012159738	
3620.2072000000003	0.051199999999880674	Ripples						0.051199999999880674	3620.2376000000004	17.5480884086701	149.6406600869669	1325.083867575937	
3621.1264	0.03360000000020591	Ripples						0.03360000000020591	3621.1344000000004	6.0047546048401355	161.12018666955777	781.0556302370048	
3627.4552000000003	0.05279999999993379	Ripples						0.05279999999993379	3627.4848	15.688309723191727	162.04947703815247	1430.9203521806025	
3630.1848	0.035200000000259024	Ripples						0.035200000000259024	3630.1944000000003	8.481931399213178	158.76680472846573	956.6061649730796	
3630.7232000000004	0.051199999999880674	Ripples						0.051199999999880674	3630.7608	13.374860959918752	153.70608469310767	1160.0623371175307	
3632.204	0.048800000000028376	Ripples						0.048800000000028376	3632.2288000000003	17.387760866949712	160.08399487122384	1500.2824647827345	
3637.6288	0.04640000000017608	Ripples						0.04640000000017608	3637.6624	5.773496192474499	160.229965937777	901.4242272467147	
3644.7728	0.020799999999780994	Ripples						0.020799999999780994	3644.7832000000003	5.546755901085709	157.1459768359911	718.5855246044171	
3646.5824000000002	0.03279999999995198	Ripples						0.03279999999995198	3646.6048	7.951827478334879	158.26046178898685	903.9668866125786	
3659.8088000000002	0.031199999999898864	Ripples						0.031199999999898864	3659.8264000000004	18.073586892202986	157.40861622074232	1431.6565731068645	
3660.8624	0.024800000000141154	Ripples						0.024800000000141154	3660.8736000000004	6.643822233710911	158.40815592120248	776.6380928644763	
3668.6656000000003	0.03760000000011132	Ripples						0.03760000000011132	3668.692	6.757651754320787	147.51862384644818	624.9444796819164	
3673.5792	0.026400000000194268	Ripples						0.026400000000194268	3673.5992	6.337231497673967	152.83150355643602	608.6018852346144	
3677.8728	0.024800000000141154	Ripples						0.024800000000141154	3677.884	16.375695584660367	163.17094851172087	1283.363324598024	
3677.9904	0.04320000000006985	Ripples						0.04320000000006985	3678.0024000000003	36.156760233456865	158.2179775640101	1967.5703597082345	
3678.6336	0.05999999999994543	Ripples						0.05999999999994543	3678.6672000000003	10.030180024215587	149.3514950316003	963.9809543248537	
3679.0896000000002	0.03519999999980428	Ripples						0.03519999999980428	3679.1040000000003	12.06294695164605	155.9513074267262	1213.3179949843054	
3682.856	0.025599999999940337	Ripples						0.025599999999940337	3682.8712	5.614467502185725	153.32640568639528	622.3784757318998	
3694.0288	0.04719999999997526	Ripples						0.04719999999997526	3694.0624000000003	13.970909767667685	156.9664925576185	1153.5593333771185	
3707.3744	0.03040000000009968	Ripples						0.03040000000009968	3707.3944	8.564680316238952	157.2908744792794	767.0162367886181	
3716.1224	0.02959999999984575	Ripples						0.02959999999984575	3716.1344000000004	6.772366694284597	150.7966184204802	753.4274150399655	
3718.9776	0.025599999999940337	Ripples						0.025599999999940337	3718.996	6.500458235233234	154.30076652446965	811.9074897913312	
3721.3312	0.03040000000009968	Ripples						0.03040000000009968	3721.3424	5.150956804300749	156.34658553913295	601.6482683599015	
3733.0136	0.02719999999999345	Ripples						0.02719999999999345	3733.0272	8.66635566837435	160.796576997089	1108.5379538062753	
3733.86	0.02719999999999345	Ripples						0.02719999999999345	3733.8688	5.109837061383196	153.01065145444116	598.7332492491036	
3734.0112000000004	0.027999999999792635	Ripples						0.027999999999792635	3734.0296000000003	13.258065768923064	155.51993592982322	1175.8727404946526	
3749.3160000000003	0.048800000000028376	Ripples						0.048800000000028376	3749.3488	16.57906608941456	158.05348110873598	1549.4322309781967	
3756.9064000000003	0.028800000000046566	Ripples						0.028800000000046566	3756.9216	8.960542625371394	153.73167571464174	850.8845284712703	
3757.0336	0.04719999999997526	Ripples						0.04719999999997526	3757.0448	17.479179242843717	155.54214140900635	1306.8891321005715	
3757.8648000000003	0.04239999999981592	Ripples						0.04239999999981592	3757.8968	24.22808878737312	153.77110410471832	1533.9078157933602	
3765.8216	0.031199999999898864	Ripples						0.031199999999898864	3765.8288000000002	11.22104923666169	160.01148210376593	1011.5086927324828	
3768.3808000000004	0.023999999999887223	Ripples						0.023999999999887223	3768.3920000000003	12.497442440258453	168.04671427267593	1218.0918198947718	
3769.0912000000003	0.03999999999996362	Ripples						0.03999999999996362	3769.1000000000004	10.144099765951594	158.20583690456056	1099.4507939127095	
3770.1568	0.03359999999975116	Ripples						0.03359999999975116	3770.1824	7.950142403339495	150.13750437712065	813.3306845054806	
3770.3808000000004	0.044799999999668216	Ripples						0.044799999999668216	3770.4056	18.746857403750948	152.0910239872973	1382.990755978996	
3771.6496	0.02959999999984575	Ripples						0.02959999999984575	3771.6616000000004	12.408747679408803	156.19269946520197	1118.103062870061	
3771.764	0.025599999999940337	Ripples						0.025599999999940337	3771.7784	5.546305844227368	152.66544254446114	793.8036403374686	
3774.364	0.032000000000152795	Ripples						0.032000000000152795	3774.3856	8.989641881332156	160.76347927948507	1019.5721208208403	
3774.6328000000003	0.024799999999686406	Ripples						0.024799999999686406	3774.6440000000002	11.98956391490096	159.29353068004517	1143.005246092851	
3775.8	0.06480000000010477	Ripples						0.06480000000010477	3775.8232000000003	6.052200613727522	160.12794299978236	572.8442554050547	
3776.3888	0.04640000000017608	Ripples						0.04640000000017608	3776.4136000000003	6.319471576347417	151.45400847104665	764.9854206099374	
3776.6040000000003	0.031199999999898864	Ripples						0.031199999999898864	3776.6216000000004	8.341750188717397	157.98756396549015	1036.8398218717427	
3778.356	0.02639999999973952	Ripples						0.02639999999973952	3778.3712	5.183212786147777	151.32034555667593	545.2491545485423	
3782.2096	0.024800000000141154	Ripples						0.024800000000141154	3782.2176000000004	5.747076215008582	158.45691523567288	664.6044929674548	
3793.7488000000003	0.024799999999686406	Ripples						0.024799999999686406	3793.7632000000003	7.994249063819046	158.06619146015922	969.0806220929495	
3808.4480000000003	0.03919999999970969	Ripples						0.03919999999970969	3808.4696000000004	9.899092205528566	148.12633522194042	897.3083187661402	
3808.6200000000003	0.08159999999998035	Ripples						0.08159999999998035	3808.6344000000004	10.504486566033009	156.25896692810238	1125.95908908251	
3814.1224	0.03040000000009968	Ripples						0.03040000000009968	3814.1392	18.280758328117965	164.261883217935	1486.4946336919838	
3816.4384	0.028800000000046566	Ripples						0.028800000000046566	3816.4568000000004	12.733605928926867	158.2448029269141	1230.9767826034338	
3826.3144	0.028800000000046566	Ripples						0.028800000000046566	3826.3296	7.527786881116281	151.25603164708622	805.6903581102507	
3826.4488	0.02719999999999345	Ripples						0.02719999999999345	3826.4688	5.126443696722524	165.2331189707971	532.2783320152558	
3838.1912	0.022399999999834108	Ripples						0.022399999999834108	3838.2032000000004	13.524906962850862	161.04885867991794	1040.00210896909	
3838.516	0.038399999999910506	Ripples						0.038399999999910506	3838.5376	13.820093193639508	152.70258540268395	1042.0599296906873	
3840.9904	0.022399999999834108	Ripples						0.022399999999834108	3841.0048	9.143724536055123	157.58574669002385	903.0382499217784	
3841.384	0.02080000000023574	Ripples						0.02080000000023574	3841.3976000000002	6.781641402651084	162.39103814423493	875.0085749075117	
3842.0224000000003	0.02639999999973952	Ripples						0.02639999999973952	3842.0304	9.046963110145462	160.3749990687258	815.2302981155038	
3844.3072	0.03600000000005821	Ripples						0.03600000000005821	3844.3360000000002	8.161379234087484	153.980969699643	806.1938342144523	
3844.4480000000003	0.04399999999986903	Ripples						0.04399999999986903	3844.4704	7.750689381322699	147.25183310778928	935.6109891687393	
3845.2888000000003	0.021600000000034925	Ripples						0.021600000000034925	3845.2968	6.801547452159598	153.98469384212066	785.7277675332871	
3846.092	0.03040000000009968	Ripples						0.03040000000009968	3846.1144000000004	7.510661252313252	154.83094861067337	852.9684490981454	
3865.7888000000003	0.021600000000034925	Ripples						0.021600000000034925	3865.8	7.323124943843271	156.21387052062406	716.8365772611372	
3886.7888000000003	0.03440000000000509	Ripples						0.03440000000000509	3886.8136000000004	7.084342264239034	157.69591628688033	750.3215718091539	
3890.9336000000003	0.038399999999910506	Ripples						0.038399999999910506	3890.9616	5.4512535133714035	158.11697950487758	559.5358415650325	
3891.1056000000003	0.038399999999910506	Ripples						0.038399999999910506	3891.1304	15.303559992347882	155.23476006094648	1325.4069479653765	
3895.6376	0.05680000000029395	Ripples						0.05680000000029395	3895.664	17.769640832262237	157.9118489912329	1497.179899070307	
3895.8048000000003	0.04320000000006985	Ripples						0.04320000000006985	3895.8256	31.83472636178163	149.42993919061055	1681.029218573186	
3906.6408	0.028800000000046566	Ripples						0.028800000000046566	3906.6584000000003	12.199319918514623	157.41695209385665	1083.2437220035497	
3906.7520000000004	0.03199999999969805	Ripples						0.03199999999969805	3906.7632000000003	9.771602618098528	154.4973869549485	920.0667496297629	
3906.9184	0.03279999999995198	Ripples						0.03279999999995198	3906.9416	9.716911726048682	160.53152275551105	982.7888664435208	
3907.0832	0.03999999999996362	Ripples						0.03999999999996362	3907.1016	18.598568877804563	153.74822475919834	1356.0718282361029	
3909.0408	0.038399999999910506	Ripples						0.038399999999910506	3909.052	9.211058114477858	161.8751713112624	1016.2946480068066	
3916.7344000000003	0.03279999999995198	Ripples						0.03279999999995198	3916.7520000000004	17.551501665510727	157.98242261010483	1545.0584755037994	
3918.4784	0.08480000000008658	Ripples						0.08480000000008658	3918.4896000000003	7.966375843847686	152.43184026440335	794.3181134997309	
3919.1384000000003	0.038399999999910506	Ripples						0.038399999999910506	3919.1600000000003	12.802644660630623	154.56546132213376	1199.2097449176472	
3919.8352	0.025600000000395084	Ripples						0.025600000000395084	3919.8504000000003	9.999371646424049	157.22352659820947	1039.086185880654	
3921.0152000000003	0.03600000000005821	Ripples						0.03600000000005821	3921.0256000000004	5.726385563384317	153.15628688799202	779.9345334243242	
3938.6864	0.03600000000005821	Ripples						0.03600000000005821	3938.7008	14.848897639198535	150.4190705613278	1087.9121525574624	
3939.0808	0.04320000000006985	Ripples						0.04320000000006985	3939.0992	10.992598113443249	151.74593749907484	1087.6379765187935	
3939.4288	0.022399999999834108	Ripples						0.022399999999834108	3939.4392000000003	5.386248441796394	170.71282916334917	871.1418988164367	
3942.3344	0.041600000000016735	Ripples						0.041600000000016735	3942.3536000000004	5.124823898307566	146.73979709356502	513.4201210582083	
3944.188	0.031199999999898864	Ripples						0.031199999999898864	3944.1992	10.466505538072212	163.60453411364355	1095.751025789274	
3945.44	0.05040000000008149	Ripples						0.05040000000008149	3945.4656	9.156018252174043	153.2699971058488	1015.7932560685824	
3953.1344000000004	0.11919999999963693	Ripples						0.11919999999963693	3953.2112	5.555308376294223	165.71369653935798	505.70903958973105	
3982.0304	0.028800000000046566	Ripples						0.028800000000046566	3982.0448	5.56921485335228	147.06884855206113	732.7347589386015	
3984.8144	0.044800000000122964	Ripples						0.044800000000122964	3984.8264000000004	10.145491136610701	155.50322198629257	875.6582426732447	
3985.2408	0.032000000000152795	Ripples						0.032000000000152795	3985.2552	13.740656319654796	160.9128867031035	1278.2401954967465	
3998.0688	0.02719999999999345	Ripples						0.02719999999999345	3998.0824000000002	15.357208383112976	162.03125782758585	1390.8143447059083	
3999.0256000000004	0.03519999999980428	Ripples						0.03519999999980428	3999.0408	22.070306193922775	160.23675328077775	1646.1108542054228	
4003.7096	0.03999999999996362	Ripples						0.03999999999996362	4003.724	11.354984936080946	156.6556541951527	1132.7181951667073	
4003.8328	0.07200000000011642	Ripples						0.07200000000011642	4003.8592000000003	7.740685047197632	142.28000025674234	625.9915436281336	
4004.3216	0.05920000000014625	Ripples						0.05920000000014625	4004.3672	9.80896372924362	160.2677846092638	910.5695424906991	
4007.9328	0.03680000000031214	Ripples						0.03680000000031214	4007.9472	17.788100199818533	160.82708022821402	1566.093018197739	
4010.4264000000003	0.05199999999967986	Ripples						0.05199999999967986	4010.4472	16.611735769440017	157.20215789265265	1549.7977878666777	
4013.42	0.044800000000122964	Ripples						0.044800000000122964	4013.4504	7.748290267999352	150.4117011549063	768.3230231767475	
4020.6448	0.04320000000006985	Ripples						0.04320000000006985	4020.6592	12.773815384828753	157.06926551410422	1162.7281104931553	
4020.7560000000003	0.041600000000016735	Ripples						0.041600000000016735	4020.7864000000004	12.462364930682078	150.81885956656564	931.9595929058456	
4023.0304	0.024800000000141154	Ripples						0.024800000000141154	4023.0456000000004	9.636658331818492	158.34146444394614	1011.8020918940819	
4026.9112	0.03999999999996362	Ripples						0.03999999999996362	4026.9296000000004	14.383815061421766	150.1545399227628	1114.313653827465	
4036.1984	0.061599999999998545	Ripples						0.061599999999998545	4036.228	11.531631814695332	150.74430486651198	1119.4408969937394	
4041.8024	0.04080000000021755	Ripples						0.04080000000021755	4041.8320000000003	12.422301924691073	156.90197460835859	1283.4644716771336	
4050.9296000000004	0.06239999999979773	Ripples						0.06239999999979773	4050.9616	13.972832328524875	157.27213875210634	978.956895375673	
4060.38	0.035200000000259024	Ripples						0.035200000000259024	4060.4104	5.985007679819218	152.0403165832284	670.9627180448006	
4071.9936000000002	0.04959999999982756	Ripples						0.04959999999982756	4072.0184000000004	25.601075415863416	152.64584933834018	1794.6073359418697	
4072.1624	0.04239999999981592	Ripples						0.04239999999981592	4072.1912	11.453946138200674	150.5909358593937	1165.0114364568765	
4072.7776000000003	0.0751999999997679	Ripples						0.0751999999997679	4072.804	8.57891067849703	142.1657367443029	639.3460205461618	
4072.9440000000004	0.0431999999996151	Ripples						0.0431999999996151	4072.9552000000003	8.525619434795322	160.09227539116708	812.2571785073674	
4073.744	0.025599999999940337	Ripples						0.025599999999940337	4073.7624	5.24287446912985	153.83913242952707	763.2842301249117	
4075.6496	0.07520000000022264	Ripples						0.07520000000022264	4075.7032000000004	7.544714043137778	159.3744753885107	554.6181476949539	
4075.8912	0.029600000000300497	Ripples						0.029600000000300497	4075.8984	6.916589831410659	159.4078004916853	667.3806919766688	
4081.0656000000004	0.09760000000005675	Ripples						0.09760000000005675	4081.0984000000003	9.885923521797112	148.35584608742354	920.1605967034374	
4081.3152	0.03600000000005821	Ripples						0.03600000000005821	4081.3296	16.169492410465384	152.8015030385538	1198.0443511539763	
4081.8712	0.03360000000020591	Ripples						0.03360000000020591	4081.8936000000003	7.744173533660648	150.78799434298884	807.2817993190686	
4123.312800000001	0.08719999999993888	Ripples						0.08719999999993888	4123.3776	16.82146939847002	148.12455574450965	1068.6126958922707	
4124.3112	0.03600000000005821	Ripples						0.03600000000005821	4124.3328	18.750065357051774	157.06738028099707	1465.7697223312105	
4124.6816	0.058399999999892316	Ripples						0.058399999999892316	4124.711200000001	11.312370182003725	148.9984487935173	998.2113545694972	
4124.805600000001	0.056799999999384454	Ripples						0.056799999999384454	4124.8352	7.087500615936279	149.1338890986523	781.0674287951907	
4125.4608	0.028000000000247383	Ripples						0.028000000000247383	4125.4744	12.872913158598957	158.02435687411176	1188.8302488158017	
4125.6072	0.04719999999997526	Ripples						0.04719999999997526	4125.6368	17.252974116711723	151.98424173805574	1217.8716974515137	
4133.6272	0.06720000000041182	Ripples						0.06720000000041182	4133.6648000000005	8.9513014137538	152.51443615130125	827.7772294419964	
4133.9392	0.04640000000017608	Ripples						0.04640000000017608	4133.9536	11.397739187565218	150.4581421033168	1049.614019750193	
4136.9992	0.05199999999967986	Ripples						0.05199999999967986	4137.0288	11.445133240943916	146.4794037693786	785.6295193436159	
4142.8104	0.05760000000009313	Ripples						0.05760000000009313	4142.8536	9.147827670276723	153.4785673077756	735.7040642047584	
4145.8568000000005	0.07119999999940774	Ripples						0.07119999999940774	4145.9064	15.320726432710092	147.0555220087087	1130.16146799562	
4156.4408	0.05040000000008149	Ripples						0.05040000000008149	4156.4768	19.67629837677578	151.2417321863217	1387.4778112150734	
4157.1192	0.028000000000247383	Ripples						0.028000000000247383	4157.1336	7.589624818887291	153.07325712143114	884.2236304810152	
4159.828	0.037599999999656575	Ripples						0.037599999999656575	4159.836	12.453229912717731	156.86036652791427	1165.8925898734199	
4177.0	156.0	SleepStates											REM
4334.0	1464.0	SleepStates											Awake
4352.276	0.032000000000152795	Ripples						0.032000000000152795	4352.2872	7.623019221895887	153.755259223229	852.1779966927367	
4358.488	0.03679999999985739	Ripples						0.03679999999985739	4358.5024	6.651431366877136	157.2802733624978	637.4126692431462	
4411.9912	0.06959999999980937	Ripples						0.06959999999980937	4412.0088000000005	5.798245053757165	148.89313999189514	712.6049622605723	
4437.844	0.03440000000045984	Ripples						0.03440000000045984	4437.8704	6.684943999996243	153.36299613556858	699.3953438753821	
4456.0984	0.04800000000068394	Ripples						0.04800000000068394	4456.128000000001	10.60111657802454	146.41767462939544	1074.6215620351306	
4469.044800000001	0.07199999999920692	Ripples						0.07199999999920692	4469.0536	8.09277562038351	152.85159488782242	816.2067728730501	
4482.3736	0.035200000000259024	Ripples						0.035200000000259024	4482.3944	8.42494759882364	152.5711636881318	1036.445016992588	
4498.5856	0.0543999999999869	Ripples						0.0543999999999869	4498.6328	8.657031903926782	167.75931716692642	874.8060691983135	
4503.5208	0.040799999999762804	Ripples						0.040799999999762804	4503.5416000000005	13.00201907675364	163.7777569224551	1477.357527434192	
4505.497600000001	0.04879999999957363	Ripples						0.04879999999957363	4505.528	6.704159157764251	148.88941862076115	808.6426054347263	
4536.2472	0.022400000000743603	Ripples						0.022400000000743603	4536.256	8.131308872391948	162.1297011432781	972.3010020496877	
4683.7776	0.02080000000023574	Ripples						0.02080000000023574	4683.7888	5.612840244753748	158.71999146417969	796.6867327816867	
4683.900000000001	0.028800000000046566	Ripples						0.028800000000046566	4683.912	7.991296327145012	157.87204258095394	1057.3752609200712	
4697.7464	0.03679999999985739	Ripples						0.03679999999985739	4697.772800000001	9.102430051917896	159.1215933978315	1035.0872031492963	
4706.1584	0.05680000000029395	Ripples						0.05680000000029395	4706.188	6.380935075972698	154.57015285924567	989.8958801070377	
4706.4304	0.032000000000152795	Ripples						0.032000000000152795	4706.4528	5.027318218196078	172.85344035641532	754.7422216922283	
4709.5504	0.021600000000034925	Ripples						0.021600000000034925	4709.564	7.176214999508206	161.11726983962504	931.4336231967021	
4728.5024	0.035200000000259024	Ripples						0.035200000000259024	4728.5096	5.385172599477497	159.2668437678221	758.4401591843753	
4728.6544	0.04879999999957363	Ripples						0.04879999999957363	4728.6656	13.444322733920462	157.10230301377507	1271.555950471163	
4740.8288	0.061599999999998545	Ripples						0.061599999999998545	4740.844	22.92765559832221	156.14901591602109	1717.7611784901967	
4740.9888	0.0272000000004482	Ripples						0.0272000000004482	4740.9992	11.393553716380067	160.28720332694806	1177.9681128713073	
4744.3904	0.03679999999985739	Ripples						0.03679999999985739	4744.4088	12.83558501983639	151.2702613903102	1233.0251503669708	
4768.3512	0.024800000000141154	Ripples						0.024800000000141154	4768.3624	9.289664216636655	160.0920455494093	1043.9196377995083	
4787.8936	0.037599999999656575	Ripples						0.037599999999656575	4787.9112000000005	13.125526685551892	155.73932583196128	1241.167679022076	
4800.3504	0.025599999999940337	Ripples						0.025599999999940337	4800.3632	6.143039698582028	166.09995574067287	946.3285995990456	
4800.3992	0.06960000000071886	Ripples						0.06960000000071886	4800.452	13.487370132627408	165.09985107449998	1128.5676447499636	
4805.4424	0.042400000000270666	Ripples						0.042400000000270666	4805.4536	8.283072082812515	156.7590718374572	1066.7647139986827	
4811.5352	0.02400000000034197	Ripples						0.02400000000034197	4811.5496	9.830951205337696	168.97555691319343	1129.2471257576135	
4816.251200000001	0.030399999999644933	Ripples						0.030399999999644933	4816.268	13.069530074270883	165.0460416569261	1222.1896073607347	
4816.3592	0.04480000000057771	Ripples						0.04480000000057771	4816.3728	20.99506989998592	166.19474722221895	1645.0012627185984	
4820.8728	0.03440000000045984	Ripples						0.03440000000045984	4820.8904	13.653844022640268	160.18728744589436	1436.8135265836484	
4829.7264000000005	0.03920000000016444	Ripples						0.03920000000016444	4829.7552000000005	6.161871519570184	165.63700105874094	803.0858113246603	
4835.4608	0.05360000000018772	Ripples						0.05360000000018772	4835.4936	15.784092403663518	153.6939546888583	1468.8935080825167	
4840.3592	0.04160000000047148	Ripples						0.04160000000047148	4840.3912	6.377006465287458	154.42042517784816	890.0213539824257	
4845.3664	0.036800000000766886	Ripples						0.036800000000766886	4845.3928000000005	5.103623845723556	152.43838225336438	710.3227946255673	
4847.149600000001	0.07119999999940774	Ripples						0.07119999999940774	4847.196800000001	10.084304951311143	152.53640512030233	1031.005756199445	
4857.064	0.02080000000023574	Ripples						0.02080000000023574	4857.072	7.619761355162108	169.28156769382383	909.2971350164669	
4864.524	0.025599999999940337	Ripples						0.025599999999940337	4864.5392	11.344122830244075	159.2145488350109	1151.8480808444756	
4868.7504	0.04960000000028231	Ripples						0.04960000000028231	4868.792	7.559630486290507	154.38044252072163	879.3074254265545	
4869.26	0.023199999999633292	Ripples						0.023199999999633292	4869.2736	5.093142064359553	155.70355692204714	776.5336143240033	
4871.9088	0.0272000000004482	Ripples						0.0272000000004482	4871.9256000000005	9.954385741371137	157.64964427328837	1024.2129762288082	
4872.113600000001	0.025599999999940337	Ripples						0.025599999999940337	4872.1256	5.881199049829204	152.24198771987474	682.5660718709713	
4872.2072	0.03999999999996362	Ripples						0.03999999999996362	4872.224	12.639912133893722	160.7590412956113	1378.9359880553607	
4873.968800000001	0.025599999999940337	Ripples						0.025599999999940337	4873.9872000000005	5.2449861260535755	169.40870335356158	826.5164933330797	
4876.504	0.03600000000005821	Ripples						0.03600000000005821	4876.5176	10.138821022593852	172.3818364899661	1138.160249342545	
4881.3856000000005	0.05199999999967986	Ripples						0.05199999999967986	4881.4008	6.668104819470047	155.24544732975866	774.143363956787	
4892.6008	0.045600000000376895	Ripples						0.045600000000376895	4892.62	9.343396433452941	152.9084918288811	851.8627370086884	
4900.0576	0.023200000000542786	Ripples						0.023200000000542786	4900.0672	7.404322230322157	163.76518395588033	957.873210272575	
4900.5008	0.028800000000046566	Ripples						0.028800000000046566	4900.5184	14.169179905712562	159.57199734914246	1299.7198037734377	
4900.6432	0.06639999999970314	Ripples						0.06639999999970314	4900.66	12.962944288418484	153.64142583933443	1312.5325022137115	
4900.8328	0.032000000000152795	Ripples						0.032000000000152795	4900.8472	14.100691641604342	156.1722317779299	1258.4960424370743	
4901.0064	0.028800000000046566	Ripples						0.028800000000046566	4901.0232000000005	5.659826834474839	168.44659086752932	951.5833427760945	
4905.004800000001	0.023999999999432475	Ripples						0.023999999999432475	4905.0184	18.22837922160428	160.7981402571049	1356.3631462750623	
4930.5496	0.02080000000023574	Ripples						0.02080000000023574	4930.5576	11.154521499903078	167.1564498637901	1093.0181064387452	
4930.8608	0.023999999999432475	Ripples						0.023999999999432475	4930.874400000001	11.065090806339185	161.55073894766025	1066.2655172526663	
4930.9592	0.05760000000009313	Ripples						0.05760000000009313	4930.9712	12.199920945693592	154.69605140480132	1170.584147701065	
4934.8648	0.03999999999996362	Ripples						0.03999999999996362	4934.8936	6.871851851228636	149.93347929205203	834.3476262855529	
4935.2432	0.06000000000040018	Ripples						0.06000000000040018	4935.2824	10.918193734901655	178.3515501329677	1063.588844870214	
4937.716	0.03600000000005821	Ripples						0.03600000000005821	4937.7376	11.98385276590968	151.14239896687275	1069.7040014667243	
4937.7736	0.025599999999940337	Ripples						0.025599999999940337	4937.7880000000005	5.633169775333214	152.96786596293163	879.6173025887068	
4937.950400000001	0.027999999999337888	Ripples						0.027999999999337888	4937.964800000001	13.174282534325599	157.81698900640887	1272.9162831586111	
4938.2464	0.03440000000045984	Ripples						0.03440000000045984	4938.2552000000005	5.9266277993929934	158.03190512174845	883.5695800109232	
4949.0624	0.045600000000376895	Ripples						0.045600000000376895	4949.0816	8.984060768421408	165.6856263220808	1198.1371144563468	
4952.479200000001	0.025599999999940337	Ripples						0.025599999999940337	4952.4872000000005	5.435049729329453	162.42671496913164	762.8185039292442	
4965.660800000001	0.021600000000034925	Ripples						0.021600000000034925	4965.6720000000005	6.909826454489374	164.4613011096336	972.5824839645785	
4978.9368	0.04879999999957363	Ripples						0.04879999999957363	4978.9512	5.678287874398375	166.87803377741955	757.210641483233	
4979.1384	0.040000000000873115	Ripples						0.040000000000873115	4979.168000000001	10.36105386956955	165.57964360719095	1160.57096236553	
4979.2976	0.024800000000141154	Ripples						0.024800000000141154	4979.305600000001	14.439839237224867	166.0540610537846	1218.8151559197963	
4987.1936000000005	0.037599999999656575	Ripples						0.037599999999656575	4987.2104	10.217721276195126	171.47928879443015	1146.3351345205558	
4997.8224	0.028000000000247383	Ripples						0.028000000000247383	4997.8368	15.634319417401777	160.62449690759354	1416.053252050714	
4999.0248	0.0272000000004482	Ripples						0.0272000000004482	4999.040800000001	8.824696825118513	160.353619712888	1043.5435967665571	
5008.6152	0.021600000000034925	Ripples						0.021600000000034925	5008.6264	5.787559901514688	164.01772669869897	933.3014913509454	
5009.1552	0.04160000000047148	Ripples						0.04160000000047148	5009.1744	19.92412925391304	167.93707846971267	1693.7247654875207	
5014.5536	0.0543999999999869	Ripples						0.0543999999999869	5014.5944	12.016335767701907	156.6649084602629	1157.0815598602096	
5014.684	0.04320000000006985	Ripples						0.04320000000006985	5014.7096	15.633767087377045	154.79527868467372	1415.0842575501622	
5016.5152	0.022400000000743603	Ripples						0.022400000000743603	5016.528	14.751665708909023	162.1944586144535	1230.6233191282265	
5021.0792	0.025599999999940337	Ripples						0.025599999999940337	5021.092000000001	9.592241414692753	169.78564404574277	1069.291207211392	
5023.504800000001	0.025599999999940337	Ripples						0.025599999999940337	5023.5152	5.557726953729985	172.1084112128593	845.0563712335853	
5023.6728	0.03359999999975116	Ripples						0.03359999999975116	5023.6864000000005	16.98442276221294	161.28114555950418	1518.5459273594354	
5031.1192	0.028800000000046566	Ripples						0.028800000000046566	5031.1272	9.606016948914043	163.51751613409215	1008.2267295881687	
5033.2408000000005	0.023999999999432475	Ripples						0.023999999999432475	5033.2488	14.188974410473074	163.71347914222363	1164.2656454285777	
5037.2536	0.03120000000035361	Ripples						0.03120000000035361	5037.2752	5.80335399895857	173.48465709490287	873.6006174479747	
5037.8536	0.05760000000009313	Ripples						0.05760000000009313	5037.867200000001	13.485020502330835	158.46963901974905	1234.8944345601615	
5047.8656	0.04480000000057771	Ripples						0.04480000000057771	5047.8872	18.30320287700159	173.66976580098688	1466.7222543751193	
5066.228	0.032000000000152795	Ripples						0.032000000000152795	5066.2456	10.025429241256795	155.50993428807348	1158.0806495126697	
5066.336	0.02400000000034197	Ripples						0.02400000000034197	5066.352800000001	8.57196025981102	162.51611626191172	1023.5066211703788	
5081.8688	0.03840000000036525	Ripples						0.03840000000036525	5081.8936	12.031638638227667	157.57267337370268	1223.059238560288	
5096.2008000000005	0.032000000000152795	Ripples						0.032000000000152795	5096.2136	6.275001296636621	171.38939586639376	975.4361460323182	
5099.7352	0.06239999999979773	Ripples						0.06239999999979773	5099.7496	11.02786106534355	156.43759502150098	1232.9977580303287	
5103.72	0.024800000000141154	Ripples						0.024800000000141154	5103.7352	6.840779889511757	158.1424166494777	927.7533250107658	
5108.548000000001	0.06479999999919528	Ripples						0.06479999999919528	5108.599200000001	8.394317647272809	152.13755321898745	913.1688837076468	
5113.0560000000005	0.02639999999973952	Ripples						0.02639999999973952	5113.0696	6.192521186791544	172.39602037398032	942.4442242988515	
5113.2864	0.03600000000005821	Ripples						0.03600000000005821	5113.3008	5.132978074191979	148.12915283686294	721.9298537106088	
5115.356000000001	0.04159999999956199	Ripples						0.04159999999956199	5115.376	8.30958132910969	163.51093070127692	1146.8360602786554	
5115.6	0.051199999999880674	Ripples						0.051199999999880674	5115.6304	5.232336722260211	147.29783307674435	747.9880365111195	
5132.252	0.022399999999834108	Ripples						0.022399999999834108	5132.2632	9.219411392136106	161.95829042752763	1006.4477478098232	
5132.9752	0.0408000000006723	Ripples						0.0408000000006723	5133.008	6.571251444672056	150.91517669702915	803.1466852879378	
5133.7816	0.03600000000005821	Ripples						0.03600000000005821	5133.7928	9.26193120282782	155.65360792131597	999.1105812064377	
5137.1216	0.04960000000028231	Ripples						0.04960000000028231	5137.1504	19.742269824575104	151.8409082802505	1406.5158729084992	
5142.8376	0.026400000000649015	Ripples						0.026400000000649015	5142.848	5.74380587616508	161.4131695737574	931.2043174012476	
5149.5488000000005	0.027999999999337888	Ripples						0.027999999999337888	5149.5656	9.005767229451505	155.73420967826436	996.1490019998778	
5149.7032	0.024800000000141154	Ripples						0.024800000000141154	5149.7208	5.4717042478464455	155.99861492441715	802.4108488551819	
5153.2064	0.03760000000056607	Ripples						0.03760000000056607	5153.2264000000005	9.720671287362206	164.19264894766013	1227.1032915287813	
5163.8848	0.026400000000649015	Ripples						0.026400000000649015	5163.9008	5.125646378542252	168.30810787766288	882.4544332787951	
5175.7824	0.02959999999984575	Ripples						0.02959999999984575	5175.7968	10.944508280198884	167.8723162768208	1236.774931498885	
5178.7552000000005	0.021600000000034925	Ripples						0.021600000000034925	5178.7632	16.66530058762019	167.25091117252063	1262.2599901502133	
5200.5672	0.035200000000259024	Ripples						0.035200000000259024	5200.584	12.936315276573852	175.37932782927922	1255.5851308231888	
5207.648	0.03440000000045984	Ripples						0.03440000000045984	5207.6616	14.996255578549798	163.33944568794996	1383.7292984068251	
5207.7552000000005	0.05040000000008149	Ripples						0.05040000000008149	5207.7896	25.764237755754625	164.12495635165388	1837.2081239369174	
5237.4336	0.04159999999956199	Ripples						0.04159999999956199	5237.457600000001	21.37291720430946	153.643124309148	1582.2384294956075	
5238.6456	0.036800000000766886	Ripples						0.036800000000766886	5238.6632	19.5963930156816	157.77532047958928	1362.9174575757236	
5244.8592	0.04960000000028231	Ripples						0.04960000000028231	5244.8952	10.075702267749234	161.18744316045107	1203.167456404984	
5274.88	0.024800000000141154	Ripples						0.024800000000141154	5274.8944	6.131178083110088	158.53224473093022	948.0582039098682	
5277.992	0.04320000000006985	Ripples						0.04320000000006985	5278.0072	10.81358497956269	156.97654593537771	1273.0615790043323	
5287.113600000001	0.02479999999923166	Ripples						0.02479999999923166	5287.1216	9.466204251719905	155.19106196700687	917.3943494418431	
5288.4368	0.03920000000016444	Ripples						0.03920000000016444	5288.4664	6.517700086021077	166.18570246501136	930.1698811105753	
5293.16	0.05040000000008149	Ripples						0.05040000000008149	5293.188	8.46276853411854	150.66451871538146	917.728408249351	
5299.3248	0.03920000000016444	Ripples						0.03920000000016444	5299.3576	5.0764787406353475	159.19079593687937	783.8149846614017	
5302.334400000001	0.04159999999956199	Ripples						0.04159999999956199	5302.3464	5.045550704514093	158.13969654294476	845.0134036554716	
5312.284000000001	0.027199999999538704	Ripples						0.027199999999538704	5312.294400000001	10.551348742525715	164.39292056651323	1141.7338767988288	
5312.4496	0.028800000000046566	Ripples						0.028800000000046566	5312.46	5.237565966230937	152.13983253580645	662.7105916903895	
5316.2024	0.024800000000141154	Ripples						0.024800000000141154	5316.2136	19.05416898744462	164.70115101012917	1456.6110858904588	
5321.8968	0.0455999999994674	Ripples						0.0455999999994674	5321.924800000001	11.349520840285901	147.7216134929835	1100.4592404363052	
5325.6016	0.04160000000047148	Ripples						0.04160000000047148	5325.613600000001	13.642976149366165	159.6563330657531	1331.3340253258216	
5340.8024000000005	0.023999999999432475	Ripples						0.023999999999432475	5340.816	5.741529922076166	167.04657754915328	860.9778497214392	
5340.9696	0.05279999999947904	Ripples						0.05279999999947904	5340.990400000001	16.51099411796104	156.32536677614402	1535.3837843575668	
5377.8008	0.04399999999986903	Ripples						0.04399999999986903	5377.8248	9.167617837363904	164.72632306608298	1140.0116765690072	
5382.9376	0.02400000000034197	Ripples						0.02400000000034197	5382.9512	7.587161773846963	161.58516216230558	923.5049571501617	
5385.0464	0.04960000000028231	Ripples						0.04960000000028231	5385.0768	13.64445778083009	156.11414043361282	1336.5184843363638	
5385.22	0.05519999999978609	Ripples						0.05519999999978609	5385.2304	9.94688817320645	167.24485962565558	1125.3617360517667	
5411.7992	0.03839999999945576	Ripples						0.03839999999945576	5411.8104	8.07633142304826	156.91178716723712	1045.2118995238961	
5427.384	0.042400000000270666	Ripples						0.042400000000270666	5427.412	8.452334039492161	164.91516860675657	1013.3681165216256	
5428.7384	0.022399999999834108	Ripples						0.022399999999834108	5428.7504	8.670741334090009	166.53030203339264	1033.1657888145055	
5442.0528	0.028800000000046566	Ripples						0.028800000000046566	5442.0648	5.540601026583625	163.37511093329053	870.906698560422	
5444.794400000001	0.027199999999538704	Ripples						0.027199999999538704	5444.8032	9.479032444090588	160.92046111805922	1003.3367117060363	
5444.979200000001	0.034399999999550346	Ripples						0.034399999999550346	5444.9968	17.54233967902059	157.33323239073687	1420.6523317143292	
5455.6456	0.10640000000057626	Ripples						0.10640000000057626	5455.66	10.236707202822963	156.3796682058438	1131.311902273388	
5456.2552000000005	0.03920000000016444	Ripples						0.03920000000016444	5456.2744	23.1510960330914	165.17589529246828	1759.621068556431	
5456.9344	0.024800000000141154	Ripples						0.024800000000141154	5456.952	6.1415779090615965	161.18917099498302	812.6671083055776	
5461.0112	0.024800000000141154	Ripples						0.024800000000141154	5461.0232000000005	7.086134356740326	154.01044846977518	797.4122004836319	
5465.8072	0.021600000000034925	Ripples						0.021600000000034925	5465.816000000001	6.740545519030421	161.16116534864105	953.9595864526517	
5467.7128	0.035200000000259024	Ripples						0.035200000000259024	5467.7376	16.46840972578451	157.6603393260405	1370.996131992038	
5468.048000000001	0.023199999999633292	Ripples						0.023199999999633292	5468.0568	7.258761614606463	153.396930390693	866.0262876315753	
5531.7392	0.024800000000141154	Ripples						0.024800000000141154	5531.747200000001	9.93205077675522	166.2489518418398	1063.7371210697374	
5545.1728	0.02080000000023574	Ripples						0.02080000000023574	5545.1848	5.9494432213682416	165.69105356350002	793.1433473148746	
5545.222400000001	0.02959999999984575	Ripples						0.02959999999984575	5545.2376	6.995145165062423	151.14427586076135	835.6441439501386	
5549.1984	0.02080000000023574	Ripples						0.02080000000023574	5549.2088	11.195062611296276	171.74299016855733	1041.7562540558336	
5549.3192	0.05840000000080181	Ripples						0.05840000000080181	5549.3312000000005	7.1104737128506645	161.10191145981	633.7896647789604	
5552.1552	0.048800000000483124	Ripples						0.048800000000483124	5552.1848	9.724989044417606	166.87614354104	1282.161882973636	
5556.0496	0.03279999999995198	Ripples						0.03279999999995198	5556.0608	9.273436334771079	157.7697499185771	1013.2917919731708	
5561.0856	0.027199999999538704	Ripples						0.027199999999538704	5561.102400000001	21.543159689676482	168.17253860676527	1549.1202855180718	
5561.2608	0.032000000000152795	Ripples						0.032000000000152795	5561.272800000001	12.465159583635687	150.37590728580548	1020.1461230984854	
5563.0024	0.03600000000005821	Ripples						0.03600000000005821	5563.02	7.345892793583068	149.02732335290634	837.7459472139561	
5575.0544	0.04320000000006985	Ripples						0.04320000000006985	5575.0832	12.126830718621775	151.61675360381722	1136.0130754905847	
5579.1088	0.042400000000270666	Ripples						0.042400000000270666	5579.131200000001	15.656283530996465	160.628745674535	1491.384787827777	
5583.592000000001	0.04239999999936117	Ripples						0.04239999999936117	5583.616	13.9005857630047	152.9052906411306	1246.1103103143078	
5585.9112000000005	0.03600000000005821	Ripples						0.03600000000005821	5585.924800000001	20.843619506386982	163.7911240942828	1657.6380139184594	
5586.0688	0.03440000000045984	Ripples						0.03440000000045984	5586.0856	27.235110784936385	162.36855432603687	1831.806450624091	
5587.7784	0.08079999999972642	Ripples						0.08079999999972642	5587.798400000001	10.958763606533697	144.23592731698378	779.5390940579131	
5587.9896	0.026400000000649015	Ripples						0.026400000000649015	5588.0088000000005	8.95823554419007	154.12309322496534	888.1984495476023	
5592.8176	0.07600000000002183	Ripples						0.07600000000002183	5592.8664	13.736892666439061	160.3512197691697	1212.7668091825444	
5593.0216	0.03120000000035361	Ripples						0.03120000000035361	5593.0416000000005	14.659477180905743	159.6524167844574	1331.4967735512384	
5593.185600000001	0.02639999999973952	Ripples						0.02639999999973952	5593.204000000001	5.003908871627461	150.63445720049106	798.512594473013	
5593.7816	0.021600000000034925	Ripples						0.021600000000034925	5593.796	5.284423802965108	153.27768778308769	762.141146517628	
5595.636	0.04320000000006985	Ripples						0.04320000000006985	5595.6720000000005	5.186535988005863	156.74995472458292	765.7208568562343	
5610.3992	0.028000000000247383	Ripples						0.028000000000247383	5610.4128	11.931441532651501	174.79301675719856	1136.7560885715602	
5611.5744	0.02959999999984575	Ripples						0.02959999999984575	5611.5936	7.686671449152745	159.46613673353983	978.5122832087376	
5612.8552	0.028800000000046566	Ripples						0.028800000000046566	5612.8664	14.2729048255904	165.8566983431105	1260.9797187084366	
5613.497600000001	0.028800000000046566	Ripples						0.028800000000046566	5613.5112	19.98468224026962	165.68537878544865	1588.9987738558343	
5613.7976	0.03840000000036525	Ripples						0.03840000000036525	5613.8144	13.247905128327101	153.97322130251234	1226.219011654719	
5618.0064	0.048800000000483124	Ripples						0.048800000000483124	5618.0248	17.628144052242202	154.5393101936267	1410.2468272849928	
5620.182400000001	0.0319999999992433	Ripples						0.0319999999992433	5620.196	12.543765644119677	175.8347891102724	1223.0097502887213	
5620.327200000001	0.025599999999940337	Ripples						0.025599999999940337	5620.345600000001	14.133841083015344	159.20148839860158	1175.503788832752	
5620.555200000001	0.03279999999995198	Ripples						0.03279999999995198	5620.5768	10.371146003575426	152.976078074165	1136.3794718908593	
5626.2952000000005	0.037599999999656575	Ripples						0.037599999999656575	5626.3192	21.535914803535103	161.66518889668342	1622.0352836112265	
5628.3712000000005	0.07439999999951397	Ripples						0.07439999999951397	5628.4208	13.227692732894011	157.47006981363114	1365.970079591754	
5628.608	0.04320000000006985	Ripples						0.04320000000006985	5628.635200000001	24.44322453205248	160.56504615583037	1946.6912604989602	
5631.7648	0.04160000000047148	Ripples						0.04160000000047148	5631.7856	16.69779475964696	155.63151958534584	1451.922876127304	
5632.464	0.035200000000259024	Ripples						0.035200000000259024	5632.4816	16.007038536515626	156.96510596141346	1456.4873789226367	
5638.1256	0.042400000000270666	Ripples						0.042400000000270666	5638.1472	18.248524802384505	152.69018164284074	1425.1747961454491	
5638.272	0.061599999999998545	Ripples						0.061599999999998545	5638.2992	22.7066788531319	150.46017101317588	1746.365884843929	
5640.1320000000005	0.05199999999967986	Ripples						0.05199999999967986	5640.1704	7.418565820909943	151.45658860179066	985.1217641841049	
5640.2832	0.03600000000005821	Ripples						0.03600000000005821	5640.3008	27.88921995514644	163.39301711197456	1970.0491647967426	
5643.5496	0.030399999999644933	Ripples						0.030399999999644933	5643.566400000001	11.890520077124538	160.03489051965337	1207.296650095668	
5644.588000000001	0.0639999999993961	Ripples						0.0639999999993961	5644.6184	9.16103812220087	149.7211842504574	1006.5029350300739	
5644.692800000001	0.031199999999444117	Ripples						0.031199999999444117	5644.7104	15.957277414690115	160.29405185976213	1442.1111562150975	
5644.832	0.0775999999996202	Ripples						0.0775999999996202	5644.888	19.569419454821972	150.28051772026663	1551.5570096424583	
5645.028	0.032000000000152795	Ripples						0.032000000000152795	5645.0416000000005	13.898261955245466	159.11581337754694	1206.614268119231	
5651.860000000001	0.023999999999432475	Ripples						0.023999999999432475	5651.874400000001	8.717776333897119	163.65734723203317	1054.861446854397	
5668.8392	0.0543999999999869	Ripples						0.0543999999999869	5668.860000000001	15.41400694825276	150.1145536106464	1334.4516051949179	
5669.1720000000005	0.0455999999994674	Ripples						0.0455999999994674	5669.1864000000005	13.799590169760084	158.52826415952816	1321.8861208130645	
5669.2976	0.04160000000047148	Ripples						0.04160000000047148	5669.312800000001	17.093831835239136	156.92384820576837	1417.937988031378	
5670.4664	0.04160000000047148	Ripples						0.04160000000047148	5670.4912	12.125840436933261	167.33314765807543	1216.3067326860833	
5672.0784	0.04399999999986903	Ripples						0.04399999999986903	5672.0936	18.810826615514973	156.25419988433393	1310.671810512065	
5673.3152	0.024800000000141154	Ripples						0.024800000000141154	5673.3328	6.725318316661576	155.14370597022148	754.8546807205179	
5678.176	0.022399999999834108	Ripples						0.022399999999834108	5678.184	6.3350515520373625	164.61991874618107	879.5124603056939	
5682.4328000000005	0.04159999999956199	Ripples						0.04159999999956199	5682.450400000001	26.647876710315195	163.16331476018365	1864.2653100666441	
5686.468800000001	0.047999999999774445	Ripples						0.047999999999774445	5686.483200000001	9.442796067516246	154.68335003835242	1100.5937614586567	
5691.092000000001	0.06079999999928987	Ripples						0.06079999999928987	5691.1416	8.06608440659391	149.723668409366	823.6277493418647	
5691.2072	0.04160000000047148	Ripples						0.04160000000047148	5691.2264000000005	16.05060942188034	149.53687688357064	1147.9102466889956	
5695.5128	0.032000000000152795	Ripples						0.032000000000152795	5695.5312	8.004950874577434	154.6012078565918	993.3599950263417	
5697.6328	0.03999999999996362	Ripples						0.03999999999996362	5697.6584	22.034125867106066	162.77759463054412	1790.9609568407202	
5699.3072	0.040799999999762804	Ripples						0.040799999999762804	5699.3208	19.478468744756906	160.18721342623903	1494.4354277715604	
5699.4296	0.02080000000023574	Ripples						0.02080000000023574	5699.4400000000005	6.401898145466657	157.97604566247514	809.8852752691358	
5702.468	0.03280000000086147	Ripples						0.03280000000086147	5702.484	19.750210981118247	162.29058615287215	1605.824791943596	
5708.5608	0.0272000000004482	Ripples						0.0272000000004482	5708.5712	7.277434961442647	157.8551709168378	874.9691252615564	
5708.6184	0.052800000000388536	Ripples						0.052800000000388536	5708.6472	27.04096291651592	151.85700954705285	1805.0664764664814	
5708.8728	0.030400000000554428	Ripples						0.030400000000554428	5708.8904	14.18120553269464	161.37882797265414	1308.8677610960826	
5715.2008000000005	0.027199999999538704	Ripples						0.027199999999538704	5715.211200000001	10.569152931313647	166.19841466821663	1129.4464775658691	
5718.1688	0.1135999999996784	Ripples						0.1135999999996784	5718.232	18.14846932070881	157.49877600657467	1615.446130796845	
5723.1192	0.052800000000388536	Ripples						0.052800000000388536	5723.136	13.753294075439811	169.63379907086951	1495.2800594514783	
5723.1944	0.10639999999966676	Ripples						0.10639999999966676	5723.276	12.23172939267721	155.401211461578	839.0129336199101	
5728.2168	0.04399999999986903	Ripples						0.04399999999986903	5728.2312	32.89279805007336	158.36354346807013	2034.095626125711	
5733.3432	0.042400000000270666	Ripples						0.042400000000270666	5733.376	7.941890174629974	165.76014512372288	1002.9272166299309	
5733.4744	0.04960000000028231	Ripples						0.04960000000028231	5733.5064	19.06191305574971	150.85775216716232	1508.3649905112595	
5737.8336	0.056000000000494765	Ripples						0.056000000000494765	5737.856000000001	6.030632655784895	153.61219854557365	642.1168564868357	
5741.3096000000005	0.04399999999986903	Ripples						0.04399999999986903	5741.3256	9.004911247463745	162.68914651556554	1127.2424219983502	
5743.388800000001	0.04879999999957363	Ripples						0.04879999999957363	5743.4088	23.865260197646744	166.74957132230807	1873.1901310685737	
5743.5744	0.047999999999774445	Ripples						0.047999999999774445	5743.595200000001	17.85388672017025	155.55824837579866	1591.1349731431073	
5744.712	0.05199999999967986	Ripples						0.05199999999967986	5744.729600000001	28.807965927331313	167.43461526443127	1831.9827511893243	
5749.323200000001	0.06479999999919528	Ripples						0.06479999999919528	5749.3624	40.17333728402267	159.09691900613674	2401.467843077782	
5749.4592	0.04719999999997526	Ripples						0.04719999999997526	5749.4952	7.740826054410381	149.58527675204098	945.8467679188468	
5752.4784	0.04960000000028231	Ripples						0.04960000000028231	5752.5112	8.751500974646376	157.32666817138104	973.8953820395686	
5752.6344	0.045600000000376895	Ripples						0.045600000000376895	5752.6672	34.47768078036708	155.46059634630683	1973.7010887100944	
5752.808	0.04800000000068394	Ripples						0.04800000000068394	5752.8432	15.098956497892779	155.20314486513635	1415.513158466496	
5752.9808	0.05040000000008149	Ripples						0.05040000000008149	5752.992	11.768294624335546	156.2201186966736	1102.072357518292	
5753.668000000001	0.03999999999996362	Ripples						0.03999999999996362	5753.6864000000005	12.130543037307634	150.03401113892338	1035.0832345645051	
5753.8616	0.051199999999880674	Ripples						0.051199999999880674	5753.8904	8.241630683032536	151.20971460921498	950.7164609336244	
5757.5984	0.024800000000141154	Ripples						0.024800000000141154	5757.6128	13.451942559661553	167.00918196697145	1301.1006607480467	
5758.048000000001	0.03359999999975116	Ripples						0.03359999999975116	5758.0584	5.374911959224173	169.28082137667897	676.668418820184	
5758.7456	0.04320000000006985	Ripples						0.04320000000006985	5758.768	22.99693727223164	155.48563573816486	1574.4482789309266	
5762.568	0.03279999999995198	Ripples						0.03279999999995198	5762.5904	12.277291985283652	160.0954939018879	1226.4911828460215	
5769.595200000001	0.0319999999992433	Ripples						0.0319999999992433	5769.609600000001	24.81421918242993	159.38577742168857	1746.5578358770344	
5771.1792000000005	0.04399999999986903	Ripples						0.04399999999986903	5771.200000000001	18.354418413169196	161.22561052974714	1561.3181701043225	
5789.8152	0.035200000000259024	Ripples						0.035200000000259024	5789.8296	17.720803160298466	158.98871847957184	1384.4014219563908	
5796.8624	0.02080000000023574	Ripples						0.02080000000023574	5796.876	10.890856252856391	164.07046649056514	1082.2890335140319	
5797.0024	0.028000000000247383	Ripples						0.028000000000247383	5797.0136	10.116156811462535	158.1422027428642	1059.5101089551968	
5798.5824	0.05680000000029395	Ripples						0.05680000000029395	5798.6256	20.903464300310127	159.16370335342287	1791.476784614324	
5799.0	263.0	SleepStates											Non-REM
5800.320000000001	0.022399999999834108	Ripples						0.022399999999834108	5800.3288	17.004609985299858	163.257795893856	1300.7148779902411	
5802.106400000001	0.03919999999925494	Ripples						0.03919999999925494	5802.135200000001	13.92542827266155	164.66245188575422	1347.6361290496889	
5809.1392000000005	0.02639999999973952	Ripples						0.02639999999973952	5809.1528	14.090001579230394	169.63944123541634	1298.4477739537472	
5809.224	0.03279999999995198	Ripples						0.03279999999995198	5809.2464	6.728533785660724	151.86759084239952	725.2019521914212	
5811.4472000000005	0.037599999999656575	Ripples						0.037599999999656575	5811.464800000001	21.859596085923496	159.90359845662002	1795.0112394052123	
5811.692	0.028000000000247383	Ripples						0.028000000000247383	5811.7064	14.909719277923974	164.23110118588048	1493.2141812641028	
5811.8168000000005	0.02959999999984575	Ripples						0.02959999999984575	5811.828	8.694892196113775	159.35180823434132	942.2557142010177	
5834.268	0.035200000000259024	Ripples						0.035200000000259024	5834.2752	5.00796306535395	164.49831983077436	771.1997110370612	
5834.3824	0.030399999999644933	Ripples						0.030399999999644933	5834.3944	6.271215645142349	153.52024889664068	652.1357207077855	
5834.4376	0.040799999999762804	Ripples						0.040799999999762804	5834.4616000000005	21.63204087809495	154.22691936867756	1568.4417981813094	
5834.5848000000005	0.04399999999986903	Ripples						0.04399999999986903	5834.6144	9.81104169324401	149.84027891139243	945.6954625274897	
5834.7128	0.08079999999972642	Ripples						0.08079999999972642	5834.7792	11.975763249743268	151.7878431418426	1053.164391831074	
5836.3408	0.042400000000270666	Ripples						0.042400000000270666	5836.352	15.85762190836466	164.4516005500611	1311.3342527599038	
5838.6376	0.03679999999985739	Ripples						0.03679999999985739	5838.6528	8.365525849978138	152.37793941330423	766.5207901877081	
5838.7192000000005	0.03359999999975116	Ripples						0.03359999999975116	5838.736800000001	8.27002786614717	158.90389482812554	1092.809885196204	
5841.820000000001	0.044799999999668216	Ripples						0.044799999999668216	5841.8568000000005	8.643609574345366	158.9345101525664	957.1588546674803	
5849.7504	0.04719999999997526	Ripples						0.04719999999997526	5849.772800000001	10.399846151394755	165.86432598213142	1265.1350870431488	
5849.8912	0.03440000000045984	Ripples						0.03440000000045984	5849.914400000001	12.20952722696264	159.16459789112093	1120.5396026218184	
5850.0296	0.025600000000849832	Ripples						0.025600000000849832	5850.0456	7.405218987208631	152.88429286212386	883.6309999316842	
5853.8808	0.03360000000066066	Ripples						0.03360000000066066	5853.8992	5.783665480494847	146.32871467453313	685.0673681301307	
5855.3624	0.11279999999987922	Ripples						0.11279999999987922	5855.4656	10.55306065653068	161.76090446381863	772.4852448983645	
5855.5176	0.020000000000436557	Ripples						0.020000000000436557	5855.528	8.451049590314916	159.5088398677608	1011.6122433097125	
5856.4752	0.028000000000247383	Ripples						0.028000000000247383	5856.4888	10.290053323395707	154.93832366036796	1028.7785500737043	
5856.836	0.09600000000045839	Ripples						0.09600000000045839	5856.8944	16.86490424714465	150.54211975774265	1242.463657093562	
5857.0224	0.0408000000006723	Ripples						0.0408000000006723	5857.0368	22.214823802798307	155.6311534744824	1578.1331947999981	
5860.4184000000005	0.02639999999973952	Ripples						0.02639999999973952	5860.4272	9.100539991872806	160.81171068079655	885.0722322175444	
5860.4872000000005	0.032000000000152795	Ripples						0.032000000000152795	5860.5024	13.15095532186278	157.16211663898505	1237.3362013001308	
5860.5984	0.052800000000388536	Ripples						0.052800000000388536	5860.6104000000005	10.489908724454295	160.06520689320595	807.3385247458997	
5866.7608	0.04160000000047148	Ripples						0.04160000000047148	5866.7744	7.1414003483171475	151.51626724336734	889.2730585698849	
5870.9152	0.04159999999956199	Ripples						0.04159999999956199	5870.939200000001	19.04138844673988	157.39091695608835	1617.2703981000736	
5871.030400000001	0.05279999999947904	Ripples						0.05279999999947904	5871.0424	13.01580976413472	154.07520686206388	1142.4734013660739	
5871.1304	0.059200000000600994	Ripples						0.059200000000600994	5871.1632	23.960173093280723	152.74591103782535	1756.17541412968	
5873.457600000001	0.03679999999985739	Ripples						0.03679999999985739	5873.4656	7.689848870622831	158.87981175800562	855.7554108959408	
5873.7376	0.022399999999834108	Ripples						0.022399999999834108	5873.7528	9.781594315401678	159.67999017143225	947.5822481391654	
5880.116	0.0408000000006723	Ripples						0.0408000000006723	5880.128000000001	10.306414101550272	157.20854466125883	1088.256980883541	
5880.236	0.020000000000436557	Ripples						0.020000000000436557	5880.2432	5.6022248659185605	160.0609359885877	848.1657903314216	
5881.6224	0.056000000000494765	Ripples						0.056000000000494765	5881.6416	8.246405249105884	146.59730059942075	814.9167366058547	
5884.2648	0.030400000000554428	Ripples						0.030400000000554428	5884.2784	13.351878023309931	161.96983276910032	1329.3901765516475	
5884.3576	0.051199999999880674	Ripples						0.051199999999880674	5884.3808	16.481441982311228	149.3403806455343	1203.4843494185793	
5884.5728	0.05200000000058935	Ripples						0.05200000000058935	5884.5904	21.0455595889439	155.64185334065644	1597.303469551815	
5885.112	0.05200000000058935	Ripples						0.05200000000058935	5885.1368	11.498996882702208	157.13107322168514	1109.59708366067	
5887.1728	0.024800000000141154	Ripples						0.024800000000141154	5887.1872	8.200703016115908	155.7093998427998	1114.5742147562173	
5892.62	0.021600000000034925	Ripples						0.021600000000034925	5892.631200000001	5.3481199867588565	154.5455162702192	579.7452005248499	
5894.1032000000005	0.022399999999834108	Ripples						0.022399999999834108	5894.1176000000005	10.111455361420472	159.47129457875909	949.5157114021786	
5914.4632	0.03440000000045984	Ripples						0.03440000000045984	5914.472000000001	5.885327483093479	156.64280344904375	655.3096818634714	
5920.888	0.06000000000040018	Ripples						0.06000000000040018	5920.9184000000005	10.03299315544268	152.09682544853274	551.518311682915	
5921.0864	0.05760000000009313	Ripples						0.05760000000009313	5921.0944	6.645727686520547	160.4950267135107	702.489868095771	
5922.1576000000005	0.06239999999979773	Ripples						0.06239999999979773	5922.1904	20.873059922630272	163.6788216388239	1480.0914703767305	
5922.2696000000005	0.06639999999970314	Ripples						0.06639999999970314	5922.2784	8.673703719475881	153.50887228868922	928.0968099833632	
5922.5144	0.022399999999834108	Ripples						0.022399999999834108	5922.5288	11.541441846573443	159.29131731538897	1094.9412452333179	
5924.4328000000005	0.0455999999994674	Ripples						0.0455999999994674	5924.450400000001	26.116699218613192	163.13825785608367	1902.5054840012976	
5924.5544	0.059200000000600994	Ripples						0.059200000000600994	5924.6	17.341832685491404	153.2833130916121	1461.0670188455374	
5924.7032	0.028000000000247383	Ripples						0.028000000000247383	5924.7176	12.370524805266971	156.22264500156956	1187.9721786250504	
5927.5656	0.021600000000034925	Ripples						0.021600000000034925	5927.576800000001	10.540487553764336	162.0367917467424	1062.4934783209167	
5928.6888	0.020000000000436557	Ripples						0.020000000000436557	5928.6984	9.59116932195546	167.3236955611626	1004.8480762887374	
5928.9336	0.022399999999834108	Ripples						0.022399999999834108	5928.948	6.271266641854211	155.64786801665437	649.4489787002136	
5929.044800000001	0.025599999999940337	Ripples						0.025599999999940337	5929.06	6.103897046407258	154.1254436037831	668.0987673853024	
5938.754400000001	0.047999999999774445	Ripples						0.047999999999774445	5938.7848	7.023099350893014	144.79394870331242	792.0948839624256	
5938.9192	0.020000000000436557	Ripples						0.020000000000436557	5938.9296	10.299159276897441	160.36792375285398	949.9812234526429	
5939.069600000001	0.03519999999934953	Ripples						0.03519999999934953	5939.084	15.741028960202067	152.1215399598137	1351.2437269168734	
5940.493600000001	0.04719999999997526	Ripples						0.04719999999997526	5940.528	12.675042741250918	154.40612122685692	1288.9312525445105	
5940.64	0.024800000000141154	Ripples						0.024800000000141154	5940.6512	9.282647271570527	160.99088243615276	1099.6263064487064	
5947.924	0.06080000000019936	Ripples						0.06080000000019936	5947.956	18.070130029676644	155.02636628844866	1432.417598310432	
5949.9632	0.028800000000046566	Ripples						0.028800000000046566	5949.9816	22.14869329895694	159.4532793619203	1473.4547715120948	
5950.6664	0.028000000000247383	Ripples						0.028000000000247383	5950.6832	12.255432328266291	161.64000683600997	1298.5237892918767	
5950.7456	0.028800000000046566	Ripples						0.028800000000046566	5950.7672	5.1512032408258746	149.95758996729103	639.9499219254006	
5950.808800000001	0.022399999999834108	Ripples						0.022399999999834108	5950.820000000001	6.900196300949313	159.77656655450863	751.3364481527409	
5951.707200000001	0.040799999999762804	Ripples						0.040799999999762804	5951.725600000001	11.174075741247417	148.65324655133875	959.615647001993	
5953.341600000001	0.020799999999326246	Ripples						0.020799999999326246	5953.356000000001	7.136286159974777	157.44194327089625	722.4939611892643	
5953.4552	0.03920000000016444	Ripples						0.03920000000016444	5953.4872000000005	10.12640919459545	155.81265198148483	1105.2404453111164	
5953.5984	0.040000000000873115	Ripples						0.040000000000873115	5953.6184	16.13529441003121	163.5819893851135	1561.0787487299272	
5956.761600000001	0.04239999999936117	Ripples						0.04239999999936117	5956.776800000001	10.361621802434666	155.5581281285371	1078.544513147488	
5962.131200000001	0.02959999999984575	Ripples						0.02959999999984575	5962.1528	6.0424337574322236	149.69046174637356	665.0846222051822	
5963.6952	0.028000000000247383	Ripples						0.028000000000247383	5963.707200000001	11.524028437801613	158.34360772689445	1179.5108735803512	
5965.400000000001	0.058399999999892316	Ripples						0.058399999999892316	5965.4488	12.225709437612204	153.07430733898138	1039.847757060667	
5965.7632	0.03920000000016444	Ripples						0.03920000000016444	5965.7928	15.060561951528417	154.0082328774048	1311.8660153541407	
5967.4184000000005	0.03839999999945576	Ripples						0.03839999999945576	5967.4352	8.471940753921338	154.6369202599807	1047.2185101486127	
5968.3464	0.027199999999538704	Ripples						0.027199999999538704	5968.360000000001	12.29224315191721	160.91700748701206	1259.787936761373	
5986.7904	0.03280000000086147	Ripples						0.03280000000086147	5986.8024000000005	9.803905582991547	152.640423481271	990.172091575816	
5989.8336	0.028800000000046566	Ripples						0.028800000000046566	5989.8512	6.622399801708168	154.7710661976685	875.0922891760781	
5996.5872	0.045600000000376895	Ripples						0.045600000000376895	5996.6016	11.518586839508778	155.6070966238456	1225.1235061805753	
5999.0272	0.031199999999444117	Ripples						0.031199999999444117	5999.048000000001	7.354568917125576	155.14115753144677	954.2769570582443	
6001.5528	0.028800000000046566	Ripples						0.028800000000046566	6001.564	6.286901532554623	156.476274506548	848.9840560442101	
6004.6032000000005	0.03839999999945576	Ripples						0.03839999999945576	6004.620800000001	25.28490840742272	160.1938128498058	1880.8215813796994	
6013.656800000001	0.03519999999934953	Ripples						0.03519999999934953	6013.6816	20.34498676250517	155.9060367193013	1300.8723812579071	
6013.7504	0.08560000000034051	Ripples						0.08560000000034051	6013.8104	18.921597150632024	159.50097673846773	1857.9216756323187	
6014.464	0.059200000000600994	Ripples						0.059200000000600994	6014.5136	5.401304862474418	151.26703898769316	547.852565749047	
6015.6288	0.08559999999943102	Ripples						0.08559999999943102	6015.696800000001	8.288487954922932	147.9951924532439	747.6484782205106	
6022.224	0.024800000000141154	Ripples						0.024800000000141154	6022.2384	6.741297214727526	159.10391640863932	785.7334804326753	
6022.4168	0.025599999999940337	Ripples						0.025599999999940337	6022.4352	8.071156599918755	154.3445476243214	851.286413993135	
6023.874400000001	0.020799999999326246	Ripples						0.020799999999326246	6023.888	8.936795728575849	166.65783447219346	940.8519087807549	
6025.808	0.03999999999996362	Ripples						0.03999999999996362	6025.820000000001	5.149183068534889	157.69720834345304	585.3607510045048	
6029.196	0.04800000000068394	Ripples						0.04800000000068394	6029.215200000001	12.9515145125503	149.24142664961485	1036.9226250069187	
6029.3944	0.030400000000554428	Ripples						0.030400000000554428	6029.408	23.77075795303037	163.83059055812572	1715.1931827727187	
6029.6056	0.03920000000016444	Ripples						0.03920000000016444	6029.631200000001	12.921217341854236	156.4535027665923	1138.5633725597368	
6029.682400000001	0.023199999999633292	Ripples						0.023199999999633292	6029.6912	10.28028233313598	156.69063422406046	849.4754013183882	
6031.6648000000005	0.068000000000211	Ripples						0.068000000000211	6031.6832	10.710663236639707	148.98354614623995	899.3966016599381	
6035.6472	0.06480000000010477	Ripples						0.06480000000010477	6035.692	11.748677856303669	150.84510907940893	1157.7649007103646	
6036.0184	0.05760000000009313	Ripples						0.05760000000009313	6036.0496	20.97778467007555	154.8830596963506	1728.6442187710718	
6036.251200000001	0.02639999999973952	Ripples						0.02639999999973952	6036.2696000000005	8.674484903890207	154.70404061232355	916.2018527004359	
6036.3448	0.052800000000388536	Ripples						0.052800000000388536	6036.372	8.829342735517976	148.8816966753914	975.0137999866805	
6036.515200000001	0.030399999999644933	Ripples						0.030399999999644933	6036.5344000000005	6.6723786496948705	149.53062551142833	693.8940491056776	
6039.7864	0.028000000000247383	Ripples						0.028000000000247383	6039.804	9.667961997502587	155.00265924730007	969.8812376756293	
6052.896000000001	0.027999999999337888	Ripples						0.027999999999337888	6052.9096	17.802322814927756	162.18269940177456	1443.7422898001485	
6063.0	11.0	SleepStates											Awake
6075.0	487.0	SleepStates											Non-REM
6085.0312	0.058399999999892316	Ripples						0.058399999999892316	6085.0608	11.376524755308447	148.03953911223243	1048.7247834214188	
6085.192800000001	0.034399999999550346	Ripples						0.034399999999550346	6085.2096	15.972527379948223	159.1265474318947	1466.2183244647676	
6092.2704	0.058399999999892316	Ripples						0.058399999999892316	6092.3112	21.379858120577076	155.39564571687424	1684.5325379505753	
6092.4528	0.048800000000483124	Ripples						0.048800000000483124	6092.4800000000005	22.458143987552013	162.1277573630426	1875.4091350579758	
6092.692800000001	0.09439999999995052	Ripples						0.09439999999995052	6092.732	12.87896580413624	149.30218604107904	952.8654184939094	
6097.142400000001	0.044799999999668216	Ripples						0.044799999999668216	6097.1624	9.532984368619408	151.8719429893557	959.5274843034589	
6097.305600000001	0.03519999999934953	Ripples						0.03519999999934953	6097.3224	23.261693850322242	163.29032442864946	1787.8925701312937	
6097.448	0.0543999999999869	Ripples						0.0543999999999869	6097.472000000001	23.047003397130325	157.79969555056067	1800.8039169927395	
6103.104	0.07120000000031723	Ripples						0.07120000000031723	6103.1472	24.630948492497904	151.99964709040145	1645.6850075057246	
6105.341600000001	0.02479999999923166	Ripples						0.02479999999923166	6105.352	13.49441174968429	159.71077484571555	1115.651576739411	
6105.4664	0.06000000000040018	Ripples						0.06000000000040018	6105.5128	16.526190307105356	155.11159153760832	1521.712096446436	
6105.7304	0.05040000000008149	Ripples						0.05040000000008149	6105.7704	6.504855236879768	153.6961212652327	941.9489876704574	
6106.1776	0.052800000000388536	Ripples						0.052800000000388536	6106.207200000001	11.15423695564837	163.59911145685373	1068.3770372430474	
6107.0384	0.037599999999656575	Ripples						0.037599999999656575	6107.0528	14.878231292747818	162.86605321388444	1485.7144934129808	
6107.1744	0.0272000000004482	Ripples						0.0272000000004482	6107.192	9.687939510552434	153.4976534525641	901.3715201633937	
6110.852800000001	0.025599999999940337	Ripples						0.025599999999940337	6110.868	7.380640448166706	156.44064983768936	954.7739129052771	
6121.0560000000005	0.06319999999959691	Ripples						0.06319999999959691	6121.0776000000005	21.41871914665721	151.7554305860836	1521.3423943428377	
6121.2480000000005	0.05199999999967986	Ripples						0.05199999999967986	6121.2632	8.201012088267305	148.61534301362866	634.4757059516344	
6127.2552000000005	0.030399999999644933	Ripples						0.030399999999644933	6127.264	6.155254538342889	157.6821193548605	789.2456609305364	
6127.7496	0.03279999999995198	Ripples						0.03279999999995198	6127.7672	14.027297858631524	154.09029501378396	1094.1775012389323	
6131.592000000001	0.06959999999980937	Ripples						0.06959999999980937	6131.6128	15.188236192187453	151.550661005837	1266.119349738107	
6134.1672	0.03280000000086147	Ripples						0.03280000000086147	6134.1936000000005	6.7623814563861195	155.8889818097127	765.0882591472298	
6145.9992	0.025599999999940337	Ripples						0.025599999999940337	6146.0112	8.777858043745379	156.34568447664134	890.9551358197825	
6160.52	0.05199999999967986	Ripples						0.05199999999967986	6160.5528	18.75289389503627	158.5274439216955	1531.7522480227085	
6161.1648000000005	0.03679999999985739	Ripples						0.03679999999985739	6161.185600000001	14.774597623253008	159.3559258240752	1473.4552873271646	
6168.3904	0.045600000000376895	Ripples						0.045600000000376895	6168.4208	9.468175846114425	158.32428998699626	738.9663193978237	
6168.5472	0.05680000000029395	Ripples						0.05680000000029395	6168.588000000001	15.6478446257415	160.4364445553031	1365.6832350665395	
6170.019200000001	0.046399999999266583	Ripples						0.046399999999266583	6170.0384	5.248271954895929	152.00754533039458	510.2188417877765	
6170.696800000001	0.025599999999940337	Ripples						0.025599999999940337	6170.7088	12.217042985885511	162.55371741201785	1210.4252335164879	
6171.8536	0.024800000000141154	Ripples						0.024800000000141154	6171.8616	8.880971754264259	162.7159850791286	931.9894844538076	
6173.656800000001	0.03999999999996362	Ripples						0.03999999999996362	6173.6776	12.712542564155076	163.0905418585962	1464.7084934198917	
6173.8184	0.02959999999984575	Ripples						0.02959999999984575	6173.84	12.987694918663353	159.91910219138376	1118.944232524413	
6175.0432	0.09760000000005675	Ripples						0.09760000000005675	6175.0648	10.945520778219057	151.7416834963542	973.9575201526308	
6175.1672	0.026400000000649015	Ripples						0.026400000000649015	6175.176	7.661751158349109	156.59568961052153	818.1321429025123	
6175.2904	0.03280000000086147	Ripples						0.03280000000086147	6175.3152	5.815772867274662	150.65677991675648	724.5756311328693	
6178.0656	0.05680000000029395	Ripples						0.05680000000029395	6178.1032000000005	13.783440195206436	159.10088827287737	1350.1169705235359	
6191.5816	0.03999999999996362	Ripples						0.03999999999996362	6191.6104000000005	5.343374598912246	148.5754172376891	661.5721237778736	
6197.004800000001	0.04959999999937281	Ripples						0.04959999999937281	6197.0344000000005	23.37724063558208	153.906346998891	1750.7146214561185	
6201.948	0.051199999999880674	Ripples						0.051199999999880674	6201.9632	16.385465066474044	155.36794328186448	1425.4321233234148	
6204.576800000001	0.02479999999923166	Ripples						0.02479999999923166	6204.5872	7.293256366566247	159.90678093004738	918.6374799466371	
6204.9616000000005	0.03999999999996362	Ripples						0.03999999999996362	6204.988	17.33458545245447	157.41552399437342	1341.129079148512	
6208.4584	0.05760000000009313	Ripples						0.05760000000009313	6208.5056	12.0609595918289	153.75533291332087	1126.982861408552	
6212.4312	0.030400000000554428	Ripples						0.030400000000554428	6212.4424	12.60599916157026	162.22206173928325	1178.2913062125735	
6213.524	0.035200000000259024	Ripples						0.035200000000259024	6213.540800000001	14.366574387533039	158.13726353220608	1365.4125498712324	
6217.196	0.059200000000600994	Ripples						0.059200000000600994	6217.229600000001	5.60325337235772	147.7056852771436	541.540954196832	
6217.845600000001	0.04719999999997526	Ripples						0.04719999999997526	6217.867200000001	7.69924241669011	150.26136626922494	850.9701442935042	
6218.4128	0.03999999999996362	Ripples						0.03999999999996362	6218.4408	7.826571912275737	160.14898046777358	1086.936274192545	
6218.532	0.03440000000045984	Ripples						0.03440000000045984	6218.5456	18.268235789395824	155.9802280344154	1344.0964295408314	
6223.2664	0.04159999999956199	Ripples						0.04159999999956199	6223.2816	8.006825145623079	152.6148509409993	668.7760928742656	
6226.2088	0.025599999999940337	Ripples						0.025599999999940337	6226.2272	5.2215887022813074	154.2030952248048	568.8985046215995	
6228.533600000001	0.0455999999994674	Ripples						0.0455999999994674	6228.559200000001	18.3139309048458	154.60358769993488	1615.022660848083	
6231.059200000001	0.025599999999940337	Ripples						0.025599999999940337	6231.0672	6.171383408704063	157.09248146706815	814.0288133136274	
6231.1816	0.068000000000211	Ripples						0.068000000000211	6231.2416	5.145463510221866	150.68900532524043	728.7973713541562	
6232.5704000000005	0.03999999999996362	Ripples						0.03999999999996362	6232.5944	30.801968216772874	157.59401299264286	2061.815638798576	
6238.6544	0.044799999999668216	Ripples						0.044799999999668216	6238.671200000001	17.555662914971364	159.59839272111685	1367.2847664098176	
6248.272	0.02400000000034197	Ripples						0.02400000000034197	6248.2824	15.060950898462632	161.58946456635172	1294.0952941612595	
6248.6912	0.03840000000036525	Ripples						0.03840000000036525	6248.716	7.331336064784462	153.06965299417104	948.7044285284484	
6248.8768	0.03760000000056607	Ripples						0.03760000000056607	6248.892000000001	13.60594545827293	152.34711018134877	1050.1231841101542	
6249.1368	0.03359999999975116	Ripples						0.03359999999975116	6249.156800000001	17.960277878212068	157.3805025103996	1496.1634991374847	
6249.2712	0.020000000000436557	Ripples						0.020000000000436557	6249.2848	5.503379305420502	158.27104632045638	776.3833211991966	
6254.7904	0.056000000000494765	Ripples						0.056000000000494765	6254.816000000001	11.453159588827555	157.24780101740694	1148.1544679064273	
6254.9376	0.024800000000141154	Ripples						0.024800000000141154	6254.948	19.384765425740074	161.30208580214105	1427.7042678096998	
6255.1032000000005	0.04159999999956199	Ripples						0.04159999999956199	6255.116800000001	12.225718731652664	153.21183419645863	1207.2049266555275	
6258.6464000000005	0.03999999999996362	Ripples						0.03999999999996362	6258.6616	6.529855547201718	151.79257131459116	709.6735638497896	
6258.752	0.09680000000025757	Ripples						0.09680000000025757	6258.832	11.945834811772785	153.15501729652553	1094.6221843660499	
6259.3736	0.06000000000040018	Ripples						0.06000000000040018	6259.4224	6.435921067810125	151.03328834385297	619.7139053544014	
6260.3736	0.03840000000036525	Ripples						0.03840000000036525	6260.392000000001	8.136813022027313	149.88972793983956	916.6595767853544	
6261.2424	0.02400000000034197	Ripples						0.02400000000034197	6261.256	5.273339022268258	153.80329070194733	835.4138916250283	
6263.460800000001	0.04159999999956199	Ripples						0.04159999999956199	6263.4856	6.077278903213783	148.6953902287894	884.8055801198873	
6270.648	0.03999999999996362	Ripples						0.03999999999996362	6270.6736	5.952978274602801	146.08165141598906	542.1901594252663	
6271.341600000001	0.044799999999668216	Ripples						0.044799999999668216	6271.352800000001	14.566951221734383	161.14805034695323	1244.8025102996335	
6279.92	0.06080000000019936	Ripples						0.06080000000019936	6279.9496	15.329943999924833	149.45830924153736	1238.8491163571434	
6281.3112	0.025599999999940337	Ripples						0.025599999999940337	6281.3296	5.091086531137281	150.77216025424883	581.8453002811577	
6292.496	0.024800000000141154	Ripples						0.024800000000141154	6292.5096	9.360597394009135	160.47860425957742	902.5728338828725	
6311.3936	0.037599999999656575	Ripples						0.037599999999656575	6311.4128	6.0744538927716425	146.3482075895998	562.8025214878193	
6321.9272	0.02959999999984575	Ripples						0.02959999999984575	6321.9352	5.652135495301627	157.36742641522372	634.0449652358565	
6325.1552	0.04719999999997526	Ripples						0.04719999999997526	6325.1696	18.77491857187773	158.05194888180094	1420.7214336447191	
6325.254400000001	0.043199999999160354	Ripples						0.043199999999160354	6325.2808	19.97843524787827	160.3760571141052	1380.2590343552724	
6325.6728	0.04640000000017608	Ripples						0.04640000000017608	6325.7104	5.656874632815547	155.4021260997542	745.2563158079772	
6326.2792	0.030400000000554428	Ripples						0.030400000000554428	6326.2904	7.362107544716974	164.1698266198788	823.4379013564587	
6326.5504	0.032000000000152795	Ripples						0.032000000000152795	6326.5688	6.605041446834544	150.07314401296674	735.4086170181524	
6326.992	0.021600000000034925	Ripples						0.021600000000034925	6327.0064	8.095971467739888	157.99138468431624	821.1619395144967	
6336.5032	0.04320000000006985	Ripples						0.04320000000006985	6336.5288	14.193817922233489	147.68416973618002	1076.4145085199098	
6336.7056	0.05519999999978609	Ripples						0.05519999999978609	6336.7384	13.751171145942383	150.20650778508661	1085.642540446264	
6337.5864	0.032000000000152795	Ripples						0.032000000000152795	6337.6056	19.726068705325147	165.38476717819574	1560.0042880297765	
6337.675200000001	0.047999999999774445	Ripples						0.047999999999774445	6337.715200000001	12.59181319723676	155.2884949008739	1161.0166807803914	
6342.638400000001	0.04719999999997526	Ripples						0.04719999999997526	6342.649600000001	5.675038911098625	155.0725792928036	714.4028632572446	
6343.0208	0.024800000000141154	Ripples						0.024800000000141154	6343.032	7.711284678198956	155.94535097333966	785.4291561646755	
6343.5496	0.05680000000029395	Ripples						0.05680000000029395	6343.584000000001	18.983207283117657	157.60355921249166	1554.6048221681933	
6349.116800000001	0.043199999999160354	Ripples						0.043199999999160354	6349.1432	9.985948382526452	161.00044607207064	1251.763329408521	
6349.240000000001	0.050399999999171996	Ripples						0.050399999999171996	6349.2608	12.580393028246663	151.68226387689919	1170.7003617449482	
6355.1432	0.044799999999668216	Ripples						0.044799999999668216	6355.1624	13.758422905985507	151.4019600514538	990.4481387031384	
6355.2552000000005	0.04320000000006985	Ripples						0.04320000000006985	6355.2696000000005	8.568319259950052	156.52976663085587	921.3842887019023	
6361.792	0.034399999999550346	Ripples						0.034399999999550346	6361.8136	16.704756560799797	156.11321597158312	1325.8596873459155	
6362.1184	0.03679999999985739	Ripples						0.03679999999985739	6362.1264	8.812327073659036	157.74852434236934	895.2527799719325	
6363.424800000001	0.023999999999432475	Ripples						0.023999999999432475	6363.4384	6.250423171849533	154.32823180261798	693.6693629261558	
6364.26	0.03999999999996362	Ripples						0.03999999999996362	6364.272	5.886993937380991	151.9955093143437	756.5785137244436	
6388.8424	0.0543999999999869	Ripples						0.0543999999999869	6388.8832	14.074401306052621	161.69459267252168	1362.4227801267455	
6388.9664	0.03920000000016444	Ripples						0.03920000000016444	6388.9928	19.91445981692545	162.2543937828086	1393.8606510601628	
6395.2208	0.04800000000068394	Ripples						0.04800000000068394	6395.2464	21.032655000069163	151.09950009020878	1537.1409854754004	
6396.160800000001	0.12399999999979627	Ripples						0.12399999999979627	6396.2712	17.48809214560951	153.77799052436234	1527.069109555695	
6396.848800000001	0.03519999999934953	Ripples						0.03519999999934953	6396.868	20.37754578906038	165.39327110249462	1704.7350984967443	
6397.18	0.058399999999892316	Ripples						0.058399999999892316	6397.1936000000005	8.410217376582128	152.26580426194022	940.2474172072403	
6398.3424	0.04719999999997526	Ripples						0.04719999999997526	6398.3752	14.771498109781623	153.92233385483684	1334.7112328177707	
6401.532	0.021600000000034925	Ripples						0.021600000000034925	6401.5432	7.152923010294646	160.1807424964207	870.1495686862238	
6403.332	0.03120000000035361	Ripples						0.03120000000035361	6403.337600000001	6.367258658767373	157.86489361855692	766.9122465694712	
6404.9872000000005	0.02959999999984575	Ripples						0.02959999999984575	6404.9992	13.334872823095878	157.8150109460438	1233.0263138927107	
6405.1112	0.04879999999957363	Ripples						0.04879999999957363	6405.145600000001	17.54672455615622	153.01047924182856	1446.5241977308926	
6405.729600000001	0.022399999999834108	Ripples						0.022399999999834108	6405.7448	6.198985855409899	158.234649772038	669.6964872643086	
6407.9512	0.07520000000022264	Ripples						0.07520000000022264	6407.992	7.610851907936014	143.8455741390789	583.6059101328851	
6408.1688	0.02639999999973952	Ripples						0.02639999999973952	6408.1768	7.670455754985085	157.13338126385398	764.4661149618364	
6408.4656	0.021600000000034925	Ripples						0.021600000000034925	6408.476000000001	10.280356959493698	165.04133617381615	1077.3725436639581	
6409.348800000001	0.034399999999550346	Ripples						0.034399999999550346	6409.3648	13.408667104594961	152.7692147170543	1055.35017587648	
6423.0144	0.03840000000036525	Ripples						0.03840000000036525	6423.0256	9.164631788989405	171.27633857307924	1064.410263958401	
6427.3424	0.04159999999956199	Ripples						0.04159999999956199	6427.3552	5.46976850796485	151.53014987397745	518.0615049412214	
6427.4296	0.021600000000034925	Ripples						0.021600000000034925	6427.444	8.701693866529714	159.38716137427656	861.372295074442	
6427.552000000001	0.022399999999834108	Ripples						0.022399999999834108	6427.5632000000005	6.105327133693245	152.35526799329097	801.514445056531	
6429.0328	0.026400000000649015	Ripples						0.026400000000649015	6429.044800000001	6.345649480944457	150.22956533266932	620.6333528276988	
6431.3424	0.04159999999956199	Ripples						0.04159999999956199	6431.367200000001	11.33907596654166	152.70973062003185	1179.9760500208768	
6431.993600000001	0.02479999999923166	Ripples						0.02479999999923166	6432.0088000000005	11.343191435182872	162.26681083577117	1146.8818173490538	
6434.6224	0.032000000000152795	Ripples						0.032000000000152795	6434.6336	14.538259497733696	158.1983656890284	1262.8531859700693	
6434.7304	0.024800000000141154	Ripples						0.024800000000141154	6434.7424	17.285036175124358	162.93963032616927	1406.6446139950888	
6435.613600000001	0.05999999999949068	Ripples						0.05999999999949068	6435.6472	7.661276226014033	159.8070691352638	666.8696646026211	
6440.9384	0.035200000000259024	Ripples						0.035200000000259024	6440.953600000001	8.819805014773127	166.0109215838861	1195.607902963023	
6441.0904	0.0408000000006723	Ripples						0.0408000000006723	6441.120800000001	11.757317007632697	153.4439690076838	930.7013329583713	
6441.652	0.02400000000034197	Ripples						0.02400000000034197	6441.6656	12.1392399737267	163.38200161662363	1313.8916979098326	
6442.0568	0.04159999999956199	Ripples						0.04159999999956199	6442.0872	10.912530420026894	157.3286843973977	993.1899713264279	
6452.649600000001	0.034399999999550346	Ripples						0.034399999999550346	6452.664000000001	8.401738852301907	153.21619116675953	957.5015586183675	
6452.8240000000005	0.027199999999538704	Ripples						0.027199999999538704	6452.838400000001	10.480352707588915	163.17572875489688	1191.3242363053814	
6454.992	0.04320000000006985	Ripples						0.04320000000006985	6455.0032	7.710374005564301	162.05631033077657	1037.925811852368	
6455.1432	0.02959999999984575	Ripples						0.02959999999984575	6455.1552	8.935120880413779	158.15224875718675	862.5600972368004	
6455.296	0.023199999999633292	Ripples						0.023199999999633292	6455.308	5.69231450642893	154.86823010868875	634.6301733953035	
6457.7136	0.04719999999997526	Ripples						0.04719999999997526	6457.732800000001	8.84646247502354	150.9349383702389	868.727070184517	
6457.837600000001	0.02479999999923166	Ripples						0.02479999999923166	6457.8496000000005	9.438898563201692	157.48066962869754	1050.879754798211	
6458.0464	0.042400000000270666	Ripples						0.042400000000270666	6458.064	10.09201824983162	151.7733567755272	1092.4961915134384	
6460.678400000001	0.058399999999892316	Ripples						0.058399999999892316	6460.692	11.591573004054286	162.4802722197498	911.0992205748431	
6469.756	0.03120000000035361	Ripples						0.03120000000035361	6469.7736	11.486202063989893	167.70467259642038	931.8687005202987	
6469.932000000001	0.03519999999934953	Ripples						0.03519999999934953	6469.9456	10.206434407518367	163.44455406110762	788.061834180733	
6492.0416000000005	0.06880000000001019	Ripples						0.06880000000001019	6492.0784	19.6149863146576	149.51367158266396	1407.0872633131569	
6492.344800000001	0.031199999999444117	Ripples						0.031199999999444117	6492.3552	6.355678962288989	158.93538264239263	850.0077837353844	
6492.7464	0.0632000000005064	Ripples						0.0632000000005064	6492.761600000001	7.096641708661528	148.0514219159514	724.9854026747314	
6494.696800000001	0.031199999999444117	Ripples						0.031199999999444117	6494.711200000001	21.3472222009899	158.51927721274575	1540.8199345555777	
6494.8328	0.025599999999940337	Ripples						0.025599999999940337	6494.848	7.900684330956326	152.66161043216536	790.9363544086737	
6497.1984	0.03359999999975116	Ripples						0.03359999999975116	6497.218400000001	15.28553106132124	165.2137289699059	1512.0888214801612	
6505.2880000000005	0.032000000000152795	Ripples						0.032000000000152795	6505.301600000001	9.960437149089293	162.32159798017125	977.0720696981189	
6509.3256	0.025599999999940337	Ripples						0.025599999999940337	6509.3368	10.019761549314376	162.29871404877815	976.0048167907975	
6512.3608	0.037599999999656575	Ripples						0.037599999999656575	6512.381600000001	19.22286220725595	160.40758606131647	1716.4211173191354	
6512.7736	0.05040000000008149	Ripples						0.05040000000008149	6512.7856	15.988000356696404	152.58354535145332	1298.217830565819	
6513.4928	0.024800000000141154	Ripples						0.024800000000141154	6513.5064	8.495065452232947	157.5545636636869	888.4084664145477	
6513.5728	0.032000000000152795	Ripples						0.032000000000152795	6513.595200000001	8.148166528247215	156.4947829451042	783.6675939640501	
6520.6184	0.03999999999996362	Ripples						0.03999999999996362	6520.6336	10.557390100966845	164.7426138750816	770.3950431691771	
6524.7712	0.052800000000388536	Ripples						0.052800000000388536	6524.7864	7.93209048753413	152.16118114411145	794.2604067304235	
6527.2672	0.06239999999979773	Ripples						0.06239999999979773	6527.312	11.144857836148137	157.5998521153217	921.5007816807962	
6527.916	0.032000000000152795	Ripples						0.032000000000152795	6527.9376	8.71934509421412	154.63201754223917	854.5369704717509	
6529.7592	0.03839999999945576	Ripples						0.03839999999945576	6529.784000000001	15.705979378056483	154.84728717346206	1336.2949155877668	
6531.2648	0.021600000000034925	Ripples						0.021600000000034925	6531.2792	5.97648915405188	157.93548344954556	753.9631599942263	
6533.327200000001	0.02959999999984575	Ripples						0.02959999999984575	6533.34	9.48625553446149	161.51678967862665	1106.3779199572093	
6534.258400000001	0.020799999999326246	Ripples						0.020799999999326246	6534.272	5.992368231440608	157.29467759959817	732.9138058349162	
6534.522400000001	0.03679999999985739	Ripples						0.03679999999985739	6534.552000000001	5.42970680562503	155.82826114727783	596.7159392463883	
6534.744000000001	0.051199999999880674	Ripples						0.051199999999880674	6534.761600000001	12.177551007125919	153.0218556645677	1038.562903223524	
6542.22	0.024800000000141154	Ripples						0.024800000000141154	6542.2272	6.487303585735976	162.94745769627963	797.3954621815632	
6542.334400000001	0.03359999999975116	Ripples						0.03359999999975116	6542.3496000000005	7.263668729259561	148.26247427084	866.2206164381489	
6543.1320000000005	0.025599999999940337	Ripples						0.025599999999940337	6543.149600000001	5.665553328399641	152.41619275341168	740.6281440188554	
6543.9824	0.022400000000743603	Ripples						0.022400000000743603	6543.993600000001	6.000084380318934	154.3793355664182	844.6844520995423	
6544.9656	0.03279999999995198	Ripples						0.03279999999995198	6544.9768	10.009560591149757	159.7398981971789	867.9479556894869	
6545.7008000000005	0.028800000000046566	Ripples						0.028800000000046566	6545.7128	5.857119347298849	157.14485912772943	747.9985128066205	
6546.9888	0.03440000000045984	Ripples						0.03440000000045984	6547.0064	11.477637935287124	154.95075970358644	1125.4148361288353	
6547.1104000000005	0.03839999999945576	Ripples						0.03839999999945576	6547.1216	23.686366587450213	154.21074583708995	1596.2329549053452	
6549.552000000001	0.04879999999957363	Ripples						0.04879999999957363	6549.559200000001	6.441687213518741	160.96047138294773	811.5363211349132	
6563.0	78.0	SleepStates											REM
6642.0	20.0	SleepStates											Awake
6653.0848000000005	0.05599999999958527	Ripples						0.05599999999958527	6653.0928	7.6769158100399215	159.2607025450793	749.1084075877641	
6654.348	0.029600000000755244	Ripples						0.029600000000755244	6654.367200000001	5.584717103141722	154.5823143240149	705.6775918685709	
6662.2744	0.03120000000035361	Ripples						0.03120000000035361	6662.2880000000005	14.13325638374201	157.76023501149368	1195.3337646974292	
6662.4344	0.05680000000029395	Ripples						0.05680000000029395	6662.4664	9.470572252865164	160.5969895732022	1185.9314861430764	
6663.0	442.0	SleepStates											Non-REM
6666.6936000000005	0.0591999999996915	Ripples						0.0591999999996915	6666.7104	20.022142071656603	166.57608017976852	1637.6883441565587	
6667.0056	0.040799999999762804	Ripples						0.040799999999762804	6667.019200000001	21.90478971968771	160.4802341765929	1590.522810789019	
6667.1328	0.04719999999997526	Ripples						0.04719999999997526	6667.1544	5.34134903449093	147.93598487330203	569.5320640852416	
6671.3472	0.0272000000004482	Ripples						0.0272000000004482	6671.3544	5.6313656606179485	158.37165793068598	785.8225347818543	
6693.337600000001	0.03359999999975116	Ripples						0.03359999999975116	6693.3512	5.739026254513855	155.7951604642815	616.7967703156783	
6693.529600000001	0.03679999999985739	Ripples						0.03679999999985739	6693.5560000000005	5.6681939946352	154.31484304122668	566.4160919654008	
6694.8576	0.028800000000046566	Ripples						0.028800000000046566	6694.8656	7.739700311894853	154.5045955311189	855.783920557962	
6700.536	0.07840000000032887	Ripples						0.07840000000032887	6700.5832	13.708618422179104	159.0377100441887	1454.8450765195182	
6700.823200000001	0.03359999999975116	Ripples						0.03359999999975116	6700.8352	6.020655754036656	153.13236700407325	795.2035724456871	
6701.222400000001	0.04320000000006985	Ripples						0.04320000000006985	6701.256	10.423706511727511	152.86062667537828	1148.6751318086249	
6704.352800000001	0.02639999999973952	Ripples						0.02639999999973952	6704.3616	11.337477627681471	159.8474658022022	1016.6713650082788	
6705.5088000000005	0.0639999999993961	Ripples						0.0639999999993961	6705.5424	11.204635162592536	149.49172063236202	1170.4580886623662	
6705.7304	0.044799999999668216	Ripples						0.044799999999668216	6705.7496	7.550813753427118	152.07768974642332	687.058453109606	
6705.848800000001	0.03679999999985739	Ripples						0.03679999999985739	6705.8624	18.181903242392583	155.5398321191883	1451.105692736431	
6708.960800000001	0.022399999999834108	Ripples						0.022399999999834108	6708.9728000000005	9.194625019500219	158.10181357979576	900.6915533331111	
6719.544	0.028000000000247383	Ripples						0.028000000000247383	6719.555200000001	5.927680439115952	164.49717146245146	562.5443432819328	
6733.8976	0.04399999999986903	Ripples						0.04399999999986903	6733.9088	16.82248333444356	159.06826051997612	1230.6154488310729	
6734.0288	0.06640000000061264	Ripples						0.06640000000061264	6734.069600000001	9.69152913296805	140.75816522916335	716.6054663241439	
6734.334400000001	0.044799999999668216	Ripples						0.044799999999668216	6734.3576	9.820070320880543	156.9763017353634	890.7576060592203	
6734.428	0.05680000000029395	Ripples						0.05680000000029395	6734.4712	14.278628881292162	159.3913652102083	1319.1230318289752	
6735.287200000001	0.027199999999538704	Ripples						0.027199999999538704	6735.301600000001	9.047581202420236	158.70506052581743	1011.6622933394038	
6735.7232	0.03120000000035361	Ripples						0.03120000000035361	6735.7336000000005	7.056895678944163	152.51050471954898	790.9348481554148	
6745.468800000001	0.05040000000008149	Ripples						0.05040000000008149	6745.4992	14.517849198587426	153.38459060081854	1328.9750242128607	
6757.3352	0.044799999999668216	Ripples						0.044799999999668216	6757.3584	22.235733036489467	163.92711348564188	1632.2042238217928	
6763.048000000001	0.03999999999996362	Ripples						0.03999999999996362	6763.0744	5.900702417887859	154.61649073836887	493.3433035119179	
6788.9568	0.06000000000040018	Ripples						0.06000000000040018	6788.976000000001	10.426513576954868	151.4664831424941	762.2056824056832	
6798.424	0.028800000000046566	Ripples						0.028800000000046566	6798.4448	7.709973350847373	154.63520585320018	832.5895281374699	
6805.5464	0.024800000000141154	Ripples						0.024800000000141154	6805.5576	7.16430815951296	157.1351977562216	810.6171426980071	
6816.0424	0.024800000000141154	Ripples						0.024800000000141154	6816.0536	8.818982242744209	155.83232157004437	812.6387612768449	
6816.68	0.02639999999973952	Ripples						0.02639999999973952	6816.696	6.666794102836513	148.19952505344335	731.940383582197	
6816.732	0.0632000000005064	Ripples						0.0632000000005064	6816.7816	10.529260647074086	156.05696270105858	1194.1620633277826	
6829.605600000001	0.02959999999984575	Ripples						0.02959999999984575	6829.6248000000005	6.051022373773686	165.67996275308377	881.8967191969807	
6829.783200000001	0.031199999999444117	Ripples						0.031199999999444117	6829.8032	9.119801354596525	162.24109609253208	1035.4041380044582	
6829.9016	0.03840000000036525	Ripples						0.03840000000036525	6829.9152	18.66424757063252	156.77724944932598	1507.9648689921175	
6830.0088000000005	0.04640000000017608	Ripples						0.04640000000017608	6830.0208	6.161859911195284	159.75440095440337	539.3823972964021	
6842.975200000001	0.023199999999633292	Ripples						0.023199999999633292	6842.986400000001	11.483197608956823	165.61995634158478	1194.585489212081	
6843.112	0.0543999999999869	Ripples						0.0543999999999869	6843.1272	19.827492223084224	152.53716616060356	1436.0555063771385	
6843.952	0.025599999999940337	Ripples						0.025599999999940337	6843.9656	6.394653139028607	156.8454548097781	810.7381126929624	
6844.436000000001	0.03359999999975116	Ripples						0.03359999999975116	6844.4616000000005	7.241397279765318	149.4226929959891	787.6470226091222	
6844.9928	0.03279999999995198	Ripples						0.03279999999995198	6845.0112	14.747430816451477	153.47862299030334	1134.9379754011018	
6847.320000000001	0.04239999999936117	Ripples						0.04239999999936117	6847.334400000001	12.4127015095107	153.84461590890083	1271.8759802966472	
6847.5464	0.03279999999995198	Ripples						0.03279999999995198	6847.5576	7.191316472103678	153.9209788967907	866.1174786052684	
6848.555200000001	0.02639999999973952	Ripples						0.02639999999973952	6848.572	12.96102120423866	161.0817876516549	1210.2913456970355	
6852.1368	0.04640000000017608	Ripples						0.04640000000017608	6852.1720000000005	5.509650030218232	152.47531814699832	541.1039066100144	
6856.812800000001	0.0455999999994674	Ripples						0.0455999999994674	6856.823200000001	17.578410823227014	154.64771832943268	1262.1699968083558	
6856.917600000001	0.05279999999947904	Ripples						0.05279999999947904	6856.9312	9.708897521113816	156.00398992249333	975.5089023048648	
6857.2568	0.040799999999762804	Ripples						0.040799999999762804	6857.272	10.06474653357201	147.3116347404782	926.6747010037071	
6857.3648	0.03999999999996362	Ripples						0.03999999999996362	6857.3808	15.803330600437446	150.24024194945227	1234.0722067888564	
6857.836	0.03920000000016444	Ripples						0.03920000000016444	6857.8616	10.276083328589202	150.67220555005107	916.5854284519401	
6866.2880000000005	0.04640000000017608	Ripples						0.04640000000017608	6866.305600000001	16.238381392318953	159.50961276843037	1428.8403124619208	
6867.34	0.04960000000028231	Ripples						0.04960000000028231	6867.3584	19.273194674797814	152.28955420136742	1542.605452300653	
6873.3808	0.029600000000755244	Ripples						0.029600000000755244	6873.403200000001	6.70135794167134	152.5963329742778	769.9560347187014	
6875.044000000001	0.044799999999668216	Ripples						0.044799999999668216	6875.055200000001	8.412344531552394	154.5985552905133	751.7536028780542	
6880.14	0.03840000000036525	Ripples						0.03840000000036525	6880.1544	18.480136584774673	155.03145910012844	1434.32575643788	
6880.5216	0.05200000000058935	Ripples						0.05200000000058935	6880.56	18.77269520923178	156.96132595641163	1583.7117903074538	
6889.9912	0.022399999999834108	Ripples						0.022399999999834108	6890.0032	6.540452281948964	156.73849362861438	727.0802814557949	
6891.5272	0.028800000000046566	Ripples						0.028800000000046566	6891.5392	17.7705579227431	164.27829089320232	1458.703392232041	
6896.3944	0.03359999999975116	Ripples						0.03359999999975116	6896.4088	9.988946550772797	153.62975852173244	917.9338025946441	
6901.8928000000005	0.023999999999432475	Ripples						0.023999999999432475	6901.9048	5.493959010555107	150.13944690376087	639.2698862033922	
6902.7432	0.024800000000141154	Ripples						0.024800000000141154	6902.7576	6.689139023708382	154.4015394245989	793.250608067825	
6917.2264000000005	0.034399999999550346	Ripples						0.034399999999550346	6917.2528	6.438926246514259	159.9353373235202	700.1302092044361	
6924.4552	0.03279999999995198	Ripples						0.03279999999995198	6924.4664	6.615090509634154	154.93458969762983	676.8269345160254	
6948.837600000001	0.02479999999923166	Ripples						0.02479999999923166	6948.8544	13.803482944731478	160.5538919762874	1169.560322293311	
6949.276000000001	0.021600000000034925	Ripples						0.021600000000034925	6949.290400000001	7.8485558772967146	162.4210419515308	930.1721136404079	
6949.635200000001	0.023199999999633292	Ripples						0.023199999999633292	6949.6488	12.126335382867989	170.60029177066022	1169.6497389403107	
6961.7032	0.04320000000006985	Ripples						0.04320000000006985	6961.7208	14.95143611963687	151.78099081147093	1128.8652129466286	
6963.8464	0.06319999999959691	Ripples						0.06319999999959691	6963.8584	20.964562455533542	158.09684611331556	1642.1381759404778	
6964.0016000000005	0.08960000000024593	Ripples						0.08960000000024593	6964.0392	9.487086687962002	153.38706937918857	1056.9279413291122	
6969.4592	0.05199999999967986	Ripples						0.05199999999967986	6969.4912	16.710947238784183	150.18642502047854	1447.5067734691806	
6969.9368	0.05279999999947904	Ripples						0.05279999999947904	6969.9424	6.592780483668407	154.99582053955092	794.1644423822933	
6970.4128	0.03600000000005821	Ripples						0.03600000000005821	6970.428	22.556529408935788	157.42340685922727	1631.6744494209252	
6970.548000000001	0.06880000000001019	Ripples						0.06880000000001019	6970.566400000001	10.768327157477056	157.13795418127714	949.3328546393858	
6970.728	0.05520000000069558	Ripples						0.05520000000069558	6970.7528	17.352386972284314	152.29297086505207	1140.979916761011	
6971.881600000001	0.027199999999538704	Ripples						0.027199999999538704	6971.896000000001	7.175791700798768	169.6158881636777	1011.9512025844408	
6973.9256000000005	0.024800000000141154	Ripples						0.024800000000141154	6973.9368	8.83807653129388	155.7107932465993	860.0840162444777	
6979.6176000000005	0.061599999999998545	Ripples						0.061599999999998545	6979.6464000000005	11.651261907535837	151.31663363901052	1083.5869041786232	
6979.832	0.052800000000388536	Ripples						0.052800000000388536	6979.8536	12.989111362696619	147.69869425565776	1093.2450605007587	
6979.9848	0.03279999999995198	Ripples						0.03279999999995198	6979.9968	9.023564627032952	155.0399626568403	945.4126830479428	
6980.957600000001	0.0319999999992433	Ripples						0.0319999999992433	6980.9736	19.231567230896836	163.57033504133392	1654.2076333888624	
6984.8728	0.024800000000141154	Ripples						0.024800000000141154	6984.888	8.115142728512525	169.08663262015637	876.6578986767036	
6989.4856	0.03840000000036525	Ripples						0.03840000000036525	6989.493600000001	6.812374367889275	159.6787969655589	715.8298398493192	
6992.399200000001	0.02879999999913707	Ripples						0.02879999999913707	6992.414400000001	6.271229827954366	150.71923674970057	830.4729246882328	
7005.8576	0.035200000000259024	Ripples						0.035200000000259024	7005.8688	11.466237297242165	155.08651638348113	1186.1952115506276	
7020.247200000001	0.04959999999937281	Ripples						0.04959999999937281	7020.2696000000005	18.088349305922826	170.4958886727552	1608.9975346921137	
7021.675200000001	0.047999999999774445	Ripples						0.047999999999774445	7021.7008000000005	14.454619139466558	149.68745157586764	1032.9919889744622	
7021.9056	0.05520000000069558	Ripples						0.05520000000069558	7021.9384	6.178482506039306	142.86019893006744	549.1200869433322	
7022.2784	0.03679999999985739	Ripples						0.03679999999985739	7022.2992	19.906122143656106	163.03763531431875	1705.3698274129786	
7032.2880000000005	0.02080000000023574	Ripples						0.02080000000023574	7032.301600000001	6.680891367029025	169.01730325614076	896.4842987520858	
7033.215200000001	0.058399999999892316	Ripples						0.058399999999892316	7033.232	10.772561789073503	155.29612587704756	1274.1385669383803	
7033.359200000001	0.03999999999996362	Ripples						0.03999999999996362	7033.3736	11.815418541435577	152.1001658812421	1192.7265734945863	
7034.2128	0.03840000000036525	Ripples						0.03840000000036525	7034.2448	6.890489880633235	158.63610505364184	894.1498358890981	
7034.68	0.024800000000141154	Ripples						0.024800000000141154	7034.6912	9.541611892470588	158.67827485725485	936.8775904364995	
7035.472000000001	0.037599999999656575	Ripples						0.037599999999656575	7035.490400000001	6.991844338308277	147.5120082546405	682.2884967551538	
7035.6632	0.03999999999996362	Ripples						0.03999999999996362	7035.674400000001	6.312360941665373	149.34845592189373	757.3278967541703	
7037.1112	0.020000000000436557	Ripples						0.020000000000436557	7037.1232	5.877218196275296	157.34150286036092	741.668806935096	
7061.337600000001	0.047999999999774445	Ripples						0.047999999999774445	7061.3784000000005	6.21868434943077	154.9309369804959	674.2023605992456	
7061.414400000001	0.030399999999644933	Ripples						0.030399999999644933	7061.4296	10.329715178616528	152.19699423779554	850.9052113952002	
7062.5312	0.030399999999644933	Ripples						0.030399999999644933	7062.5464	12.10077877022167	152.86032216648334	1073.583062888509	
7069.9736	0.021600000000034925	Ripples						0.021600000000034925	7069.9848	5.963274051968937	159.36117223026264	729.6711431943901	
7070.5560000000005	0.03359999999975116	Ripples						0.03359999999975116	7070.573600000001	20.72600368934184	165.67118896773005	1718.7377248204843	
7071.9328000000005	0.027199999999538704	Ripples						0.027199999999538704	7071.944	12.170647522908007	157.8057885972476	1176.3282562747897	
7075.948	0.04399999999986903	Ripples						0.04399999999986903	7075.9808	9.543811005071769	151.6307658302845	914.5510907599721	
7081.8968	0.023199999999633292	Ripples						0.023199999999633292	7081.906400000001	8.480005017797609	168.52242729341478	1005.265369879822	
7106.0	87.0	SleepStates											REM
7194.0	4354.0	SleepStates											Awake
7239.1464000000005	0.022399999999834108	Ripples						0.022399999999834108	7239.1576000000005	10.248319176313986	160.58848657687616	1081.2363345761341	
7249.728800000001	0.043199999999160354	Ripples						0.043199999999160354	7249.744000000001	6.425174261247769	148.9716546431141	709.4719210571488	
7250.711200000001	0.034399999999550346	Ripples						0.034399999999550346	7250.728800000001	9.341078846908244	152.9980004924907	992.1310322912905	
7264.6728	0.068000000000211	Ripples						0.068000000000211	7264.6872	12.261785015877955	154.95967189242512	1225.345457024974	
7275.7008000000005	0.0455999999994674	Ripples						0.0455999999994674	7275.711200000001	5.068305797911426	158.0862614887587	838.5154247097255	
7277.8616	0.03760000000056607	Ripples						0.03760000000056607	7277.872	5.917696896855038	173.4206360220256	755.1793968834974	
7279.6088	0.02080000000023574	Ripples						0.02080000000023574	7279.616800000001	7.776521835300334	165.9064986560927	947.8275619343444	
7285.1288	0.028800000000046566	Ripples						0.028800000000046566	7285.14	15.354477575769078	158.30899913444406	1313.6311350295491	
7297.688	0.03999999999996362	Ripples						0.03999999999996362	7297.700000000001	9.50159662663643	161.0073504669731	1196.6249955867195	
7324.3512	0.03600000000005821	Ripples						0.03600000000005821	7324.370400000001	5.50882495260104	163.22386274515853	948.1724125691738	
7325.0232000000005	0.021600000000034925	Ripples						0.021600000000034925	7325.036800000001	7.517438811341622	163.80332788731684	938.16339465566	
7327.7304	0.04879999999957363	Ripples						0.04879999999957363	7327.751200000001	21.974705601921087	158.77205211217233	1768.9941971302942	
7338.2032	0.02080000000023574	Ripples						0.02080000000023574	7338.2104	6.358227077580039	163.43160247431922	851.217570338903	
7338.573600000001	0.021600000000034925	Ripples						0.021600000000034925	7338.588000000001	6.656439505178738	160.42430644362815	794.2939709344869	
7343.4984	0.02080000000023574	Ripples						0.02080000000023574	7343.512000000001	5.439080973693693	162.45700818726047	813.7718856327527	
7344.820000000001	0.03920000000016444	Ripples						0.03920000000016444	7344.838400000001	7.929395856003832	150.32621563262816	891.7931291911291	
7344.9768	0.061599999999998545	Ripples						0.061599999999998545	7345.0024	23.249994261248354	148.01216397564855	1583.372341601438	
7418.9712	0.03600000000005821	Ripples						0.03600000000005821	7419.0	7.945415307344959	159.32109128239958	906.7151231138674	
7419.602400000001	0.02479999999923166	Ripples						0.02479999999923166	7419.613600000001	5.777199263775163	153.45469545940946	807.3100511814864	
7425.924800000001	0.047999999999774445	Ripples						0.047999999999774445	7425.948	18.228295741081162	160.45714031969857	1646.4878341103265	
7439.084000000001	0.044799999999668216	Ripples						0.044799999999668216	7439.0976	10.955396960873612	162.29986464180755	1228.2089977184926	
7439.2624000000005	0.02959999999984575	Ripples						0.02959999999984575	7439.2736	6.394171075181934	154.9080004293015	810.6242984451093	
7439.432000000001	0.04320000000006985	Ripples						0.04320000000006985	7439.453600000001	11.717463657714461	149.7433186369992	1094.1665425083386	
7442.6912	0.032000000000152795	Ripples						0.032000000000152795	7442.7096	7.18198523414283	167.99720207254185	1019.2081523053728	
7447.536	0.03600000000005821	Ripples						0.03600000000005821	7447.5504	11.68851994999836	151.94094988027837	1095.3810138423607	
7453.747200000001	0.021600000000034925	Ripples						0.021600000000034925	7453.758400000001	8.851530545346568	163.32819636849453	997.450774990693	
7458.8872	0.022399999999834108	Ripples						0.022399999999834108	7458.8952	7.622927324922881	158.36843349261906	853.2686344943327	
7461.004800000001	0.021600000000034925	Ripples						0.021600000000034925	7461.0136	8.648240126336477	165.99451488315327	1036.701121278986	
7465.0032	0.021600000000034925	Ripples						0.021600000000034925	7465.0176	7.296674066912866	160.78364815267005	873.7930478544356	
7466.5128	0.04320000000006985	Ripples						0.04320000000006985	7466.5272	8.793737214179053	155.92369915879124	1067.304857908405	
7471.595200000001	0.034399999999550346	Ripples						0.034399999999550346	7471.616	22.59148731720862	162.26593723700086	1790.7651639348232	
7474.7664	0.040799999999762804	Ripples						0.040799999999762804	7474.7864	7.110257618928168	164.93908584788	825.9646754162181	
7480.036	0.035200000000259024	Ripples						0.035200000000259024	7480.0608	5.756224537903125	154.62928872751147	864.5081967171483	
7480.5752	0.04719999999997526	Ripples						0.04719999999997526	7480.608	11.988990498332052	150.81523301671547	1025.7310274004535	
7482.076800000001	0.04879999999957363	Ripples						0.04879999999957363	7482.0976	18.68107264692731	161.61071812041465	1657.7422024540078	
7489.254400000001	0.028800000000046566	Ripples						0.028800000000046566	7489.268800000001	21.608635840575406	161.87288091776148	1697.2057762985428	
7489.5088000000005	0.028000000000247383	Ripples						0.028000000000247383	7489.5232000000005	15.409219008546298	157.9800278087635	1243.5784164760112	
7514.565600000001	0.046399999999266583	Ripples						0.046399999999266583	7514.5904	8.559753685711753	160.70179890533436	1120.3352564872707	
7515.4928	0.04320000000006985	Ripples						0.04320000000006985	7515.5160000000005	11.005413317938373	154.8119297720698	1167.744216212638	
7526.112800000001	0.03839999999945576	Ripples						0.03839999999945576	7526.1416	6.297981620516377	158.3769633543244	892.1555837023787	
7540.9712	0.07600000000002183	Ripples						0.07600000000002183	7541.0256	6.756463931307434	154.28554765985595	802.8004550118585	
7543.801600000001	0.030399999999644933	Ripples						0.030399999999644933	7543.8136	5.5006237999892535	151.32232435163587	763.729305708155	
7544.7712	0.051199999999880674	Ripples						0.051199999999880674	7544.794400000001	11.060411983230317	151.0107935087137	1214.6871137684177	
7544.924800000001	0.031199999999444117	Ripples						0.031199999999444117	7544.9424	16.900621415011283	163.04523534501791	1533.650529512165	
7547.0536	0.024800000000141154	Ripples						0.024800000000141154	7547.0704000000005	7.468860096542289	158.59456307381376	918.1819620874668	
7547.836	0.02639999999973952	Ripples						0.02639999999973952	7547.8496000000005	10.78928002365158	165.33750122941876	1231.8931042181778	
7547.975200000001	0.05999999999949068	Ripples						0.05999999999949068	7548.024	8.025154341263091	156.79854608069726	1158.7392133905566	
7548.1736	0.023200000000542786	Ripples						0.023200000000542786	7548.1872	12.412900604225017	160.21856885630385	1175.3031497145757	
7548.4944000000005	0.05279999999947904	Ripples						0.05279999999947904	7548.5328	19.321239367179427	156.0908790852029	1639.2735516183704	
7551.1016	0.03440000000045984	Ripples						0.03440000000045984	7551.1192	19.51418250889387	159.60679390557465	1546.4807251925583	
7570.2416	0.021600000000034925	Ripples						0.021600000000034925	7570.2496	6.348947881231317	160.4433841527814	822.806026090437	
7572.1368	0.025599999999940337	Ripples						0.025599999999940337	7572.152	14.135120481740346	160.75056683313392	1152.3552685113114	
7572.2864	0.0768000000007305	Ripples						0.0768000000007305	7572.3224	15.423295546610895	150.52814024042465	1438.937514937921	
7573.896000000001	0.03999999999996362	Ripples						0.03999999999996362	7573.914400000001	22.025048271427885	153.78131112577117	1584.1125066458774	
7573.9784	0.0816000000004351	Ripples						0.0816000000004351	7573.9928	8.068720537193112	152.7982046751099	1088.5944946094598	
7579.344800000001	0.03279999999995198	Ripples						0.03279999999995198	7579.359200000001	13.20405381633204	165.9149252233537	1369.88772911214	
7580.428000000001	0.03919999999925494	Ripples						0.03919999999925494	7580.457600000001	20.5082222014966	160.907251158872	1459.9141623857574	
7580.944	0.02959999999984575	Ripples						0.02959999999984575	7580.9624	9.489128267309113	153.94378667787132	951.4804294486645	
7588.34	0.06880000000001019	Ripples						0.06880000000001019	7588.381600000001	17.803293685311804	156.06848920112807	1518.0943801817546	
7589.783200000001	0.046399999999266583	Ripples						0.046399999999266583	7589.801600000001	9.237808860992589	148.1299603825224	894.689370407943	
7590.138400000001	0.02479999999923166	Ripples						0.02479999999923166	7590.149600000001	5.167379672895929	154.1869442154088	749.8256848593328	
7590.291200000001	0.03679999999985739	Ripples						0.03679999999985739	7590.3168000000005	10.904721899910882	149.52949705908594	896.8068422251558	
7594.1776	0.03279999999995198	Ripples						0.03279999999995198	7594.1944	10.207341217640032	167.519852279807	1238.906375350052	
7595.4624	0.052800000000388536	Ripples						0.052800000000388536	7595.5016000000005	12.574145999970684	154.00973661588455	1232.3238446576681	
7599.1592	0.03760000000056607	Ripples						0.03760000000056607	7599.1704	8.419696319070452	157.05355009607894	968.4021440439152	
7601.0352	0.0591999999996915	Ripples						0.0591999999996915	7601.0728	17.44102635963825	155.7366931823427	1442.3452412995468	
7601.8824	0.0591999999996915	Ripples						0.0591999999996915	7601.9112000000005	16.274464019814626	151.24889138776615	1443.4848420520957	
7602.040800000001	0.03919999999925494	Ripples						0.03919999999925494	7602.069600000001	8.75200538633989	156.31545101450277	1069.088844335855	
7602.276800000001	0.03839999999945576	Ripples						0.03839999999945576	7602.291200000001	19.160962785790854	159.2611889996602	1627.101145062873	
7615.2568	0.04399999999986903	Ripples						0.04399999999986903	7615.2736	11.113660807574238	168.87687963388163	1243.3137038253326	
7620.5144	0.021600000000034925	Ripples						0.021600000000034925	7620.5256	8.76572722320138	159.2437832659311	966.1743540139141	
7622.320000000001	0.023999999999432475	Ripples						0.023999999999432475	7622.330400000001	8.090637912618734	160.41035804730353	980.9804960635128	
7628.3256	0.030400000000554428	Ripples						0.030400000000554428	7628.338400000001	12.68274504119651	157.39287305343856	1158.2049325972403	
7630.0328	0.0272000000004482	Ripples						0.0272000000004482	7630.0464	11.746391515095038	160.7411657804499	1299.1576241851783	
7631.3104	0.0632000000005064	Ripples						0.0632000000005064	7631.338400000001	6.515564185215921	155.80386254113589	776.275149346312	
7631.7608	0.022400000000743603	Ripples						0.022400000000743603	7631.772800000001	14.424570446810025	166.09818325439323	1265.680098621999	
7639.0888	0.027199999999538704	Ripples						0.027199999999538704	7639.108	14.370631208730341	165.0906235378431	1246.2877777493404	
7641.1728	0.044799999999668216	Ripples						0.044799999999668216	7641.196	15.850509245001355	152.41414271390042	1432.7227372325572	
7644.112	0.025599999999940337	Ripples						0.025599999999940337	7644.124000000001	8.597783501036494	165.07957830312773	1070.2449106449624	
7644.790400000001	0.0319999999992433	Ripples						0.0319999999992433	7644.812000000001	18.14005282509778	158.8305349586108	1381.7132331977477	
7644.932000000001	0.028800000000046566	Ripples						0.028800000000046566	7644.9456	15.717312718809387	166.96872258268004	1433.4550058984491	
7646.2416	0.040799999999762804	Ripples						0.040799999999762804	7646.265600000001	21.216557593824795	157.682766729041	1699.9719172595535	
7646.4264	0.03679999999985739	Ripples						0.03679999999985739	7646.4496	6.2426508381224695	143.359954536469	604.9775744768333	
7662.0016000000005	0.02639999999973952	Ripples						0.02639999999973952	7662.0208	5.031274223140241	149.18183804012347	686.5120125146639	
7671.0848000000005	0.04719999999997526	Ripples						0.04719999999997526	7671.0960000000005	14.588829100361615	168.8636028793088	1312.1891810372936	
7671.252	0.042400000000270666	Ripples						0.042400000000270666	7671.2792	10.626211749140523	151.84732316921495	1151.0164438065046	
7673.051200000001	0.03599999999914871	Ripples						0.03599999999914871	7673.062400000001	12.987379344120054	159.86829432405722	1325.336503489022	
7674.92	0.045600000000376895	Ripples						0.045600000000376895	7674.9336	18.35800018521201	160.4594267766613	1575.0724539361645	
7675.0416000000005	0.0727999999999156	Ripples						0.0727999999999156	7675.062400000001	22.68734777164827	155.83046506116958	1890.6982917780115	
7679.1656	0.02959999999984575	Ripples						0.02959999999984575	7679.1792000000005	15.359356238680125	161.82816007520137	1440.1954335389319	
7679.308800000001	0.03999999999996362	Ripples						0.03999999999996362	7679.338400000001	8.129682501160653	160.02478910426328	780.1593617205002	
7679.5328	0.05360000000018772	Ripples						0.05360000000018772	7679.565600000001	14.414196523091643	148.17134959872539	1201.8551524209877	
7684.8352	0.037599999999656575	Ripples						0.037599999999656575	7684.848800000001	13.744894184666052	154.37704864580164	1218.722492563938	
7699.6768	0.05519999999978609	Ripples						0.05519999999978609	7699.7016	15.026366029312006	154.97842600885204	1504.290058338953	
7702.3288	0.05760000000009313	Ripples						0.05760000000009313	7702.3648	15.345302912693322	148.61964310166556	1235.18015336372	
7704.540800000001	0.030399999999644933	Ripples						0.030399999999644933	7704.564	6.429172928857566	154.09745537323306	643.134336222482	
7709.1576000000005	0.02400000000034197	Ripples						0.02400000000034197	7709.1720000000005	10.250658217332951	161.4643392952752	1062.6602486683798	
7711.5208	0.04719999999997526	Ripples						0.04719999999997526	7711.5384	9.357133193006742	155.3824201924258	935.5095472985938	
7711.8184	0.052800000000388536	Ripples						0.052800000000388536	7711.8472	17.033935338175166	154.50535851720315	1624.7262803932645	
7720.6944	0.0543999999999869	Ripples						0.0543999999999869	7720.7016	5.49211531261716	160.84574647467574	752.6229807355835	
7725.456	0.024800000000141154	Ripples						0.024800000000141154	7725.4728000000005	11.422767385421963	157.07227261891697	1039.6693587265427	
7734.2232	0.04719999999997526	Ripples						0.04719999999997526	7734.2480000000005	21.835317132995204	159.7302721216519	1720.376941126306	
7735.004000000001	0.06559999999990396	Ripples						0.06559999999990396	7735.051200000001	8.023795146975258	160.26892936718573	931.9832433394824	
7742.5896	0.028800000000046566	Ripples						0.028800000000046566	7742.6016	18.490518184641715	159.04652357120247	1427.200981642697	
7742.8944	0.04960000000028231	Ripples						0.04960000000028231	7742.9152	11.962229558826763	159.75821069696383	1152.0210206895867	
7748.6032000000005	0.027199999999538704	Ripples						0.027199999999538704	7748.616800000001	11.062222798277562	161.5508037955766	1195.673954382717	
7750.880800000001	0.04879999999957363	Ripples						0.04879999999957363	7750.899200000001	17.79012130488313	153.0434403147516	1486.7171039164525	
7751.120800000001	0.06239999999979773	Ripples						0.06239999999979773	7751.1592	25.781533069321164	152.666797829354	1759.8546953773018	
7752.8496000000005	0.05519999999978609	Ripples						0.05519999999978609	7752.8912	12.80534022487866	158.56399675605536	1477.6855597770964	
7753.5504	0.025599999999940337	Ripples						0.025599999999940337	7753.568	16.225362791155035	161.61455148580586	1252.2961673870836	
7756.185600000001	0.08559999999943102	Ripples						0.08559999999943102	7756.2080000000005	10.90814337977644	150.41127366592067	1064.2046509205206	
7757.152	0.024800000000141154	Ripples						0.024800000000141154	7757.167200000001	10.99759447767019	162.31158855861491	1121.1424327081	
7766.1864000000005	0.042400000000270666	Ripples						0.042400000000270666	7766.2032	10.65223421655578	169.77232402597798	1172.3242031027362	
7792.529600000001	0.03279999999995198	Ripples						0.03279999999995198	7792.544000000001	18.238023002500242	160.8968546858157	1537.1197697660587	
7798.768800000001	0.023199999999633292	Ripples						0.023199999999633292	7798.7816	7.500879142722598	161.4981911980207	909.6473286065485	
7799.906400000001	0.034399999999550346	Ripples						0.034399999999550346	7799.924	9.885465234740952	153.31890895471963	1019.3368739874295	
7801.859200000001	0.031199999999444117	Ripples						0.031199999999444117	7801.867200000001	7.513943120658624	157.93456297248366	903.7104738096408	
7859.475200000001	0.03279999999995198	Ripples						0.03279999999995198	7859.4912	5.7550980882381255	166.03005691680218	914.2504617445	
7870.832	0.06000000000040018	Ripples						0.06000000000040018	7870.8712000000005	12.865321879879087	154.67146371898522	1336.3933353407333	
7874.76	0.03679999999985739	Ripples						0.03679999999985739	7874.7824	6.9594476047345095	149.63960746273756	748.4427046381401	
7876.688	0.04160000000047148	Ripples						0.04160000000047148	7876.7056	16.309127721901618	149.2430094025907	1239.8369193784554	
7878.236800000001	0.03839999999945576	Ripples						0.03839999999945576	7878.268	5.91866220674984	162.35577449298495	803.5450231554063	
7977.181599999999	0.023200000000542786	Ripples						0.023200000000542786	7977.195199999999	6.350251595577414	163.6650561136609	956.3830596658099	
7999.241599999999	0.03359999999975116	Ripples						0.03359999999975116	7999.2624	7.2022661574547415	163.08388212835834	1018.2813379435617	
8061.556799999999	0.03120000000035361	Ripples						0.03120000000035361	8061.5704	8.88139684323207	157.35439163654672	1071.9455239847819	
8062.631199999999	0.02400000000034197	Ripples						0.02400000000034197	8062.647199999999	5.016618387200997	149.7675963345167	646.445310505937	
8067.122399999999	0.022399999999834108	Ripples						0.022399999999834108	8067.132	5.823363082860893	167.8267776975243	830.6569223004288	
8076.499199999999	0.03359999999975116	Ripples						0.03359999999975116	8076.510399999999	8.463780604080586	151.93210401595178	886.8199855691499	
8076.712799999999	0.025599999999940337	Ripples						0.025599999999940337	8076.727999999999	9.330754114255809	159.17703652598078	1120.110884476881	
8076.819199999999	0.056000000000494765	Ripples						0.056000000000494765	8076.839999999999	12.722981598558565	148.7874990211528	1188.5614665075982	
8086.105599999999	0.035200000000259024	Ripples						0.035200000000259024	8086.123199999999	18.536391993189543	155.42005719539344	1512.7543668881594	
8114.1464	0.037599999999656575	Ripples						0.037599999999656575	8114.159999999999	7.974066280915439	156.2993666078869	1050.8930762192576	
8139.076799999999	0.025599999999940337	Ripples						0.025599999999940337	8139.091199999999	14.32588983179604	161.70404754806793	1274.703100713304	
8139.232799999999	0.021600000000034925	Ripples						0.021600000000034925	8139.247199999999	9.980460004920628	164.5858383911308	1079.2673443921963	
8140.460799999999	0.021600000000034925	Ripples						0.021600000000034925	8140.469599999999	5.808645175802266	164.11378318195412	886.6734754627065	
8145.394399999999	0.047999999999774445	Ripples						0.047999999999774445	8145.427999999999	10.21378986044609	149.47606784474556	1018.3730894691785	
8149.220799999999	0.048800000000483124	Ripples						0.048800000000483124	8149.234399999999	12.61866870910696	166.30800628099055	1122.6504833761885	
8156.7912	0.021600000000034925	Ripples						0.021600000000034925	8156.7991999999995	6.8823841137902235	167.52895892078155	915.4140221813922	
8161.666399999999	0.03359999999975116	Ripples						0.03359999999975116	8161.676799999999	6.570094707647004	162.43045801062598	976.7684825710745	
8183.822399999999	0.021600000000034925	Ripples						0.021600000000034925	8183.830399999999	5.5884098913075535	157.9703250308584	806.3059969644211	
8203.040799999999	0.03840000000127475	Ripples						0.03840000000127475	8203.062399999999	8.116270252481215	151.2234393858066	938.2905738350897	
8244.967999999999	0.0408000000006723	Ripples						0.0408000000006723	8244.984799999998	8.936304494848343	160.4062200777551	1103.897689297904	
8259.330399999999	0.0272000000004482	Ripples						0.0272000000004482	8259.344799999999	9.660250350125208	160.93716315928918	1084.6907845458359	
8270.3656	0.026400000000649015	Ripples						0.026400000000649015	8270.3848	5.310276885522546	170.5987102114027	781.6152191121978	
8272.1944	0.028800000000046566	Ripples						0.028800000000046566	8272.2056	8.124283925454884	158.84980016914258	1042.4612440349745	
8275.4944	0.058399999999892316	Ripples						0.058399999999892316	8275.5384	10.750723945374062	156.1973779872206	1136.4600165383772	
8286.993599999998	0.040000000000873115	Ripples						0.040000000000873115	8287.0088	9.899648551967177	154.47687948727344	1054.33992095902	
8293.02	0.05279999999766005	Ripples						0.05279999999766005	8293.0528	6.970673084986621	161.133573525635	1029.690581259896	
8294.808799999999	0.025600000000849832	Ripples						0.025600000000849832	8294.8208	17.95571492713294	161.5899782572013	1413.4618615297968	
8295.412	0.02079999999841675	Ripples						0.02079999999841675	8295.4224	7.250098463472405	160.81099114304567	938.1751274263921	
8330.4664	0.03839999999945576	Ripples						0.03839999999945576	8330.4944	8.63708247040032	153.56738840366253	991.0342286937267	
8338.5056	0.06079999999928987	Ripples						0.06079999999928987	8338.5272	21.082574152377678	161.11376525429134	1748.667715988483	
8351.700799999999	0.021600000000034925	Ripples						0.021600000000034925	8351.715199999999	9.350795836647864	162.3530834771994	1012.6880585103858	
8354.793599999999	0.05279999999947904	Ripples						0.05279999999947904	8354.824799999999	7.699177856533354	144.47739600240055	823.0686133203876	
8358.0072	0.07359999999971478	Ripples						0.07359999999971478	8358.0536	5.647699475952992	163.5936611452826	903.2779357149032	
8360.2784	0.02479999999923166	Ripples						0.02479999999923166	8360.2928	7.276986277154782	157.09463526302156	902.0720538284754	
8399.696733333332	22.872466666667606	trials		right	none	1.0	True						
8440.873833333333	55.01389999999992	trials	0.0	right	left	1.0	True						
8511.758433333333	42.14400000000023	trials	1.0	left	left	1.0	False						
8566.872366666666	57.21446666666634	trials	1.0	right	right	1.0	False						
8640.257599999999	65.08313333333354	trials	1.0	left	left	1.0	False						
8718.077299999999	58.51480000000083	trials	1.0	right	right	1.0	False						
8789.6954	15.77066666666542	trials	1.0	left	left	1.0	False						
8819.369566666666	37.17610000000059	trials	1.0	right	right	1.0	False						
8869.015466666666	76.28596666666817	trials	1.0	left	left	1.0	False						
8925.1248	0.02719999999862921	Ripples						0.02719999999862921	8925.1424	8.085633498033094	159.3998290205455	1031.0471218778753	
8925.187999999998	0.030400000001463923	Ripples						0.030400000001463923	8925.1992	8.700466074261476	155.83621802399082	1065.9711041505943	
8960.738666666666	78.65323333333436	trials	1.0	right	right	1.0	False						
8982.8312	0.046399999999266583	Ripples						0.046399999999266583	8982.864	11.647519645984966	155.23275643288335	1181.188713388233	
8987.84	0.048800000000483124	Ripples						0.048800000000483124	8987.8512	6.11201901808467	159.45533690452967	954.5541225619929	
8988.3672	0.023999999997613486	Ripples						0.023999999997613486	8988.38	12.88275885182407	161.88024434381205	1275.1041215965379	
8989.1968	0.04320000000006985	Ripples						0.04320000000006985	8989.2184	20.444347291168327	175.64318817553195	1597.197796598098	
8990.1176	0.03360000000066066	Ripples						0.03360000000066066	8990.1336	14.407960115026412	176.82145898838698	1285.5766139043103	
8990.215199999999	0.0864000000001397	Ripples						0.0864000000001397	8990.2344	42.9871644655618	165.39315622843628	2412.2241670530825	
8991.0528	0.13279999999940628	Ripples						0.13279999999940628	8991.0664	10.160898690678161	164.23548047976954	1220.0667189306714	
8992.5168	0.032799999999042484	Ripples						0.032799999999042484	8992.527999999998	13.412483241124463	167.54109897584823	1304.1017580842192	
8996.9144	0.03439999999864085	Ripples						0.03439999999864085	8996.9384	5.308324661206028	169.18130413346296	851.0274892010387	
8998.6688	0.022399999999834108	Ripples						0.022399999999834108	8998.68	6.166501339452487	161.9276310083724	864.3938036267286	
9001.7392	0.0455999999994674	Ripples						0.0455999999994674	9001.7568	9.716353490126671	161.77690123228405	1171.8707365703258	
9004.2488	0.048799999998664134	Ripples						0.048799999998664134	9004.274399999998	13.900553958652587	170.7480502913822	1473.4416965689281	
9007.839199999999	0.024000000001251465	Ripples						0.024000000001251465	9007.8528	6.770622092288195	159.06553087378606	952.3357798815176	
9008.6728	0.031199999999444117	Ripples						0.031199999999444117	9008.6896	11.578375251058995	160.93220411867253	1247.8126266296306	
9008.800799999999	0.07200000000011642	Ripples						0.07200000000011642	9008.86	13.317665091425539	175.82397196684283	1150.0923161378767	
9011.4888	0.04399999999986903	Ripples						0.04399999999986903	9011.5032	11.436955370956467	163.29008180379336	1343.4339551160574	
9011.556799999998	0.02080000000205473	Ripples						0.02080000000205473	9011.5648	5.332221094583351	159.79274739746185	899.5274362644421	
9012.0144	0.056000000000494765	Ripples						0.056000000000494765	9012.0576	7.99723303294097	169.8644729483499	984.3045196727246	
9013.259999999998	0.03600000000005821	Ripples						0.03600000000005821	9013.271999999999	7.607279676785038	156.39807630734552	949.4243793724595	
9057.863266666667	44.444566666665196	trials	0.0	right	left	1.0	False						
9115.077733333334	50.24603333333289	trials	1.0	left	left	1.0	False						
9149.1712	0.027999999998428393	Ripples						0.027999999998428393	9149.1824	8.247745472635987	158.30238062851691	1071.4814455621265	
9151.392	0.04079999999885331	Ripples						0.04079999999885331	9151.425599999999	9.795087783052912	165.59069236125612	1028.7719956954434	
9173.125766666666	43.27759999999944	trials	1.0	right	right	1.0	False						
9226.839333333333	80.55373333333227	trials	1.0	left	left	1.0	False						
9235.8	0.022399999999834108	Ripples						0.022399999999834108	9235.811999999998	6.2616145072891625	159.30385748838802	855.1419453269484	
9235.948	0.02719999999862921	Ripples						0.02719999999862921	9235.961599999999	14.402093044329265	163.9711830634929	1414.8740884890592	
9241.3152	0.03600000000005821	Ripples						0.03600000000005821	9241.3416	11.348051975840276	167.3110084590955	1201.8124716135835	
9241.520799999998	0.1544000000012602	Ripples						0.1544000000012602	9241.5888	12.875786143233654	155.22643798911344	1286.1044228154112	
9276.0232	0.027999999998428393	Ripples						0.027999999998428393	9276.0376	6.910743089097061	162.79009172447428	1048.222840544909	
9287.2624	0.06799999999930151	Ripples						0.06799999999930151	9287.3184	11.225509011471987	159.5160715617232	1240.218289104765	
9287.4	0.07840000000032887	Ripples						0.07840000000032887	9287.432	15.489265832800195	153.79038201044307	1417.5796509286108	
9288.6712	0.0639999999984866	Ripples						0.0639999999984866	9288.6992	9.199253476023383	155.5218562698809	1067.743913388745	
9291.0736	0.030399999999644933	Ripples						0.030399999999644933	9291.0848	6.010488933135485	163.7332133003892	940.8529139404069	
9293.859199999999	0.03280000000086147	Ripples						0.03280000000086147	9293.8792	8.014510327567734	164.1388017328155	850.9410906806424	
9294.781599999998	0.02960000000166474	Ripples						0.02960000000166474	9294.803199999998	6.559008690608914	153.80120072999242	899.184590466266	
9294.8928	0.08799999999973807	Ripples						0.08799999999973807	9294.911199999999	28.571553472245725	160.91752450926023	1995.539623972275	
9326.797966666667	34.375366666665286	trials	1.0	right	right	1.0	False						
9369.961599999999	0.023199999999633292	Ripples						0.023199999999633292	9369.977599999998	6.955783087726882	168.49544189658315	938.3290484157991	
9376.510533333334	36.60926666666637	trials	1.0	left	left	1.0	False						
9430.057433333333	86.65526666666665	trials	1.0	right	right	1.0	False						
9442.693599999999	0.037599999999656575	Ripples						0.037599999999656575	9442.714399999999	16.217059656888043	156.40032635664298	1550.2905655738127	
9443.373599999999	0.031200000001263106	Ripples						0.031200000001263106	9443.387999999999	8.744784841814182	161.70914814295497	1041.8785896434351	
9447.9696	0.05040000000008149	Ripples						0.05040000000008149	9448.0032	7.46054208770266	162.11931189638614	989.5027133940387	
9448.6424	0.031199999997625127	Ripples						0.031199999997625127	9448.66	6.6820592342643215	159.29317105332035	1019.813626138124	
9449.212	0.035200000000259024	Ripples						0.035200000000259024	9449.2352	12.81658367660402	165.5398946830271	1306.5736735143864	
9451.0952	0.02079999999841675	Ripples						0.02079999999841675	9451.1032	9.428965355337365	169.3599957337834	974.6652067645572	
9454.1656	0.0367999999980384	Ripples						0.0367999999980384	9454.1744	6.934195880083591	172.9937432590666	836.1831983513707	
9459.137599999998	0.028000000002066372	Ripples						0.028000000002066372	9459.1528	11.078284552314667	159.2700898910103	1200.3324671358214	
9467.4368	0.026399999998830026	Ripples						0.026399999998830026	9467.4504	10.764933002615233	169.85006625359256	1163.2101949152966	
9527.7488	138.46836666666604	trials	0.0	right	left	1.0	False						
9546.2408	0.0319999999992433	Ripples						0.0319999999992433	9546.2624	7.461840306543052	150.9608275620703	873.037523800687	
9546.961599999999	0.0591999999996915	Ripples						0.0591999999996915	9546.975999999999	11.99002947582929	168.83109944262404	1286.7602939363574	
9549.934399999998	0.030400000001463923	Ripples						0.030400000001463923	9549.9504	20.19598470741865	162.30826527044997	1595.2080362500833	
9552.333599999998	0.024000000001251465	Ripples						0.024000000001251465	9552.344799999999	11.505123554000516	161.09682605659893	1157.9043434007833	
9553.4216	0.02080000000023574	Ripples						0.02080000000023574	9553.4352	7.317667060622359	163.32856683715036	973.1322637423561	
9553.467999999999	0.031199999999444117	Ripples						0.031199999999444117	9553.4864	15.943926775906624	165.5657917425136	1400.1400405021282	
9554.2256	0.05999999999949068	Ripples						0.05999999999949068	9554.252799999998	5.250084371036433	168.27635538845084	826.1924173058721	
9554.3512	0.022399999999834108	Ripples						0.022399999999834108	9554.362399999998	11.148186933157728	160.79133795248586	1200.8223699228552	
9560.875199999999	0.03360000000066066	Ripples						0.03360000000066066	9560.895199999999	7.340158297573325	158.9541024835569	1078.0566255597782	
9563.7392	0.02959999999802676	Ripples						0.02959999999802676	9563.752799999998	12.293977733789644	166.12929735558282	1250.5830214008927	
9563.8096	0.03839999999763677	Ripples						0.03839999999763677	9563.8208	6.721243719501742	165.28127797437395	929.2056185585694	
9564.026399999999	0.020000000000436557	Ripples						0.020000000000436557	9564.033599999999	6.541743710333256	164.1801528714946	862.5473855508546	
9565.4552	0.05279999999947904	Ripples						0.05279999999947904	9565.4792	24.55214431538075	169.57399739626726	1893.914572988118	
9565.547999999999	0.058400000001711305	Ripples						0.058400000001711305	9565.571199999998	17.304777044827976	162.00758890820225	1502.8478418856726	
9571.716799999998	0.02480000000105065	Ripples						0.02480000000105065	9571.728799999999	9.40993894593336	161.55008370106626	1053.5077399507754	
9571.775999999998	0.037600000001475564	Ripples						0.037600000001475564	9571.8064	7.729591841701377	168.4708299457866	956.9894591641335	
9572.331999999999	0.05040000000008149	Ripples						0.05040000000008149	9572.344799999999	19.68041427233817	161.83806092304877	1587.0760858298934	
9572.4248	0.0639999999984866	Ripples						0.0639999999984866	9572.444	10.937427491804803	169.82717852387296	1228.7660471041333	
9572.784	0.05040000000008149	Ripples						0.05040000000008149	9572.7992	35.80816533482307	163.22668577548993	2108.8587856890404	
9575.3784	0.025599999999030842	Ripples						0.025599999999030842	9575.389599999999	7.289413222338265	161.44667555337458	929.7403115967619	
9588.996	0.0272000000004482	Ripples						0.0272000000004482	9589.016	6.07263197600665	157.7229873825867	804.5659687738514	
9679.587233333334	57.21446666666634	trials	0.0	right	left	1.0	False						
9742.203066666667	51.34633333333295	trials	0.0	right	left	1.0	False						
9833.526166666667	48.17886666666709	trials	1.0	left	left	1.0	False						
9861.556	0.07200000000011642	Ripples						0.07200000000011642	9861.576	11.232820601134755	165.21404552308366	1299.9757702960733	
9861.764799999999	0.030400000001463923	Ripples						0.030400000001463923	9861.7824	6.734372613819024	155.2512795068479	886.8005136731608	
9889.640366666667	35.10889999999927	trials	1.0	right	right	1.0	False						
9920.448	0.026399999998830026	Ripples						0.026399999998830026	9920.461599999999	13.176000135375947	165.17519696635713	1258.571358888937	
9939.052866666667	23.939399999999296	trials	1.0	left	left	1.0	False						
9965.459566666666	63.98286666666718	trials	1.0	right	right	1.0	False						
10008.999199999998	0.03440000000045984	Ripples						0.03440000000045984	10009.016	10.024859762340588	158.7745326480332	1149.4282080104585	
10042.612433333334	47.27859999999964	trials	1.0	left	left	1.0	False						
10071.628799999999	0.0591999999996915	Ripples						0.0591999999996915	10071.6672	19.62115378630335	161.3780199654234	1707.6325414121698	
10072.3056	0.030399999999644933	Ripples						0.030399999999644933	10072.3184	11.234266659440115	158.97496082763269	1222.699351815411	
10072.519199999999	0.02960000000166474	Ripples						0.02960000000166474	10072.5344	7.678783118746977	153.83005747137383	932.5300116476498	
10148.9744	0.024000000001251465	Ripples						0.024000000001251465	10148.984799999998	14.602090015855632	165.8772594103287	1228.573692921507	
10158.2568	0.03600000000005821	Ripples						0.03600000000005821	10158.2712	88.96978957894449	165.39074479961496	2952.393676870574	
10184.128799999999	0.04160000000047148	Ripples						0.04160000000047148	10184.16	12.976085524957712	164.12343806774518	1271.5107160630118	
10185.6624	0.05760000000009313	Ripples						0.05760000000009313	10185.6928	11.146365551162214	167.25896829219798	1253.3110358834303	
10186.281599999998	0.031200000001263106	Ripples						0.031200000001263106	10186.290399999998	5.090338167283293	156.37405577221293	789.274095051669	
10200.743199999999	0.0727999999999156	Ripples						0.0727999999999156	10200.7848	18.593603051694657	173.88434016623572	1598.993165232938	
10203.527999999998	0.1224000000001979	Ripples						0.1224000000001979	10203.542399999998	14.598630102069457	163.06440800553185	1415.8161878855308	
10205.898399999998	0.02960000000166474	Ripples						0.02960000000166474	10205.912	15.181731817211883	163.67659706826453	1406.9093271761305	
10209.072799999998	0.14400000000023283	Ripples						0.14400000000023283	10209.144799999998	10.56531340604039	165.59942353302034	1330.467173046436	
10210.1616	0.05199999999967986	Ripples						0.05199999999967986	10210.1992	9.555508730489214	155.4674200550897	995.8430996918382	
10210.9608	0.04159999999865249	Ripples						0.04159999999865249	10210.975999999999	11.564522454384683	158.11910000058856	1257.0538641637092	
10211.444	0.03440000000045984	Ripples						0.03440000000045984	10211.4576	14.078225597277147	160.06248873212076	1380.6082723167906	
10211.555199999999	0.028800000000046566	Ripples						0.028800000000046566	10211.5688	12.172574338691293	170.9477062237791	1259.7774957907295	
10223.9624	0.0319999999992433	Ripples						0.0319999999992433	10223.9872	5.215882129678519	165.40481742760326	731.8999977873914	
10230.288799999998	0.021600000000034925	Ripples						0.021600000000034925	10230.2992	7.385805209987123	157.36471371612583	950.1685322397165	
10234.7896	0.056000000000494765	Ripples						0.056000000000494765	10234.8056	24.71933320254558	167.28959852767795	1795.133228702325	
10235.811999999998	0.0680000000011205	Ripples						0.0680000000011205	10235.8344	8.932771625510723	166.78788422605984	1152.316857809215	
10237.934399999998	0.024000000001251465	Ripples						0.024000000001251465	10237.9448	9.176842741843775	164.0751201868929	1111.3707308210433	
10240.252799999998	0.02080000000205473	Ripples						0.02080000000205473	10240.2632	6.307904280724743	160.81708308111186	899.6587978957208	
10240.568	0.047200000000884756	Ripples						0.047200000000884756	10240.5816	7.284723138228034	165.38635216384878	1006.2649329618362	
10242.0104	0.024000000001251465	Ripples						0.024000000001251465	10242.024	11.603916262811348	167.85534456110548	1192.3279938648582	
10251.3296	0.04640000000108557	Ripples						0.04640000000108557	10251.347999999998	20.920848921104447	151.52830076300523	1507.355056242015	
10254.127199999999	0.020000000000436557	Ripples						0.020000000000436557	10254.1352	5.896509361376635	168.509787262029	834.014658229524	
10255.339199999999	0.06720000000132131	Ripples						0.06720000000132131	10255.3528	8.642678365670072	156.9382033808158	1146.7418862855222	
10255.7304	0.02959999999802676	Ripples						0.02959999999802676	10255.7448	5.3234857193696214	149.4501951434074	765.6292164851192	
10262.0952	0.03919999999925494	Ripples						0.03919999999925494	10262.1176	8.807156750900006	167.00517017828022	1138.877525452515	
10268.6656	0.020000000000436557	Ripples						0.020000000000436557	10268.6784	5.021501020200799	164.3332523903644	832.0087460529809	
10270.955999999998	0.05760000000009313	Ripples						0.05760000000009313	10270.9928	19.689103248570035	165.47411686827186	1744.8430371954257	
10271.911199999999	0.03600000000005821	Ripples						0.03600000000005821	10271.936	15.408194756930063	155.98510666156062	1359.2091015476165	
10284.1696	0.02959999999984575	Ripples						0.02959999999984575	10284.1888	13.657738225574422	167.44794407943618	1361.3335446249816	
10287.555199999999	0.024000000001251465	Ripples						0.024000000001251465	10287.562399999999	5.511118630477379	163.65928424678233	775.1341971904351	
10294.108799999998	0.030400000001463923	Ripples						0.030400000001463923	10294.1256	17.912111666752168	160.68978057606842	1538.758054261548	
10294.905599999998	0.02080000000205473	Ripples						0.02080000000205473	10294.916799999999	9.269924661755459	165.9510250416559	1009.6097093212816	
10295.6672	0.027999999998428393	Ripples						0.027999999998428393	10295.677599999999	7.977432704748273	155.4703039495701	984.9567709128034	
10297.928	0.06159999999908905	Ripples						0.06159999999908905	10297.977599999998	15.243833651562193	170.61545413051547	1367.2733799758896	
10305.3416	0.02479999999923166	Ripples						0.02479999999923166	10305.3568	9.420859986289727	160.11834383433668	990.7433802928284	
10306.3184	0.10640000000057626	Ripples						0.10640000000057626	10306.4032	17.321655426617415	152.60017948693346	1345.4788714132242	
10306.527999999998	0.023199999999633292	Ripples						0.023199999999633292	10306.5384	6.711719375437873	167.99361383310512	907.5747670133585	
10308.051199999998	0.12800000000061118	Ripples						0.12800000000061118	10308.1464	14.160884667956555	168.2852783260954	1374.3940708522182	
10309.2184	0.05199999999967986	Ripples						0.05199999999967986	10309.250399999999	16.151029632265686	165.50812422410635	1570.196713168516	
10309.5216	0.025599999999030842	Ripples						0.025599999999030842	10309.5344	9.321465007330028	173.83467251663455	989.6209089630984	
10312.344799999999	0.026400000000649015	Ripples						0.026400000000649015	10312.3576	6.904705782174162	164.07207917411955	944.8336359701426	
10316.0096	0.03679999999985739	Ripples						0.03679999999985739	10316.033599999999	10.844019947012608	175.17456888903146	1210.0794871085254	
10317.6744	0.07040000000051805	Ripples						0.07040000000051805	10317.7264	19.14581618866501	170.88429981975432	1582.0452985625836	
10319.46	0.0911999999989348	Ripples						0.0911999999989348	10319.4792	20.092702407698358	170.58452744161445	1589.6043236999046	
10319.8728	0.0272000000004482	Ripples						0.0272000000004482	10319.889599999999	13.095181709710003	166.06597006603897	1264.0109660333083	
10320.380799999999	0.042400000000270666	Ripples						0.042400000000270666	10320.412	11.902964000266508	156.01276018376672	1235.665880123823	
10320.4712	0.0455999999994674	Ripples						0.0455999999994674	10320.484	16.21726870223912	166.79555411159393	1488.4936770926731	
10320.8024	0.03439999999864085	Ripples						0.03439999999864085	10320.826399999998	11.016052688609586	163.8563901610318	1158.9039983349005	
10328.4696	0.03439999999864085	Ripples						0.03439999999864085	10328.4808	7.483260596190199	169.33659625866196	975.6172339198928	
10329.503999999999	0.031199999999444117	Ripples						0.031199999999444117	10329.5152	11.93421752845399	160.58502247553477	1269.1245160076464	
10329.5864	0.03919999999925494	Ripples						0.03919999999925494	10329.608799999998	15.378094259731665	164.56848129291515	1562.4470546890582	
10337.119999999999	0.031200000001263106	Ripples						0.031200000001263106	10337.1384	11.941984020520026	170.13538487412288	1183.7473594913615	
10337.1816	0.03280000000086147	Ripples						0.03280000000086147	10337.2064	5.398845179772701	153.38007040966315	822.5048373032198	
10341.328	0.032799999999042484	Ripples						0.032799999999042484	10341.3384	11.707850149394103	175.6440043416929	995.6393476494892	
10341.536	0.06639999999970314	Ripples						0.06639999999970314	10341.5744	13.08227009651597	169.09814068836963	1380.4059151110234	
10344.539999999999	0.04160000000047148	Ripples						0.04160000000047148	10344.5608	18.36663339254357	178.4604364736526	1313.6488644778985	
10345.4712	0.05199999999967986	Ripples						0.05199999999967986	10345.499199999998	12.619908158356544	164.9534446430913	1324.9914636635465	
10347.536	0.02479999999923166	Ripples						0.02479999999923166	10347.5504	6.5551165896617425	160.96026137665686	681.4931186339428	
10347.621599999999	0.031200000001263106	Ripples						0.031200000001263106	10347.64	12.237096228998674	172.4768602183807	1182.4844734738733	
10348.5216	0.035199999998440035	Ripples						0.035199999998440035	10348.536	13.878220731128184	154.89111320182434	1389.3888350242803	
10351.3872	0.02080000000023574	Ripples						0.02080000000023574	10351.3976	8.966890327170557	164.72381900039784	1048.7704157898488	
10351.5224	0.022399999999834108	Ripples						0.022399999999834108	10351.532	6.956516352894141	170.83378321147845	871.681901198052	
10359.604	0.03600000000005821	Ripples						0.03600000000005821	10359.6224	14.892056080913648	164.28976737240302	1368.5921156959387	
10359.7392	0.023999999999432475	Ripples						0.023999999999432475	10359.7472	11.808794743795522	175.31431838369653	1010.66914910559	
10362.9952	0.053600000001097214	Ripples						0.053600000001097214	10363.026399999999	18.843499357865262	175.13377600048258	1554.4678142882083	
10367.0432	0.044799999999668216	Ripples						0.044799999999668216	10367.0592	8.687369429542063	169.42631326154913	928.4303486376272	
10372.294399999999	0.028800000000046566	Ripples						0.028800000000046566	10372.3112	12.407767014369353	172.35888011668166	1171.5667887716818	
10375.3816	0.04559999999764841	Ripples						0.04559999999764841	10375.4104	11.740368850653018	176.0318510268388	1016.4977422208692	
10375.5344	0.028800000000046566	Ripples						0.028800000000046566	10375.549599999998	11.04932367385226	168.01086791399499	1204.1952744248117	
10376.6464	0.13359999999920547	Ripples						0.13359999999920547	10376.6784	18.907400045844508	167.07738149380236	1626.4991914162167	
10380.1424	0.04799999999886495	Ripples						0.04799999999886495	10380.1744	15.462624580570182	170.44798868313723	1412.3861298873708	
10380.792	0.04800000000068394	Ripples						0.04800000000068394	10380.819199999998	16.51733522922992	169.11425844382654	1587.4053337686457	
10385.619999999999	0.030399999999644933	Ripples						0.030399999999644933	10385.643199999999	6.681743471431974	160.96711007940178	833.3519090972374	
10385.9512	0.03440000000045984	Ripples						0.03440000000045984	10385.968	21.990193210001117	161.8821834926499	1679.8351709065512	
10386.0168	0.025599999999030842	Ripples						0.025599999999030842	10386.0312	8.581289797765969	156.90865369937492	1110.4592579837176	
10387.0448	0.0319999999992433	Ripples						0.0319999999992433	10387.0528	5.55283532841666	162.78019513835986	891.8778494650412	
10389.8712	0.03920000000107393	Ripples						0.03920000000107393	10389.887999999999	7.450499618502245	162.13152523335583	1075.5188828205812	
10396.337599999999	0.022400000001653098	Ripples						0.022400000001653098	10396.346399999999	6.517060730813022	162.25251762847128	932.6517150196221	
10397.3152	0.04640000000108557	Ripples						0.04640000000108557	10397.347999999998	11.328524114197698	159.57193888895762	1348.7022201459256	
10397.3856	0.04399999999986903	Ripples						0.04399999999986903	10397.418399999999	16.975287548535043	155.2328364744127	1307.631956957215	
10398.405599999998	0.02960000000166474	Ripples						0.02960000000166474	10398.416	8.885709115933796	166.1340058963476	1050.0268297984462	
10398.526399999999	0.026400000000649015	Ripples						0.026400000000649015	10398.535199999998	5.18527928483422	153.06701135243685	759.8487974019444	
10398.612799999999	0.024000000001251465	Ripples						0.024000000001251465	10398.6296	5.71672457171711	156.52575901102563	764.6673402422452	
10399.503999999999	0.028800000000046566	Ripples						0.028800000000046566	10399.516	5.098026476650173	158.00211521832992	818.1353031096044	
10402.047199999999	0.03920000000107393	Ripples						0.03920000000107393	10402.058399999998	13.50192356075781	158.8632502527535	1322.7492447786049	
10406.0224	0.039999999999054126	Ripples						0.039999999999054126	10406.0464	11.92389265788804	168.12435274001948	1348.3246864335738	
10407.192	0.04320000000006985	Ripples						0.04320000000006985	10407.223999999998	5.555215166427579	151.27718588427146	729.1226687530685	
10407.571199999998	0.06400000000212458	Ripples						0.06400000000212458	10407.6096	14.594207846421325	154.6459258356996	1155.5923039454606	
10407.7552	0.0272000000004482	Ripples						0.0272000000004482	10407.7632	6.649058686244064	175.84810181775555	835.6257163414672	
10408.4144	0.031199999999444117	Ripples						0.031199999999444117	10408.4384	6.328823961286484	173.38185989957373	892.2009839717525	
10408.4808	0.021600000000034925	Ripples						0.021600000000034925	10408.491999999998	5.20021615278688	158.50480631826227	848.9613732595377	
10411.9872	0.021600000000034925	Ripples						0.021600000000034925	10411.9984	9.071594932115424	163.94161448778564	999.4756537935535	
10412.091199999999	0.028000000000247383	Ripples						0.028000000000247383	10412.0992	7.904706514007657	176.1200363261977	850.4604554936701	
10412.408	0.04160000000047148	Ripples						0.04160000000047148	10412.4224	15.305553118625323	154.96357705456631	1416.246051248415	
10412.470399999998	0.0272000000004482	Ripples						0.0272000000004482	10412.4864	17.6644854908279	163.35449539391672	1501.78837690612	
10413.1624	0.032799999999042484	Ripples						0.032799999999042484	10413.1816	15.043992611189703	168.17588097602845	1427.1559059337876	
10413.290399999998	0.02320000000145228	Ripples						0.02320000000145228	10413.300799999999	10.558907796823677	167.41381778026064	1050.1849734002444	
10416.389599999999	0.0408000000006723	Ripples						0.0408000000006723	10416.4104	10.2624593073555	156.45706858257955	1316.053172854839	
10416.840799999998	0.02480000000105065	Ripples						0.02480000000105065	10416.855199999998	16.23672613136358	165.43502670706067	1387.578757690748	
10416.9608	0.04799999999886495	Ripples						0.04799999999886495	10416.9816	30.30859801214953	164.94405683849754	1974.4509945383204	
10418.304799999998	0.02480000000105065	Ripples						0.02480000000105065	10418.3168	6.0662766513727036	159.67543078705089	948.3789231023641	
10418.3704	0.07439999999951397	Ripples						0.07439999999951397	10418.395199999999	13.95625629852609	156.63838876785763	1290.8553622688316	
10418.7048	0.028800000000046566	Ripples						0.028800000000046566	10418.722399999999	5.804332299376404	153.2060308268475	805.569194227988	
10419.2176	0.04160000000047148	Ripples						0.04160000000047148	10419.2352	27.79117223403652	160.58324507740312	1925.0954110926875	
10420.286399999999	0.028800000000046566	Ripples						0.028800000000046566	10420.3	11.296622761246622	171.4569514472933	1219.5352047750225	
10420.364	0.04960000000028231	Ripples						0.04960000000028231	10420.3832	19.418108917060103	173.01494976354945	1646.844754893633	
10424.072	0.03919999999925494	Ripples						0.03919999999925494	10424.0992	12.494261159913009	171.56909224698288	1330.9689169383014	
10424.3072	0.08959999999933643	Ripples						0.08959999999933643	10424.3776	17.051856565622927	171.60535630667752	1522.7234335423432	
10426.7176	0.04079999999885331	Ripples						0.04079999999885331	10426.731199999998	11.788865689524002	175.24266532064502	1173.440402978345	
10428.0016	0.028000000000247383	Ripples						0.028000000000247383	10428.016	8.094801548383845	161.8770795635049	1044.8772178266468	
10437.2632	0.020000000000436557	Ripples						0.020000000000436557	10437.2736	5.167491355811992	170.4875978252326	831.8290881499436	
10438.6656	0.037599999999656575	Ripples						0.037599999999656575	10438.693599999999	7.370149874088429	168.5203706762877	906.6956177966719	
10438.7408	0.05519999999887659	Ripples						0.05519999999887659	10438.765599999999	23.064745919015444	164.09983700643784	1786.5771718523472	
10439.4376	0.05279999999947904	Ripples						0.05279999999947904	10439.454399999999	9.540495486181847	159.66057404230148	1176.3002425340667	
10440.7472	0.039999999999054126	Ripples						0.039999999999054126	10440.779999999999	12.254427549293643	168.77781566648275	1181.1866420228162	
10446.0056	0.035199999998440035	Ripples						0.035199999998440035	10446.0216	17.37084445750992	172.7104273311567	1438.1961791758144	
10447.101599999998	0.024000000001251465	Ripples						0.024000000001251465	10447.112	11.447775745981643	160.77158331941266	1183.7115152520134	
10447.912	0.021600000000034925	Ripples						0.021600000000034925	10447.9232	10.225613968822657	167.40298367431373	1075.4370144007223	
10453.572799999998	0.020000000000436557	Ripples						0.020000000000436557	10453.5808	5.244738843904778	179.18678642336374	666.8619317922424	
10463.519199999999	0.05760000000009313	Ripples						0.05760000000009313	10463.5344	7.315632794576027	173.003646158197	878.1156636350879	
10464.984799999998	0.022400000001653098	Ripples						0.022400000001653098	10464.9952	8.652866802530763	166.96083323850058	1030.4616251697423	
10465.056799999998	0.07280000000173459	Ripples						0.07280000000173459	10465.1168	7.275754749358158	164.1475964519917	1042.3192242097987	
10472.2352	0.04560000000128639	Ripples						0.04560000000128639	10472.252	9.17901497526229	165.60343060067459	1102.7864672228473	
10475.32	0.023999999999432475	Ripples						0.023999999999432475	10475.330399999999	9.005280364852688	161.3073677858883	1057.162976826917	
10476.24	0.08719999999993888	Ripples						0.08719999999993888	10476.2912	8.95195591563745	159.7247191686595	1058.145113817792	
10476.526399999999	0.10399999999935972	Ripples						0.10399999999935972	10476.6112	17.80207143339516	166.10907266726662	1585.3487120602867	
10480.3288	0.03440000000045984	Ripples						0.03440000000045984	10480.355199999998	7.331046753999631	169.1853576981975	975.6945897868161	
10480.7352	0.047200000000884756	Ripples						0.047200000000884756	10480.756	14.88041943437374	154.7053436917627	1481.372251627601	
10485.2624	0.020000000000436557	Ripples						0.020000000000436557	10485.272799999999	5.499556549142935	172.28067606755627	821.6691766577718	
10485.732	0.05999999999949068	Ripples						0.05999999999949068	10485.7424	10.446442225002896	166.38787626830327	1102.4153444397175	
10489.6456	0.02079999999841675	Ripples						0.02079999999841675	10489.655999999999	5.344244464807312	171.93146708102753	820.2311232807575	
10503.3096	0.035199999998440035	Ripples						0.035199999998440035	10503.3352	14.912084083534213	163.30911717638244	1326.6567111951626	
10503.434399999998	0.04640000000108557	Ripples						0.04640000000108557	10503.454399999999	15.244006241720331	155.4486868670553	1437.710049230618	
10508.932	0.03600000000005821	Ripples						0.03600000000005821	10508.9512	21.55763969283646	167.8250524572032	1788.9490568669503	
10509.896	0.06719999999768334	Ripples						0.06719999999768334	10509.9424	12.521840139917943	156.713104708674	1161.3318603400126	
10512.455999999998	0.035200000002078013	Ripples						0.035200000002078013	10512.4744	16.583800754471657	160.27448769820012	1564.557897248354	
10517.6008	0.03440000000045984	Ripples						0.03440000000045984	10517.628	9.740947591503849	167.98975258781408	1001.6867935404346	
10526.284	0.026399999998830026	Ripples						0.026399999998830026	10526.2968	7.193847052809687	173.20007894265873	926.7404420798209	
10530.8416	0.05040000000008149	Ripples						0.05040000000008149	10530.872	16.061195036571817	163.65574723875946	1476.0599299565288	
10531.68	0.03440000000045984	Ripples						0.03440000000045984	10531.704	8.742089754929193	165.8090134745424	1143.3365745828735	
10533.0288	0.0319999999992433	Ripples						0.0319999999992433	10533.0416	9.32594324079632	166.03672183671958	1152.6462432649653	
10538.0216	0.11999999999898137	Ripples						0.11999999999898137	10538.039999999999	28.763566657205033	167.40674468803977	1752.583406930104	
10545.7112	0.042400000000270666	Ripples						0.042400000000270666	10545.7352	7.240344978338685	179.981707513922	865.3149270129422	
10548.1464	0.0408000000006723	Ripples						0.0408000000006723	10548.1768	6.84751787885758	161.21427773947624	917.5132677724473	
10560.2704	0.03679999999985739	Ripples						0.03679999999985739	10560.2968	8.926854635771642	166.45264171097358	1103.148729448496	
10563.032799999999	0.021600000000034925	Ripples						0.021600000000034925	10563.0432	10.171515085112217	161.3738872816302	1057.820524129588	
10563.3632	0.025600000000849832	Ripples						0.025600000000849832	10563.3712	7.596580136022752	153.93544144809474	844.6125503178997	
10565.2552	0.03440000000045984	Ripples						0.03440000000045984	10565.2776	9.644967641164435	171.8081153293598	1136.9974191806552	
10566.731199999998	0.06400000000212458	Ripples						0.06400000000212458	10566.74	6.297519969472497	168.74687304908917	908.3540415574244	
10566.819199999998	0.04080000000249129	Ripples						0.04080000000249129	10566.8416	10.675714432891759	167.59626019853454	1194.8811664887544	
10569.024	0.03200000000106229	Ripples						0.03200000000106229	10569.0416	7.6875547209438855	153.77175888556377	988.2737348413734	
10571.3296	0.12960000000020955	Ripples						0.12960000000020955	10571.444	20.557247329850707	173.28839522943892	1609.463139894321	
10588.520799999998	0.0632000000005064	Ripples						0.0632000000005064	10588.542399999998	23.270543871848606	170.2220829269513	1958.5318175413886	
10593.003999999999	0.08159999999952561	Ripples						0.08159999999952561	10593.0216	16.746019061520833	164.42290677099132	1556.9354958086246	
10594.2184	0.028800000000046566	Ripples						0.028800000000046566	10594.229599999999	10.678980774651905	174.43967766614253	1062.295839622129	
10594.315999999999	0.048800000000483124	Ripples						0.048800000000483124	10594.3328	21.148118441211256	171.9627763904617	1654.473357026271	
10595.4568	0.09759999999914726	Ripples						0.09759999999914726	10595.5232	20.554257873835912	169.88829411683767	1614.4582345569597	
10595.7536	0.03600000000005821	Ripples						0.03600000000005821	10595.771999999999	9.791889848639373	160.42090876377853	1031.45452281675	
10598.5304	0.08959999999933643	Ripples						0.08959999999933643	10598.5448	11.868679729012793	166.17198233030132	1380.6017008397293	
10602.5288	0.0632000000005064	Ripples						0.0632000000005064	10602.56	10.477634199515897	159.6795712516808	1182.0057453625266	
10604.2336	0.03440000000045984	Ripples						0.03440000000045984	10604.248	7.039455047745267	157.30304172510114	1051.6205375983707	
10607.815999999999	0.042400000000270666	Ripples						0.042400000000270666	10607.8384	10.880115510618522	168.01647895974213	1269.1537454332145	
10609.4912	0.058399999998073326	Ripples						0.058399999998073326	10609.513599999998	17.59612537482718	170.98564133966659	1533.8738257800298	
10609.634399999999	0.058400000001711305	Ripples						0.058400000001711305	10609.6552	25.823528743746987	169.11701356975044	1893.6968774797958	
10616.9592	0.08560000000034051	Ripples						0.08560000000034051	10617.0	12.777897039658816	162.3904144900041	1453.0281849106607	
10618.1336	0.02480000000105065	Ripples						0.02480000000105065	10618.1472	12.920856806955449	160.16289569977388	1209.894954275162	
10620.970399999998	0.022400000001653098	Ripples						0.022400000001653098	10620.9808	5.025983523477154	169.18813506375758	859.9568869768951	
10626.712	0.044799999999668216	Ripples						0.044799999999668216	10626.732	22.330285998777768	167.8675812368691	1890.5903871254743	
10627.301599999999	0.08400000000074215	Ripples						0.08400000000074215	10627.339199999999	17.881772711468052	164.27529619936834	1587.0930365676677	
10628.019199999999	0.0272000000004482	Ripples						0.0272000000004482	10628.0272	6.145676353192162	167.23735325763585	837.5929259727833	
10628.087199999998	0.05760000000009313	Ripples						0.05760000000009313	10628.1208	21.659857394713928	172.36028509674304	1825.2413460223675	
10630.6512	0.0319999999992433	Ripples						0.0319999999992433	10630.6624	12.932918247513786	174.5830330928261	1190.2013789225207	
10637.648799999999	0.025600000000849832	Ripples						0.025600000000849832	10637.659199999998	10.19779547815273	161.48889047442592	1104.408383102341	
10640.0952	0.0272000000004482	Ripples						0.0272000000004482	10640.108	6.486391634967818	165.0895837463613	903.7014708031775	
10644.687999999998	0.033600000002479646	Ripples						0.033600000002479646	10644.7112	17.468121039321094	166.94529578098775	1489.8254519961179	
10648.5632	0.021600000000034925	Ripples						0.021600000000034925	10648.5744	7.450782135291325	162.39109409852816	958.449384901601	
10650.7704	0.028800000000046566	Ripples						0.028800000000046566	10650.788799999998	8.082099008831124	152.35433955336453	921.5948902033058	
10652.9216	0.02719999999862921	Ripples						0.02719999999862921	10652.932799999999	11.315940479314998	167.25174678779655	1208.6533262948897	
10661.7752	0.042399999998451676	Ripples						0.042399999998451676	10661.810399999998	5.293384743097753	166.49820909351953	843.3898462551296	
10662.9224	0.028800000000046566	Ripples						0.028800000000046566	10662.941599999998	7.434027622682418	173.84911532298423	924.6028657878435	
10665.0344	0.02719999999862921	Ripples						0.02719999999862921	10665.052	5.338301531965652	159.43597544303861	806.4594640158957	
10665.1048	0.05999999999949068	Ripples						0.05999999999949068	10665.148799999999	24.694363576428046	164.6753432541293	1839.674774651211	
10666.0888	0.028800000000046566	Ripples						0.028800000000046566	10666.104	6.596024129054696	156.44703451932355	921.0291298804418	
10667.4216	0.03360000000066066	Ripples						0.03360000000066066	10667.4352	14.398516953626203	165.72429033316706	1434.6031048419995	
10667.916	0.039999999999054126	Ripples						0.039999999999054126	10667.9376	7.505603237880818	147.02746679001166	927.3492129865645	
10667.9888	0.044799999999668216	Ripples						0.044799999999668216	10668.0224	9.462643395545589	165.60165301487623	1122.4333186146223	
10669.837599999999	0.15680000000065775	Ripples						0.15680000000065775	10669.963199999998	18.68242585314101	162.4425345166707	1613.606575345498	
10670.6472	0.028000000000247383	Ripples						0.028000000000247383	10670.6656	12.44022161034005	166.30615060632942	1151.6623431609935	
10670.7056	0.051199999999880674	Ripples						0.051199999999880674	10670.7248	5.790586802987671	152.11932891822866	866.5981765980961	
10676.6352	0.023999999997613486	Ripples						0.023999999997613486	10676.648799999999	7.891577406464232	168.78363533433156	1000.9088742179185	
10682.839199999999	0.042400000002089655	Ripples						0.042400000002089655	10682.8584	8.678178163978902	164.50457796566366	1111.6293867713005	
10683.3168	0.025599999999030842	Ripples						0.025599999999030842	10683.328	6.020792820423295	149.273098253522	743.1484510158627	
10683.3672	0.05760000000009313	Ripples						0.05760000000009313	10683.4072	17.804895379500064	154.64458105860624	1593.9466077583704	
10684.876799999998	0.0816000000013446	Ripples						0.0816000000013446	10684.8928	34.27171825916325	168.47056351208354	2055.8197800886937	
10686.056799999998	0.0272000000004482	Ripples						0.0272000000004482	10686.068	7.721522902794681	168.19368349568177	1025.4204298665459	
10687.347999999998	0.10000000000218279	Ripples						0.10000000000218279	10687.4	16.200117411576336	171.90982574701354	1452.5102397792627	
10688.928	0.04160000000047148	Ripples						0.04160000000047148	10688.952	18.88724978689968	166.9570325746963	1612.4204121777263	
10690.9712	0.03919999999925494	Ripples						0.03919999999925494	10690.9912	8.462986045415116	165.33833740094647	1190.747351136592	
10691.101599999998	0.03680000000167638	Ripples						0.03680000000167638	10691.121599999999	18.373281798659328	169.70566863471808	1567.313068863012	
10694.2904	0.046399999999266583	Ripples						0.046399999999266583	10694.301599999999	11.416695509978583	169.8021663567425	1069.8913032402932	
10694.4208	0.048800000000483124	Ripples						0.048800000000483124	10694.4552	17.593365163611956	154.98106663055876	1517.987354437326	
10695.5008	0.03439999999864085	Ripples						0.03439999999864085	10695.5224	6.799311685245766	186.31433155993741	759.5710888964173	
10695.7832	0.021599999998215935	Ripples						0.021599999998215935	10695.794399999999	11.557898532914784	166.65937424411675	1196.385722448929	
10696.284	0.03280000000086147	Ripples						0.03280000000086147	10696.3	8.866134451178098	169.9406105422146	1203.3691748464232	
10698.195199999998	0.04160000000047148	Ripples						0.04160000000047148	10698.2216	10.413501673503157	167.46215567292305	1178.3863599846984	
10701.032	0.030399999999644933	Ripples						0.030399999999644933	10701.0432	20.565254953054485	165.23931169981412	1576.7998494700919	
10701.0904	0.032799999999042484	Ripples						0.032799999999042484	10701.107199999999	8.086663706307084	169.29673922121017	1219.218191584207	
10701.8208	0.048799999998664134	Ripples						0.048799999998664134	10701.8528	12.257178895942772	167.45787791208008	1328.715985269494	
10704.416799999999	0.05280000000129803	Ripples						0.05280000000129803	10704.452	18.417402974109443	155.92565044289665	1561.1192311691761	
10704.5592	0.08320000000094296	Ripples						0.08320000000094296	10704.5992	18.42552434676785	172.22661653468188	1481.2389818484776	
10704.738399999998	0.03680000000167638	Ripples						0.03680000000167638	10704.7592	7.5891078283125974	170.0719060373203	929.3353119218742	
10715.3208	0.03920000000107393	Ripples						0.03920000000107393	10715.34	21.06949043712928	161.079586980967	1750.2843332111074	
10721.101599999998	0.03200000000106229	Ripples						0.03200000000106229	10721.1104	5.073896235401675	167.6251547351526	666.1870140016729	
10722.026399999999	0.02080000000023574	Ripples						0.02080000000023574	10722.0368	8.12752530180918	170.87994294317085	885.5409576090666	
10722.072799999998	0.09760000000096625	Ripples						0.09760000000096625	10722.1048	16.28801174297433	168.78813562556246	1485.2111591251196	
10726.2856	0.07359999999971478	Ripples						0.07359999999971478	10726.3136	10.847723196677826	167.81566261461873	1301.9126670420965	
10733.382399999999	0.02480000000105065	Ripples						0.02480000000105065	10733.3904	9.016776125811694	167.34223456640393	983.4719835054902	
10735.0384	0.042400000000270666	Ripples						0.042400000000270666	10735.055199999999	17.835031949948352	163.99233712127798	1609.5184453555044	
10736.2488	0.035200000000259024	Ripples						0.035200000000259024	10736.265599999999	15.841820599659826	169.55677721139972	1452.5004479523238	
10738.9648	0.07920000000012806	Ripples						0.07920000000012806	10739.018399999999	17.302871554882046	173.20893573160402	1538.2164447422351	
10739.184	0.0272000000004482	Ripples						0.0272000000004482	10739.1984	17.913565792554124	168.66491226127437	1493.1975124152862	
10740.1176	0.04159999999865249	Ripples						0.04159999999865249	10740.134399999999	9.905873565704729	175.620247069132	1144.4065296148262	
10741.9672	0.08239999999932479	Ripples						0.08239999999932479	10741.996	23.01513982975247	161.53649521164962	1909.2856025138049	
10743.042399999998	0.037599999999656575	Ripples						0.037599999999656575	10743.063999999998	17.234550792348323	166.41564151427852	1576.3038197463516	
10743.6768	0.03360000000066066	Ripples						0.03360000000066066	10743.6896	12.145665013925838	176.08094671670193	1098.254711601302	
10743.7704	0.07359999999971478	Ripples						0.07359999999971478	10743.8312	15.705474536152241	169.10210810551217	1486.0176341226697	
10743.916799999999	0.06639999999970314	Ripples						0.06639999999970314	10743.936	19.002671733140698	166.60047276166065	1531.3828240794944	
10745.8504	0.030399999999644933	Ripples						0.030399999999644933	10745.8616	16.607567839840225	165.51372841599436	1446.027175279267	
10749.9352	0.05199999999967986	Ripples						0.05199999999967986	10749.954399999999	14.942891391377787	175.24976120021054	1418.139277703536	
10755.551199999998	0.04800000000250293	Ripples						0.04800000000250293	10755.579999999998	14.506103617424822	167.06895436980062	1491.1851752166904	
10755.679199999999	0.04560000000128639	Ripples						0.04560000000128639	10755.707999999999	7.258704967354696	159.23765686233116	1016.0295615976527	
10756.3688	0.03359999999884167	Ripples						0.03359999999884167	10756.3792	10.183354423337324	162.7456206407313	1107.3369711800942	
10756.9872	0.04799999999886495	Ripples						0.04799999999886495	10757.011199999999	16.429761014265402	175.99308881351823	1364.1216163265472	
10757.1192	0.021600000000034925	Ripples						0.021600000000034925	10757.128	9.65173487026122	161.76676730636873	1026.5692871105998	
10761.46	0.046399999999266583	Ripples						0.046399999999266583	10761.4936	11.580717412643036	156.9816103991044	1301.7293665785185	
10761.5344	0.02719999999862921	Ripples						0.02719999999862921	10761.551199999998	15.494936978841219	163.86923048351315	1382.597603564006	
10764.601599999998	0.02960000000166474	Ripples						0.02960000000166474	10764.6152	11.118440960381234	169.98101657081367	1234.1638815994033	
10765.9912	0.05439999999907741	Ripples						0.05439999999907741	10766.032	12.574857523443116	180.07078734358103	1029.2125095673534	
10776.4072	0.07599999999911233	Ripples						0.07599999999911233	10776.4672	16.714708741923452	161.62849395502644	1466.4054928338735	
10778.216	0.025599999999030842	Ripples						0.025599999999030842	10778.2344	5.534336771474414	169.62796282022353	814.3247254451064	
10778.3512	0.02959999999984575	Ripples						0.02959999999984575	10778.3672	6.8863993122615526	163.4926831447356	1034.9334499322165	
10784.3888	0.044799999999668216	Ripples						0.044799999999668216	10784.4232	9.121589849205545	163.44631534042853	1081.8348609103257	
10788.3168	0.021600000000034925	Ripples						0.021600000000034925	10788.328	8.79783367473438	163.2981376250552	1056.5366356483248	
10791.3904	0.02079999999841675	Ripples						0.02079999999841675	10791.4008	7.485579755991551	159.84501750251374	905.7240532040348	
10795.9152	0.0272000000004482	Ripples						0.0272000000004482	10795.9264	12.493784199401091	168.2557842283057	1206.7613752557884	
10798.115999999998	0.04160000000047148	Ripples						0.04160000000047148	10798.134399999999	14.534236757879006	176.8593926097085	1302.1271515214091	
10798.7832	0.053599999999278225	Ripples						0.053599999999278225	10798.817599999998	17.864839581338035	158.3386673060571	1635.0006945747568	
10798.947199999999	0.04560000000128639	Ripples						0.04560000000128639	10798.9824	9.091358891666003	156.58205971495428	1047.1742470857362	
10799.4984	0.02479999999923166	Ripples						0.02479999999923166	10799.5128	6.146123615591115	160.40788501060325	883.8081374819565	
10799.902399999999	0.026400000000649015	Ripples						0.026400000000649015	10799.918399999999	12.384906256453377	166.11515135303318	1269.814948763054	
10802.288799999998	0.03440000000045984	Ripples						0.03440000000045984	10802.310399999998	6.5738933054481015	176.47052225830814	902.59519855967	
10803.130399999998	0.044800000001487206	Ripples						0.044800000001487206	10803.164799999999	19.320828891839792	168.93886724415853	1532.8168438977823	
10811.419999999998	0.04080000000249129	Ripples						0.04080000000249129	10811.4512	9.242873886789434	168.33236687013365	1093.5929912362892	
10812.427199999998	0.15200000000186265	Ripples						0.15200000000186265	10812.533599999999	15.88312591306557	167.6133821765826	1479.2339801900034	
10812.6584	0.039999999999054126	Ripples						0.039999999999054126	10812.6696	9.346710130021183	170.62336061703468	1025.690734168045	
10815.416799999999	0.05040000000008149	Ripples						0.05040000000008149	10815.436	20.39789263136074	165.796657657884	1790.4898094290083	
10815.5592	0.02959999999984575	Ripples						0.02959999999984575	10815.578399999999	17.294066585659447	170.56106181635022	1362.6571339583911	
10823.6496	0.053599999999278225	Ripples						0.053599999999278225	10823.6696	18.404689221176373	169.08838973362438	1671.7754789643714	
10830.432	0.10159999999814318	Ripples						0.10159999999814318	10830.5176	22.48537108335078	166.3467491320504	1789.60265125882	
10833.9696	0.032799999999042484	Ripples						0.032799999999042484	10833.977599999998	6.714508040311318	172.55657077091612	880.3439887703461	
10834.184799999999	0.02479999999923166	Ripples						0.02479999999923166	10834.1944	6.088059387952686	178.1612747796524	759.0319920439506	
10837.079999999998	0.035200000002078013	Ripples						0.035200000002078013	10837.091199999999	7.454215772175984	173.62680066598273	955.5001747806101	
10838.464	0.04320000000006985	Ripples						0.04320000000006985	10838.4872	16.92334873819378	163.5961333461864	1677.9608997651499	
10840.477599999998	0.0496000000021013	Ripples						0.0496000000021013	10840.511199999999	21.96841583827327	167.47776816853587	1719.8820997888447	
10840.728	0.04399999999986903	Ripples						0.04399999999986903	10840.752	23.91224224894292	174.34159561639265	1536.5507107728529	
10840.824	0.042399999998451676	Ripples						0.042399999998451676	10840.84	13.868115081259527	173.22104048982743	1314.550039528854	
10841.0416	0.035199999998440035	Ripples						0.035199999998440035	10841.063999999998	7.242236382549086	167.80136115968773	1027.7127361433606	
10847.8888	0.032799999999042484	Ripples						0.032799999999042484	10847.9088	20.293678065269116	167.15662291600054	1398.7431908499234	
10850.1608	0.022399999999834108	Ripples						0.022399999999834108	10850.1696	9.58892343071823	162.4445311018161	1050.7619692311662	
10850.2064	0.025600000000849832	Ripples						0.025600000000849832	10850.22	9.457622192775995	165.7840189175368	1121.852972570845	
10851.2712	0.05199999999967986	Ripples						0.05199999999967986	10851.2904	21.646778841824794	169.19741614654814	1658.3726809225418	
10853.2304	0.08799999999973807	Ripples						0.08799999999973807	10853.301599999999	10.817781039822504	157.68878659541545	1256.7000579400296	
10863.8128	0.08799999999973807	Ripples						0.08799999999973807	10863.8344	23.56860431335779	160.3556875381571	1892.47019655635	
10864.5288	0.03600000000005821	Ripples						0.03600000000005821	10864.547999999999	14.387598035169553	163.84407732744936	1435.062361547982	
10866.171999999999	0.03360000000066066	Ripples						0.03360000000066066	10866.196	10.742170250278798	180.83343527139684	926.4128144053561	
10867.637599999998	0.05520000000251457	Ripples						0.05520000000251457	10867.6624	16.146277010597128	172.9426441388889	1634.6336871265617	
10867.952	0.028800000000046566	Ripples						0.028800000000046566	10867.9648	6.598048015446688	171.54548951607075	963.9346335158527	
10880.8648	0.047200000000884756	Ripples						0.047200000000884756	10880.8784	8.001057175405036	174.02348377804395	975.0650090074074	
10882.3272	0.06079999999928987	Ripples						0.06079999999928987	10882.3472	20.15796075628845	172.70504604812012	1816.3368845400278	
10893.366399999999	0.09920000000056461	Ripples						0.09920000000056461	10893.380799999999	18.609552707212842	161.86161251292228	1452.5589382841151	
10893.9392	0.03359999999884167	Ripples						0.03359999999884167	10893.9568	21.263001654926487	159.50557763414292	1629.7249274292362	
10894.764799999999	0.08319999999912397	Ripples						0.08319999999912397	10894.840799999998	7.108260468379646	151.50098241157946	927.6883151893535	
10894.876	0.04399999999805004	Ripples						0.04399999999805004	10894.8992	20.059107149712453	157.22474802037289	1611.2415757015972	
10897.056	0.02959999999802676	Ripples						0.02959999999802676	10897.072799999998	10.867101087605993	162.09296664003674	1186.3473119931516	
10897.287199999999	0.022400000001653098	Ripples						0.022400000001653098	10897.2984	12.414814334546575	160.67312291120612	1179.4120836715458	
10898.4432	0.02959999999984575	Ripples						0.02959999999984575	10898.4624	6.437962005158908	165.6917103876285	939.602264406309	
10902.2016	0.09679999999934807	Ripples						0.09679999999934807	10902.2328	18.22596333116868	154.91684184089777	1577.2240143651204	
10903.418399999999	0.07200000000011642	Ripples						0.07200000000011642	10903.4624	15.210007149789176	165.95101596874977	1595.602939080468	
10905.236	0.05279999999766005	Ripples						0.05279999999766005	10905.271999999999	20.32677229465873	163.3699233505126	1783.4100609566465	
10906.056	0.035199999998440035	Ripples						0.035199999998440035	10906.0816	12.842392783063518	171.2500829079899	1202.3889289577369	
10906.6464	0.02080000000023574	Ripples						0.02080000000023574	10906.6544	8.378569186111202	160.0492682102523	934.409636648505	
10906.8432	0.058399999999892316	Ripples						0.058399999999892316	10906.875199999999	7.221534133360205	154.1120458603502	801.668695418227	
10906.925599999999	0.028800000000046566	Ripples						0.028800000000046566	10906.9496	5.98769147933641	171.52589032519904	727.4549688908959	
10908.215199999999	0.04400000000168802	Ripples						0.04400000000168802	10908.2464	16.059532598873695	168.71230336332965	1459.7426559974642	
10919.8288	0.06880000000091968	Ripples						0.06880000000091968	10919.839199999999	14.019922798675758	166.37389664764802	1234.6729316251622	
10926.078399999999	0.03840000000127475	Ripples						0.03840000000127475	10926.105599999999	9.260486615786336	170.26116140496381	1129.4048512197135	
10926.184799999999	0.044799999999668216	Ripples						0.044799999999668216	10926.1984	13.326481897728932	166.92128376774238	1330.8465119160958	
10927.4648	0.048799999998664134	Ripples						0.048799999998664134	10927.475999999999	11.074901615773982	172.48463403737728	1081.416814043406	
10927.5536	0.062399999998888234	Ripples						0.062399999998888234	10927.579999999998	25.660903576362273	175.72963368203784	1679.4946797679208	
10929.274399999998	0.025600000000849832	Ripples						0.025600000000849832	10929.2896	13.59872244201769	159.15488269876127	1278.8627467757835	
10935.9216	0.035200000000259024	Ripples						0.035200000000259024	10935.9296	6.445756197543285	166.49330230590198	865.4452132698588	
10936.8568	0.03600000000005821	Ripples						0.03600000000005821	10936.873599999999	24.059668433581194	164.09478643823937	1774.077705262973	
10939.0576	0.02959999999802676	Ripples						0.02959999999802676	10939.0664	5.902692307817668	155.5419803615561	753.5698653360781	
10940.123199999998	0.02080000000205473	Ripples						0.02080000000205473	10940.1312	12.278069272779629	169.3318752979541	1091.6138536431406	
10940.2496	0.06079999999928987	Ripples						0.06079999999928987	10940.2664	26.73581767242936	169.05540772651426	1865.8715566925227	
10944.9744	0.022399999999834108	Ripples						0.022399999999834108	10944.9864	5.245073459770777	159.6601110303566	914.5889469144666	
10946.0792	0.023999999999432475	Ripples						0.023999999999432475	10946.096	9.063197378570948	163.06337896135318	1017.8228000900269	
10948.679199999999	0.058400000001711305	Ripples						0.058400000001711305	10948.6912	13.960473289076585	170.5374025825513	1336.752494274478	
10949.3056	0.026399999998830026	Ripples						0.026399999998830026	10949.3184	11.633216042556644	170.53918869131164	1164.7619955932387	
10950.687999999998	0.028800000000046566	Ripples						0.028800000000046566	10950.709599999998	9.140513709933675	172.40603794719087	976.3738226802374	
10951.4768	0.02479999999923166	Ripples						0.02479999999923166	10951.4936	18.688972974888383	162.5811091312279	1424.448354057319	
10963.497599999999	0.028800000000046566	Ripples						0.028800000000046566	10963.513599999998	9.228501708344565	170.14919441078257	1069.5753574154019	
10964.2736	0.051199999998061685	Ripples						0.051199999998061685	10964.2928	23.263045895601213	176.72765487043858	1599.188150957641	
10966.4952	0.03360000000066066	Ripples						0.03360000000066066	10966.5096	16.965854706076215	163.43623013922965	1529.7393258718216	
10968.1192	0.03200000000106229	Ripples						0.03200000000106229	10968.1392	10.486703667957435	164.36847462550583	1180.1228571704555	
10968.3888	0.04719999999906577	Ripples						0.04719999999906577	10968.4048	14.834340534628588	176.07494658474764	1359.4613970334894	
10970.6168	0.0455999999994674	Ripples						0.0455999999994674	10970.6384	17.173475516430827	161.59709239083546	1623.29535636117	
10970.7176	0.04079999999885331	Ripples						0.04079999999885331	10970.7336	21.17426125502475	176.28628261373026	1511.3740163228126	
10978.0016	0.03839999999945576	Ripples						0.03839999999945576	10978.027999999998	10.211095017168258	168.871252563321	993.673416152789	
10980.508	0.02080000000023574	Ripples						0.02080000000023574	10980.516	13.862026160983271	168.6286691253081	1178.1614364417067	
10981.3616	0.044799999999668216	Ripples						0.044799999999668216	10981.3832	8.899677638498583	164.0419071317357	1186.4311267570918	
10983.5736	0.10480000000097789	Ripples						0.10480000000097789	10983.6496	18.968026413093888	174.87838652826642	1499.34941045322	
10983.757599999999	0.026400000000649015	Ripples						0.026400000000649015	10983.7688	16.819847381288128	165.8513979258918	1400.6332382103597	
10984.9176	0.03359999999884167	Ripples						0.03359999999884167	10984.925599999999	6.339284068629869	170.41596606604185	828.65441842595	
10992.2192	0.08719999999993888	Ripples						0.08719999999993888	10992.248	13.129248807733232	171.7131250441187	1232.6118100777378	
10994.9656	0.06079999999928987	Ripples						0.06079999999928987	10994.975999999999	6.600508988843788	171.97558188102045	948.3470620923765	
10997.954399999999	0.03840000000127475	Ripples						0.03840000000127475	10997.968	13.573271212138573	158.9205464727467	1268.6422343041302	
10998.035199999998	0.047200000000884756	Ripples						0.047200000000884756	10998.072	8.567855936947025	161.96195518580188	1012.0135726406837	
11005.873599999999	0.03360000000066066	Ripples						0.03360000000066066	11005.896799999999	5.7624760641496895	172.792655484785	816.0924748479799	
11006.752799999998	0.04800000000068394	Ripples						0.04800000000068394	11006.771999999999	17.61475400263594	167.55651878226243	1545.3459256568779	
11008.6656	0.023199999999633292	Ripples						0.023199999999633292	11008.679199999999	11.640117853642156	167.9699505096753	1130.2215870399132	
11010.119999999999	0.023199999999633292	Ripples						0.023199999999633292	11010.1368	7.116229187857896	162.2943792277212	851.876220259654	
11010.4736	0.0408000000006723	Ripples						0.0408000000006723	11010.4928	21.442095139023063	166.98978409086658	1688.922822710913	
11010.612799999999	0.056000000000494765	Ripples						0.056000000000494765	11010.6384	12.684888227391358	169.28331729316565	1242.5892555898504	
11010.7832	0.0455999999994674	Ripples						0.0455999999994674	11010.8024	26.375708305860304	160.4891041193689	1962.4977947999685	
11011.8216	0.021600000000034925	Ripples						0.021600000000034925	11011.836	10.148892684594227	158.5897223365797	940.1522083920958	
11014.0672	0.021600000000034925	Ripples						0.021600000000034925	11014.0792	9.49812348471207	164.07583611660192	1023.9033368209052	
11014.1928	0.05279999999766005	Ripples						0.05279999999766005	11014.223999999998	13.760312434550222	173.69022412642707	1280.0875290814884	
11015.5976	0.06879999999910069	Ripples						0.06879999999910069	11015.612	18.282531505584938	161.33751277645092	1597.1759842786087	
11018.375199999999	0.05040000000008149	Ripples						0.05040000000008149	11018.412	9.43475382145107	174.515243502891	1057.633849919467	
11020.7608	0.13759999999820138	Ripples						0.13759999999820138	11020.8344	20.37253276148423	159.1629010921554	1714.4337633628859	
11025.2136	0.0591999999996915	Ripples						0.0591999999996915	11025.259999999998	16.521925685641456	166.80731128560137	1508.0171246951227	
11028.355199999998	0.04080000000249129	Ripples						0.04080000000249129	11028.382399999999	10.299828763752641	168.88141206030855	1264.7430699225226	
11029.1312	0.037599999999656575	Ripples						0.037599999999656575	11029.150399999999	10.632295417110802	167.88567168003053	1278.339944776606	
11030.644799999998	0.0272000000004482	Ripples						0.0272000000004482	11030.6584	20.684963162444625	163.6002769674259	1681.9128541455566	
11030.771999999999	0.03600000000005821	Ripples						0.03600000000005821	11030.7952	15.083791000004739	164.32863926962546	1292.6373848273465	
11039.830399999999	0.028000000000247383	Ripples						0.028000000000247383	11039.8512	6.5300747508337995	168.066455844057	857.3261230550074	
11039.9672	0.0544000000008964	Ripples						0.0544000000008964	11039.9944	12.292357666676967	170.38356954317382	1336.063163075643	
11088.366399999999	0.020000000000436557	Ripples						0.020000000000436557	11088.376799999998	5.09895804420568	169.9608550529075	867.7489925669123	
11088.7448	0.025599999999030842	Ripples						0.025599999999030842	11088.7632	12.803280829619668	170.17586686998231	1132.353034832604	
11088.8728	0.037600000001475564	Ripples						0.037600000001475564	11088.887999999999	13.012578702030982	173.05108486699743	1232.1057334174059	
11091.304	0.0632000000005064	Ripples						0.0632000000005064	11091.324799999999	10.264259967926685	172.56494601530466	1129.733487910659	
11092.5488	0.02079999999841675	Ripples						0.02079999999841675	11092.5592	5.735113291592295	166.66391714470868	889.4757201473022	
11092.7784	0.0319999999992433	Ripples						0.0319999999992433	11092.7896	13.656646771085143	159.0389178922745	1238.665916752799	
11094.276	0.10639999999875727	Ripples						0.10639999999875727	11094.3424	13.472760534939232	169.30396387374222	1348.9102558130899	
11104.7336	0.031199999999444117	Ripples						0.031199999999444117	11104.757599999999	10.06123999127969	168.44399388351354	1077.6354888760652	
11105.104	0.037599999999656575	Ripples						0.037599999999656575	11105.1264	21.16474994273425	168.27857783344112	1724.1443476106772	
11105.1712	0.05439999999907741	Ripples						0.05439999999907741	11105.1872	23.45002781185574	162.4724599485396	1775.394150227619	
11106.916	0.09439999999995052	Ripples						0.09439999999995052	11106.9456	25.679357600681914	166.88419889700745	1873.3155551806587	
11108.0056	0.030399999999644933	Ripples						0.030399999999644933	11108.0168	11.75745491080304	171.19421983870217	1209.6548575164325	
11108.9536	0.07919999999830907	Ripples						0.07919999999830907	11109.013599999998	14.785323164759246	171.9422633998712	1305.5989442848588	
11110.061599999999	0.11039999999957217	Ripples						0.11039999999957217	11110.1552	16.17053753724833	159.4736524614468	1654.5085182999676	
11111.912799999998	0.05920000000151049	Ripples						0.05920000000151049	11111.9448	26.385406681453286	156.0970017761702	1822.7219353857556	
11112.983199999999	0.05520000000069558	Ripples						0.05520000000069558	11112.996799999999	12.074371989116164	174.2058552391266	1056.6955215450346	
11115.4008	0.07999999999992724	Ripples						0.07999999999992724	11115.4208	19.61054849265931	157.45954485231	1647.3041162964248	
11117.72	0.02959999999984575	Ripples						0.02959999999984575	11117.7272	6.4429093933938235	172.61092917602153	772.9342488182791	
11122.464	0.0455999999994674	Ripples						0.0455999999994674	11122.499199999998	22.977872840920586	167.19464826376944	1668.1355733544406	
11122.572	0.03919999999925494	Ripples						0.03919999999925494	11122.5968	18.5483501690298	162.65726266483236	1582.6995057026459	
11126.382399999999	0.03360000000066066	Ripples						0.03360000000066066	11126.4088	8.48794759287195	169.2001883169688	961.7995361559032	
11126.4664	0.07840000000032887	Ripples						0.07840000000032887	11126.4808	16.735560911542898	157.65654699986953	1368.0681527351385	
11127.9432	0.05999999999949068	Ripples						0.05999999999949068	11127.9816	19.015376998512842	171.36183701433305	1671.8689214686144	
11128.6816	0.023199999999633292	Ripples						0.023199999999633292	11128.692	12.029968305653226	167.6728130110721	1207.8410743129916	
11129.216799999998	0.03360000000066066	Ripples						0.03360000000066066	11129.2352	15.743637954291192	175.4894042204049	1289.0441379244162	
11129.2856	0.021600000000034925	Ripples						0.021600000000034925	11129.294399999999	10.777474236097456	163.22927859404942	1159.0280277202955	
11129.4696	0.07039999999869906	Ripples						0.07039999999869906	11129.520799999998	16.072385593634927	160.3168065564576	1503.882610916332	
11131.968799999999	0.03360000000066066	Ripples						0.03360000000066066	11131.9864	17.427987912698622	165.5953243806657	1544.617744133501	
11132.223999999998	0.06640000000152213	Ripples						0.06640000000152213	11132.24	19.039950615695567	172.66001263777932	1623.5891786137058	
11132.359199999999	0.021600000000034925	Ripples						0.021600000000034925	11132.369599999998	12.75102239815131	165.07151386184168	1191.4496831957392	
11133.583999999999	0.03919999999925494	Ripples						0.03919999999925494	11133.612799999999	6.713588299168327	163.8440147014104	876.2332235220529	
11133.74	0.042400000000270666	Ripples						0.042400000000270666	11133.750399999999	15.532646850919887	156.91441129834712	1365.3655565448375	
11135.2624	0.044799999999668216	Ripples						0.044799999999668216	11135.279199999999	18.77039892410963	164.7157072208469	1686.9363748754363	
11135.4048	0.028800000000046566	Ripples						0.028800000000046566	11135.418399999999	8.289619373245724	167.1682891205358	1115.2515580003094	
11137.9576	0.02480000000105065	Ripples						0.02480000000105065	11137.968799999999	11.380610466627056	170.95659228470475	1189.4070596271035	
11138.0376	0.0904000000009546	Ripples						0.0904000000009546	11138.065599999998	19.964493109818825	152.9648651561036	1638.5258550278945	
11138.3864	0.06000000000130967	Ripples						0.06000000000130967	11138.4008	9.91846771430665	166.0203908206355	1180.4763870826137	
11138.4736	0.028000000000247383	Ripples						0.028000000000247383	11138.484799999998	8.10957268233207	159.1512471106825	998.759267498377	
11138.547199999999	0.032799999999042484	Ripples						0.032799999999042484	11138.5672	11.982456383734998	173.11026150942436	1073.3214279998544	
11147.1624	0.022399999999834108	Ripples						0.022399999999834108	11147.170399999999	8.257919133432141	164.83295731542677	900.882743779728	
11147.3072	0.03679999999985739	Ripples						0.03679999999985739	11147.32	15.132657052268433	175.08885061013183	1218.3523736732782	
11149.4624	0.0367999999980384	Ripples						0.0367999999980384	11149.4824	10.30376457731407	158.46282782315532	1255.2546119543956	
11149.6152	0.0632000000005064	Ripples						0.0632000000005064	11149.6296	15.138212894815789	158.16647868954007	1336.8790458569274	
11151.8424	0.05279999999947904	Ripples						0.05279999999947904	11151.856	8.495065766904256	175.8863026154984	1012.6803905288818	
11152.32	0.0272000000004482	Ripples						0.0272000000004482	11152.333599999998	12.38306115886772	163.34995841877557	1234.6656716097316	
11152.4552	0.04320000000006985	Ripples						0.04320000000006985	11152.4696	17.864256102685015	161.7233914150188	1588.0421368266734	
11160.4784	0.03919999999925494	Ripples						0.03919999999925494	11160.5008	27.101026575558198	170.35821405928817	1769.9447291568172	
11160.9856	0.05199999999967986	Ripples						0.05199999999967986	11161.020799999998	20.372300830962107	156.3088971649867	1555.0212821666694	
11163.4376	0.035200000000259024	Ripples						0.035200000000259024	11163.4528	17.30771874720664	162.31711502049222	1616.2534356799888	
11163.5	0.02479999999923166	Ripples						0.02479999999923166	11163.511199999999	9.322097879930206	160.05864952992277	1004.2610128487399	
11163.5952	0.042399999998451676	Ripples						0.042399999998451676	11163.6152	16.117666176353108	163.62612640602026	1562.9614240100982	
11164.0176	0.02959999999984575	Ripples						0.02959999999984575	11164.0368	7.773217452344401	169.6035796896574	1054.7942766081935	
11164.1064	0.037599999999656575	Ripples						0.037599999999656575	11164.1336	7.253795777237211	154.88179061592714	971.8898416845009	
11164.583999999999	0.046399999999266583	Ripples						0.046399999999266583	11164.6168	10.84623814130835	155.0110858251471	1126.9499818766049	
11165.2256	0.06799999999930151	Ripples						0.06799999999930151	11165.259999999998	27.169022586562843	165.79481059513458	1931.8433149901464	
11165.355199999998	0.0272000000004482	Ripples						0.0272000000004482	11165.372	7.1919236932759105	153.4690338726182	901.4714877978081	
11165.9768	0.044799999999668216	Ripples						0.044799999999668216	11166.008	19.404537703685847	152.77168664003702	1500.1703011991046	
11167.9392	0.03439999999864085	Ripples						0.03439999999864085	11167.964	7.759218153854065	174.86338155320763	911.3987657174879	
11168.087199999998	0.028800000000046566	Ripples						0.028800000000046566	11168.0992	20.401977159853512	160.54942078043783	1590.7525024064673	
11168.5016	0.04399999999986903	Ripples						0.04399999999986903	11168.511999999999	14.953763633188345	160.45085995462804	1289.1255379037982	
11171.86	0.06719999999768334	Ripples						0.06719999999768334	11171.898399999998	15.158011634820538	160.1069081223037	1311.932914454526	
11172.0432	0.05279999999947904	Ripples						0.05279999999947904	11172.0704	18.919178352599683	164.89508695247832	1479.9929212997333	
11173.5672	0.04320000000006985	Ripples						0.04320000000006985	11173.591199999999	21.810586681373987	170.65910941374187	1805.6086953720855	
11173.6856	0.02959999999802676	Ripples						0.02959999999802676	11173.7072	8.301163676634555	171.38052574800258	918.5385089097472	
11173.8136	0.026400000000649015	Ripples						0.026400000000649015	11173.830399999999	14.007790659127192	168.57751718295046	1292.9223274657115	
11175.4208	0.03919999999925494	Ripples						0.03919999999925494	11175.432	18.29143713169454	165.14016964498083	1418.3055680029822	
11175.5632	0.021600000000034925	Ripples						0.021600000000034925	11175.5744	17.42119405516336	163.63398694233823	1338.6274116506472	
11180.511999999999	0.13119999999980791	Ripples						0.13119999999980791	11180.525599999999	21.70834578450404	165.53337280100544	1668.139902546378	
11180.731199999998	0.0544000000008964	Ripples						0.0544000000008964	11180.7624	31.677567944676852	165.32278938288007	2030.8158885587181	
11182.127199999999	0.05040000000008149	Ripples						0.05040000000008149	11182.1408	13.05149593113995	159.10888619390823	1400.3348139539305	
11182.236799999999	0.0272000000004482	Ripples						0.0272000000004482	11182.250399999999	8.301834833178143	158.04753290066165	1157.4355656620344	
11182.304	0.030399999999644933	Ripples						0.030399999999644933	11182.3208	18.78696440402156	164.72127564818436	1616.1845395009836	
11182.793599999999	0.1224000000001979	Ripples						0.1224000000001979	11182.824	17.291961850480984	166.88172077263263	1627.3904477952783	
11182.9728	0.056000000000494765	Ripples						0.056000000000494765	11182.9936	16.09524564658178	169.43489269341427	1488.2031763514724	
11186.179199999999	0.04560000000128639	Ripples						0.04560000000128639	11186.1968	24.984197345735836	168.38790477172398	1835.117860749865	
11186.344	0.035200000000259024	Ripples						0.035200000000259024	11186.355199999998	15.85034665221646	160.4161539029873	1391.139506133932	
11188.7696	0.053599999999278225	Ripples						0.053599999999278225	11188.7968	15.048952029644658	172.52536429709775	1342.288889068944	
11190.2136	0.035200000000259024	Ripples						0.035200000000259024	11190.2248	21.217673993746907	158.15442117996653	1534.2634022766654	
11190.3416	0.04959999999846332	Ripples						0.04959999999846332	11190.3672	26.472095719755515	171.3824141173007	1955.0704178641797	
11190.477599999998	0.035200000002078013	Ripples						0.035200000002078013	11190.496799999999	14.78389054471415	172.17874480589197	1417.5255443527399	
11191.132	0.03839999999945576	Ripples						0.03839999999945576	11191.164	5.229018620581013	169.80147805539153	771.7244472934593	
11192.094399999998	0.03280000000086147	Ripples						0.03280000000086147	11192.1168	12.490257335726605	155.96619450889906	1125.061300760098	
11194.359199999999	0.13760000000002037	Ripples						0.13760000000002037	11194.4792	20.516258738766062	162.55464826245185	1575.3928567615997	
11195.6536	0.10560000000077707	Ripples						0.10560000000077707	11195.7376	17.222966463718393	174.25529907711115	1416.442522711536	
11195.8472	0.039999999999054126	Ripples						0.039999999999054126	11195.8672	31.42173065568437	161.77784820151206	2186.0810769219966	
11198.216799999998	0.04640000000108557	Ripples						0.04640000000108557	11198.2336	16.871718626326278	169.22515285849468	1616.0135451017875	
11198.687999999998	0.05040000000008149	Ripples						0.05040000000008149	11198.7136	8.661983561119559	154.77660230093062	980.8373842196995	
11198.8144	0.04799999999886495	Ripples						0.04799999999886495	11198.8344	28.50379859738508	165.11000945941402	2034.2787167721492	
11201.931199999999	0.12080000000059954	Ripples						0.12080000000059954	11201.961599999999	21.318978088840282	156.88383626997938	1780.9107467067322	
11202.107199999999	0.0408000000006723	Ripples						0.0408000000006723	11202.132	23.109880347776684	176.19119264745143	1595.2084520378837	
11202.5216	0.03359999999884167	Ripples						0.03359999999884167	11202.539999999999	11.982178830649342	172.22767152014433	1165.7355380022134	
11202.7288	0.09439999999813153	Ripples						0.09439999999813153	11202.7784	16.707286283009164	162.93962587943153	1417.1155028194282	
11202.919999999998	0.03840000000127475	Ripples						0.03840000000127475	11202.934399999998	26.54900544470364	167.00862492403076	1937.0856225990565	
11204.344	0.039999999999054126	Ripples						0.039999999999054126	11204.3632	13.14860872128692	150.93790944622745	1121.5371682032473	
11204.612	0.021600000000034925	Ripples						0.021600000000034925	11204.6264	5.6099300164917425	151.36688325774116	737.9224368043442	
11204.657599999999	0.028000000002066372	Ripples						0.028000000002066372	11204.6752	17.672330699828496	161.7692997193948	1470.5570575029067	
11204.8072	0.035200000000259024	Ripples						0.035200000000259024	11204.824799999999	15.164472051004212	154.08465395507065	1352.805651101231	
11205.2232	0.037599999999656575	Ripples						0.037599999999656575	11205.243999999999	28.286752445159152	159.7782269438413	1954.225463081424	
11205.295999999998	0.042400000002089655	Ripples						0.042400000002089655	11205.3128	22.327217978299565	169.6406280477442	1763.5291160685147	
11211.3816	0.027999999998428393	Ripples						0.027999999998428393	11211.389599999999	9.772782695024436	160.32285411875745	967.9335823136541	
11215.382399999999	0.020000000000436557	Ripples						0.020000000000436557	11215.389599999999	5.761694475290139	172.85103411300844	758.2011860674071	
11251.1168	0.02079999999841675	Ripples						0.02079999999841675	11251.130399999998	6.0696806840562925	158.85273538624998	842.8094348759926	
11252.596	0.09840000000076543	Ripples						0.09840000000076543	11252.6728	12.6945138920306	167.3335560162168	1204.428508534115	
11254.6688	0.0544000000008964	Ripples						0.0544000000008964	11254.704	19.437540066767475	150.38025794809127	1624.0528428305804	
11255.1832	0.0272000000004482	Ripples						0.0272000000004482	11255.1976	11.501340051301383	164.75501249159075	1280.479252657549	
11255.372	0.037599999999656575	Ripples						0.037599999999656575	11255.396	9.080922844322409	148.3460329243204	1009.4261476687833	
11258.468	0.02479999999923166	Ripples						0.02479999999923166	11258.4824	5.584068052632922	160.76011518758827	936.0978577796425	
11265.1624	0.07120000000031723	Ripples						0.07120000000031723	11265.176	17.259326056742044	161.24169169237499	1463.390988253635	
11265.5368	0.1047999999991589	Ripples						0.1047999999991589	11265.6168	16.06696043956631	161.28742880177788	1625.4204528652888	
11267.731199999998	0.026400000000649015	Ripples						0.026400000000649015	11267.7424	10.823758016633846	159.39066670422116	1074.720359122939	
11267.7784	0.0272000000004482	Ripples						0.0272000000004482	11267.7952	13.760873777466726	162.9933606306015	1225.469604540019	
11268.3168	0.03439999999864085	Ripples						0.03439999999864085	11268.3312	15.26072926990689	157.14754690474336	1390.7762025563716	
11268.395199999999	0.06240000000070722	Ripples						0.06240000000070722	11268.4216	30.174782801718234	155.06469438857368	1990.8869683534872	
11268.508	0.07199999999829743	Ripples						0.07199999999829743	11268.5272	15.251250477258749	164.390195828072	1439.3054300863987	
11268.6384	0.08079999999972642	Ripples						0.08079999999972642	11268.663199999999	12.99393868948325	151.71396115662986	1277.1613812085932	
11270.2808	0.05519999999887659	Ripples						0.05519999999887659	11270.304	26.291418334125698	157.14977602272037	1774.9223458964846	
11272.1872	0.0591999999996915	Ripples						0.0591999999996915	11272.209599999998	15.566208673260105	167.34182565095884	1481.7007765266735	
11272.3528	0.04159999999865249	Ripples						0.04159999999865249	11272.3688	26.57629059420555	167.24068460178458	1901.7609288921492	
11272.7264	0.09999999999854481	Ripples						0.09999999999854481	11272.7832	10.852158428612249	157.01158067036258	1273.7701766237067	
11273.359199999999	0.04960000000028231	Ripples						0.04960000000028231	11273.3728	7.491007023214584	164.16361286188922	966.8621428268807	
11273.5664	0.03679999999985739	Ripples						0.03679999999985739	11273.5824	21.480612991928112	161.574351957574	1734.8796447929094	
11275.637599999998	0.026400000002468005	Ripples						0.026400000002468005	11275.651999999998	10.8935504603506	167.77222817655405	1166.6349785513873	
11275.7344	0.06559999999990396	Ripples						0.06559999999990396	11275.7568	14.719572863771791	170.45441293079142	1395.8947632045442	
11278.236	0.02719999999862921	Ripples						0.02719999999862921	11278.250399999999	7.139475647342678	154.9481103742959	919.8352268790704	
11288.4	0.12160000000039872	Ripples						0.12160000000039872	11288.419999999998	29.74302632653479	157.791604615151	1868.7064665871785	
11288.644799999998	0.04320000000006985	Ripples						0.04320000000006985	11288.6616	29.08938984418748	172.64612695805695	1908.5078243882404	
11288.7704	0.05040000000008149	Ripples						0.05040000000008149	11288.788799999998	16.909267474305175	173.67251481062263	1402.7414987494112	
11289.540799999999	0.03440000000045984	Ripples						0.03440000000045984	11289.561599999999	9.778254977942924	164.34888526350636	1104.956883556681	
11289.608799999998	0.053600000001097214	Ripples						0.053600000001097214	11289.6472	15.170376850277862	168.6177190336184	1450.3261087244375	
11292.484799999998	0.028000000002066372	Ripples						0.028000000002066372	11292.5056	5.6875943112096525	157.14139021454443	786.5685678681112	
11293.3528	0.044799999999668216	Ripples						0.044799999999668216	11293.3832	18.954103655463463	159.63901163205935	1510.696707164984	
11293.4408	0.07999999999810825	Ripples						0.07999999999810825	11293.4664	30.829305986239763	166.07298961385908	2122.47730938895	
11293.6224	0.09999999999854481	Ripples						0.09999999999854481	11293.668	12.589126232097401	165.17140112285705	1243.0692195948986	
11296.0368	0.028000000000247383	Ripples						0.028000000000247383	11296.0504	5.679652705729242	174.5368805749638	866.9425319641982	
11296.184	0.05920000000151049	Ripples						0.05920000000151049	11296.1992	11.718579067419073	153.8485371947215	1064.7018637565732	
11296.408	0.040000000000873115	Ripples						0.040000000000873115	11296.4376	5.906885045707721	149.15828459670777	800.4221145188311	
11297.9592	0.04800000000068394	Ripples						0.04800000000068394	11297.9808	5.780514159749001	154.160432481785	702.7318547224814	
11298.869599999998	0.15200000000186265	Ripples						0.15200000000186265	11298.9032	17.517919374228658	155.38500050693642	1566.71161375624	
11299.2464	0.04799999999886495	Ripples						0.04799999999886495	11299.281599999998	10.293304738488494	166.85163821873897	1233.962527500299	
11299.319199999998	0.03280000000086147	Ripples						0.03280000000086147	11299.339199999999	15.752822987617769	165.66596118035528	1444.3345001062264	
11299.9912	0.021600000000034925	Ripples						0.021600000000034925	11300.0024	7.02123700107088	161.97216063630827	963.6168621765241	
11300.7848	0.05279999999947904	Ripples						0.05279999999947904	11300.795999999998	8.032294954992567	162.72552490847656	1004.6232982057862	
11301.4504	0.0455999999994674	Ripples						0.0455999999994674	11301.4672	13.8291501475403	154.79438814285402	1269.7004211018668	
11306.9656	0.044799999999668216	Ripples						0.044799999999668216	11306.999199999998	10.977592391999178	159.140332589882	1057.2737562575628	
11307.1008	0.032799999999042484	Ripples						0.032799999999042484	11307.1256	8.32577427288634	154.72820010903735	971.4759679728913	
11307.1696	0.04320000000006985	Ripples						0.04320000000006985	11307.2056	13.980634208628073	162.03556185247237	1215.6696755044497	
11308.150399999999	0.02960000000166474	Ripples						0.02960000000166474	11308.1696	13.780809053849376	171.26024889159106	1296.5475633792335	
11312.0152	0.04719999999906577	Ripples						0.04719999999906577	11312.032799999999	19.653492175226187	159.6163006584379	1669.574764945532	
11312.2256	0.025599999999030842	Ripples						0.025599999999030842	11312.2376	9.517037150734131	158.5516517818669	1052.185751990753	
11312.7056	0.02480000000105065	Ripples						0.02480000000105065	11312.72	10.180800754638664	163.28729777540534	1079.2598751134922	
11313.6672	0.04399999999986903	Ripples						0.04399999999986903	11313.687999999998	9.37114951879179	154.99529174128944	1108.3907781859616	
11314.3568	0.05199999999967986	Ripples						0.05199999999967986	11314.396	8.270830340254092	156.5200158632235	1168.1977356443258	
11315.0304	0.03440000000045984	Ripples						0.03440000000045984	11315.0432	9.677680574660569	172.7292170223163	1056.6082518121825	
11315.143199999999	0.025600000000849832	Ripples						0.025600000000849832	11315.1568	14.56950592687249	168.84503107988715	1311.9574961695535	
11316.252799999998	0.02080000000205473	Ripples						0.02080000000205473	11316.2664	7.458332825325168	163.65170182281804	941.9201784940399	
11316.3704	0.06799999999930151	Ripples						0.06799999999930151	11316.383999999998	9.384384137273267	174.3979318939095	1064.885187631919	
11316.4672	0.028000000000247383	Ripples						0.028000000000247383	11316.484	12.613822416309752	159.5899207561151	1325.7623150229424	
11316.6264	0.04399999999986903	Ripples						0.04399999999986903	11316.637599999998	13.11151189553662	175.3037659051368	1186.8943192344104	
11331.0096	0.021600000000034925	Ripples						0.021600000000034925	11331.020799999998	6.553679365747781	168.11533512145863	905.9505967793134	
11332.0024	0.028000000000247383	Ripples						0.028000000000247383	11332.0096	6.436312352729092	161.00007412098662	864.6870915218109	
11333.307999999999	0.035200000000259024	Ripples						0.035200000000259024	11333.324799999999	13.25339027155039	156.47466302570535	1250.9496641710364	
11341.779999999999	0.02480000000105065	Ripples						0.02480000000105065	11341.792	10.357530201978783	160.8239640372061	1101.506590812275	
11343.576	0.028800000000046566	Ripples						0.028800000000046566	11343.5904	11.722275418459954	158.8637970173085	1130.922306495205	
11345.925599999999	0.021600000000034925	Ripples						0.021600000000034925	11345.939999999999	9.444071402946525	165.93541272998036	1069.3471837935876	
11349.84	0.0272000000004482	Ripples						0.0272000000004482	11349.847999999998	12.386060857947713	163.83931375850457	1135.3117205227582	
11352.4048	0.0639999999984866	Ripples						0.0639999999984866	11352.4376	15.160033405347606	154.45477780179147	1308.4527995026815	
11352.4896	0.026399999998830026	Ripples						0.026399999998830026	11352.504799999999	6.955518088682366	151.83946551137322	616.255581473976	
11354.0672	0.0775999999987107	Ripples						0.0775999999987107	11354.1096	9.863927550288444	170.99106246395434	1080.5351460402114	
11355.094399999998	0.03600000000005821	Ripples						0.03600000000005821	11355.1024	7.251803040395805	161.55797721810538	972.6618672575677	
11356.264799999999	0.07200000000011642	Ripples						0.07200000000011642	11356.317599999998	25.239605670678355	165.32592711094455	1895.4611122271415	
11357.859199999999	0.05680000000029395	Ripples						0.05680000000029395	11357.8872	20.285774771506933	152.49702146959223	1561.8070946982832	
11358.056799999998	0.09840000000076543	Ripples						0.09840000000076543	11358.083999999999	20.85436635377686	153.2299692956156	1627.8079966379187	
11361.5576	0.02239999999801512	Ripples						0.02239999999801512	11361.5688	6.392456856152236	156.28980250478457	861.214701473557	
11362.8224	0.020000000000436557	Ripples						0.020000000000436557	11362.8352	6.392593360450636	169.86746467085038	841.5848795992	
11363.408	0.03280000000086147	Ripples						0.03280000000086147	11363.4216	15.680299436328587	171.62902241095813	1330.9823807883213	
11365.025599999999	0.04800000000068394	Ripples						0.04800000000068394	11365.0528	39.723251906640776	167.43780163083363	2505.1090072334687	
11367.1824	0.026400000000649015	Ripples						0.026400000000649015	11367.1984	12.145031676030259	166.84552488211253	1243.7773946697205	
11367.3864	0.03600000000005821	Ripples						0.03600000000005821	11367.4032	6.675971901238873	161.46949454682195	1039.6169867075887	
11373.752	0.0367999999980384	Ripples						0.0367999999980384	11373.7616	14.235695607927019	170.67847848718915	1136.1332161979146	
11373.9288	0.023199999999633292	Ripples						0.023199999999633292	11373.9424	7.184735499336148	165.12546650499013	976.0026506686481	
11375.0384	0.0455999999994674	Ripples						0.0455999999994674	11375.055199999999	9.152853689140368	148.33730195089353	766.4799918706791	
11378.621599999999	0.022400000001653098	Ripples						0.022400000001653098	11378.635999999999	7.8017836180408615	157.46315114803565	836.4447550952578	
11379.094399999998	0.1040000000011787	Ripples						0.1040000000011787	11379.176	20.943127022153867	163.12718890682802	1900.5585339501827	
11380.3224	0.03839999999945576	Ripples						0.03839999999945576	11380.34	11.129373616586077	154.01438290563826	1133.4383778648569	
11380.4224	0.053599999999278225	Ripples						0.053599999999278225	11380.439999999999	12.933826295674125	161.48029919425537	1297.3100243879169	
11382.078399999999	0.03200000000106229	Ripples						0.03200000000106229	11382.096	11.441002651137868	158.45911386730583	1303.7258270771706	
11382.248	0.05519999999887659	Ripples						0.05519999999887659	11382.2848	18.01557577443779	164.24171758695874	1740.5810463433884	
11384.592799999999	0.03680000000167638	Ripples						0.03680000000167638	11384.6064	16.720370800080428	162.41214940368326	1574.380758926329	
11386.651999999998	0.026400000002468005	Ripples						0.026400000002468005	11386.6624	14.49558796929647	169.79660961054626	1202.3945984833829	
11386.7592	0.028800000000046566	Ripples						0.028800000000046566	11386.7736	24.547264939739275	166.65476557944035	1748.9739551975324	
11388.004799999999	0.031200000001263106	Ripples						0.031200000001263106	11388.018399999999	15.725561615256668	166.72451080535922	1394.3519511574468	
11390.988	0.0272000000004482	Ripples						0.0272000000004482	11390.999199999998	7.499269075744205	173.59832228241277	978.3541700330485	
11391.5056	0.021600000000034925	Ripples						0.021600000000034925	11391.516	9.86407669952683	160.75200544481902	1083.0254576640832	
11394.9088	0.12479999999959546	Ripples						0.12479999999959546	11394.934399999998	22.709910979792078	154.38826683604424	1722.6679349484107	
11395.2824	0.0319999999992433	Ripples						0.0319999999992433	11395.300799999999	12.952279008125428	173.85491702900055	1210.776278274918	
11395.3864	0.03840000000127475	Ripples						0.03840000000127475	11395.4104	12.578405008545401	167.461186844025	1242.8953809138648	
11397.526399999999	0.035200000000259024	Ripples						0.035200000000259024	11397.5464	15.877573383634548	168.244220484839	1576.666588391256	
11397.6048	0.05279999999947904	Ripples						0.05279999999947904	11397.6312	19.050595241482014	158.34519734545356	1663.4969079556545	
11400.9336	0.028800000000046566	Ripples						0.028800000000046566	11400.944	16.369213653358322	156.32865420827875	1231.5113711911224	
11401.032	0.05760000000009313	Ripples						0.05760000000009313	11401.0736	25.46561363145617	164.25773473481365	1975.2235287868275	
11403.598399999999	0.13119999999980791	Ripples						0.13119999999980791	11403.7056	22.754386988878924	162.96342315230012	1780.8819738832588	
11406.2184	0.042400000000270666	Ripples						0.042400000000270666	11406.232	12.291430770102137	178.40748025692452	1009.0956934188464	
11409.0832	0.08159999999952561	Ripples						0.08159999999952561	11409.1024	20.02577486233031	169.19409053697393	1651.2595771786507	
11410.063999999998	0.042400000002089655	Ripples						0.042400000002089655	11410.078399999999	26.670360341514833	169.17906482927725	1922.7559138197532	
11410.212	0.021600000000034925	Ripples						0.021600000000034925	11410.2232	11.307103861812989	160.14317127172885	1131.5979543380358	
11410.98	0.02080000000023574	Ripples						0.02080000000023574	11410.9912	6.370472513730866	162.61683163149385	906.280854270775	
11411.107199999999	0.03840000000127475	Ripples						0.03840000000127475	11411.127199999999	22.31662031586753	177.05500942060922	1559.3468908879734	
11411.2392	0.039999999999054126	Ripples						0.039999999999054126	11411.259999999998	19.727898073377954	163.22374518359547	1780.9721349541326	
11412.990399999999	0.04960000000028231	Ripples						0.04960000000028231	11413.0096	24.091191783021646	171.89988135917648	1797.0616184440607	
11415.18	0.027999999998428393	Ripples						0.027999999998428393	11415.1976	6.656724211259283	156.12015538375064	853.0964490043618	
11417.5832	0.04160000000047148	Ripples						0.04160000000047148	11417.608	19.851468432832327	158.03428996297208	1612.5267699219955	
11417.7984	0.025600000000849832	Ripples						0.025600000000849832	11417.8096	9.536932335580106	155.36778422378416	1015.7255114927727	
11423.2144	0.037599999999656575	Ripples						0.037599999999656575	11423.228	21.831629177442373	173.72795394575832	1572.3000635472642	
11428.0688	0.03679999999985739	Ripples						0.03679999999985739	11428.0896	11.53038345772448	168.1807312603237	1285.4937913355693	
11428.1976	0.042400000000270666	Ripples						0.042400000000270666	11428.222399999999	16.75697802741867	153.87983462140744	1472.8108741964486	
11430.5536	0.0272000000004482	Ripples						0.0272000000004482	11430.5608	6.451914426183541	153.77600774253122	791.6380154911341	
11430.972	0.022399999999834108	Ripples						0.022399999999834108	11430.983199999999	10.48029410635587	163.0422593576106	1070.2382107564413	
11432.3368	0.06559999999990396	Ripples						0.06559999999990396	11432.3544	21.471503500288506	157.90082483447796	1589.4824161286083	
11432.484	0.035199999998440035	Ripples						0.035199999998440035	11432.497599999999	20.184563652429397	172.89025786276562	1549.922460790861	
11436.1656	0.028800000000046566	Ripples						0.028800000000046566	11436.1784	6.880691200154535	164.51186635847623	984.6943482193317	
11437.411199999999	0.040000000000873115	Ripples						0.040000000000873115	11437.4408	13.77730903044459	168.26041439600334	1346.2809050533206	
11447.7104	0.051199999999880674	Ripples						0.051199999999880674	11447.751199999999	5.9573043169700535	157.79344278629418	1018.1542008575531	
11496.8368	0.02320000000145228	Ripples						0.02320000000145228	11496.8472	5.194894438512562	164.52388681935074	853.804591091766	
11497.4152	0.02080000000023574	Ripples						0.02080000000023574	11497.425599999999	7.010749360526667	154.63581616876115	841.9506386946748	
11498.6496	0.042399999998451676	Ripples						0.042399999998451676	11498.6728	17.622768286876482	175.35418302029768	1458.1916833818332	
11498.912	0.031199999999444117	Ripples						0.031199999999444117	11498.9296	8.674634522562997	164.01460768273444	1148.1606262705575	
11499.128799999999	0.03680000000167638	Ripples						0.03680000000167638	11499.144799999998	16.962076418980676	178.09206389831897	1320.79423028799	
11499.2304	0.03839999999945576	Ripples						0.03839999999945576	11499.248	13.471035932747995	152.28519518826795	1284.6069245033136	
11502.0736	0.030399999999644933	Ripples						0.030399999999644933	11502.0904	10.802782177568858	161.0224326889149	1227.6329085853379	
11502.186399999999	0.04320000000006985	Ripples						0.04320000000006985	11502.200799999999	17.497641643604755	164.70693584584868	1539.6376513093983	
11504.693599999999	0.03360000000066066	Ripples						0.03360000000066066	11504.7104	17.979402366042624	167.9995157604342	1559.5750778563145	
11509.3	0.046399999999266583	Ripples						0.046399999999266583	11509.326399999998	23.790690955976547	167.31494882871496	1732.4427386722061	
11512.7176	0.08079999999972642	Ripples						0.08079999999972642	11512.738399999998	22.65819608353177	165.5697409983872	1838.6997288900277	
11515.5864	0.0632000000005064	Ripples						0.0632000000005064	11515.6392	5.4528833109561905	152.52167955677538	692.8256745360707	
11524.72	0.030400000001463923	Ripples						0.030400000001463923	11524.7344	9.781369671034096	159.03407390757516	1163.1220832707318	
11524.8584	0.032799999999042484	Ripples						0.032799999999042484	11524.872	18.956052853432286	166.70617690564893	1535.0157307818154	
11524.9664	0.05760000000009313	Ripples						0.05760000000009313	11524.9912	23.13054773340692	167.77981857432903	1772.5503349130408	
11526.0648	0.044799999999668216	Ripples						0.044799999999668216	11526.0992	12.818194502916487	161.29734632218143	1198.582700090812	
11527.8904	0.0632000000005064	Ripples						0.0632000000005064	11527.9072	9.287160255796307	156.0897926878867	1141.77279943449	
11528.5232	0.037599999999656575	Ripples						0.037599999999656575	11528.5344	14.81695083613054	177.47046036532575	1240.510758145359	
11528.585599999999	0.07920000000012806	Ripples						0.07920000000012806	11528.637599999998	12.445063089856294	149.50795066785656	1379.426255233507	
11530.128799999999	0.030399999999644933	Ripples						0.030399999999644933	11530.1424	10.602467585834038	159.0214446172225	1189.8180091628974	
11530.997599999999	0.028800000000046566	Ripples						0.028800000000046566	11531.013599999998	16.184559825055853	165.72326499038184	1490.5468585843144	
11531.232	0.021600000000034925	Ripples						0.021600000000034925	11531.243999999999	5.496048170017197	157.27461650734872	803.166495365577	
11535.1512	0.03839999999945576	Ripples						0.03839999999945576	11535.1688	34.82149004862045	163.51267845449027	2118.373697987989	
11535.2216	0.025599999999030842	Ripples						0.025599999999030842	11535.236	16.846186076655325	164.89653510809478	1432.5603330967422	
11540.0384	0.031199999999444117	Ripples						0.031199999999444117	11540.049599999998	12.532383714599948	160.73820499435735	1208.3422609645265	
11541.9048	0.058399999998073326	Ripples						0.058399999998073326	11541.9496	19.53814023695471	166.33656665516713	1659.7890471084402	
11542.0952	0.022399999999834108	Ripples						0.022399999999834108	11542.1096	8.02874453061502	160.8647975063691	957.9561649822691	
11544.684	0.04160000000047148	Ripples						0.04160000000047148	11544.704	24.57598924002923	170.61264546132236	1766.5547952795246	
11544.8144	0.11040000000139116	Ripples						0.11040000000139116	11544.8368	14.501925042475452	175.93577944277993	1321.165747311432	
11547.427199999998	0.047200000000884756	Ripples						0.047200000000884756	11547.455999999998	19.630405430941163	147.39153325085766	1440.341100772925	
11548.8928	0.0455999999994674	Ripples						0.0455999999994674	11548.9288	19.6692069151507	169.5375061693911	1624.3805431845751	
11549.0	273.0	SleepStates											Non-REM
11549.0272	0.08719999999811989	Ripples						0.08719999999811989	11549.076799999999	21.723787920418996	151.27573941381578	1720.1013461452458	
11549.9304	0.04160000000047148	Ripples						0.04160000000047148	11549.9432	9.399592421909587	171.57506662160029	985.3898154670866	
11550.042399999998	0.06160000000090804	Ripples						0.06160000000090804	11550.088	21.677306225003846	163.7076953252355	1610.8639647902028	
11552.7128	0.023999999999432475	Ripples						0.023999999999432475	11552.72	8.62787723793089	165.25036184494192	917.0552370141694	
11555.828	0.03439999999864085	Ripples						0.03439999999864085	11555.8504	10.607887649672136	166.14058910629385	1179.0335749777416	
11556.5232	0.028800000000046566	Ripples						0.028800000000046566	11556.533599999999	7.4393637440625175	161.02744657137802	973.9460634390716	
11561.716799999998	0.03920000000107393	Ripples						0.03920000000107393	11561.7344	17.791004347269656	156.74336326964374	1561.0077128402081	
11561.8168	0.08879999999771826	Ripples						0.08879999999771826	11561.8416	13.543510254723424	151.09003808754673	1290.0263628085752	
11565.8584	0.03200000000106229	Ripples						0.03200000000106229	11565.8776	17.52946058364434	168.2036945792103	1460.7703667207513	
11567.039999999999	0.0455999999994674	Ripples						0.0455999999994674	11567.0576	16.383244826246365	155.0225569256937	1423.9349154781776	
11567.1104	0.09280000000035216	Ripples						0.09280000000035216	11567.1336	17.346623383017782	156.3252372608855	1626.0827425904024	
11567.912799999998	0.1040000000011787	Ripples						0.1040000000011787	11567.928	17.353201502979672	157.7650099803539	1650.0256792971154	
11568.0888	0.04960000000028231	Ripples						0.04960000000028231	11568.105599999999	6.018340361331806	168.14540562832136	834.6377158342603	
11570.013599999998	0.05280000000129803	Ripples						0.05280000000129803	11570.0464	28.329443985397468	158.40681504359912	2119.677133328998	
11571.2136	0.042400000000270666	Ripples						0.042400000000270666	11571.245599999998	13.115688816198892	169.08544654877736	1325.3795144721728	
11571.32	0.03839999999945576	Ripples						0.03839999999945576	11571.3424	34.2550025273466	164.87703653365367	2134.039675125886	
11571.3888	0.032799999999042484	Ripples						0.032799999999042484	11571.4016	20.64230818709849	167.6378670319533	1524.2304780769587	
11584.977599999998	0.06640000000152213	Ripples						0.06640000000152213	11585.0152	24.39861781226852	163.08486596868403	1936.5707028349088	
11586.38	0.06159999999908905	Ripples						0.06159999999908905	11586.4232	11.953854679913357	148.62590651705594	1071.930351840988	
11586.518399999999	0.04320000000006985	Ripples						0.04320000000006985	11586.536	25.30911378151874	161.40026662359307	1947.432905105251	
11586.677599999999	0.03600000000005821	Ripples						0.03600000000005821	11586.7	23.30280353092633	160.16163097399945	1637.3089670982683	
11589.200799999999	0.047200000000884756	Ripples						0.047200000000884756	11589.231199999998	19.352591723306627	157.68465223229853	1601.4722619513607	
11589.3472	0.03919999999925494	Ripples						0.03919999999925494	11589.3672	11.299412117437733	168.865325433995	1267.082589045987	
11589.506399999998	0.03280000000086147	Ripples						0.03280000000086147	11589.5232	26.181061864590603	163.36817078000004	1881.2736573617076	
11589.8712	0.03920000000107393	Ripples						0.03920000000107393	11589.8888	13.073297027009078	153.31703511194334	1257.3266763836998	
11593.271999999999	0.09599999999954889	Ripples						0.09599999999954889	11593.3472	12.398733648841294	149.96087777575096	1078.9865654605999	
11593.452	0.035200000000259024	Ripples						0.035200000000259024	11593.464	15.727717621000249	156.12620851287986	1332.7894737355314	
11594.3184	0.12800000000061118	Ripples						0.12800000000061118	11594.337599999999	18.53465470218238	164.04592586986107	1521.2552347370838	
11603.094399999998	0.05520000000251457	Ripples						0.05520000000251457	11603.121599999999	16.0646569422641	165.0688721320626	1571.6020864272464	
11603.9648	0.02080000000023574	Ripples						0.02080000000023574	11603.972	5.012798961198612	156.89066090150556	715.2392146992581	
11604.9928	0.05439999999907741	Ripples						0.05439999999907741	11605.024	12.160672354548005	158.35786628093877	1454.7346052230312	
11606.5024	0.023999999999432475	Ripples						0.023999999999432475	11606.5128	9.568192551196999	164.04813627444838	1061.778042942177	
11607.5456	0.0408000000006723	Ripples						0.0408000000006723	11607.5704	17.35734278222002	166.38620707446964	1677.760420229496	
11607.9008	0.026399999998830026	Ripples						0.026399999998830026	11607.9136	6.382760597337178	163.07881266228324	896.9261194183293	
11608.431199999999	0.03680000000167638	Ripples						0.03680000000167638	11608.4392	9.017740843668582	156.87055071667254	924.6872589764845	
11610.844	0.028800000000046566	Ripples						0.028800000000046566	11610.86	8.155313884697474	168.2590807463923	1029.863371088874	
11613.0952	0.04399999999986903	Ripples						0.04399999999986903	11613.1264	10.89352763500302	161.67430165236266	1204.2027226308937	
11614.1296	0.09679999999934807	Ripples						0.09679999999934807	11614.148	17.808737711645993	177.60163671657304	1316.4524896123983	
11615.4624	0.05760000000009313	Ripples						0.05760000000009313	11615.4952	16.586260057295604	154.58305191903153	1325.7662285503816	
11619.815999999999	0.03840000000127475	Ripples						0.03840000000127475	11619.8352	19.36319085736459	169.803111482248	1704.9307345158852	
11619.9144	0.053600000001097214	Ripples						0.053600000001097214	11619.9512	27.699597887272976	169.55623768156784	1984.9863941297776	
11620.447199999999	0.07040000000051805	Ripples						0.07040000000051805	11620.496	20.125292831711104	168.68410863634875	1777.3082598100118	
11620.964	0.035199999998440035	Ripples						0.035199999998440035	11620.9888	10.417938082898628	168.37674326746534	1127.3762322122727	
11621.1168	0.0319999999992433	Ripples						0.0319999999992433	11621.1312	12.142799889989634	157.45288753097452	1181.7234269160585	
11622.3368	0.03200000000106229	Ripples						0.03200000000106229	11622.344799999999	11.842027514442503	166.3722984147665	1059.4276024048277	
11622.389599999999	0.0632000000005064	Ripples						0.0632000000005064	11622.428	21.12605941310118	161.94624949682668	1900.3831579879466	
11624.788	0.04159999999865249	Ripples						0.04159999999865249	11624.8208	10.64144606248002	154.8251258368807	889.7214403812696	
11626.2072	0.039999999999054126	Ripples						0.039999999999054126	11626.2184	6.257248691917262	159.38502527263373	871.8494096335863	
11628.686399999999	0.025600000000849832	Ripples						0.025600000000849832	11628.6968	16.865585525441258	169.71153721799644	1351.2897478448085	
11634.599999999999	0.048800000000483124	Ripples						0.048800000000483124	11634.6328	23.70285057090774	169.37584298069217	1796.088244210716	
11636.650399999999	0.060800000001108856	Ripples						0.060800000001108856	11636.6968	20.663629296252125	151.25251872143886	1611.8583756168973	
11638.803199999998	0.04640000000108557	Ripples						0.04640000000108557	11638.8368	8.53962813007556	161.98534632539776	1119.12927116356	
11640.4368	0.07519999999931315	Ripples						0.07519999999931315	11640.4584	37.19510997133669	158.11311375944226	2255.307880558472	
11642.4696	0.023999999999432475	Ripples						0.023999999999432475	11642.4792	5.036516269826475	184.46840512352753	531.3385736550196	
11642.9696	0.05679999999847496	Ripples						0.05679999999847496	11642.9872	12.265632666528791	173.10284731536254	1119.634505356495	
11643.134399999999	0.03680000000167638	Ripples						0.03680000000167638	11643.1512	14.653973334435205	166.48097409640008	1397.9425094088663	
11647.2576	0.031199999997625127	Ripples						0.031199999997625127	11647.2712	5.850904993206793	150.46142999579908	729.3307183376822	
11649.9696	0.07359999999971478	Ripples						0.07359999999971478	11649.9856	23.758339477414324	161.71472861473578	1749.7098535718478	
11650.1264	0.02080000000023574	Ripples						0.02080000000023574	11650.137599999998	6.436026636725074	170.69884732604365	907.8121258300963	
11652.375199999999	0.02480000000105065	Ripples						0.02480000000105065	11652.3904	6.423219516267575	154.98622299515324	828.9876672904852	
11653.4656	0.044799999999668216	Ripples						0.044799999999668216	11653.483199999999	26.104267874423204	167.67205484865835	1912.669777558047	
11653.605599999999	0.040000000000873115	Ripples						0.040000000000873115	11653.6224	33.52438294174275	158.54105483056907	2019.994067563921	
11655.554399999999	0.07120000000031723	Ripples						0.07120000000031723	11655.5936	11.48657854530711	160.0202958651358	1224.0952232677437	
11656.764799999999	0.03200000000106229	Ripples						0.03200000000106229	11656.787199999999	9.103996418350999	159.17059783841628	961.5258147728874	
11658.776	0.03600000000005821	Ripples						0.03600000000005821	11658.7984	12.581133335814156	174.20631788513256	1194.231716264288	
11660.9568	0.03679999999985739	Ripples						0.03679999999985739	11660.972	13.500215203137726	156.95095810944503	1041.617480883795	
11661.0512	0.030399999999644933	Ripples						0.030399999999644933	11661.071199999998	27.484148140642862	162.9676918328102	1726.9194248257809	
11661.4016	0.035200000000259024	Ripples						0.035200000000259024	11661.419999999998	9.754760633443176	155.9764499753163	1125.7341221112713	
11665.5432	0.06079999999928987	Ripples						0.06079999999928987	11665.571199999998	29.917598176307663	160.15269692126938	2082.2633636915302	
11665.686399999999	0.03360000000066066	Ripples						0.03360000000066066	11665.712	5.534838537475022	162.76950555138956	842.8091334067093	
11666.8168	0.07359999999971478	Ripples						0.07359999999971478	11666.8704	11.048170965673023	148.76012241918892	1223.9854143119096	
11666.997599999999	0.03680000000167638	Ripples						0.03680000000167638	11667.0272	7.101028126222449	149.91028631269063	639.1771962288915	
11668.2896	0.09039999999913562	Ripples						0.09039999999913562	11668.3368	10.294701295625003	148.01048375726467	1093.7940896240648	
11669.919999999998	0.07440000000133296	Ripples						0.07440000000133296	11669.9376	23.017943163570337	164.28997488190024	1859.0306120839261	
11671.1392	0.042400000000270666	Ripples						0.042400000000270666	11671.173599999998	5.139735263295427	151.20507220577616	468.245624012447	
11671.3496	0.021600000000034925	Ripples						0.021600000000034925	11671.36	7.638058292606987	159.80445306478825	900.7338969958272	
11671.670399999999	0.03440000000045984	Ripples						0.03440000000045984	11671.684799999999	14.037781729831972	157.20977233428476	1247.7779627058078	
11677.831999999999	0.04640000000108557	Ripples						0.04640000000108557	11677.8512	27.55033200928468	170.93124736515003	2038.1429100633854	
11677.912799999998	0.0768000000025495	Ripples						0.0768000000025495	11677.9728	18.546960671464063	160.1128869460043	1466.7090407373057	
11679.8056	0.03839999999945576	Ripples						0.03839999999945576	11679.8168	5.270108906825066	155.53890876732444	649.8850501481277	
11680.1024	0.04079999999885331	Ripples						0.04079999999885331	11680.1168	17.65863186404075	174.73579519680672	1425.1598831822407	
11684.5104	0.05520000000069558	Ripples						0.05520000000069558	11684.5416	30.3950506338556	157.0260221916397	2039.3428062238445	
11685.3616	0.0591999999996915	Ripples						0.0591999999996915	11685.3888	15.868864693445529	156.21339773122767	1321.9378113694415	
11686.083999999999	0.03360000000066066	Ripples						0.03360000000066066	11686.0976	16.08794134642246	172.06245279405917	1339.8716110969744	
11686.5224	0.0455999999994674	Ripples						0.0455999999994674	11686.547999999999	25.504242574118702	165.54122833129867	1910.6717166610024	
11699.5416	0.05439999999907741	Ripples						0.05439999999907741	11699.576	9.530295295880503	151.17832397580972	1089.445125383292	
11703.5664	0.035199999998440035	Ripples						0.035199999998440035	11703.5832	20.73463029381492	160.5377603234438	1640.8558962346367	
11706.344	0.05200000000149885	Ripples						0.05200000000149885	11706.3576	20.106869083344925	170.46681858796865	1467.50354992395	
11706.4528	0.040000000000873115	Ripples						0.040000000000873115	11706.4728	26.002972516230862	154.85788013652686	1761.2594070658627	
11706.7496	0.03679999999985739	Ripples						0.03679999999985739	11706.7608	10.667609602806497	164.46495160175354	1191.1809012481701	
11707.1896	0.07039999999869906	Ripples						0.07039999999869906	11707.2184	11.533166356709273	153.00348284999922	1269.9972834921955	
11708.692	0.025600000000849832	Ripples						0.025600000000849832	11708.7072	7.844393796038331	158.699214360713	965.4528327465315	
11712.1248	0.039999999999054126	Ripples						0.039999999999054126	11712.1496	25.092195524971405	170.01468003914798	1812.2115929729089	
11712.2496	0.03600000000005821	Ripples						0.03600000000005821	11712.2664	19.85097692584585	159.9404593194958	1635.4642324454894	
11712.6256	0.030399999999644933	Ripples						0.030399999999644933	11712.6456	18.336660004080322	164.18989104350123	1457.1067738210854	
11713.2568	0.06160000000090804	Ripples						0.06160000000090804	11713.2776	9.438836911727572	162.27690317027853	980.0988557096456	
11713.355199999998	0.06640000000152213	Ripples						0.06640000000152213	11713.3848	18.05519175774468	150.2481553895844	1274.700551692734	
11713.4448	0.031199999999444117	Ripples						0.031199999999444117	11713.461599999999	23.218511404130282	159.856154354704	1773.0688364460595	
11714.096	0.04800000000068394	Ripples						0.04800000000068394	11714.127199999999	13.758136573397952	161.6437092091992	1247.930589839272	
11715.2592	0.046399999999266583	Ripples						0.046399999999266583	11715.279999999999	33.43478403943784	160.6069302575661	2245.313470700376	
11715.376799999998	0.04080000000249129	Ripples						0.04080000000249129	11715.3904	20.289866483429616	160.55012243967252	1595.470922978535	
11715.4664	0.021600000000034925	Ripples						0.021600000000034925	11715.4816	6.036233001076185	154.90334470488793	718.7165954441343	
11715.561599999999	0.035200000000259024	Ripples						0.035200000000259024	11715.5896	10.399493078807483	166.04146965449777	1047.638715323833	
11715.988	0.020000000000436557	Ripples						0.020000000000436557	11715.999199999998	6.840820189788152	160.8201342825124	945.3423408117364	
11716.5128	0.03839999999945576	Ripples						0.03839999999945576	11716.5376	14.72734003761752	158.50115647569137	1322.5589944732787	
11717.4296	0.051199999999880674	Ripples						0.051199999999880674	11717.464	25.568804597067782	169.56969628199047	1876.038359203235	
11720.0072	0.035199999998440035	Ripples						0.035199999998440035	11720.0216	17.58813218015278	160.83277840067214	1397.6648059431507	
11720.1328	0.047200000000884756	Ripples						0.047200000000884756	11720.1464	9.132732215240681	161.08784679503023	1155.9912783280486	
11720.2448	0.03919999999925494	Ripples						0.03919999999925494	11720.2624	10.837183517220051	148.10273299924933	918.2431981118865	
11721.4984	0.039999999999054126	Ripples						0.039999999999054126	11721.5224	25.24918713194232	169.33619938731852	1830.4562349645828	
11721.641599999999	0.02479999999923166	Ripples						0.02479999999923166	11721.6552	7.4218068785308215	155.85073328766518	866.7734203368773	
11721.8776	0.09279999999853317	Ripples						0.09279999999853317	11721.9496	28.32574447995393	154.20478870142534	1823.7584456015297	
11722.0816	0.051199999999880674	Ripples						0.051199999999880674	11722.0952	19.061772045199362	158.77816804637314	1643.3567331729525	
11723.3648	0.03679999999985739	Ripples						0.03679999999985739	11723.3888	10.510248163257726	158.9428400033352	1233.791487663149	
11723.4872	0.0591999999996915	Ripples						0.0591999999996915	11723.504	20.24195180438601	160.04271223580875	1652.7975868768003	
11728.304	0.06079999999928987	Ripples						0.06079999999928987	11728.347999999998	23.454604023289154	155.8319910275057	1841.5426760646628	
11732.96	0.02479999999923166	Ripples						0.02479999999923166	11732.9736	12.210715914110375	160.9084902221366	1160.4304045500517	
11737.6888	0.021600000000034925	Ripples						0.021600000000034925	11737.7032	6.691697713215773	160.5613880683303	924.0498369703266	
11739.898399999998	0.024000000001251465	Ripples						0.024000000001251465	11739.9088	6.873220007209695	162.13397353184448	816.5995873594995	
11739.9712	0.04320000000006985	Ripples						0.04320000000006985	11739.9896	15.427971296359926	154.2174641169028	1390.9148860177238	
11740.86	0.0367999999980384	Ripples						0.0367999999980384	11740.876799999998	26.352082703777246	161.27778660211482	1857.6352422069692	
11742.4016	0.09920000000056461	Ripples						0.09920000000056461	11742.434399999998	21.488433239353498	157.45933362475333	1691.907326662156	
11742.7896	0.04320000000006985	Ripples						0.04320000000006985	11742.804	11.703741738906054	159.37711953356833	1040.1194911147643	
11743.436	0.055999999998675776	Ripples						0.055999999998675776	11743.4792	11.7319496618393	161.09241637390235	1279.4087032623763	
11743.722399999999	0.021600000000034925	Ripples						0.021600000000034925	11743.7304	5.711614358132699	161.74211941107333	787.2729949750128	
11744.1896	0.06960000000071886	Ripples						0.06960000000071886	11744.2352	15.284898457656116	147.32985590574685	1297.5923478699574	
11744.3432	0.0319999999992433	Ripples						0.0319999999992433	11744.351999999999	10.893210994517007	159.81487825857863	1130.6197945511017	
11744.4512	0.04160000000047148	Ripples						0.04160000000047148	11744.475999999999	26.347280029133522	162.11463967270348	2001.8016004041622	
11746.833599999998	0.028800000000046566	Ripples						0.028800000000046566	11746.844799999999	9.80371735851402	156.2870107020786	914.4859573720072	
11747.284	0.02479999999923166	Ripples						0.02479999999923166	11747.295999999998	14.451247769311571	169.84986596138904	1291.6906539735187	
11752.4768	0.06879999999910069	Ripples						0.06879999999910069	11752.525599999999	20.16655697200189	154.35389188342742	1690.0363821709127	
11752.9248	0.02959999999802676	Ripples						0.02959999999802676	11752.9368	7.660901574671771	158.44279693372303	920.873746144889	
11754.369599999998	0.040000000000873115	Ripples						0.040000000000873115	11754.383999999998	17.25768693843391	154.18714403185675	1376.9825519179244	
11754.7704	0.08079999999972642	Ripples						0.08079999999972642	11754.7984	21.995012142418066	158.34526830235419	1829.5323175033354	
11755.5832	0.07840000000032887	Ripples						0.07840000000032887	11755.6112	13.875547288844276	159.44040179470016	1384.18397396594	
11755.7768	0.04320000000006985	Ripples						0.04320000000006985	11755.7912	13.922458308077747	156.6492669639695	1325.6156048980554	
11755.8648	0.03679999999985739	Ripples						0.03679999999985739	11755.8776	12.622191965280598	156.9659502926218	1111.4061919984508	
11757.911199999999	0.11600000000180444	Ripples						0.11600000000180444	11758.0096	22.017679392266317	154.55848758390246	1689.8999141480854	
11758.0592	0.06160000000090804	Ripples						0.06160000000090804	11758.0728	9.534404023819112	156.40748449272317	1064.6545752967438	
11762.1024	0.0272000000004482	Ripples						0.0272000000004482	11762.121599999999	5.6682275022044655	154.11697487809082	654.359819413133	
11762.2608	0.037599999999656575	Ripples						0.037599999999656575	11762.272799999999	8.122832373539486	155.6550075399122	871.9726869991297	
11762.855199999998	0.02080000000205473	Ripples						0.02080000000205473	11762.867999999999	8.069216908832377	166.08289471938986	939.7208108639685	
11769.9144	0.030399999999644933	Ripples						0.030399999999644933	11769.934399999998	12.946310417469782	159.38918445010762	1258.1766006651042	
11770.9456	0.11119999999937136	Ripples						0.11119999999937136	11771.036	26.16606767373828	159.23118278813172	1970.3157088050552	
11771.6192	0.08480000000054133	Ripples						0.08480000000054133	11771.651999999998	18.82466957027665	162.99966628866974	1546.101830816303	
11772.7608	0.04079999999885331	Ripples						0.04079999999885331	11772.781599999998	15.11760727163935	159.5441838348717	1543.7404265047714	
11775.235999999999	0.02959999999984575	Ripples						0.02959999999984575	11775.257599999999	5.0996402578515525	149.06309939612896	589.3696006724952	
11775.5672	0.09519999999974971	Ripples						0.09519999999974971	11775.648	11.962413111178778	148.9737890772303	1176.1359359476453	
11776.9864	0.04800000000068394	Ripples						0.04800000000068394	11777.0032	26.884282502107425	166.85293592640178	1748.3984885365746	
11779.8928	0.03679999999985739	Ripples						0.03679999999985739	11779.9064	12.613456108348224	170.92861341416085	1321.4213632789777	
11780.274399999998	0.0272000000004482	Ripples						0.0272000000004482	11780.288799999998	14.590424666141137	159.07749537637247	1304.0805344324604	
11783.52	0.042399999998451676	Ripples						0.042399999998451676	11783.5304	8.026314983193787	172.9018888610797	921.8423537839625	
11783.649599999999	0.047200000000884756	Ripples						0.047200000000884756	11783.663999999999	10.155241026510568	156.23078280754228	999.6728341660418	
11786.4768	0.0319999999992433	Ripples						0.0319999999992433	11786.4952	9.434413965527842	153.55662589794105	1080.6565437081572	
11786.677599999999	0.021600000000034925	Ripples						0.021600000000034925	11786.692	9.51719469046036	154.71813732680792	838.9839989594259	
11786.8344	0.028000000000247383	Ripples						0.028000000000247383	11786.846399999999	15.27332868426899	165.33212938555118	1361.8266942370972	
11791.2016	0.03839999999945576	Ripples						0.03839999999945576	11791.2192	19.917359818625034	167.01188123193663	1650.6679721354817	
11792.8528	0.07839999999850988	Ripples						0.07839999999850988	11792.9144	19.034039250275118	153.0642773514428	1209.0716332960064	
11792.9528	0.04320000000006985	Ripples						0.04320000000006985	11792.970399999998	11.230025213726082	153.67068027554257	1168.9681438193568	
11794.4416	0.055999999998675776	Ripples						0.055999999998675776	11794.475999999999	18.42678931087623	168.56135329025454	1684.6668594484054	
11794.5952	0.025600000000849832	Ripples						0.025600000000849832	11794.607199999999	21.608826481296717	162.57882554708308	1561.6425284767715	
11794.98	0.04079999999885331	Ripples						0.04079999999885331	11794.996799999999	21.13131275557087	156.7451112081378	1722.091597020269	
11795.0992	0.0319999999992433	Ripples						0.0319999999992433	11795.1136	17.786235476520826	161.87556193012102	1516.0458562319852	
11795.9496	0.04719999999906577	Ripples						0.04719999999906577	11795.983199999999	19.17235983100654	162.75890230470543	1703.9672791613805	
11798.3272	0.04320000000006985	Ripples						0.04320000000006985	11798.3488	11.810386038138663	154.77866465342552	1110.21888275029	
11798.4344	0.05999999999949068	Ripples						0.05999999999949068	11798.4512	16.89348651876648	154.50021790309265	1256.2011738194121	
11798.5584	0.04719999999906577	Ripples						0.04719999999906577	11798.578399999999	34.56450774859591	153.63853906911504	1961.7294026498198	
11802.3192	0.028000000000247383	Ripples						0.028000000000247383	11802.3296	8.443760957489959	157.7877859794991	1003.214997773042	
11804.0512	0.030399999999644933	Ripples						0.030399999999644933	11804.0664	12.728879747373798	155.87517014964564	1162.682630683041	
11804.1176	0.026400000000649015	Ripples						0.026400000000649015	11804.1256	5.317674630092727	150.01748863636035	656.2138305547994	
11804.5464	0.030399999999644933	Ripples						0.030399999999644933	11804.569599999999	6.6582817127244684	153.45788461430303	665.4469824826047	
11804.8976	0.028800000000046566	Ripples						0.028800000000046566	11804.916	7.461247132922896	151.369820883862	792.0876679477017	
11805.499199999998	0.05520000000069558	Ripples						0.05520000000069558	11805.5344	20.86962697576191	154.27137117700482	1745.6195551612234	
11805.6328	0.03839999999945576	Ripples						0.03839999999945576	11805.6544	23.44993461194549	161.19577319620507	1787.1345172367623	
11805.795999999998	0.035200000002078013	Ripples						0.035200000002078013	11805.8208	8.966831097083697	154.23702550130298	1076.294493888302	
11808.4424	0.14799999999922875	Ripples						0.14799999999922875	11808.4672	15.549328593293424	166.60653088599193	1499.7783970051069	
11808.668	0.025599999999030842	Ripples						0.025599999999030842	11808.6832	12.651981975930926	161.31685378874374	1249.268672971202	
11811.5888	0.02080000000023574	Ripples						0.02080000000023574	11811.5992	8.013184602245014	162.0756323349404	903.5578443872839	
11813.5288	0.0272000000004482	Ripples						0.0272000000004482	11813.542399999998	29.752864090111277	168.1138404675097	1813.2260671710876	
11817.6184	0.05520000000069558	Ripples						0.05520000000069558	11817.6392	14.698907033900815	160.71529280745952	1509.993071326034	
11817.7376	0.0367999999980384	Ripples						0.0367999999980384	11817.7536	27.12994913773745	160.78866861562372	1905.8139098566137	
11819.3864	0.020000000000436557	Ripples						0.020000000000436557	11819.4	5.107057839829548	166.8379381916824	720.2811178158175	
11819.7128	0.060800000001108856	Ripples						0.060800000001108856	11819.7488	11.518598911927203	151.52767025382414	845.849931897926	
11821.047999999999	0.07120000000031723	Ripples						0.07120000000031723	11821.0872	10.730298337681901	150.62040420512926	1213.8820468212261	
11821.1896	0.042400000000270666	Ripples						0.042400000000270666	11821.2056	14.338160209128114	160.02183591456034	1465.094340070826	
11821.3272	0.10239999999976135	Ripples						0.10239999999976135	11821.4128	15.28922701268272	158.680901026453	1569.20601640751	
11821.499199999998	0.021600000000034925	Ripples						0.021600000000034925	11821.508	7.544744239372666	165.32554765724527	968.8377303586543	
11821.5752	0.0272000000004482	Ripples						0.0272000000004482	11821.592	15.599078101407354	162.0406127893499	1351.3387105907534	
11823.0	9.0	SleepStates											Awake
11831.5536	0.08560000000034051	Ripples						0.08560000000034051	11831.5832	16.22735370990928	171.10847561819187	1408.9426022023777	
11831.664799999999	0.06240000000070722	Ripples						0.06240000000070722	11831.679199999999	10.974673467887175	155.2758321757542	1211.7841823992355	
11833.0	192.0	SleepStates											Non-REM
11835.4296	0.0727999999999156	Ripples						0.0727999999999156	11835.4856	14.628591953195306	163.36810556211313	1170.9837799254826	
11838.6456	0.02959999999984575	Ripples						0.02959999999984575	11838.6616	11.00951558141873	163.8882460332849	1145.042426869636	
11838.767199999998	0.05520000000069558	Ripples						0.05520000000069558	11838.794399999999	28.275830951354397	158.12389617717017	2078.634058688649	
11841.431999999999	0.08960000000115542	Ripples						0.08960000000115542	11841.461599999999	10.173038727542469	150.06205830239298	1005.223549509148	
11842.403999999999	0.0272000000004482	Ripples						0.0272000000004482	11842.4216	8.902230858294272	156.2533533366363	904.3565376126089	
11842.6392	0.04719999999906577	Ripples						0.04719999999906577	11842.6512	10.97496212890803	162.43616011957047	1186.56981302936	
11843.3944	0.025600000000849832	Ripples						0.025600000000849832	11843.409599999999	9.737006298687092	154.5510115060737	907.2182572523641	
11843.4792	0.048799999998664134	Ripples						0.048799999998664134	11843.5168	7.1142667088469205	155.94527204374475	781.2754355893078	
11845.8544	0.02959999999984575	Ripples						0.02959999999984575	11845.8712	13.59253341007611	174.65317185779233	1228.66976728556	
11846.1104	0.037599999999656575	Ripples						0.037599999999656575	11846.135199999999	12.982752641272183	166.6046979036385	1398.394217941704	
11851.793599999999	0.0632000000005064	Ripples						0.0632000000005064	11851.8312	14.741316120824072	152.37158789150413	1225.1957151937206	
11852.475199999999	0.06400000000030559	Ripples						0.06400000000030559	11852.496	14.7534313716111	149.40548412092753	1310.7043864910247	
11853.3512	0.03839999999945576	Ripples						0.03839999999945576	11853.3672	38.79494778701638	167.42928612937214	2210.416486129077	
11853.5312	0.03679999999985739	Ripples						0.03679999999985739	11853.5456	17.616299019960284	157.67440268999184	1472.0494024471705	
11854.1832	0.03919999999925494	Ripples						0.03919999999925494	11854.1976	28.803738297379766	159.96027379501405	1846.2965745395013	
11857.4592	0.039999999999054126	Ripples						0.039999999999054126	11857.4792	29.316823649028372	162.61297649197527	2044.3858221061905	
11857.5384	0.04800000000068394	Ripples						0.04800000000068394	11857.563999999998	22.733852298627426	162.7965569098776	1983.6730302886006	
11859.171199999999	0.025600000000849832	Ripples						0.025600000000849832	11859.186399999999	6.561503826169227	154.91750886127173	818.6353913233644	
11862.4088	0.06240000000070722	Ripples						0.06240000000070722	11862.425599999999	18.360273065335587	165.29180988421956	1612.805773273382	
11867.416799999999	0.03840000000127475	Ripples						0.03840000000127475	11867.4344	23.45946368299961	158.21939375596816	1720.9629154184915	
11868.4408	0.03359999999884167	Ripples						0.03359999999884167	11868.454399999999	13.763495218315422	164.30308738267013	1416.7230151565727	
11872.9864	0.10399999999935972	Ripples						0.10399999999935972	11873.011999999999	23.100151611860646	156.08867378527887	1632.1265930789148	
11873.155999999999	0.05199999999967986	Ripples						0.05199999999967986	11873.1736	15.008032244192352	154.13809596226469	1440.026188815785	
11875.2184	0.039999999999054126	Ripples						0.039999999999054126	11875.236799999999	10.065278195465314	147.1972252822586	1039.4252742366525	
11875.3096	0.03919999999925494	Ripples						0.03919999999925494	11875.324	16.893285174018537	154.49910584836348	1378.2617929130122	
11875.7704	0.04800000000068394	Ripples						0.04800000000068394	11875.8048	16.027444334895808	154.38136104998645	1289.849025093615	
11875.8872	0.053600000001097214	Ripples						0.053600000001097214	11875.9136	12.545712809528283	147.97102488878798	1169.4462015857437	
11876.1152	0.06639999999970314	Ripples						0.06639999999970314	11876.1528	13.236297547432898	151.21891954162172	1251.9844313431295	
11877.0976	0.06480000000010477	Ripples						0.06480000000010477	11877.1384	14.085668768756904	154.29143763712165	1429.9061885912884	
11879.643199999999	0.02960000000166474	Ripples						0.02960000000166474	11879.66	18.854402643292715	169.85493487557784	1472.5221059791165	
11879.7264	0.06160000000090804	Ripples						0.06160000000090804	11879.7536	18.339273223969958	172.08655595568578	1618.0993941599324	
11880.6592	0.030399999999644933	Ripples						0.030399999999644933	11880.671199999999	10.110834463366574	155.845082966241	981.6307987007494	
11880.774399999998	0.0408000000006723	Ripples						0.0408000000006723	11880.7856	11.577520960339312	157.2475810855791	1021.4148703750033	
11880.8544	0.022399999999834108	Ripples						0.022399999999834108	11880.8696	6.301720427815201	154.22903804863392	693.3408340945343	
11883.1984	0.023999999999432475	Ripples						0.023999999999432475	11883.212	18.52957851281422	161.71200591223862	1375.4090477807815	
11883.3344	0.02479999999923166	Ripples						0.02479999999923166	11883.3456	11.322962107356283	156.18146237150486	1057.8600963658807	
11884.954399999999	0.11840000000120199	Ripples						0.11840000000120199	11885.0488	21.360624764748458	150.35117665436607	1672.462847990181	
11886.648799999999	0.03840000000127475	Ripples						0.03840000000127475	11886.6624	10.21044296312	159.03421472093703	1117.1828358277573	
11886.831999999999	0.08800000000155705	Ripples						0.08800000000155705	11886.9064	13.539901185854102	152.31795059959853	1233.1805974584288	
11888.9072	0.02959999999984575	Ripples						0.02959999999984575	11888.9208	23.875847528551333	166.21008439125265	1712.736646152141	
11889.056	0.044799999999668216	Ripples						0.044799999999668216	11889.0704	15.069372270363093	157.77021617532844	1365.7946759946722	
11891.2304	0.035199999998440035	Ripples						0.035199999998440035	11891.256	13.338190110685302	157.47132907078972	958.1002265152961	
11891.6552	0.06639999999970314	Ripples						0.06639999999970314	11891.6976	10.828757194822822	149.55849340213825	1078.595559941985	
11891.794399999999	0.051200000001699664	Ripples						0.051200000001699664	11891.8096	5.862131244296919	155.98911187375924	878.765369308449	
11891.9288	0.048799999998664134	Ripples						0.048799999998664134	11891.9584	9.48987308264736	165.8629690786195	1173.270006277328	
11892.0536	0.03919999999925494	Ripples						0.03919999999925494	11892.0672	21.960305169446244	168.2393403754479	1651.2407855133094	
11893.9416	0.02479999999923166	Ripples						0.02479999999923166	11893.9528	16.268330200580134	162.90008344934145	1417.9148196099286	
11894.0504	0.06639999999970314	Ripples						0.06639999999970314	11894.068	15.07296857497075	153.6278731975702	1397.269824502627	
11895.975999999999	0.044799999999668216	Ripples						0.044799999999668216	11895.9872	5.296855114747382	156.86974048267533	828.3537607646913	
11903.4448	0.08719999999993888	Ripples						0.08719999999993888	11903.5096	18.45191768018879	157.35710312448037	1850.4256331366796	
11903.604	0.028000000000247383	Ripples						0.028000000000247383	11903.6152	7.899453410056662	155.06790531419168	979.3862131506477	
11909.281599999998	0.05200000000149885	Ripples						0.05200000000149885	11909.3096	19.258099017104552	160.04001899394913	1701.142125841341	
11910.2272	0.021600000000034925	Ripples						0.021600000000034925	11910.2392	7.108562883689934	153.48962876532084	866.3723976693962	
11911.257599999999	0.05520000000069558	Ripples						0.05520000000069558	11911.2912	20.81475232945964	149.76449408645905	1609.441778644654	
11912.884	0.026399999998830026	Ripples						0.026399999998830026	11912.903199999999	5.426622826849697	153.45691299193717	736.8270037682985	
11913.0968	0.04160000000047148	Ripples						0.04160000000047148	11913.128799999999	5.769608282170495	158.48243979082886	705.2563624587749	
11919.9008	0.030399999999644933	Ripples						0.030399999999644933	11919.9128	5.550341148842746	148.71276612761653	664.7427536381316	
11920.4792	0.022399999999834108	Ripples						0.022399999999834108	11920.4872	5.494771910408918	158.9928457933194	770.2910968846837	
11921.1872	0.06079999999928987	Ripples						0.06079999999928987	11921.2048	8.341594413867194	154.15399823755305	963.8723169181069	
11921.787199999999	0.02960000000166474	Ripples						0.02960000000166474	11921.8056	12.143219498650291	155.42546470640883	1073.7923059488542	
11921.8872	0.05680000000029395	Ripples						0.05680000000029395	11921.918399999999	10.845497884601404	155.5267347193926	1109.483201294936	
11922.0232	0.023999999999432475	Ripples						0.023999999999432475	11922.033599999999	13.16976627157347	163.23387448188205	1240.1956465660871	
11922.6552	0.028800000000046566	Ripples						0.028800000000046566	11922.6624	8.250682143183662	159.79940546068656	840.9503873070101	
11923.4672	0.026400000000649015	Ripples						0.026400000000649015	11923.475999999999	6.137304413115407	154.95472824115618	611.4485649667664	
11923.7016	0.06719999999950232	Ripples						0.06719999999950232	11923.7128	7.028561672743322	160.214287574262	698.2873544372726	
11931.1824	0.03600000000005821	Ripples						0.03600000000005821	11931.2024	7.093519843311368	160.50624388441656	1083.9110069278577	
11934.9872	0.03839999999945576	Ripples						0.03839999999945576	11935.018399999999	5.908408111218852	158.7397139503903	888.3649658197367	
11944.186399999999	0.03840000000127475	Ripples						0.03840000000127475	11944.1968	8.305333935517453	164.91732638624592	1061.7081572022857	
11945.9232	0.03920000000107393	Ripples						0.03920000000107393	11945.9336	13.587251499831021	162.5058681071325	1248.4321715834953	
11946.844799999999	0.04800000000068394	Ripples						0.04800000000068394	11946.8648	23.37407737666509	165.98456641913992	1893.1926480567327	
11947.0016	0.04160000000047148	Ripples						0.04160000000047148	11947.027999999998	18.10947356319539	164.68450353385512	1619.8415024612423	
11947.1112	0.08400000000074215	Ripples						0.08400000000074215	11947.128799999999	37.73712438028422	159.13214911695152	2294.2682910769263	
11951.788799999998	0.03280000000086147	Ripples						0.03280000000086147	11951.7976	14.97761687429274	166.74430768178667	1280.3780809069515	
11951.859199999999	0.09920000000056461	Ripples						0.09920000000056461	11951.9416	15.391850753135092	155.08083901106903	1381.0138847224403	
11952.0488	0.037599999999656575	Ripples						0.037599999999656575	11952.069599999999	15.11045940164393	166.44967980454564	1328.0550498951463	
11952.7544	0.03679999999985739	Ripples						0.03679999999985739	11952.771999999999	30.689659399544148	160.4074581232319	2048.00138364239	
11953.518399999999	0.040000000000873115	Ripples						0.040000000000873115	11953.5368	18.770172929768265	154.61059779181664	1432.1590407948909	
11953.716	0.0367999999980384	Ripples						0.0367999999980384	11953.731199999998	13.445134546525956	151.7509828270258	1212.5312376702993	
11954.148799999999	0.03920000000107393	Ripples						0.03920000000107393	11954.171199999999	10.218996462125862	161.3319497222549	1242.6151464687482	
11954.2496	0.048800000000483124	Ripples						0.048800000000483124	11954.258399999999	7.049241361270353	158.51314988882902	946.0215514082388	
11955.776	0.053599999999278225	Ripples						0.053599999999278225	11955.793599999999	24.010134904655402	162.25410066969897	1696.444986495188	
11956.0056	0.023999999999432475	Ripples						0.023999999999432475	11956.0168	9.145452517826403	157.92902678399486	1086.7657867076618	
11956.8224	0.03600000000005821	Ripples						0.03600000000005821	11956.8344	17.429848929714776	162.39874508137476	1335.5628032683094	
11957.164799999999	0.07359999999971478	Ripples						0.07359999999971478	11957.221599999999	17.461669510067317	159.72928874412833	1607.3697039842318	
11957.2992	0.02480000000105065	Ripples						0.02480000000105065	11957.310399999998	11.84191383845158	158.57146977431347	1175.2924555795644	
11959.0704	0.12239999999837892	Ripples						0.12239999999837892	11959.178399999999	21.193004993743028	157.0730564490844	1655.7890509727965	
11959.8112	0.039999999999054126	Ripples						0.039999999999054126	11959.8336	24.98006249604035	161.6223304050029	1874.6121219762467	
11960.859199999999	0.035200000000259024	Ripples						0.035200000000259024	11960.875199999999	16.66109898049661	164.97563404411247	1539.686372777378	
11961.1328	0.0319999999992433	Ripples						0.0319999999992433	11961.144	11.129033650013724	162.22812190251236	1199.3870047614473	
11961.238399999998	0.08720000000175787	Ripples						0.08720000000175787	11961.252799999998	21.290331852430242	156.92848040450173	1594.485404739333	
11962.8352	0.046399999999266583	Ripples						0.046399999999266583	11962.859199999999	15.576967676716981	167.67707632180716	1561.9814180588933	
11963.1536	0.04399999999986903	Ripples						0.04399999999986903	11963.177599999999	14.72412414565125	154.8061273351587	1372.0461017170596	
11969.82	0.0319999999992433	Ripples						0.0319999999992433	11969.8384	15.076414430262444	154.37752073733023	1180.3690584386732	
11969.9272	0.06559999999990396	Ripples						0.06559999999990396	11969.9576	11.789527652992186	155.9377676179629	1153.7428893592848	
11970.2928	0.03919999999925494	Ripples						0.03919999999925494	11970.3096	20.323789281356486	168.67751616817384	1681.114771605157	
11970.376	0.05679999999847496	Ripples						0.05679999999847496	11970.3936	21.868808022041907	161.8289956913354	1807.0576200956002	
11970.9696	0.04079999999885331	Ripples						0.04079999999885331	11970.9936	18.825616655430544	158.7768429135709	1655.4324518386893	
11971.072	0.05999999999949068	Ripples						0.05999999999949068	11971.107199999999	20.392006935332496	151.83596017192642	1568.2764603796052	
11972.539999999999	0.08960000000115542	Ripples						0.08960000000115542	11972.5576	13.261069523927983	152.77102130896736	1296.5715682487114	
11979.4072	0.021600000000034925	Ripples						0.021600000000034925	11979.4216	12.587041873984163	169.4472755610606	1061.1659541237307	
11979.5144	0.05279999999947904	Ripples						0.05279999999947904	11979.5344	35.033719102071	157.2767687328949	2132.0095060309836	
11980.0864	0.022399999999834108	Ripples						0.022399999999834108	11980.098399999999	8.546650238332878	157.80195718166064	921.3116788150772	
11980.8656	0.047200000000884756	Ripples						0.047200000000884756	11980.895999999999	18.035794082757796	162.69480239541193	1701.9558451561127	
11982.078399999999	0.031200000001263106	Ripples						0.031200000001263106	11982.0904	8.143799928324782	158.32864695251675	1019.8896358069394	
11983.2016	0.039999999999054126	Ripples						0.039999999999054126	11983.216	18.56818339003148	158.52080198332663	1400.820314924349	
11984.2992	0.06559999999990396	Ripples						0.06559999999990396	11984.3552	11.668066364338838	157.28010396958194	994.7821714746498	
11984.4136	0.04320000000006985	Ripples						0.04320000000006985	11984.4336	17.479702091757698	173.74358645281183	1595.089190199694	
11984.5232	0.0455999999994674	Ripples						0.0455999999994674	11984.547999999999	22.660549459165185	149.73684169219717	1490.7626129517005	
11987.098399999999	0.023199999999633292	Ripples						0.023199999999633292	11987.1064	6.126420293479837	154.90124361091452	654.2532569126892	
11987.6224	0.07679999999891152	Ripples						0.07679999999891152	11987.6304	16.086304318926263	161.61157356112426	1236.8087892261617	
11990.903999999999	0.037600000001475564	Ripples						0.037600000001475564	11990.917599999999	17.53986950925688	155.87140839479665	1234.6520439029034	
11992.6544	0.022399999999834108	Ripples						0.022399999999834108	11992.6656	7.613208101249021	158.3346141090333	869.0429600306945	
11992.7304	0.055999999998675776	Ripples						0.055999999998675776	11992.7416	6.949433165959383	157.3004807747232	773.6361110455072	
11993.265599999999	0.03360000000066066	Ripples						0.03360000000066066	11993.286399999999	7.834223012848323	157.61028110231354	1001.5907978064544	
11993.3944	0.0544000000008964	Ripples						0.0544000000008964	11993.4056	8.588363507879803	152.577798498764	906.2212241307983	
11998.018399999999	0.07920000000012806	Ripples						0.07920000000012806	11998.0464	26.10132466927028	159.86211039183254	1876.0937775480427	
11999.880799999999	0.03600000000005821	Ripples						0.03600000000005821	11999.9008	19.314453825781662	164.31621897221135	1633.4219799426592	
12001.807999999999	0.022399999999834108	Ripples						0.022399999999834108	12001.8168	10.543184607535837	160.45845480218267	1010.8324080109849	
12001.8992	0.06559999999990396	Ripples						0.06559999999990396	12001.918399999999	15.135769912808971	166.78598046568533	1337.6344534907764	
12002.228799999999	0.05279999999947904	Ripples						0.05279999999947904	12002.250399999999	22.963477294951787	152.91581022755477	1757.9619675249664	
12002.3856	0.022399999999834108	Ripples						0.022399999999834108	12002.395999999999	11.975442757094184	165.4550046067247	1185.9622480489209	
12002.5464	0.05280000000129803	Ripples						0.05280000000129803	12002.5816	10.006624060252634	157.0906629366124	1080.1819931172483	
12004.228	0.03440000000045984	Ripples						0.03440000000045984	12004.245599999998	19.994777340650877	157.1713488040465	1607.313827896161	
12004.3584	0.03920000000107393	Ripples						0.03920000000107393	12004.3872	9.78037252748238	171.91689365137373	1081.4855117718732	
12008.2184	0.0319999999992433	Ripples						0.0319999999992433	12008.24	6.207127412578003	158.97188757721833	945.8220908273421	
12008.484799999998	0.03680000000167638	Ripples						0.03680000000167638	12008.5104	16.182495976253346	152.35687511842323	1220.8825893877645	
12010.910399999999	0.0408000000006723	Ripples						0.0408000000006723	12010.9416	7.03722347851753	157.716447707027	937.7373824560058	
12011.0288	0.03919999999925494	Ripples						0.03919999999925494	12011.047199999999	34.83753347484708	164.02805072677074	2134.941283505659	
12011.142399999999	0.03280000000086147	Ripples						0.03280000000086147	12011.157599999999	8.344811116774318	148.863941330919	936.1689695650252	
12011.2408	0.06880000000091968	Ripples						0.06880000000091968	12011.2552	6.270351833070089	149.53468612410975	906.0888011211517	
12011.452	0.021600000000034925	Ripples						0.021600000000034925	12011.4632	5.2987424689173555	159.66790301184577	809.7225961627917	
12011.5808	0.02479999999923166	Ripples						0.02479999999923166	12011.592	16.792015669682115	163.14380395711825	1417.7847320622302	
12012.2376	0.021600000000034925	Ripples						0.021600000000034925	12012.252	10.57472747580646	159.75917323349216	1004.8200558488866	
12012.3784	0.02080000000023574	Ripples						0.02080000000023574	12012.3856	7.816410501533082	162.72146151457898	919.025275619478	
12012.4632	0.05279999999947904	Ripples						0.05279999999947904	12012.488	23.433948998588157	168.3394051295756	1825.5749491628196	
12014.1752	0.03919999999925494	Ripples						0.03919999999925494	12014.192799999999	5.754844626630859	151.18464056677223	743.1517747227973	
12017.916799999999	0.020000000000436557	Ripples						0.020000000000436557	12017.9272	6.668045943437366	170.22658246977215	872.1361523717819	
12020.36	0.03359999999884167	Ripples						0.03359999999884167	12020.3856	6.437087710527507	154.507115163892	756.3665909370917	
12022.679199999999	0.028000000000247383	Ripples						0.028000000000247383	12022.6904	10.052905229563548	158.42134902062813	984.9595061121065	
12023.0128	0.021600000000034925	Ripples						0.021600000000034925	12023.024	5.266857697932288	151.23400157907741	770.463911555081	
12026.0	8.0	SleepStates											Awake
12032.960799999999	0.03440000000045984	Ripples						0.03440000000045984	12032.975199999999	8.920262569739172	158.1448184437006	1145.4194154829195	
12035.0	343.0	SleepStates											Non-REM
12036.6176	0.042400000000270666	Ripples						0.042400000000270666	12036.6392	15.723655510891453	157.24313879457483	1523.2355968684885	
12037.851999999999	0.0272000000004482	Ripples						0.0272000000004482	12037.8656	9.790293843635448	161.58482680416753	1091.1559646005735	
12038.5176	0.10560000000077707	Ripples						0.10560000000077707	12038.6024	19.467822708952905	157.16011968317744	1755.4472489126283	
12038.7056	0.030399999999644933	Ripples						0.030399999999644933	12038.72	29.872231769689115	162.40175719035275	1894.6528260261289	
12043.771999999999	0.04160000000047148	Ripples						0.04160000000047148	12043.786399999999	16.56272391368411	158.26510121737604	1520.129532212759	
12043.8552	0.042400000000270666	Ripples						0.042400000000270666	12043.8872	7.837941281289046	157.74731807211646	896.2299557858879	
12046.8208	0.03600000000005821	Ripples						0.03600000000005821	12046.8344	12.262460073051956	151.80502996205985	1040.2404952638922	
12046.880799999999	0.12319999999999709	Ripples						0.12319999999999709	12046.977599999998	18.52294943760912	160.17000696081615	1617.5371194362824	
12047.991999999998	0.0632000000005064	Ripples						0.0632000000005064	12048.024	23.595286264543986	163.3885251661719	1769.2591334873873	
12048.1208	0.03359999999884167	Ripples						0.03359999999884167	12048.1376	20.337788430785587	163.19683019300933	1635.2659591384595	
12051.880799999999	0.040000000000873115	Ripples						0.040000000000873115	12051.903999999999	15.488446445023788	161.55425881905393	1563.6733064729951	
12052.0008	0.07519999999931315	Ripples						0.07519999999931315	12052.0176	29.130857117762837	159.5176119843606	1749.6278811837892	
12054.16	0.0591999999996915	Ripples						0.0591999999996915	12054.1744	23.714542696367147	162.80914006600705	1717.414275955504	
12054.2464	0.07200000000011642	Ripples						0.07200000000011642	12054.2784	20.60376793411487	155.7198765422007	1751.6087488859002	
12054.6296	0.03439999999864085	Ripples						0.03439999999864085	12054.650399999999	16.08365085960832	160.4068872755489	1482.454835576188	
12056.0344	0.031199999999444117	Ripples						0.031199999999444117	12056.047199999999	11.151592542369022	162.75036216012944	989.7367394105863	
12057.92	0.04960000000028231	Ripples						0.04960000000028231	12057.9448	6.9894387178309705	153.54567339760175	1043.7644518523416	
12059.268	0.03440000000045984	Ripples						0.03440000000045984	12059.276	6.129295749410068	154.65162339422443	628.1050206555807	
12059.431199999999	0.02080000000023574	Ripples						0.02080000000023574	12059.439199999999	5.329984544236924	162.99852977621183	857.769053238006	
12061.1192	0.05520000000069558	Ripples						0.05520000000069558	12061.144	20.76678986008034	158.19493948388862	1539.7670943067521	
12064.164799999999	0.04400000000168802	Ripples						0.04400000000168802	12064.185599999999	14.309005809115149	161.56399402312695	1402.6512422732928	
12064.4576	0.02959999999984575	Ripples						0.02959999999984575	12064.4736	13.507844210082908	170.55459385594267	1295.4759627099836	
12065.287199999999	0.06240000000070722	Ripples						0.06240000000070722	12065.3112	18.84741416233444	157.0011045338235	1458.908119144668	
12066.4488	0.02479999999923166	Ripples						0.02479999999923166	12066.4632	7.45258234991389	155.36656933254258	862.6259880875488	
12068.1816	0.053599999999278225	Ripples						0.053599999999278225	12068.1952	13.963800505377321	156.37083485081502	1271.6669624456144	
12070.3704	0.044799999999668216	Ripples						0.044799999999668216	12070.4008	15.10585149631311	154.66412576794758	1382.8584769832114	
12075.2184	0.026400000000649015	Ripples						0.026400000000649015	12075.236799999999	7.686813087475412	156.04783846506734	875.038155074142	
12078.9384	0.028800000000046566	Ripples						0.028800000000046566	12078.9552	11.66085596019081	156.05553447304464	959.8330240797867	
12078.988	0.028800000000046566	Ripples						0.028800000000046566	12079.0072	7.5784996488579415	156.0931655466219	786.480278034173	
12079.7448	0.037599999999656575	Ripples						0.037599999999656575	12079.7592	10.32077430438028	174.63236983137622	1148.928814148849	
12087.527999999998	0.03680000000167638	Ripples						0.03680000000167638	12087.552	8.31616627262102	158.70366295055067	1033.554628523739	
12087.72	0.07040000000051805	Ripples						0.07040000000051805	12087.745599999998	14.227044106704504	149.17257252042688	1352.9403283474614	
12087.8472	0.023199999999633292	Ripples						0.023199999999633292	12087.8584	7.608459805950994	152.89000117641942	860.3165037694225	
12088.008	0.0319999999992433	Ripples						0.0319999999992433	12088.024	8.794058586294513	167.67354042964632	1177.4090909526512	
12092.135199999999	0.025600000000849832	Ripples						0.025600000000849832	12092.144	12.387823303695793	164.59721611021993	1149.6340109792586	
12093.960799999999	0.021600000000034925	Ripples						0.021600000000034925	12093.972	6.5429778797773	153.35458281021064	853.2475855460303	
12095.539999999999	0.02480000000105065	Ripples						0.02480000000105065	12095.5512	14.875890373944515	162.4775481295505	1361.3819974520165	
12095.6968	0.09679999999934807	Ripples						0.09679999999934807	12095.735999999999	24.30414072576444	151.4628384850723	1654.6463684704013	
12096.0	0.027999999998428393	Ripples						0.027999999998428393	12096.02	6.630038176007402	152.65959902090913	716.9172633703148	
12096.0672	0.03920000000107393	Ripples						0.03920000000107393	12096.078399999999	5.263668723779848	165.52840004412508	602.9857005059292	
12096.1992	0.03679999999985739	Ripples						0.03679999999985739	12096.2168	10.23319809744156	158.77380468000868	1227.663994509161	
12107.0072	0.037599999999656575	Ripples						0.037599999999656575	12107.024	20.74908771181824	159.23580627950585	1668.0093876211815	
12108.722399999999	0.035200000000259024	Ripples						0.035200000000259024	12108.7408	17.380595878460706	152.37778831130464	1240.4890948877426	
12109.2616	0.03439999999864085	Ripples						0.03439999999864085	12109.279199999999	16.5355180836427	157.28414512778573	1413.4232392570327	
12114.207199999999	0.05999999999949068	Ripples						0.05999999999949068	12114.228799999999	8.859072050614623	156.3267374790312	1062.2134779425867	
12114.328	0.06159999999908905	Ripples						0.06159999999908905	12114.3504	11.298406997545293	150.29573157788005	1114.5039215429445	
12120.141599999999	0.023199999999633292	Ripples						0.023199999999633292	12120.155999999999	8.923087262889002	157.7488888822238	877.4856757124561	
12120.2176	0.04959999999846332	Ripples						0.04959999999846332	12120.2464	14.771875210597567	157.094725223643	1429.3519776434955	
12121.36	0.030399999999644933	Ripples						0.030399999999644933	12121.3768	25.454593007379263	165.77216873201579	1795.8977037068344	
12121.540799999999	0.06000000000130967	Ripples						0.06000000000130967	12121.5872	16.71275176660776	161.43785434000307	1587.3484374940504	
12122.9784	0.030399999999644933	Ripples						0.030399999999644933	12122.988	13.846157084795541	162.35969383052444	1193.4376865260388	
12125.3056	0.0727999999999156	Ripples						0.0727999999999156	12125.323199999999	26.716635911823698	159.1415195092656	1947.4081880686615	
12126.468799999999	0.06240000000070722	Ripples						0.06240000000070722	12126.504799999999	16.100510154307585	166.2633876176988	1446.4012078221172	
12126.5888	0.03440000000045984	Ripples						0.03440000000045984	12126.607199999999	15.281260862825583	156.74908585016885	1397.4718909998517	
12126.6544	0.020000000000436557	Ripples						0.020000000000436557	12126.664799999999	8.667410964769436	170.1710490058458	983.4202194821579	
12127.793599999999	0.04640000000108557	Ripples						0.04640000000108557	12127.812	8.705284330657062	149.24791322791646	876.5590074398523	
12127.996	0.031200000001263106	Ripples						0.031200000001263106	12128.013599999998	5.50505419644109	154.10439746840953	905.276834603612	
12128.1392	0.028800000000046566	Ripples						0.028800000000046566	12128.150399999999	7.298720989878747	155.96679370607762	834.9153142834175	
12129.1168	0.035200000000259024	Ripples						0.035200000000259024	12129.128	9.76140057645546	159.62464644632894	1084.555311767191	
12129.3328	0.023999999999432475	Ripples						0.023999999999432475	12129.344	10.632576946869978	167.85691259200172	1193.173030041937	
12132.903999999999	0.026400000000649015	Ripples						0.026400000000649015	12132.916	6.7834761907857875	153.46795368590836	899.5870238118157	
12134.179199999999	0.03280000000086147	Ripples						0.03280000000086147	12134.192799999999	18.421861044576794	164.37252263909696	1524.1787626114688	
12140.892	0.04799999999886495	Ripples						0.04799999999886495	12140.916	9.48876928332779	149.64727659733376	979.5580814293468	
12140.961599999999	0.03600000000005821	Ripples						0.03600000000005821	12140.975999999999	10.726649266097516	157.96069108291476	1059.9749216878429	
12141.047199999999	0.03200000000106229	Ripples						0.03200000000106229	12141.063999999998	10.930733858310333	172.04291123524087	1119.5593883041245	
12142.1152	0.05279999999947904	Ripples						0.05279999999947904	12142.1544	8.821953879611925	154.54977123680516	1027.9412869977634	
12142.8872	0.04640000000108557	Ripples						0.04640000000108557	12142.9	6.799119137867813	172.90319861062542	938.3801896726808	
12142.991999999998	0.048800000000483124	Ripples						0.048800000000483124	12143.011199999999	32.773411403643806	166.6608587190742	2122.457762700172	
12146.4344	0.06639999999970314	Ripples						0.06639999999970314	12146.4432	10.623450932772235	168.26537139290886	1005.96121912191	
12146.568	0.06000000000130967	Ripples						0.06000000000130967	12146.6032	14.632662752510564	149.46558771049442	1486.1724162785856	
12147.6016	0.051199999999880674	Ripples						0.051199999999880674	12147.6264	9.925376935050515	151.8930553590318	890.2214922540848	
12148.214399999999	0.020000000000436557	Ripples						0.020000000000436557	12148.2264	6.737882302378456	160.05985774562342	766.4601243657306	
12150.424799999999	0.0272000000004482	Ripples						0.0272000000004482	12150.444	6.854011427463321	154.55438676530065	743.9399342453647	
12151.712	0.03280000000086147	Ripples						0.03280000000086147	12151.72	5.359819024896095	152.62302052463505	630.6332234041023	
12152.409599999999	0.04160000000047148	Ripples						0.04160000000047148	12152.4376	25.726948513829786	160.59457962662677	1886.3046967224955	
12152.571199999998	0.03680000000167638	Ripples						0.03680000000167638	12152.591199999999	15.758946863888402	156.57578314769154	1419.4333634843003	
12153.8904	0.04320000000006985	Ripples						0.04320000000006985	12153.9016	23.947632976663893	155.6098950070661	1581.4534797716487	
12154.039999999999	0.09519999999974971	Ripples						0.09519999999974971	12154.0904	12.053663416512569	149.8216311461098	1253.6598357169648	
12156.1608	0.021600000000034925	Ripples						0.021600000000034925	12156.1728	9.489716607826125	167.8496894182126	1023.4591180916688	
12165.5464	0.06720000000132131	Ripples						0.06720000000132131	12165.5968	23.511663817741177	160.6583265766503	1789.1656330460585	
12169.6032	0.042400000000270666	Ripples						0.042400000000270666	12169.6176	15.254360611058937	160.52466190158248	1266.2085950669345	
12174.328	0.035200000000259024	Ripples						0.035200000000259024	12174.344	6.996765519580173	168.49343512237886	1079.1609330340314	
12180.9888	0.047200000000884756	Ripples						0.047200000000884756	12181.026399999999	7.241225158162196	168.60213598934118	970.6991773480432	
12181.1008	0.035199999998440035	Ripples						0.035199999998440035	12181.1088	6.5062240526497455	154.09593458892527	657.9283872677037	
12182.2352	0.035200000000259024	Ripples						0.035200000000259024	12182.248	11.366672601537388	163.37456315078492	1014.5858084023322	
12183.788	0.027999999998428393	Ripples						0.027999999998428393	12183.803199999998	11.007699335689411	158.52196535382842	1030.5004328560103	
12183.8872	0.02080000000023574	Ripples						0.02080000000023574	12183.9008	7.388477753070922	158.91654181175463	858.1306782606092	
12186.7408	0.03679999999985739	Ripples						0.03679999999985739	12186.7704	9.353364931294042	154.51704213533955	916.8857018816982	
12187.307999999999	0.03600000000005821	Ripples						0.03600000000005821	12187.3224	15.887147369628291	154.77120877119737	1297.5837692468565	
12187.853599999999	0.02480000000105065	Ripples						0.02480000000105065	12187.867999999999	5.559845258753407	153.59135695386507	736.113049347547	
12189.3552	0.023999999999432475	Ripples						0.023999999999432475	12189.3688	5.759474970947795	167.69719318073237	899.8719017322984	
12189.668	0.042400000000270666	Ripples						0.042400000000270666	12189.6832	26.324153172965172	156.3116148650936	1735.2303235652228	
12189.7832	0.0408000000006723	Ripples						0.0408000000006723	12189.804	16.395971179923254	152.1933572819851	1334.7804064926943	
12190.0016	0.030399999999644933	Ripples						0.030399999999644933	12190.0216	8.840953369486915	169.27071838759488	1065.4086043674772	
12192.7976	0.030399999999644933	Ripples						0.030399999999644933	12192.8112	5.9604633816506745	155.44082597067336	878.8886643056278	
12194.152	0.03679999999985739	Ripples						0.03679999999985739	12194.1696	13.41269732416592	156.80487276946005	1345.421308372722	
12194.293599999999	0.05920000000151049	Ripples						0.05920000000151049	12194.3216	21.84664115189651	152.80538624201483	1620.7833972093956	
12194.4144	0.02479999999923166	Ripples						0.02479999999923166	12194.432799999999	5.357538350695268	154.4734090864589	707.6994497146554	
12195.1088	0.046399999999266583	Ripples						0.046399999999266583	12195.127199999999	12.584453996083397	154.52418008497614	1116.605051109593	
12195.207999999999	0.04560000000128639	Ripples						0.04560000000128639	12195.2232	32.38357515919209	153.969559609521	1840.4687968934313	
12197.621599999999	0.0272000000004482	Ripples						0.0272000000004482	12197.6304	8.154040690871208	158.99092146756152	854.2017700220149	
12197.7208	0.04160000000047148	Ripples						0.04160000000047148	12197.7424	16.65668715535997	157.29761040551077	1485.5372460779647	
12200.3128	0.04799999999886495	Ripples						0.04799999999886495	12200.3336	9.326861660880311	147.65824339410312	1035.9053931391136	
12203.3984	0.03919999999925494	Ripples						0.03919999999925494	12203.4272	13.951971124077604	167.4616404065878	1289.556806398048	
12204.8552	0.06319999999868742	Ripples						0.06319999999868742	12204.880799999999	14.327333534490423	156.85772688641887	1315.9847464824572	
12205.1328	0.025600000000849832	Ripples						0.025600000000849832	12205.1408	8.638258763864735	156.4323656579164	863.8047471831779	
12209.2048	0.03359999999884167	Ripples						0.03359999999884167	12209.221599999999	11.219079671530727	160.60122175584817	1231.3971704206333	
12211.149599999999	0.04800000000068394	Ripples						0.04800000000068394	12211.168	21.121735323652604	156.59828919193362	1528.3202520867476	
12217.8128	0.035200000000259024	Ripples						0.035200000000259024	12217.837599999999	12.55174908005879	167.80699498960058	1266.6638292460468	
12222.2056	0.02959999999984575	Ripples						0.02959999999984575	12222.2304	5.12469552611425	166.19109145221293	834.0596445824907	
12222.336	0.03440000000045984	Ripples						0.03440000000045984	12222.3528	22.44154854132421	159.3442966755541	1689.0249215401734	
12223.578399999999	0.0816000000013446	Ripples						0.0816000000013446	12223.6392	13.490874069147434	146.8949612312486	1169.3207632823637	
12224.092799999999	0.11680000000160362	Ripples						0.11680000000160362	12224.170399999999	19.986711056103008	153.73249270811087	1287.380835551689	
12229.3864	0.03440000000045984	Ripples						0.03440000000045984	12229.4	9.898086868425858	155.5171896039014	1136.5214678764744	
12232.2048	0.028000000000247383	Ripples						0.028000000000247383	12232.2232	6.997831283901548	163.20305155039824	933.6603869786302	
12235.9344	0.04159999999865249	Ripples						0.04159999999865249	12235.9448	8.636018311879456	169.61280815271797	1017.2937581502815	
12247.1456	0.0272000000004482	Ripples						0.0272000000004482	12247.1624	14.173440926390843	163.524679458533	1234.0818929900227	
12248.7536	0.04320000000006985	Ripples						0.04320000000006985	12248.7696	23.699225811678968	169.48034687605164	1744.0604442863305	
12252.6584	0.058399999999892316	Ripples						0.058399999999892316	12252.6696	9.390992599184164	158.44357159249384	1044.8379162096114	
12254.112	0.02959999999984575	Ripples						0.02959999999984575	12254.1208	11.570914397068591	157.85183067219748	1061.1856746803653	
12255.889599999999	0.03600000000005821	Ripples						0.03600000000005821	12255.902399999999	9.72576740141483	171.20696178042115	1059.477918312577	
12257.9264	0.02719999999862921	Ripples						0.02719999999862921	12257.947199999999	5.324934592811714	157.46314411476573	770.0775329612288	
12258.6448	0.06319999999868742	Ripples						0.06319999999868742	12258.6688	13.013013854978023	165.48998301636487	1303.9118829785386	
12258.936	0.031199999999444117	Ripples						0.031199999999444117	12258.947199999999	5.70065276745329	155.6770824440125	781.9103481978415	
12260.0	0.06079999999928987	Ripples						0.06079999999928987	12260.0448	15.466406860680951	166.56641945875162	1462.07846890667	
12260.092799999999	0.05920000000151049	Ripples						0.05920000000151049	12260.1176	27.633950296372916	154.73348227763265	1895.5948607533198	
12260.224	0.05519999999887659	Ripples						0.05519999999887659	12260.238399999998	28.721621255467223	164.1138440465618	2010.7588215561877	
12261.1376	0.03919999999925494	Ripples						0.03919999999925494	12261.152	19.454058470667402	159.45367011899936	1123.941739223005	
12261.7328	0.028000000000247383	Ripples						0.028000000000247383	12261.7472	7.4580906263785876	156.92596336715866	912.6779695459472	
12262.135999999999	0.0864000000001397	Ripples						0.0864000000001397	12262.1624	15.442386507209392	148.68472926087242	1107.0658299432114	
12263.164799999999	0.02320000000145228	Ripples						0.02320000000145228	12263.1752	10.019739561373832	170.53766419895513	939.391433430588	
12264.795999999998	0.04800000000068394	Ripples						0.04800000000068394	12264.828	17.63456301505936	159.05288471990832	1626.6671101413042	
12264.925599999999	0.04160000000047148	Ripples						0.04160000000047148	12264.939999999999	9.850808543417658	157.59497506598476	1134.64590746198	
12265.3336	0.0319999999992433	Ripples						0.0319999999992433	12265.3552	7.594138732417354	152.3656205545966	954.3457393677014	
12266.1264	0.05040000000008149	Ripples						0.05040000000008149	12266.1592	16.02555567634203	151.89238779252827	1343.1420405822025	
12266.5144	0.04719999999906577	Ripples						0.04719999999906577	12266.5344	15.580818573027823	160.73472764536854	1593.9780836924524	
12275.619999999999	0.07359999999971478	Ripples						0.07359999999971478	12275.6528	18.97264149355189	150.06506706267322	1640.351625236	
12275.912	0.032799999999042484	Ripples						0.032799999999042484	12275.9352	12.655976079558958	169.8801888256184	1119.0093919695364	
12275.996799999999	0.05920000000151049	Ripples						0.05920000000151049	12276.011199999999	17.47425710318458	165.6872151044199	1630.9781573930295	
12276.163199999999	0.04320000000006985	Ripples						0.04320000000006985	12276.184	32.466388751775334	156.76542687063514	2202.1752005445865	
12276.2912	0.047200000000884756	Ripples						0.047200000000884756	12276.3184	30.032450895000363	156.1902235645651	2027.8893974895827	
12276.576	0.023999999999432475	Ripples						0.023999999999432475	12276.5872	17.119178963981177	164.57964612469766	1390.5623598021698	
12276.7192	0.07200000000011642	Ripples						0.07200000000011642	12276.748	12.76111745856265	152.68743337363546	1184.3854598449504	
12277.931199999999	0.021600000000034925	Ripples						0.021600000000034925	12277.9424	5.936243476705749	157.50679773326593	772.3519485651415	
12279.1944	0.023999999999432475	Ripples						0.023999999999432475	12279.207999999999	9.6554894949003	166.06429864581932	1077.3350961820167	
12280.6728	0.044799999999668216	Ripples						0.044799999999668216	12280.686399999999	11.186439226698141	166.7879562984798	1161.730910200099	
12280.751199999999	0.11440000000038708	Ripples						0.11440000000038708	12280.8456	16.078375030519098	155.6353125607165	1429.6208998658258	
12284.460799999999	0.021600000000034925	Ripples						0.021600000000034925	12284.472	7.690533981448534	159.84623257360172	817.478102320564	
12284.588	0.03919999999925494	Ripples						0.03919999999925494	12284.604	16.374612441402743	170.44973755661718	1506.9970075757062	
12284.853599999999	0.05280000000129803	Ripples						0.05280000000129803	12284.882399999999	16.712006001547383	165.2417992819919	1542.8534919816254	
12286.991999999998	0.05200000000149885	Ripples						0.05200000000149885	12287.0088	21.397926823098434	166.5257242119019	1575.879615506447	
12288.114399999999	0.03840000000127475	Ripples						0.03840000000127475	12288.132	12.890004339919097	152.6522613456228	1028.4655574592168	
12289.8744	0.035199999998440035	Ripples						0.035199999998440035	12289.8928	27.58988397353106	160.07217891478356	1985.8431090701933	
12289.9864	0.06079999999928987	Ripples						0.06079999999928987	12290.0296	23.91387170316935	153.12294464471904	1720.4465937998973	
12290.119999999999	0.030399999999644933	Ripples						0.030399999999644933	12290.134399999999	7.150451264015047	148.27719095228542	750.0920991809551	
12290.2664	0.051199999998061685	Ripples						0.051199999998061685	12290.2832	12.20071315444668	156.8588567214903	1320.2653590536981	
12295.6192	0.03280000000086147	Ripples						0.03280000000086147	12295.6312	13.549060677816046	160.62716643248464	1226.6349604746401	
12297.083999999999	0.04960000000028231	Ripples						0.04960000000028231	12297.1064	18.046212042032156	151.42221142223843	1360.9502887957747	
12301.024	0.04320000000006985	Ripples						0.04320000000006985	12301.0384	9.693764148621488	156.08790986501444	1091.6487398981133	
12305.9712	0.026399999998830026	Ripples						0.026399999998830026	12305.984	13.679389153658164	160.51980791956015	1300.0547961379825	
12311.4856	0.023999999999432475	Ripples						0.023999999999432475	12311.499199999998	7.724541330692066	165.4023587481945	996.1590093869659	
12312.4152	0.04160000000047148	Ripples						0.04160000000047148	12312.432799999999	27.215492292199034	163.05906896048856	1945.296901970716	
12314.0528	0.03679999999985739	Ripples						0.03679999999985739	12314.0792	7.2436514397298675	170.96526508631814	909.3433826052059	
12314.243999999999	0.037599999999656575	Ripples						0.037599999999656575	12314.267199999998	23.210257755503505	157.28717094569947	1644.5151714244014	
12316.1528	0.0319999999992433	Ripples						0.0319999999992433	12316.1688	19.192877654725937	166.04640905372548	1596.594871024983	
12316.7608	0.03679999999985739	Ripples						0.03679999999985739	12316.771999999999	14.490628243274255	163.5926741547846	1315.9759324627914	
12318.768	0.027999999998428393	Ripples						0.027999999998428393	12318.776	6.06663085555928	166.52209604446594	857.6858183157354	
12318.8912	0.06319999999868742	Ripples						0.06319999999868742	12318.923999999999	17.398259339720948	159.3431281096285	1454.2050624849371	
12321.6624	0.09519999999974971	Ripples						0.09519999999974971	12321.7304	20.284309945871975	152.2346024421362	1729.0853759690992	
12321.9936	0.04159999999865249	Ripples						0.04159999999865249	12322.0144	14.759596518726608	156.747832062999	1328.891530029616	
12322.860799999999	0.042400000000270666	Ripples						0.042400000000270666	12322.875199999999	9.706255524937408	171.43696391605215	1133.4056356315086	
12326.1608	0.04160000000047148	Ripples						0.04160000000047148	12326.184	15.016581618819824	170.6780616055258	1499.2793253167067	
12332.7696	0.0319999999992433	Ripples						0.0319999999992433	12332.788799999998	18.115305860619536	165.32942206007917	1486.7281864905224	
12333.3144	0.028800000000046566	Ripples						0.028800000000046566	12333.3328	9.831978516675104	155.99538956610857	1082.6085938051244	
12339.7992	0.048800000000483124	Ripples						0.048800000000483124	12339.8192	24.152518699843483	163.16600633338547	1860.8905186570332	
12339.92	0.05519999999887659	Ripples						0.05519999999887659	12339.939999999999	23.227612059911372	168.48551806993666	1817.9661598990376	
12340.511199999999	0.15279999999984284	Ripples						0.15279999999984284	12340.5504	19.530718671300544	147.50932661182853	1556.1764598414084	
12341.200799999999	0.021600000000034925	Ripples						0.021600000000034925	12341.2088	12.265580004911026	166.2375246511769	1047.9178520769674	
12341.3712	0.04399999999986903	Ripples						0.04399999999986903	12341.3872	15.284033082794966	155.14446979006905	1448.7827302346843	
12341.571199999998	0.028800000000046566	Ripples						0.028800000000046566	12341.5864	10.897188039273393	160.1385448115462	1134.5509931856045	
12341.997599999999	0.05040000000008149	Ripples						0.05040000000008149	12342.040799999999	10.279806318524843	157.50455639837182	880.1300248154638	
12342.4944	0.03679999999985739	Ripples						0.03679999999985739	12342.508	22.408555848920347	161.44277613756051	1662.8155950032183	
12342.616	0.02719999999862921	Ripples						0.02719999999862921	12342.6296	13.376777248664782	164.90662253089585	1309.6674238119733	
12342.839199999999	0.030400000001463923	Ripples						0.030400000001463923	12342.8568	9.363737895744997	158.59853706774956	1053.1728206642292	
12342.948	0.10719999999855645	Ripples						0.10719999999855645	12342.9712	21.888505979814703	159.46850128633415	1785.9558757013829	
12348.367999999999	0.03920000000107393	Ripples						0.03920000000107393	12348.396799999999	5.732181435249195	156.48651396082312	869.5171141202135	
12349.356	0.037599999999656575	Ripples						0.037599999999656575	12349.373599999999	24.673452337396064	161.49938588988707	1807.4538272414795	
12356.8704	0.07760000000052969	Ripples						0.07760000000052969	12356.896799999999	16.606026749595515	154.2114186014457	1550.1727413285441	
12357.052	0.056000000000494765	Ripples						0.056000000000494765	12357.0872	17.412681227760075	158.98352172539734	1489.0412258729693	
12357.1752	0.06719999999950232	Ripples						0.06719999999950232	12357.2232	10.810311098306462	147.69428403597232	940.5200640275616	
12358.14	0.021600000000034925	Ripples						0.021600000000034925	12358.1512	6.431679299112869	160.9087838936761	884.5590169161121	
12368.2088	0.023199999999633292	Ripples						0.023199999999633292	12368.221599999999	7.645358700941834	157.76531290807395	701.6571343095842	
12377.4712	0.02479999999923166	Ripples						0.02479999999923166	12377.489599999999	5.1718357200636085	157.37286792146023	671.1255567256036	
12379.0	24.0	SleepStates											REM
12381.4936	0.028000000000247383	Ripples						0.028000000000247383	12381.504799999999	10.951197317945443	160.02051078971476	1199.7889177041584	
12381.547999999999	0.06960000000071886	Ripples						0.06960000000071886	12381.5904	19.967684444403574	165.90986344844305	1843.0895717372991	
12387.2992	0.05199999999967986	Ripples						0.05199999999967986	12387.3288	5.345629577070475	147.57345948366435	565.2807420674794	
12404.0	20.0	SleepStates											Awake
12418.4576	0.02080000000023574	Ripples						0.02080000000023574	12418.468799999999	9.436882138412438	164.2986185954617	1020.2515689784284	
12418.5024	0.09519999999974971	Ripples						0.09519999999974971	12418.5296	6.214343100496242	146.73270922036036	826.2330475144244	
12423.3832	0.03679999999985739	Ripples						0.03679999999985739	12423.4064	11.200907821917113	168.67911236241127	1047.2735182612273	
12425.0	288.0	SleepStates											Non-REM
12426.4952	0.03200000000106229	Ripples						0.03200000000106229	12426.5056	5.76756076660324	157.9316959407727	821.645006309565	
12429.6032	0.025599999999030842	Ripples						0.025599999999030842	12429.6176	7.467868030879709	158.46976639812831	979.8620297760332	
12430.5752	0.051199999999880674	Ripples						0.051199999999880674	12430.599999999999	18.19740564252219	176.62865881196043	1435.820527665409	
12430.657599999999	0.024000000001251465	Ripples						0.024000000001251465	12430.671999999999	9.84580354060734	159.12144063516027	1110.207948049602	
12431.0672	0.060800000001108856	Ripples						0.060800000001108856	12431.0816	9.445703851324637	159.6998050200914	1194.4173372485177	
12431.2304	0.04159999999865249	Ripples						0.04159999999865249	12431.2424	5.049247466080492	149.04295808280725	700.8898478067798	
12432.4496	0.035200000000259024	Ripples						0.035200000000259024	12432.4704	19.471152524740493	160.27097551340083	1667.08724516454	
12432.8568	0.02080000000023574	Ripples						0.02080000000023574	12432.8672	9.037039044427116	170.6442323119399	853.6362808299964	
12432.92	0.04399999999986903	Ripples						0.04399999999986903	12432.948	16.56421788008284	153.73880560450456	1384.0578439818537	
12433.062399999999	0.04640000000108557	Ripples						0.04640000000108557	12433.0824	20.41884903311652	161.18107709852922	1762.2580470454438	
12433.1752	0.051199999999880674	Ripples						0.051199999999880674	12433.196	16.766692665193965	155.32241100339553	1599.82107299268	
12435.423999999999	0.031200000001263106	Ripples						0.031200000001263106	12435.447199999999	5.509411206891171	148.33476101099532	712.3138869211646	
12435.5896	0.0408000000006723	Ripples						0.0408000000006723	12435.6152	33.26547677038972	167.3736100023411	2133.3940682906614	
12439.447199999999	0.03280000000086147	Ripples						0.03280000000086147	12439.46	15.85058762389277	158.85472919264885	1381.3246189842553	
12439.511199999999	0.028000000000247383	Ripples						0.028000000000247383	12439.5288	12.431474788755613	159.92846424558465	1244.4490315301962	
12446.4672	0.02080000000023574	Ripples						0.02080000000023574	12446.4808	6.757674381220621	152.76024611023053	831.2270310602489	
12446.5872	0.035200000000259024	Ripples						0.035200000000259024	12446.6048	7.9087480640206875	153.5017392581492	1007.0671249877081	
12447.607199999999	0.10960000000159198	Ripples						0.10960000000159198	12447.6464	12.455015451225009	157.43288220571085	1345.2239661567671	
12447.8056	0.04160000000047148	Ripples						0.04160000000047148	12447.823199999999	23.253766621357443	155.06667171340683	1611.5912539031697	
12448.632	0.04320000000006985	Ripples						0.04320000000006985	12448.6544	11.956479554765309	152.06630767269007	995.3086554150369	
12450.2128	0.04320000000006985	Ripples						0.04320000000006985	12450.238399999998	7.400307595746854	143.3764896243931	756.7269713950435	
12451.301599999999	0.06000000000130967	Ripples						0.06000000000130967	12451.312	19.43672408739944	160.20946304909265	1508.7072710159441	
12451.685599999999	0.03920000000107393	Ripples						0.03920000000107393	12451.704	19.8701108130883	154.33532786503895	1435.9700540010492	
12451.768	0.05439999999907741	Ripples						0.05439999999907741	12451.7976	9.382274908404254	146.56162395022838	971.9446944361273	
12451.936	0.03919999999925494	Ripples						0.03919999999925494	12451.964	11.714688596751015	155.11002813873054	1085.2988285645663	
12454.408	0.040000000000873115	Ripples						0.040000000000873115	12454.4224	11.912748372932981	153.643707660108	1141.4028604763287	
12455.276	0.05040000000008149	Ripples						0.05040000000008149	12455.315999999999	26.404190714625983	156.5877081866229	1732.2862218419118	
12455.453599999999	0.03600000000005821	Ripples						0.03600000000005821	12455.467999999999	19.210736196617326	164.88161852633536	1550.4418848220982	
12457.006399999998	0.06880000000091968	Ripples						0.06880000000091968	12457.0512	14.35219799681967	163.4040939361296	1444.202769556199	
12457.2208	0.056000000000494765	Ripples						0.056000000000494765	12457.259999999998	22.941036091405667	154.13506365765414	1781.4443959326823	
12464.104	0.024000000001251465	Ripples						0.024000000001251465	12464.1184	6.058947867356393	158.2576855410683	858.2432175530216	
12465.9224	0.06959999999889988	Ripples						0.06959999999889988	12465.9432	12.603077468286852	145.50954358741978	1072.2021776241381	
12466.0536	0.03919999999925494	Ripples						0.03919999999925494	12466.068	27.04696082531311	160.15903815478268	1844.3228981769184	
12466.547199999999	0.03920000000107393	Ripples						0.03920000000107393	12466.5584	11.0252225903132	156.54792488442538	1091.9287760303569	
12466.7208	0.06240000000070722	Ripples						0.06240000000070722	12466.743999999999	27.466549489245942	160.54666677051188	1952.393693253676	
12466.864	0.07920000000012806	Ripples						0.07920000000012806	12466.8784	21.717135980675504	160.48634714167068	1675.1866033290858	
12474.9496	0.035200000000259024	Ripples						0.035200000000259024	12474.9672	21.551388152875543	159.44409462511416	1617.4636994626353	
12475.0656	0.0408000000006723	Ripples						0.0408000000006723	12475.076799999999	13.1392325431418	173.261138752386	1181.6273480017612	
12477.250399999999	0.04320000000006985	Ripples						0.04320000000006985	12477.2736	30.804716034954726	159.47825335376965	1917.1450526607023	
12479.2024	0.03679999999985739	Ripples						0.03679999999985739	12479.228	10.285625319138832	154.19323106352786	952.5642937834376	
12479.5368	0.032799999999042484	Ripples						0.032799999999042484	12479.552	9.942490724399542	149.8503079725273	1045.4646681644444	
12479.8272	0.07999999999992724	Ripples						0.07999999999992724	12479.875199999999	10.528908339261518	151.0598439833263	934.247053488306	
12479.984	0.030399999999644933	Ripples						0.030399999999644933	12479.9984	17.941142003534676	165.1699859494552	1606.3578718554295	
12480.7696	0.05040000000008149	Ripples						0.05040000000008149	12480.787199999999	15.36484076769785	157.23998828726155	1442.7184679680558	
12480.9072	0.03600000000005821	Ripples						0.03600000000005821	12480.9192	19.97144896813105	159.16480003476113	1510.5112717769262	
12481.1592	0.05439999999907741	Ripples						0.05439999999907741	12481.186399999999	32.02985183756251	158.81843899968146	2103.9830048624726	
12481.312	0.06480000000010477	Ripples						0.06480000000010477	12481.3264	11.219456437896408	150.9122675043527	1155.902442463532	
12498.0896	0.11679999999978463	Ripples						0.11679999999978463	12498.178399999999	26.271257319885247	149.57500265712844	1559.5707103770192	
12503.2568	0.06000000000130967	Ripples						0.06000000000130967	12503.2928	16.23339090889378	162.63609674902264	1281.6156653638623	
12504.1168	0.032799999999042484	Ripples						0.032799999999042484	12504.141599999999	15.316580315493027	157.2052244321018	1033.4909570144373	
12504.5728	0.0319999999992433	Ripples						0.0319999999992433	12504.5848	6.7448689007468845	156.01563036368145	704.2096330551896	
12507.356	0.048800000000483124	Ripples						0.048800000000483124	12507.3944	14.682593826656209	164.0262859277294	1250.4498504907401	
12507.4344	0.06400000000030559	Ripples						0.06400000000030559	12507.4776	11.57147296816596	149.94280363789517	1083.619886241867	
12511.540799999999	0.07120000000031723	Ripples						0.07120000000031723	12511.5872	10.259111240405279	161.69346412753887	924.4070122674746	
12512.9456	0.0408000000006723	Ripples						0.0408000000006723	12512.96	12.564944628593398	150.0513507295465	1059.054744122821	
12513.3848	0.0272000000004482	Ripples						0.0272000000004482	12513.4016	7.377434626780378	166.198060597679	1001.7070348641017	
12514.652	0.030399999999644933	Ripples						0.030399999999644933	12514.6664	5.7645901515460025	164.70541431993934	908.8287926782564	
12514.7776	0.028800000000046566	Ripples						0.028800000000046566	12514.7992	6.4935008544918755	154.45271340379475	882.3938116763086	
12515.444	0.0864000000001397	Ripples						0.0864000000001397	12515.4592	10.173991827791275	152.08380540042415	1124.3510293374923	
12515.634399999999	0.05520000000069558	Ripples						0.05520000000069558	12515.652	20.48884909622122	166.28521702798386	1592.0482803459163	
12517.204	0.0319999999992433	Ripples						0.0319999999992433	12517.222399999999	7.69397222003397	151.78990513692335	852.4238972980031	
12523.686399999999	0.13040000000182772	Ripples						0.13040000000182772	12523.7104	25.715515223478373	158.67902005638814	1896.8555443244068	
12527.592799999999	0.03200000000106229	Ripples						0.03200000000106229	12527.612	13.891850419475409	169.6131598155611	1379.7314753581504	
12531.7176	0.0591999999996915	Ripples						0.0591999999996915	12531.764	6.929309391720464	160.8187808085256	837.9824416580875	
12535.650399999999	0.06160000000090804	Ripples						0.06160000000090804	12535.668	12.59914217893441	149.83537304797855	1082.5710615250077	
12535.889599999999	0.02320000000145228	Ripples						0.02320000000145228	12535.9016	15.346670820818899	159.6926865340894	1263.8648964956321	
12542.2392	0.09519999999974971	Ripples						0.09519999999974971	12542.310399999998	14.539443641328585	156.92251603117265	1358.7838045486656	
12545.412	0.04159999999865249	Ripples						0.04159999999865249	12545.4376	12.203008578928788	152.64089455755052	1240.7121481740492	
12545.4944	0.06799999999930151	Ripples						0.06799999999930151	12545.5168	10.517755218276763	145.57795423893097	970.0835029166052	
12545.9552	0.02479999999923166	Ripples						0.02479999999923166	12545.968799999999	8.905072861314576	162.52477100191103	1068.801653133471	
12548.1608	0.026400000000649015	Ripples						0.026400000000649015	12548.1744	9.869732947848675	157.4621135773809	1065.4333759925346	
12548.808799999999	0.031200000001263106	Ripples						0.031200000001263106	12548.823199999999	6.237392155455091	150.72972430095388	752.856485157172	
12548.8712	0.0768000000007305	Ripples						0.0768000000007305	12548.931199999999	11.280236149882066	153.7885012227789	1209.064038632729	
12549.2352	0.022399999999834108	Ripples						0.022399999999834108	12549.2496	11.147382856000473	159.7545313920438	1070.6836088723333	
12550.1392	0.026400000000649015	Ripples						0.026400000000649015	12550.155999999999	6.898351748952012	157.86803403216027	935.7765088765603	
12550.7376	0.03600000000005821	Ripples						0.03600000000005821	12550.7544	24.61717626341464	163.09329105445923	1863.5897268798535	
12550.848	0.030399999999644933	Ripples						0.030399999999644933	12550.8624	18.873638736593747	167.15951162800616	1584.3883616810742	
12550.9224	0.020000000000436557	Ripples						0.020000000000436557	12550.936	8.457170876609403	163.45418791903924	934.7689859111706	
12551.179199999999	0.047200000000884756	Ripples						0.047200000000884756	12551.2064	15.632599487190475	156.99456411670835	1515.5619393877578	
12553.2696	0.022399999999834108	Ripples						0.022399999999834108	12553.281599999998	6.68480694520938	154.70745811605445	807.4899722952231	
12555.372	0.035200000000259024	Ripples						0.035200000000259024	12555.3792	7.862975784593073	155.47645026023577	902.5962005382871	
12555.4808	0.06159999999908905	Ripples						0.06159999999908905	12555.4952	13.124370022933807	151.02289418702142	1211.2646906358432	
12555.616	0.039999999999054126	Ripples						0.039999999999054126	12555.6424	26.538293276960257	163.95889042918523	1824.485650587041	
12555.972	0.0319999999992433	Ripples						0.0319999999992433	12555.9888	16.613235422662495	156.64165229614775	1386.2917779347806	
12556.132	0.030399999999644933	Ripples						0.030399999999644933	12556.148799999999	12.83528382763858	172.48307471965586	1289.5376384602296	
12558.4144	0.05439999999907741	Ripples						0.05439999999907741	12558.448	9.544985557613982	161.64943994389262	1106.8699210930804	
12571.6464	0.04960000000028231	Ripples						0.04960000000028231	12571.6832	34.42043038666856	169.20449294438382	2086.1363971587366	
12580.1888	0.044799999999668216	Ripples						0.044799999999668216	12580.1992	9.066809754590695	165.19217498462254	1079.2904486457437	
12580.456	0.04399999999986903	Ripples						0.04399999999986903	12580.4744	5.964227350997588	149.29449113823736	743.333904231064	
12583.2184	0.032799999999042484	Ripples						0.032799999999042484	12583.235999999999	25.93015564447778	160.3153252375515	1919.5758881304405	
12583.9208	0.06639999999970314	Ripples						0.06639999999970314	12583.9632	11.247020524041737	165.2583593027709	1310.6388022467647	
12584.1592	0.037599999999656575	Ripples						0.037599999999656575	12584.18	25.274339648603366	159.67837174842768	1906.1653709822342	
12584.2896	0.022399999999834108	Ripples						0.022399999999834108	12584.2976	9.116648488404877	158.81468576343985	1006.7292802616976	
12585.7976	0.04960000000028231	Ripples						0.04960000000028231	12585.828	14.32324761917904	167.47338813186	1284.5770491060464	
12585.9528	0.0544000000008964	Ripples						0.0544000000008964	12585.9848	18.516033514262336	152.40148182695927	1535.8199474754513	
12587.18	0.03919999999925494	Ripples						0.03919999999925494	12587.1984	7.947155146395848	150.7135385332053	644.2078764687403	
12587.539999999999	0.021600000000034925	Ripples						0.021600000000034925	12587.5512	6.711769808925077	158.3094655787051	752.8473715256092	
12588.7128	0.023999999999432475	Ripples						0.023999999999432475	12588.724	15.407408527622165	164.8446277825862	1336.2979713066768	
12588.8312	0.03839999999945576	Ripples						0.03839999999945576	12588.846399999999	9.611117458087259	155.00395899267738	908.5903373242307	
12590.0792	0.05439999999907741	Ripples						0.05439999999907741	12590.1208	13.832999941562548	153.3878103156838	1261.0058342974398	
12590.2256	0.03679999999985739	Ripples						0.03679999999985739	12590.245599999998	27.240882203381794	159.53263473101947	1995.072033246132	
12594.8984	0.032799999999042484	Ripples						0.032799999999042484	12594.909599999999	8.413033121467256	157.24816379350403	865.9562702546293	
12596.0688	0.05279999999947904	Ripples						0.05279999999947904	12596.0904	17.43409754626258	155.9704192720795	1559.1281344352765	
12605.2912	0.04079999999885331	Ripples						0.04079999999885331	12605.3112	11.072399206482478	168.895196573604	1290.7055487810119	
12606.923999999999	0.04640000000108557	Ripples						0.04640000000108557	12606.931999999999	7.41798757925717	164.16769441129418	834.9220412627953	
12611.591199999999	0.05040000000008149	Ripples						0.05040000000008149	12611.6096	23.258325272467243	158.18725773814884	1507.869077383979	
12611.793599999999	0.056000000000494765	Ripples						0.056000000000494765	12611.812	20.20667247697389	154.3529193448271	1711.5872978610741	
12611.903199999999	0.05760000000009313	Ripples						0.05760000000009313	12611.9232	34.605159273947315	160.4926509482622	2148.21796100959	
12613.4376	0.031199999999444117	Ripples						0.031199999999444117	12613.4512	22.991895932970213	168.3645128931129	1715.3775391501126	
12614.7208	0.04800000000068394	Ripples						0.04800000000068394	12614.7352	11.412627250271916	168.86494690579127	1249.126626073606	
12615.764	0.07440000000133296	Ripples						0.07440000000133296	12615.7912	5.164967749737131	160.45129499029633	658.5000546567362	
12619.887999999999	0.03200000000106229	Ripples						0.03200000000106229	12619.8992	16.249276252357767	161.14776139824312	1414.4510686938384	
12621.6888	0.02959999999984575	Ripples						0.02959999999984575	12621.707199999999	14.830556985201042	158.11354046098475	1260.7905923881194	
12621.7616	0.03360000000066066	Ripples						0.03360000000066066	12621.781599999998	21.71236925915754	166.12131620429062	1719.1248116569252	
12623.2496	0.04960000000028231	Ripples						0.04960000000028231	12623.2912	7.258142632097486	163.29672448885694	754.5908215392645	
12623.7128	0.03679999999985739	Ripples						0.03679999999985739	12623.7248	10.82233118577312	150.36711135323776	962.3623624695939	
12630.6968	0.032799999999042484	Ripples						0.032799999999042484	12630.714399999999	18.89094364061231	154.5514858247662	1375.308777885989	
12639.2784	0.0591999999996915	Ripples						0.0591999999996915	12639.304	9.659962986700421	153.6888796713099	1100.6831684648755	
12640.396	0.035199999998440035	Ripples						0.035199999998440035	12640.409599999999	5.007038870751239	159.81135736533335	842.4612035324751	
12640.568	0.05760000000009313	Ripples						0.05760000000009313	12640.5992	6.099982479074123	153.85893588671738	608.7012108034395	
12647.3864	0.04160000000047148	Ripples						0.04160000000047148	12647.412	13.003707115845774	166.80239541271663	1399.486556620807	
12649.112	0.08799999999973807	Ripples						0.08799999999973807	12649.171999999999	8.185134631466623	168.3579339380553	979.9842820195607	
12649.2408	0.03280000000086147	Ripples						0.03280000000086147	12649.257599999999	20.217800174004594	166.9480762890417	1670.5808593261738	
12652.596	0.04960000000028231	Ripples						0.04960000000028231	12652.608	9.880586771012965	164.01789363533393	1112.0668444254932	
12657.0664	0.023999999999432475	Ripples						0.023999999999432475	12657.0808	9.688937131593416	161.15716217239122	1045.2235040644891	
12658.585599999999	0.03360000000066066	Ripples						0.03360000000066066	12658.5968	5.4627032670635804	154.82741034839566	670.7820545495144	
12658.752799999998	0.03680000000167638	Ripples						0.03680000000167638	12658.7824	8.077947634255656	157.88436709037384	836.4205205776543	
12659.3816	0.04959999999846332	Ripples						0.04959999999846332	12659.418399999999	13.755012352003009	160.4708274740262	1368.7953713742468	
12664.8128	0.02959999999984575	Ripples						0.02959999999984575	12664.8344	7.516503368913859	154.26451819851593	828.8641484073053	
12664.911199999999	0.03440000000045984	Ripples						0.03440000000045984	12664.925599999999	28.142640628117714	164.14851637106833	1857.1615206232336	
12665.036	0.03919999999925494	Ripples						0.03919999999925494	12665.056799999998	13.765775604960846	153.7681429455355	1129.6420819732894	
12665.38	0.03920000000107393	Ripples						0.03920000000107393	12665.3944	8.145943277769613	151.87645309311054	885.0672753277169	
12665.605599999999	0.031200000001263106	Ripples						0.031200000001263106	12665.6232	9.497823891741444	155.23789167385243	1128.8661116475855	
12669.8936	0.044799999999668216	Ripples						0.044799999999668216	12669.912	21.559134094100664	148.63084407938578	1370.2296817138024	
12669.9936	0.053599999999278225	Ripples						0.053599999999278225	12670.0368	16.370509338540426	153.49327841319132	1247.554024633503	
12670.3704	0.048800000000483124	Ripples						0.048800000000483124	12670.3976	7.5222572190451285	161.44530170152788	943.0236291039132	
12670.9128	0.02080000000023574	Ripples						0.02080000000023574	12670.9232	10.239945643597684	163.15855508317574	1109.0309866014466	
12672.511199999999	0.03280000000086147	Ripples						0.03280000000086147	12672.5216	8.854483518597137	173.31612507452152	971.9002882793367	
12672.9056	0.031199999999444117	Ripples						0.031199999999444117	12672.9192	18.664313972778913	159.74735454700894	1407.2189469365899	
12673.003999999999	0.04960000000028231	Ripples						0.04960000000028231	12673.0432	5.542721051340835	145.36386458961078	550.7244191293908	
12676.1096	0.06879999999910069	Ripples						0.06879999999910069	12676.1312	22.83557102078851	167.68267829042546	1753.3234932351909	
12676.3064	0.03440000000045984	Ripples						0.03440000000045984	12676.3208	14.34155876565543	157.967163674397	1358.5144183661182	
12677.8624	0.05519999999887659	Ripples						0.05519999999887659	12677.896799999999	25.043643797681877	158.1768462552259	2015.3791525656989	
12677.956	0.05439999999907741	Ripples						0.05439999999907741	12677.988	21.716501510951392	156.7846182496067	1843.4373948471205	
12678.2688	0.028000000000247383	Ripples						0.028000000000247383	12678.287199999999	10.9485429460834	157.29079096882813	1071.9474397635825	
12678.4504	0.025599999999030842	Ripples						0.025599999999030842	12678.4624	7.98408306509758	156.57237972599853	806.1221326632663	
12682.7056	0.03440000000045984	Ripples						0.03440000000045984	12682.716	6.661375423597639	154.20899309043992	856.012660392009	
12686.608	0.02959999999984575	Ripples						0.02959999999984575	12686.6264	8.225477663011	150.87824384636195	805.096341952979	
12688.286399999999	0.021600000000034925	Ripples						0.021600000000034925	12688.294399999999	8.759275110131266	161.26557271298654	953.1241697052074	
12689.193599999999	0.047200000000884756	Ripples						0.047200000000884756	12689.2336	9.81187492055471	155.06977756565504	901.0374425969969	
12689.3096	0.055999999998675776	Ripples						0.055999999998675776	12689.3408	17.448150116978326	151.6626648740383	1447.8028475030553	
12689.4296	0.040000000000873115	Ripples						0.040000000000873115	12689.4496	31.108923862898596	158.91814356374545	2141.590274396332	
12692.116	0.037599999999656575	Ripples						0.037599999999656575	12692.144	5.367353054332333	157.30925604659177	613.3323129653756	
12692.2376	0.03839999999945576	Ripples						0.03839999999945576	12692.2664	12.720442997567421	156.39444406408398	1025.8068535861114	
12694.049599999998	0.06480000000010477	Ripples						0.06480000000010477	12694.1096	5.567329514238848	158.61960978734749	605.7237041058606	
12694.461599999999	0.028000000000247383	Ripples						0.028000000000247383	12694.4792	6.054956607432962	154.14719509936927	871.3017579616339	
12694.6472	0.046399999999266583	Ripples						0.046399999999266583	12694.6768	13.417789473738281	163.74880059915247	1410.321444517857	
12695.4696	0.03839999999945576	Ripples						0.03839999999945576	12695.4912	13.899058280361576	165.79561767477446	1371.6801274291774	
12704.1752	0.0319999999992433	Ripples						0.0319999999992433	12704.186399999999	8.32581739324849	158.23174235237875	940.831158510651	
12710.9648	0.032799999999042484	Ripples						0.032799999999042484	12710.9872	5.285925535034922	144.0409574959177	535.8215884572567	
12714.0	42.0	SleepStates											REM
12757.0	29.0	SleepStates											Awake
12769.035199999998	0.02480000000105065	Ripples						0.02480000000105065	12769.0464	15.65453713704141	165.72102587484125	1281.6711180002098	
12770.7048	0.0272000000004482	Ripples						0.0272000000004482	12770.7104	6.097764942661359	158.08580949274116	795.1723964553026	
12770.7768	0.04399999999986903	Ripples						0.04399999999986903	12770.7992	5.325345104040871	147.1241149673076	703.702809115681	
12773.2416	0.06639999999970314	Ripples						0.06639999999970314	12773.292	21.321334236564766	156.37275195062404	1659.3199359004059	
12773.4064	0.0455999999994674	Ripples						0.0455999999994674	12773.4136	6.209329097140167	157.1365256632798	837.6235512402571	
12776.6384	0.02080000000023574	Ripples						0.02080000000023574	12776.6456	10.858499189203982	164.11176223229074	1000.1380584257541	
12776.764799999999	0.023999999999432475	Ripples						0.023999999999432475	12776.776	13.306294421549127	162.0376051284648	1164.241601681096	
12778.0168	0.026400000000649015	Ripples						0.026400000000649015	12778.0272	12.073906245249402	165.72170067364152	1183.2472618573581	
12778.0904	0.07040000000051805	Ripples						0.07040000000051805	12778.1384	27.485199179505987	159.0092414712164	2115.8479961870007	
12778.2568	0.02080000000023574	Ripples						0.02080000000023574	12778.264799999999	7.244773402617376	163.9773190075566	860.0465424515231	
12785.171199999999	0.05040000000008149	Ripples						0.05040000000008149	12785.188	12.619494123567693	157.78048851230298	1358.8537904492807	
12785.489599999999	0.03200000000106229	Ripples						0.03200000000106229	12785.503999999999	10.876954607569067	158.19738370111037	1184.1191378343133	
12785.614399999999	0.03920000000107393	Ripples						0.03920000000107393	12785.6312	14.603980662808084	162.0723430437054	1488.1570890806386	
12787.0	170.0	SleepStates											Non-REM
12788.035199999998	0.025600000000849832	Ripples						0.025600000000849832	12788.0504	17.48068391594286	160.0334054033489	1289.9589519322365	
12788.1424	0.04719999999906577	Ripples						0.04719999999906577	12788.1688	29.736624508587557	160.38787024347835	2172.1742275349743	
12788.22	0.028000000000247383	Ripples						0.028000000000247383	12788.232	11.96320506883353	156.90509593861984	1251.7499998214066	
12788.3224	0.021600000000034925	Ripples						0.021600000000034925	12788.3336	6.468363420568828	157.23759852990977	918.171501304494	
12788.7024	0.03439999999864085	Ripples						0.03439999999864085	12788.72	11.920068488120489	158.32834957693026	1198.9363975950644	
12795.1872	0.03679999999985739	Ripples						0.03679999999985739	12795.212	13.07022454230339	152.9539687958034	998.060745284606	
12798.155999999999	0.03200000000106229	Ripples						0.03200000000106229	12798.1768	14.364188537690962	152.66059768192392	1134.5944930646451	
12798.8904	0.042399999998451676	Ripples						0.042399999998451676	12798.916	23.092687255539555	167.41554607899639	1767.3706653362797	
12799.0384	0.03839999999945576	Ripples						0.03839999999945576	12799.054399999999	19.30641689907952	160.85681357115226	1711.8507833788326	
12799.264	0.037599999999656575	Ripples						0.037599999999656575	12799.2824	19.24511624034422	160.9537220706089	1621.2386262352118	
12801.516	0.03839999999945576	Ripples						0.03839999999945576	12801.540799999999	17.780851450680743	157.34368472896656	1439.706261237903	
12801.6192	0.09120000000075379	Ripples						0.09120000000075379	12801.693599999999	18.07228023121781	153.12353773971697	1507.464119170683	
12802.3416	0.03440000000045984	Ripples						0.03440000000045984	12802.3656	9.884105531256363	156.36865706100585	1075.5324002356358	
12802.483199999999	0.026400000000649015	Ripples						0.026400000000649015	12802.492	6.9988242347330605	154.05310601964385	791.493782091529	
12802.8904	0.05439999999907741	Ripples						0.05439999999907741	12802.9048	16.576887891831902	157.73479069283036	1461.2410353540636	
12803.0744	0.05439999999907741	Ripples						0.05439999999907741	12803.1192	8.31887924446529	162.74530103145608	892.5495459176609	
12804.170399999999	0.05680000000029395	Ripples						0.05680000000029395	12804.199999999999	5.516560528824812	160.73893963236782	628.2013868241588	
12804.3616	0.031199999999444117	Ripples						0.031199999999444117	12804.3792	26.728588241704305	160.85048660446833	1808.9531756093636	
12804.4576	0.0319999999992433	Ripples						0.0319999999992433	12804.475999999999	7.360197665120872	150.84579082566805	680.246025058632	
12804.946399999999	0.02480000000105065	Ripples						0.02480000000105065	12804.954399999999	6.932487764126785	155.12256220352523	833.9896017356592	
12805.3264	0.03839999999945576	Ripples						0.03839999999945576	12805.34	30.04672597285317	163.27116111978162	2015.6421284544008	
12805.448	0.08479999999872234	Ripples						0.08479999999872234	12805.506399999998	22.831277200332213	154.6378153465795	1824.3771483116018	
12808.3712	0.06639999999970314	Ripples						0.06639999999970314	12808.3856	7.408590195195177	147.62264077365248	781.9668034055125	
12808.4664	0.028800000000046566	Ripples						0.028800000000046566	12808.4816	6.46835508217056	151.42536953173516	714.4146672372453	
12811.627199999999	0.03280000000086147	Ripples						0.03280000000086147	12811.6536	6.09511624825444	153.2828939865799	718.0030753178139	
12827.8728	0.0544000000008964	Ripples						0.0544000000008964	12827.92	7.8175307651891535	155.76260895077849	961.7215145725897	
12827.9568	0.02959999999984575	Ripples						0.02959999999984575	12827.968799999999	11.037744291233237	156.8076408704983	1114.649873533022	
12829.810399999998	0.044800000001487206	Ripples						0.044800000001487206	12829.8224	5.572638283947244	148.53055919583028	591.4506365322753	
12834.0168	0.04320000000006985	Ripples						0.04320000000006985	12834.0368	22.20490729881332	158.47600998847957	1677.6925739494363	
12834.121599999999	0.035200000000259024	Ripples						0.035200000000259024	12834.1352	17.567601086489123	153.17598459411346	1473.1795303843958	
12834.2616	0.04719999999906577	Ripples						0.04719999999906577	12834.288	22.578849170370432	149.25205888498846	1446.5071103067448	
12839.8528	0.05199999999967986	Ripples						0.05199999999967986	12839.8872	19.60844461787404	155.6895720244889	1611.5465954108447	
12840.7568	0.035200000000259024	Ripples						0.035200000000259024	12840.7696	18.24394128166685	166.58312548188684	1502.2035623675633	
12840.8688	0.048799999998664134	Ripples						0.048799999998664134	12840.882399999999	22.654315579142622	161.10353154876725	1615.7199317964341	
12842.7664	0.02079999999841675	Ripples						0.02079999999841675	12842.7768	12.356683503602437	165.8115614552686	1126.0743084259243	
12849.1168	0.030399999999644933	Ripples						0.030399999999644933	12849.1336	21.42915267845447	165.42990833059326	1719.3915629601634	
12849.4144	0.021600000000034925	Ripples						0.021600000000034925	12849.425599999999	5.06569832166606	160.65822819555692	785.8843998152107	
12849.572	0.07200000000011642	Ripples						0.07200000000011642	12849.6208	15.065145231286962	154.20513461085235	1448.878710305718	
12850.4784	0.035199999998440035	Ripples						0.035199999998440035	12850.5032	5.189382466014977	153.7652344086668	733.6495365707416	
12852.7856	0.056000000000494765	Ripples						0.056000000000494765	12852.8192	5.490748775809913	146.11235632537839	642.0297547169691	
12853.714399999999	0.08719999999993888	Ripples						0.08719999999993888	12853.7424	15.898034098368576	150.57203444477906	1572.4904149334302	
12853.8584	0.07439999999951397	Ripples						0.07439999999951397	12853.8848	17.317552201908686	151.93191132398297	1415.4928550309567	
12855.9704	0.031199999999444117	Ripples						0.031199999999444117	12855.984	13.898677083755379	159.00519531541957	1330.7191020858054	
12856.9864	0.028800000000046566	Ripples						0.028800000000046566	12857.0	5.678174216581862	164.9177419701667	960.2690129919799	
12861.0832	0.06160000000090804	Ripples						0.06160000000090804	12861.1232	6.304980033982339	165.98974445995975	593.8838237702112	
12861.228799999999	0.05279999999947904	Ripples						0.05279999999947904	12861.2408	7.607113230647803	152.0395321972188	808.3920127512911	
12862.2416	0.06639999999970314	Ripples						0.06639999999970314	12862.294399999999	17.278139671126777	160.77183511878798	1441.0463559413565	
12863.3208	0.030399999999644933	Ripples						0.030399999999644933	12863.3336	10.227954558816453	174.1153795043781	1091.8851356489674	
12863.4528	0.0727999999999156	Ripples						0.0727999999999156	12863.484	20.73641213875997	157.27356467810603	1836.436433000723	
12863.7624	0.03919999999925494	Ripples						0.03919999999925494	12863.7856	18.577904007668977	160.6381511716726	1557.1492452670814	
12864.1872	0.0319999999992433	Ripples						0.0319999999992433	12864.2064	17.147688783413177	164.45167123585148	1422.044016270255	
12864.3136	0.028000000000247383	Ripples						0.028000000000247383	12864.3344	8.288165384060022	173.18701220285146	903.5454957161627	
12865.0968	0.021600000000034925	Ripples						0.021600000000034925	12865.1112	9.60834014755663	160.26795210229773	911.3897062663025	
12865.3632	0.02080000000023574	Ripples						0.02080000000023574	12865.3768	5.930772356390884	154.91712402346366	771.9840732760176	
12868.0456	0.127200000000812	Ripples						0.127200000000812	12868.0848	10.90789369591542	156.54488072375875	1090.961786027002	
12868.2328	0.031199999999444117	Ripples						0.031199999999444117	12868.2416	10.12899985255924	153.5197264975964	829.9025213458639	
12869.961599999999	0.03360000000066066	Ripples						0.03360000000066066	12869.972	6.082813300425006	156.96130048030997	726.6857589116206	
12873.6112	0.03679999999985739	Ripples						0.03679999999985739	12873.6256	17.238924599646154	164.44877066587847	1574.0819221002077	
12873.7312	0.0503999999982625	Ripples						0.0503999999982625	12873.7496	17.33183759885879	150.3064024514957	1423.6377837874024	
12881.267199999998	0.030400000001463923	Ripples						0.030400000001463923	12881.2808	6.59801634099259	158.8728011088365	944.7310404689908	
12891.7384	0.023999999999432475	Ripples						0.023999999999432475	12891.752799999998	12.110601468628536	167.72451690661532	1183.8202563585019	
12894.1456	0.04799999999886495	Ripples						0.04799999999886495	12894.1744	21.27881481001677	167.5869907937625	1705.6099970350558	
12896.96	0.04320000000006985	Ripples						0.04320000000006985	12896.989599999999	15.61768013852449	150.77619658832427	1210.3232276875613	
12897.1512	0.0455999999994674	Ripples						0.0455999999994674	12897.179199999999	29.971737386021527	166.19500883493714	2027.0113025272826	
12898.5304	0.03600000000005821	Ripples						0.03600000000005821	12898.5464	21.79371121373969	161.89947037028185	1728.6113968098002	
12899.2256	0.04800000000068394	Ripples						0.04800000000068394	12899.252799999998	8.07819881499619	157.75432761153925	906.8890364809191	
12899.3168	0.17439999999987776	Ripples						0.17439999999987776	12899.4056	10.554135685165939	156.1067160453291	1277.7032795650075	
12906.0792	0.06799999999930151	Ripples						0.06799999999930151	12906.0936	10.397358594751113	160.47538408398577	1106.647742043308	
12906.171999999999	0.06480000000010477	Ripples						0.06480000000010477	12906.2304	6.060716228601336	147.80000893031686	642.8002764788401	
12906.6448	0.08079999999972642	Ripples						0.08079999999972642	12906.6592	8.7364716333508	172.73717984230825	1060.2311316517025	
12907.0	0.062399999998888234	Ripples						0.062399999998888234	12907.0296	9.59969172928604	153.214675656476	1016.2321653504706	
12907.1992	0.053599999999278225	Ripples						0.053599999999278225	12907.229599999999	12.794758262261935	152.9604528920638	1336.8048165541745	
12910.2696	0.02479999999923166	Ripples						0.02479999999923166	12910.2832	12.64858873751961	158.7914287692069	1197.9227086736732	
12912.396799999999	0.031200000001263106	Ripples						0.031200000001263106	12912.410399999999	12.001835400443598	157.48534222366072	1253.9914220859473	
12912.685599999999	0.03280000000086147	Ripples						0.03280000000086147	12912.699999999999	10.07324960668468	154.05084466822132	1080.00925777453	
12912.8528	0.0639999999984866	Ripples						0.0639999999984866	12912.8944	5.271854288308652	145.93845534385198	507.2553466936322	
12913.7408	0.04160000000047148	Ripples						0.04160000000047148	12913.772799999999	14.441202048772265	169.0588683902289	1325.5638776118728	
12915.784	0.020000000000436557	Ripples						0.020000000000436557	12915.7952	6.751526822520846	172.32096148428082	860.9246122892978	
12916.712	0.021600000000034925	Ripples						0.021600000000034925	12916.7272	6.084254679280228	152.23529797350338	710.24735004816	
12919.892	0.026399999998830026	Ripples						0.026399999998830026	12919.911199999999	6.572731206744914	154.62843607367765	615.440589003127	
12919.9456	0.021600000000034925	Ripples						0.021600000000034925	12919.9568	11.190399504765688	160.7286593305505	1051.1001042911685	
12920.1672	0.039999999999054126	Ripples						0.039999999999054126	12920.1872	23.683260173297924	161.50832383235914	1808.986185577062	
12920.5648	0.02479999999923166	Ripples						0.02479999999923166	12920.5808	14.132874062559058	168.70195395722678	1244.192056946963	
12920.6568	0.039999999999054126	Ripples						0.039999999999054126	12920.670399999999	12.645332148351493	162.88582239084135	1369.2356162051028	
12920.8184	0.044799999999668216	Ripples						0.044799999999668216	12920.8296	17.948266723683783	154.33201930687815	1367.380987292627	
12922.7392	0.046399999999266583	Ripples						0.046399999999266583	12922.764799999999	18.62623533305728	155.14054906434578	1450.952750011764	
12922.960799999999	0.03440000000045984	Ripples						0.03440000000045984	12922.989599999999	6.465031600971529	157.65184216605775	855.8316837939174	
12928.200799999999	0.031200000001263106	Ripples						0.031200000001263106	12928.2256	8.079377771822434	156.48729917373527	941.527454341091	
12929.6136	0.051199999998061685	Ripples						0.051199999998061685	12929.6352	32.636849973773614	160.1001538996469	2204.2028481525062	
12929.7456	0.03599999999823922	Ripples						0.03599999999823922	12929.764799999999	29.41642078017943	161.6218408932898	1986.3982555999075	
12933.3368	0.040000000000873115	Ripples						0.040000000000873115	12933.353599999999	13.830740730758944	164.5674109239125	1191.5618162413969	
12933.490399999999	0.06160000000090804	Ripples						0.06160000000090804	12933.5296	16.321405742534196	147.867853717786	1364.5143711511619	
12934.641599999999	0.04320000000006985	Ripples						0.04320000000006985	12934.6624	24.750106315193886	164.28625259184867	1560.0137600542594	
12936.497599999999	0.03680000000167638	Ripples						0.03680000000167638	12936.511199999999	15.214498048474455	154.8921159409641	1324.5374072051452	
12942.7984	0.021600000000034925	Ripples						0.021600000000034925	12942.8128	6.217131249795634	159.01296654047903	844.2432091773022	
12957.0144	0.030399999999644933	Ripples						0.030399999999644933	12957.026399999999	7.511283348284301	151.76769961124225	867.8069688115075	
12957.1552	0.023999999999432475	Ripples						0.023999999999432475	12957.1688	5.3377571890842015	161.3687236875391	816.9986488018143	
12958.0	56.0	SleepStates											Awake
12986.018399999999	0.037600000001475564	Ripples						0.037600000001475564	12986.0288	5.705585042118022	169.13620679477805	837.912002264166	
12988.2088	0.06559999999808497	Ripples						0.06559999999808497	12988.2328	7.569407729900742	151.6285367177106	976.3963798204404	
12992.1496	0.03439999999864085	Ripples						0.03439999999864085	12992.164799999999	12.236281173511708	155.8465755958362	1193.8678463672184	
12992.4944	0.08560000000034051	Ripples						0.08560000000034051	12992.511199999999	12.67585014609106	161.03232464230277	1340.790225838734	
12993.0608	0.0319999999992433	Ripples						0.0319999999992433	12993.072	15.2926603783379	163.9184130715981	1357.7525460103975	
12993.411199999999	0.05520000000069558	Ripples						0.05520000000069558	12993.452	16.095291790019704	154.86437311475316	1516.211490974724	
13013.7272	0.0272000000004482	Ripples						0.0272000000004482	13013.743199999999	10.436890062175175	166.22189307388803	1140.1568760131215	
13015.0	168.0	SleepStates											Non-REM
13015.5512	0.02080000000023574	Ripples						0.02080000000023574	13015.562399999999	6.6183604864211265	163.94376151505034	935.3965059228991	
13015.7736	0.03359999999884167	Ripples						0.03359999999884167	13015.787199999999	5.665800550693909	160.1245518540832	976.9541529882847	
13016.7032	0.02959999999984575	Ripples						0.02959999999984575	13016.7248	10.762947258616768	155.09970448122021	1030.1634252617862	
13016.830399999999	0.02480000000105065	Ripples						0.02480000000105065	13016.8456	6.275478373448403	154.77551970123577	849.1685085454453	
13018.5608	0.03280000000086147	Ripples						0.03280000000086147	13018.5728	13.548751464400624	155.31756350341453	1298.9098014858948	
13020.1296	0.026399999998830026	Ripples						0.026399999998830026	13020.14	5.984015593788236	171.9172099255956	838.5333394504644	
13020.2552	0.030399999999644933	Ripples						0.030399999999644933	13020.2664	8.612129788042253	156.38817490218437	746.1127144663674	
13022.0216	0.03440000000045984	Ripples						0.03440000000045984	13022.035199999998	9.120861982857972	157.97188758890272	999.5270052271109	
13023.882399999999	0.042400000000270666	Ripples						0.042400000000270666	13023.902399999999	28.213350647223173	163.8800360570937	2184.8492624445917	
13023.9808	0.056000000000494765	Ripples						0.056000000000494765	13024.020799999998	15.569075422986929	164.5720674003047	1508.6204876587117	
13024.1368	0.028800000000046566	Ripples						0.028800000000046566	13024.1584	10.810708887938903	166.2394489776574	1034.4259898155697	
13026.5744	0.02480000000105065	Ripples						0.02480000000105065	13026.5888	7.252649997939814	159.05811630686176	967.0593759240344	
13027.983199999999	0.07840000000032887	Ripples						0.07840000000032887	13028.047999999999	20.235443616061747	157.59132707413863	1619.0119050368842	
13028.1256	0.05279999999947904	Ripples						0.05279999999947904	13028.1368	5.641104911715944	160.7518889068711	800.2583998449895	
13028.6624	0.022399999999834108	Ripples						0.022399999999834108	13028.671999999999	8.54765932142242	167.06125354194444	997.0919290561021	
13028.7688	0.03919999999925494	Ripples						0.03919999999925494	13028.794399999999	8.695312948234982	154.17837433707876	1059.667363545683	
13030.853599999999	0.03360000000066066	Ripples						0.03360000000066066	13030.8792	7.389031368909941	155.19158334700714	731.7248365404888	
13031.214399999999	0.028000000000247383	Ripples						0.028000000000247383	13031.228799999999	12.65241823055865	159.6810486802956	1140.9579485444378	
13033.098399999999	0.05040000000008149	Ripples						0.05040000000008149	13033.127199999999	9.37350332325249	156.18460844599792	981.320110179976	
13033.2528	0.042400000000270666	Ripples						0.042400000000270666	13033.2784	30.297392359689127	165.86151166032457	1982.4714652315672	
13033.367999999999	0.03440000000045984	Ripples						0.03440000000045984	13033.389599999999	11.140300236055522	152.6503249731273	1061.7341034534975	
13034.0688	0.03600000000005821	Ripples						0.03600000000005821	13034.085599999999	15.559915476859508	163.51185561934233	1452.2650509608222	
13034.2984	0.040000000000873115	Ripples						0.040000000000873115	13034.3128	10.783236878416929	154.26954968227102	1046.0865009751474	
13036.5608	0.056000000000494765	Ripples						0.056000000000494765	13036.58	10.697651781469368	150.3689002387752	693.160950838785	
13037.1608	0.022399999999834108	Ripples						0.022399999999834108	13037.1728	5.304398339191919	157.7950834533276	722.7527683418664	
13037.3728	0.053600000001097214	Ripples						0.053600000001097214	13037.384	8.18285092183644	152.09104950676738	934.1563879609087	
13037.576799999999	0.024000000001251465	Ripples						0.024000000001251465	13037.591199999999	5.282365688363003	162.96358101083018	869.669649995632	
13037.9712	0.0272000000004482	Ripples						0.0272000000004482	13037.9848	9.709327783663925	160.7066344532336	1040.777050257047	
13038.0528	0.0680000000011205	Ripples						0.0680000000011205	13038.092799999999	9.314205571193408	161.6821479229745	1223.2916557507504	
13044.9864	0.0408000000006723	Ripples						0.0408000000006723	13045.0104	6.1252178569827045	154.5493139639407	939.1947761023146	
13045.7064	0.028000000000247383	Ripples						0.028000000000247383	13045.7208	16.643642571676562	164.03225715539395	1452.9591701677157	
13048.044	0.03600000000005821	Ripples						0.03600000000005821	13048.069599999999	6.293750968671613	154.46739876375352	732.5404267978779	
13051.3584	0.020000000000436557	Ripples						0.020000000000436557	13051.366399999999	8.8914343498987	166.2241801735666	955.9927500699682	
13053.0704	0.037599999999656575	Ripples						0.037599999999656575	13053.083999999999	8.765443719748804	159.31176471625028	1058.360801600278	
13055.1168	0.04399999999986903	Ripples						0.04399999999986903	13055.128	6.207122256867111	158.39415091873212	849.6608349772539	
13055.2088	0.03439999999864085	Ripples						0.03439999999864085	13055.2304	11.276645321724624	153.79926400667628	1169.4226658734815	
13056.396799999999	0.04320000000006985	Ripples						0.04320000000006985	13056.4144	19.613760465488742	165.1300509085941	1567.995643153219	
13056.5144	0.028800000000046566	Ripples						0.028800000000046566	13056.5312	14.283354801862416	179.0911211784974	1012.0006090144476	
13060.0816	0.035200000000259024	Ripples						0.035200000000259024	13060.0968	11.718324588615513	154.56475155513505	1187.0774394540044	
13062.628799999999	0.037600000001475564	Ripples						0.037600000001475564	13062.650399999999	11.77197934827121	162.24867638824702	1298.7480463736724	
13063.1008	0.051199999999880674	Ripples						0.051199999999880674	13063.1256	34.036142915617816	167.85386453856032	2230.202287008535	
13063.2232	0.1224000000001979	Ripples						0.1224000000001979	13063.286399999999	13.910160336089968	152.80584240319487	1473.1641764446895	
13063.4048	0.03439999999864085	Ripples						0.03439999999864085	13063.418399999999	8.772609727649893	159.76393921025897	1050.0611201913223	
13065.5576	0.09519999999974971	Ripples						0.09519999999974971	13065.6136	17.50567560512967	149.03279339677562	1520.1823705732925	
13066.4584	0.028000000000247383	Ripples						0.028000000000247383	13066.472	9.4630647326805	158.01849977938258	1010.8427830053115	
13068.402399999999	0.0591999999996915	Ripples						0.0591999999996915	13068.446399999999	14.105327392671297	148.5560801354161	1176.2232969155386	
13068.6808	0.04159999999865249	Ripples						0.04159999999865249	13068.6984	17.310152362491532	155.46028340405172	1501.6838023025841	
13068.9872	0.03600000000005821	Ripples						0.03600000000005821	13068.996	8.005182231652137	160.21645517363046	914.8708111208412	
13069.108	0.026399999998830026	Ripples						0.026399999998830026	13069.1184	13.100840902180401	167.87857876580745	1264.1457986871608	
13080.7168	0.07120000000031723	Ripples						0.07120000000031723	13080.7704	13.695462351463572	153.76489200986066	1335.8044969464177	
13080.876	0.05040000000008149	Ripples						0.05040000000008149	13080.9128	17.641795662058037	161.56343781034772	1576.5558421970659	
13081.6808	0.030399999999644933	Ripples						0.030399999999644933	13081.6952	17.643404224970652	161.56903977349896	1506.8957395865154	
13082.5144	0.030399999999644933	Ripples						0.030399999999644933	13082.5312	14.477038134835814	163.99936426575482	1381.3687965331085	
13084.1064	0.0367999999980384	Ripples						0.0367999999980384	13084.1264	19.095590921147995	155.0153211477397	1416.3377672678546	
13086.944	0.0272000000004482	Ripples						0.0272000000004482	13086.9576	14.282537047317051	163.6466957188049	1325.4113353980895	
13088.5936	0.09039999999913562	Ripples						0.09039999999913562	13088.648	14.68957611803383	150.88224757785642	1267.3814833483375	
13088.779999999999	0.04560000000128639	Ripples						0.04560000000128639	13088.7976	17.131250626163002	150.356640212259	1471.0919816056335	
13088.9232	0.03600000000005821	Ripples						0.03600000000005821	13088.9456	12.929768630914388	154.96175000119655	1277.082285060664	
13089.0896	0.03679999999985739	Ripples						0.03679999999985739	13089.1032	13.72228508788025	168.0690634851812	1354.1246563615566	
13089.2048	0.03919999999925494	Ripples						0.03919999999925494	13089.2328	15.454859663535366	159.39107024203253	1461.5173270752102	
13090.9992	0.05999999999949068	Ripples						0.05999999999949068	13091.011199999999	14.121895943039977	157.77528008544192	1269.0151409418586	
13091.3424	0.0680000000011205	Ripples						0.0680000000011205	13091.396	14.971836027536861	157.51294720105668	1307.1092593112492	
13091.4384	0.030399999999644933	Ripples						0.030399999999644933	13091.4584	20.40617460189059	159.95177978480388	1541.884098464997	
13091.6168	0.023999999999432475	Ripples						0.023999999999432475	13091.6312	9.736897794096873	165.8596245759953	1098.434792899642	
13093.4408	0.03600000000005821	Ripples						0.03600000000005821	13093.4576	20.764182566621827	161.87380213250833	1694.8503403489137	
13098.6296	0.02959999999984575	Ripples						0.02959999999984575	13098.64	6.003732776003248	156.82281146535357	733.8377647360408	
13098.923999999999	0.03280000000086147	Ripples						0.03280000000086147	13098.9424	21.336194249933254	154.4206403814268	1517.3367505491808	
13099.024	0.03600000000005821	Ripples						0.03600000000005821	13099.0416	7.340470983340871	152.63893243480285	727.7788122814832	
13099.18	0.07599999999911233	Ripples						0.07599999999911233	13099.1952	17.30216504728332	151.74281843352247	1255.297503056346	
13102.216	0.051199999998061685	Ripples						0.051199999998061685	13102.235999999999	9.6926893365629	154.04059364076082	1049.5933622497857	
13102.7272	0.021600000000034925	Ripples						0.021600000000034925	13102.735999999999	10.200178881882243	160.83408573871066	970.3661256061987	
13113.32	0.0272000000004482	Ripples						0.0272000000004482	13113.3368	9.705561323952567	166.18659116407716	1198.5206239539953	
13115.9888	0.04960000000028231	Ripples						0.04960000000028231	13116.0216	21.68284419828417	162.23978884528708	1720.8689025897827	
13116.0808	0.07200000000011642	Ripples						0.07200000000011642	13116.1256	22.891118367918796	163.76448628125664	1786.3929481062648	
13120.4048	0.025599999999030842	Ripples						0.025599999999030842	13120.4128	6.8193106100843215	157.31741728709812	786.6903236072981	
13121.1184	0.056000000000494765	Ripples						0.056000000000494765	13121.132	15.737007498300288	162.7636056568096	1420.0827820329619	
13121.2488	0.03679999999985739	Ripples						0.03679999999985739	13121.267199999998	24.658402820693638	153.38329205881453	1695.7996574663948	
13121.3656	0.040000000000873115	Ripples						0.040000000000873115	13121.3904	16.547348397908838	150.51001099041167	1155.0259478744165	
13121.555199999999	0.04160000000047148	Ripples						0.04160000000047148	13121.578399999999	21.914551462978636	154.06698965935178	1478.5447951921765	
13123.8768	0.028800000000046566	Ripples						0.028800000000046566	13123.8888	11.308710935960622	160.8434400066785	1147.1649532480092	
13123.9712	0.025599999999030842	Ripples						0.025599999999030842	13123.9856	14.566969097513898	163.41351935261602	1264.5324401566688	
13124.1136	0.032799999999042484	Ripples						0.032799999999042484	13124.135999999999	10.836258967157738	156.83485285540914	1066.9890133527551	
13125.1456	0.04960000000028231	Ripples						0.04960000000028231	13125.163199999999	12.633776586924023	159.39635407815447	1354.0168744649286	
13125.303199999998	0.02080000000205473	Ripples						0.02080000000205473	13125.3168	6.014463852523427	166.3383225674653	873.4546077158332	
13126.178399999999	0.020000000000436557	Ripples						0.020000000000436557	13126.1872	6.543161138559525	159.4750522609561	880.1736296648401	
13129.144	0.07999999999992724	Ripples						0.07999999999992724	13129.1672	6.128121695955501	151.30234775289136	436.05945388768004	
13131.5024	0.0408000000006723	Ripples						0.0408000000006723	13131.535199999998	7.554710123470051	152.9011906517752	876.2583896026193	
13141.1496	0.026399999998830026	Ripples						0.026399999998830026	13141.1616	8.423112974453078	152.99969534112745	884.6637455738486	
13143.84	0.09919999999874562	Ripples						0.09919999999874562	13143.924799999999	7.235729902242288	150.34495307378856	894.7113346139865	
13150.8576	0.02080000000023574	Ripples						0.02080000000023574	13150.8712	11.717711397235687	162.30040695845614	1120.54102686146	
13151.947199999999	0.028800000000046566	Ripples						0.028800000000046566	13151.9584	20.561743592590858	165.3763664584069	1551.6022133663043	
13152.4144	0.06879999999910069	Ripples						0.06879999999910069	13152.4528	24.867567522738966	154.7200942619759	2002.5041690286687	
13152.516	0.03600000000005821	Ripples						0.03600000000005821	13152.5312	9.02669522062338	150.6093594349818	935.7735987554214	
13152.724	0.09359999999833235	Ripples						0.09359999999833235	13152.7912	5.646934400799118	158.59912459297374	821.8962654885039	
13154.5248	0.028800000000046566	Ripples						0.028800000000046566	13154.5384	7.273658694531263	177.86458269497948	840.4491051306871	
13154.831999999999	0.0496000000021013	Ripples						0.0496000000021013	13154.851999999999	14.489401901067621	150.5430748945396	1294.915536769868	
13159.148	0.05279999999947904	Ripples						0.05279999999947904	13159.1728	10.437416518400182	151.19766340763599	1250.0280304183595	
13161.2416	0.0455999999994674	Ripples						0.0455999999994674	13161.264799999999	14.915790016236048	145.82660043516282	1015.9851811611704	
13165.356	0.031199999999444117	Ripples						0.031199999999444117	13165.366399999999	10.707593214857711	164.02569617765135	1146.8383566046439	
13166.3584	0.03839999999945576	Ripples						0.03839999999945576	13166.3872	12.611594779290247	153.21875739116172	1078.3898490458507	
13167.1208	0.051199999998061685	Ripples						0.051199999998061685	13167.135999999999	15.157597027718078	158.95195859529332	1215.9470757050326	
13184.0	85.0	SleepStates											REM
13270.0	41.0	SleepStates											Awake
13279.6616	0.04160000000047148	Ripples						0.04160000000047148	13279.684	10.152178548055371	170.03379693417838	1169.6648969897262	
13287.2568	0.05199999999967986	Ripples						0.05199999999967986	13287.300799999999	12.095455131499685	152.14336148540656	1110.1094789294136	
13287.4496	0.039999999999054126	Ripples						0.039999999999054126	13287.4792	9.151226612666822	149.8398047779807	909.8197059501931	
13287.572	0.021600000000034925	Ripples						0.021600000000034925	13287.58	5.64689391143971	154.01691531812682	757.9106903114151	
13288.108	0.035199999998440035	Ripples						0.035199999998440035	13288.1384	5.296451133038966	162.7183632500572	677.9743608082013	
13288.837599999999	0.028800000000046566	Ripples						0.028800000000046566	13288.8544	15.618565722499616	170.84441183255822	1365.4543247750685	
13288.9456	0.026400000000649015	Ripples						0.026400000000649015	13288.9576	10.075717721245962	154.96479546070762	1058.9997473497206	
13294.144	0.035199999998440035	Ripples						0.035199999998440035	13294.1672	12.652943619996938	166.1555523787957	1329.187963181541	
13294.308799999999	0.031200000001263106	Ripples						0.031200000001263106	13294.3224	15.112451368045917	160.28824886615965	1407.148075571114	
13295.9712	0.10399999999935972	Ripples						0.10399999999935972	13296.055199999999	20.52947458268631	157.77392235386432	1686.5881565577924	
13296.1768	0.04160000000047148	Ripples						0.04160000000047148	13296.1912	29.698874617960417	158.42381084581055	1689.705355741992	
13296.556	0.04799999999886495	Ripples						0.04799999999886495	13296.5936	6.82611653491784	165.96784186435607	990.405204637715	
13298.7768	0.10800000000017462	Ripples						0.10800000000017462	13298.8712	14.048112293190485	158.99135187471882	1344.2288302633303	
13301.671999999999	0.031200000001263106	Ripples						0.031200000001263106	13301.685599999999	8.28167740147055	164.5857277796828	1014.781379611139	
13301.8264	0.028000000000247383	Ripples						0.028000000000247383	13301.8408	5.906904302393791	149.52735993839906	759.2739776745245	
13312.0	291.0	SleepStates											Non-REM
13312.4792	0.05999999999949068	Ripples						0.05999999999949068	13312.496	19.098157441112377	167.47163426438226	1586.4875225489302	
13312.5736	0.08560000000034051	Ripples						0.08560000000034051	13312.604	26.533373191344158	160.59033113927578	2091.1933869787763	
13312.7464	0.042399999998451676	Ripples						0.042399999998451676	13312.776	8.666578024653584	154.00572287923015	1029.8133364397825	
13313.8144	0.07440000000133296	Ripples						0.07440000000133296	13313.8544	13.244971895158733	151.1757661891899	1314.9287141285536	
13316.4368	0.04800000000068394	Ripples						0.04800000000068394	13316.4624	7.584087394666645	155.3813128712471	767.0216586476827	
13317.5576	0.022399999999834108	Ripples						0.022399999999834108	13317.5688	8.600084909572569	159.29444689235567	1043.8908915343052	
13320.4816	0.02959999999984575	Ripples						0.02959999999984575	13320.497599999999	9.091104348377344	160.98152362964345	1093.2900106571751	
13321.5224	0.03439999999864085	Ripples						0.03439999999864085	13321.5464	16.345801312055645	156.48688562712525	1330.2520323377469	
13321.6408	0.048800000000483124	Ripples						0.048800000000483124	13321.664799999999	23.260011086907834	156.960432439051	1720.0512541181738	
13322.2776	0.05199999999967986	Ripples						0.05199999999967986	13322.2928	12.456389790437866	150.75033825251225	1142.288684225111	
13327.668	0.0319999999992433	Ripples						0.0319999999992433	13327.6904	8.988059983832548	155.47056000025427	981.9773807881745	
13327.856	0.037599999999656575	Ripples						0.037599999999656575	13327.872	12.10084324146882	159.19807163358863	1191.8266009014988	
13327.990399999999	0.024000000001251465	Ripples						0.024000000001251465	13328.003999999999	10.952059237689708	164.57058719351343	1114.8160313014512	
13336.2192	0.028000000000247383	Ripples						0.028000000000247383	13336.24	5.214317136717301	158.48109223915722	744.8780482155767	
13336.4384	0.04399999999986903	Ripples						0.04399999999986903	13336.4568	15.783691679743727	154.52356346151893	1425.953315835484	
13337.0824	0.040000000000873115	Ripples						0.040000000000873115	13337.0936	5.059047651060931	152.72876080977917	653.090412738831	
13338.808799999999	0.040000000000873115	Ripples						0.040000000000873115	13338.8288	15.010605340416234	160.4230446801406	1594.3963426845712	
13339.5376	0.06079999999928987	Ripples						0.06079999999928987	13339.5592	11.742859527673685	146.92081789953394	874.6184136695921	
13339.712	0.058399999999892316	Ripples						0.058399999999892316	13339.7272	14.39320444236673	160.13905414480863	1486.9903150530781	
13340.1448	0.028000000000247383	Ripples						0.028000000000247383	13340.155999999999	10.712600626551051	166.18027753430243	1145.3299202108644	
13340.547199999999	0.037600000001475564	Ripples						0.037600000001475564	13340.5608	18.52334346406438	168.27994668754275	1516.0650015750296	
13341.287199999999	0.05520000000069558	Ripples						0.05520000000069558	13341.3288	17.25520976159562	161.0476707048119	1689.3562377259377	
13344.1008	0.021600000000034925	Ripples						0.021600000000034925	13344.1088	7.964816772343821	160.77713470092206	834.8888981893778	
13345.178399999999	0.03600000000005821	Ripples						0.03600000000005821	13345.196	14.984005236726327	154.67301720534346	1071.9929140927109	
13345.267199999998	0.020000000000436557	Ripples						0.020000000000436557	13345.279199999999	5.763403350102743	156.66488020130464	772.7516267632324	
13346.1184	0.026400000000649015	Ripples						0.026400000000649015	13346.1312	9.874435903957412	171.16904259488769	1112.440643887467	
13346.4032	0.044799999999668216	Ripples						0.044799999999668216	13346.4232	11.527138850365208	158.5326860696511	899.1941692793888	
13346.5632	0.02479999999923166	Ripples						0.02479999999923166	13346.5744	10.771234657026799	160.36199689992648	1062.8298055581167	
13357.192799999999	0.08879999999953725	Ripples						0.08879999999953725	13357.2192	18.442569648013663	155.98738505881118	1623.8368059818213	
13357.439999999999	0.04160000000047148	Ripples						0.04160000000047148	13357.460799999999	38.70383198312671	166.9114977949374	2359.806714894697	
13357.554399999999	0.044800000001487206	Ripples						0.044800000001487206	13357.588	11.644113669643984	161.64396786029405	1222.7173744545482	
13358.3856	0.022399999999834108	Ripples						0.022399999999834108	13358.3936	8.391930947747488	158.70457953436772	797.0435585784561	
13358.569599999999	0.0272000000004482	Ripples						0.0272000000004482	13358.5864	12.295951275669227	155.51299263386355	1151.882873301345	
13358.7608	0.030399999999644933	Ripples						0.030399999999644933	13358.7776	16.390157862622505	166.63018623381424	1485.2434244759859	
13358.9648	0.07120000000031723	Ripples						0.07120000000031723	13358.975999999999	14.603498920100987	154.45341470122065	1368.608906331117	
13359.1296	0.037599999999656575	Ripples						0.037599999999656575	13359.1496	17.19174730617023	151.09811927782576	1331.7594637590778	
13359.8336	0.04960000000028231	Ripples						0.04960000000028231	13359.872	5.637298224476135	152.1651456830432	796.4447028902222	
13360.3408	0.02959999999984575	Ripples						0.02959999999984575	13360.3632	7.413866569206019	153.36372530300824	803.5146291257444	
13360.5216	0.056000000000494765	Ripples						0.056000000000494765	13360.5576	9.215258847451922	151.94107680471535	1019.2423905918764	
13362.6464	0.06719999999950232	Ripples						0.06719999999950232	13362.688	12.830953655970118	153.46206731682238	1278.3695466050424	
13362.7696	0.035200000000259024	Ripples						0.035200000000259024	13362.792	13.194813450100003	156.97208733966838	1280.2523354612968	
13366.207999999999	0.0408000000006723	Ripples						0.0408000000006723	13366.2328	24.62959868013863	163.0992993382716	1837.8715695918627	
13366.540799999999	0.04160000000047148	Ripples						0.04160000000047148	13366.569599999999	16.615331499279783	164.64899781489325	1459.265762945297	
13367.5232	0.0319999999992433	Ripples						0.0319999999992433	13367.5376	15.26595999235094	160.1495325117362	1317.4076110741034	
13367.632	0.028800000000046566	Ripples						0.028800000000046566	13367.6424	7.035459996469334	151.76999244610067	786.5038193550141	
13367.8144	0.025600000000849832	Ripples						0.025600000000849832	13367.8288	8.45946122757499	159.24262776048283	980.713360288542	
13369.300799999999	0.04800000000068394	Ripples						0.04800000000068394	13369.324799999999	7.936841460029014	149.97543527977135	1046.2006974594656	
13369.439999999999	0.035200000000259024	Ripples						0.035200000000259024	13369.461599999999	9.097034087166234	152.37247391498948	967.5806832460212	
13369.5632	0.023999999999432475	Ripples						0.023999999999432475	13369.5776	10.074904053953198	159.91209895330775	1069.216756145583	
13370.366399999999	0.03600000000005821	Ripples						0.03600000000005821	13370.38	8.551958638914897	157.08354389476818	875.0497897280337	
13374.7784	0.06000000000130967	Ripples						0.06000000000130967	13374.824799999999	8.826613998770863	169.87951329018688	1053.9999285913202	
13374.9448	0.06880000000091968	Ripples						0.06880000000091968	13374.9912	13.16187488618167	146.75155247507035	1068.8279555400545	
13375.091199999999	0.058400000001711305	Ripples						0.058400000001711305	13375.124	10.699029157297835	149.24681933043192	941.1013122106144	
13375.2208	0.03360000000066066	Ripples						0.03360000000066066	13375.2376	15.018143847397809	160.680397591722	1462.364796925599	
13377.4592	0.02480000000105065	Ripples						0.02480000000105065	13377.4768	6.942449303542339	169.12360937309074	942.2364666095843	
13377.5904	0.03839999999945576	Ripples						0.03839999999945576	13377.6048	9.098960243053542	161.17688493652292	1042.6055304741465	
13377.972	0.022399999999834108	Ripples						0.022399999999834108	13377.9872	8.723568712909751	164.78633605336842	956.1912607436813	
13380.5088	0.03359999999884167	Ripples						0.03359999999884167	13380.52	10.882080093869131	169.5084560105979	932.6924888405398	
13380.8936	0.04160000000047148	Ripples						0.04160000000047148	13380.924799999999	10.456803533464726	155.33362975215715	1121.3262012210917	
13380.996799999999	0.053600000001097214	Ripples						0.053600000001097214	13381.032	5.788501136195129	144.61773791945018	701.913890396129	
13392.757599999999	0.02080000000023574	Ripples						0.02080000000023574	13392.765599999999	5.178098905835229	164.47545535227388	763.1284556941703	
13401.996	0.028800000000046566	Ripples						0.028800000000046566	13402.0064	9.439556535437516	164.85606553318163	909.5487493079685	
13404.2384	0.05199999999967986	Ripples						0.05199999999967986	13404.2496	6.5612331029584245	155.3062993608718	733.1696051435601	
13405.054399999999	0.04640000000108557	Ripples						0.04640000000108557	13405.0688	11.007259126624573	154.04114336871416	1111.4397683769262	
13405.1384	0.03280000000086147	Ripples						0.03280000000086147	13405.1528	7.714731807499007	151.60647774873766	880.2158834414403	
13405.2688	0.03839999999945576	Ripples						0.03839999999945576	13405.2896	22.976247727286875	152.28532730609112	1645.41838351508	
13405.436	0.023999999999432475	Ripples						0.023999999999432475	13405.4496	12.169472236071602	157.08085195090763	1050.8422556633934	
13406.685599999999	0.02959999999984575	Ripples						0.02959999999984575	13406.7024	20.987063201262	162.04351336067805	1494.3240582592698	
13406.792	0.032799999999042484	Ripples						0.032799999999042484	13406.8112	18.93473868425729	170.56711345280056	1570.2416959581599	
13407.1608	0.031199999999444117	Ripples						0.031199999999444117	13407.184	17.327197866075796	164.19086524998332	1367.556587723684	
13407.3704	0.022399999999834108	Ripples						0.022399999999834108	13407.3856	5.100821394432115	148.07552026123338	656.5643699828101	
13407.9512	0.02479999999923166	Ripples						0.02479999999923166	13407.9624	10.489164778537456	168.32745155115052	1121.5364842403685	
13408.076799999999	0.03840000000127475	Ripples						0.03840000000127475	13408.0944	29.32199051173221	156.7532276162014	1922.9299042831046	
13408.2552	0.037599999999656575	Ripples						0.037599999999656575	13408.2664	9.539246523216327	168.00435307201275	1087.67515392661	
13410.424799999999	0.05520000000069558	Ripples						0.05520000000069558	13410.4456	10.283955404273938	156.05784269192964	1116.9503429337044	
13422.279199999999	0.040000000000873115	Ripples						0.040000000000873115	13422.2928	12.121689707264125	153.9510391218478	1110.3116720704406	
13425.0488	0.07039999999869906	Ripples						0.07039999999869906	13425.0896	15.380987455360696	147.5892118668347	1266.0168802226556	
13426.193599999999	0.03920000000107393	Ripples						0.03920000000107393	13426.2232	13.589410564180099	158.66532466595112	1103.6913647697895	
13429.9952	0.025599999999030842	Ripples						0.025599999999030842	13430.0128	14.878942174718636	161.18525740551564	1193.3073489457809	
13437.6136	0.07359999999971478	Ripples						0.07359999999971478	13437.655999999999	11.942001634075186	145.55685319091072	1182.967171921454	
13439.7608	0.07839999999850988	Ripples						0.07839999999850988	13439.7848	18.013390852914288	152.94394121691442	1570.5116364147984	
13439.8944	0.06400000000030559	Ripples						0.06400000000030559	13439.9056	10.004870545347492	153.81887392380276	1047.1337787144093	
13442.5528	0.06159999999908905	Ripples						0.06159999999908905	13442.5744	16.483786750169376	149.56015648205377	1235.7121905304443	
13443.2632	0.028800000000046566	Ripples						0.028800000000046566	13443.2712	7.371766278749678	154.2406716409707	932.6454901514463	
13446.148799999999	0.04399999999986903	Ripples						0.04399999999986903	13446.16	7.433898944199697	154.97464517008692	825.063574666673	
13446.304	0.06559999999990396	Ripples						0.06559999999990396	13446.3264	7.850934390761876	154.3948698686852	878.5938470587439	
13447.5312	0.035200000000259024	Ripples						0.035200000000259024	13447.5584	7.9153517323771885	154.99790827858422	840.1412489495323	
13447.6752	0.06559999999990396	Ripples						0.06559999999990396	13447.7208	6.255667209136333	152.7088368193529	978.1819958123398	
13448.3128	0.03280000000086147	Ripples						0.03280000000086147	13448.324	5.279438190624861	156.85717010885458	740.2372079909833	
13448.4576	0.0319999999992433	Ripples						0.0319999999992433	13448.4656	11.1726103432126	160.1623065070231	983.9293885883822	
13448.5528	0.048800000000483124	Ripples						0.048800000000483124	13448.5848	16.031595266280892	158.18589166488104	1256.4467806856926	
13449.82	0.05040000000008149	Ripples						0.05040000000008149	13449.8416	11.125887109534817	156.3108865265076	1219.4354953499844	
13451.5968	0.021600000000034925	Ripples						0.021600000000034925	13451.6112	6.0251093481288125	157.63642495574473	741.7169953913884	
13451.8816	0.03839999999945576	Ripples						0.03839999999945576	13451.9016	10.777924296859839	163.80341432041538	986.1312149876773	
13452.5152	0.025599999999030842	Ripples						0.025599999999030842	13452.5312	8.272244981272163	168.79792196892893	972.9846378955694	
13454.6544	0.0455999999994674	Ripples						0.0455999999994674	13454.6624	10.529449272647632	163.69151364738363	1116.5565168731348	
13454.772799999999	0.04960000000028231	Ripples						0.04960000000028231	13454.788799999998	14.690215153667907	167.26850654198734	1402.7084952193677	
13454.9088	0.03200000000106229	Ripples						0.03200000000106229	13454.9232	7.954010907329255	152.21776578355178	930.0507722197607	
13458.5008	0.022399999999834108	Ripples						0.022399999999834108	13458.511999999999	6.227801981251471	156.60451370435106	757.4901723820759	
13458.561599999999	0.042400000000270666	Ripples						0.042400000000270666	13458.572	16.32325699988195	155.60918816953014	1266.0323819166686	
13458.6808	0.03679999999985739	Ripples						0.03679999999985739	13458.6984	20.173293089519216	163.78531183634843	1790.8200563475486	
13458.895199999999	0.04320000000006985	Ripples						0.04320000000006985	13458.909599999999	19.020393415549957	158.30716847333872	1479.6857340250733	
13459.0224	0.03679999999985739	Ripples						0.03679999999985739	13459.0368	16.194637840426946	155.33472012930764	1483.7116575167581	
13460.367999999999	0.0632000000005064	Ripples						0.0632000000005064	13460.3856	16.158935276526744	164.33886935730396	1559.9200890585294	
13460.556799999998	0.09760000000096625	Ripples						0.09760000000096625	13460.5744	11.995481073074998	169.43080521502566	1383.7973182943767	
13464.2856	0.02080000000023574	Ripples						0.02080000000023574	13464.2928	6.1681179223631615	159.02530975804714	758.3234587173624	
13467.6608	0.09519999999974971	Ripples						0.09519999999974971	13467.7456	13.616528923372886	154.5141408242436	1195.5972011772212	
13468.7688	0.04320000000006985	Ripples						0.04320000000006985	13468.787199999999	11.20304845619407	151.3831598135967	1082.2935359237456	
13468.996799999999	0.08320000000094296	Ripples						0.08320000000094296	13469.055199999999	6.719677852083017	148.86090606157484	841.1125750201583	
13469.193599999999	0.03280000000086147	Ripples						0.03280000000086147	13469.2056	14.789464180268602	161.93609388760578	1361.3874297130953	
13469.3632	0.03600000000005821	Ripples						0.03600000000005821	13469.3712	8.32973733716923	157.1152711832767	996.3969632853825	
13472.4128	0.03679999999985739	Ripples						0.03679999999985739	13472.4432	5.074211385398611	164.48217215114684	652.656030489084	
13474.86	0.037599999999656575	Ripples						0.037599999999656575	13474.873599999999	17.587121522946525	160.93692729775518	1509.4434352581413	
13476.4008	0.02959999999984575	Ripples						0.02959999999984575	13476.4232	9.723141821798507	153.13769521493225	955.8776729168349	
13477.5136	0.04079999999885331	Ripples						0.04079999999885331	13477.5392	6.982475267614635	149.70921298397334	699.5183188038151	
13482.424799999999	0.021600000000034925	Ripples						0.021600000000034925	13482.439199999999	6.628179938442138	162.43052480433246	849.1836861559457	
13490.8072	0.03440000000045984	Ripples						0.03440000000045984	13490.824799999999	12.925055903945516	164.11531017284477	1351.5851239236754	
13491.621599999999	0.0952000000015687	Ripples						0.0952000000015687	13491.6408	25.057892237763937	150.9726243726902	1717.4593033548215	
13491.8328	0.04399999999986903	Ripples						0.04399999999986903	13491.856	23.062571272928054	156.43124841505872	1761.727266232272	
13491.9384	0.060800000001108856	Ripples						0.060800000001108856	13491.9888	8.504335184494327	164.66735506216696	1034.3144009593639	
13492.46	0.06400000000030559	Ripples						0.06400000000030559	13492.4848	31.370886909854683	159.08453474634854	2047.5526615635615	
13492.604	0.03679999999985739	Ripples						0.03679999999985739	13492.624	12.743994570610374	164.50802807830922	1309.8895006361888	
13497.032	0.040000000000873115	Ripples						0.040000000000873115	13497.061599999999	8.774634641922818	169.28595569757152	1095.2777239030079	
13505.569599999999	0.0768000000007305	Ripples						0.0768000000007305	13505.605599999999	14.46556198724766	150.08230263260023	1336.0296080199873	
13509.1544	0.022399999999834108	Ripples						0.022399999999834108	13509.1672	11.317420154596961	161.06294710176311	1098.5913366778004	
13509.4088	0.04399999999986903	Ripples						0.04399999999986903	13509.4264	12.679348979950301	157.38019077871277	1452.253068852878	
13510.8712	0.022399999999834108	Ripples						0.022399999999834108	13510.8856	5.43937828244172	152.3147480220206	671.5004805465226	
13510.9848	0.04799999999886495	Ripples						0.04799999999886495	13511.0152	31.07824371362681	156.4548211276713	1965.6477300111853	
13511.2968	0.03440000000045984	Ripples						0.03440000000045984	13511.3216	5.176972967194515	153.0847212282117	916.5906714339302	
13517.6952	0.08399999999892316	Ripples						0.08399999999892316	13517.7128	14.11016419385117	159.2990655706237	1517.635686708965	
13520.4344	0.039999999999054126	Ripples						0.039999999999054126	13520.46	8.700562865228052	147.01273641539905	788.2029711582182	
13520.7632	0.025599999999030842	Ripples						0.025599999999030842	13520.7768	19.2417675822371	168.2884060502547	1500.0023556963579	
13521.1672	0.06400000000030559	Ripples						0.06400000000030559	13521.2032	13.440537488962972	148.3280625408502	1070.4520366245665	
13522.6656	0.06639999999970314	Ripples						0.06639999999970314	13522.68	24.663968897684473	163.37433321768077	1737.9101520132685	
13523.7664	0.04159999999865249	Ripples						0.04159999999865249	13523.7856	20.069170960773764	168.3624816603685	1723.261481320847	
13523.9952	0.03920000000107393	Ripples						0.03920000000107393	13524.011999999999	7.065624183208036	163.11126124858606	916.3501060912228	
13524.1248	0.08799999999973807	Ripples						0.08799999999973807	13524.155999999999	17.13562632972798	154.87189904193752	1550.8163739988304	
13525.143199999999	0.04400000000168802	Ripples						0.04400000000168802	13525.16	24.288154066762743	154.37826612051802	1774.5150283095606	
13525.2752	0.035199999998440035	Ripples						0.035199999998440035	13525.2928	13.658675305315194	158.08452772058703	1275.4515181311458	
13532.250399999999	0.02320000000145228	Ripples						0.02320000000145228	13532.265599999999	6.449843974494414	158.01509395227941	764.3701502315699	
13535.6688	0.058399999999892316	Ripples						0.058399999999892316	13535.716	16.641692882360427	160.6018222527556	1416.4795974567867	
13537.3552	0.0455999999994674	Ripples						0.0455999999994674	13537.376	9.676307962970425	150.36464843051107	1009.4910887535165	
13537.592	0.025599999999030842	Ripples						0.025599999999030842	13537.6096	5.983752336450912	163.505017281203	888.8535964622205	
13548.132	0.037599999999656575	Ripples						0.037599999999656575	13548.143199999999	12.5474362239346	167.16371175785946	1225.7951382558574	
13548.2304	0.11919999999918218	Ripples						0.11919999999918218	13548.2456	19.849863722880293	153.95615064688224	1698.722793475772	
13548.4272	0.044799999999668216	Ripples						0.044799999999668216	13548.4512	18.11310542553024	157.89196618940701	1509.8944489781595	
13548.6408	0.021600000000034925	Ripples						0.021600000000034925	13548.6552	5.6669198080232706	163.65753130699773	852.7393761287925	
13549.571199999998	0.037600000001475564	Ripples						0.037600000001475564	13549.5864	9.46910139273127	152.11429780556833	806.4111421893101	
13553.752	0.0591999999996915	Ripples						0.0591999999996915	13553.7848	17.246609873540205	149.96278116304336	1371.8945742435512	
13560.356	0.023199999999633292	Ripples						0.023199999999633292	13560.366399999999	6.3411879126231945	168.44063214306087	917.9491651097047	
13561.025599999999	0.05200000000149885	Ripples						0.05200000000149885	13561.0488	11.570044800046082	145.6038985448629	963.9994927465999	
13561.6088	0.06559999999990396	Ripples						0.06559999999990396	13561.6264	19.106936005679426	156.7723987995724	1428.8516741116252	
13577.163199999999	0.031200000001263106	Ripples						0.031200000001263106	13577.1872	5.865440234477144	165.52457140920765	830.5437670531923	
13580.047199999999	0.053600000001097214	Ripples						0.053600000001097214	13580.0648	23.488357089889277	163.20762168435257	1853.6048980107519	
13580.1368	0.046399999999266583	Ripples						0.046399999999266583	13580.148	9.2791637437157	166.5332782929219	1057.5172105028116	
13580.274399999998	0.0272000000004482	Ripples						0.0272000000004482	13580.293599999999	9.090381612222343	161.81844951165726	1119.3206592636986	
13580.9504	0.028000000000247383	Ripples						0.028000000000247383	13580.961599999999	9.864832388566002	166.22528333693452	1135.1686539750292	
13581.7976	0.031199999999444117	Ripples						0.031199999999444117	13581.810399999998	7.5509687902695655	155.62320668739574	707.5895044135591	
13582.2808	0.06079999999928987	Ripples						0.06079999999928987	13582.2984	10.598477314794646	151.93406613898043	911.0156465225652	
13586.0752	0.07120000000031723	Ripples						0.07120000000031723	13586.1232	15.543101941326375	155.24158858044268	1439.769429956268	
13586.5816	0.03679999999985739	Ripples						0.03679999999985739	13586.598399999999	15.912960296534965	163.2860925227567	1534.7453814416479	
13588.4216	0.0455999999994674	Ripples						0.0455999999994674	13588.4456	30.163951145633337	156.59728311751948	1942.9113615939402	
13588.599999999999	0.022400000001653098	Ripples						0.022400000001653098	13588.608	6.992776481953428	153.48571452261587	754.910496089736	
13588.735999999999	0.037600000001475564	Ripples						0.037600000001475564	13588.7568	23.70608881041202	160.96947204240757	1830.7171174383489	
13589.5368	0.02959999999984575	Ripples						0.02959999999984575	13589.5488	11.962983406250373	159.05739204629737	1079.138759695745	
13592.0992	0.02959999999802676	Ripples						0.02959999999802676	13592.121599999999	7.339283259416962	156.94014549571529	790.8293877152694	
13592.1968	0.03839999999945576	Ripples						0.03839999999945576	13592.2168	21.80931422221707	163.34821085652206	1772.5920496711544	
13598.4408	0.048799999998664134	Ripples						0.048799999998664134	13598.4736	8.91249944889066	158.3353355872037	1224.47156416128	
13600.040799999999	0.03600000000005821	Ripples						0.03600000000005821	13600.0656	21.313178936355843	156.34075563448215	1464.0379819357586	
13600.4408	0.046399999999266583	Ripples						0.046399999999266583	13600.4728	17.52835152185702	151.5672408465866	1271.1666849676121	
13604.0	965.0	SleepStates											Awake
13609.9704	0.025599999999030842	Ripples						0.025599999999030842	13609.9776	8.486484135543616	160.80171552603696	846.9245434107293	
13649.768	0.09519999999974971	Ripples						0.09519999999974971	13649.7896	12.214891272461895	158.9244264383022	1323.8368696530756	
13659.5688	0.0408000000006723	Ripples						0.0408000000006723	13659.592799999999	17.128112324715048	161.20130882890462	1551.6559997314814	
13667.251199999999	0.051200000001699664	Ripples						0.051200000001699664	13667.2664	5.780975623372354	151.0021168183304	889.6596532674018	
13668.7112	0.03360000000066066	Ripples						0.03360000000066066	13668.728	17.419949544831624	160.40840527837096	1602.0367417940492	
13674.728799999999	0.0272000000004482	Ripples						0.0272000000004482	13674.7456	6.588797715060747	158.05667205840592	848.738789908764	
13676.432799999999	0.026400000000649015	Ripples						0.026400000000649015	13676.4432	7.133504778505801	168.7172829739079	963.900407158226	
13678.6296	0.039999999999054126	Ripples						0.039999999999054126	13678.6528	22.44520188669524	160.01435094325612	1736.128593040809	
13678.836	0.020000000000436557	Ripples						0.020000000000436557	13678.848	9.528099750848437	160.55852825622563	990.1773337772503	
13679.032799999999	0.03679999999985739	Ripples						0.03679999999985739	13679.052	5.92913610990485	145.02286648434998	650.1065044012636	
13684.6192	0.02080000000023574	Ripples						0.02080000000023574	13684.6328	7.379696570426381	170.83287125967985	919.082876528021	
13685.5944	0.03600000000005821	Ripples						0.03600000000005821	13685.6232	8.351791354695068	155.979369258189	877.2022973251266	
13690.503999999999	0.05279999999947904	Ripples						0.05279999999947904	13690.535199999998	7.465837194820755	159.28139979475145	915.3751256034151	
13709.027999999998	0.0272000000004482	Ripples						0.0272000000004482	13709.044	11.677036090507801	165.48662295015856	1263.8179277557379	
13711.2912	0.03359999999884167	Ripples						0.03359999999884167	13711.3136	11.45849112095874	165.12530142212412	1262.1525722455347	
13714.359199999999	0.028800000000046566	Ripples						0.028800000000046566	13714.3744	10.531010289450528	162.18884535229463	1138.1904822414656	
13717.866399999999	0.02080000000023574	Ripples						0.02080000000023574	13717.8768	11.82640554901413	160.03090688899258	1044.0670871737964	
13741.063999999998	0.03440000000045984	Ripples						0.03440000000045984	13741.0824	11.505475241852054	161.9706709791647	1310.7505672610782	
13744.2768	0.028000000000247383	Ripples						0.028000000000247383	13744.288	11.263265851899646	166.7204902154359	1113.3468665574494	
13744.3848	0.0319999999992433	Ripples						0.0319999999992433	13744.4048	15.32596310664849	168.31860087689176	1424.8823186454028	
13744.5704	0.06319999999868742	Ripples						0.06319999999868742	13744.612	28.29945503133339	161.78874437713694	2190.3960060390355	
13748.2464	0.0319999999992433	Ripples						0.0319999999992433	13748.2688	7.0217336893241775	155.25919784718178	754.8067115620404	
13750.248	0.136000000000422	Ripples						0.136000000000422	13750.346399999999	15.071610312170211	152.7751877051727	1540.041067103151	
13755.286399999999	0.028000000000247383	Ripples						0.028000000000247383	13755.304	12.241009296240406	161.05167091933978	1181.6930147738494	
13759.4656	0.04800000000068394	Ripples						0.04800000000068394	13759.4912	14.771893625486662	164.76255619483734	1515.91140396074	
13759.7232	0.0591999999996915	Ripples						0.0591999999996915	13759.7488	15.995301010561173	162.1953611169344	1538.6330989704177	
13762.4552	0.0319999999992433	Ripples						0.0319999999992433	13762.4696	20.274073946921924	160.70316952117707	1500.473473675627	
13764.1424	0.04799999999886495	Ripples						0.04799999999886495	13764.171999999999	10.077758862817136	149.53493291463153	913.7222398090973	
13774.382399999999	0.028000000002066372	Ripples						0.028000000002066372	13774.3944	12.886985016964164	158.83510388618598	1209.4514228111268	
13781.3792	0.028000000000247383	Ripples						0.028000000000247383	13781.396799999999	10.612025329541542	159.52765716539645	1128.5310790438273	
13784.876	0.0864000000001397	Ripples						0.0864000000001397	13784.912	14.446519516016053	158.31840797431624	1396.155757024379	
13785.5096	0.026400000000649015	Ripples						0.026400000000649015	13785.5232	15.436840461296578	169.95981118522317	1291.2508974401767	
13788.824	0.05040000000008149	Ripples						0.05040000000008149	13788.860799999999	16.943006197694153	158.64700076132277	1402.463588170744	
13788.908	0.02479999999923166	Ripples						0.02479999999923166	13788.9192	11.827665258590008	160.34920271243337	1143.2653267819155	
13797.632	0.053599999999278225	Ripples						0.053599999999278225	13797.648799999999	15.073674217112098	157.70549521236867	1561.2472652273382	
13798.1304	0.030399999999644933	Ripples						0.030399999999644933	13798.144	8.770174329614413	170.53385852470691	1129.857272815864	
13799.7304	0.04719999999906577	Ripples						0.04719999999906577	13799.7472	11.767181941043935	160.442212713739	1378.9687688195247	
13799.804	0.030399999999644933	Ripples						0.030399999999644933	13799.824	21.057351235678972	160.02992842335345	1571.6898942281464	
13799.8872	0.030400000001463923	Ripples						0.030400000001463923	13799.9032	14.139822458986327	160.24489391403617	1364.228544091172	
13808.8432	0.028000000000247383	Ripples						0.028000000000247383	13808.8576	9.156566387615706	160.76937773749262	1158.8405111119248	
13818.3496	0.058399999999892316	Ripples						0.058399999999892316	13818.387999999999	8.693079931145753	156.67735330721374	1186.0636224761718	
13820.714399999999	0.03200000000106229	Ripples						0.03200000000106229	13820.736799999999	9.818810848036486	166.39144810518965	1120.948724464457	
13820.8384	0.04159999999865249	Ripples						0.04159999999865249	13820.8696	5.468378496649097	157.66792583118985	819.6469549184635	
13822.192	0.030399999999644933	Ripples						0.030399999999644933	13822.2048	9.987803325643995	160.15728910460416	1052.9257358217753	
13823.837599999999	0.0408000000006723	Ripples						0.0408000000006723	13823.856	26.419482103160984	160.21246422650702	1858.8778378708532	
13823.9696	0.02079999999841675	Ripples						0.02079999999841675	13823.98	9.531659125663309	156.70229579378886	1015.8744176230533	
13824.0128	0.07119999999849824	Ripples						0.07119999999849824	13824.0376	16.593014204275914	152.94974495079072	1469.2994519931397	
13828.179199999999	0.028800000000046566	Ripples						0.028800000000046566	13828.200799999999	5.189181850656136	168.0418097930687	748.8058430719578	
13830.3192	0.021600000000034925	Ripples						0.021600000000034925	13830.3328	10.860462154272849	163.73457048253582	1118.3292185298828	
13830.446399999999	0.044800000001487206	Ripples						0.044800000001487206	13830.464	13.17641395543122	153.12354421319125	1300.7818888578247	
13830.5456	0.021600000000034925	Ripples						0.021600000000034925	13830.5592	11.177906642726764	160.66280147706468	1091.0194528185846	
13833.5832	0.07040000000051805	Ripples						0.07040000000051805	13833.599999999999	18.898836797993564	157.19522537846268	1530.2468750800806	
13836.536	0.048800000000483124	Ripples						0.048800000000483124	13836.5656	17.28433555131435	174.55808948802377	1351.250533446691	
13836.66	0.035200000000259024	Ripples						0.035200000000259024	13836.6824	21.060512681238382	172.52118956165003	1585.6875617640912	
13837.750399999999	0.03280000000086147	Ripples						0.03280000000086147	13837.7704	12.165033391271193	161.19764916369	1315.5441383064099	
13842.5104	0.03600000000005821	Ripples						0.03600000000005821	13842.533599999999	13.355863190054357	164.41478943493428	1363.86529596702	
13843.2768	0.037599999999656575	Ripples						0.037599999999656575	13843.287199999999	9.13240922159455	164.35610806010814	1062.9351176299767	
13848.083999999999	0.0632000000005064	Ripples						0.0632000000005064	13848.1232	13.769883617267064	150.84516530542209	986.0083366756089	
13848.192	0.06240000000070722	Ripples						0.06240000000070722	13848.2136	12.619582489488263	150.03067766050313	1123.898061743263	
13853.1752	0.037599999999656575	Ripples						0.037599999999656575	13853.186399999999	16.856810610192543	164.1575558466301	1400.5819411933512	
13853.4432	0.03839999999945576	Ripples						0.03839999999945576	13853.46	14.801896421131032	168.5958740638993	1481.0956873874738	
13859.621599999999	0.02320000000145228	Ripples						0.02320000000145228	13859.635199999999	5.188972904763405	160.38348742759138	883.3243569550614	
13859.7976	0.042400000000270666	Ripples						0.042400000000270666	13859.812	8.125005842003285	153.91964367114332	919.5567685404172	
13869.2952	0.12239999999837892	Ripples						0.12239999999837892	13869.3368	24.267295534887175	157.83723703824353	1945.3324333188702	
13872.8128	0.04320000000006985	Ripples						0.04320000000006985	13872.830399999999	9.723697991602478	157.45525708362825	1116.5843840633647	
13872.972	0.03440000000045984	Ripples						0.03440000000045984	13872.983199999999	9.446701402206953	157.85410963429277	1094.399069664102	
13873.2352	0.028800000000046566	Ripples						0.028800000000046566	13873.251199999999	14.703133032054744	172.43078422143589	1293.2692655499743	
13874.9416	0.03679999999985739	Ripples						0.03679999999985739	13874.961599999999	13.41174043379798	163.72824277296863	1341.8395361460898	
13877.988	0.035200000000259024	Ripples						0.035200000000259024	13878.0016	12.731030816718645	165.48039881428494	1182.222446663896	
13881.1456	0.031199999999444117	Ripples						0.031199999999444117	13881.1608	5.130969090498227	158.49599640710326	883.1409589485712	
13884.1664	0.04719999999906577	Ripples						0.04719999999906577	13884.1968	7.122759092200423	150.44835547515314	941.2377023987625	
13896.276	0.023999999999432475	Ripples						0.023999999999432475	13896.2896	6.268793773200734	164.23389336662095	934.2718861755467	
13896.4136	0.02080000000023574	Ripples						0.02080000000023574	13896.4272	6.489896676399293	162.96204911033786	907.9838227565599	
13897.896799999999	0.03200000000106229	Ripples						0.03200000000106229	13897.916	13.307115325932415	163.26535108656043	1355.0004314380137	
13897.9784	0.025599999999030842	Ripples						0.025599999999030842	13897.989599999999	5.581265764444394	153.72067698480743	759.9520787330218	
13898.142399999999	0.03440000000045984	Ripples						0.03440000000045984	13898.1696	5.948061279613279	174.91570743936128	773.2741207772865	
13901.1536	0.037599999999656575	Ripples						0.037599999999656575	13901.1808	7.127007377917432	157.4330278363719	1006.2293647151796	
13903.410399999999	0.058399999999892316	Ripples						0.058399999999892316	13903.4344	12.45221423335357	156.97063473867266	1284.9345357920874	
13913.068	0.044799999999668216	Ripples						0.044799999999668216	13913.1024	5.592240268619408	168.3955081374206	858.7824761203427	
13916.0304	0.03679999999985739	Ripples						0.03679999999985739	13916.047999999999	19.18971315201874	164.77449012681467	1691.732831983788	
13933.4064	0.04799999999886495	Ripples						0.04799999999886495	13933.4336	13.16041520954034	161.312036306394	1256.7034863271658	
13942.6448	0.031199999999444117	Ripples						0.031199999999444117	13942.6624	6.93660178136285	161.16003606193772	994.0992273335631	
13947.8384	0.04319999999825086	Ripples						0.04319999999825086	13947.8624	13.990465788287443	157.64282751697027	1319.876963354038	
13948.1096	0.03679999999985739	Ripples						0.03679999999985739	13948.1296	16.379978032704525	157.19422653864527	1498.2556377244243	
13950.1992	0.05280000000129803	Ripples						0.05280000000129803	13950.2416	13.233601315579056	168.49839694057596	1371.9592825701595	
13955.5176	0.1000000000003638	Ripples						0.1000000000003638	13955.5456	25.6701399127976	166.94658792886332	1841.619427561961	
13956.24	0.03440000000045984	Ripples						0.03440000000045984	13956.264	7.426101238158558	167.5061294618544	983.1860153115929	
13956.353599999999	0.06720000000132131	Ripples						0.06720000000132131	13956.373599999999	19.085463849856026	165.1640363987526	1686.0337575212777	
13963.8224	0.0591999999996915	Ripples						0.0591999999996915	13963.8456	15.58703725274677	158.85630278636026	1408.7077509035737	
13964.402399999999	0.06960000000071886	Ripples						0.06960000000071886	13964.436	6.126637304344678	164.72547485085872	995.1324717114601	
13966.8296	0.037600000001475564	Ripples						0.037600000001475564	13966.8392	8.077571266205316	156.23799374863316	958.3730287444395	
13975.4656	0.026400000000649015	Ripples						0.026400000000649015	13975.483199999999	5.224535434878015	164.175131579106	847.9573244687384	
13976.389599999999	0.08000000000174623	Ripples						0.08000000000174623	13976.456	9.309305404584704	156.65854860260225	1243.2744099986094	
13979.8848	0.058399999999892316	Ripples						0.058399999999892316	13979.9136	8.171542285519935	159.83239265822195	1061.4190219731715	
13982.956	0.035200000000259024	Ripples						0.035200000000259024	13982.9768	19.648863070754384	157.0629556912913	1610.4594492445517	
13991.5176	0.022399999999834108	Ripples						0.022399999999834108	13991.525599999999	7.228808749874958	156.73292455279437	839.597470789349	
13991.619999999999	0.02480000000105065	Ripples						0.02480000000105065	13991.628799999999	14.610990438500163	161.86715889200113	1245.2776436185259	
13995.5992	0.05999999999949068	Ripples						0.05999999999949068	13995.649599999999	12.387317282182549	162.56597188011187	1203.0240053521502	
13995.757599999999	0.0272000000004482	Ripples						0.0272000000004482	13995.7712	13.437340651322854	163.1559200205021	1326.131986960874	
14013.4072	0.051199999999880674	Ripples						0.051199999999880674	14013.4408	17.676391366114572	163.91675740274172	1601.2361063799665	
14019.388799999999	0.031200000001263106	Ripples						0.031200000001263106	14019.4088	13.948100498157292	163.12771918030379	1356.0400025798035	
14027.2336	0.051199999999880674	Ripples						0.051199999999880674	14027.2744	10.342980366424582	168.37475947383564	1151.8800692570298	
14039.1312	0.023199999999633292	Ripples						0.023199999999633292	14039.1448	8.945475673229444	166.37290929018664	1018.3680778803496	
14042.0856	0.031199999999444117	Ripples						0.031199999999444117	14042.1088	5.502061929559796	172.16882728376208	741.7909813476692	
14052.026399999999	0.02320000000145228	Ripples						0.02320000000145228	14052.039999999999	5.84330979599538	171.16654982782177	878.3797223368605	
14052.1112	0.02080000000023574	Ripples						0.02080000000023574	14052.1224	5.824889143379694	160.45796139528107	837.6784679130201	
14055.028	0.04159999999865249	Ripples						0.04159999999865249	14055.0584	10.01815946513191	154.94636132411736	1084.5370425592555	
14056.6304	0.048799999998664134	Ripples						0.048799999998664134	14056.648	9.995084085920952	154.1111327974045	1174.7704206137842	
14056.776	0.028800000000046566	Ripples						0.028800000000046566	14056.7952	7.787587875067187	168.44550113639676	1006.6524005143532	
14060.3032	0.07199999999829743	Ripples						0.07199999999829743	14060.3296	6.739103755598942	164.98450714420997	630.7975640281024	
14060.475199999999	0.04640000000108557	Ripples						0.04640000000108557	14060.503999999999	28.785098794570047	165.5934578624985	2051.7335440882416	
14062.758399999999	0.09280000000035216	Ripples						0.09280000000035216	14062.804	14.919057441548858	159.86190417436976	1453.719449731174	
14067.9816	0.09680000000116706	Ripples						0.09680000000116706	14068.062399999999	12.396108542762835	169.69370264224085	1316.6111661922241	
14081.403999999999	0.04160000000047148	Ripples						0.04160000000047148	14081.42	15.632020851671191	167.24193876744167	1471.0601257627084	
14082.3656	0.022399999999834108	Ripples						0.022399999999834108	14082.374399999999	6.960063147729868	158.8344294642951	959.6326429174242	
14092.8128	0.03440000000045984	Ripples						0.03440000000045984	14092.830399999999	9.308426200417452	160.11328956369132	1100.59061153087	
14096.104	0.05999999999949068	Ripples						0.05999999999949068	14096.148	11.355138716338205	169.28101852171272	1229.738137801026	
14098.003999999999	0.044800000001487206	Ripples						0.044800000001487206	14098.0208	23.460903878144833	157.91352360341884	1839.8344884897454	
14100.4776	0.025599999999030842	Ripples						0.025599999999030842	14100.4912	6.90537104499601	173.93165196165683	944.9988503024662	
14104.5	0.02479999999923166	Ripples						0.02479999999923166	14104.5104	8.409694854801456	165.1130369488702	982.9626114405323	
14104.66	0.04960000000028231	Ripples						0.04960000000028231	14104.6736	11.713581169743028	165.6042495391561	1245.6043358914335	
14108.5992	0.04159999999865249	Ripples						0.04159999999865249	14108.621599999999	21.49624847592974	163.98426796086565	1866.8123944688	
14110.483199999999	0.02080000000023574	Ripples						0.02080000000023574	14110.4936	8.118648704355993	161.19496944835822	972.816022670173	
14110.5448	0.02479999999923166	Ripples						0.02479999999923166	14110.5592	5.796615256377468	159.97447426671243	907.8953270402466	
14110.875199999999	0.10960000000159198	Ripples						0.10960000000159198	14110.9216	23.321203673452594	161.31453388860757	1926.2223430592342	
14113.3472	0.0319999999992433	Ripples						0.0319999999992433	14113.359199999999	8.11162393478606	157.62348143444598	1000.512381072633	
14120.76	0.0319999999992433	Ripples						0.0319999999992433	14120.7768	14.2444403052444	172.17301759296097	1258.6978566454382	
14121.2712	0.028800000000046566	Ripples						0.028800000000046566	14121.2832	8.754749749615481	159.09999994437305	1072.2140080618058	
14121.3584	0.047200000000884756	Ripples						0.047200000000884756	14121.395199999999	7.609651647635326	152.92124525275995	937.5870785414078	
14121.525599999999	0.056000000000494765	Ripples						0.056000000000494765	14121.547999999999	22.476309180807736	170.11282175500116	1729.17846478913	
14124.5488	0.03919999999925494	Ripples						0.03919999999925494	14124.5744	6.206635542007282	166.04974725680455	936.1671541732509	
14124.648799999999	0.07440000000133296	Ripples						0.07440000000133296	14124.6656	28.079190437337946	167.5061112995661	1838.0409604642093	
14126.184	0.040000000000873115	Ripples						0.040000000000873115	14126.1976	20.110842128126237	165.0850365824317	1702.3715178818113	
14131.2776	0.02080000000023574	Ripples						0.02080000000023574	14131.2888	7.44565872897168	169.1186114308457	979.5834225288022	
14134.186399999999	0.03200000000106229	Ripples						0.03200000000106229	14134.207999999999	6.887762635155083	171.61900037845638	894.328253146458	
14134.3264	0.032799999999042484	Ripples						0.032799999999042484	14134.3488	7.227621600013726	162.25890407286403	980.7508246968597	
14135.652	0.037599999999656575	Ripples						0.037599999999656575	14135.68	8.207499017480412	166.69744128595383	993.0442010387168	
14139.5136	0.03359999999884167	Ripples						0.03359999999884167	14139.5376	17.96431330056399	168.14878645222737	1368.5260562231088	
14139.6448	0.0455999999994674	Ripples						0.0455999999994674	14139.6736	12.383221034989843	164.28276727586265	1388.7452431384513	
14153.8104	0.030399999999644933	Ripples						0.030399999999644933	14153.8272	15.190554951211697	163.93231376015044	1357.5128731287589	
14154.018399999999	0.02080000000023574	Ripples						0.02080000000023574	14154.0296	7.881544093773527	162.6876451857354	1018.85272981375	
14156.1616	0.0319999999992433	Ripples						0.0319999999992433	14156.177599999999	31.46137636286062	167.73761736466648	2040.644897155456	
14159.892	0.06559999999990396	Ripples						0.06559999999990396	14159.9416	14.89764758523459	163.09384634083472	1091.7353922117902	
14162.8696	0.048799999998664134	Ripples						0.048799999998664134	14162.9016	15.403313125732181	165.48224976887002	1492.8400068750386	
14165.808799999999	0.02320000000145228	Ripples						0.02320000000145228	14165.82	10.30304612235299	166.62337827833124	1142.7189076270508	
14204.616	0.030399999999644933	Ripples						0.030399999999644933	14204.627999999999	7.580750115832553	174.38844736956983	949.0645416941647	
14220.382399999999	0.04960000000028231	Ripples						0.04960000000028231	14220.4	16.879726098003943	157.5816120576871	1475.881696520096	
14220.5136	0.05199999999967986	Ripples						0.05199999999967986	14220.5392	33.6121336634423	172.87006652355197	2133.513642363295	
14222.1528	0.07679999999891152	Ripples						0.07679999999891152	14222.184799999999	20.20788437864408	153.99676047931115	1498.0947713977573	
14233.2424	0.06000000000130967	Ripples						0.06000000000130967	14233.26	20.804447422952748	161.3536922317252	1738.0969651682483	
14258.1312	0.04160000000047148	Ripples						0.04160000000047148	14258.1624	14.78464079414576	166.18002926141585	1344.695364561375	
14258.887999999999	0.03200000000106229	Ripples						0.03200000000106229	14258.912	7.867713782780374	152.4479995339137	927.1763852553446	
14260.925599999999	0.06400000000030559	Ripples						0.06400000000030559	14260.936	13.27312327485154	161.40254890985815	1286.378155324824	
14272.6224	0.032799999999042484	Ripples						0.032799999999042484	14272.648	8.310356917029099	163.28265667816785	942.0881880904278	
14276.68	0.023999999999432475	Ripples						0.023999999999432475	14276.693599999999	13.474034844071703	164.01439405230636	1253.124167508192	
14279.0976	0.037599999999656575	Ripples						0.037599999999656575	14279.1136	10.65040514946812	178.8923445992178	1048.4509553265314	
14293.3848	0.0272000000004482	Ripples						0.0272000000004482	14293.402399999999	5.8990484741846725	171.24301333610302	850.9749226467368	
14293.489599999999	0.03679999999985739	Ripples						0.03679999999985739	14293.5168	9.61549347964333	170.48313793020114	1121.7593120271379	
14295.608	0.09360000000015134	Ripples						0.09360000000015134	14295.684799999999	15.06482435481248	159.1731747195326	1515.8542112662012	
14295.88	0.04960000000028231	Ripples						0.04960000000028231	14295.9136	9.05922952277688	168.8096615418486	1040.3043979448812	
14296.5976	0.023999999999432475	Ripples						0.023999999999432475	14296.6088	6.359929502571483	166.56363357755626	971.8347067469399	
14299.9088	0.02480000000105065	Ripples						0.02480000000105065	14299.9224	9.191952177255475	168.16031573150795	1136.5517690725917	
14301.112	0.04160000000047148	Ripples						0.04160000000047148	14301.1232	13.895519467710598	163.2925245450596	1205.1124244140465	
14304.3336	0.037599999999656575	Ripples						0.037599999999656575	14304.36	13.992577780614255	168.05466976095568	1170.102066322192	
14311.750399999999	0.04320000000006985	Ripples						0.04320000000006985	14311.764	10.96176970130961	170.6901267167043	1232.6408632851683	
14318.287199999999	0.06000000000130967	Ripples						0.06000000000130967	14318.315999999999	16.49364114618325	177.1051956722215	1282.2539503030866	
14320.0008	0.028800000000046566	Ripples						0.028800000000046566	14320.0152	8.597787975011459	162.52064313253499	1070.4685541640422	
14320.1312	0.028000000000247383	Ripples						0.028000000000247383	14320.144	8.185705329137033	171.69750327366543	1024.1871776665428	
14320.8256	0.08079999999972642	Ripples						0.08079999999972642	14320.889599999999	14.212210372837058	169.96083892980337	1418.3331901698682	
14352.9928	0.031199999999444117	Ripples						0.031199999999444117	14353.0072	28.23633056275856	163.48349896142722	1968.7816845965963	
14355.3168	0.09599999999954889	Ripples						0.09599999999954889	14355.364	18.764347765160416	164.22757492285103	1623.87762806429	
14356.3656	0.02080000000023574	Ripples						0.02080000000023574	14356.3792	8.372811078675143	167.82684467779399	965.8891961443259	
14356.6328	0.0408000000006723	Ripples						0.0408000000006723	14356.6552	19.75667269436667	178.0526306020706	1492.5793199759648	
14358.0096	0.0272000000004482	Ripples						0.0272000000004482	14358.02	21.376304290399815	165.0151006987372	1530.8979556355307	
14358.104	0.035200000000259024	Ripples						0.035200000000259024	14358.1256	9.79131220236368	153.951057464641	1124.249761759044	
14363.5784	0.026399999998830026	Ripples						0.026399999998830026	14363.5896	16.898859296339864	166.94188735650854	1353.8101742846466	
14364.1184	0.021600000000034925	Ripples						0.021600000000034925	14364.1304	11.692312930853548	162.38740664125558	1076.4540384462484	
14364.200799999999	0.05520000000069558	Ripples						0.05520000000069558	14364.2208	31.182602711861172	164.5380743146705	2076.3777926910675	
14366.540799999999	0.09360000000015134	Ripples						0.09360000000015134	14366.6208	16.39532182837459	162.96442163450405	1247.2398671262913	
14366.716	0.05679999999847496	Ripples						0.05679999999847496	14366.7528	15.793610841354564	155.10226357879077	1491.4827569582737	
14368.518399999999	0.05280000000129803	Ripples						0.05280000000129803	14368.5352	16.355658708512177	162.93679349277062	1572.066579398284	
14371.924799999999	0.02320000000145228	Ripples						0.02320000000145228	14371.9352	7.438780437201675	173.68365852137734	899.3475675595632	
14373.1832	0.023999999999432475	Ripples						0.023999999999432475	14373.1912	6.026310648576443	171.7407715243452	867.0113862896101	
14383.3	0.022399999999834108	Ripples						0.022399999999834108	14383.3128	6.897879113274461	171.93268346125336	942.7049753344606	
14383.4056	0.037599999999656575	Ripples						0.037599999999656575	14383.4264	13.719428681510111	157.0876908552178	1345.9312207313505	
14397.271999999999	0.04160000000047148	Ripples						0.04160000000047148	14397.292	32.3822730183395	167.77272732363147	2161.153641843085	
14397.3456	0.08719999999811989	Ripples						0.08719999999811989	14397.4088	9.29917974430972	151.54759404755796	890.6135178939837	
14400.881599999999	0.0544000000008964	Ripples						0.0544000000008964	14400.9192	8.994858210506216	153.46763186510216	960.9085201115514	
14400.9808	0.06480000000010477	Ripples						0.06480000000010477	14401.0224	27.30021462395201	162.0821871946625	2080.6234284038997	
14406.6152	0.021600000000034925	Ripples						0.021600000000034925	14406.6256	7.969561285952844	168.96604385891735	971.1150982677211	
14406.728799999999	0.08480000000054133	Ripples						0.08480000000054133	14406.752	26.35809394968429	162.33537591975502	2049.1126228536245	
14406.8904	0.039999999999054126	Ripples						0.039999999999054126	14406.911199999999	36.57213957767768	166.25481856901214	2305.7211620499866	
14411.7168	0.0455999999994674	Ripples						0.0455999999994674	14411.7464	10.581303030482616	174.01764057937018	1109.9028352315934	
14411.9224	0.028800000000046566	Ripples						0.028800000000046566	14411.9344	14.844541372518803	161.4551797566496	1376.2414795393117	
14416.0584	0.03679999999985739	Ripples						0.03679999999985739	14416.0824	5.882315128069376	157.73456890444862	901.1479593160236	
14416.5424	0.037599999999656575	Ripples						0.037599999999656575	14416.5672	13.033555458599398	171.65568616214367	1288.9645901355248	
14419.7056	0.02080000000023574	Ripples						0.02080000000023574	14419.7192	6.909760281827627	167.10588063578422	959.2360886956678	
14504.4656	0.028800000000046566	Ripples						0.028800000000046566	14504.483199999999	9.411683447222604	156.62116377362412	1058.6118497635935	
14505.1248	0.025599999999030842	Ripples						0.025599999999030842	14505.1408	5.818487112817499	177.46552374181675	801.1163031422113	
14509.2536	0.023199999999633292	Ripples						0.023199999999633292	14509.2616	5.9855684763230315	168.2017787817411	884.687603292824	
14511.9048	0.03679999999985739	Ripples						0.03679999999985739	14511.918399999999	13.500045057551983	175.70784798888042	1230.761208423555	
14519.1744	0.028800000000046566	Ripples						0.028800000000046566	14519.192799999999	14.842732637784874	165.56315075085635	1360.654345306293	
14519.286399999999	0.048800000000483124	Ripples						0.048800000000483124	14519.324	5.4430158181927295	143.93030526616545	725.7492143294362	
14525.1512	0.046399999999266583	Ripples						0.046399999999266583	14525.1624	9.447837359034057	156.5372099139938	1097.0380443804297	
14526.932799999999	0.0408000000006723	Ripples						0.0408000000006723	14526.9568	26.095433546529158	161.4194507747348	1905.9772164975197	
14527.0128	0.062399999998888234	Ripples						0.062399999998888234	14527.0424	18.733580268701264	164.61444184752884	1730.0222498816627	
14527.2448	0.03679999999985739	Ripples						0.03679999999985739	14527.26	23.833672374516155	165.3142912964936	1810.6882609553024	
14528.292	0.030399999999644933	Ripples						0.030399999999644933	14528.3032	10.729564669885848	155.2479048008437	1055.8670551713967	
14528.4368	0.022399999999834108	Ripples						0.022399999999834108	14528.452	10.184029383746289	170.23304265330756	961.9520851747476	
14528.764799999999	0.051199999999880674	Ripples						0.051199999999880674	14528.7928	17.455086449023653	168.2050788169879	1612.594996102776	
14528.908	0.04160000000047148	Ripples						0.04160000000047148	14528.931999999999	13.359787753284907	182.6829785921859	1088.9687942296948	
14535.628	0.051199999998061685	Ripples						0.051199999998061685	14535.6664	14.29403372769301	159.1297549194122	1333.0258804997236	
14535.732	0.04719999999906577	Ripples						0.04719999999906577	14535.751199999999	16.61596777784284	175.36228255016115	1388.1997681084888	
14539.0032	0.04320000000006985	Ripples						0.04320000000006985	14539.0288	19.121893650401717	165.02331363920376	1738.298251057333	
14543.3	0.04160000000047148	Ripples						0.04160000000047148	14543.3288	16.935735074867008	166.3288143270524	1435.4241627073018	
14546.1376	0.03359999999884167	Ripples						0.03359999999884167	14546.1544	19.75357896997472	166.5005176937306	1561.9129293272802	
14546.1984	0.08240000000114378	Ripples						0.08240000000114378	14546.258399999999	17.62111542148401	166.75578174348342	1652.3864348580087	
14546.4224	0.023199999999633292	Ripples						0.023199999999633292	14546.432799999999	7.852748819850837	171.4547508584422	945.7423244636334	
14548.3528	0.048799999998664134	Ripples						0.048799999998664134	14548.3728	12.928306376464612	162.61961158052856	1361.9708741953534	
14548.887999999999	0.030399999999644933	Ripples						0.030399999999644933	14548.9048	16.28059886640429	165.06077814360725	1503.0771740866667	
14550.3608	0.03599999999823922	Ripples						0.03599999999823922	14550.3728	14.00641583093157	168.97205251329126	1353.7191766258147	
14551.3912	0.05439999999907741	Ripples						0.05439999999907741	14551.4264	7.997473425869045	165.29141393963388	1068.4216264594672	
14551.6256	0.02479999999923166	Ripples						0.02479999999923166	14551.6328	5.713982237697743	159.24410018651764	775.2958480476033	
14553.66	0.0272000000004482	Ripples						0.0272000000004482	14553.6736	6.643097101184226	161.35894809045553	950.5419314751515	
14555.7208	0.0272000000004482	Ripples						0.0272000000004482	14555.7344	14.03075438615833	162.76950221633624	1363.9585432138076	
14556.5248	0.05280000000129803	Ripples						0.05280000000129803	14556.540799999999	10.473976529929743	168.22410751247693	1309.154346526044	
14556.64	0.07920000000012806	Ripples						0.07920000000012806	14556.6968	19.053569917641507	163.70781279401552	1701.2368212947076	
14557.556	0.07359999999971478	Ripples						0.07359999999971478	14557.5728	14.920280255702302	161.39317833647056	1435.8611249222636	
14562.712	0.030399999999644933	Ripples						0.030399999999644933	14562.7232	10.308288359959981	165.2497352235894	1167.38587211284	
14566.271999999999	0.030400000001463923	Ripples						0.030400000001463923	14566.286399999999	18.128441208288493	163.46788887386464	1510.1032624604125	
14567.7904	0.037599999999656575	Ripples						0.037599999999656575	14567.812	16.758467702918306	165.00205193325183	1543.6788515699104	
14567.9088	0.03360000000066066	Ripples						0.03360000000066066	14567.9288	27.2648602437126	168.05128839218045	1936.0481012305045	
14569.344799999999	0.047200000000884756	Ripples						0.047200000000884756	14569.356	12.995619296714903	156.89599161365456	1239.8890990495456	
14570.0	191.0	SleepStates											Non-REM
14572.212	0.04320000000006985	Ripples						0.04320000000006985	14572.2416	8.816934859019264	157.73228513405664	1066.0331322720874	
14572.376	0.04320000000006985	Ripples						0.04320000000006985	14572.3976	17.172499443916188	171.34870394526405	1743.0449148151672	
14572.8984	0.0775999999987107	Ripples						0.0775999999987107	14572.939199999999	12.646322785913085	162.97831138610258	1308.1186557490762	
14573.0488	0.06719999999950232	Ripples						0.06719999999950232	14573.069599999999	26.175927315629938	159.27073225883038	1948.089815191275	
14577.4408	0.025599999999030842	Ripples						0.025599999999030842	14577.4552	8.960714020540582	159.70792643478958	1044.4066121318067	
14577.6248	0.02479999999923166	Ripples						0.02479999999923166	14577.6376	12.50167798957256	166.79309061818537	1232.4379641386329	
14577.8136	0.0272000000004482	Ripples						0.0272000000004482	14577.824	14.713138662153082	162.86234806318632	1299.749600524985	
14579.380799999999	0.09600000000136788	Ripples						0.09600000000136788	14579.4592	17.969014369676152	158.6621102244397	1617.4815383358196	
14580.964	0.03359999999884167	Ripples						0.03359999999884167	14580.9872	9.922631402446926	164.2281605952678	1133.5627638254905	
14582.3928	0.07599999999911233	Ripples						0.07599999999911233	14582.4552	17.51717848612539	159.46877791413002	1521.1863430347132	
14583.0272	0.037599999999656575	Ripples						0.037599999999656575	14583.0416	12.590180144609908	174.6718933513152	1282.1966174621439	
14583.3288	0.03280000000086147	Ripples						0.03280000000086147	14583.3456	18.083815817012322	166.09687618896834	1452.4000048049397	
14583.409599999999	0.0591999999996915	Ripples						0.0591999999996915	14583.4552	7.107113023009982	160.5793843851095	1019.9293418371353	
14584.0536	0.044799999999668216	Ripples						0.044799999999668216	14584.0736	18.05214233636093	168.13657515454557	1506.649153031791	
14584.402399999999	0.03600000000005821	Ripples						0.03600000000005821	14584.42	18.075214987120933	156.0587120291582	1510.0966726281529	
14586.9208	0.07999999999992724	Ripples						0.07999999999992724	14586.9488	9.479837400394636	149.12489774861777	1010.8741240081665	
14587.7536	0.02959999999984575	Ripples						0.02959999999984575	14587.7704	17.80375912381657	163.836127117176	1492.4111122267195	
14589.3152	0.05760000000009313	Ripples						0.05760000000009313	14589.351999999999	9.564265522014837	151.3449445497143	879.2426301337963	
14589.533599999999	0.035200000000259024	Ripples						0.035200000000259024	14589.555199999999	32.25737553522399	161.5156042540057	2032.0802041322252	
14593.953599999999	0.06559999999990396	Ripples						0.06559999999990396	14594.004799999999	13.300399113270485	160.78460837228022	1406.8618016811824	
14594.076	0.02480000000105065	Ripples						0.02480000000105065	14594.0872	14.687943976770015	160.1165703271006	1317.5913230222677	
14594.461599999999	0.035200000000259024	Ripples						0.035200000000259024	14594.4768	16.403387270364313	158.36197896356478	1396.1394519340422	
14595.4432	0.03679999999985739	Ripples						0.03679999999985739	14595.4552	12.134868168662956	159.78368569055675	1254.2931956266495	
14595.6944	0.023199999999633292	Ripples						0.023199999999633292	14595.7048	10.299577443017245	162.82403515519684	1039.470860947273	
14609.5016	0.023199999999633292	Ripples						0.023199999999633292	14609.511999999999	9.439221313027799	171.75774952848383	1016.9908568491394	
14609.6	0.10559999999895808	Ripples						0.10559999999895808	14609.6136	11.762100055451342	156.34827118520374	1204.490956284789	
14611.9648	0.09840000000076543	Ripples						0.09840000000076543	14611.982399999999	23.93884404684503	161.02360347790622	1850.3232067326446	
14615.5928	0.042400000000270666	Ripples						0.042400000000270666	14615.6248	6.085820122609052	154.0567740224388	779.3387117260959	
14619.204	0.042400000000270666	Ripples						0.042400000000270666	14619.2304	27.822010728075675	165.09206798397614	2027.3526805589627	
14620.4664	0.03360000000066066	Ripples						0.03360000000066066	14620.4784	7.666187451307244	155.21428561070672	950.9229640442788	
14622.2456	0.05279999999947904	Ripples						0.05279999999947904	14622.264799999999	9.898819829280347	167.5817306735752	1214.1849505182968	
14624.7424	0.042400000000270666	Ripples						0.042400000000270666	14624.7712	11.60981706945391	165.81501953498594	1250.1364494305728	
14624.875199999999	0.02960000000166474	Ripples						0.02960000000166474	14624.8912	12.243541231250605	171.5190027079912	1226.5981954508636	
14625.3504	0.042400000000270666	Ripples						0.042400000000270666	14625.3832	18.943505663208764	159.80641648844025	1486.1004233629926	
14626.1976	0.03360000000066066	Ripples						0.03360000000066066	14626.2088	6.762493228009969	151.15157130268685	765.3904029159055	
14626.490399999999	0.0272000000004482	Ripples						0.0272000000004482	14626.5072	15.713527054034635	165.56593329699837	1379.7711111182307	
14632.757599999999	0.02480000000105065	Ripples						0.02480000000105065	14632.768	7.344257829451008	160.69929474202894	916.2076276252058	
14633.988	0.04640000000108557	Ripples						0.04640000000108557	14634.0088	13.63346189236165	150.7888140213865	1267.7797402220008	
14636.336	0.056000000000494765	Ripples						0.056000000000494765	14636.36	11.157924766299221	167.62363802202782	1266.692387036861	
14636.5368	0.03440000000045984	Ripples						0.03440000000045984	14636.5576	12.752770525469918	157.95878694689472	1357.8633727388428	
14636.663999999999	0.03600000000005821	Ripples						0.03600000000005821	14636.6808	20.90944475096893	163.34365443258244	1727.038525243945	
14638.293599999999	0.05760000000009313	Ripples						0.05760000000009313	14638.330399999999	23.40267729587319	161.98346702348792	1783.635558201515	
14638.4136	0.048800000000483124	Ripples						0.048800000000483124	14638.431199999999	21.007188321033713	168.90026437918425	1763.043239464787	
14639.011199999999	0.040000000000873115	Ripples						0.040000000000873115	14639.0224	8.315319345065316	151.81552833930724	873.0448504252399	
14641.7616	0.032799999999042484	Ripples						0.032799999999042484	14641.7776	8.560573749998124	171.01671422039365	1093.7158811905765	
14641.875199999999	0.02480000000105065	Ripples						0.02480000000105065	14641.8856	15.642526772490104	163.66552524449267	1316.265600328744	
14647.044	0.0272000000004482	Ripples						0.0272000000004482	14647.0608	5.909340192121345	161.42327515447369	952.5842725843303	
14647.1912	0.031199999999444117	Ripples						0.031199999999444117	14647.2056	18.214422959231694	160.61894163518858	1513.490477961049	
14647.9288	0.032799999999042484	Ripples						0.032799999999042484	14647.939199999999	12.184341305307942	166.74830418733228	1155.4099453035194	
14650.5104	0.048800000000483124	Ripples						0.048800000000483124	14650.525599999999	14.755789327762313	154.72441649106113	1257.4869160705334	
14652.5272	0.0775999999987107	Ripples						0.0775999999987107	14652.5736	21.27200734318993	166.6177731654074	1731.4786864711643	
14653.3504	0.06240000000070722	Ripples						0.06240000000070722	14653.3792	27.814652973726776	158.09301154035657	1874.1687525348025	
14656.555199999999	0.025600000000849832	Ripples						0.025600000000849832	14656.5704	15.125311097022069	160.85736997208	1299.1294541699597	
14660.5592	0.03679999999985739	Ripples						0.03679999999985739	14660.5848	10.075872224877973	169.62137126578565	1135.787021660577	
14660.779199999999	0.04320000000006985	Ripples						0.04320000000006985	14660.808799999999	22.053556482698976	168.21683839433166	1610.3844702715573	
14663.5424	0.08319999999912397	Ripples						0.08319999999912397	14663.5592	20.3053859841819	157.0419248381526	1642.2241169430729	
14663.6472	0.02080000000023574	Ripples						0.02080000000023574	14663.66	6.278445809537765	161.18258861880003	916.6317100655415	
14663.7632	0.028800000000046566	Ripples						0.028800000000046566	14663.7776	11.717794609916531	156.9264691835768	1297.2418816151144	
14663.8328	0.09439999999995052	Ripples						0.09439999999995052	14663.875199999999	13.826001417261084	154.93462249125164	1454.838037188098	
14665.5728	0.0408000000006723	Ripples						0.0408000000006723	14665.5896	20.020695904160576	165.25489696159653	1625.0473938642808	
14666.1904	0.02080000000023574	Ripples						0.02080000000023574	14666.199999999999	9.471685702328926	160.04035287164106	977.6979176741337	
14666.916799999999	0.15200000000004366	Ripples						0.15200000000004366	14667.0392	15.51324501387546	157.97928233170913	1511.1954947249615	
14667.6952	0.09360000000015134	Ripples						0.09360000000015134	14667.7408	11.489695272936638	157.06018258747906	1262.004671751068	
14667.911199999999	0.04800000000068394	Ripples						0.04800000000068394	14667.9304	10.543683775771914	164.26606143800814	1239.3334413804744	
14676.6176	0.05760000000009313	Ripples						0.05760000000009313	14676.6296	18.04432749226666	161.9084135017088	1417.437213139778	
14676.7832	0.06079999999928987	Ripples						0.06079999999928987	14676.8224	17.64568370628813	167.20496784873166	1692.9094009259372	
14676.9744	0.03600000000005821	Ripples						0.03600000000005821	14676.9864	8.07285713902278	156.58942424968345	966.6755584118353	
14677.1	0.028000000000247383	Ripples						0.028000000000247383	14677.1112	12.74150446654755	159.85999504163254	1193.5680419975292	
14677.6032	0.03200000000106229	Ripples						0.03200000000106229	14677.6136	8.42950338022442	152.08609900427072	812.2438314824417	
14678.7408	0.02080000000023574	Ripples						0.02080000000023574	14678.751199999999	5.213031298001713	156.57526139729626	808.5195127388822	
14679.7904	0.042400000000270666	Ripples						0.042400000000270666	14679.807999999999	21.239072792819396	161.01516041989933	1768.8555673278613	
14681.6216	0.0775999999987107	Ripples						0.0775999999987107	14681.670399999999	11.411615760612925	152.34585480533337	1019.266650042548	
14683.975199999999	0.042400000000270666	Ripples						0.042400000000270666	14683.9864	6.137703114214453	162.56225996578172	830.8921842146757	
14684.508	0.02479999999923166	Ripples						0.02479999999923166	14684.5216	9.246337716204769	157.57892437528355	977.1915669973114	
14685.072	0.03600000000005821	Ripples						0.03600000000005821	14685.0864	9.95476543079503	152.0019907991126	939.9097756493711	
14689.7824	0.08799999999973807	Ripples						0.08799999999973807	14689.832	22.43206392728801	163.19911822485835	1887.3002739676488	
14689.9512	0.042400000000270666	Ripples						0.042400000000270666	14689.9768	23.00121989563871	165.213407043119	1865.1390155158126	
14690.384	0.03679999999985739	Ripples						0.03679999999985739	14690.410399999999	19.290191761545902	165.23249392629083	1462.5560334668914	
14693.650399999999	0.028800000000046566	Ripples						0.028800000000046566	14693.6624	9.356933848982331	152.0583333749535	939.488732728801	
14694.596	0.04160000000047148	Ripples						0.04160000000047148	14694.612799999999	16.531098288065458	160.4455303528958	1297.4603114891686	
14694.722399999999	0.031200000001263106	Ripples						0.031200000001263106	14694.7352	12.50833365391995	171.9822831151507	1264.8008348170956	
14696.0208	0.03839999999945576	Ripples						0.03839999999945576	14696.0288	8.221120528610054	157.51017410417728	1028.7762082282964	
14704.184	0.02480000000105065	Ripples						0.02480000000105065	14704.2016	5.506191145655717	163.27241676762904	852.0950108511342	
14706.5704	0.02479999999923166	Ripples						0.02479999999923166	14706.5792	13.7467090388624	165.6334353317643	1189.8056594875773	
14707.1736	0.06400000000030559	Ripples						0.06400000000030559	14707.2104	14.656115635866161	154.23642667395373	1458.7717833066654	
14710.3872	0.07760000000052969	Ripples						0.07760000000052969	14710.4456	26.939953378950374	163.50555515118901	1772.4441942620701	
14710.5584	0.03919999999925494	Ripples						0.03919999999925494	14710.5832	16.641466964581518	159.58339554026998	1606.192214413475	
14710.6368	0.062399999998888234	Ripples						0.062399999998888234	14710.671199999999	20.42375063879181	152.8184074018079	1626.0960092186456	
14710.832	0.025599999999030842	Ripples						0.025599999999030842	14710.8464	7.8402392066819555	153.10895854283598	863.425595056332	
14711.1112	0.056000000000494765	Ripples						0.056000000000494765	14711.1464	13.490046494313248	157.8801799257411	1422.482004321635	
14711.221599999999	0.02320000000145228	Ripples						0.02320000000145228	14711.2352	11.648212337324095	169.859396435779	1115.4091567929304	
14712.6608	0.0272000000004482	Ripples						0.0272000000004482	14712.6744	7.209643889858843	163.61873537300607	957.0305867965004	
14717.3352	0.03280000000086147	Ripples						0.03280000000086147	14717.3536	12.409961422927713	155.86818450993368	1106.5069803241317	
14718.776	0.0408000000006723	Ripples						0.0408000000006723	14718.8032	14.55177888735267	160.47349440206963	1238.4590832373392	
14727.0016	0.028800000000046566	Ripples						0.028800000000046566	14727.0208	14.79317867486852	168.81330360534	1314.8886512553802	
14733.9856	0.05519999999887659	Ripples						0.05519999999887659	14734.011999999999	12.16608926880441	159.13231346544933	1346.9991349533298	
14734.1392	0.04160000000047148	Ripples						0.04160000000047148	14734.1528	12.777908512804677	161.3828770979297	1410.9095470083794	
14737.2592	0.025599999999030842	Ripples						0.025599999999030842	14737.2744	5.92041689438046	151.1897791427946	758.5348599507199	
14737.828	0.0455999999994674	Ripples						0.0455999999994674	14737.8528	6.612014403171526	144.85327107943968	734.9566409247392	
14738.7784	0.03200000000106229	Ripples						0.03200000000106229	14738.786399999999	7.566358616452213	173.60645926328056	909.4487548702473	
14740.9008	0.044799999999668216	Ripples						0.044799999999668216	14740.925599999999	11.037849730757092	163.1739020723438	1154.4780295336616	
14741.0288	0.05760000000009313	Ripples						0.05760000000009313	14741.047199999999	20.34425963753694	152.04357187317666	1628.3453689904848	
14741.157599999999	0.030400000001463923	Ripples						0.030400000001463923	14741.168	16.644632977416734	165.35246024046364	1285.5077570948504	
14741.688	0.0319999999992433	Ripples						0.0319999999992433	14741.6992	7.788591130330443	160.1571608903326	1000.1988300003306	
14742.8864	0.047200000000884756	Ripples						0.047200000000884756	14742.9	7.821201302283881	167.74224697449816	1087.9255891180926	
14742.9664	0.028000000000247383	Ripples						0.028000000000247383	14742.9784	8.13430830644338	163.07623818578006	1082.804468997297	
14743.0224	0.044799999999668216	Ripples						0.044799999999668216	14743.047199999999	20.219481706848068	159.94049507609907	1739.9630644642584	
14743.1184	0.047200000000884756	Ripples						0.047200000000884756	14743.143199999999	22.99738727748408	169.23059714040897	1869.8677258846715	
14743.2048	0.06160000000090804	Ripples						0.06160000000090804	14743.2528	13.567644109959865	162.33671790717295	1379.1942463514297	
14743.7064	0.028000000000247383	Ripples						0.028000000000247383	14743.7208	10.772953840414514	160.37054982941174	1168.6245506608745	
14762.0	35.0	SleepStates											Awake
14776.408	0.04399999999986903	Ripples						0.04399999999986903	14776.4288	15.27667442268517	154.87255881781326	1397.6804236761914	
14779.917599999999	0.021600000000034925	Ripples						0.021600000000034925	14779.931199999999	6.029215164414226	163.2515661995602	907.616127413791	
14780.215199999999	0.02320000000145228	Ripples						0.02320000000145228	14780.228799999999	10.910152663206201	164.74457748035618	1105.4420532149015	
14781.764799999999	0.035200000000259024	Ripples						0.035200000000259024	14781.779199999999	14.597065460067897	158.94236401782248	1356.751154477884	
14784.3832	0.031199999999444117	Ripples						0.031199999999444117	14784.4008	11.018641195670064	163.63811647945462	1188.1674251744191	
14784.5152	0.03839999999945576	Ripples						0.03839999999945576	14784.5312	15.609031392562208	164.5299399343752	1559.0306579774488	
14790.276	0.03679999999985739	Ripples						0.03679999999985739	14790.2896	16.917729400085758	164.41519631368038	1545.7881314277624	
14794.392	0.04399999999986903	Ripples						0.04399999999986903	14794.4064	11.065468033305143	164.89766254138925	1139.6314070543638	
14794.997599999999	0.03280000000086147	Ripples						0.03280000000086147	14795.0128	8.960178746710318	160.40753983569994	1041.8578548460566	
14795.1992	0.03679999999985739	Ripples						0.03679999999985739	14795.222399999999	11.833188832633212	154.6735261809415	1110.3766322929048	
14795.3616	0.05040000000008149	Ripples						0.05040000000008149	14795.387999999999	28.067745427544377	160.29524747819858	2146.429711593093	
14795.5384	0.022399999999834108	Ripples						0.022399999999834108	14795.5504	5.260758757452235	148.1113526298007	675.9907000113997	
14797.431999999999	0.03600000000005821	Ripples						0.03600000000005821	14797.4456	11.165170857889606	160.74402243888767	1257.0850690087111	
14797.608	0.037599999999656575	Ripples						0.037599999999656575	14797.6224	13.826861571095215	158.34097534762574	1347.843390247473	
14797.768	0.04160000000047148	Ripples						0.04160000000047148	14797.786399999999	8.550538566856893	152.96939693768005	1121.2915367753624	
14798.0	378.0	SleepStates											Non-REM
14798.9208	0.042400000000270666	Ripples						0.042400000000270666	14798.931199999999	6.746960904146053	159.728164831164	978.2165423988635	
14799.062399999999	0.03440000000045984	Ripples						0.03440000000045984	14799.076	15.783451005620329	158.6099824148553	1392.7350214411929	
14800.6664	0.039999999999054126	Ripples						0.039999999999054126	14800.6984	6.839363215758319	154.84598400138253	882.117611025011	
14803.7312	0.0455999999994674	Ripples						0.0455999999994674	14803.7664	7.222732072506548	161.2720178903104	857.6151341184573	
14805.003999999999	0.05760000000009313	Ripples						0.05760000000009313	14805.0456	13.60915046443744	165.4001148171603	1403.9248483876709	
14806.148	0.08960000000115542	Ripples						0.08960000000115542	14806.2056	12.441930101555247	153.33119056103808	1275.2135050665147	
14808.8056	0.03280000000086147	Ripples						0.03280000000086147	14808.8224	13.99352360887243	161.64226902119586	1380.526401610492	
14808.9088	0.12560000000121363	Ripples						0.12560000000121363	14808.92	19.85103685037844	162.84891205893305	1614.6708856245398	
14809.1616	0.04320000000006985	Ripples						0.04320000000006985	14809.184799999999	16.15644100637078	158.61040170516821	1598.4760851280803	
14810.6584	0.0639999999984866	Ripples						0.0639999999984866	14810.6736	15.411954577496866	152.20270116248557	1291.3436772396858	
14811.3432	0.04320000000006985	Ripples						0.04320000000006985	14811.3584	8.078783321680854	160.53002040584235	1028.9805990672414	
14812.8184	0.022399999999834108	Ripples						0.022399999999834108	14812.8272	7.060931836557038	158.98700296520713	897.1629526073533	
14813.9552	0.02479999999923166	Ripples						0.02479999999923166	14813.9696	8.650951076749429	161.67023659522226	1021.0125336605998	
14814.0608	0.0408000000006723	Ripples						0.0408000000006723	14814.0728	12.10055353298281	156.61268772874223	1059.707656499559	
14814.232	0.025599999999030842	Ripples						0.025599999999030842	14814.24	7.0353845361879035	159.87155359526992	915.4662034535672	
14815.0216	0.035200000000259024	Ripples						0.035200000000259024	14815.0432	13.66517168735166	167.72691888422068	1289.1543485171628	
14815.1048	0.056000000000494765	Ripples						0.056000000000494765	14815.1456	19.186163448669866	162.35801389006164	1632.2511808819436	
14815.2776	0.03440000000045984	Ripples						0.03440000000045984	14815.292	19.371975049955736	161.276896144517	1638.1005531083467	
14816.6016	0.04399999999986903	Ripples						0.04399999999986903	14816.6136	9.196862483846408	153.06280252823592	1117.9819721603105	
14821.743999999999	0.025600000000849832	Ripples						0.025600000000849832	14821.7592	6.305624735505686	152.31425778178433	905.7279903294257	
14823.5648	0.021600000000034925	Ripples						0.021600000000034925	14823.576	8.525276696909422	163.53711290782115	1010.4821672924272	
14823.9592	0.040000000000873115	Ripples						0.040000000000873115	14823.9744	7.943507492768548	153.05511169855282	971.2565959322217	
14826.4592	0.03839999999945576	Ripples						0.03839999999945576	14826.4736	31.734829677786237	160.38894709513488	2028.4709279840056	
14828.82	0.08560000000034051	Ripples						0.08560000000034051	14828.8888	17.24333142485828	159.1837542497437	1564.1782218055807	
14830.026399999999	0.030400000001463923	Ripples						0.030400000001463923	14830.047199999999	11.417819905482105	179.65659428907483	909.0088661189566	
14830.408	0.07359999999971478	Ripples						0.07359999999971478	14830.461599999999	19.942994493761994	161.62110329207584	1583.9379462908546	
14830.6072	0.03679999999985739	Ripples						0.03679999999985739	14830.6312	7.452931555744327	170.63058415721585	832.3490054056612	
14832.9072	0.023999999999432475	Ripples						0.023999999999432475	14832.9264	5.858670429266749	158.56519839882935	718.5157727185352	
14834.2992	0.03679999999985739	Ripples						0.03679999999985739	14834.3128	14.493977854251105	167.6383452415413	1329.7570812568802	
14834.403999999999	0.03920000000107393	Ripples						0.03920000000107393	14834.4296	10.282843313560196	166.41531282545222	1266.4706646496877	
14834.5704	0.06959999999889988	Ripples						0.06959999999889988	14834.612799999999	11.759344443097202	151.856296229821	1014.1476766025679	
14834.7688	0.0272000000004482	Ripples						0.0272000000004482	14834.7816	10.855800205608336	161.44235369747503	1263.9522351027435	
14838.707999999999	0.02480000000105065	Ripples						0.02480000000105065	14838.7256	10.00207674946734	166.93410482433708	1090.2835965848835	
14841.975999999999	0.08960000000115542	Ripples						0.08960000000115542	14842.033599999999	12.488035557911449	164.47789735229279	1453.3983155400435	
14842.171999999999	0.07600000000093132	Ripples						0.07600000000093132	14842.216	15.945677817896097	157.475109174592	1634.257309661097	
14842.36	0.04719999999906577	Ripples						0.04719999999906577	14842.3928	7.729396833129336	156.10387346822753	988.7175473606882	
14842.456	0.042400000000270666	Ripples						0.042400000000270666	14842.4672	8.635225341885457	155.05574477302568	1062.7311954840147	
14843.909599999999	0.031200000001263106	Ripples						0.031200000001263106	14843.928	9.912236426945109	170.49210125652382	1143.3976108605245	
14844.1176	0.021600000000034925	Ripples						0.021600000000034925	14844.1264	13.159545141917679	165.56801029408538	1199.859365942113	
14848.642399999999	0.028800000000046566	Ripples						0.028800000000046566	14848.663999999999	12.88310995705181	167.15619158243956	1157.0719836022718	
14863.736799999999	0.0408000000006723	Ripples						0.0408000000006723	14863.7568	12.874229173441911	152.7809736518112	1304.1793575760532	
14865.4728	0.0272000000004482	Ripples						0.0272000000004482	14865.489599999999	21.931443905683796	164.43410903042013	1576.2752801780014	
14865.6744	0.025599999999030842	Ripples						0.025599999999030842	14865.6896	8.388307888406485	159.2977119095427	1054.1222648579424	
14866.068	0.022399999999834108	Ripples						0.022399999999834108	14866.08	6.926338503959986	155.70744012842073	888.3861733209527	
14866.7552	0.021600000000034925	Ripples						0.021600000000034925	14866.7688	8.806774323230316	164.58055437088146	1041.3106391237236	
14867.0296	0.03679999999985739	Ripples						0.03679999999985739	14867.054399999999	8.819454530795758	167.1085284828289	1073.6131386537088	
14868.207199999999	0.05200000000149885	Ripples						0.05200000000149885	14868.2488	11.910152082102732	155.35299084828586	1009.072643805022	
14869.7736	0.0319999999992433	Ripples						0.0319999999992433	14869.796	18.412376341066867	174.65249947398956	1323.1187817916498	
14869.9696	0.08399999999892316	Ripples						0.08399999999892316	14869.9936	28.888161696015494	163.7603154265354	1962.6084483974898	
14870.22	0.06160000000090804	Ripples						0.06160000000090804	14870.2552	11.782294146032323	151.56573544058017	1169.2448856599835	
14871.1944	0.022399999999834108	Ripples						0.022399999999834108	14871.2048	6.819757183951606	165.8419104403578	997.0275878303887	
14871.4448	0.023199999999633292	Ripples						0.023199999999633292	14871.4528	5.88656376001201	171.66493537664704	845.1296037099421	
14874.395999999999	0.037600000001475564	Ripples						0.037600000001475564	14874.409599999999	11.435445898678184	161.50472364104445	1136.607240548059	
14874.6624	0.060800000001108856	Ripples						0.060800000001108856	14874.677599999999	7.038963317204096	153.92044334281388	787.1194081735088	
14875.859999999999	0.09600000000136788	Ripples						0.09600000000136788	14875.873599999999	12.753091286348246	154.40441034451067	1265.9216003978663	
14876.025599999999	0.030400000001463923	Ripples						0.030400000001463923	14876.044	10.978914123690805	157.86798882365989	1088.1790128060666	
14878.5448	0.028000000000247383	Ripples						0.028000000000247383	14878.56	17.54624830697151	168.26516999274529	1532.3867705593248	
14879.1472	0.025600000000849832	Ripples						0.025600000000849832	14879.1584	16.329787404511315	157.7585116226975	1335.057294734413	
14879.2312	0.05439999999907741	Ripples						0.05439999999907741	14879.2424	13.80558339060995	160.7105846385944	1280.1925106959927	
14884.562399999999	0.03280000000086147	Ripples						0.03280000000086147	14884.5808	11.651685520738924	153.57587879011803	1076.1078310958274	
14887.3192	0.026400000000649015	Ripples						0.026400000000649015	14887.3328	15.343621308997191	167.71799576381838	1418.8314500723313	
14887.4216	0.0408000000006723	Ripples						0.0408000000006723	14887.444	9.309290576629806	146.8730501163056	864.7168409411377	
14889.5856	0.05199999999967986	Ripples						0.05199999999967986	14889.624	13.027139931816215	161.41071589956354	1232.7413748912406	
14889.700799999999	0.03600000000005821	Ripples						0.03600000000005821	14889.7176	22.44763927616022	165.16493686314533	1773.4960361850497	
14896.193599999999	0.035200000000259024	Ripples						0.035200000000259024	14896.207199999999	10.488666717001522	150.53842155418718	1028.4543602515955	
14896.368	0.02079999999841675	Ripples						0.02079999999841675	14896.380799999999	10.080083323219126	172.49106161648274	972.1338050712042	
14897.7344	0.0727999999999156	Ripples						0.0727999999999156	14897.7968	8.6101803826702	159.03599915973672	981.4845987606681	
14898.2696	0.046399999999266583	Ripples						0.046399999999266583	14898.279999999999	18.093164925043112	170.53149600779474	1370.3329679357837	
14899.7408	0.04800000000068394	Ripples						0.04800000000068394	14899.7752	15.233307284184907	155.51759481287814	1408.3951429635094	
14899.864	0.04960000000028231	Ripples						0.04960000000028231	14899.8928	10.301487549866307	157.51155907770317	1092.5820717203515	
14901.068	0.03440000000045984	Ripples						0.03440000000045984	14901.0856	16.419123669495647	162.1947011469412	1535.5493558323383	
14903.3512	0.031200000001263106	Ripples						0.031200000001263106	14903.3688	15.091092928758865	162.85103055890568	1347.9911455932931	
14903.5	0.039999999999054126	Ripples						0.039999999999054126	14903.52	14.34743475163271	165.63646559501342	1425.3291966466782	
14903.7856	0.037599999999656575	Ripples						0.037599999999656575	14903.804	19.11441605968969	168.14104579350297	1563.5784123867418	
14905.9152	0.05680000000029395	Ripples						0.05680000000029395	14905.9424	9.193004693191854	157.0201167393006	1127.2187725337183	
14907.6888	0.05519999999887659	Ripples						0.05519999999887659	14907.7328	12.584825228200309	151.2466041896805	1123.2683692565033	
14907.8192	0.05040000000008149	Ripples						0.05040000000008149	14907.837599999999	6.969677876704089	148.30454172322538	755.1807152178435	
14907.9008	0.03280000000086147	Ripples						0.03280000000086147	14907.912	6.608852890850002	154.36003857195203	796.907170310065	
14912.1648	0.022399999999834108	Ripples						0.022399999999834108	14912.1696	5.171851355986275	156.91358327872342	669.6465414575263	
14915.3272	0.039999999999054126	Ripples						0.039999999999054126	14915.3408	9.410718510125468	176.77420054191083	965.3968093477181	
14915.447199999999	0.07280000000173459	Ripples						0.07280000000173459	14915.5064	6.251756164191963	152.05942541963063	921.2302860021072	
14916.315999999999	0.03840000000127475	Ripples						0.03840000000127475	14916.330399999999	11.416721642486484	154.29069078023673	1156.780893329117	
14917.0888	0.04960000000028231	Ripples						0.04960000000028231	14917.1032	12.353156179034546	159.86941100880122	1197.1881938788943	
14918.028	0.021600000000034925	Ripples						0.021600000000034925	14918.0368	7.271009056052864	161.0606892706746	946.6488056632907	
14918.3752	0.03919999999925494	Ripples						0.03919999999925494	14918.3928	23.705634226954217	155.9569035979934	1557.857369869243	
14919.7952	0.03919999999925494	Ripples						0.03919999999925494	14919.8136	12.17783740416865	152.93293628212592	1224.2921902672063	
14920.3128	0.07200000000011642	Ripples						0.07200000000011642	14920.3608	21.052472575741053	152.5864487006374	1601.587598079889	
14921.627199999999	0.08400000000074215	Ripples						0.08400000000074215	14921.6968	14.811295914782772	157.03044354658346	1322.7650156557957	
14927.9728	0.05520000000069558	Ripples						0.05520000000069558	14927.9912	9.774372588735407	158.21852720357313	906.8564781021976	
14930.8616	0.05439999999907741	Ripples						0.05439999999907741	14930.9	21.08816935887652	163.6051146447408	1657.5662716336735	
14931.0104	0.03600000000005821	Ripples						0.03600000000005821	14931.0288	24.034577667146053	156.62546468852094	1734.2132533617005	
14940.624	0.06159999999908905	Ripples						0.06159999999908905	14940.641599999999	13.680389553055244	159.77733055757002	1477.7446895083656	
14943.8128	0.035200000000259024	Ripples						0.035200000000259024	14943.837599999999	5.267314276570391	151.32280368560404	664.3649939003691	
14959.6456	0.03600000000005821	Ripples						0.03600000000005821	14959.671999999999	12.492586703248834	157.11398274633882	1048.4688750569705	
14967.9512	0.021600000000034925	Ripples						0.021600000000034925	14967.961599999999	10.072039492538032	166.30257893921006	1066.2994920140923	
14968.84	0.08319999999912397	Ripples						0.08319999999912397	14968.8784	18.207062343639425	157.56549467146044	1681.8730300227853	
14969.3424	0.048800000000483124	Ripples						0.048800000000483124	14969.3552	6.894689836131498	153.3285184422166	871.7100094885557	
14970.1656	0.06959999999889988	Ripples						0.06959999999889988	14970.2088	23.439262504189124	160.78403715191985	1871.1170843174248	
14970.328	0.04399999999986903	Ripples						0.04399999999986903	14970.3632	8.042701369821673	170.3342200182745	1004.4437644130201	
14971.5056	0.046399999999266583	Ripples						0.046399999999266583	14971.5304	21.5602195931706	168.87248746131732	1698.3123344370313	
14971.6296	0.05999999999949068	Ripples						0.05999999999949068	14971.6472	11.415630794426573	155.21581028591	1392.817084934172	
14972.807999999999	0.05760000000009313	Ripples						0.05760000000009313	14972.8344	19.066371433216887	159.80437598707843	1759.80722916421	
14972.931199999999	0.05040000000008149	Ripples						0.05040000000008149	14972.9504	28.563256800144142	166.2159248107153	1922.2138336297137	
14973.836	0.03280000000086147	Ripples						0.03280000000086147	14973.8496	18.837714701924398	167.4556697347655	1602.9485494680832	
14976.0784	0.04159999999865249	Ripples						0.04159999999865249	14976.1096	13.355555140158767	167.88057646273805	1216.9527644398484	
14978.6544	0.046399999999266583	Ripples						0.046399999999266583	14978.671999999999	6.857538850215224	151.30105561825374	862.9175000415579	
14979.3216	0.030399999999644933	Ripples						0.030399999999644933	14979.332	10.156355912819272	160.92855093833674	1117.6456179189593	
14979.4048	0.03839999999945576	Ripples						0.03839999999945576	14979.431199999999	8.84562514235141	155.85051224774324	1017.4428553016787	
14983.6696	0.023199999999633292	Ripples						0.023199999999633292	14983.6832	7.6825271731597455	164.59306526751857	950.9493174618236	
14984.6736	0.028800000000046566	Ripples						0.028800000000046566	14984.684799999999	8.674278675213229	163.30694012769627	873.5583937158648	
14984.8512	0.04399999999986903	Ripples						0.04399999999986903	14984.872	21.96556383278749	157.76874430736484	1745.6777460585813	
14989.8792	0.03600000000005821	Ripples						0.03600000000005821	14989.8896	11.586791754008447	180.19611807497648	930.0950581801761	
14989.9736	0.0727999999999156	Ripples						0.0727999999999156	14989.9992	26.160841401561104	160.76753271189116	1784.2626287019743	
14992.3	0.031200000001263106	Ripples						0.031200000001263106	14992.3216	9.978470203909895	168.73097929671482	1062.8059922839911	
14995.5896	0.02480000000105065	Ripples						0.02480000000105065	14995.604	17.04140326291567	162.5082061629128	1328.7683554923126	
14995.756	0.03920000000107393	Ripples						0.03920000000107393	14995.7736	7.167000742821459	152.57413069357432	1010.8815585319364	
14997.3208	0.03280000000086147	Ripples						0.03280000000086147	14997.3336	11.854297666143626	163.29003659529297	1204.4935372785048	
15002.931199999999	0.04160000000047148	Ripples						0.04160000000047148	15002.952	21.020508132201215	156.25146551118408	1715.4057502890769	
15007.748	0.0455999999994674	Ripples						0.0455999999994674	15007.7736	16.07253909015423	166.99175844294427	1549.9667030557712	
15011.2704	0.03440000000045984	Ripples						0.03440000000045984	15011.2952	5.381965230942133	169.7306965372129	838.9977003516151	
15012.8496	0.042400000000270666	Ripples						0.042400000000270666	15012.8616	17.37777078753974	160.8623182619154	1430.184373857043	
15013.003999999999	0.028000000000247383	Ripples						0.028000000000247383	15013.018399999999	5.045818507633835	151.72547504464418	759.9091893824742	
15019.036	0.039999999999054126	Ripples						0.039999999999054126	15019.0592	19.668933926447902	163.50477456343458	1693.9530946032057	
15020.3632	0.037599999999656575	Ripples						0.037599999999656575	15020.3776	9.368752825349667	176.92946987757892	1016.193489145219	
15022.368	0.02079999999841675	Ripples						0.02079999999841675	15022.381599999999	7.475614163411627	160.75873947245898	910.7976230074024	
15022.6368	0.035199999998440035	Ripples						0.035199999998440035	15022.6544	7.179745399015267	150.82816561231513	922.3449860278728	
15024.707199999999	0.03280000000086147	Ripples						0.03280000000086147	15024.724	19.17235260654615	161.88296426506423	1580.4000643835095	
15026.381599999999	0.02320000000145228	Ripples						0.02320000000145228	15026.3912	11.609225682704626	164.50340347105754	1129.3670909780346	
15026.4672	0.030399999999644933	Ripples						0.030399999999644933	15026.4872	8.534765096598745	163.18559828931527	1077.6220656935345	
15028.8128	0.047200000000884756	Ripples						0.047200000000884756	15028.832	21.845083214333513	170.6690217582578	1765.0837004280886	
15028.9872	0.0455999999994674	Ripples						0.0455999999994674	15029.02	15.599303725664447	164.7889792661022	1365.4166251461215	
15031.8	0.028000000000247383	Ripples						0.028000000000247383	15031.8144	15.282088083089754	164.11847958549225	1349.6110798733837	
15031.964	0.031199999999444117	Ripples						0.031199999999444117	15031.9816	7.341699157047314	152.98188597118997	902.174619302835	
15034.1528	0.023999999999432475	Ripples						0.023999999999432475	15034.1624	10.359971927830777	162.76595075512628	1057.4550445291875	
15036.518399999999	0.021600000000034925	Ripples						0.021600000000034925	15036.526399999999	10.040161468083715	164.88612473648817	1000.5568349432367	
15037.0928	0.030399999999644933	Ripples						0.030399999999644933	15037.1088	17.644759595883205	161.9360138463264	1523.0228689220926	
15037.1648	0.03839999999945576	Ripples						0.03839999999945576	15037.1904	7.74259159712822	166.56432838032842	956.1416420842191	
15037.312	0.035200000000259024	Ripples						0.035200000000259024	15037.3328	10.644700681130042	151.42861898534014	1154.9234133232535	
15037.425599999999	0.037600000001475564	Ripples						0.037600000001475564	15037.439999999999	9.27529143064706	168.46742911217174	1139.9086600672258	
15039.120799999999	0.0272000000004482	Ripples						0.0272000000004482	15039.135199999999	7.388601815992215	154.50849903280707	1004.870410186655	
15040.2616	0.023199999999633292	Ripples						0.023199999999633292	15040.2712	7.740916431716107	165.140704551101	998.0102648132485	
15040.787199999999	0.08719999999993888	Ripples						0.08719999999993888	15040.8072	15.944667112423957	168.31382082397693	1490.2891040339239	
15040.961599999999	0.04800000000068394	Ripples						0.04800000000068394	15040.975999999999	10.622513361908188	161.92236995896593	1226.2663615807812	
15042.503999999999	0.05040000000008149	Ripples						0.05040000000008149	15042.5152	8.454104944866222	163.24513380813562	1005.4532843257022	
15042.6288	0.02479999999923166	Ripples						0.02479999999923166	15042.6432	10.018837502877226	165.83986919858367	1122.254373669498	
15044.185599999999	0.02320000000145228	Ripples						0.02320000000145228	15044.1992	17.804493510624628	163.42686401257978	1359.702124114791	
15047.765599999999	0.025600000000849832	Ripples						0.025600000000849832	15047.7736	5.364353696938121	153.50241628606585	737.935872755209	
15048.562399999999	0.02960000000166474	Ripples						0.02960000000166474	15048.5728	14.844761715432275	166.18207791054974	1274.9200030212874	
15048.6984	0.03920000000107393	Ripples						0.03920000000107393	15048.7168	24.66361046923692	156.3280016495151	1788.5874396904298	
15049.5384	0.051199999999880674	Ripples						0.051199999999880674	15049.556	28.704247017963386	164.44618951896962	1956.425824007701	
15049.7032	0.04960000000028231	Ripples						0.04960000000028231	15049.7344	24.53061436898604	159.32862044246448	1854.3884527688847	
15053.3912	0.023999999999432475	Ripples						0.023999999999432475	15053.4016	6.129419919639072	166.340292468849	863.1668329043356	
15055.2056	0.028800000000046566	Ripples						0.028800000000046566	15055.2248	7.638887964886991	164.78445489802283	1012.8865253208493	
15055.3512	0.03600000000005821	Ripples						0.03600000000005821	15055.3704	6.98612735837581	167.00032471638735	1076.1277214882555	
15055.8344	0.03440000000045984	Ripples						0.03440000000045984	15055.856	15.438134562804809	172.6437994614105	1384.3719992130991	
15055.9568	0.03600000000005821	Ripples						0.03600000000005821	15055.9744	26.003620093650625	161.40921345804898	1646.3894370673468	
15056.112	0.022399999999834108	Ripples						0.022399999999834108	15056.124	5.446487662312455	156.26148808749306	699.3582707843673	
15060.0944	0.030399999999644933	Ripples						0.030399999999644933	15060.1088	10.521996985341387	165.17852757593084	1236.7198382496172	
15060.2272	0.0272000000004482	Ripples						0.0272000000004482	15060.2416	16.855497130643695	165.0468094603096	1452.5117298914608	
15060.3584	0.03200000000106229	Ripples						0.03200000000106229	15060.374399999999	19.7686106666973	168.2311179786113	1613.8173199674643	
15060.4784	0.056000000000494765	Ripples						0.056000000000494765	15060.492	13.776840201601205	154.64261245075173	1298.9212307711432	
15065.0896	0.06160000000090804	Ripples						0.06160000000090804	15065.1264	16.303350162199465	155.65995693640787	1328.5678297119923	
15065.2256	0.044799999999668216	Ripples						0.044799999999668216	15065.257599999999	15.107514538632069	164.11132070828907	1409.7253347727074	
15065.5232	0.042400000000270666	Ripples						0.042400000000270666	15065.5576	7.931399138219755	163.68890656210164	899.4130473117837	
15065.6264	0.04320000000006985	Ripples						0.04320000000006985	15065.6472	28.133646944720713	156.3477488707044	1894.794728262539	
15065.8408	0.04160000000047148	Ripples						0.04160000000047148	15065.8584	23.198840411635075	154.9847516785708	1713.0526178124567	
15068.8864	0.06719999999950232	Ripples						0.06719999999950232	15068.9216	18.269919977159134	154.57390887039176	1380.121518463783	
15069.0584	0.06159999999908905	Ripples						0.06159999999908905	15069.0784	8.929979861816397	156.55648652210542	1098.6573916123198	
15080.0224	0.06719999999950232	Ripples						0.06719999999950232	15080.0608	19.63076438827146	165.29960687150435	1525.8875792051467	
15081.5496	0.04159999999865249	Ripples						0.04159999999865249	15081.572	16.558084857088133	167.56384052123542	1638.9640551717337	
15081.692	0.07600000000093132	Ripples						0.07600000000093132	15081.743999999999	11.25504009628467	151.88169284475703	1184.4085413462296	
15083.663199999999	0.03280000000086147	Ripples						0.03280000000086147	15083.685599999999	8.585843848908056	159.53808050346782	893.2089022744019	
15083.76	0.04960000000028231	Ripples						0.04960000000028231	15083.7752	10.232037159597988	146.358412667437	948.6831913576265	
15085.8144	0.047200000000884756	Ripples						0.047200000000884756	15085.8288	6.084462782344919	157.13865954155375	885.9360474044437	
15087.368	0.032799999999042484	Ripples						0.032799999999042484	15087.3872	13.882207346054098	166.7743239026682	1295.1898872745217	
15087.5	0.03600000000005821	Ripples						0.03600000000005821	15087.518399999999	26.382085564148312	154.64461904115782	1754.2777672388938	
15088.2624	0.030399999999644933	Ripples						0.030399999999644933	15088.2848	6.008287370896882	154.9386217770774	609.3227431275312	
15088.4512	0.03280000000086147	Ripples						0.03280000000086147	15088.464	10.019158067666924	157.9005435759499	1039.4687908340497	
15103.279999999999	0.02480000000105065	Ripples						0.02480000000105065	15103.294399999999	6.9217467901652325	157.15275663279752	918.0076207227793	
15104.7208	0.02080000000023574	Ripples						0.02080000000023574	15104.7336	11.99726884499049	164.46087857690776	1119.768809617065	
15104.9192	0.046399999999266583	Ripples						0.046399999999266583	15104.948	19.529960607088892	159.70331109181691	1621.5897695725148	
15105.0512	0.03839999999945576	Ripples						0.03839999999945576	15105.0736	28.660782382582955	169.74240888005113	1991.7525216390343	
15108.2256	0.03839999999945576	Ripples						0.03839999999945576	15108.235999999999	5.648612839924071	171.60793931563884	772.5426115921412	
15108.616	0.11279999999896972	Ripples						0.11279999999896972	15108.6472	11.365829512584142	160.3918144998555	1150.7076736448096	
15110.5784	0.042399999998451676	Ripples						0.042399999998451676	15110.6112	12.25442672605369	167.70110705387427	1025.131619161004	
15110.7168	0.037599999999656575	Ripples						0.037599999999656575	15110.7344	33.46409323451411	160.18238575129712	2045.914308342496	
15113.0952	0.03600000000005821	Ripples						0.03600000000005821	15113.1184	15.647759420647825	169.33683971755335	1500.6693269458451	
15113.228	0.035200000000259024	Ripples						0.035200000000259024	15113.248	22.017144294216695	165.8027687725067	1737.6176507351345	
15113.6952	0.048799999998664134	Ripples						0.048799999998664134	15113.715199999999	17.742843515614247	157.4026447662174	1624.311873575309	
15114.328	0.05199999999967986	Ripples						0.05199999999967986	15114.3688	14.788048618263101	154.48175245405747	1381.1383255563562	
15115.9376	0.05279999999947904	Ripples						0.05279999999947904	15115.9488	6.261063663863714	176.84261878993235	760.7355087589648	
15116.0688	0.04160000000047148	Ripples						0.04160000000047148	15116.0896	14.799016286964749	151.60118520442094	1201.7595909880965	
15118.562399999999	0.051200000001699664	Ripples						0.051200000001699664	15118.5736	7.314974983145909	156.82950510262046	946.6294372257652	
15118.668	0.08400000000074215	Ripples						0.08400000000074215	15118.6872	8.544503938199702	151.8155926451212	934.890598561756	
15124.8608	0.06719999999950232	Ripples						0.06719999999950232	15124.9144	13.345824451091927	166.77139702283023	1309.948510239846	
15125.0072	0.023999999999432475	Ripples						0.023999999999432475	15125.0176	13.360368460346626	168.17312937687305	1213.241975089255	
15125.188	0.022399999999834108	Ripples						0.022399999999834108	15125.196	8.60195817868748	156.6012210743515	962.7501770037744	
15125.468799999999	0.042400000000270666	Ripples						0.042400000000270666	15125.490399999999	7.916617693004124	149.3587859782224	920.2093600794366	
15126.648799999999	0.05520000000069558	Ripples						0.05520000000069558	15126.66	12.26656091561473	163.8897008576495	1262.3183891146318	
15127.547999999999	0.04320000000006985	Ripples						0.04320000000006985	15127.572	8.327904111944203	150.98885737409816	1058.1560760969462	
15129.997599999999	0.035200000000259024	Ripples						0.035200000000259024	15130.0088	7.705178064955568	152.199560839236	871.1036674930115	
15131.178399999999	0.05280000000129803	Ripples						0.05280000000129803	15131.2168	11.38202177147792	152.03360080491316	1151.1222908360658	
15132.7896	0.07439999999951397	Ripples						0.07439999999951397	15132.8032	14.248560846883366	158.77926101249886	1319.409951284552	
15132.939999999999	0.056000000000494765	Ripples						0.056000000000494765	15132.967999999999	16.600333485277194	150.77611154446495	1509.5844996166554	
15133.0648	0.032799999999042484	Ripples						0.032799999999042484	15133.083999999999	11.562379125143371	163.5467336096424	1276.5900845056346	
15134.1624	0.031199999999444117	Ripples						0.031199999999444117	15134.1768	8.324783080716482	155.36826780107927	950.6960407001213	
15135.784	0.05279999999947904	Ripples						0.05279999999947904	15135.823199999999	17.30724289878211	163.85139295187759	1600.1319600947184	
15135.944	0.03919999999925494	Ripples						0.03919999999925494	15135.961599999999	22.173836886682775	153.98697303428543	1606.7727119545307	
15136.2568	0.028800000000046566	Ripples						0.028800000000046566	15136.268	11.503219473510086	164.60964159413635	1115.3375396147826	
15139.716	0.02479999999923166	Ripples						0.02479999999923166	15139.7336	14.186858418363846	160.6306608272269	1076.7692993692133	
15139.84	0.10639999999875727	Ripples						0.10639999999875727	15139.8608	12.027165627894583	165.6226456931948	1014.2161800625727	
15141.1808	0.037599999999656575	Ripples						0.037599999999656575	15141.1952	10.154560212651184	161.36105158268825	1240.5969981833468	
15141.779199999999	0.028800000000046566	Ripples						0.028800000000046566	15141.793599999999	15.486047120163375	163.8012897061784	1491.4549948061863	
15141.8936	0.03679999999985739	Ripples						0.03679999999985739	15141.9136	19.327886235866636	163.9478006360214	1687.6308056038454	
15142.1888	0.021600000000034925	Ripples						0.021600000000034925	15142.1968	5.282768191580044	160.46207091809114	838.2124195631413	
15146.3672	0.03599999999823922	Ripples						0.03599999999823922	15146.3896	12.405838149335253	166.9197831757982	1242.4760248397702	
15147.931199999999	0.06160000000090804	Ripples						0.06160000000090804	15147.9528	8.080200798313113	147.35177941678452	768.7958849330948	
15151.5704	0.06879999999910069	Ripples						0.06879999999910069	15151.6112	11.800244050711957	148.9403799954516	1013.1831312674177	
15152.243999999999	0.03680000000167638	Ripples						0.03680000000167638	15152.2624	10.290352797633897	152.49643598245623	982.5274292521876	
15152.3424	0.03600000000005821	Ripples						0.03600000000005821	15152.3616	19.024042597992178	159.19137762576025	1608.3662051773767	
15152.9224	0.0319999999992433	Ripples						0.0319999999992433	15152.9416	13.107722694963108	168.92648957085999	1333.6763553115961	
15153.06	0.05040000000008149	Ripples						0.05040000000008149	15153.0936	14.368683888631558	158.6276917331936	1488.757229143658	
15155.1656	0.07920000000012806	Ripples						0.07920000000012806	15155.2312	9.907930987233561	160.46039412740092	1133.2214379845113	
15156.8224	0.022399999999834108	Ripples						0.022399999999834108	15156.8344	12.018731607787817	168.1689459230615	1197.8972487469068	
15170.808799999999	0.022400000001653098	Ripples						0.022400000001653098	15170.823199999999	12.372263090082372	162.16788509543363	1017.9043620474415	
15177.0	52.0	SleepStates											REM
15230.0	26.0	SleepStates											Awake
15242.924799999999	0.03840000000127475	Ripples						0.03840000000127475	15242.9352	7.308669542030547	161.33264619255377	899.5930542290532	
15252.679199999999	0.03840000000127475	Ripples						0.03840000000127475	15252.6896	5.880647790950651	172.07207664621737	814.4561777682951	
15252.7736	0.048799999998664134	Ripples						0.048799999998664134	15252.7984	9.958606317458887	146.94571666639737	1057.587470949906	
15255.1312	0.037599999999656575	Ripples						0.037599999999656575	15255.1584	10.917047327353881	170.48497128311598	1146.8784468143515	
15255.366399999999	0.05520000000069558	Ripples						0.05520000000069558	15255.3864	20.103916433647115	166.84395555425107	1632.0344716715683	
15257.0	298.0	SleepStates											Non-REM
15260.387999999999	0.05760000000009313	Ripples						0.05760000000009313	15260.412	18.691263725415936	172.69072792289003	1475.7305324011713	
15260.556	0.04799999999886495	Ripples						0.04799999999886495	15260.5736	30.404649853085267	158.43747659729544	2011.3539487341552	
15261.735999999999	0.058399999999892316	Ripples						0.058399999999892316	15261.756	7.932345603981858	157.8982333104122	1061.038287057471	
15261.997599999999	0.05200000000149885	Ripples						0.05200000000149885	15262.032799999999	19.30904212258867	168.39586517340513	1654.8897691081295	
15265.324	0.03919999999925494	Ripples						0.03919999999925494	15265.3472	13.393961759308066	165.44731508548435	1388.3442157241896	
15278.0576	0.023199999999633292	Ripples						0.023199999999633292	15278.0704	10.14795179474804	167.99002846090005	1098.335713664108	
15278.1968	0.021600000000034925	Ripples						0.021600000000034925	15278.207999999999	17.839732428262668	165.79970533683584	1353.8285155262352	
15281.4136	0.03440000000045984	Ripples						0.03440000000045984	15281.431199999999	14.924070242590059	157.02006282260547	1390.3111288985958	
15282.8272	0.12960000000020955	Ripples						0.12960000000020955	15282.9184	23.84322378440775	149.9589731035705	1662.4214558599701	
15283.0304	0.042400000000270666	Ripples						0.042400000000270666	15283.047199999999	28.873845315757098	166.56138853083874	1916.352951891907	
15289.2808	0.04079999999885331	Ripples						0.04079999999885331	15289.292	7.585559861676887	160.97050183275633	1040.415040807535	
15291.116	0.05439999999907741	Ripples						0.05439999999907741	15291.1432	11.541264030337048	151.9103516975937	1226.4609454496683	
15291.2312	0.058399999999892316	Ripples						0.058399999999892316	15291.2568	18.41939406797224	161.3929652636204	1474.507659504389	
15302.6464	0.02479999999923166	Ripples						0.02479999999923166	15302.6544	7.823281108832733	156.28606835676572	949.7177464558877	
15306.716	0.04959999999846332	Ripples						0.04959999999846332	15306.7416	11.130805738559888	161.28715032175006	1182.0078334455259	
15307.7624	0.02479999999923166	Ripples						0.02479999999923166	15307.779199999999	5.560240934192784	169.12604192961263	837.0167670217696	
15307.9136	0.030399999999644933	Ripples						0.030399999999644933	15307.9304	13.550523957627622	162.2586867385569	1388.0817825793933	
15309.2552	0.07040000000051805	Ripples						0.07040000000051805	15309.276	15.579249232335403	171.86892113292848	1345.0126659483744	
15309.3576	0.08560000000034051	Ripples						0.08560000000034051	15309.3928	18.47719911288661	151.9930161706648	1371.084433456184	
15311.018399999999	0.03679999999985739	Ripples						0.03679999999985739	15311.0376	12.688727302061604	162.5505663424854	1325.3219889112183	
15312.1592	0.06319999999868742	Ripples						0.06319999999868742	15312.1952	17.211757054160042	164.5149084785613	1597.354486420303	
15312.296	0.07200000000011642	Ripples						0.07200000000011642	15312.3472	13.132174707331071	147.21322536828862	1150.263693552776	
15313.1096	0.048800000000483124	Ripples						0.048800000000483124	15313.127199999999	18.34798507428636	160.00803546397805	1592.2298053237005	
15318.8072	0.031200000001263106	Ripples						0.031200000001263106	15318.8208	13.902281611020019	161.58948976453223	1234.450250153515	
15325.6808	0.04799999999886495	Ripples						0.04799999999886495	15325.716	12.397939619967687	164.82269850846893	1375.5152430055987	
15325.8728	0.02959999999984575	Ripples						0.02959999999984575	15325.8896	7.882430237732073	170.34006413775765	1083.8383466302657	
15329.9288	0.037599999999656575	Ripples						0.037599999999656575	15329.956	7.687533082816591	167.27460116784118	820.7304104844225	
15330.808799999999	0.053600000001097214	Ripples						0.053600000001097214	15330.8312	13.82236081452434	152.71165606348893	1246.9848179194985	
15331.612799999999	0.042400000000270666	Ripples						0.042400000000270666	15331.627199999999	8.893949399657224	160.30401736875433	1108.9262106030567	
15331.772799999999	0.0408000000006723	Ripples						0.0408000000006723	15331.793599999999	23.700615616002786	158.62106312946617	1793.139781716716	
15331.916	0.026400000000649015	Ripples						0.026400000000649015	15331.9288	11.841098763571948	161.7141329351252	1167.3425627228812	
15332.376	0.025599999999030842	Ripples						0.025599999999030842	15332.3944	8.686222855623026	159.0086165192829	911.8160069803951	
15332.5	0.042400000000270666	Ripples						0.042400000000270666	15332.532	5.8151452018078915	149.62387712221235	835.9726493576732	
15332.7624	0.044799999999668216	Ripples						0.044799999999668216	15332.786399999999	8.27423498546382	149.7587103629026	788.7872884522977	
15332.880799999999	0.06480000000010477	Ripples						0.06480000000010477	15332.8944	17.558925128667045	158.4343462792058	1581.7175699278218	
15332.992	0.07200000000011642	Ripples						0.07200000000011642	15333.0088	19.582515870028388	157.99712431105675	1695.4074710192272	
15334.088	0.02080000000023574	Ripples						0.02080000000023574	15334.1016	6.8607314897549125	161.14672308498035	893.5606382432331	
15334.3968	0.02079999999841675	Ripples						0.02079999999841675	15334.4072	5.569923831140066	164.61924580653613	892.981961626579	
15335.9888	0.022399999999834108	Ripples						0.022399999999834108	15335.996799999999	5.186177811792371	155.11133751771482	704.3239664316665	
15342.8064	0.03600000000005821	Ripples						0.03600000000005821	15342.8328	18.703042429735618	160.4930971042823	1313.2358849196632	
15347.8208	0.02959999999984575	Ripples						0.02959999999984575	15347.8368	21.824407029244114	163.26111945975669	1582.7155857206258	
15347.975199999999	0.04800000000068394	Ripples						0.04800000000068394	15347.996	18.3450057164741	154.2050004666465	1418.8008971623208	
15348.568	0.03280000000086147	Ripples						0.03280000000086147	15348.583999999999	15.372754611574486	164.61524800080997	1403.3141516516312	
15349.764	0.0768000000007305	Ripples						0.0768000000007305	15349.776	15.173422249255424	156.99206986739657	1292.6023857969312	
15349.931999999999	0.021600000000034925	Ripples						0.021600000000034925	15349.939999999999	11.236020983372688	161.32940155699572	993.5828759603528	
15351.76	0.08319999999912397	Ripples						0.08319999999912397	15351.8112	7.68886218522831	146.28937298781602	882.7419642669993	
15351.892	0.03839999999945576	Ripples						0.03839999999945576	15351.909599999999	30.742369394889245	159.93930094173461	1930.3220111820176	
15354.410399999999	0.02480000000105065	Ripples						0.02480000000105065	15354.424799999999	18.943212207938625	169.74664031087025	1386.3678284747339	
15354.5816	0.03920000000107393	Ripples						0.03920000000107393	15354.6096	7.660788104101674	162.5523304004038	720.925792246693	
15357.4744	0.1087999999999738	Ripples						0.1087999999999738	15357.532799999999	7.66364981012101	148.8083259658501	1074.845889410995	
15365.5416	0.04799999999886495	Ripples						0.04799999999886495	15365.5816	6.510832741088565	149.03574195385568	810.5666278038047	
15370.2976	0.021600000000034925	Ripples						0.021600000000034925	15370.308799999999	9.80292711189939	165.60172193540288	1053.5399031139154	
15380.1216	0.031199999999444117	Ripples						0.031199999999444117	15380.135199999999	9.52198809990845	156.17135105434858	937.5322982956077	
15380.2568	0.035200000000259024	Ripples						0.035200000000259024	15380.276	11.277542331841001	164.71145224867004	1303.7664032790228	
15381.4856	0.06559999999990396	Ripples						0.06559999999990396	15381.5088	23.190942088631694	156.15829227415279	1849.5649233711706	
15383.4304	0.026400000000649015	Ripples						0.026400000000649015	15383.4456	12.848850661167615	163.178630621835	1210.0206234793256	
15383.8456	0.03359999999884167	Ripples						0.03359999999884167	15383.8624	17.026492524643196	168.39562671709376	1583.3933534771038	
15386.836	0.051199999999880674	Ripples						0.051199999999880674	15386.859999999999	19.702369415862556	158.26404252591695	1500.6190970166037	
15391.532	0.06160000000090804	Ripples						0.06160000000090804	15391.5568	9.46849139645684	153.33047723019197	1194.395995236881	
15392.4448	0.025600000000849832	Ripples						0.025600000000849832	15392.4632	5.9259839281214655	153.0518001759002	696.4801532810802	
15394.460799999999	0.04960000000028231	Ripples						0.04960000000028231	15394.4928	21.9224538646767	156.8663051924889	1778.4548344879959	
15394.7832	0.021600000000034925	Ripples						0.021600000000034925	15394.7912	9.819537181178587	167.38157522601628	1036.7372956724885	
15394.8464	0.0639999999984866	Ripples						0.0639999999984866	15394.895999999999	10.941420963098446	150.5284684721574	1046.889567476044	
15398.8296	0.058399999999892316	Ripples						0.058399999999892316	15398.864	10.605228384148255	154.63383162595719	1309.2460184091797	
15399.1088	0.023199999999633292	Ripples						0.023199999999633292	15399.1224	7.045124296073509	166.21794863223013	915.1783200180367	
15404.0208	0.0455999999994674	Ripples						0.0455999999994674	15404.0504	10.788504683794507	171.5292541060132	1132.5812225965021	
15416.068	0.02959999999984575	Ripples						0.02959999999984575	15416.0872	11.395173602864467	154.25631693187376	1027.2649014466976	
15416.1584	0.05279999999947904	Ripples						0.05279999999947904	15416.200799999999	11.200296102618806	151.32467668920918	1129.9881435445072	
15417.9888	0.048800000000483124	Ripples						0.048800000000483124	15418.004799999999	7.815892203149256	161.72021218281787	1030.2765684038436	
15419.4056	0.07039999999869906	Ripples						0.07039999999869906	15419.4584	26.89467969848805	158.24492470071388	2074.464938613597	
15419.5856	0.048799999998664134	Ripples						0.048799999998664134	15419.6096	21.318197786222026	161.5491161650459	1775.9965797873924	
15420.2712	0.03679999999985739	Ripples						0.03679999999985739	15420.2904	9.627717141063027	163.71319482892926	1190.284629653714	
15425.3584	0.031200000001263106	Ripples						0.031200000001263106	15425.3704	13.712800119169046	159.16807820223804	1387.569169450778	
15427.312	0.028000000000247383	Ripples						0.028000000000247383	15427.3264	8.567417497942502	158.38682732801027	1024.248057580146	
15428.8176	0.023199999999633292	Ripples						0.023199999999633292	15428.8296	6.267821336121585	150.71982677621472	681.5592638921705	
15437.4552	0.04719999999906577	Ripples						0.04719999999906577	15437.4728	8.924927536671468	151.8046412430689	817.8924919418813	
15447.2312	0.0319999999992433	Ripples						0.0319999999992433	15447.2488	18.417082886306577	165.4673952561621	1565.3544270179893	
15447.3696	0.04320000000006985	Ripples						0.04320000000006985	15447.3896	16.660675792655486	160.7493242496477	1541.7339854080271	
15455.4088	0.0544000000008964	Ripples						0.0544000000008964	15455.431999999999	12.680290520930285	159.52055387607462	1282.99715555713	
15455.7952	0.058399999999892316	Ripples						0.058399999999892316	15455.8264	9.630810809323597	150.4242973270037	1022.817305229138	
15460.1656	0.02080000000023574	Ripples						0.02080000000023574	15460.1736	8.510350225391962	171.93112691776295	944.1906909379649	
15460.7888	0.044799999999668216	Ripples						0.044799999999668216	15460.8176	8.375739365281406	161.31652417430863	1170.4815199417287	
15461.728799999999	0.03679999999985739	Ripples						0.03679999999985739	15461.752	16.045223426087865	154.81343667008036	1322.2217156649583	
15462.5936	0.05279999999947904	Ripples						0.05279999999947904	15462.6304	20.451937806154415	154.3745656935937	1566.9265175039118	
15471.7056	0.035200000000259024	Ripples						0.035200000000259024	15471.72	20.37590548344107	156.8932364890619	1519.9625958389627	
15474.7952	0.021600000000034925	Ripples						0.021600000000034925	15474.8032	8.940079828271864	165.805219295564	938.3513025945031	
15474.8984	0.035200000000259024	Ripples						0.035200000000259024	15474.9128	10.07658322834857	161.62776209515476	1260.342727512885	
15475.0144	0.020000000000436557	Ripples						0.020000000000436557	15475.0248	5.6913870686550725	165.0137681607983	867.3945754795724	
15476.148799999999	0.026400000000649015	Ripples						0.026400000000649015	15476.156799999999	8.058125446747335	159.40195900770843	865.6855548194679	
15478.547999999999	0.04400000000168802	Ripples						0.04400000000168802	15478.5688	18.234843431306707	159.53607984204538	1554.807846922301	
15479.7056	0.047200000000884756	Ripples						0.047200000000884756	15479.7424	12.066734633612658	167.24611203081258	1150.6585614940223	
15479.908	0.040000000000873115	Ripples						0.040000000000873115	15479.924799999999	27.57102751661518	166.20644473119916	1856.8213319547012	
15482.0664	0.03280000000086147	Ripples						0.03280000000086147	15482.0896	11.139671881694499	165.71659043922435	1110.7102032363614	
15482.5288	0.025599999999030842	Ripples						0.025599999999030842	15482.5376	11.061575581533507	162.8299906339986	1088.8925259805399	
15483.6576	0.035199999998440035	Ripples						0.035199999998440035	15483.678399999999	11.570475435579738	150.89299887733807	1139.557627183387	
15488.642399999999	0.03600000000005821	Ripples						0.03600000000005821	15488.6648	24.165956959659397	166.99649903638598	1748.6550870615622	
15488.8032	0.07359999999971478	Ripples						0.07359999999971478	15488.8656	13.294445031296021	165.58179110490937	1234.7156400034792	
15489.5584	0.05040000000008149	Ripples						0.05040000000008149	15489.598399999999	10.083617690682434	167.63676312245363	1154.403997514375	
15489.8368	0.03600000000005821	Ripples						0.03600000000005821	15489.8504	8.44889569959261	153.2707028844987	825.9810101123929	
15489.9504	0.022399999999834108	Ripples						0.022399999999834108	15489.961599999999	9.619703629476453	156.43913915817382	965.4781181382591	
15497.776	0.026400000000649015	Ripples						0.026400000000649015	15497.788	9.282701139447871	156.02696066277144	973.8288993490912	
15499.982399999999	0.11120000000119035	Ripples						0.11120000000119035	15500.069599999999	15.54618169159507	150.2528139024159	1394.8379206090303	
15500.192799999999	0.02959999999984575	Ripples						0.02959999999984575	15500.212	21.052572261730752	163.8742384388361	1489.73465770284	
15500.8608	0.02959999999984575	Ripples						0.02959999999984575	15500.8752	12.842368786821488	169.39453020321037	1341.0902159820907	
15500.9808	0.047200000000884756	Ripples						0.047200000000884756	15501.0064	9.629267744423455	141.80034843740623	851.8206009960826	
15501.428	0.028000000000247383	Ripples						0.028000000000247383	15501.4416	14.024451532433668	160.97992873148866	1186.7621740304558	
15502.2784	0.040000000000873115	Ripples						0.040000000000873115	15502.2984	17.145417338654077	161.0557861864718	1690.327649378175	
15502.3648	0.0680000000011205	Ripples						0.0680000000011205	15502.4192	10.287750722913287	161.8648128668821	1234.1301857666103	
15502.5088	0.0272000000004482	Ripples						0.0272000000004482	15502.5248	15.100851887537987	161.9096767450842	1222.4205285573291	
15504.98	0.05199999999967986	Ripples						0.05199999999967986	15505.011199999999	16.2014756869725	150.35826957107997	1102.278235216016	
15506.801599999999	0.03280000000086147	Ripples						0.03280000000086147	15506.815999999999	17.138722542890417	162.34153353972974	1550.1188091920767	
15510.960799999999	0.02320000000145228	Ripples						0.02320000000145228	15510.975999999999	7.652695743054547	158.68557214344295	884.0123155495695	
15511.054399999999	0.02480000000105065	Ripples						0.02480000000105065	15511.072	5.078641639550673	154.54222327004956	700.7006278749529	
15516.856	0.021600000000034925	Ripples						0.021600000000034925	15516.8704	5.733649546959823	157.04676381521958	619.2476270232238	
15518.997599999999	0.03280000000086147	Ripples						0.03280000000086147	15519.0096	11.80172824205506	151.92335746809397	913.8526007522285	
15519.1112	0.037599999999656575	Ripples						0.037599999999656575	15519.1232	6.3819179510858515	152.38143296872644	706.1664722591557	
15520.910399999999	0.03600000000005821	Ripples						0.03600000000005821	15520.9256	13.989695021840774	156.4163047891202	1191.4649589996777	
15525.4744	0.07200000000011642	Ripples						0.07200000000011642	15525.5216	9.767346658821777	154.50582635106977	1090.0448581139478	
15525.624	0.028000000000247383	Ripples						0.028000000000247383	15525.635199999999	10.127094487612595	160.00064369101202	1099.0692955553225	
15526.6112	0.044799999999668216	Ripples						0.044799999999668216	15526.6224	6.342721936183068	166.23589066317692	780.5038663845379	
15526.8384	0.053599999999278225	Ripples						0.053599999999278225	15526.866399999999	11.688486703166252	145.61728415201316	1011.531812913802	
15531.982399999999	0.04640000000108557	Ripples						0.04640000000108557	15532.02	5.985979724085173	160.92729492343938	735.8834417143619	
15534.6048	0.07600000000093132	Ripples						0.07600000000093132	15534.6648	9.156090177423314	157.69989028585996	1005.6883313959486	
15534.8072	0.028000000000247383	Ripples						0.028000000000247383	15534.8184	10.120123803491875	163.1849386898835	1211.3764012923527	
15537.526399999999	0.031200000001263106	Ripples						0.031200000001263106	15537.544	10.68260596531624	161.22921340514793	1178.3081186181103	
15537.6808	0.05760000000009313	Ripples						0.05760000000009313	15537.7256	9.07954585700694	161.36198113615706	1079.1576472129575	
15556.0	312.0	SleepStates											Awake
15586.3136	0.05760000000009313	Ripples						0.05760000000009313	15586.3576	7.409665563055414	159.34936132425838	1128.318664100532	
15631.9352	0.026400000000649015	Ripples						0.026400000000649015	15631.946399999999	5.507431117598214	158.00502449960027	815.1397309877024	
15719.2168	0.051199999999880674	Ripples						0.051199999999880674	15719.228799999999	11.323573953100244	161.82603490512216	1179.9845273128453	
15719.323199999999	0.12000000000080036	Ripples						0.12000000000080036	15719.3416	26.78205311795708	156.42228897963153	1931.5119362549124	
15719.5376	0.028000000000247383	Ripples						0.028000000000247383	15719.5488	10.025305984245465	161.40344715416782	1133.2071430450696	
15724.364	0.022399999999834108	Ripples						0.022399999999834108	15724.3784	5.7055164190226195	168.36114763904587	853.482953056307	
15727.6696	0.02480000000105065	Ripples						0.02480000000105065	15727.684	7.129997691104568	160.344174004495	957.84432324859	
15731.796	0.031199999999444117	Ripples						0.031199999999444117	15731.8096	8.101262955244161	158.36402186822787	1048.010817741048	
15732.0392	0.022399999999834108	Ripples						0.022399999999834108	15732.0512	10.046501436839087	162.5688604068368	1008.1833110932446	
15732.135199999999	0.028000000000247383	Ripples						0.028000000000247383	15732.149599999999	10.865223501613958	155.23633921711865	1048.175226901757	
15732.2328	0.046399999999266583	Ripples						0.046399999999266583	15732.2568	15.266792243832601	158.64160020244688	1520.642149719798	
15732.3688	0.03679999999985739	Ripples						0.03679999999985739	15732.3912	18.688952368959416	161.1269199090078	1665.5901866595718	
15744.692	0.0272000000004482	Ripples						0.0272000000004482	15744.7088	16.715397222907388	164.83262010843688	1479.530070511613	
15744.765599999999	0.03280000000086147	Ripples						0.03280000000086147	15744.7824	18.36480222195058	163.3322794921576	1556.0309535216757	
15754.6032	0.02959999999984575	Ripples						0.02959999999984575	15754.6168	10.65353190821446	172.69325867250745	1229.3309393096436	
15755.8296	0.03440000000045984	Ripples						0.03440000000045984	15755.8512	9.028775668219824	157.41064796115856	1118.0847221389117	
15758.7736	0.046399999999266583	Ripples						0.046399999999266583	15758.8128	5.924995595424776	153.08864065696977	776.9815818900036	
15771.7592	0.030399999999644933	Ripples						0.030399999999644933	15771.772799999999	14.431839162072945	160.77364864542054	1380.2627580399653	
15772.279999999999	0.028000000000247383	Ripples						0.028000000000247383	15772.293599999999	10.20629704678453	157.7222936849118	1149.6380295679455	
15773.0592	0.03600000000005821	Ripples						0.03600000000005821	15773.076	10.196814980243897	165.26078740685878	1192.039283590044	
15773.1232	0.02080000000023574	Ripples						0.02080000000023574	15773.1368	9.097957178414088	164.5191610420886	995.8511840492005	
15775.091199999999	0.022399999999834108	Ripples						0.022399999999834108	15775.1032	6.869658758120679	163.17346480954396	921.3877842869773	
15776.2208	0.031200000001263106	Ripples						0.031200000001263106	15776.2392	7.716270545526065	169.95330282869548	980.9189129559022	
15778.2712	0.026400000000649015	Ripples						0.026400000000649015	15778.2816	13.41880465589788	170.33974564576118	1282.1269339914747	
15783.0856	0.02959999999984575	Ripples						0.02959999999984575	15783.1024	19.539812757776055	165.99399980269814	1620.9498669490943	
15783.1984	0.04960000000028231	Ripples						0.04960000000028231	15783.2304	13.051822960252546	157.67603705803808	1337.0944363933866	
15784.3704	0.032799999999042484	Ripples						0.032799999999042484	15784.387999999999	19.652906541269697	166.422116704759	1609.564418310727	
15784.569599999999	0.035200000000259024	Ripples						0.035200000000259024	15784.58	17.183166240845555	158.84245304670836	1268.3795876807358	
15786.516	0.06160000000090804	Ripples						0.06160000000090804	15786.5632	8.614894860539893	166.2754488382758	863.8406562646642	
15786.7352	0.047200000000884756	Ripples						0.047200000000884756	15786.7488	17.174562696993803	165.1869856416776	1520.2703816364192	
15788.7696	0.031199999999444117	Ripples						0.031199999999444117	15788.7904	9.86370950768048	159.37409685879052	1072.5945458479935	
15792.916	0.030399999999644933	Ripples						0.030399999999644933	15792.9264	5.457630882003883	161.1093441780825	625.1889863892103	
15793.0592	0.03440000000045984	Ripples						0.03440000000045984	15793.0728	18.14008016559609	171.55206309141863	1487.1894387348602	
15793.6768	0.03600000000005821	Ripples						0.03600000000005821	15793.6872	6.637485068795026	161.99434522562242	813.9715823010155	
15795.5632	0.026399999998830026	Ripples						0.026399999998830026	15795.5784	7.002587995854385	154.83929833118742	978.8351160693916	
15798.8768	0.058399999999892316	Ripples						0.058399999999892316	15798.917599999999	11.257770337321604	148.03017578044745	1106.9261466579549	
15799.3288	0.05199999999967986	Ripples						0.05199999999967986	15799.359199999999	16.84905666131172	146.97433624106642	1330.2907131505665	
