onset	duration	nwb_table	ripple_durations	peaks	peak_normed_power	peak_frequencies	peak_amplitudes	label
1.0	1870.0	SleepStates						Awake
14.3	0.02800000000000047	Ripples	0.02800000000000047	14.311200000000001	11.236446639124546	158.75986564121467	987.1050483356838	
14.8328	0.020799999999999486	Ripples	0.020799999999999486	14.844000000000001	7.337524299374277	165.17332748470386	863.9327471551198	
16.0648	0.07279999999999731	Ripples	0.07279999999999731	16.1216	7.281845799077973	168.53063735291477	904.6370382358372	
20.5776	0.024799999999999045	Ripples	0.024799999999999045	20.592000000000002	10.504740129994218	164.56561533429786	1083.9263409769303	
20.6456	0.048799999999999955	Ripples	0.048799999999999955	20.6656	6.996036140463368	168.24231125416551	914.9666105767193	
25.6416	0.03920000000000101	Ripples	0.03920000000000101	25.664	11.045448144085508	162.03607667297356	1127.9595921920318	
25.828000000000003	0.037599999999997635	Ripples	0.037599999999997635	25.8552	5.224406961326769	168.34742426354245	828.184292214302	
27.844800000000003	0.07279999999999731	Ripples	0.07279999999999731	27.868000000000002	15.60182713285976	161.2311765393353	1396.7298436908804	
32.4224	0.021599999999999397	Ripples	0.021599999999999397	32.4336	7.53511093899581	161.3416921009392	843.0345758165406	
44.24	0.03280000000000172	Ripples	0.03280000000000172	44.257600000000004	17.667761574319872	166.48992353632306	1350.8355918707978	
88.33680000000001	0.027999999999991587	Ripples	0.027999999999991587	88.35040000000001	9.921243675132963	156.09873534843194	993.0186761459096	
161.29680000000002	0.03119999999998413	Ripples	0.03119999999998413	161.30800000000002	6.891152573668838	162.5013156765822	863.9420508235725	
169.8488	0.020000000000010232	Ripples	0.020000000000010232	169.85920000000002	5.059589806981701	157.72521478761217	707.0734737488939	
169.904	0.04560000000000741	Ripples	0.04560000000000741	169.9216	9.30994765962576	154.11703736384092	972.6831199165582	
190.5928	0.0367999999999995	Ripples	0.0367999999999995	190.6184	7.762176315258768	152.61247877111154	852.8111885748901	
194.8752	0.02960000000001628	Ripples	0.02960000000001628	194.892	7.774383798149867	174.6607621175525	857.1052213617361	
200.7904	0.030400000000014415	Ripples	0.030400000000014415	200.80720000000002	16.855505846273715	162.1697344604302	1304.6188921572093	
203.7032	0.029599999999987858	Ripples	0.029599999999987858	203.71280000000002	7.714789168142496	165.27523137451155	853.3653499675912	
205.9464	0.056000000000011596	Ripples	0.056000000000011596	205.9648	18.54395586651352	152.96910016981565	1444.908646067831	
206.16320000000002	0.024799999999999045	Ripples	0.024799999999999045	206.1776	6.255458944860355	164.10698594352226	842.1363645266345	
214.3528	0.020800000000008367	Ripples	0.020800000000008367	214.3616	6.154877379448072	167.99108991736244	770.4236155354508	
214.4216	0.03360000000000696	Ripples	0.03360000000000696	214.4352	24.753336891081428	162.9094856652215	1566.1271665655515	
218.6792	0.02400000000000091	Ripples	0.02400000000000091	218.6936	11.920736191080676	164.25753503808969	1022.4434343078797	
221.86960000000002	0.05920000000000414	Ripples	0.05920000000000414	221.90400000000002	9.89627809920366	154.10808732289382	1001.0550373592998	
223.29520000000002	0.0327999999999804	Ripples	0.0327999999999804	223.312	27.317613050918354	162.71396556545574	1683.203062346684	
237.0328	0.030400000000014415	Ripples	0.030400000000014415	237.0448	5.317688882425744	149.86456146093755	597.4670607197534	
239.0432	0.027999999999991587	Ripples	0.027999999999991587	239.0576	9.426560275912271	156.74974510702964	962.270688552011	
299.5088	0.08159999999998035	Ripples	0.08159999999998035	299.5496	10.404657034697383	144.25291814499732	827.2059129563306	
327.7576	0.12239999999997053	Ripples	0.12239999999997053	327.7968	14.393219767760074	143.09006001534104	964.4060182674557	
327.9984	0.024800000000027467	Ripples	0.024800000000027467	328.012	9.618955195126382	158.9104353940931	953.9319288936475	
328.3784	0.18880000000001473	Ripples	0.18880000000001473	328.55760000000004	11.539891652440007	154.35808817584626	1001.6683944738846	
328.61600000000004	0.029599999999959437	Ripples	0.029599999999959437	328.624	6.27435649355178	160.21549348045286	637.7324909146622	
328.668	0.08960000000001855	Ripples	0.08960000000001855	328.6856	9.027921058979867	160.57147603385934	996.2716753533607	
328.8152	0.041600000000016735	Ripples	0.041600000000016735	328.84000000000003	5.106231202851989	153.6088012980681	697.4525152748367	
329.4576	0.02240000000000464	Ripples	0.02240000000000464	329.4728	7.583853237506262	160.1983165141464	840.5851061201995	
410.7208	0.021600000000034925	Ripples	0.021600000000034925	410.7312	7.3390911189364285	157.82238583292084	830.3007771615744	
465.6736	0.02240000000000464	Ripples	0.02240000000000464	465.68240000000003	6.489231468785255	163.94493099613146	815.7183980882699	
474.416	0.02400000000000091	Ripples	0.02400000000000091	474.432	13.863752672988696	162.82063510310314	1096.5700558699307	
476.5992	0.03120000000001255	Ripples	0.03120000000001255	476.6184	7.302727079899671	175.5304064894274	793.13416973801	
485.1224	0.0776000000000181	Ripples	0.0776000000000181	485.1392	21.41175539307593	163.36788941947574	1533.1626525136805	
487.6184	0.03520000000003165	Ripples	0.03520000000003165	487.62960000000004	9.317828000850715	157.23545273721032	906.6419312714127	
493.4112	0.03680000000002792	Ripples	0.03680000000002792	493.41920000000005	9.645422839698321	161.13492100922804	882.8941198147764	
500.5464	0.03120000000001255	Ripples	0.03120000000001255	500.55760000000004	6.082491833024074	159.64338440132647	830.8795954283029	
503.4024	0.024800000000027467	Ripples	0.024800000000027467	503.41360000000003	10.447476992496615	157.0504819321688	973.4856414029908	
504.0808	0.03520000000003165	Ripples	0.03520000000003165	504.0944	9.136931350957987	171.51203536253425	1001.8291045645855	
508.12640000000005	0.031199999999955708	Ripples	0.031199999999955708	508.144	6.313513592571801	153.63515034988086	796.8995742311555	
514.1800000000001	0.027999999999906322	Ripples	0.027999999999906322	514.1912	9.23295933756326	161.55779730342164	997.5533822450141	
515.0696	0.046399999999948704	Ripples	0.046399999999948704	515.0904	15.708697916577767	158.96304243798733	1391.9431321635057	
518.0416	0.020800000000008367	Ripples	0.020800000000008367	518.0552	5.204165556341375	170.77056146644466	680.739502185245	
550.248	0.046399999999948704	Ripples	0.046399999999948704	550.2712	13.581310358361014	157.70642332572808	1261.2529235548725	
614.4376	0.024800000000027467	Ripples	0.024800000000027467	614.4496	12.907635743224537	163.98156387006694	1121.5706236102594	
633.5472	0.02800000000002001	Ripples	0.02800000000002001	633.5584	8.319107271597597	161.29333059288655	944.0802025911247	
635.5648	0.03600000000005821	Ripples	0.03600000000005821	635.596	5.160176063139573	156.97266044944092	691.1590700294867	
647.668	0.020800000000008367	Ripples	0.020800000000008367	647.676	5.776838564371671	172.38519819786438	727.2520562601057	
650.9528	0.05119999999999436	Ripples	0.05119999999999436	650.9752000000001	11.307138671593112	162.83685229778328	1073.8416113192025	
654.7464	0.020800000000008367	Ripples	0.020800000000008367	654.7568	6.3862155448525115	169.68625062233656	788.5823022099902	
659.5424	0.04399999999998272	Ripples	0.04399999999998272	659.5712	8.430550863620601	162.400167701764	1000.3573868636508	
661.192	0.04480000000000928	Ripples	0.04480000000000928	661.224	10.959390998130218	159.32152729464184	1020.9248028385537	
662.8352	0.03120000000001255	Ripples	0.03120000000001255	662.844	8.351080462522134	175.80545611691704	754.5535323372363	
663.2040000000001	0.030399999999985994	Ripples	0.030399999999985994	663.2232	14.059060802815152	166.673093372658	1204.5269862913083	
665.9264000000001	0.024800000000027467	Ripples	0.024800000000027467	665.9376000000001	7.549525482732032	155.67967699241413	844.3938564363868	
680.1344	0.024800000000027467	Ripples	0.024800000000027467	680.1496000000001	16.959976892853625	162.1033800574185	1181.2319059123804	
683.4336000000001	0.033599999999978536	Ripples	0.033599999999978536	683.456	22.042476945687405	161.6886491678532	1353.168508135179	
683.7616	0.03999999999996362	Ripples	0.03999999999996362	683.7768	6.667959162797233	148.86106566810287	704.3625810761985	
684.0008	0.02400000000000091	Ripples	0.02400000000000091	684.0144	16.20037596859117	165.30852698043128	1174.0067447062813	
685.6888	0.0664000000000442	Ripples	0.0664000000000442	685.7048	14.216535404881755	169.52616824889947	1162.1254369509866	
685.8472	0.02400000000000091	Ripples	0.02400000000000091	685.8576	17.54031344161947	161.3248418672042	1258.2919426871933	
702.788	0.037599999999997635	Ripples	0.037599999999997635	702.812	5.608110601431209	166.03484655042257	862.9456820114116	
709.8176000000001	0.04079999999999018	Ripples	0.04079999999999018	709.8376000000001	22.071555665822057	158.1074122320879	1455.0031031278345	
712.0208	0.02640000000008058	Ripples	0.02640000000008058	712.0344	7.026792509860718	164.50619064878282	881.705084734351	
715.8608	0.03120000000001255	Ripples	0.03120000000001255	715.8784	12.55230122392232	161.52365109959538	1107.326231264	
721.9512000000001	0.026399999999966894	Ripples	0.026399999999966894	721.9616000000001	7.050842091808954	170.45755935517317	873.6706270046033	
728.7248000000001	0.029599999999959437	Ripples	0.029599999999959437	728.7448	8.639386003824775	159.36543049219844	902.8946316489886	
733.8304	0.03840000000002419	Ripples	0.03840000000002419	733.8424	9.405593190595024	156.438742964446	832.0217969272976	
737.1576	0.03520000000003165	Ripples	0.03520000000003165	737.1824	16.26718599165622	167.09144111602205	1286.4084366682066	
738.3776	0.028800000000046566	Ripples	0.028800000000046566	738.3888000000001	12.393442069849803	173.191753777246	1081.0598258819111	
738.7592000000001	0.03599999999994452	Ripples	0.03599999999994452	738.7768	10.699568455666974	155.30379775987032	965.1145068928203	
738.9648000000001	0.02719999999999345	Ripples	0.02719999999999345	738.9816000000001	10.796716567314087	163.71630643352444	1089.727550147412	
740.7	0.03200000000003911	Ripples	0.03200000000003911	740.716	26.071751687418594	167.88085425507202	1579.3131531576857	
741.4128000000001	0.030399999999985994	Ripples	0.030399999999985994	741.4224	9.392829265180108	165.84667989001113	898.9082923004585	
741.6176	0.03520000000003165	Ripples	0.03520000000003165	741.6376	27.1713330221278	167.84225767158674	1712.9752500362763	
743.8960000000001	0.02479999999991378	Ripples	0.02479999999991378	743.9104	16.756309132855655	172.64432071214753	1141.6412996077727	
744.1944000000001	0.038399999999910506	Ripples	0.038399999999910506	744.2088	16.854132657913823	170.8681074972849	1263.1227099818593	
779.3792000000001	0.04079999999999018	Ripples	0.04079999999999018	779.4064000000001	12.502621695648516	158.44474440893345	1159.7520062482906	
779.4864	0.021600000000034925	Ripples	0.021600000000034925	779.4952000000001	5.713076458881846	161.61994473055412	772.3446321525681	
782.8072000000001	0.02719999999999345	Ripples	0.02719999999999345	782.8184	8.688192150640896	160.56397267337678	979.6464380016138	
783.0048	0.02800000000002001	Ripples	0.02800000000002001	783.0224000000001	14.878457997297703	160.77557723165296	1144.5165479137659	
808.9008	0.05040000000008149	Ripples	0.05040000000008149	808.9192	22.45731124751876	163.92468970064124	1599.5718160938545	
817.0120000000001	0.04079999999999018	Ripples	0.04079999999999018	817.0296000000001	15.279556377200077	156.53413058423268	1224.3050024318143	
834.3864000000001	0.025599999999940337	Ripples	0.025599999999940337	834.4024000000001	16.60197361351067	165.926239532063	1210.2568926406955	
836.0416	0.026399999999966894	Ripples	0.026399999999966894	836.052	5.956987272921528	165.8823764477864	857.2597758818521	
839.8704	0.048800000000028376	Ripples	0.048800000000028376	839.9096000000001	13.938315843447349	159.5928631322458	1098.9990637819863	
840.0552	0.03840000000002419	Ripples	0.03840000000002419	840.0728	9.439705484102635	148.90188207794873	947.4704789750666	
840.3208000000001	0.03919999999993706	Ripples	0.03919999999993706	840.3424	8.703379508628801	164.13684008427268	984.7134728267948	
841.1976000000001	0.027999999999906322	Ripples	0.027999999999906322	841.2144000000001	21.525161639590777	169.12018784394877	1386.234960312626	
847.604	0.05520000000001346	Ripples	0.05520000000001346	847.6528000000001	7.905835079850019	160.01235173018142	731.9753475582221	
852.4584000000001	0.053599999999960346	Ripples	0.053599999999960346	852.4776	17.914595290986778	167.3105231415737	1309.2702012223272	
852.6648	0.03840000000002419	Ripples	0.03840000000002419	852.6832	27.04471626283415	155.97215592201877	1760.8124378881369	
854.6872000000001	0.05599999999992633	Ripples	0.05599999999992633	854.7304	16.579404670042706	164.68541128346308	1330.46283478129	
891.64	0.04640000000006239	Ripples	0.04640000000006239	891.6648	21.39448732401652	154.20243503728392	1328.0283528217078	
891.7304	0.029599999999959437	Ripples	0.029599999999959437	891.744	7.606373893935198	167.39921594290334	952.7394188191348	
894.7864000000001	0.026399999999966894	Ripples	0.026399999999966894	894.8016	7.415937624223167	150.58073431611675	726.8158394769231	
899.7008000000001	0.03199999999992542	Ripples	0.03199999999992542	899.72	11.891777457863343	174.0170862162599	1066.2252237275789	
899.8168000000001	0.0543999999999869	Ripples	0.0543999999999869	899.836	17.912989235825716	164.99691135327726	1469.5895337044988	
901.7576	0.1127999999999929	Ripples	0.1127999999999929	901.8296	17.16033636790258	158.02938793081066	1457.8314383641107	
901.9432	0.04719999999997526	Ripples	0.04719999999997526	901.96	15.119739320807621	157.41776307894648	1288.9271059736145	
902.5952000000001	0.055199999999899774	Ripples	0.055199999999899774	902.604	15.043611530344494	163.99713118093445	1087.2661204022106	
907.6304	0.041600000000016735	Ripples	0.041600000000016735	907.6560000000001	18.25618819941068	159.98284178892828	1350.6174138214442	
908.7504	0.03600000000005821	Ripples	0.03600000000005821	908.7736	21.595532264180417	171.51998546998342	1481.783766840192	
910.0992	0.036800000000084765	Ripples	0.036800000000084765	910.12	15.516956781407323	173.1460382800122	1210.8777260930378	
912.0432000000001	0.05919999999991887	Ripples	0.05919999999991887	912.0712000000001	15.210908811446442	146.72899881499382	1054.4088551514083	
914.3744	0.07680000000004839	Ripples	0.07680000000004839	914.4376000000001	13.664623774654865	163.0352473119042	1263.9642083342717	
916.1504	0.03040000000009968	Ripples	0.03040000000009968	916.1672000000001	18.843611234151965	171.16069688872892	1360.1286157657928	
920.9000000000001	0.04879999999991469	Ripples	0.04879999999991469	920.928	12.841423055479451	155.24915395365275	1155.1584872784197	
927.2136	0.04079999999999018	Ripples	0.04079999999999018	927.2384000000001	30.04119944282883	157.59275120674073	1761.0753415359843	
934.532	0.023199999999974352	Ripples	0.023199999999974352	934.5464000000001	11.588919222187462	173.4894385277318	902.8984556065448	
934.7408	0.045600000000035834	Ripples	0.045600000000035834	934.7768000000001	10.461677928588813	156.5348383685303	877.2316942067888	
939.3848	0.02719999999999345	Ripples	0.02719999999999345	939.3960000000001	15.39856178763986	164.61875481210984	1145.0942421404764	
964.5592	0.02800000000002001	Ripples	0.02800000000002001	964.5704000000001	10.164122497536427	160.43889962850085	1070.8981312182875	
966.9096000000001	0.03520000000003165	Ripples	0.03520000000003165	966.9264000000001	19.01882045874759	170.7640556748991	1364.2338605026216	
967.5832	0.05119999999999436	Ripples	0.05119999999999436	967.6072	13.38477182196772	153.24755777943676	1196.2332829948627	
970.736	0.03440000000000509	Ripples	0.03440000000000509	970.76	9.29077189809065	167.2571906021422	845.4186093267505	
971.4704	0.05679999999995289	Ripples	0.05679999999995289	971.4888000000001	21.494154614038308	159.32313976948313	1575.9293488305564	
975.6008	0.03840000000002419	Ripples	0.03840000000002419	975.6136	10.314924181492323	175.0881760120497	884.6715507992616	
977.3496	0.028800000000046566	Ripples	0.028800000000046566	977.3656000000001	19.374898723861605	165.21878427439637	1393.7961480182216	
980.2984	0.05040000000008149	Ripples	0.05040000000008149	980.332	28.478857672643493	153.52180137752208	1606.9991387265052	
983.3824000000001	0.05919999999991887	Ripples	0.05919999999991887	983.4152	20.10993957290482	150.03384112436302	1285.9827154572176	
988.7456000000001	0.04480000000000928	Ripples	0.04480000000000928	988.7632000000001	18.12841046471532	170.94549198987704	1386.339644491506	
995.9728	0.04800000000000182	Ripples	0.04800000000000182	995.9896	14.530595364891825	154.17712228315676	1164.8886998090054	
996.9216	0.032800000000065666	Ripples	0.032800000000065666	996.9288	6.035646122331891	172.60864755677997	703.141309447611	
999.2800000000001	0.037599999999997635	Ripples	0.037599999999997635	999.3040000000001	17.945675825646585	171.97250655507574	1391.6221852123151	
999.4472000000001	0.026399999999966894	Ripples	0.026399999999966894	999.4624	5.619885086909262	148.430976846284	604.8985302000352	
1000.1880000000001	0.025599999999940337	Ripples	0.025599999999940337	1000.2024	11.8521230799242	157.64605801514872	1034.9462084056072	
1005.8704	0.03120000000001255	Ripples	0.03120000000001255	1005.884	7.332867140619574	157.88509880607612	848.2221893751604	
1006.3144000000001	0.06399999999996453	Ripples	0.06399999999996453	1006.3456000000001	10.13445119859553	156.87099357221672	1083.7437393164917	
1008.4432	0.037599999999997635	Ripples	0.037599999999997635	1008.4632	19.748519468188217	158.9429997403448	1425.269115589907	
1012.6216000000001	0.04719999999997526	Ripples	0.04719999999997526	1012.6488	24.37822951357554	163.2001261056956	1705.315946489294	
1014.7848	0.024800000000027467	Ripples	0.024800000000027467	1014.7968000000001	11.488838873839411	159.1997534510918	1024.0700824647597	
1021.4448000000001	0.027999999999906322	Ripples	0.027999999999906322	1021.4592	7.483749671543103	153.53811323908056	831.1634339234655	
1021.5368000000001	0.053599999999960346	Ripples	0.053599999999960346	1021.5576000000001	24.493637945118238	153.64268524816396	1529.5163290620285	
1022.528	0.033599999999978536	Ripples	0.033599999999978536	1022.5472000000001	45.986246106912674	162.7348565478016	2107.9955973536753	
1040.6704	0.0543999999999869	Ripples	0.0543999999999869	1040.7024000000001	22.13076594728769	151.58997090563284	1274.8277362890374	
1057.2336	0.033599999999978536	Ripples	0.033599999999978536	1057.2568	10.10647910159899	157.81285192895663	965.4693549871165	
1058.52	0.04240000000004329	Ripples	0.04240000000004329	1058.544	21.893368376429894	164.4506067049446	1527.2125277864159	
1064.5544	0.03920000000016444	Ripples	0.03920000000016444	1064.5720000000001	14.759243681811446	149.2626618102589	1037.5050999738257	
1064.6456	0.03600000000005821	Ripples	0.03600000000005821	1064.66	19.97417414405084	155.67267182921427	1362.598565727482	
1065.5424	0.02800000000002001	Ripples	0.02800000000002001	1065.5592000000001	10.217658609019571	159.21706548069716	1019.5605644662476	
1066.8200000000002	0.035999999999830834	Ripples	0.035999999999830834	1066.8400000000001	26.827680110574438	165.58894935647615	1728.453850470474	
1067.44	0.04320000000006985	Ripples	0.04320000000006985	1067.4688	7.308280823440342	153.88545706132567	704.8545285368469	
1069.4008000000001	0.028800000000046566	Ripples	0.028800000000046566	1069.4144000000001	19.53788851653751	165.50682723505182	1348.8168196964202	
1070.612	0.04399999999986903	Ripples	0.04399999999986903	1070.6432	13.035811967555956	169.51338679567897	1060.096259433921	
1073.6592	0.02800000000002001	Ripples	0.02800000000002001	1073.6776	7.774529226208614	155.89587171919462	843.6952201792509	
1073.8016	0.04320000000006985	Ripples	0.04320000000006985	1073.816	6.274641410824885	146.63382113095173	682.1487274513806	
1074.0520000000001	0.03759999999988395	Ripples	0.03759999999988395	1074.0728000000001	16.85376272028895	156.2649292846949	1364.0174309749593	
1076.2296000000001	0.04959999999982756	Ripples	0.04959999999982756	1076.2720000000002	6.4940575442038595	153.14354065010474	702.7834826574102	
1085.8168	0.038399999999910506	Ripples	0.038399999999910506	1085.8448	11.648932706742407	153.37907789939067	920.3809947830171	
1095.7656	0.03760000000011132	Ripples	0.03760000000011132	1095.7864	17.53543962115023	156.56604351202645	1291.70930442998	
1096.5992	0.07119999999986248	Ripples	0.07119999999986248	1096.6256	20.9290050148082	153.42809389578534	1493.7772508601302	
1100.2392	0.02719999999999345	Ripples	0.02719999999999345	1100.2528	9.594137173962135	168.76268983883142	1010.6528108537743	
1103.8024	0.02800000000002001	Ripples	0.02800000000002001	1103.816	16.264155701675506	157.6715429990892	1207.1851006040224	
1104.0128	0.03920000000016444	Ripples	0.03920000000016444	1104.0296	28.377718866050717	166.68981687007823	1794.2603617923214	
1104.9104	0.048800000000028376	Ripples	0.048800000000028376	1104.9216000000001	8.866760129800818	166.34252822741223	659.5635774799168	
1105.3432	0.04559999999992215	Ripples	0.04559999999992215	1105.3616	16.640588517580465	154.05789826078245	1270.7641413356935	
1106.6000000000001	0.07679999999982101	Ripples	0.07679999999982101	1106.6256	5.0525477757415365	147.67824278672606	608.4790260039842	
1110.5968	0.06960000000003674	Ripples	0.06960000000003674	1110.6208000000001	43.99928356123152	156.35337651934228	2169.1186546737927	
1111.6072000000001	0.041600000000016735	Ripples	0.041600000000016735	1111.6208000000001	15.65027463924869	161.9073221281005	1257.5019734586529	
1117.8072	0.05600000000004002	Ripples	0.05600000000004002	1117.832	41.09131623460023	155.88825356578118	2147.5812830871087	
1118.6616000000001	0.033599999999978536	Ripples	0.033599999999978536	1118.6784	34.70607259018553	161.7968556208347	1905.3084974934661	
1120.0168	0.03919999999993706	Ripples	0.03919999999993706	1120.0392000000002	14.149154744288333	152.2531438684534	1110.7348957985002	
1120.7408	0.029600000000073123	Ripples	0.029600000000073123	1120.7576000000001	10.88407841861597	166.0955130807583	1097.2863922830024	
1124.2024000000001	0.020800000000008367	Ripples	0.020800000000008367	1124.2168000000001	8.82826335262873	162.93054017522834	767.0779628944123	
1124.3824	0.06799999999998363	Ripples	0.06799999999998363	1124.4312	10.960097814373997	163.98938189507783	946.8478686217228	
1128.9792	0.02320000000008804	Ripples	0.02320000000008804	1128.9952	8.657962202445175	167.6172304155759	869.9957584285389	
1178.6768	0.022400000000061482	Ripples	0.022400000000061482	1178.692	9.289201879208742	159.41455070900892	791.1752203840254	
1184.9552	0.0543999999999869	Ripples	0.0543999999999869	1184.988	17.76837676284945	146.90793584382234	1241.244068970066	
1185.0592000000001	0.03279999999995198	Ripples	0.03279999999995198	1185.0744	23.480162293219177	158.93505680075017	1524.362073945168	
1185.5336	0.033599999999978536	Ripples	0.033599999999978536	1185.5488	34.11226878997512	161.0879918240651	1825.4370133649268	
1188.3984	0.028800000000046566	Ripples	0.028800000000046566	1188.4168	9.690786213343726	166.61624300065978	985.8082347812945	
1193.076	0.05920000000014625	Ripples	0.05920000000014625	1193.0968	22.48404111924012	156.12034821662814	1595.8876347080234	
1195.5832	0.041600000000016735	Ripples	0.041600000000016735	1195.6032	21.615237551006675	168.93512344317412	1566.127684762208	
1195.88	0.041600000000016735	Ripples	0.041600000000016735	1195.8952000000002	19.483625176921937	158.4838739292302	1391.9776600241014	
1197.5776	0.02800000000002001	Ripples	0.02800000000002001	1197.596	15.870646377724709	172.23396631482822	1095.9588313830484	
1197.9176	0.021600000000034925	Ripples	0.021600000000034925	1197.932	8.701465915101629	155.4540274946688	809.3391858238055	
1198.0144	0.022400000000061482	Ripples	0.022400000000061482	1198.0296	11.232001201698617	156.77342250057936	825.2030130501099	
1203.6104	0.061599999999998545	Ripples	0.061599999999998545	1203.6424	26.199885914651844	155.88811902761594	1534.902338439917	
1209.6944	0.05279999999993379	Ripples	0.05279999999993379	1209.7296000000001	17.72274308286053	151.5167686394644	1368.6448476248884	
1212.9664	0.03840000000013788	Ripples	0.03840000000013788	1212.9776000000002	14.042329080849335	159.16589427557446	1202.4254324198155	
1239.1504	0.020800000000008367	Ripples	0.020800000000008367	1239.1576	6.339272092450104	157.57174854642835	679.5998537995653	
1248.2952	0.08240000000000691	Ripples	0.08240000000000691	1248.3600000000001	9.99528238424632	155.66244491141288	873.4117275071158	
1249.6904	0.031200000000126238	Ripples	0.031200000000126238	1249.7072	19.551953799721527	168.6575761382688	1432.7433245319007	
1250.5016	0.03520000000003165	Ripples	0.03520000000003165	1250.5120000000002	9.714189161009834	160.25384762957054	871.320702638777	
1253.8600000000001	0.053599999999960346	Ripples	0.053599999999960346	1253.9032	21.93031133624374	151.00562512057314	1264.5001935772555	
1257.5936000000002	0.04079999999999018	Ripples	0.04079999999999018	1257.6128	5.132426348830913	144.57668684616974	395.86770124832407	
1257.7784000000001	0.03919999999993706	Ripples	0.03919999999993706	1257.7896	21.057753586083905	165.43554287929507	1387.2425444231844	
1257.9688	0.038399999999910506	Ripples	0.038399999999910506	1257.9856	34.51213174052263	168.22110856393374	1900.4923729459529	
1258.9392	0.022400000000061482	Ripples	0.022400000000061482	1258.9472	5.660718800818753	155.58793896364324	671.2956312183201	
1258.9872	0.09840000000008331	Ripples	0.09840000000008331	1259.0016	9.673314984546964	155.38455875119567	822.0743267522108	
1264.3072	0.032000000000152795	Ripples	0.032000000000152795	1264.3192000000001	27.91147214547487	160.31515241769785	1632.941028308758	
1264.9272	0.036800000000084765	Ripples	0.036800000000084765	1264.9408	9.193928937773533	172.56855602407046	936.7961200860536	
1282.6912	0.029600000000073123	Ripples	0.029600000000073123	1282.7056	12.755696816753712	157.63055209051151	989.359768694757	
1284.1272000000001	0.03440000000000509	Ripples	0.03440000000000509	1284.1480000000001	19.469833250936784	162.4099158889056	1325.2614958486083	
1288.0088	0.03040000000009968	Ripples	0.03040000000009968	1288.0312000000001	11.837369812991726	157.7144266662183	959.9634804745266	
1288.9624000000001	0.02800000000002001	Ripples	0.02800000000002001	1288.9696000000001	5.391491539448415	168.61564421197681	664.1763601188529	
1294.7144	0.04479999999989559	Ripples	0.04479999999989559	1294.7384	34.940993488089745	160.07899879800044	1910.2985000462975	
1295.204	0.06720000000018445	Ripples	0.06720000000018445	1295.2304000000001	8.830995660652322	155.4387403051189	660.8419346025452	
1297.7152	0.028800000000046566	Ripples	0.028800000000046566	1297.7312000000002	15.379351905529644	163.72971589545574	1308.751324128364	
1303.1792	0.03520000000003165	Ripples	0.03520000000003165	1303.1904	22.548846912473103	164.16699963144583	1321.95351425693	
1305.0136	0.041600000000016735	Ripples	0.041600000000016735	1305.0272	21.043029080120526	164.57222118389882	1511.948699171641	
1305.2928000000002	0.03279999999995198	Ripples	0.03279999999995198	1305.304	14.037523614606474	156.3932725354895	1096.158886127577	
1306.9560000000001	0.031199999999898864	Ripples	0.031199999999898864	1306.972	23.798895382354225	168.9527011427023	1493.1909242666973	
1312.9768000000001	0.028799999999819192	Ripples	0.028799999999819192	1312.988	5.132105117833357	149.85383762065936	589.0531468238997	
1321.4656	0.036800000000084765	Ripples	0.036800000000084765	1321.4840000000002	7.988319027043599	144.13606546028436	638.1828032500752	
1323.6608	0.05039999999985412	Ripples	0.05039999999985412	1323.7	5.966441968020714	152.4127909494033	743.1418777868122	
1323.8472000000002	0.04479999999989559	Ripples	0.04479999999989559	1323.8688	14.914792048505506	152.56896609789786	1253.6948177820047	
1324.1504	0.028800000000046566	Ripples	0.028800000000046566	1324.1664	16.022958509242894	165.56148896717076	1291.3983105473478	
1327.6472	0.04079999999999018	Ripples	0.04079999999999018	1327.6792	12.56518566004497	163.75380299361007	1053.942579626583	
1330.8136	0.040000000000190994	Ripples	0.040000000000190994	1330.8368	17.488266750776038	162.7461705771904	1400.4657402359555	
1331.9080000000001	0.025599999999940337	Ripples	0.025599999999940337	1331.9192	9.27781363316789	155.18182465900585	928.6904148942218	
1339.1216000000002	0.02959999999984575	Ripples	0.02959999999984575	1339.1344000000001	23.589316636448473	165.5383914301806	1474.5578198551862	
1339.2720000000002	0.046399999999948704	Ripples	0.046399999999948704	1339.2856000000002	14.33212375022629	159.63979705903913	1110.0371435145162	
1342.0496	0.05279999999993379	Ripples	0.05279999999993379	1342.088	12.61452866432667	151.35076497009848	1009.1422717570977	
1344.6424	0.04320000000006985	Ripples	0.04320000000006985	1344.6624000000002	33.85454449268298	162.74126554756936	1883.0073367258437	
1344.7096000000001	0.03919999999993706	Ripples	0.03919999999993706	1344.732	23.75214984217613	161.4392205309021	1594.4185173580736	
1344.8608000000002	0.03679999999985739	Ripples	0.03679999999985739	1344.8776	29.772714697563373	160.4301500119333	1763.0559815491663	
1349.028	0.03520000000003165	Ripples	0.03520000000003165	1349.0448000000001	12.76283835954684	169.57820199336626	1240.0858424907801	
1349.3992	0.028800000000046566	Ripples	0.028800000000046566	1349.4072	6.86646407780908	156.1807725271375	678.672072836634	
1352.5752	0.02800000000002001	Ripples	0.02800000000002001	1352.5896	10.773635145118396	156.69975939489234	981.8889306620506	
1356.5600000000002	0.030399999999872307	Ripples	0.030399999999872307	1356.5800000000002	26.01982442723646	161.15570716346295	1554.9877533093893	
1357.1224	0.020800000000008367	Ripples	0.020800000000008367	1357.1336000000001	10.136038881538282	163.03331686031188	880.837019504322	
1357.2664	0.05920000000014625	Ripples	0.05920000000014625	1357.2872	23.245879770043658	150.18481150679585	1539.9022806817427	
1358.076	0.021600000000034925	Ripples	0.021600000000034925	1358.0904	5.837538530965042	157.94303933613352	637.9555043728084	
1358.5256000000002	0.033599999999978536	Ripples	0.033599999999978536	1358.5424	35.942221693643255	162.42466273033975	1944.16805727709	
1359.692	0.052000000000134605	Ripples	0.052000000000134605	1359.7168000000001	31.355250982645835	156.52788610266506	1853.512710081712	
1371.1728	0.046399999999948704	Ripples	0.046399999999948704	1371.1832000000002	10.950067969431652	156.9882613535529	1020.891687619901	
1371.8504	0.020800000000008367	Ripples	0.020800000000008367	1371.864	8.778149749567236	162.90145325302763	868.4725083123004	
1375.6792	0.04240000000004329	Ripples	0.04240000000004329	1375.6984	21.07904895408494	163.89626711414624	1572.2305879560915	
1377.9896	0.025599999999940337	Ripples	0.025599999999940337	1378.0008	8.68984008757719	156.37236325666967	844.8299547358718	
1391.0176000000001	0.04559999999992215	Ripples	0.04559999999992215	1391.0496	34.44675450847096	160.3317056305387	1763.777586791863	
1395.516	0.033599999999978536	Ripples	0.033599999999978536	1395.5432	8.88315792300421	164.8239942704551	871.9046104234496	
1396.6824000000001	0.02800000000002001	Ripples	0.02800000000002001	1396.6944	26.379520849900516	162.5723724728439	1542.296732132162	
1413.2376000000002	0.023999999999887223	Ripples	0.023999999999887223	1413.2544	15.982360879356095	163.1313176101366	1123.988753351227	
1421.4656	0.05040000000008149	Ripples	0.05040000000008149	1421.4896	22.11525649683041	171.16675138777768	1450.138952477093	
1421.6024	0.040000000000190994	Ripples	0.040000000000190994	1421.6176	11.080206124934737	150.12703376952527	837.3551886325293	
1424.8752000000002	0.03199999999992542	Ripples	0.03199999999992542	1424.8856	5.261993764230572	159.2912281500801	717.3813645801572	
1428.8512	0.04479999999989559	Ripples	0.04479999999989559	1428.8824	37.640907017861096	156.29847897105273	1721.569772043758	
1429.0544	0.05040000000008149	Ripples	0.05040000000008149	1429.0728000000001	19.775909959615017	151.57335740707146	1318.1953474206446	
1429.5736000000002	0.04239999999981592	Ripples	0.04239999999981592	1429.5912	25.199004746502528	154.86595055095157	1552.264239701664	
1430.8512	0.03440000000000509	Ripples	0.03440000000000509	1430.8680000000002	34.70256617206268	159.14089902380152	1888.0355550667437	
1432.9384	0.06880000000001019	Ripples	0.06880000000001019	1432.9848000000002	7.368387653957149	157.1000282998509	735.1718050475512	
1435.4864	0.0543999999999869	Ripples	0.0543999999999869	1435.5304	17.872416625018488	151.92925792165542	1047.283337941566	
1436.1248	0.05199999999990723	Ripples	0.05199999999990723	1436.1480000000001	46.31963902173493	158.38977658180056	2233.1311390832725	
1436.3536000000001	0.05520000000001346	Ripples	0.05520000000001346	1436.3824	16.954073002428228	152.95627880787455	1200.151425265836	
1437.4080000000001	0.03440000000000509	Ripples	0.03440000000000509	1437.4168	10.17657929817559	156.070195799772	846.1901055980175	
1444.0376	0.022400000000061482	Ripples	0.022400000000061482	1444.0456000000001	13.077287071020598	167.21494354780847	1011.6534921176152	
1444.6104	0.05279999999993379	Ripples	0.05279999999993379	1444.652	8.570892707025322	156.90455774611775	763.2670699694229	
1445.1128	0.058399999999892316	Ripples	0.058399999999892316	1445.1376	9.760951762071569	158.33692346761728	848.596561861092	
1445.9088000000002	0.04079999999999018	Ripples	0.04079999999999018	1445.9232000000002	23.704713422434565	165.44154409978648	1417.8992206488085	
1469.324	0.03520000000003165	Ripples	0.03520000000003165	1469.3544000000002	5.743621914079445	158.76900065219604	629.0577862644706	
1469.4096000000002	0.05199999999990723	Ripples	0.05199999999990723	1469.44	12.770956953636954	150.09323351379547	854.6019228718678	
1469.5424	0.053599999999960346	Ripples	0.053599999999960346	1469.5720000000001	37.86999272846539	160.16793000985797	1950.478547494536	
1473.1704	0.041600000000016735	Ripples	0.041600000000016735	1473.1912	7.660500312514961	153.09791379705254	714.5580833188791	
1474.276	0.046399999999948704	Ripples	0.046399999999948704	1474.3128000000002	10.595054168373744	158.37447598255716	880.7278141046626	
1474.5120000000002	0.04559999999992215	Ripples	0.04559999999992215	1474.5304	33.360977593525405	152.3078524780998	1868.7334094585194	
1479.0224	0.03520000000003165	Ripples	0.03520000000003165	1479.0504	5.849176880494224	170.78015136011462	554.3625333477142	
1493.0248000000001	0.022399999999834108	Ripples	0.022399999999834108	1493.0368	7.280418837348872	161.24130793013646	840.5228289308623	
1498.0520000000001	0.030399999999872307	Ripples	0.030399999999872307	1498.0712	6.4898574897145265	162.00655321168614	861.893366067223	
1498.1912	0.031200000000126238	Ripples	0.031200000000126238	1498.2088	16.137552750488446	160.51832648216296	1331.1813453522084	
1501.988	0.021600000000034925	Ripples	0.021600000000034925	1502.0016	9.45203675209059	159.7845966900678	914.2370237384854	
1503.7984000000001	0.023999999999887223	Ripples	0.023999999999887223	1503.8120000000001	15.46947211342261	166.51354070532523	1170.4333338223034	
1504.6688000000001	0.09279999999989741	Ripples	0.09279999999989741	1504.7128	20.87034534212179	165.45444677203426	1590.171251526696	
1507.8256000000001	0.03279999999995198	Ripples	0.03279999999995198	1507.8392000000001	11.815352375535959	167.79817827204715	1173.800863822253	
1511.1104	0.04560000000014952	Ripples	0.04560000000014952	1511.1416000000002	10.239361193234075	150.25705594102294	870.2317869602361	
1513.104	0.04240000000004329	Ripples	0.04240000000004329	1513.1352000000002	26.770038792628025	158.52010367847342	1525.9347016705055	
1513.6336000000001	0.04240000000004329	Ripples	0.04240000000004329	1513.6680000000001	5.725216531763286	155.00100177439322	460.9892068779859	
1513.7	0.05120000000010805	Ripples	0.05120000000010805	1513.7168000000001	7.656415550966506	157.6011179059206	1037.9879615955645	
1521.2576000000001	0.02800000000002001	Ripples	0.02800000000002001	1521.2784000000001	5.252993075116415	160.77373359565757	715.4434002253402	
1538.684	0.044000000000096406	Ripples	0.044000000000096406	1538.7	21.601754951680764	157.34206490752035	1571.6508213360662	
1540.0872000000002	0.058399999999892316	Ripples	0.058399999999892316	1540.1312	12.383801806826895	156.77446384781393	1241.1796296732525	
1543.6904000000002	0.06879999999978281	Ripples	0.06879999999978281	1543.7304000000001	14.363254680165054	148.54005191964777	1011.2259712643066	
1545.2648000000002	0.041600000000016735	Ripples	0.041600000000016735	1545.2928000000002	15.402960557805224	156.661637696642	1228.723635745696	
1547.2096000000001	0.04800000000000182	Ripples	0.04800000000000182	1547.2392	8.80425457089484	152.03193110282652	635.2195793685494	
1549.2792000000002	0.020800000000008367	Ripples	0.020800000000008367	1549.2936	6.46766640431703	159.3351615245229	745.415125264722	
1549.9016000000001	0.035999999999830834	Ripples	0.035999999999830834	1549.9216000000001	13.041489201143648	165.07440510353646	1222.1347039682687	
1550.6456	0.0543999999999869	Ripples	0.0543999999999869	1550.6672	15.559806880018057	151.13332945489185	1128.834600040894	
1550.9384	0.033599999999978536	Ripples	0.033599999999978536	1550.9472	7.095688439986131	153.33125017785673	667.3930244805014	
1567.2520000000002	0.038399999999910506	Ripples	0.038399999999910506	1567.2768	21.35854578796475	157.6273046518355	1500.7296281059967	
1567.3936	0.03999999999996362	Ripples	0.03999999999996362	1567.4176	21.507802214449928	161.67305063718118	1553.172534181259	
1568.9048	0.03760000000011132	Ripples	0.03760000000011132	1568.9224000000002	27.496752017302324	159.28227267503124	1714.681319698065	
1573.4928	0.021600000000034925	Ripples	0.021600000000034925	1573.5040000000001	5.546587390142426	156.7575347466734	676.8625578416885	
1573.5552	0.05600000000004002	Ripples	0.05600000000004002	1573.5784	7.693716792726225	140.3144795039478	536.1493612768252	
1577.3288	0.03520000000003165	Ripples	0.03520000000003165	1577.3424	15.183506391712266	160.52536309723632	1133.673297025504	
1582.5056000000002	0.03999999999996362	Ripples	0.03999999999996362	1582.5232	18.33916802021373	165.36743770942206	1190.739480420425	
1586.1760000000002	0.05999999999994543	Ripples	0.05999999999994543	1586.208	39.50072394221272	153.52615194367866	2020.311102081753	
1587.18	0.044800000000122964	Ripples	0.044800000000122964	1587.22	5.56872673752454	152.60411621795637	634.5697026273615	
1589.0712	0.025599999999940337	Ripples	0.025599999999940337	1589.0856	9.927714934022402	159.0166595804588	985.809030697214	
1590.0800000000002	0.04559999999992215	Ripples	0.04559999999992215	1590.0984	8.342211579910193	171.90183889396957	834.2533039471318	
1591.3152	0.03440000000000509	Ripples	0.03440000000000509	1591.324	7.598234826596416	155.29212302417324	826.6215227606991	
1594.6744	0.020800000000008367	Ripples	0.020800000000008367	1594.6824000000001	9.271562315909268	160.9425334973032	899.1810177922004	
1597.7592	0.020800000000008367	Ripples	0.020800000000008367	1597.7728000000002	9.859163723073353	164.5904654312129	869.550984281989	
1608.7168000000001	0.022399999999834108	Ripples	0.022399999999834108	1608.7296000000001	8.430703514620445	158.50917978145267	887.4293772111392	
1621.8704	0.049600000000054933	Ripples	0.049600000000054933	1621.892	32.034090576946554	155.87530707412972	1787.30250959931	
1625.4072	0.04559999999992215	Ripples	0.04559999999992215	1625.4368000000002	20.906590847201812	152.07812758999324	1213.720803443043	
1628.1992	0.03920000000016444	Ripples	0.03920000000016444	1628.2104000000002	9.364315143390966	155.8110442330661	920.4184311174247	
1632.9696000000001	0.028800000000046566	Ripples	0.028800000000046566	1632.9808	7.090118937998632	154.0591829988243	738.8257849945285	
1634.5832	0.07120000000008986	Ripples	0.07120000000008986	1634.612	22.14488320091804	151.41202707526648	1562.610721388277	
1635.16	0.04079999999999018	Ripples	0.04079999999999018	1635.1816000000001	23.24034333807731	156.48299130575236	1540.252439832115	
1636.448	0.023999999999887223	Ripples	0.023999999999887223	1636.4616	6.405457183280627	164.1784241343625	835.2836800213473	
1645.2888	0.03840000000013788	Ripples	0.03840000000013788	1645.3112	30.056666154837167	156.18362677692488	1630.3748762573568	
1647.0808000000002	0.035999999999830834	Ripples	0.035999999999830834	1647.0944000000002	8.102284103954	163.6208089193059	963.5798077524884	
1648.728	0.07919999999990068	Ripples	0.07919999999990068	1648.7888	14.708532967567196	151.4479223003144	1121.903182067493	
1657.488	0.03440000000000509	Ripples	0.03440000000000509	1657.5	8.627000735382426	152.80890421662045	693.7286832250433	
1657.9696000000001	0.03679999999985739	Ripples	0.03679999999985739	1657.9896	32.956362000925466	162.68617764656207	1898.1445445541635	
1659.8400000000001	0.04559999999992215	Ripples	0.04559999999992215	1659.8544000000002	22.596715945779206	161.0092167761551	1554.4520435488166	
1665.7488	0.029600000000073123	Ripples	0.029600000000073123	1665.7568	5.091575244460529	155.22171791816436	652.6102201732692	
1715.3192000000001	0.03440000000000509	Ripples	0.03440000000000509	1715.3336000000002	9.49530764795972	163.12863015933473	1057.804097879774	
1715.8248	0.04240000000004329	Ripples	0.04240000000004329	1715.8424	32.79061179992073	156.96300867779414	1830.5271780459218	
1715.9568000000002	0.04559999999992215	Ripples	0.04559999999992215	1715.9816	27.20820269586598	152.8157165261989	1559.2883906253148	
1716.8912	0.05120000000010805	Ripples	0.05120000000010805	1716.932	17.371254354547993	153.18087234638796	1124.3084206523304	
1722.6608	0.05759999999986576	Ripples	0.05759999999986576	1722.7024000000001	9.493146823192296	162.88905635036883	1141.9103094766874	
1723.4136	0.061599999999998545	Ripples	0.061599999999998545	1723.448	31.036014088916648	152.5775156011903	1775.7129347062084	
1723.9744	0.031200000000126238	Ripples	0.031200000000126238	1723.9856	8.623431996343603	182.5127739588635	748.9773059533023	
1724.6784	0.04240000000004329	Ripples	0.04240000000004329	1724.7056	12.820954608358239	158.7266202312351	1268.0200158273044	
1725.3144	0.028800000000046566	Ripples	0.028800000000046566	1725.3224	8.019811576753186	156.72154514424895	768.3456500220583	
1739.1712	0.05280000000016116	Ripples	0.05280000000016116	1739.1832000000002	15.664080189129447	152.8304635760739	1129.3432530049015	
1740.0520000000001	0.10559999999986758	Ripples	0.10559999999986758	1740.0784	12.563809158913495	146.20086486980543	857.9235924103436	
1773.6608	0.020800000000008367	Ripples	0.020800000000008367	1773.6712	11.299655113604958	167.30544471231275	1025.0228971570689	
1802.2608	0.031200000000126238	Ripples	0.031200000000126238	1802.2784000000001	9.494837474684102	157.79371112005228	977.0838646888908	
1808.7040000000002	0.06959999999980937	Ripples	0.06959999999980937	1808.7592000000002	9.509036313146709	144.81911703279764	802.167638319006	
1809.7072	0.05279999999993379	Ripples	0.05279999999993379	1809.7152	6.508518925022616	157.0617724831831	635.1217663476943	
1810.7176000000002	0.02959999999984575	Ripples	0.02959999999984575	1810.736	9.633848814110843	154.0288452927087	842.88374355071	
1831.5272	0.04079999999999018	Ripples	0.04079999999999018	1831.5408	21.623293869731587	163.7680640753697	1511.1943722791784	
1831.7072	0.04800000000000182	Ripples	0.04800000000000182	1831.7408	9.611754429961573	151.6526081166508	849.2647789040708	
1832.3144	0.049600000000054933	Ripples	0.049600000000054933	1832.336	18.52742315664831	148.66526538432058	1290.7739816251253	
1834.3176	0.03520000000003165	Ripples	0.03520000000003165	1834.3456	8.73954013944012	160.46016576960446	839.6024440968033	
1835.1976000000002	0.028799999999819192	Ripples	0.028799999999819192	1835.2152	12.136449986426745	153.0597858712202	1027.3433930921015	
1838.6536	0.046399999999948704	Ripples	0.046399999999948704	1838.6688000000001	5.643902061370512	148.57430444566197	690.8733759470604	
1838.8192000000001	0.021600000000034925	Ripples	0.021600000000034925	1838.8304	6.021260158571757	153.4335526369236	672.8638148220261	
1839.6312	0.07760000000007494	Ripples	0.07760000000007494	1839.6632000000002	25.596662047548698	147.84323472682087	1484.8224163944046	
1840.624	0.029600000000073123	Ripples	0.029600000000073123	1840.64	20.556484288709786	166.04043548602024	1497.1660587083054	
1840.7752	0.02800000000002001	Ripples	0.02800000000002001	1840.7896	10.709068977132416	157.96574502752034	1042.5079711124833	
1869.8280000000002	0.04399999999986903	Ripples	0.04399999999986903	1869.8448	21.231701055861443	160.00836873855084	1570.8618345359387	
1872.0	700.0	SleepStates						Non-REM
1874.6272000000001	0.04079999999999018	Ripples	0.04079999999999018	1874.6368	14.142176101943472	161.43069578696645	1099.3773676701258	
1875.16	0.03520000000003165	Ripples	0.03520000000003165	1875.1856	13.980971984046477	153.8178721597683	997.5216468403809	
1876.9416	0.03759999999988395	Ripples	0.03759999999988395	1876.9624000000001	17.52448326895421	156.3331907627467	1398.866939128971	
1878.1592	0.08240000000000691	Ripples	0.08240000000000691	1878.2056	38.032669431910065	160.83285378452402	2030.8489606947023	
1879.2656000000002	0.0543999999999869	Ripples	0.0543999999999869	1879.2984000000001	29.313645727311137	158.3354172046879	1857.589084243405	
1884.8384	0.033599999999978536	Ripples	0.033599999999978536	1884.856	27.430484202042813	165.40663120976646	1729.2569138379831	
1885.028	0.03760000000011132	Ripples	0.03760000000011132	1885.056	19.570261865612377	154.39243449476754	1241.6826106237638	
1885.1744	0.026399999999966894	Ripples	0.026399999999966894	1885.1848	5.033038739112404	159.95917204621188	514.8616477948534	
1887.66	0.03279999999995198	Ripples	0.03279999999995198	1887.672	8.153924585468998	157.80725347456098	901.3741570252253	
1890.3448	0.02479999999991378	Ripples	0.02479999999991378	1890.3576	12.633913746528885	172.02736684953712	991.22508837994	
1905.3512	0.03440000000000509	Ripples	0.03440000000000509	1905.3592	7.04491324563901	156.29035760777919	767.5414536678877	
1907.5192000000002	0.035999999999830834	Ripples	0.035999999999830834	1907.5392000000002	30.411321733498916	160.44022173395555	1745.9438178459595	
1910.9528	0.036800000000084765	Ripples	0.036800000000084765	1910.98	10.294233162620438	151.6533478500021	848.3428469926106	
1916.084	0.036800000000084765	Ripples	0.036800000000084765	1916.1072000000001	17.766988798597673	158.3758153770208	1248.2637689045894	
1919.3592	0.033599999999978536	Ripples	0.033599999999978536	1919.3848	9.618683958767308	151.80705230450278	823.22762881486	
1921.048	0.03520000000003165	Ripples	0.03520000000003165	1921.0688	26.28183025338216	155.86571200996914	1502.349355371859	
1921.3552000000002	0.04079999999999018	Ripples	0.04079999999999018	1921.3688000000002	20.182975130579234	162.21050631208277	1445.5588024676501	
1923.4712000000002	0.043199999999842476	Ripples	0.043199999999842476	1923.5040000000001	25.059053762704664	156.62491074723548	1397.8354520693786	
1924.2832	0.02719999999999345	Ripples	0.02719999999999345	1924.2936000000002	17.220091829506373	159.88535529698933	1200.4580555974062	
1925.0632	0.0543999999999869	Ripples	0.0543999999999869	1925.0752	9.73143146015807	151.01946772296836	917.0628385882828	
1925.3976	0.031200000000126238	Ripples	0.031200000000126238	1925.4184	10.383860364906658	157.01708953163558	967.2323999882536	
1929.6136000000001	0.03679999999985739	Ripples	0.03679999999985739	1929.632	11.72551021998486	156.3329439688021	916.465198002724	
1929.7352	0.04240000000004329	Ripples	0.04240000000004329	1929.7640000000001	9.62454646050851	153.38710229240485	1010.2894404488617	
1934.2472	0.02800000000002001	Ripples	0.02800000000002001	1934.2616	15.818673618284661	160.06496804399995	1249.5638751836518	
1935.8712	0.04079999999999018	Ripples	0.04079999999999018	1935.8904	19.115257783080953	167.97052220078322	1495.0445127058874	
1937.6488000000002	0.04079999999999018	Ripples	0.04079999999999018	1937.6608	9.003658182903422	148.47548334220437	834.355138966133	
1938.612	0.028800000000046566	Ripples	0.028800000000046566	1938.6312	5.562109281556472	167.6452815026088	761.4926634239708	
1942.7016	0.05279999999993379	Ripples	0.05279999999993379	1942.7384000000002	17.137447401928235	164.7653298262394	1289.1409341344704	
1944.2240000000002	0.04479999999989559	Ripples	0.04479999999989559	1944.2544	12.781454105007672	157.28546743171856	1024.593910991711	
1946.5216	0.06719999999995707	Ripples	0.06719999999995707	1946.5728000000001	19.028490411583586	164.0936147710063	1474.175450474718	
1947.2864000000002	0.055999999999812644	Ripples	0.055999999999812644	1947.3048000000001	19.68500998851503	164.7406596723026	1311.1907566490338	
1947.5504	0.03600000000005821	Ripples	0.03600000000005821	1947.5696	14.452938784785397	153.65567323185797	1162.5455824203575	
1949.9432000000002	0.02959999999984575	Ripples	0.02959999999984575	1949.9584	9.430531823309654	153.33014312410273	867.1649847814374	
1952.4432000000002	0.043199999999842476	Ripples	0.043199999999842476	1952.4584	26.81221220515225	155.33906869255674	1596.0439737032332	
1952.6616000000001	0.033599999999978536	Ripples	0.033599999999978536	1952.6816000000001	17.919096424335102	157.7807695846606	1263.2399227485141	
1955.3584	0.05760000000009313	Ripples	0.05760000000009313	1955.3960000000002	19.580843258313347	158.85520367407898	1673.7205058308493	
1959.3136000000002	0.04239999999981592	Ripples	0.04239999999981592	1959.3384	24.050891853047936	152.3391561453492	1333.982505139037	
1959.5136	0.032000000000152795	Ripples	0.032000000000152795	1959.5384000000001	5.734285277183964	157.8756246149351	638.6677740228603	
1959.8736000000001	0.03600000000005821	Ripples	0.03600000000005821	1959.8880000000001	7.922953925454212	151.56606626258264	755.8489251076043	
1960.9	0.02479999999991378	Ripples	0.02479999999991378	1960.912	6.564006540028537	154.76311043033968	724.3224706390699	
1961.5744000000002	0.03440000000000509	Ripples	0.03440000000000509	1961.5912	12.635632087378616	152.85691321219758	1040.4004103082466	
1962.8008	0.05840000000011969	Ripples	0.05840000000011969	1962.8224	10.488524132717169	149.89711910869562	974.7257174148245	
1962.928	0.022400000000061482	Ripples	0.022400000000061482	1962.9360000000001	6.014134065735875	155.79284667682495	690.8862489972907	
1963.1952	0.03999999999996362	Ripples	0.03999999999996362	1963.2104000000002	7.897071389256531	147.4299254407169	779.5645190386676	
1982.4112	0.08960000000001855	Ripples	0.08960000000001855	1982.4640000000002	16.746694465184724	151.25829485181495	1023.1306146040735	
1984.5616	0.06720000000018445	Ripples	0.06720000000018445	1984.5912	28.007938173810288	149.66071705122377	1530.9281117209327	
1990.4560000000001	0.0543999999999869	Ripples	0.0543999999999869	1990.4968000000001	20.088160666313904	154.15388033202964	1325.833904433096	
1993.4328	0.02320000000008804	Ripples	0.02320000000008804	1993.4496000000001	6.945704557135675	171.47684353244415	761.7747751594388	
1993.7920000000001	0.04559999999992215	Ripples	0.04559999999992215	1993.8056000000001	34.803719793180356	162.17585503885428	1863.5475598688515	
1994.568	0.03360000000020591	Ripples	0.03360000000020591	1994.584	16.32001986541062	161.06666566358206	1282.6252690926726	
1996.2776000000001	0.04800000000000182	Ripples	0.04800000000000182	1996.2928000000002	11.892367749156548	157.54642544035903	980.7457255171466	
1997.3608000000002	0.041600000000016735	Ripples	0.041600000000016735	1997.3688000000002	6.32832690926613	148.37656528855285	637.7508521366499	
2008.5416	0.04800000000000182	Ripples	0.04800000000000182	2008.5624	35.62982785530537	157.21791412052724	1962.5430872550062	
2008.8056000000001	0.043199999999842476	Ripples	0.043199999999842476	2008.8208000000002	40.258055956104315	155.34122475826268	1873.56691889276	
2009.24	0.056800000000066575	Ripples	0.056800000000066575	2009.268	9.233919558237671	147.34600523962808	777.5553665829233	
2010.7072	0.031200000000126238	Ripples	0.031200000000126238	2010.7216	20.10218125106868	159.00346363145212	1396.0601289226656	
2011.4032000000002	0.025599999999940337	Ripples	0.025599999999940337	2011.4144000000001	8.36338042979987	154.31031538458436	829.9322651243162	
2016.4192	0.02719999999999345	Ripples	0.02719999999999345	2016.4296000000002	8.047294149047177	153.69429578938687	850.8920140550705	
2018.2824	0.04079999999999018	Ripples	0.04079999999999018	2018.2976	5.856314256540452	146.17300916131205	579.894053388014	
2019.1784	0.02320000000008804	Ripples	0.02320000000008804	2019.1912000000002	13.741162020938303	162.42571380476144	1044.0768066868109	
2026.4408	0.08400000000006003	Ripples	0.08400000000006003	2026.4616	20.35601664951062	152.3403317284793	1361.939039105956	
2027.6008000000002	0.030399999999872307	Ripples	0.030399999999872307	2027.6152000000002	7.8110605652389795	158.89146943752064	934.5811107392248	
2033.8296	0.06320000000005166	Ripples	0.06320000000005166	2033.8688000000002	18.623045902036374	146.91129847857135	1351.0593535811954	
2039.6192	0.04240000000004329	Ripples	0.04240000000004329	2039.6304	6.2151557254398355	157.12610586902093	829.2809503956921	
2040.3032	0.02320000000008804	Ripples	0.02320000000008804	2040.3184	11.409511852753406	158.66361602539297	1025.1655348289062	
2043.4232000000002	0.04479999999989559	Ripples	0.04479999999989559	2043.4544	30.897063747348767	157.18883273362385	1645.8383702891945	
2053.5968000000003	0.05279999999993379	Ripples	0.05279999999993379	2053.6336	50.2534036111294	159.5992690044034	2344.8826607870046	
2058.0512	0.03760000000011132	Ripples	0.03760000000011132	2058.0728	23.75744126898084	162.22828779748727	1481.200421875012	
2059.068	0.031199999999898864	Ripples	0.031199999999898864	2059.0856	12.067815261879232	158.006983378204	1124.596576312951	
2064.9256	0.032000000000152795	Ripples	0.032000000000152795	2064.9424	17.7550634890593	158.6142086695726	1374.1462820041145	
2066.9032	0.038399999999910506	Ripples	0.038399999999910506	2066.9232	12.600726455129434	149.01063963699914	814.8566256216445	
2067.0384	0.041600000000016735	Ripples	0.041600000000016735	2067.052	25.629795236710798	160.0710543316166	1606.9545639166977	
2079.9408000000003	0.04399999999986903	Ripples	0.04399999999986903	2079.9576	22.469364339644056	155.087342228869	1426.6555675463203	
2085.2848	0.03680000000031214	Ripples	0.03680000000031214	2085.3008	11.50745768485655	171.82495956948745	1131.0889616098243	
2089.9712	0.03279999999995198	Ripples	0.03279999999995198	2089.9904	14.550644142371695	163.07266872927445	1311.4130895198186	
2090.076	0.024800000000141154	Ripples	0.024800000000141154	2090.0904	6.6770226324236805	153.56986997573827	761.8814545116783	
2090.1632	0.03600000000005821	Ripples	0.03600000000005821	2090.1808	28.63105681536984	167.11318384668328	1749.3213118088697	
2091.2368	0.038399999999910506	Ripples	0.038399999999910506	2091.2608	13.994086999284633	151.91298357939093	1019.9247837552005	
2094.0008000000003	0.02639999999973952	Ripples	0.02639999999973952	2094.0128	7.929901483481451	154.77218298034964	767.024898308145	
2107.1848	0.048800000000028376	Ripples	0.048800000000028376	2107.216	23.812836878627	158.0271980631568	1697.1799419861454	
2111.2400000000002	0.03440000000000509	Ripples	0.03440000000000509	2111.2576	47.98237710836347	161.07952908000382	2143.5861172284485	
2121.0632	0.03040000000009968	Ripples	0.03040000000009968	2121.0712000000003	7.1602509312749865	160.52587813128008	711.0496259818407	
2122.8168	0.03040000000009968	Ripples	0.03040000000009968	2122.8384	6.091441669176552	157.31921048041275	779.6487664127604	
2124.6784000000002	0.021600000000034925	Ripples	0.021600000000034925	2124.6896	12.397530284408477	159.79108459769125	975.561751020203	
2124.812	0.0543999999999869	Ripples	0.0543999999999869	2124.8448000000003	11.013528262300698	148.7710111236023	904.2760317082808	
2125.2608	0.038399999999910506	Ripples	0.038399999999910506	2125.2760000000003	8.093561567193097	146.0925932440454	649.1743820653226	
2125.3376000000003	0.07359999999971478	Ripples	0.07359999999971478	2125.3688	7.329782296353299	150.5177221556584	926.5139610574006	
2132.5888	0.03279999999995198	Ripples	0.03279999999995198	2132.6	8.167811738887101	149.4050943400975	782.9209782648178	
2133.0424000000003	0.020799999999780994	Ripples	0.020799999999780994	2133.0568000000003	9.72923117364203	163.9941039599637	749.692188964197	
2133.2416000000003	0.031199999999898864	Ripples	0.031199999999898864	2133.2616000000003	5.605347911216563	146.7517028874971	450.16527448257347	
2136.5088	0.04399999999986903	Ripples	0.04399999999986903	2136.5344	31.776522390921087	167.14865929367977	1918.801093523555	
2137.8832	0.03279999999995198	Ripples	0.03279999999995198	2137.8952	8.209513320154333	152.6653650509528	717.3937170642632	
2139.9392000000003	0.03999999999996362	Ripples	0.03999999999996362	2139.9712	5.465006615761852	157.22225242263448	610.4939110432263	
2145.3952	0.028000000000247383	Ripples	0.028000000000247383	2145.4128	18.103184938767654	161.30462092911586	1275.2175933375106	
2148.4616	0.02320000000008804	Ripples	0.02320000000008804	2148.4704	11.068370372726273	159.44441296199727	883.4977430451453	
2151.4696	0.03600000000005821	Ripples	0.03600000000005821	2151.4768	6.421105632482098	153.39732300399632	582.8714520562771	
2154.8704000000002	0.047999999999774445	Ripples	0.047999999999774445	2154.8928	10.94508206547469	149.01778375716435	796.4675934096992	
2155.9432	0.021600000000034925	Ripples	0.021600000000034925	2155.9544	5.269937973779709	161.9420752825509	721.1189269825039	
2159.3376000000003	0.03440000000000509	Ripples	0.03440000000000509	2159.3544	31.511387437348898	161.39028390448857	1875.3839855072117	
2162.6416	0.028800000000046566	Ripples	0.028800000000046566	2162.6592	16.7654384320837	155.4973936094081	1080.4694716203212	
2162.8720000000003	0.05359999999973297	Ripples	0.05359999999973297	2162.908	21.93588187582925	148.8071280600682	1257.475351675759	
2165.5872	0.026400000000194268	Ripples	0.026400000000194268	2165.6064	5.274637145948238	151.71057506867487	508.04528324291897	
2171.0032	0.03679999999985739	Ripples	0.03679999999985739	2171.0144	9.671575579587298	161.78056705812568	975.7311156306674	
2173.8096	0.04640000000017608	Ripples	0.04640000000017608	2173.824	12.810066502922101	154.66665309244223	884.2704749008273	
2174.6232	0.022400000000288856	Ripples	0.022400000000288856	2174.6312000000003	5.363900977684473	152.47805694600672	596.2538668011854	
2205.8344	0.025599999999940337	Ripples	0.025599999999940337	2205.8488	8.286951946862695	165.57672573821958	913.9953078938559	
2210.3664	0.03760000000011132	Ripples	0.03760000000011132	2210.3936000000003	26.70629056054266	167.59693323508858	1532.109531459476	
2213.9816	0.031199999999898864	Ripples	0.031199999999898864	2213.996	18.60020978298381	160.76480074739092	1369.1294792627414	
2214.616	0.03600000000005821	Ripples	0.03600000000005821	2214.636	30.323636654723476	161.76889288957304	1848.140223648826	
2214.7816000000003	0.03519999999980428	Ripples	0.03519999999980428	2214.7960000000003	16.96999078616823	152.94106788609272	1226.5302072637692	
2215.8768	0.028800000000046566	Ripples	0.028800000000046566	2215.888	13.273001172335372	156.91500646801734	1035.5187017638982	
2220.8344	0.03359999999975116	Ripples	0.03359999999975116	2220.8512	22.189586676880694	165.18613339563373	1479.8888544388628	
2225.2136	0.028800000000046566	Ripples	0.028800000000046566	2225.2288000000003	13.75658993440144	154.1162831412326	1041.833015468401	
2226.4392000000003	0.037599999999656575	Ripples	0.037599999999656575	2226.4576	22.97431746547777	158.67921812314458	1617.0572396657044	
2228.828	0.03120000000035361	Ripples	0.03120000000035361	2228.8448000000003	20.493088060104952	165.88463576256595	1452.8747775699283	
2228.972	0.04719999999997526	Ripples	0.04719999999997526	2228.992	34.07807661635136	156.57573612739316	1938.4782555697168	
2229.5784000000003	0.05999999999994543	Ripples	0.05999999999994543	2229.6240000000003	8.743118257914423	152.0640565610806	679.6122088050547	
2231.2744000000002	0.03519999999980428	Ripples	0.03519999999980428	2231.288	9.43949027497305	157.2308105870876	897.1505842560837	
2233.2152	0.024800000000141154	Ripples	0.024800000000141154	2233.2256	8.801447186443339	159.7283276476127	899.1371810967804	
2233.7216000000003	0.030399999999644933	Ripples	0.030399999999644933	2233.7360000000003	22.747546439293316	161.27497385815528	1471.2361183399353	
2241.3872	0.051199999999880674	Ripples	0.051199999999880674	2241.428	9.459316600552736	158.89531336484828	951.1864461839243	
2242.5208000000002	0.0591999999996915	Ripples	0.0591999999996915	2242.5416	24.22297398595875	153.40065893640755	1642.6297576410664	
2244.3824	0.026400000000194268	Ripples	0.026400000000194268	2244.396	8.25810663371293	168.46823013208703	878.0342666602326	
2265.5328	0.03680000000031214	Ripples	0.03680000000031214	2265.5504	33.618276723137456	160.44213540608828	1896.9418421856246	
2270.0016	0.0543999999999869	Ripples	0.0543999999999869	2270.0376	20.924734887067633	152.53299265975346	1434.0392669912821	
2271.8720000000003	0.060799999999744614	Ripples	0.060799999999744614	2271.9088	10.990471336181857	161.0333910725498	1005.4826367921635	
2272.0144	0.032000000000152795	Ripples	0.032000000000152795	2272.0352000000003	6.11067971298238	162.70620559135594	764.6999983523538	
2275.6208	0.03679999999985739	Ripples	0.03679999999985739	2275.6288	8.010177212755162	154.42524419385404	705.6767532353057	
2277.3432000000003	0.038399999999910506	Ripples	0.038399999999910506	2277.3672	31.1920152357608	161.09791444168678	1772.1324556196862	
2281.572	0.024800000000141154	Ripples	0.024800000000141154	2281.5832	11.282072596564769	161.24900856832943	883.1675713488751	
2281.7384	0.03600000000005821	Ripples	0.03600000000005821	2281.7496	15.614341089662657	155.22202663999263	1201.0231460920133	
2285.4408000000003	0.0543999999999869	Ripples	0.0543999999999869	2285.4704	36.16231871096769	169.2397176829911	2019.9509891367527	
2294.1304	0.044800000000122964	Ripples	0.044800000000122964	2294.1656000000003	6.7315494086397445	163.1944462323826	787.81847867333	
2295.3944	0.03440000000000509	Ripples	0.03440000000000509	2295.4208000000003	7.181129993685717	164.88813665587898	626.2283302727226	
2297.9488	0.03040000000009968	Ripples	0.03040000000009968	2297.9568	5.69428042142689	149.8914557252231	585.740495464101	
2299.9832	0.02719999999999345	Ripples	0.02719999999999345	2300.0	8.593699469791389	155.7508394568452	810.080528129275	
2301.5488	0.04080000000021755	Ripples	0.04080000000021755	2301.56	5.638212290928341	150.86656477090264	718.694943761467	
2302.9968	0.03120000000035361	Ripples	0.03120000000035361	2303.0072	6.546157464600149	158.78321583059267	801.1248102358868	
2305.656	0.06480000000010477	Ripples	0.06480000000010477	2305.6696	18.421659620269327	158.1947077390278	1314.422666696058	
2310.4680000000003	0.060799999999744614	Ripples	0.060799999999744614	2310.5176	12.271352507551578	150.62995616836056	799.6383538255822	
2315.3816	0.05279999999993379	Ripples	0.05279999999993379	2315.4280000000003	5.641777407975351	149.94830189466938	655.7767231367209	
2323.5432	0.04080000000021755	Ripples	0.04080000000021755	2323.5768000000003	9.924854118749117	156.0742016398101	697.0620294460642	
2326.4064000000003	0.038399999999910506	Ripples	0.038399999999910506	2326.4312	15.35885292277864	153.24776573373885	1140.9054871853987	
2326.6168000000002	0.0543999999999869	Ripples	0.0543999999999869	2326.6528000000003	10.066800662077341	142.23536144800858	761.14591851435	
2331.8792000000003	0.0431999999996151	Ripples	0.0431999999996151	2331.9	29.577911193841636	162.97977135200767	1734.0188185115512	
2335.0216	0.038399999999910506	Ripples	0.038399999999910506	2335.0456	31.748817606061607	159.08382049007687	1866.7161003852307	
2344.0480000000002	0.028800000000046566	Ripples	0.028800000000046566	2344.0696000000003	8.985377887660965	154.17464087831752	798.9547506848072	
2344.3256	0.03760000000011132	Ripples	0.03760000000011132	2344.3344	7.816086008148483	154.5872929506522	745.091592744268	
2345.0648	0.02959999999984575	Ripples	0.02959999999984575	2345.0872	5.627384176747951	161.73578414806008	706.3601183736588	
2348.8768	0.041600000000016735	Ripples	0.041600000000016735	2348.904	5.247500055103104	145.55749447766416	474.43701210404856	
2353.464	0.026400000000194268	Ripples	0.026400000000194268	2353.4728	11.79978658887397	155.36946304823488	901.6506808647631	
2354.2944	0.05199999999967986	Ripples	0.05199999999967986	2354.3144	23.322104542546377	153.56507210844876	1637.9633344823778	
2354.6104	0.03600000000005821	Ripples	0.03600000000005821	2354.6216	14.938653086774051	154.00928096662207	1147.0186770325367	
2365.1968	0.048800000000028376	Ripples	0.048800000000028376	2365.2088000000003	23.593071315360735	154.59556888623652	1210.6095804910167	
2365.588	0.03440000000000509	Ripples	0.03440000000000509	2365.6144	10.420148688760547	151.3550279327725	849.1407343499483	
2369.2496	0.03600000000005821	Ripples	0.03600000000005821	2369.2712	20.639408386335727	154.6407734467743	1224.726400651714	
2375.4496	0.02719999999999345	Ripples	0.02719999999999345	2375.464	10.035867853883584	158.49330302862566	849.5394674077661	
2377.5992	0.04559999999992215	Ripples	0.04559999999992215	2377.6104	6.626527843526896	152.45758613445432	894.8621670298405	
2378.1608	0.03519999999980428	Ripples	0.03519999999980428	2378.1888	7.077521599792923	150.0743424051152	682.2238057341438	
2382.1648	0.035200000000259024	Ripples	0.035200000000259024	2382.1800000000003	16.632702726424437	153.10234050320162	1201.1906576737679	
2402.1600000000003	0.021599999999580177	Ripples	0.021599999999580177	2402.1736	11.926938167408878	160.6177307799016	919.1521127197731	
2417.8832	0.03440000000000509	Ripples	0.03440000000000509	2417.9072	24.848338702005325	162.02942739247652	1481.1058369729985	
2418.5376	0.04080000000021755	Ripples	0.04080000000021755	2418.5632	18.097963734430035	152.24139380546157	1042.6141568376208	
2418.9632	0.03760000000011132	Ripples	0.03760000000011132	2418.9936000000002	5.591432520378214	158.24646860110616	452.87656840027677	
2419.1256000000003	0.023199999999633292	Ripples	0.023199999999633292	2419.1408	11.290068341232011	159.33411804623933	970.4649304985624	
2420.0368000000003	0.05599999999958527	Ripples	0.05599999999958527	2420.0488	19.861740484567388	151.34227232724015	1258.5847540119314	
2421.6568	0.02959999999984575	Ripples	0.02959999999984575	2421.6688	10.789881950418199	154.0407683629042	890.3334837787933	
2432.0072	0.05279999999993379	Ripples	0.05279999999993379	2432.0496000000003	16.722888124960264	158.38305422616554	1226.9667816637564	
2432.5704	0.052000000000134605	Ripples	0.052000000000134605	2432.612	13.180929884505955	154.30992231111222	915.740445139519	
2433.7496	0.031199999999898864	Ripples	0.031199999999898864	2433.7672000000002	21.50753358255552	158.8937541350853	1490.374548078702	
2434.2224	0.03600000000005821	Ripples	0.03600000000005821	2434.248	9.903016975183096	157.96175296716578	778.769992598404	
2435.3232000000003	0.03919999999970969	Ripples	0.03919999999970969	2435.3376000000003	5.839386998157415	145.5679910040848	596.597909109831	
2435.6056000000003	0.03440000000000509	Ripples	0.03440000000000509	2435.6336	7.458366283943917	154.6881470452299	766.8251519464031	
2436.8752	0.026400000000194268	Ripples	0.026400000000194268	2436.8864000000003	5.170863877482595	151.6807323437879	631.2209538622614	
2437.9432	0.022399999999834108	Ripples	0.022399999999834108	2437.952	7.724126350864456	154.43743876976882	733.7759084469569	
2442.268	0.041600000000016735	Ripples	0.041600000000016735	2442.2944	19.539969198399135	149.15079365385898	1072.4513427223737	
2443.6936	0.04559999999992215	Ripples	0.04559999999992215	2443.7056000000002	22.21375358544406	157.64663466705628	1435.555514687384	
2445.8208	0.042400000000270666	Ripples	0.042400000000270666	2445.8352	12.203152932155954	152.45735823888467	835.7952651668526	
2457.1056000000003	0.03199999999969805	Ripples	0.03199999999969805	2457.128	9.4551487867974	158.16691252544706	703.0437233682693	
2463.9968	0.042400000000270666	Ripples	0.042400000000270666	2464.0144	12.559454349747085	155.56040110432554	839.6353831946575	
2465.7424	0.038399999999910506	Ripples	0.038399999999910506	2465.7560000000003	18.18952217983087	158.23263035226364	1145.3490616592198	
2468.2504	0.0656000000003587	Ripples	0.0656000000003587	2468.2872	28.497966286862347	146.39073077405416	1392.1418182590776	
2468.596	0.055200000000240834	Ripples	0.055200000000240834	2468.6400000000003	17.754931413952605	152.95161110138315	1196.4134162874427	
2474.3416	0.04239999999981592	Ripples	0.04239999999981592	2474.3736	11.534719885502417	149.39632829157713	882.2949990347688	
2488.2200000000003	0.051199999999880674	Ripples	0.051199999999880674	2488.2344000000003	19.21872736309562	154.9811497770458	1155.355091393787	
2489.3648000000003	0.05279999999993379	Ripples	0.05279999999993379	2489.3832	15.535339983258776	159.85126813451086	1403.2516982033899	
2498.9216	0.044800000000122964	Ripples	0.044800000000122964	2498.9464000000003	18.582992913640723	156.52068630229655	1439.4078921143769	
2501.4168	0.03760000000011132	Ripples	0.03760000000011132	2501.4320000000002	8.814248919710733	150.12142293430443	602.4140566887249	
2504.7376	0.04960000000028231	Ripples	0.04960000000028231	2504.752	13.884636881997878	155.38986111547214	1039.4040770724878	
2507.1872000000003	0.030399999999644933	Ripples	0.030399999999644933	2507.2104	5.982602621754346	151.6663281086423	594.8883790674536	
2563.7496	0.04719999999997526	Ripples	0.04719999999997526	2563.7792	8.150186642711969	145.81984320494794	719.0343825869559	
2567.0184	0.028800000000046566	Ripples	0.028800000000046566	2567.0336	15.186904342987	158.47404800661388	1137.3288523779415	
2567.9208000000003	0.022399999999834108	Ripples	0.022399999999834108	2567.9320000000002	8.195601115173128	154.11809152974982	815.5404210596988	
2573.0	31.0	SleepStates						REM
2605.0	36.0	SleepStates						Awake
2629.6408	0.05920000000014625	Ripples	0.05920000000014625	2629.6696	46.60564269333642	154.71212334800245	2072.785819395356	
2642.0	459.0	SleepStates						Non-REM
2642.6368	0.07600000000002183	Ripples	0.07600000000002183	2642.7016000000003	20.542626863947437	153.5526229565851	1285.9474941818107	
2644.3392000000003	0.037599999999656575	Ripples	0.037599999999656575	2644.3688	7.32188717140813	162.04100771708764	693.5198502347841	
2646.4424	0.03120000000035361	Ripples	0.03120000000035361	2646.4608000000003	13.879047280983677	156.51018092978623	1108.2789209788325	
2646.9224	0.05760000000009313	Ripples	0.05760000000009313	2646.9472	22.50517611171478	150.8825919714231	1463.2079897879019	
2647.7960000000003	0.05039999999962674	Ripples	0.05039999999962674	2647.8144	15.618063478955337	149.59526524073445	1102.1783653026248	
2651.404	0.03120000000035361	Ripples	0.03120000000035361	2651.4224	16.42640493021175	158.4458861198822	1179.6111515520051	
2655.5128	0.035200000000259024	Ripples	0.035200000000259024	2655.5336	35.252069931623225	161.11447316635892	1893.6212919603515	
2655.5808	0.031199999999898864	Ripples	0.031199999999898864	2655.6016	9.949392923648194	155.29116966222819	793.102193121004	
2660.3104000000003	0.057599999999638385	Ripples	0.057599999999638385	2660.3328	6.657517389552088	167.62359782110067	809.4616592683371	
2661.0472	0.06400000000030559	Ripples	0.06400000000030559	2661.0896000000002	14.591515630032546	145.23228824370165	851.3810344094927	
2662.8360000000002	0.027999999999792635	Ripples	0.027999999999792635	2662.8472	5.9755726087098076	153.65730069156564	767.5501630517953	
2666.8304000000003	0.07199999999966167	Ripples	0.07199999999966167	2666.8848000000003	21.5306276376289	154.27228753204184	1311.8577441056145	
2669.5616	0.04400000000032378	Ripples	0.04400000000032378	2669.572	6.147651795919146	151.94907429574138	626.8971606594482	
2670.1936	0.028000000000247383	Ripples	0.028000000000247383	2670.2072000000003	19.077137092892045	155.86189877043162	1346.0230579084846	
2674.004	0.052000000000134605	Ripples	0.052000000000134605	2674.0272	6.427342307611942	145.08670714297094	456.9970144340219	
2678.4232	0.03920000000016444	Ripples	0.03920000000016444	2678.4496	7.600790994828918	161.85694033501113	815.6264235258917	
2691.5872	0.03120000000035361	Ripples	0.03120000000035361	2691.6040000000003	13.186195752445014	159.07891652595268	1152.145464498245	
2696.8176000000003	0.02959999999984575	Ripples	0.02959999999984575	2696.8344	17.29721047853353	164.3042221834778	1314.1677393443852	
2702.3384	0.04080000000021755	Ripples	0.04080000000021755	2702.3616	19.899372024279387	153.95160084926079	1216.0666493138133	
2704.5848	0.03760000000011132	Ripples	0.03760000000011132	2704.6112000000003	7.160611131844818	149.63085762432684	602.2681614184341	
2704.6528000000003	0.03679999999985739	Ripples	0.03679999999985739	2704.6648	19.81815748977508	154.26636595942327	1114.40731364289	
2705.4544	0.04640000000017608	Ripples	0.04640000000017608	2705.4696000000004	24.10926076218981	154.5531550674563	1448.1854279556799	
2715.0704	0.021600000000034925	Ripples	0.021600000000034925	2715.0848	8.492285206388493	163.88907141162025	828.1772649558192	
2720.8184	0.06559999999990396	Ripples	0.06559999999990396	2720.856	11.664078286514862	147.78161040204185	1015.1995359365578	
2722.032	0.05999999999994543	Ripples	0.05999999999994543	2722.0488	17.95176344037166	149.06350016187716	1165.5008657736958	
2725.9256	0.028000000000247383	Ripples	0.028000000000247383	2725.9416	5.496257895698038	147.7700317870069	513.4336638107704	
2728.3360000000002	0.0543999999999869	Ripples	0.0543999999999869	2728.348	6.79407285893	150.1269815899187	806.8990669375469	
2731.2184	0.025599999999940337	Ripples	0.025599999999940337	2731.2328	6.960664572133241	156.55596245738175	854.8256107088682	
2741.824	0.07119999999986248	Ripples	0.07119999999986248	2741.8728	15.768061497158081	146.21394140520061	956.6399799246987	
2745.7000000000003	0.021600000000034925	Ripples	0.021600000000034925	2745.7136	7.740053067429573	158.03963758004875	837.1938801998568	
2750.2272000000003	0.027999999999792635	Ripples	0.027999999999792635	2750.2416000000003	13.744657380716841	159.5917661083795	1092.227961808341	
2752.7096	0.041600000000016735	Ripples	0.041600000000016735	2752.7296	7.111301169517327	156.56589317891698	446.7954466755182	
2753.2872	0.038399999999910506	Ripples	0.038399999999910506	2753.3144	21.50676544242161	160.08406782476956	1437.8104614644421	
2759.0456	0.02400000000034197	Ripples	0.02400000000034197	2759.06	6.813264142899166	157.02831184708933	833.2122536282553	
2760.9792	0.025599999999940337	Ripples	0.025599999999940337	2760.9904	10.300055305655295	154.27839090858654	730.8280767452446	
2761.9792	0.03359999999975116	Ripples	0.03359999999975116	2761.9952000000003	12.078420424380067	159.87833630750308	1154.6560282112805	
2762.7704000000003	0.025599999999940337	Ripples	0.025599999999940337	2762.7888000000003	6.780641973206877	152.91557802738782	738.9790037803061	
2765.1776	0.03680000000031214	Ripples	0.03680000000031214	2765.192	10.886938997047276	149.51171613345423	820.3016830772812	
2765.7000000000003	0.03600000000005821	Ripples	0.03600000000005821	2765.7224	5.916015648042548	147.9505300134956	602.2614850619822	
2776.788	0.02400000000034197	Ripples	0.02400000000034197	2776.7992	15.427573419387688	160.82243218281596	1128.431541235125	
2777.708	0.025599999999940337	Ripples	0.025599999999940337	2777.7200000000003	5.077191462434482	158.94435689894945	731.3276451684496	
2777.896	0.02320000000008804	Ripples	0.02320000000008804	2777.9128	6.209813307800835	160.63605736102775	745.9433240440206	
2778.4592000000002	0.023999999999887223	Ripples	0.023999999999887223	2778.476	8.004906525401209	160.32686693064161	876.7112457893212	
2780.5432	0.02959999999984575	Ripples	0.02959999999984575	2780.5656000000004	17.528381735606093	159.34459419080073	1173.7681173274575	
2796.0048	0.038399999999910506	Ripples	0.038399999999910506	2796.0256	27.015401361414792	154.28324878674485	1675.7431922359613	
2797.7064	0.03760000000011132	Ripples	0.03760000000011132	2797.724	44.731874603430846	156.99609407241272	2057.5237729840374	
2801.3824	0.04719999999997526	Ripples	0.04719999999997526	2801.4008000000003	23.326044892768987	155.37589409747716	1393.372842736811	
2805.7912	0.04719999999997526	Ripples	0.04719999999997526	2805.8120000000004	28.540858535510097	160.45108233497825	1819.4709836690188	
2813.824	0.06320000000005166	Ripples	0.06320000000005166	2813.84	7.753864787756885	148.4130182991746	584.9861401660694	
2815.8848000000003	0.04959999999982756	Ripples	0.04959999999982756	2815.924	23.902069966488888	154.34187693938946	1402.7478251414666	
2820.6584000000003	0.051199999999880674	Ripples	0.051199999999880674	2820.6696	16.81039653641824	153.23810199996475	1195.1970217706178	
2824.5584000000003	0.024799999999686406	Ripples	0.024799999999686406	2824.5688	8.036732144033637	157.50969918464358	833.0271057741331	
2824.8672	0.041600000000016735	Ripples	0.041600000000016735	2824.888	12.79303195355858	152.6422209852431	1101.18721862144	
2825.0168000000003	0.04719999999997526	Ripples	0.04719999999997526	2825.0416	14.985595226912798	153.75486591492853	949.1321486906795	
2826.2456	0.03679999999985739	Ripples	0.03679999999985739	2826.2608	8.154110221911738	145.879984730779	766.6504195699426	
2827.1632	0.026400000000194268	Ripples	0.026400000000194268	2827.1784000000002	9.783732802801925	154.00043445979748	917.5337017347116	
2827.9944	0.03040000000009968	Ripples	0.03040000000009968	2828.0032	8.482285956139117	154.3258136555452	747.7566807746008	
2828.6944000000003	0.03679999999985739	Ripples	0.03679999999985739	2828.7096	18.712415580932838	153.07595165922203	1283.6105205457054	
2831.2184	0.03600000000005821	Ripples	0.03600000000005821	2831.2296	13.365374748639207	164.21374932040834	992.8667614496516	
2840.5104	0.03920000000016444	Ripples	0.03920000000016444	2840.5296000000003	16.33639610770026	165.56229132686533	1367.7868747739087	
2842.848	0.04960000000028231	Ripples	0.04960000000028231	2842.8584	6.997598010834936	159.22115724365074	624.0652770179921	
2849.9464000000003	0.05359999999973297	Ripples	0.05359999999973297	2849.9776	9.111266340560194	149.63139850508531	770.46809973568	
2852.0896000000002	0.028800000000046566	Ripples	0.028800000000046566	2852.0976	6.6203115070751215	149.67572428128446	634.812161722015	
2854.8368	0.048800000000028376	Ripples	0.048800000000028376	2854.8544	34.365658348686296	155.23639182867547	1790.9920910447368	
2873.5528	0.021600000000034925	Ripples	0.021600000000034925	2873.5640000000003	8.073290063111875	156.30627243624528	823.3665565189697	
2874.1952	0.021600000000034925	Ripples	0.021600000000034925	2874.2064	5.022274155003043	153.16725569397647	653.3816495021925	
2875.176	0.055200000000240834	Ripples	0.055200000000240834	2875.2176	26.555295335203258	159.38496672487827	1489.324394998981	
2875.7400000000002	0.06480000000010477	Ripples	0.06480000000010477	2875.7696	10.985090514779989	157.9944894816475	948.7460646977343	
2876.3216	0.028800000000046566	Ripples	0.028800000000046566	2876.344	5.776518949511645	160.1292042043085	565.6830771357685	
2876.8136	0.07760000000007494	Ripples	0.07760000000007494	2876.8512	18.106370207535253	152.86069629767826	926.0058585794036	
2889.4128	0.06080000000019936	Ripples	0.06080000000019936	2889.4488	10.939901480962739	150.4335568245881	962.0006502008295	
2889.94	0.035200000000259024	Ripples	0.035200000000259024	2889.9576	7.419619492133161	144.5172931611815	735.6580317838747	
2893.824	0.026400000000194268	Ripples	0.026400000000194268	2893.8352	9.353579680828293	155.29519238435566	988.1351940874546	
2897.4904	0.03040000000009968	Ripples	0.03040000000009968	2897.5064	16.748894595986034	159.35187915168885	1218.6932100230792	
2905.4456	0.035200000000259024	Ripples	0.035200000000259024	2905.4544	5.729632549671826	155.27989935827557	611.5458220989709	
2934.0040000000004	0.03679999999985739	Ripples	0.03679999999985739	2934.0192	9.210606006777047	144.22466571789175	641.6700317009035	
2934.7504000000004	0.057599999999638385	Ripples	0.057599999999638385	2934.7960000000003	12.773299756697869	160.53126637332213	1138.4452998465624	
2939.6608	0.07600000000002183	Ripples	0.07600000000002183	2939.6936	28.675830175113184	147.9171236229345	1258.8068370487454	
2940.0264	0.04399999999986903	Ripples	0.04399999999986903	2940.0472	36.560331948149766	160.60376797699152	2059.5905150791855	
2941.0824000000002	0.040799999999762804	Ripples	0.040799999999762804	2941.1056000000003	9.878329317244493	142.77740669112225	616.7388386650542	
2943.4688	0.03360000000020591	Ripples	0.03360000000020591	2943.4880000000003	7.823369797762522	147.14107487637125	678.8380214695289	
2944.4368	0.028800000000046566	Ripples	0.028800000000046566	2944.452	6.547697860072596	147.45282875745437	690.9179938585563	
2944.792	0.03360000000020591	Ripples	0.03360000000020591	2944.804	11.2539096574241	150.98422744303667	889.9587514951313	
2945.3664000000003	0.04399999999986903	Ripples	0.04399999999986903	2945.3928	19.88532068347826	152.8706704229802	1194.3953058110817	
2947.9128	0.024800000000141154	Ripples	0.024800000000141154	2947.9208000000003	11.39732510436811	160.0244014507401	765.3246004399384	
2956.6432	0.028800000000046566	Ripples	0.028800000000046566	2956.6568	14.93965083424903	160.21571743277005	1210.2359782997437	
2960.2888000000003	0.03600000000005821	Ripples	0.03600000000005821	2960.304	11.71297637507617	153.3218055848769	1047.0071656875573	
2966.2576000000004	0.051199999999880674	Ripples	0.051199999999880674	2966.2712	16.005372334574293	156.90524319048737	1182.0394955077752	
2970.1352	0.05279999999993379	Ripples	0.05279999999993379	2970.1808	7.2130967988305565	163.0539913417211	796.6246989418678	
2981.5312000000004	0.02879999999959182	Ripples	0.02879999999959182	2981.5456	13.456490044434993	160.54735879201525	1187.6633337507897	
2986.9224	0.020000000000436557	Ripples	0.020000000000436557	2986.9344	10.885372585268229	160.09155474137938	799.2270154983162	
2998.5968000000003	0.020799999999780994	Ripples	0.020799999999780994	2998.6104	7.581413831175346	157.6296424755842	734.7034333195047	
3000.0480000000002	0.03679999999985739	Ripples	0.03679999999985739	3000.0624000000003	18.217929548769984	156.85848176205766	1128.017028970522	
3000.936	0.03360000000020591	Ripples	0.03360000000020591	3000.952	16.431790749795702	163.56394179073106	1255.3968726488108	
3001.956	0.06239999999979773	Ripples	0.06239999999979773	3001.972	9.518842924115717	161.7254709592595	971.7918477700775	
3003.8552	0.02320000000008804	Ripples	0.02320000000008804	3003.8632000000002	6.138532540949932	151.38307554784853	669.9527801368388	
3011.4048000000003	0.0591999999996915	Ripples	0.0591999999996915	3011.4336000000003	33.34996368118278	158.0861715327318	1956.4227606647776	
3012.5032	0.02080000000023574	Ripples	0.02080000000023574	3012.5144	5.1513279317654925	173.20621177754714	719.9451022470536	
3013.9768000000004	0.04879999999957363	Ripples	0.04879999999957363	3013.9944	23.636423955428054	154.86451749616293	1559.6113984072927	
3014.0480000000002	0.03999999999996362	Ripples	0.03999999999996362	3014.0744	16.048447481128548	156.8635074088682	1143.464899871319	
3014.3288000000002	0.03440000000000509	Ripples	0.03440000000000509	3014.3432000000003	11.198848431045025	152.65886220607734	759.3734658967724	
3014.7072000000003	0.021600000000034925	Ripples	0.021600000000034925	3014.7152	6.257473123438018	156.2809737404633	733.6419951949911	
3021.7384	0.03920000000016444	Ripples	0.03920000000016444	3021.7528	14.332690997873472	158.6021900180313	1200.8314456400276	
3021.9464000000003	0.03199999999969805	Ripples	0.03199999999969805	3021.9608000000003	19.631746889390154	156.95466789466897	1259.5372356258395	
3022.0736	0.024800000000141154	Ripples	0.024800000000141154	3022.0808	6.1115348947064625	155.32159099971963	676.906614877778	
3029.1344000000004	0.05599999999958527	Ripples	0.05599999999958527	3029.164	21.70933852783078	152.78482012908788	1332.6270883746954	
3029.6728000000003	0.040799999999762804	Ripples	0.040799999999762804	3029.6912	21.4664798483791	152.22746694733402	1326.3836227532597	
3036.8992000000003	0.03199999999969805	Ripples	0.03199999999969805	3036.924	8.383699714985775	160.27325543980794	859.8048879263489	
3037.5208000000002	0.03679999999985739	Ripples	0.03679999999985739	3037.5384000000004	16.054851045520984	158.69787478153026	1358.6811389796462	
3038.5048	0.02719999999999345	Ripples	0.02719999999999345	3038.516	9.13104016976003	164.0449821420249	1024.704052514605	
3039.1968	0.04719999999997526	Ripples	0.04719999999997526	3039.2136	16.523852291608048	157.32198274473365	1367.2645515703457	
3040.5208000000002	0.03999999999996362	Ripples	0.03999999999996362	3040.5528	10.949170094952878	159.33822938093058	902.9354590312895	
3046.8072	0.025599999999940337	Ripples	0.025599999999940337	3046.8216	18.94448824157807	161.84516083398748	1165.926630913566	
3049.9936000000002	0.028800000000046566	Ripples	0.028800000000046566	3050.0176	5.093474444518205	160.1689427072608	622.3573594653824	
3052.2496	0.04959999999982756	Ripples	0.04959999999982756	3052.264	8.668137788569206	156.39063256100576	1036.2220577659243	
3061.7760000000003	0.025599999999940337	Ripples	0.025599999999940337	3061.7936	6.4251247692171445	156.69800367447903	764.3610362460189	
3070.1240000000003	0.022399999999834108	Ripples	0.022399999999834108	3070.132	8.521488771944771	158.06031013872945	734.2398519335283	
3074.5568000000003	0.03919999999970969	Ripples	0.03919999999970969	3074.5744	7.933418659452257	148.8869890380588	821.2612228242812	
3102.0	180.0	SleepStates						REM
3283.0	26.0	SleepStates						Awake
3299.904	0.041600000000016735	Ripples	0.041600000000016735	3299.9224000000004	30.57742704134667	158.05816639530426	1770.8312114398611	
3302.28	0.06480000000010477	Ripples	0.06480000000010477	3302.2944	8.979810539585415	157.5232273663218	887.4002897019453	
3310.0	69.0	SleepStates						Non-REM
3310.2136	0.032000000000152795	Ripples	0.032000000000152795	3310.228	13.776467936602998	172.92653666238806	1163.3183993781481	
3312.3544	0.07920000000012806	Ripples	0.07920000000012806	3312.4264000000003	7.349719133636743	147.6206028288717	582.2198858391049	
3312.6544000000004	0.02639999999973952	Ripples	0.02639999999973952	3312.672	8.350889978871775	162.54749716644616	900.0823021070962	
3314.9776	0.03519999999980428	Ripples	0.03519999999980428	3314.9952000000003	23.50304814243274	156.30112038065582	1373.1576023590874	
3322.3856	0.023999999999887223	Ripples	0.023999999999887223	3322.3992000000003	6.145234297898002	172.64238664666715	757.0139392116885	
3330.4608000000003	0.021600000000034925	Ripples	0.021600000000034925	3330.4696000000004	9.637486128031627	164.0505860988752	899.2662547289016	
3330.924	0.03999999999996362	Ripples	0.03999999999996362	3330.9408000000003	27.684894170516348	156.14441618482604	1603.0573783592645	
3333.252	0.03440000000000509	Ripples	0.03440000000000509	3333.2704000000003	19.990776465718685	158.77628392287832	1321.889490428564	
3335.7616000000003	0.051199999999880674	Ripples	0.051199999999880674	3335.7832000000003	15.902262742610604	151.13195719620774	893.1799586022292	
3335.8360000000002	0.03760000000011132	Ripples	0.03760000000011132	3335.8536000000004	21.205379486928486	155.1556741354186	1371.681602045323	
3339.1256000000003	0.028800000000046566	Ripples	0.028800000000046566	3339.1408	20.205877398247903	156.47217864634376	1214.7522881479442	
3343.204	0.06480000000010477	Ripples	0.06480000000010477	3343.2384	11.864136647923521	152.60443677384788	831.9498506366509	
3343.9992	0.04239999999981592	Ripples	0.04239999999981592	3344.0168000000003	17.408664587846776	153.12266320601213	1231.317741039236	
3344.5032	0.04640000000017608	Ripples	0.04640000000017608	3344.5248	31.82820058683084	163.59474054454927	1881.4645805929056	
3345.9496000000004	0.05279999999993379	Ripples	0.05279999999993379	3345.9672	15.747288971523803	147.45104992310658	1107.5493213816173	
3348.5184000000004	0.04559999999992215	Ripples	0.04559999999992215	3348.5328	8.784131833833461	159.0966061579921	964.8272164531197	
3351.748	0.03440000000000509	Ripples	0.03440000000000509	3351.7632000000003	25.889001077886938	164.0240312461732	1617.4287997527895	
3352.4128	0.038399999999910506	Ripples	0.038399999999910506	3352.4344	21.577021467808816	154.21148691607573	1388.2881774761215	
3353.6216	0.03840000000036525	Ripples	0.03840000000036525	3353.6384000000003	18.465452418122602	162.1630124901086	1145.3402664682105	
3357.3312	0.04559999999992215	Ripples	0.04559999999992215	3357.356	14.723259830826043	167.9692442737604	1095.6095319736637	
3357.5656000000004	0.05599999999958527	Ripples	0.05599999999958527	3357.6032	6.732545578214956	154.6630267323721	777.7813993946654	
3357.772	0.032800000000406726	Ripples	0.032800000000406726	3357.7888000000003	17.782974650844732	160.9502915030584	1337.989283574141	
3362.2776000000003	0.040799999999762804	Ripples	0.040799999999762804	3362.3072	18.437899056801736	154.71139528748674	1101.9119709121399	
3363.2392	0.029600000000300497	Ripples	0.029600000000300497	3363.2536	8.157230097687377	149.79774559051359	738.5504383513278	
3364.3984	0.06960000000026412	Ripples	0.06960000000026412	3364.4176	13.141400170041928	156.1453816384224	690.6787807329391	
3364.9184	0.028800000000046566	Ripples	0.028800000000046566	3364.9304	21.424628622597847	158.62837157563814	1345.111884282151	
3366.3432000000003	0.027999999999792635	Ripples	0.027999999999792635	3366.3584	8.99760521715863	154.1270346120274	863.9099708461267	
3371.2000000000003	0.058399999999892316	Ripples	0.058399999999892316	3371.2232000000004	14.411718567144684	150.2305728385164	989.7743196106597	
3380.0	39.0	SleepStates						Awake
3413.7448	0.028000000000247383	Ripples	0.028000000000247383	3413.76	21.251996438526728	163.02505850410813	1342.286584516102	
3417.5480000000002	0.04239999999981592	Ripples	0.04239999999981592	3417.5624000000003	13.710060022054206	153.56041285420054	984.8274195345922	
3420.0	408.0	SleepStates						Non-REM
3421.7096	0.03519999999980428	Ripples	0.03519999999980428	3421.7312	11.717885409039745	159.9036708070942	1080.3375855964987	
3424.1112000000003	0.0704000000000633	Ripples	0.0704000000000633	3424.1512000000002	21.603592585649764	149.65236881064848	1369.5744179478368	
3427.1536	0.02320000000008804	Ripples	0.02320000000008804	3427.1648	6.288483189117151	151.7666202975039	526.6749917551028	
3428.416	0.07200000000011642	Ripples	0.07200000000011642	3428.4592000000002	10.95248505568388	153.66039668648494	536.1840452159796	
3430.5888	0.028000000000247383	Ripples	0.028000000000247383	3430.6032	16.40554706917336	158.97114400015363	1135.1472197663156	
3433.2264	0.04400000000032378	Ripples	0.04400000000032378	3433.2512	40.378450266903606	156.84094132464978	2052.5904431994263	
3434.552	0.04719999999997526	Ripples	0.04719999999997526	3434.5776	26.54265913186886	152.36469512666312	1528.901863915219	
3434.8584	0.03680000000031214	Ripples	0.03680000000031214	3434.876	17.925742189104906	151.27423288642302	982.9139766939454	
3435.0288	0.029600000000300497	Ripples	0.029600000000300497	3435.0504	7.24258126308621	152.0426285190824	705.1364613627497	
3443.1864	0.04400000000032378	Ripples	0.04400000000032378	3443.204	8.799983373030413	158.3344660646944	880.9999141336612	
3445.5080000000003	0.03760000000011132	Ripples	0.03760000000011132	3445.5352000000003	14.403609963177491	157.22603001926257	1003.2264915761648	
3450.464	0.05680000000029395	Ripples	0.05680000000029395	3450.4816	11.23447839402978	162.3308238024877	913.9034167275838	
3455.4080000000004	0.03519999999980428	Ripples	0.03519999999980428	3455.4296000000004	15.5302197207584	159.5818968982401	1251.6083013594368	
3455.5632	0.044800000000122964	Ripples	0.044800000000122964	3455.5744	16.092611656894256	155.77666912000802	1090.2251428103948	
3458.164	0.05040000000008149	Ripples	0.05040000000008149	3458.1928000000003	19.73375024549243	148.67531204778592	1260.8486594021426	
3460.5608	0.023999999999887223	Ripples	0.023999999999887223	3460.5752	6.549272678278508	158.75754722298555	759.2511583988717	
3465.8880000000004	0.08479999999963184	Ripples	0.08479999999963184	3465.9	7.7938264537843684	151.70531145361065	735.4997684078072	
3470.3152	0.045600000000376895	Ripples	0.045600000000376895	3470.3376000000003	28.498182658235354	157.55037080810425	1193.3602313956717	
3470.5440000000003	0.044799999999668216	Ripples	0.044799999999668216	3470.5552000000002	10.478707469789663	150.87777156917292	698.0639857899952	
3472.0728000000004	0.05039999999962674	Ripples	0.05039999999962674	3472.0864	21.78853668335533	156.00821547950892	1361.677645343938	
3472.3248000000003	0.06479999999965003	Ripples	0.06479999999965003	3472.3816	11.184251479931453	159.02437835177093	801.5179326275046	
3473.5096000000003	0.027999999999792635	Ripples	0.027999999999792635	3473.5264	12.408312319559885	156.0146639445571	1000.6890125818088	
3475.1000000000004	0.023199999999633292	Ripples	0.023199999999633292	3475.1056000000003	5.308397113839461	157.82283516819047	684.1658302031153	
3476.3648000000003	0.05199999999967986	Ripples	0.05199999999967986	3476.4072	13.103029931624144	161.10121095628583	1071.9568865421986	
3488.7832000000003	0.025599999999940337	Ripples	0.025599999999940337	3488.7984	13.863742584696583	159.56737292585674	1015.5710333246266	
3491.8888	0.03920000000016444	Ripples	0.03920000000016444	3491.9144	14.459193439570301	151.74787891628705	975.438008072761	
3493.2168	0.022399999999834108	Ripples	0.022399999999834108	3493.2288000000003	7.1904423355102	160.87883594843083	869.7836255375418	
3497.5184000000004	0.037599999999656575	Ripples	0.037599999999656575	3497.5456000000004	20.009345372483285	160.07142190486792	1349.432508157621	
3498.896	0.03519999999980428	Ripples	0.03519999999980428	3498.9144	56.963783405795006	160.16839293390848	2372.703507132341	
3499.0368000000003	0.037599999999656575	Ripples	0.037599999999656575	3499.0672	9.343558068001938	171.21142111436887	844.4407137447164	
3499.2272000000003	0.028800000000046566	Ripples	0.028800000000046566	3499.2424	9.475453239879482	158.4045077899374	948.3527761140053	
3502.6184000000003	0.021600000000034925	Ripples	0.021600000000034925	3502.6304	8.64859809542472	161.352798854387	810.2867506973139	
3510.7912	0.03999999999996362	Ripples	0.03999999999996362	3510.8208	16.986775317369286	153.3623608040867	1111.2682862159684	
3512.3488	0.032000000000152795	Ripples	0.032000000000152795	3512.3672	16.496245274631786	155.2955915723379	1213.5705286063521	
3513.5392	0.031199999999898864	Ripples	0.031199999999898864	3513.5528000000004	11.348440866339306	158.49195932655851	1127.4060523157777	
3514.6240000000003	0.024800000000141154	Ripples	0.024800000000141154	3514.6424	6.834621049488731	152.3894653056546	680.0039587881438	
3514.8216	0.021600000000034925	Ripples	0.021600000000034925	3514.8328	5.393996562007323	156.00404564395723	554.6001599456353	
3518.7352	0.04719999999997526	Ripples	0.04719999999997526	3518.7536	8.000109816143558	147.49389803918854	572.71612393131	
3524.496	0.025599999999940337	Ripples	0.025599999999940337	3524.5072	21.104294856945067	165.15139932515487	1347.9265043494704	
3525.0744	0.035200000000259024	Ripples	0.035200000000259024	3525.096	11.984880693659019	150.64337642599142	843.7421525742069	
3528.3464000000004	0.03279999999995198	Ripples	0.03279999999995198	3528.3688	15.784292175855606	159.63046578783525	1081.4551893755267	
3530.3576000000003	0.03679999999985739	Ripples	0.03679999999985739	3530.3808000000004	16.32866884658676	157.6465723203049	1232.5391579165737	
3532.2568	0.03679999999985739	Ripples	0.03679999999985739	3532.2824	12.011471850365291	153.3364188620589	1022.6885323989284	
3532.5544	0.044800000000122964	Ripples	0.044800000000122964	3532.5752	19.406442342922986	157.12545671578627	1344.655489099444	
3536.5248	0.028800000000046566	Ripples	0.028800000000046566	3536.5424000000003	8.25103315217499	154.56379685218383	774.8605176046225	
3543.8344	0.04959999999982756	Ripples	0.04959999999982756	3543.8704000000002	16.458835784393383	153.01324969520098	1233.6732896727603	
3551.1648	0.03999999999996362	Ripples	0.03999999999996362	3551.1872000000003	14.349980921302116	151.42017129893333	993.7500889595402	
3563.6352	0.04640000000017608	Ripples	0.04640000000017608	3563.6592	8.353638270263254	152.44237370575593	664.728875184952	
3564.6216	0.035200000000259024	Ripples	0.035200000000259024	3564.6392	23.917889467740174	155.15874025255417	1375.188204443996	
3564.8328	0.028800000000046566	Ripples	0.028800000000046566	3564.8472	18.960680063127693	161.42701041417695	1432.6497978878563	
3564.9528	0.02320000000008804	Ripples	0.02320000000008804	3564.9688	6.6177404455184465	164.50089657481428	751.3474486995175	
3566.4904	0.05360000000018772	Ripples	0.05360000000018772	3566.5304	16.701113503804528	150.54188755821298	1286.6730977616435	
3572.6872000000003	0.0591999999996915	Ripples	0.0591999999996915	3572.7272000000003	27.756439125818098	164.06964514089358	1461.5984221684155	
3573.7016000000003	0.05519999999978609	Ripples	0.05519999999978609	3573.7312	15.370010125174574	156.3771494036894	1092.0779846918192	
3577.4168	0.04400000000032378	Ripples	0.04400000000032378	3577.4536000000003	5.766844087507861	156.1082748606803	633.0653899136007	
3580.0848	0.03600000000005821	Ripples	0.03600000000005821	3580.1040000000003	10.240883520585749	158.8899645878827	1094.1207289556562	
3589.2704000000003	0.03440000000000509	Ripples	0.03440000000000509	3589.284	7.819587983717764	160.51809689662036	863.3173347287466	
3589.3944	0.03040000000009968	Ripples	0.03040000000009968	3589.4104	8.689941603666917	151.02439839301138	760.0913247780724	
3590.2776000000003	0.021600000000034925	Ripples	0.021600000000034925	3590.2912	13.350825912559818	163.37024448677204	1013.7693530525431	
3590.3880000000004	0.04239999999981592	Ripples	0.04239999999981592	3590.4096	9.439584993537954	147.4390820382907	751.6107902702822	
3597.8384	0.044800000000122964	Ripples	0.044800000000122964	3597.864	27.496534771728612	159.43118750637393	1764.908168369716	
3599.0992	0.03920000000016444	Ripples	0.03920000000016444	3599.1192	35.915560426900214	164.19324337409535	2021.0725627474342	
3600.1048	0.05040000000008149	Ripples	0.05040000000008149	3600.1416000000004	13.924042251352496	156.26179060701125	1229.307103953107	
3607.5896000000002	0.03040000000009968	Ripples	0.03040000000009968	3607.6016	5.390761680954603	146.07628541261496	491.67804534468536	
3608.0488	0.028000000000247383	Ripples	0.028000000000247383	3608.0632	25.13711272241547	163.2086469355083	1605.7598114374243	
3611.6784000000002	0.020799999999780994	Ripples	0.020799999999780994	3611.6864	7.026741162092911	163.32698977190483	744.0507066610354	
3613.1616000000004	0.04399999999986903	Ripples	0.04399999999986903	3613.1800000000003	18.690007074374492	154.1801433439494	1193.5554247806556	
3613.5336	0.04719999999997526	Ripples	0.04719999999997526	3613.5600000000004	15.314778756014919	155.74261674406307	1114.9138285959862	
3616.0056	0.03760000000011132	Ripples	0.03760000000011132	3616.016	10.770732534466065	167.44854439101968	1037.3038832736786	
3616.6256000000003	0.03999999999996362	Ripples	0.03999999999996362	3616.6584000000003	6.89749150332301	150.3389050049021	706.7725308240085	
3621.2952	0.03040000000009968	Ripples	0.03040000000009968	3621.3184	7.240990470098845	148.9452170771097	675.0267555134916	
3625.8736000000004	0.05199999999967986	Ripples	0.05199999999967986	3625.8816	6.042323459579972	161.04365845040343	504.01823076621633	
3642.1896	0.05360000000018772	Ripples	0.05360000000018772	3642.2176	28.323454886630763	160.5851725072549	1875.391191676602	
3644.1656000000003	0.024799999999686406	Ripples	0.024799999999686406	3644.1768	9.173477057876374	158.4326014441641	855.8305325549069	
3646.0032	0.062400000000252476	Ripples	0.062400000000252476	3646.0352000000003	28.535287951803987	157.12100613354343	1645.0116358501946	
3648.904	0.05760000000009313	Ripples	0.05760000000009313	3648.9288	12.591233504127546	149.88010584339264	1071.3301859775852	
3650.1368	0.04239999999981592	Ripples	0.04239999999981592	3650.1656000000003	14.391695899582444	149.4849680335421	1144.8557054504286	
3652.1112000000003	0.03359999999975116	Ripples	0.03359999999975116	3652.1232	6.693242660394058	159.2537545184123	638.9663617264567	
3653.7872	0.044800000000122964	Ripples	0.044800000000122964	3653.8192000000004	12.987808503179282	154.04303203053797	1118.084442798485	
3659.8992000000003	0.038399999999910506	Ripples	0.038399999999910506	3659.9264000000003	6.740619845479696	165.1058708917576	809.301878617223	
3662.7760000000003	0.028800000000046566	Ripples	0.028800000000046566	3662.784	7.267821010693044	156.9805878359239	767.2090596304325	
3677.5136	0.04399999999986903	Ripples	0.04399999999986903	3677.5248	16.19571437083126	156.08006558988282	1142.866567053208	
3680.5176	0.05040000000008149	Ripples	0.05040000000008149	3680.5456000000004	13.538833489536547	152.24222279804331	1121.599504463712	
3688.8288000000002	0.052000000000134605	Ripples	0.052000000000134605	3688.8680000000004	20.19820762204994	152.1160771858369	1283.1259424497953	
3694.7416000000003	0.02959999999984575	Ripples	0.02959999999984575	3694.7496	7.766432049457896	163.41096919464007	791.3778303905294	
3698.5048	0.03440000000000509	Ripples	0.03440000000000509	3698.5240000000003	13.046520605154983	167.90810667827725	1294.1959695604507	
3699.2056000000002	0.0727999999999156	Ripples	0.0727999999999156	3699.228	19.096376460916645	145.51891652816312	1061.9514558442318	
3699.6856000000002	0.06320000000005166	Ripples	0.06320000000005166	3699.7384	8.079781931826197	154.70762699895283	671.6130749981444	
3702.5640000000003	0.04320000000006985	Ripples	0.04320000000006985	3702.5776	12.389437768466998	164.1997806339626	968.726768892033	
3703.0144	0.028800000000046566	Ripples	0.028800000000046566	3703.0288	20.108589508136248	164.30004521377828	1432.1167045615252	
3710.3784	0.05920000000014625	Ripples	0.05920000000014625	3710.4216	8.138380132432726	159.45871647157048	1046.1116481283193	
3710.828	0.04320000000006985	Ripples	0.04320000000006985	3710.8368	5.724687298035894	155.886235673266	679.4934044021935	
3711.7288000000003	0.0704000000000633	Ripples	0.0704000000000633	3711.768	15.331285201705787	153.16153246483725	1169.2572128230863	
3714.0512000000003	0.03279999999995198	Ripples	0.03279999999995198	3714.0696000000003	15.583687583092162	156.94428309446522	1171.181138624941	
3714.5624000000003	0.03999999999996362	Ripples	0.03999999999996362	3714.5736	10.340933305179155	153.46931026516097	859.2045970715803	
3714.6304	0.04640000000017608	Ripples	0.04640000000017608	3714.6488000000004	11.068529535789127	153.05014928027117	1004.4310345386857	
3715.6344000000004	0.047999999999774445	Ripples	0.047999999999774445	3715.6464	10.900347220422768	148.84559847892646	866.5456711525437	
3716.3808000000004	0.027999999999792635	Ripples	0.027999999999792635	3716.3928	15.786315730099728	162.50177113126233	1196.3414256021756	
3728.7952	0.03999999999996362	Ripples	0.03999999999996362	3728.8120000000004	21.36063108570221	163.24017171183507	1181.7310656529073	
3729.1248	0.04640000000017608	Ripples	0.04640000000017608	3729.1472000000003	16.48863437644393	150.41655505068073	996.402034534221	
3734.6336	0.04399999999986903	Ripples	0.04399999999986903	3734.6560000000004	13.102384749796645	149.40464285783546	863.8168128424352	
3736.4472	0.028000000000247383	Ripples	0.028000000000247383	3736.4616	18.115697200586048	161.876303654011	1255.542200732893	
3737.3920000000003	0.03359999999975116	Ripples	0.03359999999975116	3737.4008000000003	5.823248506088798	153.23558510094833	607.4504564514843	
3737.612	0.051199999999880674	Ripples	0.051199999999880674	3737.6488000000004	15.527568447852623	155.49099947912237	1271.0296922876855	
3739.3152	0.02320000000008804	Ripples	0.02320000000008804	3739.3272	16.06424450373097	158.47553423386137	1138.0190462683602	
3744.556	0.028800000000046566	Ripples	0.028800000000046566	3744.5672	12.561928148741092	160.76787029429255	951.5900292315088	
3745.1800000000003	0.03279999999995198	Ripples	0.03279999999995198	3745.2064	5.570793666752791	153.47612623620418	537.8338390799162	
3750.1608	0.058399999999892316	Ripples	0.058399999999892316	3750.204	7.27513155636533	148.3963987095042	491.03329036077804	
3750.2752	0.03040000000009968	Ripples	0.03040000000009968	3750.2944	5.371596992803527	144.16333580061004	441.73639224193295	
3752.7656	0.03040000000009968	Ripples	0.03040000000009968	3752.7768	6.663134686953989	158.92822297600506	651.8814446912331	
3753.4016	0.022399999999834108	Ripples	0.022399999999834108	3753.4136000000003	6.864927425461328	157.29389886379573	645.669227080522	
3754.3376000000003	0.03999999999996362	Ripples	0.03999999999996362	3754.3672	24.32654841775269	153.13652734642173	1311.6769827387245	
3755.6128000000003	0.024799999999686406	Ripples	0.024799999999686406	3755.6240000000003	6.799968119736686	155.31396225105343	763.422298551094	
3761.0384000000004	0.02879999999959182	Ripples	0.02879999999959182	3761.0496000000003	15.210973024546748	159.08283294395875	1107.4261806647487	
3761.8672	0.028800000000046566	Ripples	0.028800000000046566	3761.8776000000003	10.599276763230526	172.04100321038064	945.3798945547511	
3764.7560000000003	0.030399999999644933	Ripples	0.030399999999644933	3764.7728	7.749372040604737	149.9876147110866	829.0866555893327	
3765.1376	0.055200000000240834	Ripples	0.055200000000240834	3765.1760000000004	11.431112870688658	149.3340327387631	946.2715420020928	
3768.6088	0.03120000000035361	Ripples	0.03120000000035361	3768.6192	12.954414883746587	158.88113901787588	1028.1100508862737	
3772.4736000000003	0.027999999999792635	Ripples	0.027999999999792635	3772.4848	9.413287517433995	159.50877298141393	898.4990234307592	
3772.7728	0.04239999999981592	Ripples	0.04239999999981592	3772.7912	15.449372942216606	152.26676994752177	1139.1736806980766	
3777.9816	0.03680000000031214	Ripples	0.03680000000031214	3777.9904	11.274938505638048	161.7153151185215	994.605874163576	
3778.2976000000003	0.022399999999834108	Ripples	0.022399999999834108	3778.3088000000002	7.2664508874800955	151.75907520068253	684.6695326028703	
3778.6768	0.028800000000046566	Ripples	0.028800000000046566	3778.692	17.561967154170876	162.25771711821235	1407.0451411823956	
3785.5664	0.05760000000009313	Ripples	0.05760000000009313	3785.5856000000003	6.922977334972894	151.50486233699894	514.9922622850022	
3803.4184	0.024800000000141154	Ripples	0.024800000000141154	3803.4296000000004	9.862381983476203	166.18329432392062	928.6934233043713	
3804.7072000000003	0.0543999999999869	Ripples	0.0543999999999869	3804.7456	32.86245768936547	157.9203389701314	1961.163104855506	
3805.9224000000004	0.03679999999985739	Ripples	0.03679999999985739	3805.9368000000004	6.7990125827835035	152.82187975107777	711.0880615856688	
3807.0152000000003	0.04320000000006985	Ripples	0.04320000000006985	3807.0480000000002	28.346084338226703	160.062971435258	1541.6175616165574	
3810.2304000000004	0.03199999999969805	Ripples	0.03199999999969805	3810.2496	35.95682279344027	164.78575093614884	1729.4899748230982	
3814.3224	0.06719999999995707	Ripples	0.06719999999995707	3814.3424	23.282627459766125	158.15559062066353	1615.7513004726761	
3815.672	0.032000000000152795	Ripples	0.032000000000152795	3815.6896	12.257012705395598	153.93308991259872	947.2699212812046	
3816.5352000000003	0.020799999999780994	Ripples	0.020799999999780994	3816.5456000000004	7.070042338292761	161.59805839727764	769.6406056337864	
3829.0	2839.0	SleepStates						Awake
3874.1424	0.028800000000046566	Ripples	0.028800000000046566	3874.1600000000003	6.727457275909544	157.10089775375934	844.5533436005455	
3884.7976000000003	0.06639999999970314	Ripples	0.06639999999970314	3884.8368	20.110373411842737	151.45664534073765	1444.624465020905	
3890.04	0.02320000000008804	Ripples	0.02320000000008804	3890.0504	7.546448928859358	168.70565202002456	837.5933120090758	
3897.5488	0.03680000000031214	Ripples	0.03680000000031214	3897.5728000000004	21.256983335716978	165.83829292568205	1503.1317938196835	
3903.8176000000003	0.03199999999969805	Ripples	0.03199999999969805	3903.8352	21.48161733101357	159.25186275522637	1479.56338664516	
3907.2216000000003	0.03999999999996362	Ripples	0.03999999999996362	3907.2416000000003	8.167515072350676	164.12598637363885	1013.8401226401502	
3962.5552000000002	0.024800000000141154	Ripples	0.024800000000141154	3962.5688	7.3928674661252884	156.61336539479134	796.203288474555	
3971.6712	0.02320000000008804	Ripples	0.02320000000008804	3971.6832000000004	11.018697724165698	161.05611862704075	996.4242697048828	
4003.7104000000004	0.02719999999999345	Ripples	0.02719999999999345	4003.724	5.437754424236215	161.30385685509154	804.2473420037468	
4025.1552	0.04239999999981592	Ripples	0.04239999999981592	4025.168	8.069113083175244	159.02389305482626	869.4780712623254	
4028.5784000000003	0.024799999999686406	Ripples	0.024799999999686406	4028.5896000000002	17.973772180395517	164.94631842088208	1323.1851612202236	
4039.3056	0.03920000000016444	Ripples	0.03920000000016444	4039.3216	12.763948290496538	153.01408702254872	1000.1936592137661	
4103.8184	0.028000000000247383	Ripples	0.028000000000247383	4103.8352	8.499845021103532	153.52593738589718	807.6836679894657	
4103.8904	0.02959999999984575	Ripples	0.02959999999984575	4103.907200000001	15.407364079071401	163.3043579163311	1277.7878747245013	
4129.1624	0.05599999999958527	Ripples	0.05599999999958527	4129.1808	7.472655796701088	149.95504999995686	724.3244301970358	
4130.988	0.051199999999880674	Ripples	0.051199999999880674	4131.0168	22.403462335430355	170.19645035578822	1536.708539498444	
4134.9800000000005	0.04959999999937281	Ripples	0.04959999999937281	4134.9944000000005	12.356130405342155	154.73889595409375	1121.7609704354275	
4135.580800000001	0.03839999999945576	Ripples	0.03839999999945576	4135.6008	30.686352867342872	168.8695055067796	1843.2055393463233	
4138.9984	0.05040000000008149	Ripples	0.05040000000008149	4139.0384	11.03085710336433	159.70298920855598	997.7587565842628	
4140.852	0.045600000000376895	Ripples	0.045600000000376895	4140.8656	34.15365016590419	165.64870366900337	1914.2322901238645	
4142.2792	0.05360000000018772	Ripples	0.05360000000018772	4142.3032	14.875702026751815	165.1032678829327	1318.788312924894	
4147.7544	0.048800000000483124	Ripples	0.048800000000483124	4147.7864	13.510510845895197	148.44899444559562	1091.9203035506118	
4151.6192	0.06559999999990396	Ripples	0.06559999999990396	4151.6704	10.39830210033603	150.25657619925425	787.0395777653466	
4155.8392	0.022399999999834108	Ripples	0.022399999999834108	4155.848	10.067503232446322	162.34138656492038	945.9477476910239	
4156.907200000001	0.034399999999550346	Ripples	0.034399999999550346	4156.9296	30.499969705802027	169.56518859408104	1581.2027304191329	
4157.153600000001	0.05999999999949068	Ripples	0.05999999999949068	4157.182400000001	34.1020582029035	157.9972226054406	1893.9708443897339	
4169.6296	0.034399999999550346	Ripples	0.034399999999550346	4169.6472	31.96104174532117	161.46555909102207	1638.5254850791823	
4173.2408000000005	0.024800000000141154	Ripples	0.024800000000141154	4173.2496	10.146922589153757	163.6842363757881	927.2230438100611	
4173.5504	0.04320000000006985	Ripples	0.04320000000006985	4173.5864	5.914245552235451	151.7154780370772	705.4278309343226	
4178.084	0.0543999999999869	Ripples	0.0543999999999869	4178.0896	5.591326965387806	160.23520526020133	680.5547175624698	
4178.2304	0.058399999999892316	Ripples	0.058399999999892316	4178.26	24.48698812921582	163.47911299576765	1512.8282807179478	
4187.7488	0.03839999999945576	Ripples	0.03839999999945576	4187.7712	14.332549398726096	171.37931677945926	1144.0638757235047	
4193.816	0.028800000000046566	Ripples	0.028800000000046566	4193.8304	14.407853913111806	158.50110432154645	1167.6508223896706	
4195.2424	0.03120000000035361	Ripples	0.03120000000035361	4195.2568	19.72543934049499	160.02051495552988	1426.411616250767	
4208.7488	0.05279999999947904	Ripples	0.05279999999947904	4208.7872	9.325191559178133	155.004654123014	1028.9846402869098	
4216.1368	0.052800000000388536	Ripples	0.052800000000388536	4216.153600000001	6.415762508794039	154.09464541088127	852.4314613471342	
4221.9584	0.028800000000046566	Ripples	0.028800000000046566	4221.9672	10.204766974660437	155.97176232583814	879.5754089775131	
4225.403200000001	0.023999999999432475	Ripples	0.023999999999432475	4225.4192	8.36038407761963	162.17213631522992	867.5954511028239	
4226.3144	0.028000000000247383	Ripples	0.028000000000247383	4226.332	19.549047572103888	169.15936110391257	1347.6404521114641	
4272.791200000001	0.04719999999997526	Ripples	0.04719999999997526	4272.804	19.18143412949164	162.69562545877582	1381.0671512854758	
4272.8784000000005	0.04320000000006985	Ripples	0.04320000000006985	4272.8896	9.712052169457687	156.9026146126396	1021.6298147841563	
4275.7856	0.03120000000035361	Ripples	0.03120000000035361	4275.7992	18.706365299201483	159.24393815851118	1324.4082985716636	
4284.24	0.022400000000743603	Ripples	0.022400000000743603	4284.251200000001	5.675541984187037	149.3123961229752	638.2552240584346	
4296.9776	0.037599999999656575	Ripples	0.037599999999656575	4296.9936	22.031088718829615	174.1842278749547	1465.6694397520116	
4305.1952	0.03120000000035361	Ripples	0.03120000000035361	4305.2168	12.770569976101374	157.77033151481763	1027.921572989042	
4310.7792	0.05520000000069558	Ripples	0.05520000000069558	4310.8232	9.889655197293392	155.9259329072117	881.1974526622943	
4312.4112000000005	0.023199999999633292	Ripples	0.023199999999633292	4312.4224	12.034543332369479	166.25442262799746	1076.8016855204085	
4332.416	0.0272000000004482	Ripples	0.0272000000004482	4332.4328000000005	14.94144669473392	161.94914673235343	1184.1306665028198	
4335.030400000001	0.05040000000008149	Ripples	0.05040000000008149	4335.064	7.877867134985803	156.25081397146448	930.418076933768	
4341.504800000001	0.04239999999936117	Ripples	0.04239999999936117	4341.5248	14.611759871242755	168.15711903659346	1373.1934755024433	
4341.6776	0.042400000000270666	Ripples	0.042400000000270666	4341.6976	16.004284579320455	162.27846193713785	1451.638776165142	
4345.9488	0.03120000000035361	Ripples	0.03120000000035361	4345.9632	7.639316122895234	159.33238965486322	934.7771015061088	
4525.2232	0.023999999999432475	Ripples	0.023999999999432475	4525.24	6.699801387267133	157.76909467547327	786.6086810783945	
4575.5216	0.028000000000247383	Ripples	0.028000000000247383	4575.5296	5.29442384631557	160.88048846746136	696.0753957423678	
4626.0016000000005	0.040799999999762804	Ripples	0.040799999999762804	4626.0328	6.208843922108196	162.18550473735812	732.5767967540987	
4630.2632	0.07120000000031723	Ripples	0.07120000000031723	4630.2712	5.767997359965266	155.68319243807505	635.5938398365112	
4697.46	0.032000000000152795	Ripples	0.032000000000152795	4697.4824	7.882108225823707	165.60530406279142	932.1670585339252	
4778.6359999999995	0.023199999999633292	Ripples	0.023199999999633292	4778.6496	11.587008053856863	161.89088094049092	991.0032754918298	
4867.213599999999	0.068000000000211	Ripples	0.068000000000211	4867.235199999999	7.553709086146977	150.45641426825037	902.2799168511444	
4883.263999999999	0.029600000000755244	Ripples	0.029600000000755244	4883.2735999999995	5.350207931134973	163.22391758860516	762.367287830969	
4883.4136	0.03679999999985739	Ripples	0.03679999999985739	4883.4367999999995	15.557186756951312	170.27921943082805	1097.2661914242785	
4885.263199999999	0.024800000000141154	Ripples	0.024800000000141154	4885.2807999999995	5.9394127008394975	161.27981357503722	791.3278081087609	
4903.2184	0.09439999999995052	Ripples	0.09439999999995052	4903.295999999999	8.8681876475338	162.17482997293735	1016.1256834251415	
4943.1856	0.04879999999957363	Ripples	0.04879999999957363	4943.194399999999	8.393672183485805	155.4870882465202	888.2775763829416	
4968.393599999999	0.021600000000034925	Ripples	0.021600000000034925	4968.404799999999	6.498176146877193	168.4036510406299	802.4077604014516	
4971.267199999999	0.032000000000152795	Ripples	0.032000000000152795	4971.281599999999	12.704567780535372	155.15593681502125	1103.8365412316152	
4971.398399999999	0.03440000000045984	Ripples	0.03440000000045984	4971.412799999999	22.861693359264958	159.2423031506259	1527.292807623506	
4978.100799999999	0.0632000000005064	Ripples	0.0632000000005064	4978.1168	20.670990348526363	161.69781081368168	1542.5993132521048	
4979.2464	0.04159999999956199	Ripples	0.04159999999956199	4979.274399999999	14.39302167628639	155.52195298642678	1176.145822713902	
4982.647999999999	0.03120000000035361	Ripples	0.03120000000035361	4982.659199999999	8.999089870886985	156.69735111754733	892.0163769125456	
5008.5271999999995	0.03999999999996362	Ripples	0.03999999999996362	5008.550399999999	9.827200402849348	156.7312732418598	1034.7171220050043	
5017.329599999999	0.028000000000247383	Ripples	0.028000000000247383	5017.3408	7.3639530047802895	156.9745837236992	828.5595266496332	
5017.388	0.06239999999979773	Ripples	0.06239999999979773	5017.433599999999	9.145897892126316	152.77378735305862	986.6422811819792	
5018.5808	0.027199999999538704	Ripples	0.027199999999538704	5018.592	16.644866395534606	164.1755310454415	1228.3045497612918	
5018.643999999999	0.024800000000141154	Ripples	0.024800000000141154	5018.658399999999	13.688237983697862	161.0321143486637	1139.677517561235	
5022.734399999999	0.02639999999973952	Ripples	0.02639999999973952	5022.7504	8.408917870157946	167.516630245294	982.2929882418861	
5029.1136	0.028000000000247383	Ripples	0.028000000000247383	5029.1272	16.675173843335003	160.1583612332464	1265.1590739215374	
5039.4064	0.04320000000006985	Ripples	0.04320000000006985	5039.436	12.311275304724132	159.87773446809095	1089.5976032056874	
5043.8535999999995	0.06239999999979773	Ripples	0.06239999999979773	5043.9024	11.152468092042765	162.96952629986046	1182.1577754458367	
5055.966399999999	0.028800000000046566	Ripples	0.028800000000046566	5055.974399999999	7.538728413924579	160.419819871089	822.9762191691173	
5064.393599999999	0.040799999999762804	Ripples	0.040799999999762804	5064.4112	11.742863615344408	174.5008618260915	1107.9855860151486	
5064.539199999999	0.03760000000056607	Ripples	0.03760000000056607	5064.5552	15.100266663756086	164.61133959947122	1109.8688030839014	
5067.3168	0.040799999999762804	Ripples	0.040799999999762804	5067.3312	18.648085745317236	156.80248996651295	1321.3244414211001	
5077.082399999999	0.0272000000004482	Ripples	0.0272000000004482	5077.096	8.21422500808761	156.5852017016359	832.7645260578068	
5082.8336	0.0319999999992433	Ripples	0.0319999999992433	5082.8535999999995	18.079578071984084	166.84019092755062	1350.9513725180245	
5099.5408	0.05040000000008149	Ripples	0.05040000000008149	5099.5592	15.220750311674223	161.74135660470478	1258.7899615057431	
5102.4944	0.02400000000034197	Ripples	0.02400000000034197	5102.502399999999	11.673672384921893	163.1547452479749	986.0209693286129	
5110.7152	0.02080000000023574	Ripples	0.02080000000023574	5110.7288	10.832350348705958	161.11228893900108	966.2929684407909	
5110.835999999999	0.023200000000542786	Ripples	0.023200000000542786	5110.8496	7.454834865031432	164.66313158771572	867.7660407860714	
5114.075199999999	0.05200000000058935	Ripples	0.05200000000058935	5114.0872	11.15808871257929	149.97386049708385	901.314394695217	
5114.179999999999	0.028800000000046566	Ripples	0.028800000000046566	5114.192	13.343740242842154	159.85477976129556	1172.7609071653915	
5115.4176	0.03999999999996362	Ripples	0.03999999999996362	5115.4472	22.146259089619583	168.77550086875112	1418.8394973985107	
5122.6215999999995	0.0272000000004482	Ripples	0.0272000000004482	5122.6384	15.590334812872463	161.35051244367818	1223.6060252315833	
5122.719999999999	0.03120000000035361	Ripples	0.03120000000035361	5122.731199999999	17.755069256808255	158.2865195809225	1280.550385992878	
5122.8672	0.05999999999949068	Ripples	0.05999999999949068	5122.896	15.070824830754852	148.9382802088337	1155.014173157693	
5452.9832	0.027999999999337888	Ripples	0.027999999999337888	5452.9976	11.065122308602307	159.98499061795852	1031.3300695704738	
5465.3768	0.02479999999923166	Ripples	0.02479999999923166	5465.3904	16.94495496751417	160.52675742874496	1213.4545141630927	
5483.1024	0.022399999999834108	Ripples	0.022399999999834108	5483.112799999999	9.064315093884662	167.91709056891682	900.309358469139	
5552.271199999999	0.0408000000006723	Ripples	0.0408000000006723	5552.28	12.55703543108264	165.3577121145313	1028.8944877318663	
5552.3384	0.03359999999975116	Ripples	0.03359999999975116	5552.3552	5.249675233809755	161.0552535043465	767.822010041939	
5574.1208	0.021600000000034925	Ripples	0.021600000000034925	5574.1287999999995	11.074616130838567	162.493361933331	946.4944514174082	
5584.5696	0.022399999999834108	Ripples	0.022399999999834108	5584.583999999999	13.2136356941678	160.78228133768383	1034.018903617381	
5684.9104	0.03600000000005821	Ripples	0.03600000000005821	5684.9256	15.718848305477254	155.9477846358497	1289.985844724276	
5685.067999999999	0.0408000000006723	Ripples	0.0408000000006723	5685.0848	10.696133339198221	171.77210138083367	1033.4549103315226	
5698.337599999999	0.03360000000066066	Ripples	0.03360000000066066	5698.3456	6.666006133804851	169.81883718155828	707.1009391092385	
5703.132	0.03679999999985739	Ripples	0.03679999999985739	5703.1464	16.245722383850076	155.72131135624545	1028.6684739013544	
5703.2408	0.04800000000068394	Ripples	0.04800000000068394	5703.256799999999	19.132773071580953	175.9255392542427	1334.3528534774653	
5707.3823999999995	0.04960000000028231	Ripples	0.04960000000028231	5707.3967999999995	10.43112317540889	157.35255402225434	1015.4413973937765	
5718.415999999999	0.03120000000035361	Ripples	0.03120000000035361	5718.4352	7.3915605377616265	168.14489592726457	915.5484183178015	
5723.98	0.02959999999984575	Ripples	0.02959999999984575	5723.9976	9.604439966932146	172.94298727306807	917.7967373036723	
5728.955199999999	0.03999999999996362	Ripples	0.03999999999996362	5728.9688	22.790290051984652	161.53239939659716	1497.2881065891834	
5729.147199999999	0.03360000000066066	Ripples	0.03360000000066066	5729.163199999999	11.994338768988298	162.69779514410797	1168.9704507195559	
5729.2888	0.023199999999633292	Ripples	0.023199999999633292	5729.2991999999995	14.013525523632119	168.64590162366397	1061.8673495734645	
5744.1024	0.0272000000004482	Ripples	0.0272000000004482	5744.119199999999	5.82666272771677	168.3822309196459	776.1047521269181	
5746.4032	0.05519999999978609	Ripples	0.05519999999978609	5746.4176	13.09261974288337	153.63192445890746	1042.467594367139	
5771.0368	0.031199999999444117	Ripples	0.031199999999444117	5771.0504	16.414786897887506	160.62849721318764	1354.697691381703	
5771.154399999999	0.020000000000436557	Ripples	0.020000000000436557	5771.163199999999	7.240659617567019	158.93748706030976	812.8820660460697	
5785.2904	0.025599999999940337	Ripples	0.025599999999940337	5785.3063999999995	7.939214204696191	163.13246903733517	968.2070046452137	
5789.8992	0.0543999999999869	Ripples	0.0543999999999869	5789.931199999999	14.919526498978085	170.41704495105688	1156.932294515997	
5799.384	0.039999999999054126	Ripples	0.039999999999054126	5799.4032	27.210685924242426	162.2970228988451	1675.3520874454623	
5799.5864	0.062399999998888234	Ripples	0.062399999998888234	5799.604799999999	14.286631050843484	151.6828379630068	1114.9615010378122	
5912.9839999999995	0.04960000000028231	Ripples	0.04960000000028231	5913.025599999999	13.810437274250287	163.6585350645478	1010.744275559744	
5917.9784	0.03359999999975116	Ripples	0.03359999999975116	5917.995199999999	16.389501005427892	159.93355575657193	1319.5187235108117	
5930.407999999999	0.023199999999633292	Ripples	0.023199999999633292	5930.4216	9.53680275564885	165.2850914225492	920.5193227453016	
5977.995199999999	0.021600000000034925	Ripples	0.021600000000034925	5978.003199999999	5.166333698990794	166.63072780941505	734.3047549505842	
6008.706399999999	0.04399999999986903	Ripples	0.04399999999986903	6008.7296	6.782825811804041	157.9529347649365	889.5398475700407	
6009.373599999999	0.036800000000766886	Ripples	0.036800000000766886	6009.4	9.067780909310311	157.01334083738547	915.4989808630568	
6013.075199999999	0.030399999999644933	Ripples	0.030399999999644933	6013.0944	11.312880978442097	164.7661857539309	1087.4038778150964	
6117.002399999999	0.020000000000436557	Ripples	0.020000000000436557	6117.016	5.9181552714863495	156.21628477497666	679.2305608053557	
6117.048	0.024800000000141154	Ripples	0.024800000000141154	6117.0624	7.596267993782086	160.15061918473722	834.9381198050263	
6121.677599999999	0.03840000000036525	Ripples	0.03840000000036525	6121.7008	14.319579890822279	166.94978958003756	1308.7056542830096	
6128.031999999999	0.022399999999834108	Ripples	0.022399999999834108	6128.044	5.534979506628642	157.1448540325091	761.9494938984985	
6145.988799999999	0.023200000000542786	Ripples	0.023200000000542786	6146.0016	6.94688239487462	157.02058559221126	839.6543711788844	
6146.1176	0.068000000000211	Ripples	0.068000000000211	6146.1424	21.226639665118814	154.27509087829614	1512.9509707007483	
6146.2256	0.0455999999994674	Ripples	0.0455999999994674	6146.2392	9.887201576266374	159.27534426285817	980.4337163208818	
6168.2944	0.027999999999337888	Ripples	0.027999999999337888	6168.307999999999	15.764841074386455	162.90205641131206	1305.0694432078494	
6169.0576	0.05439999999907741	Ripples	0.05439999999907741	6169.08	14.929392584632504	152.49894875984194	1095.0067426072899	
6186.3823999999995	0.032000000000152795	Ripples	0.032000000000152795	6186.3904	7.08550203156771	167.35950337781424	822.6827912848837	
6186.464	0.023199999999633292	Ripples	0.023199999999633292	6186.474399999999	6.4515307881745505	157.4664038455386	805.1364397886421	
6219.376	0.04399999999986903	Ripples	0.04399999999986903	6219.3928	6.099108487657661	168.0512618043944	844.4141240320793	
6234.444799999999	0.024800000000141154	Ripples	0.024800000000141154	6234.459999999999	6.898472389719726	157.65959533233715	811.7525316155192	
6234.568799999999	0.03600000000005821	Ripples	0.03600000000005821	6234.5944	28.584134211010245	165.13384064083473	1629.609706429712	
6234.6744	0.05040000000008149	Ripples	0.05040000000008149	6234.708799999999	21.662725020322267	161.37643238630667	1455.234579688999	
6252.5671999999995	0.030399999999644933	Ripples	0.030399999999644933	6252.578399999999	6.2353509206255735	159.9382431760913	802.9705957800223	
6253.706399999999	0.04320000000006985	Ripples	0.04320000000006985	6253.74	12.470181231540048	166.5331440570263	1111.2984772149343	
6258.0584	0.023999999999432475	Ripples	0.023999999999432475	6258.072	6.084860265400121	159.4343183815311	778.109907790902	
6264.0552	0.0543999999999869	Ripples	0.0543999999999869	6264.1032	5.147766438896516	165.21690421960955	636.5448069297917	
6271.2112	0.0272000000004482	Ripples	0.0272000000004482	6271.2248	12.653857575969912	160.07485112624542	1119.37677244385	
6298.784	0.03679999999985739	Ripples	0.03679999999985739	6298.8096	13.26351391431538	155.268515249293	1033.8526493762424	
6299.0208	0.0319999999992433	Ripples	0.0319999999992433	6299.0408	21.81406275316929	165.55192987009872	1465.2798027798847	
6301.017599999999	0.03920000000107393	Ripples	0.03920000000107393	6301.031999999999	22.10237795398375	159.86098407021865	1479.3593928995213	
6323.088	0.030399999999644933	Ripples	0.030399999999644933	6323.105599999999	6.84405030203482	159.44478470521284	895.0926380246925	
6327.9176	0.07119999999940774	Ripples	0.07119999999940774	6327.9776	11.192930786700867	151.4856640598471	926.8803883334886	
6332.5016	0.03440000000045984	Ripples	0.03440000000045984	6332.5264	7.963518954437136	157.48358131875935	916.5405244606538	
6333.3472	0.023999999999432475	Ripples	0.023999999999432475	6333.3552	6.341666268710323	162.15949030261368	792.7013336522913	
6349.1376	0.04399999999986903	Ripples	0.04399999999986903	6349.1744	5.052153950880035	168.5435566194783	676.1992598581202	
6350.2624	0.03440000000045984	Ripples	0.03440000000045984	6350.279199999999	21.217681594025425	160.89039320464445	1436.2675013281535	
6350.440799999999	0.034399999999550346	Ripples	0.034399999999550346	6350.462399999999	10.240716578219423	151.51155593112298	942.9640337610471	
6354.6975999999995	0.08400000000074215	Ripples	0.08400000000074215	6354.7696	7.366724652266667	165.05210895265395	919.5674433942761	
6357.4856	0.03919999999925494	Ripples	0.03919999999925494	6357.496799999999	14.37653532871092	163.65204106743965	1123.9154675254513	
6357.6287999999995	0.028000000000247383	Ripples	0.028000000000247383	6357.6431999999995	10.636129701417046	157.2401215935193	1042.8606321171972	
6376.5416	0.02639999999973952	Ripples	0.02639999999973952	6376.553599999999	8.178385478005843	153.89246854511742	782.7253628859156	
6377.379199999999	0.03280000000086147	Ripples	0.03280000000086147	6377.387999999999	6.156271660207264	161.6680704753853	758.7122256453564	
6381.735199999999	0.02400000000034197	Ripples	0.02400000000034197	6381.749599999999	6.5454209009581765	159.27302732721387	832.5559838644904	
6389.8895999999995	0.040799999999762804	Ripples	0.040799999999762804	6389.9104	14.860317566056327	161.10071778616282	1278.3054898099892	
6390.039999999999	0.021600000000034925	Ripples	0.021600000000034925	6390.052	7.1077050126776555	169.11883487941725	851.702928272439	
6395.677599999999	0.09120000000075379	Ripples	0.09120000000075379	6395.7552	15.509471007248067	161.36497758891258	1270.541937870223	
6396.083199999999	0.03840000000036525	Ripples	0.03840000000036525	6396.0992	6.371237881538272	175.79416140018878	729.6410183658509	
6400.9544	0.03999999999996362	Ripples	0.03999999999996362	6400.9776	14.997716523128895	159.262672173937	1276.5189261990479	
6401.277599999999	0.028000000000247383	Ripples	0.028000000000247383	6401.2952	14.020467115433172	158.08293366035102	1083.6823335136642	
6402.364799999999	0.028800000000046566	Ripples	0.028800000000046566	6402.3784	9.56933252224625	159.57489124697875	984.183760104104	
6404.6648	0.04640000000017608	Ripples	0.04640000000017608	6404.6975999999995	32.1511287498785	161.41501144822234	1763.861054807495	
6408.2912	0.040799999999762804	Ripples	0.040799999999762804	6408.312	13.510349267962214	153.7792474688974	1227.1259354747122	
6410.872799999999	0.04399999999986903	Ripples	0.04399999999986903	6410.8976	14.303366580503456	167.15261668125817	1250.5037942336553	
6418.7552	0.022399999999834108	Ripples	0.022399999999834108	6418.763999999999	6.937499280618507	157.71023524383992	759.2770483639893	
6419.5912	0.03840000000036525	Ripples	0.03840000000036525	6419.611999999999	12.786781568623	158.8289332038056	1133.3132897893065	
6420.508	0.028800000000046566	Ripples	0.028800000000046566	6420.5296	6.181546255963109	155.7760808986101	716.6884529688715	
6423.0768	0.04159999999956199	Ripples	0.04159999999956199	6423.0912	7.096714949909796	157.66026456818608	984.055518686254	
6424.865599999999	0.03200000000106229	Ripples	0.03200000000106229	6424.879999999999	17.382754566877015	158.58705355281157	1320.9576588678465	
6426.34	0.027199999999538704	Ripples	0.027199999999538704	6426.350399999999	8.27102319938358	158.41622174673088	901.353611175635	
6430.155999999999	0.045600000000376895	Ripples	0.045600000000376895	6430.1672	8.877864421573069	157.50125913612752	998.1281328876579	
6437.3967999999995	0.03999999999996362	Ripples	0.03999999999996362	6437.415999999999	27.680490348658243	160.25751533089613	1656.9747228503186	
6437.496799999999	0.03440000000045984	Ripples	0.03440000000045984	6437.510399999999	8.759637858793885	160.79163421573358	1020.0370635225021	
6442.8744	0.030400000000554428	Ripples	0.030400000000554428	6442.8912	19.751624017360008	159.98351355813824	1415.223522215525	
6444.6071999999995	0.030400000000554428	Ripples	0.030400000000554428	6444.624	15.465901461689091	159.86769697668242	1247.661308629871	
6446.0696	0.03359999999975116	Ripples	0.03359999999975116	6446.092	9.42317070955127	153.4275038433978	861.9160169796138	
6448.072	0.0319999999992433	Ripples	0.0319999999992433	6448.0912	13.613207131182886	161.86912073745412	1173.220094674115	
6453.5512	0.05760000000009313	Ripples	0.05760000000009313	6453.5704	18.220148582716632	159.84295903350068	1502.8541985533075	
6460.9151999999995	0.0408000000006723	Ripples	0.0408000000006723	6460.9344	16.049392874778267	177.50393308754596	1166.2620347920981	
6463.839199999999	0.027199999999538704	Ripples	0.027199999999538704	6463.856	8.370346950494593	164.4682045773377	940.2890898715708	
6470.956	0.10719999999946594	Ripples	0.10719999999946594	6470.98	10.182034640617188	152.45207402977675	986.3772856313186	
6471.848	0.07679999999982101	Ripples	0.07679999999982101	6471.871999999999	16.797658178899074	157.88371795409745	1445.7264764569616	
6474.655199999999	0.028000000000247383	Ripples	0.028000000000247383	6474.6656	11.973390056271391	159.18475226663116	1036.0454122985086	
6474.9616	0.027999999999337888	Ripples	0.027999999999337888	6474.9784	20.168708446519815	162.7025156325869	1405.3300179997227	
6513.7024	0.07359999999971478	Ripples	0.07359999999971478	6513.7519999999995	10.422697651649989	152.92198110098292	984.8413516898985	
6542.2735999999995	0.04480000000057771	Ripples	0.04480000000057771	6542.284799999999	28.684614707663144	165.08272946666654	1604.3483615675707	
6552.430399999999	0.04160000000047148	Ripples	0.04160000000047148	6552.4472	24.32407924326955	166.82014494116922	1634.0408185725898	
6574.169599999999	0.03600000000005821	Ripples	0.03600000000005821	6574.191999999999	18.317073415042678	167.5784631519667	1381.209656351299	
6592.009599999999	0.042400000000270666	Ripples	0.042400000000270666	6592.0376	15.570551840971065	154.1602351577977	1211.976330456453	
6616.2024	0.021600000000034925	Ripples	0.021600000000034925	6616.2144	9.587059190767294	161.42025183691828	993.6409519245883	
6625.4616	0.03519999999934953	Ripples	0.03519999999934953	6625.4704	6.844422050818679	160.7898173533386	875.726578352934	
6631.8928	0.026400000000649015	Ripples	0.026400000000649015	6631.907999999999	11.097890593531591	154.9105220075223	896.5815451832267	
6632.0016	0.07120000000031723	Ripples	0.07120000000031723	6632.039199999999	34.84532332996463	160.53420895487423	2043.405767359222	
6640.0048	0.03920000000016444	Ripples	0.03920000000016444	6640.0296	16.028237901831794	152.0991883338004	1225.6130988029431	
6640.0944	0.044799999999668216	Ripples	0.044799999999668216	6640.1104	31.218381763370704	162.5359329623398	1803.7861124121848	
6641.5264	0.08559999999943102	Ripples	0.08559999999943102	6641.5512	32.018959618485674	153.1585924736701	1612.6656275837654	
6644.208	0.032000000000152795	Ripples	0.032000000000152795	6644.2256	19.116109995721704	156.71502458057537	1286.2111057041911	
6644.592	0.03760000000056607	Ripples	0.03760000000056607	6644.6088	40.95017789383299	159.90999480928627	2073.286817626956	
6648.220799999999	0.0632000000005064	Ripples	0.0632000000005064	6648.244	23.59391338703654	156.28929678477414	1584.3892201861415	
6656.661599999999	0.022399999999834108	Ripples	0.022399999999834108	6656.6759999999995	12.813946800538588	158.06506972263168	971.4376469714667	
6659.0488	0.028800000000046566	Ripples	0.028800000000046566	6659.0599999999995	7.066221735653024	162.34280817771247	762.630728378239	
6662.1008	0.03519999999934953	Ripples	0.03519999999934953	6662.118399999999	23.4201796753148	157.36280745524004	1501.9738648482146	
6667.713599999999	0.028000000000247383	Ripples	0.028000000000247383	6667.7312	15.106559692773281	158.75857201305163	1149.954202067251	
6669.0	38.0	SleepStates						Non-REM
6670.2288	0.03840000000036525	Ripples	0.03840000000036525	6670.242399999999	8.826706277036532	173.41748087631692	810.8722036300497	
6670.8472	0.03600000000005821	Ripples	0.03600000000005821	6670.8696	13.687625887183147	170.53958481909817	1244.2442684447196	
6672.386399999999	0.03280000000086147	Ripples	0.03280000000086147	6672.408799999999	8.027404488813335	148.31516403690654	738.1372814506034	
6675.394399999999	0.02959999999984575	Ripples	0.02959999999984575	6675.4056	12.382676159387426	159.26855279736097	964.9387045446032	
6678.7807999999995	0.058399999999892316	Ripples	0.058399999999892316	6678.804	30.47415804004059	157.16923225313562	1856.8374191679384	
6679.5208	0.04079999999885331	Ripples	0.04079999999885331	6679.539999999999	21.619610803372048	168.91242537064713	1546.3735419429236	
6679.815199999999	0.04399999999986903	Ripples	0.04399999999986903	6679.8376	15.794771726490048	145.9473716180183	927.1395336110324	
6686.6712	0.021600000000034925	Ripples	0.021600000000034925	6686.6816	9.522150451749006	159.57401292363434	823.916614930429	
6692.196	0.028800000000046566	Ripples	0.028800000000046566	6692.208799999999	15.300588118880553	171.23331583091837	1191.2278761418625	
6693.6215999999995	0.06560000000081345	Ripples	0.06560000000081345	6693.6752	24.66268018876661	165.98843165328185	1550.179094531732	
6694.7919999999995	0.09040000000004511	Ripples	0.09040000000004511	6694.8448	20.44353716346012	144.60427459783972	1220.82140624195	
6701.3552	0.042400000000270666	Ripples	0.042400000000270666	6701.387199999999	16.7355691355516	151.71867292550448	1123.6400556762026	
6708.0	33.0	SleepStates						Awake
6736.017599999999	0.04399999999986903	Ripples	0.04399999999986903	6736.031999999999	17.471418839805217	169.13535136035625	1295.0940955300227	
6738.5383999999995	0.03440000000045984	Ripples	0.03440000000045984	6738.5496	26.76601681612805	165.8897678055915	1514.2647073592511	
6739.5008	0.04320000000006985	Ripples	0.04320000000006985	6739.518399999999	24.539941332723608	161.38130508437058	1708.1288009158804	
6742.0	245.0	SleepStates						Non-REM
6744.1568	0.03279999999995198	Ripples	0.03279999999995198	6744.1728	17.56810975466377	166.89390010606232	1351.3701271285518	
6745.619199999999	0.1000000000003638	Ripples	0.1000000000003638	6745.663199999999	22.564431955537394	162.47768495957519	1768.2978401168011	
6746.944799999999	0.05040000000008149	Ripples	0.05040000000008149	6746.9655999999995	31.79713336953956	155.94746650882044	1869.718580082532	
6747.018399999999	0.04160000000047148	Ripples	0.04160000000047148	6747.031999999999	11.572497740824295	163.7601187510307	959.1585420207659	
6751.771999999999	0.035200000000259024	Ripples	0.035200000000259024	6751.7888	25.883706496757124	158.32553516539713	1574.0692812849447	
6753.28	0.027999999999337888	Ripples	0.027999999999337888	6753.292799999999	9.064655706897684	175.344393245932	892.357276671414	
6759.7256	0.03440000000045984	Ripples	0.03440000000045984	6759.742399999999	25.246340821489856	165.1000996286117	1673.1535869243535	
6762.8192	0.04320000000006985	Ripples	0.04320000000006985	6762.8472	20.045361474243546	172.85770032535757	1409.6935987384934	
6763.626399999999	0.03679999999985739	Ripples	0.03679999999985739	6763.641599999999	12.756590303601271	155.75929706161057	911.665457093626	
6767.503999999999	0.02080000000023574	Ripples	0.02080000000023574	6767.5144	6.376285853029594	160.93811012751686	793.6176154610739	
6767.7	0.020799999999326246	Ripples	0.020799999999326246	6767.708	9.674740168415655	168.07567559892286	835.9015610340102	
6774.756799999999	0.028800000000046566	Ripples	0.028800000000046566	6774.768	5.462668295806322	151.44315361085174	604.5479907620911	
6775.3088	0.03920000000016444	Ripples	0.03920000000016444	6775.32	5.504174184968308	162.8719247605113	740.7059830374909	
6778.224	0.031199999999444117	Ripples	0.031199999999444117	6778.241599999999	14.517107631330592	158.76986190587743	1141.2677858434174	
6778.3088	0.09279999999944266	Ripples	0.09279999999944266	6778.3232	16.266799709088254	156.1280222225165	1162.9885537483867	
6779.1136	0.08240000000023429	Ripples	0.08240000000023429	6779.183999999999	17.70747796671346	164.73615545171316	1342.1629538463053	
6785.409599999999	0.03840000000127475	Ripples	0.03840000000127475	6785.432	23.577040857834767	161.05314473273944	1644.309723066462	
6790.7336	0.03999999999996362	Ripples	0.03999999999996362	6790.7536	30.963438579287125	161.16654163925426	1909.9403744819363	
6792.7768	0.032000000000152795	Ripples	0.032000000000152795	6792.7952	9.002845502509006	156.03426562901825	950.2557128991119	
6793.8456	0.056799999999384454	Ripples	0.056799999999384454	6793.8696	32.76335419680122	155.82442768414862	1694.8723859546574	
6808.698399999999	0.052800000000388536	Ripples	0.052800000000388536	6808.7184	7.8163942613128885	159.67317702808856	898.7183503234419	
6810.9288	0.021600000000034925	Ripples	0.021600000000034925	6810.9439999999995	7.315233448493448	158.53314741869184	734.671011934088	
6815.36	0.03120000000035361	Ripples	0.03120000000035361	6815.3768	28.126219413160097	161.35116213059035	1643.1919275310827	
6817.293599999999	0.060800000001108856	Ripples	0.060800000001108856	6817.343999999999	16.161729793187508	154.34870041583974	1109.1298665957013	
6817.4784	0.030399999999644933	Ripples	0.030399999999644933	6817.4936	17.58803807000677	158.24757060231076	1124.984305108461	
6817.619999999999	0.04160000000047148	Ripples	0.04160000000047148	6817.6376	26.336091142302898	155.77833187431125	1626.3732880582875	
6818.4856	0.031199999999444117	Ripples	0.031199999999444117	6818.503999999999	9.441964969991263	172.58932738129604	890.2586032379469	
6820.061599999999	0.048800000000483124	Ripples	0.048800000000483124	6820.0944	31.288442496736387	159.13502059802173	1812.5689080042791	
6820.3416	0.02479999999923166	Ripples	0.02479999999923166	6820.3528	6.057856545407489	150.05944249527178	726.9609569850626	
6825.472	0.0272000000004482	Ripples	0.0272000000004482	6825.4864	30.117267430454213	167.3521729328643	1700.2972400800409	
6840.8616	0.06559999999990396	Ripples	0.06559999999990396	6840.895199999999	26.542683550664805	159.08995698938136	1732.0834116072706	
6843.3207999999995	0.061599999999998545	Ripples	0.061599999999998545	6843.3488	27.771607888706388	154.6088478152344	1845.930031697217	
6845.227999999999	0.02959999999984575	Ripples	0.02959999999984575	6845.2392	11.40430380295224	154.45998131871298	1014.325013137875	
6845.364	0.09599999999954889	Ripples	0.09599999999954889	6845.4504	24.504266261048322	158.68620431705256	1384.5135995605244	
6845.7008	0.030400000000554428	Ripples	0.030400000000554428	6845.7176	21.7888002254305	160.33181892895956	1438.6091811039314	
6847.170399999999	0.03200000000106229	Ripples	0.03200000000106229	6847.188	30.669865553702994	159.97584293553328	1674.8349987140032	
6849.046399999999	0.028800000000046566	Ripples	0.028800000000046566	6849.064	16.668039780442864	158.53415229087912	1170.364273617911	
6857.807199999999	0.04800000000068394	Ripples	0.04800000000068394	6857.8312	14.846342417136734	162.9373550786913	1304.9931614702814	
6859.0656	0.03839999999945576	Ripples	0.03839999999945576	6859.0815999999995	17.091164745184066	161.41097390299296	1322.6828986792361	
6859.8063999999995	0.03999999999996362	Ripples	0.03999999999996362	6859.8232	26.116411162664807	155.03460804328893	1665.2164718300419	
6865.82	0.09200000000055297	Ripples	0.09200000000055297	6865.8376	22.957794563329287	161.81144719791246	1518.9703805711604	
6866.655199999999	0.02400000000034197	Ripples	0.02400000000034197	6866.6687999999995	10.638476167700592	158.09510780664044	975.7911063649267	
6866.763199999999	0.028000000000247383	Ripples	0.028000000000247383	6866.7744	23.877395082299746	163.87162736875095	1426.9128029010164	
6869.329599999999	0.021600000000034925	Ripples	0.021600000000034925	6869.34	5.917373420626587	155.81730632978648	684.2408958351649	
6869.3967999999995	0.027199999999538704	Ripples	0.027199999999538704	6869.407999999999	8.859932417998815	167.2417926735788	966.2371263612255	
6869.503999999999	0.04160000000047148	Ripples	0.04160000000047148	6869.517599999999	7.806668973947336	159.91344223536115	927.1199135204256	
6870.503199999999	0.02480000000105065	Ripples	0.02480000000105065	6870.5136	5.334703227965279	153.6799123562504	643.3597328302856	
6870.6248	0.025599999999940337	Ripples	0.025599999999940337	6870.6392	19.824742735181694	158.944039882109	1270.3628696116798	
6871.9264	0.04079999999885331	Ripples	0.04079999999885331	6871.9432	21.983497726482813	159.05771934287796	1506.5908996956935	
6874.3816	0.04480000000057771	Ripples	0.04480000000057771	6874.409599999999	22.086296438681686	158.57612486288477	1529.2042847274863	
6875.553599999999	0.058399999999892316	Ripples	0.058399999999892316	6875.5656	6.541281875443719	151.18014537811692	778.048616104454	
6886.748	0.04800000000068394	Ripples	0.04800000000068394	6886.768	29.377888038411655	155.98427215711104	1758.66317078032	
6886.956	0.028800000000046566	Ripples	0.028800000000046566	6886.968	18.6170662017243	157.4343663075981	1316.5032986579804	
6887.039999999999	0.06720000000041182	Ripples	0.06720000000041182	6887.090399999999	13.41597469235625	150.6469978334633	1073.3654741505109	
6896.5455999999995	0.025600000000849832	Ripples	0.025600000000849832	6896.5599999999995	12.722655863114909	157.4456418417404	1078.842089914694	
6896.7688	0.0455999999994674	Ripples	0.0455999999994674	6896.785599999999	18.15340822849738	156.2452332229579	1115.2462641119334	
6897.0815999999995	0.05680000000029395	Ripples	0.05680000000029395	6897.1248	13.633040218340467	153.46844282706	1200.9111421490659	
6899.2919999999995	0.05360000000018772	Ripples	0.05360000000018772	6899.307199999999	9.309644000508124	149.91303439623906	770.1052691770401	
6899.524799999999	0.040000000000873115	Ripples	0.040000000000873115	6899.5504	12.304693104930728	148.71730587628963	900.9060194576124	
6900.046399999999	0.04320000000006985	Ripples	0.04320000000006985	6900.056	8.637231971541043	156.77627237514224	875.9965820135025	
6900.462399999999	0.03920000000016444	Ripples	0.03920000000016444	6900.480799999999	9.901649120119055	149.26119535563072	777.0397163048498	
6909.1928	0.022399999999834108	Ripples	0.022399999999834108	6909.2032	5.717261362116274	151.11674592211983	519.94329707402	
6909.3544	0.03600000000005821	Ripples	0.03600000000005821	6909.371999999999	26.58263256277833	166.68411135920974	1636.0951049958303	
6910.7368	0.03600000000005821	Ripples	0.03600000000005821	6910.7591999999995	14.7309875846596	166.63816942283754	1274.845592981956	
6911.474399999999	0.028000000000247383	Ripples	0.028000000000247383	6911.492	20.10367699632211	166.3372319992156	1347.9400642169069	
6915.1759999999995	0.051199999999880674	Ripples	0.051199999999880674	6915.2032	20.07422383181236	155.3006149477916	1483.2823140775893	
6921.7616	0.035200000000259024	Ripples	0.035200000000259024	6921.786399999999	6.661219339519577	152.48867392824556	718.067713658615	
6921.8264	0.06079999999928987	Ripples	0.06079999999928987	6921.852	11.70899930706258	147.3851499690702	1030.9073576053904	
6922.8696	0.05439999999907741	Ripples	0.05439999999907741	6922.902399999999	9.860957524927878	140.47795812594296	708.7656659966553	
6932.1248	0.04320000000006985	Ripples	0.04320000000006985	6932.152	16.64376280467839	151.67149174109656	1140.9682341207451	
6932.531199999999	0.0591999999996915	Ripples	0.0591999999996915	6932.553599999999	6.0626527811024555	151.70377440862097	634.3226162892482	
6932.945599999999	0.028000000000247383	Ripples	0.028000000000247383	6932.959999999999	8.563492323878798	156.79806500277382	903.4211464877366	
6933.5232	0.051199999999880674	Ripples	0.051199999999880674	6933.5599999999995	19.562718469961304	159.18053036488084	1444.3549863201706	
6933.661599999999	0.03840000000036525	Ripples	0.03840000000036525	6933.6824	51.04137090260026	159.09837614397426	2238.706312569887	
6943.6856	0.08799999999973807	Ripples	0.08799999999973807	6943.7536	17.407037904507696	153.79199191190636	1453.299986180895	
6959.698399999999	0.022399999999834108	Ripples	0.022399999999834108	6959.706399999999	6.193486711490043	158.48574232273128	663.4676074208365	
6960.4488	0.04959999999937281	Ripples	0.04959999999937281	6960.4655999999995	27.074235348904804	160.66649254731166	1541.9397117658898	
6961.964	0.02080000000023574	Ripples	0.02080000000023574	6961.974399999999	5.868027293781853	159.98503610357255	772.6995418544236	
6963.6584	0.04239999999936117	Ripples	0.04239999999936117	6963.6792	10.961354587551078	150.55116368830204	897.0665773797823	
6963.778399999999	0.022399999999834108	Ripples	0.022399999999834108	6963.7904	6.317814359078358	153.2167676613029	646.2458372920844	
6964.104799999999	0.0272000000004482	Ripples	0.0272000000004482	6964.1248	5.800620742653787	156.1687585978323	587.9231714655467	
6964.219999999999	0.05360000000018772	Ripples	0.05360000000018772	6964.2447999999995	25.01933396076511	148.61305258148076	1545.0495565189701	
6965.2264	0.02080000000023574	Ripples	0.02080000000023574	6965.235199999999	7.374917918420737	159.77504298801642	802.3029461574679	
6965.9048	0.04079999999885331	Ripples	0.04079999999885331	6965.931199999999	14.136314629805387	163.6750259768825	1309.9560933546927	
6967.248799999999	0.03360000000066066	Ripples	0.03360000000066066	6967.2688	23.42996018995981	161.17677599144827	1632.679278903197	
6967.564	0.03519999999934953	Ripples	0.03519999999934953	6967.5784	12.239767804191587	156.5703472870768	892.3643560751983	
6973.380799999999	0.059200000000600994	Ripples	0.059200000000600994	6973.4	20.476465469765998	169.25150959949525	1358.4250198510597	
6979.0136	0.03839999999945576	Ripples	0.03839999999945576	6979.0271999999995	35.515510323179356	166.2492552390635	1833.4996999945818	
6985.3016	0.06880000000001019	Ripples	0.06880000000001019	6985.3168	23.929271598510127	157.83611599985332	1635.8724961398784	
6988.0	67.0	SleepStates						Awake
7024.4176	0.022399999999834108	Ripples	0.022399999999834108	7024.432	7.386330933873357	155.90846982742414	826.3864816927977	
7038.944799999999	0.032000000000152795	Ripples	0.032000000000152795	7038.9568	11.902416172456068	153.59053597883866	1013.7015667974675	
7052.5488	0.0727999999999156	Ripples	0.0727999999999156	7052.596	11.35361535234836	143.50292196153325	773.3374736497016	
7056.0	1254.0	SleepStates						Non-REM
7057.7832	0.05760000000009313	Ripples	0.05760000000009313	7057.816	23.227125603385936	148.2398043471094	1519.7170576841568	
7058.346399999999	0.06000000000040018	Ripples	0.06000000000040018	7058.3632	28.968075587833713	158.59086737154828	1790.712172371232	
7058.5768	0.05759999999918364	Ripples	0.05759999999918364	7058.6136	23.534605407974247	150.17613888231793	1405.5376416795218	
7060.2591999999995	0.028000000000247383	Ripples	0.028000000000247383	7060.2744	11.069826566690082	160.43144614346124	1097.8275534721051	
7060.7912	0.04960000000028231	Ripples	0.04960000000028231	7060.8232	24.365012515047734	151.15055104813445	1472.716236974495	
7062.7328	0.023999999999432475	Ripples	0.023999999999432475	7062.7472	8.12062809998429	169.0399054697773	856.3799278443028	
7062.894399999999	0.02400000000034197	Ripples	0.02400000000034197	7062.9056	19.03227738449576	160.95636565347448	1321.339459396734	
7063.168	0.037599999999656575	Ripples	0.037599999999656575	7063.1888	54.94976224266755	161.86524883246156	2441.602639279537	
7070.1608	0.0543999999999869	Ripples	0.0543999999999869	7070.199199999999	12.611083229342288	153.65844545062973	1131.2335075380063	
7071.3704	0.03679999999985739	Ripples	0.03679999999985739	7071.387999999999	35.93336002519166	160.11124035792116	2028.0223483097886	
7073.1656	0.021600000000034925	Ripples	0.021600000000034925	7073.18	7.720152490233908	169.51056449462706	839.9151488378483	
7076.7696	0.08560000000034051	Ripples	0.08560000000034051	7076.7991999999995	19.19960783619837	149.6304568118246	1391.0444033909102	
7077.393599999999	0.07120000000031723	Ripples	0.07120000000031723	7077.4112	27.435707264809267	151.31943851777214	1570.6370191027347	
7080.856	0.046399999999266583	Ripples	0.046399999999266583	7080.8744	15.04300703596771	158.19483396251243	803.4594762459336	
7086.3816	0.03279999999995198	Ripples	0.03279999999995198	7086.3967999999995	7.233138259718678	147.24123417361932	672.4923143562311	
7089.1248	0.04800000000068394	Ripples	0.04800000000068394	7089.1424	21.14694278692685	152.8218811434159	1433.9468634379507	
7090.147199999999	0.05680000000029395	Ripples	0.05680000000029395	7090.1872	20.431322101399974	149.6451188258788	1336.364690497234	
7090.9832	0.03999999999996362	Ripples	0.03999999999996362	7090.995199999999	19.840251763809853	157.1351449512109	1264.3537271421949	
7091.9464	0.030399999999644933	Ripples	0.030399999999644933	7091.9632	20.0495962871641	158.9966383974115	1417.9913061472037	
7097.604799999999	0.0272000000004482	Ripples	0.0272000000004482	7097.624	8.151721910828297	153.79554392895855	678.2811635971603	
7097.7519999999995	0.02400000000034197	Ripples	0.02400000000034197	7097.76	6.365127720025948	156.84991831785476	806.8476089767529	
7098.039999999999	0.022400000000743603	Ripples	0.022400000000743603	7098.0576	5.059556911303939	159.53652275565256	657.4445143908201	
7098.2807999999995	0.068000000000211	Ripples	0.068000000000211	7098.2976	40.1735164275508	158.1380238284308	1813.73057384768	
7099.0304	0.031199999999444117	Ripples	0.031199999999444117	7099.046399999999	9.968347952690163	174.96249156714504	970.5941944598978	
7099.556	0.030400000000554428	Ripples	0.030400000000554428	7099.5728	16.274110525489238	164.6160569397329	1269.8572216495563	
7099.7608	0.06879999999910069	Ripples	0.06879999999910069	7099.796	6.372441452808577	147.4977436841596	404.7204047137586	
7100.668	0.026400000000649015	Ripples	0.026400000000649015	7100.6759999999995	10.594980214986776	170.28522623239448	941.6790942783994	
7101.234399999999	0.05199999999967986	Ripples	0.05199999999967986	7101.263999999999	7.410257941644853	148.6557944310255	541.186306665121	
7101.8232	0.021600000000034925	Ripples	0.021600000000034925	7101.8376	8.284276943393134	154.26313332327254	860.1361299410025	
7116.734399999999	0.03440000000045984	Ripples	0.03440000000045984	7116.7528	26.06649889714031	158.15370404822858	1568.1229307272006	
7118.5288	0.03359999999975116	Ripples	0.03359999999975116	7118.5488	27.062684271683743	162.13622663852897	1730.8377551948768	
7121.723199999999	0.034399999999550346	Ripples	0.034399999999550346	7121.749599999999	5.724043749970048	151.16904446790548	555.4912899864623	
7123.08	0.05279999999947904	Ripples	0.05279999999947904	7123.096799999999	24.619428037326735	154.094758797354	1414.7327165546233	
7128.0952	0.051199999999880674	Ripples	0.051199999999880674	7128.132799999999	26.065877119942865	157.1894701903628	1555.1773292164335	
7128.250399999999	0.029600000000755244	Ripples	0.029600000000755244	7128.2656	5.82045708363657	146.511507929257	529.9622346572938	
7128.7024	0.04799999999886495	Ripples	0.04799999999886495	7128.732	10.169045537632224	146.47824733964458	724.0060741422684	
7130.757599999999	0.03440000000045984	Ripples	0.03440000000045984	7130.7752	28.584260257417327	161.83279793002592	1778.8281119319818	
7131.0352	0.02959999999984575	Ripples	0.02959999999984575	7131.0568	5.640199826810035	148.46781110359538	601.2237001294774	
7131.799999999999	0.05520000000069558	Ripples	0.05520000000069558	7131.82	24.448761663404643	153.6158141080157	1502.7236731644855	
7132.7768	0.0591999999996915	Ripples	0.0591999999996915	7132.8176	6.563820062816111	143.1726069916556	668.9258802163538	
7134.683999999999	0.021600000000034925	Ripples	0.021600000000034925	7134.698399999999	8.393256666340127	168.76197620854916	815.0515826900738	
7138.039999999999	0.0408000000006723	Ripples	0.0408000000006723	7138.0584	21.473021655088083	150.43617863968888	1362.0043543170868	
7143.6424	0.04159999999956199	Ripples	0.04159999999956199	7143.663199999999	18.681983179027554	163.7975812186856	1303.9579397224268	
7154.188	0.06079999999928987	Ripples	0.06079999999928987	7154.223199999999	25.63463117278043	154.04184299369416	1565.0482717926195	
7156.268	0.03600000000005821	Ripples	0.03600000000005821	7156.2968	21.009558241589307	159.03289552207355	1228.8996858195871	
7157.064	0.04239999999936117	Ripples	0.04239999999936117	7157.0848	25.459755170977093	162.6882466994903	1636.8006802376203	
7159.568799999999	0.05200000000058935	Ripples	0.05200000000058935	7159.5808	14.017302839623355	156.9690672636186	984.372375253711	
7162.8784	0.06559999999990396	Ripples	0.06559999999990396	7162.9151999999995	20.780011565288195	153.0147086394289	1145.1253475871551	
7163.2608	0.06799999999930151	Ripples	0.06799999999930151	7163.2904	8.781802624417324	154.6751998124518	604.1970822798153	
7165.511199999999	0.021600000000034925	Ripples	0.021600000000034925	7165.5224	6.444507827443725	156.09344216260774	762.0936221935858	
7168.227999999999	0.0816000000004351	Ripples	0.0816000000004351	7168.2544	23.404215310141602	148.1486494573311	1491.5672997078823	
7169.4784	0.025599999999030842	Ripples	0.025599999999030842	7169.4904	20.377097552862775	161.72300121242873	1308.5662332448483	
7181.688	0.034399999999550346	Ripples	0.034399999999550346	7181.7088	30.129350155850084	161.59344764078926	1759.3511912458061	
7182.4864	0.03279999999995198	Ripples	0.03279999999995198	7182.503199999999	13.843268932069309	162.75929880602573	1270.8439365696981	
7183.4352	0.046399999999266583	Ripples	0.046399999999266583	7183.467199999999	18.048200133347482	151.97937275124593	1341.611722931057	
7189.776	0.03600000000005821	Ripples	0.03600000000005821	7189.7944	22.75903750914637	156.5660474751639	1521.6019368746536	
7191.052	0.04320000000006985	Ripples	0.04320000000006985	7191.0664	22.639036070289485	158.64743478556628	1521.4878017644924	
7191.401599999999	0.042400000000270666	Ripples	0.042400000000270666	7191.428	14.271297221753258	157.59148474187808	1087.6374567203325	
7195.0912	0.025599999999940337	Ripples	0.025599999999940337	7195.103999999999	6.5743855273357035	164.76265263551412	870.4076272583469	
7199.6536	0.032000000000152795	Ripples	0.032000000000152795	7199.6792	8.529817528783669	156.88892445362058	674.020809037205	
7199.8823999999995	0.03840000000036525	Ripples	0.03840000000036525	7199.9104	36.72776843964073	160.54659682632845	1718.3527240281055	
7203.894399999999	0.053600000001097214	Ripples	0.053600000001097214	7203.930399999999	8.542795501451009	148.0939535640603	784.2219173387275	
7218.031199999999	0.04399999999986903	Ripples	0.04399999999986903	7218.0504	11.869428147800248	160.3921009438784	745.0342620158463	
7219.8744	0.03679999999985739	Ripples	0.03679999999985739	7219.892	18.081456207222597	154.2384440106427	1052.3356942689875	
7226.4784	0.040799999999762804	Ripples	0.040799999999762804	7226.495199999999	28.53598675428379	157.40548177830607	1754.253480567951	
7228.909599999999	0.04160000000047148	Ripples	0.04160000000047148	7228.9367999999995	11.153250971048793	155.2438704053869	974.737999692582	
7232.502399999999	0.04399999999986903	Ripples	0.04399999999986903	7232.5296	47.33035401084435	155.22273237432844	2163.107566531637	
7239.416799999999	0.03600000000005821	Ripples	0.03600000000005821	7239.4344	17.834167587266112	155.11252498197265	1260.6553874856284	
7239.915999999999	0.03760000000056607	Ripples	0.03760000000056607	7239.9248	13.383948438338319	163.44192650355345	1030.6648690058314	
7259.0416	0.06080000000019936	Ripples	0.06080000000019936	7259.0632	29.40662149075909	150.11784169437612	1665.886311118122	
7259.2184	0.07040000000051805	Ripples	0.07040000000051805	7259.2744	17.111540926678735	152.2868000958588	1102.6011690438165	
7259.9872	0.030399999999644933	Ripples	0.030399999999644933	7260.0	11.63418578905471	159.25392117738238	1084.845176755536	
7264.6128	0.03920000000016444	Ripples	0.03920000000016444	7264.6384	18.560885095332747	153.5039659620735	1360.5862140011375	
7269.144	0.0319999999992433	Ripples	0.0319999999992433	7269.155199999999	12.39756352775287	150.5912756642695	924.6935619110483	
7271.4872	0.03279999999995198	Ripples	0.03279999999995198	7271.5088	20.29673446979036	158.38473291453377	1379.5828429182668	
7272.9767999999995	0.021600000000034925	Ripples	0.021600000000034925	7272.9904	14.363323271477709	163.58664372992385	1054.3587301132218	
7279.892	0.07120000000031723	Ripples	0.07120000000031723	7279.9488	10.253340623862835	145.13838939583408	689.452289206412	
7281.4216	0.0408000000006723	Ripples	0.0408000000006723	7281.4352	17.921923590725076	159.7340387864405	1316.2992513130384	
7311.432	0.03679999999985739	Ripples	0.03679999999985739	7311.445599999999	14.648934934626972	162.75156815302444	1316.7437171300826	
7313.4488	0.02479999999923166	Ripples	0.02479999999923166	7313.459199999999	7.170382268801644	158.9812533333067	755.4208144584898	
7322.0568	0.06479999999919528	Ripples	0.06479999999919528	7322.092	26.363650433521062	147.2601248421225	1243.6461740196967	
7323.7696	0.05360000000018772	Ripples	0.05360000000018772	7323.7919999999995	25.74381155376677	148.45431543050577	1388.0618657726654	
7327.223199999999	0.021600000000034925	Ripples	0.021600000000034925	7327.2336	7.614519482820161	161.88709602554954	885.3654571570845	
7339.936	0.03440000000045984	Ripples	0.03440000000045984	7339.9511999999995	21.17713391496024	162.06210313308924	1528.3098517291062	
7341.1944	0.05599999999958527	Ripples	0.05599999999958527	7341.2312	38.204396889483206	154.0276483594222	1948.4114264484022	
7342.0856	0.0775999999987107	Ripples	0.0775999999987107	7342.1128	19.283625723516508	148.29528999967232	1113.8515577124297	
7344.8568	0.04320000000006985	Ripples	0.04320000000006985	7344.8895999999995	12.297162428013781	151.12334535014153	928.6536827912607	
7345.524799999999	0.03440000000045984	Ripples	0.03440000000045984	7345.536	5.593434869392959	158.65416483049842	560.0679481476129	
7346.9839999999995	0.028000000000247383	Ripples	0.028000000000247383	7346.9944	6.092894150465183	153.18723613483525	745.386200812144	
7351.1056	0.06080000000019936	Ripples	0.06080000000019936	7351.144	34.2567908558352	155.77217194242226	1886.444182218363	
7351.2768	0.02959999999984575	Ripples	0.02959999999984575	7351.2919999999995	9.28603572236559	150.84994221344144	803.5248348810948	
7360.4928	0.030399999999644933	Ripples	0.030399999999644933	7360.5016	9.24002666224493	155.89837693279824	831.4272156980351	
7361.639999999999	0.0544000000008964	Ripples	0.0544000000008964	7361.664	32.75043905994699	151.57888445088713	1856.6574197344148	
7366.8128	0.07040000000051805	Ripples	0.07040000000051805	7366.865599999999	14.099480641962991	155.6853938559305	1029.4833544542669	
7367.2312	0.030399999999644933	Ripples	0.030399999999644933	7367.24	9.271377450947453	164.90991645364105	907.8943910398995	
7368.003999999999	0.03920000000107393	Ripples	0.03920000000107393	7368.0368	5.756677073246627	150.0503987571082	673.303694446715	
7369.7768	0.03440000000045984	Ripples	0.03440000000045984	7369.7912	17.36702763888015	156.9383080669727	1345.9285834720692	
7377.528	0.023999999999432475	Ripples	0.023999999999432475	7377.5344	6.585356688289693	153.7481453228665	613.9735281009123	
7379.307199999999	0.022399999999834108	Ripples	0.022399999999834108	7379.3184	8.334292475392424	153.51726495033503	824.5624207735958	
7379.5344	0.045600000000376895	Ripples	0.045600000000376895	7379.5576	11.210768000024204	140.8874228032502	756.1058704362483	
7384.5304	0.0455999999994674	Ripples	0.0455999999994674	7384.552	25.39142163991881	155.47012329355184	1601.5205680908612	
7386.3063999999995	0.024800000000141154	Ripples	0.024800000000141154	7386.3176	12.622054575591513	160.2334122524248	957.3009533210563	
7398.848	0.04960000000028231	Ripples	0.04960000000028231	7398.879199999999	5.281923616297639	152.3013253588656	381.1800821967526	
7398.9824	0.04399999999986903	Ripples	0.04399999999986903	7399.0008	18.28342402241027	151.02770972607487	1090.4851246668807	
7399.4408	0.03919999999925494	Ripples	0.03919999999925494	7399.456	26.740759977105395	154.0460510849354	1459.3477722446733	
7400.0743999999995	0.03440000000045984	Ripples	0.03440000000045984	7400.092	31.891188154459403	156.57198461099716	1730.2980287094467	
7401.988799999999	0.020000000000436557	Ripples	0.020000000000436557	7402.003999999999	7.293926910121879	154.3857745341135	663.5879706474738	
7412.641599999999	0.021600000000034925	Ripples	0.021600000000034925	7412.6528	14.759970663035812	160.51573980022425	1095.6283213839317	
7415.432	0.05040000000008149	Ripples	0.05040000000008149	7415.472	9.78523528995165	148.90917260469746	750.9933439082797	
7417.9904	0.03359999999975116	Ripples	0.03359999999975116	7418.0048	5.355988697614706	156.2984203781469	504.26216804538467	
7426.8392	0.03519999999934953	Ripples	0.03519999999934953	7426.8528	8.228537750215104	152.30790115758236	833.8766191040738	
7435.0288	0.021600000000034925	Ripples	0.021600000000034925	7435.0408	9.470354956839113	161.07828964568122	837.3270995177079	
7437.8823999999995	0.05599999999958527	Ripples	0.05599999999958527	7437.8976	37.979264802952386	152.27416635934372	1583.6419432337063	
7438.2912	0.048800000000483124	Ripples	0.048800000000483124	7438.3176	6.4407084590256085	154.03580719553284	547.7004729170972	
7438.4544	0.022399999999834108	Ripples	0.022399999999834108	7438.4655999999995	5.939327486983936	152.26494733852118	660.6032238161943	
7446.4648	0.056000000000494765	Ripples	0.056000000000494765	7446.48	12.129473599608675	147.86861633330875	782.8426979197609	
7452.5232	0.0864000000001397	Ripples	0.0864000000001397	7452.5815999999995	10.705607711073776	158.68601245884705	931.0176046169382	
7455.2624	0.03839999999945576	Ripples	0.03839999999945576	7455.286399999999	9.822353193164604	150.35636433507315	890.4844768855232	
7463.351199999999	0.03600000000005821	Ripples	0.03600000000005821	7463.365599999999	21.730643803729922	154.64879434751205	1310.4760636574194	
7466.670399999999	0.07200000000011642	Ripples	0.07200000000011642	7466.7176	8.930018517178718	149.09226508577694	947.9864527907183	
7467.0792	0.022399999999834108	Ripples	0.022399999999834108	7467.0912	6.632648504927215	155.3021931741592	696.3552198611973	
7468.3128	0.031199999999444117	Ripples	0.031199999999444117	7468.321599999999	8.141910732576179	163.16727254195746	604.3849862773418	
7468.735199999999	0.042400000000270666	Ripples	0.042400000000270666	7468.7663999999995	9.552684432951782	156.6850053988482	944.8378859850228	
7471.6576	0.04640000000017608	Ripples	0.04640000000017608	7471.677599999999	9.164968472151738	152.75260912416002	609.6413798909074	
7477.6903999999995	0.05520000000069558	Ripples	0.05520000000069558	7477.732	18.38485313571589	158.11062664343896	994.8243108441203	
7478.44	0.04480000000057771	Ripples	0.04480000000057771	7478.4608	30.822866281047016	158.79269155279655	1916.6960560274536	
7487.1728	0.06319999999959691	Ripples	0.06319999999959691	7487.2184	25.160492944905933	158.4987363386753	1386.798098388241	
7494.756799999999	0.04400000000077853	Ripples	0.04400000000077853	7494.7864	35.23440369918617	160.11908616362632	1781.2934577236194	
7496.3552	0.03279999999995198	Ripples	0.03279999999995198	7496.379999999999	9.160744453881373	154.805101347973	846.8747492032459	
7508.816	0.05519999999978609	Ripples	0.05519999999978609	7508.8351999999995	15.766454834265296	150.65249927590517	1126.6166571947454	
7513.161599999999	0.028800000000046566	Ripples	0.028800000000046566	7513.1792	14.816768973051841	159.03305829120296	1194.0179689193458	
7521.911999999999	0.035200000000259024	Ripples	0.035200000000259024	7521.930399999999	29.852115590581448	154.72013030335742	1563.4872879483944	
7527.535199999999	0.03360000000066066	Ripples	0.03360000000066066	7527.542399999999	5.579112787027815	153.99740062958264	593.5127132555131	
7529.097599999999	0.03280000000086147	Ripples	0.03280000000086147	7529.12	18.685959237106808	154.00287326691335	1146.2071592034156	
7536.407999999999	0.028800000000046566	Ripples	0.028800000000046566	7536.4168	13.641348398612326	156.25704848721338	1024.783842322657	
7536.9568	0.044799999999668216	Ripples	0.044799999999668216	7536.992	6.611255085852439	150.262195494548	586.1380669023556	
7538.9216	0.03279999999995198	Ripples	0.03279999999995198	7538.9367999999995	26.327977447908747	154.77162546757992	1394.6704408787687	
7540.428	0.05279999999947904	Ripples	0.05279999999947904	7540.4616	14.096949471295071	146.43557301657856	826.7877663379511	
7540.6576	0.03760000000056607	Ripples	0.03760000000056607	7540.6831999999995	10.704137737695817	149.77579102369262	751.0208866543619	
7540.7447999999995	0.06239999999979773	Ripples	0.06239999999979773	7540.799999999999	7.98886535212826	162.340042307873	703.9124479516915	
7541.188	0.05199999999967986	Ripples	0.05199999999967986	7541.2	23.12082406467271	155.7841804461264	1370.271178377052	
7554.857599999999	0.06240000000070722	Ripples	0.06240000000070722	7554.8984	11.76886077488212	148.17151865897677	764.3835455660537	
7561.8688	0.025599999999030842	Ripples	0.025599999999030842	7561.879999999999	9.659792899987027	157.6958661699312	969.2785568772398	
7563.8736	0.020799999999326246	Ripples	0.020799999999326246	7563.8848	11.409776478314571	164.52265849396306	971.7788588388934	
7567.5887999999995	0.03440000000045984	Ripples	0.03440000000045984	7567.6016	21.10509680227747	160.27001242411822	1348.3802292694563	
7599.9936	0.03279999999995198	Ripples	0.03279999999995198	7600.0055999999995	8.695544027751978	154.16519577655308	940.8533690993083	
7601.284	0.02400000000034197	Ripples	0.02400000000034197	7601.2944	7.643999757381322	160.00796348241084	852.4828481049783	
7652.053599999999	0.04320000000006985	Ripples	0.04320000000006985	7652.0648	11.828629180236675	160.62184229828438	897.4980725544167	
7664.432	0.027199999999538704	Ripples	0.027199999999538704	7664.4432	19.51185446562546	160.1642971632856	1318.6499894079404	
7666.3328	0.023199999999633292	Ripples	0.023199999999633292	7666.348	9.198862025610264	157.5502516250423	819.7935663162831	
7672.096	0.03679999999985739	Ripples	0.03679999999985739	7672.1168	26.186062008255583	161.91783502659487	1707.3655722999958	
7672.5792	0.03679999999985739	Ripples	0.03679999999985739	7672.5992	42.11227586874961	157.84124410479131	2018.888358610442	
7685.6592	0.027999999999337888	Ripples	0.027999999999337888	7685.6736	10.94346610286002	160.04341278378558	949.0035405865618	
7703.7904	0.03920000000016444	Ripples	0.03920000000016444	7703.8048	12.576760627562338	162.6046443244908	903.0377098977672	
7714.6664	0.03839999999945576	Ripples	0.03839999999945576	7714.6856	12.863739645105946	147.244612018158	772.5167434713062	
7716.4295999999995	0.02080000000023574	Ripples	0.02080000000023574	7716.44	6.723234687131748	159.9664729179879	745.7964983481128	
7719.7656	0.047999999999774445	Ripples	0.047999999999774445	7719.799999999999	8.343513483456183	152.06545019639012	657.3205558746322	
7720.2328	0.0591999999996915	Ripples	0.0591999999996915	7720.277599999999	10.607252857971348	148.78892179194952	974.307375402932	
7753.097599999999	0.029600000000755244	Ripples	0.029600000000755244	7753.1128	9.722770330608569	151.8249947093442	805.6769490976233	
7761.694399999999	0.0272000000004482	Ripples	0.0272000000004482	7761.713599999999	13.0130060828232	156.48105540132596	968.1760209013922	
7770.433599999999	0.02080000000023574	Ripples	0.02080000000023574	7770.444799999999	5.7022877819788285	154.89440731249329	559.1039050068221	
7771.8607999999995	0.04400000000077853	Ripples	0.04400000000077853	7771.8816	8.63967207275219	154.3568835188837	672.3742913355878	
7779.7096	0.04320000000006985	Ripples	0.04320000000006985	7779.741599999999	7.200620165716824	149.2061981958779	738.41454605121	
7785.459999999999	0.03280000000086147	Ripples	0.03280000000086147	7785.472	10.800384604637552	153.09626607107438	925.3507155312278	
7787.4456	0.02879999999913707	Ripples	0.02879999999913707	7787.4632	14.481447343566845	154.00640388312723	919.7382605139836	
7796.6528	0.044799999999668216	Ripples	0.044799999999668216	7796.6808	19.086242176547227	153.64811512435696	1450.1724242984099	
7813.8272	0.0455999999994674	Ripples	0.0455999999994674	7813.8592	35.62422450351259	160.23481946133987	1863.4527557189856	
7814.1736	0.04719999999906577	Ripples	0.04719999999906577	7814.2064	25.410304619764297	153.06019497416716	1383.976639516675	
7827.176799999999	0.05200000000058935	Ripples	0.05200000000058935	7827.201599999999	16.95802987861233	148.8693989511928	957.7190200093864	
7827.46	0.04879999999957363	Ripples	0.04879999999957363	7827.4976	28.22901012489993	154.99051863422034	1465.1996338581234	
7838.672799999999	0.05519999999978609	Ripples	0.05519999999978609	7838.698399999999	12.612295680125415	152.82797743359217	847.2640567915626	
7842.4848	0.03359999999975116	Ripples	0.03359999999975116	7842.504	14.388184506046322	149.06796080018384	961.5453984351237	
7843.8712	0.024800000000141154	Ripples	0.024800000000141154	7843.8823999999995	17.24612858717185	160.1517015012573	1116.3762731658833	
7844.884	0.027199999999538704	Ripples	0.027199999999538704	7844.9032	6.430805652823769	148.58949134792326	585.5418750018185	
7865.3856	0.051199999999880674	Ripples	0.051199999999880674	7865.4151999999995	20.539980397499132	150.69744310274626	1122.8592624199352	
7865.8832	0.028800000000046566	Ripples	0.028800000000046566	7865.894399999999	9.889516699228654	156.78773226818586	953.7240743171537	
7879.5264	0.06000000000040018	Ripples	0.06000000000040018	7879.54	9.498110520835029	157.05945545679688	1042.2716549864533	
7880.6975999999995	0.04399999999986903	Ripples	0.04399999999986903	7880.7303999999995	9.821575502659883	152.22353728430835	790.1711445567311	
7881.1584	0.032799999999042484	Ripples	0.032799999999042484	7881.169599999999	10.077185971416926	156.17177126380463	801.2630937989514	
7889.3351999999995	0.020000000000436557	Ripples	0.020000000000436557	7889.343999999999	5.410467524982421	155.4706583900335	744.1732339706865	
7906.0624	0.052800000000388536	Ripples	0.052800000000388536	7906.085599999999	13.71087894832266	147.83000818964496	670.6575395181947	
7908.056	0.04480000000057771	Ripples	0.04480000000057771	7908.0864	17.280436960296804	155.08811211992713	1363.3000151868941	
7912.4776	0.0775999999996202	Ripples	0.0775999999996202	7912.5216	11.714914942069884	152.59054108896555	712.9563544229777	
7926.5736	0.03359999999975116	Ripples	0.03359999999975116	7926.5992	5.4430171777274685	153.2306242519492	533.1800150598666	
7927.576	0.031199999999444117	Ripples	0.031199999999444117	7927.596799999999	29.116180899123727	161.10491040999224	1550.6166517931276	
7929.8152	0.02879999999913707	Ripples	0.02879999999913707	7929.8232	6.04730016999072	159.579189667489	680.152699121269	
7930.6536	0.02080000000023574	Ripples	0.02080000000023574	7930.6672	12.8643269622289	160.5018783922787	871.9232239599332	
7937.400799999999	0.022399999999834108	Ripples	0.022399999999834108	7937.4128	5.002836968547844	150.86718981217754	494.66227040794206	
7940.5832	0.05360000000018772	Ripples	0.05360000000018772	7940.6176	5.589778120895985	149.81577136480993	355.41862771036557	
7955.2816	0.05439999999907741	Ripples	0.05439999999907741	7955.3184	38.4036079670156	151.69402568368767	1784.1238929781987	
7957.036	0.040799999999762804	Ripples	0.040799999999762804	7957.0592	21.929878984254408	153.58736378730197	1138.721264318548	
7966.4488	0.04159999999956199	Ripples	0.04159999999956199	7966.48	9.911737233415087	156.16682741668708	700.9391189661931	
7983.2744	0.023999999999432475	Ripples	0.023999999999432475	7983.285599999999	9.995721511784575	162.69640006956433	948.977401867787	
7989.9648	0.042400000000270666	Ripples	0.042400000000270666	7989.9864	23.480575363026528	156.08869916096367	1425.8228973624673	
8003.652	0.03359999999975116	Ripples	0.03359999999975116	8003.6712	19.31000588627948	150.7134198608918	1088.8535443777962	
8007.0815999999995	0.024800000000141154	Ripples	0.024800000000141154	8007.096	6.386704564085232	159.46414542879475	818.9457603609957	
8027.4544	0.02080000000023574	Ripples	0.02080000000023574	8027.462399999999	10.109592588344023	164.80500401269987	844.6585816878912	
8029.7976	0.027199999999538704	Ripples	0.027199999999538704	8029.817599999999	5.2149610228336405	163.09372461130042	531.8149094566331	
8030.0592	0.04399999999986903	Ripples	0.04399999999986903	8030.071199999999	6.398600595250311	144.02405897597214	538.218061103059	
8037.26	0.05439999999907741	Ripples	0.05439999999907741	8037.2896	24.947927049178176	147.33583925158493	1315.0526215807004	
8050.8312	0.04320000000006985	Ripples	0.04320000000006985	8050.850399999999	9.469910399205235	159.13834759161608	697.8213115965247	
8052.0815999999995	0.05040000000008149	Ripples	0.05040000000008149	8052.1064	11.330773274676616	155.10519249671682	904.0177697025681	
8090.476	0.025599999999940337	Ripples	0.025599999999940337	8090.4936	8.618110843571614	159.1179508687953	752.1650736170919	
8090.5256	0.027999999999337888	Ripples	0.027999999999337888	8090.5408	17.114560632689404	159.00145847584307	1146.0786529649356	
8092.126399999999	0.04400000000077853	Ripples	0.04400000000077853	8092.147999999999	13.92461527571543	152.91707940646828	940.6057358530309	
8097.5488	0.03359999999975116	Ripples	0.03359999999975116	8097.556799999999	8.130382422393236	158.485582891045	673.6280168962664	
8100.647199999999	0.03760000000056607	Ripples	0.03760000000056607	8100.6704	11.373117988827364	151.28990476885124	804.6773143499028	
8105.8744	0.03679999999985739	Ripples	0.03679999999985739	8105.886399999999	7.521309414540264	158.1454415428267	615.99922406198	
8106.5984	0.04879999999957363	Ripples	0.04879999999957363	8106.6232	9.832757381862093	158.5265862571535	787.1767188551617	
8106.8528	0.03679999999985739	Ripples	0.03679999999985739	8106.879199999999	5.672520227514163	147.22135557976728	574.064377233371	
8118.1503999999995	0.03440000000045984	Ripples	0.03440000000045984	8118.1776	5.019502775023374	165.62182434286865	557.055751216978	
8118.4208	0.031199999999444117	Ripples	0.031199999999444117	8118.4384	12.028576677831746	154.53673331437057	1056.9436577567483	
8121.6896	0.04640000000017608	Ripples	0.04640000000017608	8121.708	10.83176824227363	151.59540296311044	1002.7656686829754	
8121.9728	0.0632000000005064	Ripples	0.0632000000005064	8121.9944	7.120523008112635	147.6794952801759	555.5688214437865	
8158.0584	0.031199999999444117	Ripples	0.031199999999444117	8158.0728	10.556100846996058	153.7052288326109	990.5913367491779	
8162.6064	0.03359999999975116	Ripples	0.03359999999975116	8162.618399999999	12.186138712679842	155.2662864103444	898.4883241575013	
8163.5632	0.06319999999959691	Ripples	0.06319999999959691	8163.585599999999	17.415722919670092	150.6847485063739	907.349649043028	
8166.7328	0.0455999999994674	Ripples	0.0455999999994674	8166.7536	23.170128479247445	159.15924373866946	1430.8586499964642	
8167.0984	0.040799999999762804	Ripples	0.040799999999762804	8167.12	16.303699907899826	146.4745691568397	882.198846210687	
8171.3952	0.030399999999644933	Ripples	0.030399999999644933	8171.4136	11.009272672684524	151.8498332534602	855.4494547816533	
8171.676799999999	0.021600000000034925	Ripples	0.021600000000034925	8171.688	7.2644682911351	155.2541080992017	666.1358791329566	
8175.3984	0.046399999999266583	Ripples	0.046399999999266583	8175.4064	7.258359780053275	155.33532164322762	795.7489433357794	
8180.5872	0.03679999999985739	Ripples	0.03679999999985739	8180.6136	5.495456338615234	143.87464765155914	395.54538774146454	
8194.6296	0.0319999999992433	Ripples	0.0319999999992433	8194.6472	11.972680507840666	156.39961154355095	1100.811803838384	
8195.2104	0.03600000000005821	Ripples	0.03600000000005821	8195.2328	16.940702632225502	157.01126384029845	1064.5708242433332	
8200.902399999999	0.07760000000052969	Ripples	0.07760000000052969	8200.92	12.969899165116601	151.86633120632527	1092.5338924966766	
8202.7464	0.03600000000005821	Ripples	0.03600000000005821	8202.7688	9.136668506843652	149.9926188659326	732.8591259088652	
8210.4216	0.032799999999042484	Ripples	0.032799999999042484	8210.444	16.024818724887137	157.48950928012684	1116.9483041525668	
8210.6624	0.03440000000045984	Ripples	0.03440000000045984	8210.6792	35.23964395155202	159.27388730776508	1828.1042793488562	
8213.3632	0.056000000000494765	Ripples	0.056000000000494765	8213.3784	10.979827123023243	150.05028128911954	755.8820841560628	
8216.6048	0.03679999999985739	Ripples	0.03679999999985739	8216.6192	7.4811210425083265	159.99299326188125	653.5544314699728	
8217.1816	0.025599999999030842	Ripples	0.025599999999030842	8217.1896	7.049241544363602	154.67349485908926	632.1201690261261	
8217.6392	0.030399999999644933	Ripples	0.030399999999644933	8217.6512	6.959081033217693	150.71150192731946	521.0902173369044	
8221.9032	0.023999999999432475	Ripples	0.023999999999432475	8221.9208	5.137458296413795	150.72664343989248	602.7794080714751	
8251.7	0.021599999998215935	Ripples	0.021599999998215935	8251.7136	10.369433695677811	159.40540309681907	919.4720924064101	
8255.536	0.032799999999042484	Ripples	0.032799999999042484	8255.5432	5.452633190980357	158.7655219824816	579.2903819155019	
8311.0	17.0	SleepStates						Awake
8320.912	0.03440000000045984	Ripples	0.03440000000045984	8320.9296	9.579020260444107	150.8198479893687	802.2204994549761	
8329.0	294.0	SleepStates						Non-REM
8330.9104	0.030399999999644933	Ripples	0.030399999999644933	8330.928	16.113600769146245	157.70983198031095	1158.9257205119563	
8332.248	0.02479999999923166	Ripples	0.02479999999923166	8332.2616	7.132599499437319	153.70824668529184	747.2144686056239	
8341.4016	0.028000000000247383	Ripples	0.028000000000247383	8341.416	14.56163700385265	160.8592839192487	1060.7384796084489	
8344.467999999999	0.021600000000034925	Ripples	0.021600000000034925	8344.4784	13.20596914248861	162.22858584437753	1011.4415971644086	
8345.0712	0.04320000000006985	Ripples	0.04320000000006985	8345.1008	28.00375975125802	157.39564522385922	1447.988777176845	
8345.873599999999	0.030400000001463923	Ripples	0.030400000001463923	8345.8872	23.221444801518167	161.64307184263902	1584.410627276156	
8351.431199999999	0.02959999999984575	Ripples	0.02959999999984575	8351.4424	6.237452762560801	152.98421152238868	643.5603796573026	
8352.794399999999	0.04320000000006985	Ripples	0.04320000000006985	8352.8152	23.95546756031906	155.59705764576637	1312.1726875853903	
8352.996799999999	0.0272000000004482	Ripples	0.0272000000004482	8353.0104	17.986300005087234	164.56658179449232	1302.9598325068914	
8356.4272	0.03600000000005821	Ripples	0.03600000000005821	8356.4528	6.877980762985674	154.67879964136534	606.511005827674	
8368.8264	0.046399999999266583	Ripples	0.046399999999266583	8368.8648	6.40990059901869	165.47279155769274	504.90221476808216	
8373.8264	0.06400000000030559	Ripples	0.06400000000030559	8373.8688	10.576053508931482	155.45079656700028	657.9340821970862	
8376.0144	0.039999999999054126	Ripples	0.039999999999054126	8376.0224	6.076060491835941	163.02527375395744	673.7264494532367	
8378.271999999999	0.03280000000086147	Ripples	0.03280000000086147	8378.284	15.677029360676295	158.1908912787263	1137.1257081197764	
8388.0928	0.04079999999885331	Ripples	0.04079999999885331	8388.1224	11.556967300838911	152.71338082948304	918.0058937570989	
8388.4384	0.0408000000006723	Ripples	0.0408000000006723	8388.4504	5.078740271620357	150.96687807584308	494.74969411520846	
8390.1224	0.06159999999908905	Ripples	0.06159999999908905	8390.1472	35.578784009070176	156.42218096096053	1680.7173853830593	
8403.148	0.03920000000107393	Ripples	0.03920000000107393	8403.1792	10.888238257630741	157.93923677177162	777.5472503949642	
8408.376	0.030399999999644933	Ripples	0.030399999999644933	8408.4	5.913191283563306	165.461095062545	531.2589736987368	
8412.511199999999	0.04320000000006985	Ripples	0.04320000000006985	8412.536	29.642626384637445	155.59758180497772	1489.1960044910966	
8416.14	0.03200000000106229	Ripples	0.03200000000106229	8416.148	7.146666030213835	156.2852102290219	504.29848044160246	
8423.2848	0.053600000001097214	Ripples	0.053600000001097214	8423.304	8.170028626152083	143.9351634907709	671.5288202360299	
8424.32	0.04320000000006985	Ripples	0.04320000000006985	8424.3312	22.82025063903731	160.32801975143428	1480.110560668883	
8431.0168	0.03440000000045984	Ripples	0.03440000000045984	8431.025599999999	6.916587146992507	155.02456813887423	628.1088590235329	
8437.6896	0.048800000000483124	Ripples	0.048800000000483124	8437.7112	18.753966532402167	150.39310725999863	1187.3420610735116	
8441.0872	0.05520000000069558	Ripples	0.05520000000069558	8441.1168	10.774383410520503	148.1250327405429	834.5661283907359	
8445.8416	0.03360000000066066	Ripples	0.03360000000066066	8445.8672	8.353526486266352	152.74949252146223	721.115839351572	
8461.923999999999	0.03200000000106229	Ripples	0.03200000000106229	8461.9448	8.121776810533618	155.52045045227186	593.8078712230176	
8484.786399999999	0.03280000000086147	Ripples	0.03280000000086147	8484.808799999999	12.641034247161214	151.590298213167	857.793684429132	
8493.9288	0.058399999999892316	Ripples	0.058399999999892316	8493.956	38.64456602964822	154.72623594792057	1820.2981584443212	
8495.072	0.020000000000436557	Ripples	0.020000000000436557	8495.0824	5.663995227565031	159.37026423405877	741.9509894194741	
8521.569599999999	0.03920000000107393	Ripples	0.03920000000107393	8521.583999999999	25.786480440071067	158.2444674327735	1506.450812965165	
8530.5232	0.042400000000270666	Ripples	0.042400000000270666	8530.5448	7.863033331886422	152.73244251193714	625.5304631414522	
8531.490399999999	0.0272000000004482	Ripples	0.0272000000004482	8531.504799999999	7.44952009259286	158.6128516762921	831.7257386211228	
8533.6728	0.028800000000046566	Ripples	0.028800000000046566	8533.688	5.917724858699875	143.68438934524875	551.2691780260183	
8535.4864	0.03919999999925494	Ripples	0.03919999999925494	8535.5016	12.09428716530372	147.0774559040229	813.6030840145477	
8535.6664	0.028800000000046566	Ripples	0.028800000000046566	8535.6808	18.07695254841817	159.50215938542638	1351.760031776105	
8562.467999999999	0.025600000000849832	Ripples	0.025600000000849832	8562.48	8.516928733051955	158.1934519511831	874.7477450311313	
8562.6328	0.023199999999633292	Ripples	0.023199999999633292	8562.6432	9.081940555865991	164.4669468916797	902.8683187770223	
8592.0016	0.0319999999992433	Ripples	0.0319999999992433	8592.0128	16.70446801284335	154.57839851023508	1045.8414885545687	
8609.4672	0.028800000000046566	Ripples	0.028800000000046566	8609.4888	5.1373148985128925	153.69488840719376	615.5692366086522	
8624.0	108.0	SleepStates						REM
8733.0	24.0	SleepStates						Awake
8752.7368	0.048799999998664134	Ripples	0.048799999998664134	8752.758399999999	9.51146402569681	164.7974390905555	903.325594943529	
8758.0	764.0	SleepStates						Non-REM
8758.8104	0.030399999999644933	Ripples	0.030399999999644933	8758.8336	9.408755961591085	157.4895712565341	745.4336279680688	
8759.026399999999	0.03440000000045984	Ripples	0.03440000000045984	8759.047199999999	20.38588825447807	156.1473549668341	1284.2076865219642	
8760.4272	0.05040000000008149	Ripples	0.05040000000008149	8760.460799999999	20.23214285625595	159.89674612599637	1522.5162997067748	
8774.524	0.05520000000069558	Ripples	0.05520000000069558	8774.5456	40.25735691953963	157.78106658820943	1669.5968391459087	
8778.482399999999	0.06240000000070722	Ripples	0.06240000000070722	8778.52	28.015454342132006	148.3302965796512	1265.253861013008	
8783.7952	0.0319999999992433	Ripples	0.0319999999992433	8783.8168	11.942915547620043	152.40913310072327	888.981677572424	
8783.9584	0.03280000000086147	Ripples	0.03280000000086147	8783.9728	11.419273178936685	153.91853254255003	869.3295159338945	
8784.5128	0.058399999999892316	Ripples	0.058399999999892316	8784.5424	18.672405594058322	149.50433130267723	876.0957111777753	
8786.4072	0.051199999999880674	Ripples	0.051199999999880674	8786.444	16.36254427821449	152.22062309047215	1200.779311263249	
8799.1872	0.03919999999925494	Ripples	0.03919999999925494	8799.2136	8.267995468468074	160.86191740703606	762.5004172931885	
8799.552	0.037599999999656575	Ripples	0.037599999999656575	8799.569599999999	11.6551811350848	153.19997271371946	953.9597839508276	
8799.6512	0.021600000000034925	Ripples	0.021600000000034925	8799.6624	5.446850424384264	151.6184893137825	740.1486938200031	
8805.2408	0.028000000000247383	Ripples	0.028000000000247383	8805.2592	5.159551079147498	150.23488428662296	626.2350041167216	
8810.2376	0.04719999999906577	Ripples	0.04719999999906577	8810.2776	7.723501124739379	159.53703450105436	788.6773459005024	
8830.4296	0.023199999999633292	Ripples	0.023199999999633292	8830.4432	12.844026113823276	165.67389925561108	1070.696322524416	
8831.380799999999	0.035200000000259024	Ripples	0.035200000000259024	8831.395199999999	9.334254953958126	173.58850739961127	945.9021189799304	
8840.6856	0.03359999999884167	Ripples	0.03359999999884167	8840.6976	17.38875874736339	154.05245262711688	1035.9409495547818	
8846.6904	0.04160000000047148	Ripples	0.04160000000047148	8846.7096	10.85329606296946	146.95281440095658	668.6454784915742	
8849.3936	0.03679999999985739	Ripples	0.03679999999985739	8849.4048	6.928755217501465	149.02659371735515	629.4602388561137	
8863.4016	0.026400000000649015	Ripples	0.026400000000649015	8863.416799999999	8.308729945473521	149.56910555596158	735.5133660496515	
8869.304	0.039999999999054126	Ripples	0.039999999999054126	8869.3264	23.576582578113257	152.1203049649335	1458.2341733449841	
8875.5664	0.035200000000259024	Ripples	0.035200000000259024	8875.5872	18.46866676295809	158.0342717096709	1416.5752440824713	
8878.7984	0.03600000000005821	Ripples	0.03600000000005821	8878.824	11.262770439462415	148.59565065331768	850.2568762470222	
8882.472	0.028000000000247383	Ripples	0.028000000000247383	8882.4856	18.498687752754265	159.18501767910476	1292.3897140998527	
8885.856	0.028000000000247383	Ripples	0.028000000000247383	8885.8704	7.871883535674751	150.45142177874737	697.8124344086759	
8886.7536	0.030399999999644933	Ripples	0.030399999999644933	8886.7592	5.46702658985459	156.27119856565196	539.7563148194894	
8889.3024	0.035199999998440035	Ripples	0.035199999998440035	8889.3144	11.726628315281602	157.25018251979853	806.406824478626	
8895.8408	0.02479999999923166	Ripples	0.02479999999923166	8895.856	14.821564032720822	158.60594616659108	1047.0713966269095	
8918.696	0.028000000000247383	Ripples	0.028000000000247383	8918.7104	18.38502451252158	160.40281517318704	1298.3098640680046	
8919.5176	0.03360000000066066	Ripples	0.03360000000066066	8919.5384	26.736209488377277	159.77876796554514	1313.2805592268003	
8937.9248	0.032799999999042484	Ripples	0.032799999999042484	8937.9424	21.525223564017296	154.93450057759424	1433.888492883167	
8946.5848	0.026399999998830026	Ripples	0.026399999998830026	8946.6008	10.155877566068732	157.69832465679795	802.7467678049903	
8948.3344	0.031199999999444117	Ripples	0.031199999999444117	8948.3432	7.06659378083721	156.01776998836382	548.043865661862	
8949.668	0.02959999999984575	Ripples	0.02959999999984575	8949.6792	7.600616286194061	155.8514673699541	597.5391069488168	
8951.3296	0.028000000000247383	Ripples	0.028000000000247383	8951.3472	21.184997192604317	161.73073316295836	1327.2666228060223	
8958.743199999999	0.04960000000028231	Ripples	0.04960000000028231	8958.776	10.833295032131653	146.62481357578824	769.3601595258355	
8959.1	0.03679999999985739	Ripples	0.03679999999985739	8959.1224	15.351024707236222	156.9871193513245	1017.8146835868719	
8963.4392	0.02479999999923166	Ripples	0.02479999999923166	8963.4528	11.05382377316396	157.0031413179705	1059.7414364454203	
8982.8696	0.051199999999880674	Ripples	0.051199999999880674	8982.9	23.89629528602442	150.06424274866427	1184.7589505515969	
8987.9512	0.044799999999668216	Ripples	0.044799999999668216	8987.9624	6.696948204433324	153.36067187642536	677.5613497489209	
9006.7352	0.02959999999984575	Ripples	0.02959999999984575	9006.7472	5.256622602594921	156.5497569403751	597.7914968342578	
9009.5448	0.030399999999644933	Ripples	0.030399999999644933	9009.5656	6.517134291819086	160.71637558809968	614.2393863474961	
9018.475199999999	0.031200000001263106	Ripples	0.031200000001263106	9018.489599999999	12.221734088876483	155.09753484832532	998.2677143572439	
9021.5568	0.039999999999054126	Ripples	0.039999999999054126	9021.5864	19.169946545083896	157.30133806870373	1230.4938614621142	
9045.7536	0.032799999999042484	Ripples	0.032799999999042484	9045.7656	9.167265337297222	151.50688362299425	769.4647604616305	
9058.554399999999	0.03679999999985739	Ripples	0.03679999999985739	9058.5728	26.35007246912725	154.00232649799895	1467.3733039522074	
9059.3048	0.03440000000045984	Ripples	0.03440000000045984	9059.323199999999	14.627863273205442	150.64439807410167	1041.010958684139	
9059.596	0.035200000000259024	Ripples	0.035200000000259024	9059.6264	5.4917934930776	154.53716658811396	428.80051289053216	
9059.7656	0.02719999999862921	Ripples	0.02719999999862921	9059.7768	11.314719283552137	159.92373198649614	1001.2360296737247	
9061.3632	0.05040000000008149	Ripples	0.05040000000008149	9061.3792	13.541386060580779	152.90464335740018	761.7138252158968	
9071.6864	0.026399999998830026	Ripples	0.026399999998830026	9071.7048	8.711308620481605	154.99223257369877	773.6860468496901	
9084.8928	0.07120000000031723	Ripples	0.07120000000031723	9084.9048	12.88328058998008	152.96846015826242	858.1405848868511	
9094.6368	0.06879999999910069	Ripples	0.06879999999910069	9094.6808	23.591332454939998	153.86191093391582	1387.1046989492722	
9097.351999999999	0.03920000000107393	Ripples	0.03920000000107393	9097.3624	10.645173048305606	158.86732272449572	943.7911092674519	
9100.6096	0.023199999999633292	Ripples	0.023199999999633292	9100.6248	5.864083843712916	152.79436111162576	585.1481772667813	
9101.787199999999	0.05040000000008149	Ripples	0.05040000000008149	9101.800799999999	22.800986618813795	164.84551472148502	1308.0584596459948	
9102.207199999999	0.03600000000005821	Ripples	0.03600000000005821	9102.2264	26.814543586880752	155.54447701005526	1478.87996393074	
9112.1936	0.05040000000008149	Ripples	0.05040000000008149	9112.2336	21.929353626087746	155.8651208929102	1201.541361521909	
9112.6408	0.03600000000005821	Ripples	0.03600000000005821	9112.6624	26.021580232037046	155.5633845389343	1470.9187339957555	
9129.794399999999	0.024000000001251465	Ripples	0.024000000001251465	9129.8136	6.572159395867334	146.90677899264023	538.88048988235	
9151.612	0.03679999999985739	Ripples	0.03679999999985739	9151.624	11.592500066954049	156.73195312587845	1073.8498502589089	
9156.8536	0.03679999999985739	Ripples	0.03679999999985739	9156.8792	23.71886287870977	156.06891432778428	1332.2153211665163	
9171.4344	0.053599999999278225	Ripples	0.053599999999278225	9171.4616	20.773098133543513	161.97327232405735	1093.4277801758349	
9203.1592	0.0319999999992433	Ripples	0.0319999999992433	9203.1712	8.751388084251424	157.32906774889244	666.3589691822744	
9208.982399999999	0.02080000000023574	Ripples	0.02080000000023574	9208.9928	5.45298348689669	158.48270399630795	772.9967490135285	
9218.2064	0.03840000000127475	Ripples	0.03840000000127475	9218.24	5.931354189100473	154.29821594768634	576.7430750882153	
9219.7488	0.03839999999945576	Ripples	0.03839999999945576	9219.779199999999	6.076935407708686	154.5468675170596	664.9807772283511	
9224.2992	0.037599999999656575	Ripples	0.037599999999656575	9224.3112	17.965625699905004	156.46091167613196	1166.3474499583272	
9232.0688	0.06559999999990396	Ripples	0.06559999999990396	9232.116	10.069522548866388	147.10706283975142	722.0553717008864	
9236.3056	0.06559999999990396	Ripples	0.06559999999990396	9236.3536	12.048429056337806	150.51109579492035	968.1506893378753	
9237.9296	0.025600000000849832	Ripples	0.025600000000849832	9237.9384	8.871078703511927	159.11726699758674	901.0729741823122	
9238.5592	0.022399999999834108	Ripples	0.022399999999834108	9238.5704	7.043856605769783	158.88321444482133	733.7182772203229	
9253.444	0.030399999999644933	Ripples	0.030399999999644933	9253.460799999999	12.36362490183413	163.37768883157116	1149.409772895036	
9254.0216	0.021600000000034925	Ripples	0.021600000000034925	9254.032	9.813021475486059	161.53381790496746	930.189179360203	
9261.328	0.02959999999984575	Ripples	0.02959999999984575	9261.3328	6.676722305403259	163.13799670291	654.0208143060561	
9276.0504	0.0272000000004482	Ripples	0.0272000000004482	9276.0608	5.915132734439206	159.1319408615739	721.6016739457244	
9276.7488	0.037599999999656575	Ripples	0.037599999999656575	9276.771999999999	7.270559511712566	146.74410270051493	540.9398021236782	
9281.3416	0.031199999999444117	Ripples	0.031199999999444117	9281.356	20.782951603263953	159.3091963508844	1315.6221594874821	
9297.3456	0.022399999999834108	Ripples	0.022399999999834108	9297.3544	5.486889175354621	150.07262355234278	637.504416909065	
9299.3392	0.02479999999923166	Ripples	0.02479999999923166	9299.3496	5.527390207583002	150.90673872709348	664.1485205712496	
9322.743199999999	0.037600000001475564	Ripples	0.037600000001475564	9322.76	20.888072754223522	156.61904248753703	1323.2421369690417	
9330.7696	0.042400000000270666	Ripples	0.042400000000270666	9330.7848	16.35981932526134	158.07212373093643	1020.035269296203	
9331.0144	0.0319999999992433	Ripples	0.0319999999992433	9331.032799999999	12.26430570647657	152.96389688626311	972.4534883424046	
9331.8432	0.037599999999656575	Ripples	0.037599999999656575	9331.8728	9.005901610277364	154.6558613205733	698.8189726030623	
9337.248	0.042400000000270666	Ripples	0.042400000000270666	9337.2584	8.855208078823798	153.14312229107637	831.0502152135001	
9340.444	0.05279999999947904	Ripples	0.05279999999947904	9340.4832	29.969288461457605	153.2988418541418	1527.1358158190706	
9341.5832	0.024000000001251465	Ripples	0.024000000001251465	9341.5952	6.189603010402337	148.49001606446748	569.3798442445626	
9359.4656	0.05199999999967986	Ripples	0.05199999999967986	9359.4888	5.475091412599022	155.98262167628582	506.60364375437086	
9366.416	0.03280000000086147	Ripples	0.03280000000086147	9366.4384	7.861180497824636	148.10001122518972	767.711798638093	
9379.8488	0.028000000000247383	Ripples	0.028000000000247383	9379.866399999999	11.971312174142833	157.01317761071272	925.1704677942815	
9381.271999999999	0.08880000000135624	Ripples	0.08880000000135624	9381.294399999999	7.391470417526865	149.79619711774248	853.6316694285005	
9382.5384	0.021600000000034925	Ripples	0.021600000000034925	9382.5496	8.321267148641168	162.98033242840634	880.7789054297547	
9382.6624	0.03440000000045984	Ripples	0.03440000000045984	9382.6888	6.412967325179262	156.50323424371447	597.3351148025158	
9383.3608	0.03679999999985739	Ripples	0.03679999999985739	9383.3872	19.064092597537947	153.42542286277492	1159.297706226994	
9395.232	0.023999999999432475	Ripples	0.023999999999432475	9395.2424	8.743154251687876	157.02001557601696	833.8713641385234	
9396.6912	0.026400000000649015	Ripples	0.026400000000649015	9396.7104	6.5920443435221605	157.54049177682157	649.3119021800703	
9401.4432	0.053599999999278225	Ripples	0.053599999999278225	9401.4776	19.14324736167249	153.51593028052986	1224.3899214506387	
9415.2312	0.04160000000047148	Ripples	0.04160000000047148	9415.2496	18.919631615300887	154.29812349259748	962.1031082358161	
9416.848	0.030399999999644933	Ripples	0.030399999999644933	9416.8648	27.844193398732077	164.68516980524586	1628.386972911067	
9422.3704	0.06559999999990396	Ripples	0.06559999999990396	9422.4112	28.357291447234356	151.94599025151638	1594.0488826684582	
9426.895199999999	0.04800000000068394	Ripples	0.04800000000068394	9426.931999999999	11.913876798870186	154.96106613936138	1075.2074605258845	
9427.2304	0.021600000000034925	Ripples	0.021600000000034925	9427.244	12.971030602707154	161.08993658415585	1007.7245865873814	
9436.8272	0.02959999999984575	Ripples	0.02959999999984575	9436.8424	10.814146810493792	151.41934383153327	876.5000082255052	
9437.4352	0.035200000000259024	Ripples	0.035200000000259024	9437.4488	15.636076070616564	160.28911171856234	1047.3009897335082	
9438.743199999999	0.040000000000873115	Ripples	0.040000000000873115	9438.764799999999	6.506465404987705	139.0658059653758	593.4809577263363	
9443.4128	0.08719999999993888	Ripples	0.08719999999993888	9443.472	7.357550340141989	163.808355201889	603.3216247076114	
9461.384	0.04320000000006985	Ripples	0.04320000000006985	9461.3984	10.624688189922296	152.32401446763274	927.2643551386332	
9464.3192	0.02080000000023574	Ripples	0.02080000000023574	9464.330399999999	5.895835101095438	157.03959623635026	667.3758959624139	
9469.8584	0.024000000001251465	Ripples	0.024000000001251465	9469.8752	7.596563089051547	164.42693996277632	834.1870392999507	
9470.0312	0.02480000000105065	Ripples	0.02480000000105065	9470.0424	10.551740429301615	165.42877255966167	941.5848864609163	
9473.3112	0.0591999999996915	Ripples	0.0591999999996915	9473.32	15.572712807918164	160.70570174999222	1185.3350005576758	
9481.392	0.0455999999994674	Ripples	0.0455999999994674	9481.416	19.94018322845727	154.8949336904466	1029.8440533024452	
9486.2352	0.08960000000115542	Ripples	0.08960000000115542	9486.2776	10.738669158076164	142.60410499246927	491.6947642536689	
9491.828	0.028000000000247383	Ripples	0.028000000000247383	9491.8424	19.937570796340268	165.55623310917568	1367.8007217551053	
9493.257599999999	0.04399999999986903	Ripples	0.04399999999986903	9493.28	7.600794420603324	137.32628922773495	547.0414306106661	
9497.7592	0.03600000000005821	Ripples	0.03600000000005821	9497.784	15.010289020292074	159.4789309244273	1193.4050429463691	
9507.7368	0.032799999999042484	Ripples	0.032799999999042484	9507.7592	11.352075906907956	156.19398679385012	912.4757887238975	
9523.0	16.0	SleepStates						Awake
